timestamp,worker_id,gpu_id,util_percent,memory_used_mb,memory_total_mb,temp_c,power_w
2026-06-08T16:14:55.874005+00:00,scheduler,0,0,494.9,24564.0,40,13.339
2026-06-08T16:15:00.883553+00:00,scheduler,0,0,494.9,24564.0,40,13.35
2026-06-08T16:15:05.884066+00:00,scheduler,0,0,1628.2,24564.0,41,44.238
2026-06-08T16:15:10.884537+00:00,scheduler,0,0,2262.2,24564.0,41,70.964
2026-06-08T16:15:15.885047+00:00,scheduler,0,1,4018.2,24564.0,41,70.953
2026-06-08T16:15:20.885610+00:00,scheduler,0,1,5754.2,24564.0,42,71.528
2026-06-08T16:15:25.886171+00:00,scheduler,0,2,8382.2,24564.0,42,71.476
2026-06-08T16:15:30.886676+00:00,scheduler,0,0,16176.2,24564.0,42,70.809
2026-06-08T16:15:35.887268+00:00,scheduler,0,0,16176.2,24564.0,42,71.024
2026-06-08T16:15:40.888073+00:00,scheduler,0,0,16176.2,24564.0,42,71.208
2026-06-08T16:15:45.888673+00:00,scheduler,0,0,16176.2,24564.0,42,46.538
2026-06-08T16:15:50.889240+00:00,scheduler,0,0,16176.2,24564.0,41,13.595
2026-06-08T16:15:55.889750+00:00,scheduler,0,1,16586.2,24564.0,56,143.062
2026-06-08T16:16:00.890389+00:00,scheduler,0,0,16280.2,24564.0,44,74.391
2026-06-08T16:16:05.890897+00:00,scheduler,0,0,16280.2,24564.0,44,72.355
2026-06-08T16:16:10.891476+00:00,scheduler,0,0,16280.2,24564.0,44,72.085
2026-06-08T16:16:15.892036+00:00,scheduler,0,0,16280.2,24564.0,43,69.993
2026-06-08T16:16:20.892596+00:00,scheduler,0,0,16280.2,24564.0,42,13.859
2026-06-08T16:16:25.893084+00:00,scheduler,0,0,16280.2,24564.0,42,13.581
2026-06-08T16:16:30.893601+00:00,scheduler,0,8,16280.2,24564.0,43,72.518
2026-06-08T16:16:35.894085+00:00,scheduler,0,7,16280.2,24564.0,44,72.623
2026-06-08T16:16:40.894623+00:00,scheduler,0,0,990.2,24564.0,44,72.927
2026-06-08T16:16:45.895251+00:00,scheduler,0,0,990.2,24564.0,44,71.619
2026-06-08T16:16:50.895754+00:00,scheduler,0,0,6161.6,24564.0,44,73.271
2026-06-08T16:16:55.896191+00:00,scheduler,0,1,9463.6,24564.0,44,72.684
2026-06-08T16:17:00.896675+00:00,scheduler,0,0,14053.6,24564.0,44,72.863
2026-06-08T16:17:05.897159+00:00,scheduler,0,0,16671.6,24564.0,44,72.245
2026-06-08T16:17:10.897696+00:00,scheduler,0,0,16671.6,24564.0,44,72.469
2026-06-08T16:17:15.898146+00:00,scheduler,0,0,16671.6,24564.0,44,72.34
2026-06-08T16:17:20.898659+00:00,scheduler,0,0,16671.6,24564.0,43,18.231
2026-06-08T16:17:25.899183+00:00,scheduler,0,0,16671.6,24564.0,42,13.657
2026-06-08T16:17:30.899838+00:00,scheduler,0,0,16671.6,24564.0,42,13.566
2026-06-08T16:17:35.900406+00:00,scheduler,0,0,16671.6,24564.0,42,13.672
2026-06-08T16:17:40.900891+00:00,scheduler,0,0,16671.6,24564.0,42,13.966
2026-06-08T16:17:45.901492+00:00,scheduler,0,0,16671.6,24564.0,42,13.766
2026-06-08T16:17:50.902086+00:00,scheduler,0,0,16671.6,24564.0,41,13.434
2026-06-08T16:17:55.902685+00:00,scheduler,0,0,16671.6,24564.0,41,13.439
2026-06-08T16:18:00.903204+00:00,scheduler,0,0,16671.6,24564.0,41,13.44
2026-06-08T16:18:05.903752+00:00,scheduler,0,0,16671.6,24564.0,41,13.459
2026-06-08T16:18:10.904340+00:00,scheduler,0,0,16671.6,24564.0,41,13.675
2026-06-08T16:18:15.904858+00:00,scheduler,0,0,16671.6,24564.0,41,13.42
2026-06-08T16:18:20.905344+00:00,scheduler,0,0,16671.6,24564.0,41,13.536
2026-06-08T16:18:25.905944+00:00,scheduler,0,0,16671.6,24564.0,41,13.36
2026-06-08T16:18:30.906526+00:00,scheduler,0,0,16671.6,24564.0,41,13.311
2026-06-08T16:18:35.907025+00:00,scheduler,0,0,16671.6,24564.0,41,13.465
2026-06-08T16:18:40.907608+00:00,scheduler,0,0,16671.6,24564.0,40,13.426
2026-06-08T16:18:45.908085+00:00,scheduler,0,0,16671.6,24564.0,40,13.66
2026-06-08T16:18:50.908601+00:00,scheduler,0,0,16671.6,24564.0,40,13.581
2026-06-08T16:18:55.909139+00:00,scheduler,0,0,16775.6,24564.0,45,84.919
2026-06-08T16:19:00.909778+00:00,scheduler,0,0,16775.6,24564.0,43,71.346
2026-06-08T16:19:05.910258+00:00,scheduler,0,0,16775.6,24564.0,43,71.103
2026-06-08T16:19:10.910812+00:00,scheduler,0,0,16775.6,24564.0,43,71.117
2026-06-08T16:19:15.911338+00:00,scheduler,0,0,16775.6,24564.0,42,13.362
2026-06-08T16:19:20.911895+00:00,scheduler,0,0,16775.6,24564.0,42,13.618
2026-06-08T16:19:25.912354+00:00,scheduler,0,0,16775.6,24564.0,42,13.547
2026-06-08T16:19:30.912914+00:00,scheduler,0,0,16775.6,24564.0,41,13.723
2026-06-08T16:19:35.913448+00:00,scheduler,0,7,16775.6,24564.0,43,72.134
2026-06-08T16:19:40.913977+00:00,scheduler,0,6,1487.6,24564.0,43,72.811
2026-06-08T16:19:45.914629+00:00,scheduler,0,1,11365.6,24564.0,43,72.112
2026-06-08T16:19:50.915149+00:00,scheduler,0,0,12517.6,24564.0,43,72.002
2026-06-08T16:19:55.915748+00:00,scheduler,0,2,13453.6,24564.0,43,72.09
2026-06-08T16:20:00.916229+00:00,scheduler,0,1,14623.6,24564.0,43,71.944
2026-06-08T16:20:05.916823+00:00,scheduler,0,2,15631.6,24564.0,43,72.004
2026-06-08T16:20:10.918063+00:00,scheduler,0,2,16773.6,24564.0,43,72.193
2026-06-08T16:20:15.918595+00:00,scheduler,0,0,16773.6,24564.0,44,71.578
2026-06-08T16:20:20.919065+00:00,scheduler,0,0,16773.6,24564.0,44,71.895
2026-06-08T16:20:25.919590+00:00,scheduler,0,0,16773.6,24564.0,44,71.923
2026-06-08T16:20:30.920065+00:00,scheduler,0,0,16773.6,24564.0,42,14.685
2026-06-08T16:20:35.920624+00:00,scheduler,0,0,16773.6,24564.0,42,13.689
2026-06-08T16:20:40.921099+00:00,scheduler,0,0,16773.6,24564.0,42,13.608
2026-06-08T16:20:45.921701+00:00,scheduler,0,0,16773.6,24564.0,42,13.745
2026-06-08T16:20:50.922224+00:00,scheduler,0,0,16773.6,24564.0,42,13.817
2026-06-08T16:20:55.922743+00:00,scheduler,0,100,17085.6,24564.0,61,450.226
2026-06-08T16:21:00.923208+00:00,scheduler,0,82,17705.6,24564.0,63,256.637
2026-06-08T16:21:05.923718+00:00,scheduler,0,100,17705.6,24564.0,65,450.145
2026-06-08T16:21:10.924217+00:00,scheduler,0,100,17705.6,24564.0,66,448.2
2026-06-08T16:21:15.924855+00:00,scheduler,0,0,16773.6,24564.0,52,82.479
2026-06-08T16:21:20.925392+00:00,scheduler,0,0,16773.6,24564.0,50,74.113
2026-06-08T16:21:25.925919+00:00,scheduler,0,0,16773.6,24564.0,49,73.902
2026-06-08T16:21:30.926476+00:00,scheduler,0,0,16773.6,24564.0,47,46.208
2026-06-08T16:21:35.926941+00:00,scheduler,0,0,16773.6,24564.0,46,13.435
2026-06-08T16:21:40.927380+00:00,scheduler,0,0,16773.6,24564.0,46,13.365
2026-06-08T16:21:45.927948+00:00,scheduler,0,0,16773.6,24564.0,45,13.306
2026-06-08T16:21:50.928736+00:00,scheduler,0,0,16773.6,24564.0,44,14.089
2026-06-08T16:21:55.929386+00:00,scheduler,0,7,16773.6,24564.0,45,66.331
2026-06-08T16:22:00.951724+00:00,scheduler,0,0,16773.6,24564.0,45,72.759
2026-06-08T16:22:06.000052+00:00,scheduler,0,0,16773.6,24564.0,45,72.718
2026-06-08T16:22:11.000661+00:00,scheduler,0,1,16773.6,24564.0,45,73.233
2026-06-08T16:22:16.004195+00:00,scheduler,0,1,16773.6,24564.0,45,73.064
2026-06-08T16:22:21.007928+00:00,scheduler,0,1,16773.6,24564.0,45,73.014
2026-06-08T16:22:26.012995+00:00,scheduler,0,1,16773.6,24564.0,45,73.285
2026-06-08T16:22:31.013466+00:00,scheduler,0,1,16773.6,24564.0,45,73.322
2026-06-08T16:22:36.013944+00:00,scheduler,0,1,16773.6,24564.0,45,73.276
2026-06-08T16:22:41.015682+00:00,scheduler,0,1,16773.6,24564.0,45,72.904
2026-06-08T16:22:46.016303+00:00,scheduler,0,0,16773.6,24564.0,44,72.898
2026-06-08T16:22:51.016805+00:00,scheduler,0,0,16773.6,24564.0,44,72.278
2026-06-08T16:22:56.017345+00:00,scheduler,0,0,16773.6,24564.0,44,72.497
2026-06-08T16:23:01.017907+00:00,scheduler,0,0,1487.6,24564.0,45,76.386
2026-06-08T16:23:06.019203+00:00,scheduler,0,0,1487.6,24564.0,43,13.939
2026-06-08T16:23:11.019830+00:00,scheduler,0,0,1487.6,24564.0,43,13.827
2026-06-08T16:23:16.020385+00:00,scheduler,0,0,1487.6,24564.0,43,13.92
2026-06-08T16:23:21.020894+00:00,scheduler,0,0,1487.6,24564.0,42,13.41
2026-06-08T16:23:26.021386+00:00,scheduler,0,0,1487.6,24564.0,42,13.497
2026-06-08T16:23:31.021885+00:00,scheduler,0,0,1487.6,24564.0,42,13.485
2026-06-08T16:23:36.022417+00:00,scheduler,0,0,1487.6,24564.0,42,13.572
2026-06-08T16:23:41.023019+00:00,scheduler,0,0,1487.6,24564.0,42,13.614
2026-06-08T16:23:46.023566+00:00,scheduler,0,0,1487.6,24564.0,42,13.507
2026-06-08T16:23:51.024096+00:00,scheduler,0,0,1487.6,24564.0,42,13.536
2026-06-08T16:23:56.024664+00:00,scheduler,0,0,1487.6,24564.0,42,13.664
2026-06-08T16:24:01.025213+00:00,scheduler,0,0,1487.6,24564.0,42,13.393
2026-06-08T16:24:06.025751+00:00,scheduler,0,0,1487.6,24564.0,42,13.459
2026-06-08T16:24:11.027360+00:00,scheduler,0,0,1487.6,24564.0,42,13.321
2026-06-08T16:24:16.027800+00:00,scheduler,0,0,1487.6,24564.0,42,13.22
2026-06-08T16:24:21.029075+00:00,scheduler,0,0,1487.6,24564.0,41,13.474
2026-06-08T16:24:26.029699+00:00,scheduler,0,0,1487.6,24564.0,41,13.458
2026-06-08T16:24:31.030349+00:00,scheduler,0,0,1487.6,24564.0,41,13.325
2026-06-08T16:24:36.030905+00:00,scheduler,0,0,1487.6,24564.0,41,13.361
2026-06-08T16:24:41.032434+00:00,scheduler,0,0,1487.6,24564.0,41,13.431
2026-06-08T16:24:46.033026+00:00,scheduler,0,0,1487.6,24564.0,41,13.485
2026-06-08T16:24:51.033597+00:00,scheduler,0,0,1487.6,24564.0,41,13.498
2026-06-08T16:24:56.034186+00:00,scheduler,0,0,1487.6,24564.0,41,13.377
2026-06-08T16:25:01.034787+00:00,scheduler,0,0,1487.6,24564.0,41,13.316
2026-06-08T16:25:06.035322+00:00,scheduler,0,0,1487.6,24564.0,41,13.32
2026-06-08T16:25:11.035843+00:00,scheduler,0,0,1487.6,24564.0,41,13.211
2026-06-08T16:25:16.036383+00:00,scheduler,0,0,1487.6,24564.0,41,13.474
2026-06-08T16:25:21.036866+00:00,scheduler,0,1,2453.6,24564.0,42,71.151
2026-06-08T16:25:26.037430+00:00,scheduler,0,1,3209.6,24564.0,42,71.27
2026-06-08T16:25:31.038003+00:00,scheduler,0,1,3889.6,24564.0,42,71.397
2026-06-08T16:25:36.038656+00:00,scheduler,0,1,4577.6,24564.0,42,71.601
2026-06-08T16:25:41.039265+00:00,scheduler,0,1,5169.6,24564.0,43,71.341
2026-06-08T16:25:46.040945+00:00,scheduler,0,1,5829.6,24564.0,43,71.27
2026-06-08T16:25:51.041526+00:00,scheduler,0,1,6653.6,24564.0,43,71.445
2026-06-08T16:25:56.042680+00:00,scheduler,0,1,7381.6,24564.0,43,71.34
2026-06-08T16:26:01.043325+00:00,scheduler,0,1,8545.6,24564.0,43,70.969
2026-06-08T16:26:06.049631+00:00,scheduler,0,1,9339.6,24564.0,43,70.981
2026-06-08T16:26:11.050253+00:00,scheduler,0,1,10501.6,24564.0,43,71.252
2026-06-08T16:26:16.051559+00:00,scheduler,0,0,16773.6,24564.0,43,72.05
2026-06-08T16:26:21.052110+00:00,scheduler,0,0,16773.6,24564.0,43,70.759
2026-06-08T16:26:26.054829+00:00,scheduler,0,0,16773.6,24564.0,44,71.275
2026-06-08T16:26:31.055327+00:00,scheduler,0,0,16773.6,24564.0,44,71.298
2026-06-08T16:26:36.055814+00:00,scheduler,0,0,16773.6,24564.0,42,14.181
2026-06-08T16:26:41.056362+00:00,scheduler,0,0,16773.6,24564.0,42,13.614
2026-06-08T16:26:46.056899+00:00,scheduler,0,0,16773.6,24564.0,42,13.372
2026-06-08T16:26:51.058392+00:00,scheduler,0,100,17085.6,24564.0,60,448.169
2026-06-08T16:26:56.058893+00:00,scheduler,0,0,16773.6,24564.0,45,72.24
2026-06-08T16:27:01.059354+00:00,scheduler,0,0,16773.6,24564.0,44,71.91
2026-06-08T16:27:06.060740+00:00,scheduler,0,0,16773.6,24564.0,44,72.084
2026-06-08T16:27:11.061321+00:00,scheduler,0,0,16773.6,24564.0,43,19.519
2026-06-08T16:27:16.061825+00:00,scheduler,0,7,16773.6,24564.0,44,71.985
2026-06-08T16:27:21.062322+00:00,scheduler,0,1,16773.6,24564.0,44,71.734
2026-06-08T16:27:26.062848+00:00,scheduler,0,1,16773.6,24564.0,44,71.575
2026-06-08T16:27:31.063374+00:00,scheduler,0,1,16773.6,24564.0,44,71.83
2026-06-08T16:27:36.063893+00:00,scheduler,0,1,16773.6,24564.0,44,71.807
2026-06-08T16:27:41.064376+00:00,scheduler,0,1,16773.6,24564.0,44,71.846
2026-06-08T16:27:46.065511+00:00,scheduler,0,0,16773.6,24564.0,44,71.46
2026-06-08T16:27:51.066063+00:00,scheduler,0,2,10735.6,24564.0,44,72.869
2026-06-08T16:27:56.066644+00:00,scheduler,0,2,11671.6,24564.0,44,71.78
2026-06-08T16:28:01.067168+00:00,scheduler,0,2,13291.6,24564.0,44,71.668
2026-06-08T16:28:06.067774+00:00,scheduler,0,0,15091.6,24564.0,44,71.633
2026-06-08T16:28:11.068863+00:00,scheduler,0,2,16261.6,24564.0,44,71.64
2026-06-08T16:28:16.069474+00:00,scheduler,0,0,16773.6,24564.0,44,71.097
2026-06-08T16:28:21.070171+00:00,scheduler,0,0,16773.6,24564.0,44,71.314
2026-06-08T16:28:26.070729+00:00,scheduler,0,0,16773.6,24564.0,44,71.322
2026-06-08T16:28:31.072611+00:00,scheduler,0,0,16773.6,24564.0,44,70.345
2026-06-08T16:28:36.073099+00:00,scheduler,0,0,16773.6,24564.0,43,13.632
2026-06-08T16:28:41.074594+00:00,scheduler,0,0,16773.6,24564.0,42,13.266
2026-06-08T16:28:46.076195+00:00,scheduler,0,100,17085.6,24564.0,60,447.478
2026-06-08T16:28:51.076718+00:00,scheduler,0,100,17705.6,24564.0,62,288.527
2026-06-08T16:28:56.077169+00:00,scheduler,0,100,17705.6,24564.0,65,449.274
2026-06-08T16:29:01.077642+00:00,scheduler,0,100,17705.6,24564.0,67,450.747
2026-06-08T16:29:06.078068+00:00,scheduler,0,0,16773.6,24564.0,52,83.691
2026-06-08T16:29:11.079816+00:00,scheduler,0,0,16773.6,24564.0,50,74.092
2026-06-08T16:29:16.080275+00:00,scheduler,0,0,16773.6,24564.0,49,73.785
2026-06-08T16:29:21.081629+00:00,scheduler,0,0,16773.6,24564.0,48,60.187
2026-06-08T16:29:26.082097+00:00,scheduler,0,0,16773.6,24564.0,47,14.179
2026-06-08T16:29:31.082600+00:00,scheduler,0,0,16773.6,24564.0,46,13.983
2026-06-08T16:29:36.083987+00:00,scheduler,0,29,16773.6,24564.0,46,62.759
2026-06-08T16:29:41.084442+00:00,scheduler,0,7,16773.6,24564.0,46,73.564
2026-06-08T16:29:46.084940+00:00,scheduler,0,4,16773.6,24564.0,46,72.662
2026-06-08T16:29:51.086314+00:00,scheduler,0,0,1487.6,24564.0,46,84.003
2026-06-08T16:29:56.086779+00:00,scheduler,0,0,1487.6,24564.0,45,72.044
2026-06-08T16:30:01.087362+00:00,scheduler,0,0,1487.6,24564.0,45,71.689
2026-06-08T16:30:06.087906+00:00,scheduler,0,0,1487.6,24564.0,45,71.843
2026-06-08T16:30:11.088478+00:00,scheduler,0,0,1487.6,24564.0,44,13.858
2026-06-08T16:30:16.089046+00:00,scheduler,0,0,1487.6,24564.0,43,13.661
2026-06-08T16:30:21.089725+00:00,scheduler,0,0,1487.6,24564.0,43,13.637
2026-06-08T16:30:26.090214+00:00,scheduler,0,0,1487.6,24564.0,43,13.716
2026-06-08T16:30:31.090758+00:00,scheduler,0,0,1487.6,24564.0,42,13.805
2026-06-08T16:30:36.091364+00:00,scheduler,0,0,1487.6,24564.0,42,13.624
2026-06-08T16:30:41.091870+00:00,scheduler,0,0,1487.6,24564.0,42,13.838
2026-06-08T16:30:46.093047+00:00,scheduler,0,0,1487.6,24564.0,42,14.045
2026-06-08T16:30:51.093632+00:00,scheduler,0,0,1487.6,24564.0,42,13.876
2026-06-08T16:30:56.094264+00:00,scheduler,0,0,1487.6,24564.0,41,13.657
2026-06-08T16:31:01.094940+00:00,scheduler,0,0,1487.6,24564.0,41,13.474
2026-06-08T16:31:06.095492+00:00,scheduler,0,0,1487.6,24564.0,41,13.319
2026-06-08T16:31:11.095966+00:00,scheduler,0,0,1487.6,24564.0,41,13.252
2026-06-08T16:31:16.096510+00:00,scheduler,0,0,1487.6,24564.0,41,13.465
2026-06-08T16:31:21.097024+00:00,scheduler,0,0,1487.6,24564.0,41,13.499
2026-06-08T16:31:26.097596+00:00,scheduler,0,0,1487.6,24564.0,41,13.444
2026-06-08T16:31:31.099056+00:00,scheduler,0,0,1487.6,24564.0,41,13.436
2026-06-08T16:31:36.099671+00:00,scheduler,0,0,1487.6,24564.0,40,13.513
2026-06-08T16:31:41.100274+00:00,scheduler,0,0,1487.6,24564.0,40,13.524
2026-06-08T16:31:46.101687+00:00,scheduler,0,0,1487.6,24564.0,40,13.089
2026-06-08T16:31:51.102199+00:00,scheduler,0,0,1487.6,24564.0,40,13.003
2026-06-08T16:31:56.102784+00:00,scheduler,0,0,1487.6,24564.0,40,13.081
2026-06-08T16:32:01.104660+00:00,scheduler,0,0,1487.6,24564.0,40,13.355
2026-06-08T16:32:06.105222+00:00,scheduler,0,20,5877.6,24564.0,41,71.846
2026-06-08T16:32:11.106410+00:00,scheduler,0,0,16773.6,24564.0,42,70.909
2026-06-08T16:32:16.106933+00:00,scheduler,0,0,16773.6,24564.0,42,70.71
2026-06-08T16:32:21.107559+00:00,scheduler,0,0,16773.6,24564.0,42,71.029
2026-06-08T16:32:26.108064+00:00,scheduler,0,0,16773.6,24564.0,41,57.38
2026-06-08T16:32:31.108655+00:00,scheduler,0,0,16773.6,24564.0,41,13.416
2026-06-08T16:32:36.109134+00:00,scheduler,0,0,16773.6,24564.0,41,13.384
2026-06-08T16:32:41.109664+00:00,scheduler,0,0,16773.6,24564.0,41,13.305
2026-06-08T16:32:46.110170+00:00,scheduler,0,0,16773.6,24564.0,44,84.303
2026-06-08T16:32:51.110790+00:00,scheduler,0,0,16773.6,24564.0,43,71.432
2026-06-08T16:32:56.111405+00:00,scheduler,0,0,16773.6,24564.0,43,71.245
2026-06-08T16:33:01.111899+00:00,scheduler,0,0,16773.6,24564.0,43,71.568
2026-06-08T16:33:06.112400+00:00,scheduler,0,1,16773.6,24564.0,43,71.747
2026-06-08T16:33:11.112928+00:00,scheduler,0,1,16773.6,24564.0,44,71.642
2026-06-08T16:33:16.113501+00:00,scheduler,0,7,16773.6,24564.0,44,72.112
2026-06-08T16:33:21.113976+00:00,scheduler,0,5,2229.6,24564.0,44,84.513
2026-06-08T16:33:26.114484+00:00,scheduler,0,2,4073.6,24564.0,44,72.08
2026-06-08T16:33:31.114902+00:00,scheduler,0,1,4965.6,24564.0,44,71.963
2026-06-08T16:33:36.115469+00:00,scheduler,0,1,6557.6,24564.0,44,72.152
2026-06-08T16:33:41.116047+00:00,scheduler,0,3,7517.6,24564.0,44,71.68
2026-06-08T16:33:46.116711+00:00,scheduler,0,0,16773.6,24564.0,44,71.74
2026-06-08T16:33:51.117188+00:00,scheduler,0,0,16773.6,24564.0,44,71.539
2026-06-08T16:33:56.117639+00:00,scheduler,0,0,16773.6,24564.0,44,71.198
2026-06-08T16:34:01.118145+00:00,scheduler,0,0,16773.6,24564.0,43,56.552
2026-06-08T16:34:06.118772+00:00,scheduler,0,0,16773.6,24564.0,43,13.486
2026-06-08T16:34:11.119360+00:00,scheduler,0,0,16773.6,24564.0,42,13.354
2026-06-08T16:34:16.120692+00:00,scheduler,0,0,16773.6,24564.0,42,13.17
2026-06-08T16:34:21.121150+00:00,scheduler,0,0,16773.6,24564.0,42,13.474
2026-06-08T16:34:26.121821+00:00,scheduler,0,0,16773.6,24564.0,42,13.143
2026-06-08T16:34:31.122335+00:00,scheduler,0,100,17085.6,24564.0,59,390.166
2026-06-08T16:34:36.122762+00:00,scheduler,0,100,17085.6,24564.0,62,449.607
2026-06-08T16:34:41.123224+00:00,scheduler,0,100,17705.6,24564.0,64,449.152
2026-06-08T16:34:46.123720+00:00,scheduler,0,100,17705.6,24564.0,65,447.235
2026-06-08T16:34:51.124179+00:00,scheduler,0,0,17705.6,24564.0,54,252.908
2026-06-08T16:34:56.125750+00:00,scheduler,0,0,16773.6,24564.0,50,73.863
2026-06-08T16:35:01.126197+00:00,scheduler,0,0,16773.6,24564.0,49,73.363
2026-06-08T16:35:06.126726+00:00,scheduler,0,0,16773.6,24564.0,49,72.917
2026-06-08T16:35:11.127200+00:00,scheduler,0,0,16773.6,24564.0,47,14.761
2026-06-08T16:35:16.127752+00:00,scheduler,0,0,16773.6,24564.0,46,14.381
2026-06-08T16:35:21.128232+00:00,scheduler,0,0,16773.6,24564.0,45,14.108
2026-06-08T16:35:26.128780+00:00,scheduler,0,0,16773.6,24564.0,45,13.922
2026-06-08T16:35:31.129321+00:00,scheduler,0,0,16773.6,24564.0,44,14.028
2026-06-08T16:35:36.129905+00:00,scheduler,0,1,16773.6,24564.0,45,72.139
2026-06-08T16:35:41.130528+00:00,scheduler,0,0,16773.6,24564.0,45,72.191
2026-06-08T16:35:46.131106+00:00,scheduler,0,1,16773.6,24564.0,45,72.043
2026-06-08T16:35:51.131602+00:00,scheduler,0,8,16773.6,24564.0,45,72.151
2026-06-08T16:35:56.132053+00:00,scheduler,0,7,16773.6,24564.0,45,72.528
2026-06-08T16:36:01.132587+00:00,scheduler,0,1,16773.6,24564.0,45,72.086
2026-06-08T16:36:06.133198+00:00,scheduler,0,0,1487.6,24564.0,45,76.937
2026-06-08T16:36:11.133872+00:00,scheduler,0,0,1487.6,24564.0,45,71.381
2026-06-08T16:36:16.134480+00:00,scheduler,0,0,1487.6,24564.0,45,71.575
2026-06-08T16:36:21.135831+00:00,scheduler,0,0,1487.6,24564.0,44,24.025
2026-06-08T16:36:26.136373+00:00,scheduler,0,0,1487.6,24564.0,44,13.413
2026-06-08T16:36:31.136939+00:00,scheduler,0,0,1487.6,24564.0,43,13.438
2026-06-08T16:36:36.137471+00:00,scheduler,0,0,1487.6,24564.0,43,13.635
2026-06-08T16:36:41.137957+00:00,scheduler,0,0,1487.6,24564.0,43,13.163
2026-06-08T16:36:46.138483+00:00,scheduler,0,0,1487.6,24564.0,43,13.4
2026-06-08T16:36:51.139106+00:00,scheduler,0,0,1487.6,24564.0,43,13.518
2026-06-08T16:36:56.139653+00:00,scheduler,0,0,1487.6,24564.0,42,13.326
2026-06-08T16:37:01.140218+00:00,scheduler,0,0,1487.6,24564.0,42,13.352
2026-06-08T16:37:06.140886+00:00,scheduler,0,0,1487.6,24564.0,42,13.332
2026-06-08T16:37:11.141374+00:00,scheduler,0,0,1487.6,24564.0,42,13.242
2026-06-08T16:37:16.141882+00:00,scheduler,0,0,1487.6,24564.0,42,13.28
2026-06-08T16:37:21.142362+00:00,scheduler,0,0,1487.6,24564.0,42,13.12
2026-06-08T16:37:26.142861+00:00,scheduler,0,0,1487.6,24564.0,41,13.304
2026-06-08T16:37:31.143374+00:00,scheduler,0,0,1487.6,24564.0,41,13.285
2026-06-08T16:37:36.143880+00:00,scheduler,0,0,1487.6,24564.0,41,13.309
2026-06-08T16:37:41.144387+00:00,scheduler,0,0,1487.6,24564.0,41,13.518
2026-06-08T16:37:46.144899+00:00,scheduler,0,0,1487.6,24564.0,41,13.262
2026-06-08T16:37:51.145408+00:00,scheduler,0,0,1487.6,24564.0,41,13.337
2026-06-08T16:37:56.145946+00:00,scheduler,0,0,1487.6,24564.0,41,13.117
2026-06-08T16:38:01.146549+00:00,scheduler,0,0,1487.6,24564.0,41,12.935
2026-06-08T16:38:06.147070+00:00,scheduler,0,0,1487.6,24564.0,41,12.994
2026-06-08T16:38:11.147624+00:00,scheduler,0,0,1487.6,24564.0,41,13.001
2026-06-08T16:38:16.148127+00:00,scheduler,0,0,1487.6,24564.0,40,13.264
2026-06-08T16:38:21.148679+00:00,scheduler,0,0,1487.6,24564.0,40,12.947
2026-06-08T16:38:26.149206+00:00,scheduler,0,0,1487.6,24564.0,40,13.317
2026-06-08T16:38:31.149840+00:00,scheduler,0,0,1487.6,24564.0,40,13.118
2026-06-08T16:38:36.150407+00:00,scheduler,0,0,1487.6,24564.0,40,13.287
2026-06-08T16:38:41.151012+00:00,scheduler,0,0,1487.6,24564.0,40,13.242
2026-06-08T16:38:46.151696+00:00,scheduler,0,0,1487.6,24564.0,40,13.261
2026-06-08T16:38:51.152270+00:00,scheduler,0,0,1487.6,24564.0,40,13.091
2026-06-08T16:38:56.152759+00:00,scheduler,0,0,1487.6,24564.0,40,12.876
2026-06-08T16:39:01.153276+00:00,scheduler,0,0,1487.6,24564.0,40,13.044
2026-06-08T16:39:06.153822+00:00,scheduler,0,0,1487.6,24564.0,40,13.072
2026-06-08T16:39:11.154339+00:00,scheduler,0,0,1487.6,24564.0,40,13.201
2026-06-08T16:39:16.154828+00:00,scheduler,0,0,1487.6,24564.0,40,13.315
2026-06-08T16:39:21.155328+00:00,scheduler,0,0,1487.6,24564.0,40,13.272
2026-06-08T16:39:26.155824+00:00,scheduler,0,0,1487.6,24564.0,40,13.202
2026-06-08T16:39:31.156367+00:00,scheduler,0,0,1487.6,24564.0,40,13.126
2026-06-08T16:39:36.206064+00:00,scheduler,0,0,1487.6,24564.0,40,12.905
2026-06-08T16:39:41.206717+00:00,scheduler,0,0,1487.6,24564.0,40,12.923
2026-06-08T16:39:46.207224+00:00,scheduler,0,0,1487.6,24564.0,40,13.087
2026-06-08T16:39:51.207760+00:00,scheduler,0,0,1487.6,24564.0,40,13.049
2026-06-08T16:39:56.208251+00:00,scheduler,0,0,1487.6,24564.0,40,13.238
2026-06-08T16:40:01.208765+00:00,scheduler,0,0,1487.6,24564.0,40,12.731
2026-06-08T16:40:06.209203+00:00,scheduler,0,0,1487.6,24564.0,40,13.011
2026-06-08T16:40:11.210712+00:00,scheduler,0,0,1487.6,24564.0,40,13.204
2026-06-08T16:40:16.211372+00:00,scheduler,0,0,1487.6,24564.0,40,13.408
2026-06-08T16:40:21.211885+00:00,scheduler,0,0,1487.6,24564.0,40,13.122
2026-06-08T16:40:26.212385+00:00,scheduler,0,0,1487.6,24564.0,40,13.38
2026-06-08T16:40:31.212872+00:00,scheduler,0,0,1487.6,24564.0,40,13.26
2026-06-08T16:40:36.213383+00:00,scheduler,0,0,1487.6,24564.0,40,13.333
2026-06-08T16:40:41.214007+00:00,scheduler,0,0,1487.6,24564.0,40,13.36
2026-06-08T16:40:46.214647+00:00,scheduler,0,0,1487.6,24564.0,40,13.056
2026-06-08T16:40:51.215184+00:00,scheduler,0,0,1487.6,24564.0,40,12.958
2026-06-08T16:40:56.215704+00:00,scheduler,0,2,3345.6,24564.0,41,71.139
2026-06-08T16:41:01.216322+00:00,scheduler,0,2,5053.6,24564.0,42,71.365
2026-06-08T16:41:06.216969+00:00,scheduler,0,13,7497.6,24564.0,42,71.157
2026-06-08T16:41:11.218194+00:00,scheduler,0,1,9049.6,24564.0,42,70.84
2026-06-08T16:41:16.218777+00:00,scheduler,0,1,10519.6,24564.0,42,71.391
2026-06-08T16:41:21.219358+00:00,scheduler,0,0,16773.6,24564.0,43,71.707
2026-06-08T16:41:26.219863+00:00,scheduler,0,0,16773.6,24564.0,43,71.116
2026-06-08T16:41:31.220397+00:00,scheduler,0,0,16773.6,24564.0,43,71.34
2026-06-08T16:41:36.220911+00:00,scheduler,0,0,16773.6,24564.0,43,71.061
2026-06-08T16:41:41.221519+00:00,scheduler,0,0,16773.6,24564.0,42,14.381
2026-06-08T16:41:46.222047+00:00,scheduler,0,0,16773.6,24564.0,42,13.401
2026-06-08T16:41:51.222587+00:00,scheduler,0,0,16773.6,24564.0,42,13.481
2026-06-08T16:41:56.223085+00:00,scheduler,0,0,16773.6,24564.0,42,13.582
2026-06-08T16:42:01.223577+00:00,scheduler,0,100,17085.6,24564.0,60,449.318
2026-06-08T16:42:06.224157+00:00,scheduler,0,0,16773.6,24564.0,44,72.413
2026-06-08T16:42:11.224807+00:00,scheduler,0,0,16773.6,24564.0,44,71.833
2026-06-08T16:42:16.225480+00:00,scheduler,0,0,16773.6,24564.0,44,71.848
2026-06-08T16:42:21.226070+00:00,scheduler,0,0,16773.6,24564.0,43,18.242
2026-06-08T16:42:26.226622+00:00,scheduler,0,0,16773.6,24564.0,43,13.389
2026-06-08T16:42:31.228104+00:00,scheduler,0,7,16773.6,24564.0,44,72.438
2026-06-08T16:42:36.228720+00:00,scheduler,0,7,16773.6,24564.0,44,72.728
2026-06-08T16:42:41.229330+00:00,scheduler,0,9,3113.6,24564.0,44,82.045
2026-06-08T16:42:46.229817+00:00,scheduler,0,2,11203.6,24564.0,44,71.269
2026-06-08T16:42:51.230280+00:00,scheduler,0,0,12823.6,24564.0,44,71.706
2026-06-08T16:42:56.230771+00:00,scheduler,0,1,14227.6,24564.0,44,72.319
2026-06-08T16:43:01.231989+00:00,scheduler,0,1,15163.6,24564.0,44,71.946
2026-06-08T16:43:06.232704+00:00,scheduler,0,0,16625.6,24564.0,44,71.921
2026-06-08T16:43:11.233240+00:00,scheduler,0,0,16773.6,24564.0,44,71.517
2026-06-08T16:43:16.233773+00:00,scheduler,0,0,16773.6,24564.0,44,71.32
2026-06-08T16:43:21.234267+00:00,scheduler,0,0,16773.6,24564.0,44,71.415
2026-06-08T16:43:26.234823+00:00,scheduler,0,0,16773.6,24564.0,43,30.344
2026-06-08T16:43:31.235317+00:00,scheduler,0,100,17085.6,24564.0,61,453.286
2026-06-08T16:43:36.235784+00:00,scheduler,0,64,17705.6,24564.0,54,435.724
2026-06-08T16:43:41.236355+00:00,scheduler,0,0,17705.6,24564.0,47,72.478
2026-06-08T16:43:46.236910+00:00,scheduler,0,100,17705.6,24564.0,64,450.686
2026-06-08T16:43:51.237333+00:00,scheduler,0,100,17705.6,24564.0,66,447.453
2026-06-08T16:43:56.237771+00:00,scheduler,0,0,16773.6,24564.0,54,261.708
2026-06-08T16:44:01.238224+00:00,scheduler,0,0,16773.6,24564.0,51,74.208
2026-06-08T16:44:06.238757+00:00,scheduler,0,0,16773.6,24564.0,50,73.531
2026-06-08T16:44:11.240178+00:00,scheduler,0,0,16773.6,24564.0,49,73.047
2026-06-08T16:44:16.240704+00:00,scheduler,0,0,16773.6,24564.0,47,16.207
2026-06-08T16:44:21.241239+00:00,scheduler,0,0,16773.6,24564.0,46,14.09
2026-06-08T16:44:26.241950+00:00,scheduler,0,0,16773.6,24564.0,45,13.989
2026-06-08T16:44:31.242559+00:00,scheduler,0,0,16773.6,24564.0,45,13.976
2026-06-08T16:44:36.243103+00:00,scheduler,0,0,16773.6,24564.0,44,14.167
2026-06-08T16:44:41.243627+00:00,scheduler,0,0,16773.6,24564.0,44,14.002
2026-06-08T16:44:46.244108+00:00,scheduler,0,5,16773.6,24564.0,44,15.366
2026-06-08T16:44:51.244784+00:00,scheduler,0,7,16773.6,24564.0,45,73.298
2026-06-08T16:44:56.245352+00:00,scheduler,0,0,1487.6,24564.0,45,86.197
2026-06-08T16:45:01.245912+00:00,scheduler,0,0,1487.6,24564.0,44,71.913
2026-06-08T16:45:06.246535+00:00,scheduler,0,0,1487.6,24564.0,44,71.579
2026-06-08T16:45:11.247126+00:00,scheduler,0,0,1487.6,24564.0,44,71.637
2026-06-08T16:45:16.247730+00:00,scheduler,0,0,1487.6,24564.0,43,13.629
2026-06-08T16:45:21.249147+00:00,scheduler,0,0,1487.6,24564.0,43,13.618
2026-06-08T16:45:26.249651+00:00,scheduler,0,0,1487.6,24564.0,42,13.652
2026-06-08T16:45:31.250159+00:00,scheduler,0,0,1487.6,24564.0,42,13.795
2026-06-08T16:45:36.250633+00:00,scheduler,0,0,1487.6,24564.0,42,13.409
2026-06-08T16:45:41.251167+00:00,scheduler,0,0,1487.6,24564.0,42,13.621
2026-06-08T16:45:46.251803+00:00,scheduler,0,0,1487.6,24564.0,42,13.601
2026-06-08T16:45:51.253478+00:00,scheduler,0,0,1487.6,24564.0,41,13.352
2026-06-08T16:45:56.254117+00:00,scheduler,0,0,1487.6,24564.0,41,13.239
2026-06-08T16:46:01.254690+00:00,scheduler,0,0,1487.6,24564.0,41,13.317
2026-06-08T16:46:06.255375+00:00,scheduler,0,0,1487.6,24564.0,41,13.467
2026-06-08T16:46:11.257088+00:00,scheduler,0,3,2229.6,24564.0,42,71.33
2026-06-08T16:46:16.257790+00:00,scheduler,0,2,3733.6,24564.0,42,71.797
2026-06-08T16:46:21.258308+00:00,scheduler,0,0,5285.6,24564.0,42,71.564
2026-06-08T16:46:26.258823+00:00,scheduler,0,1,6061.6,24564.0,43,71.473
2026-06-08T16:46:31.260162+00:00,scheduler,0,0,6837.6,24564.0,43,71.813
2026-06-08T16:46:36.260742+00:00,scheduler,0,3,7905.6,24564.0,43,71.885
2026-06-08T16:46:41.261148+00:00,scheduler,0,23,14857.6,24564.0,43,73.267
2026-06-08T16:46:46.262682+00:00,scheduler,0,0,16773.6,24564.0,43,71.391
2026-06-08T16:46:51.263079+00:00,scheduler,0,0,16773.6,24564.0,43,71.563
2026-06-08T16:46:56.263549+00:00,scheduler,0,0,16773.6,24564.0,43,71.315
2026-06-08T16:47:01.265366+00:00,scheduler,0,0,16773.6,24564.0,42,26.36
2026-06-08T16:47:06.265910+00:00,scheduler,0,0,16773.6,24564.0,42,13.947
2026-06-08T16:47:11.266461+00:00,scheduler,0,0,16773.6,24564.0,42,13.759
2026-06-08T16:47:16.266968+00:00,scheduler,0,0,16773.6,24564.0,42,13.421
2026-06-08T16:47:21.268397+00:00,scheduler,0,0,16773.6,24564.0,41,13.389
2026-06-08T16:47:26.268961+00:00,scheduler,0,0,16773.6,24564.0,41,13.532
2026-06-08T16:47:31.270731+00:00,scheduler,0,100,17705.6,24564.0,60,447.434
2026-06-08T16:47:36.271257+00:00,scheduler,0,0,16773.6,24564.0,44,72.09
2026-06-08T16:47:41.271772+00:00,scheduler,0,0,16773.6,24564.0,44,71.934
2026-06-08T16:47:46.272394+00:00,scheduler,0,0,16773.6,24564.0,44,71.794
2026-06-08T16:47:51.273037+00:00,scheduler,0,0,16773.6,24564.0,43,17.422
2026-06-08T16:47:56.273838+00:00,scheduler,0,0,16773.6,24564.0,42,13.535
2026-06-08T16:48:01.274415+00:00,scheduler,0,0,16773.6,24564.0,42,13.259
2026-06-08T16:48:06.276500+00:00,scheduler,0,0,16773.6,24564.0,42,13.462
2026-06-08T16:48:11.277121+00:00,scheduler,0,6,16773.6,24564.0,43,34.879
2026-06-08T16:48:16.277717+00:00,scheduler,0,1,16773.6,24564.0,43,72.123
2026-06-08T16:48:21.278396+00:00,scheduler,0,1,16773.6,24564.0,44,72.107
2026-06-08T16:48:26.279039+00:00,scheduler,0,0,16773.6,24564.0,44,72.244
2026-06-08T16:48:31.279666+00:00,scheduler,0,1,16773.6,24564.0,44,72.259
2026-06-08T16:48:36.280189+00:00,scheduler,0,0,16773.6,24564.0,44,72.428
2026-06-08T16:48:41.280718+00:00,scheduler,0,0,1487.6,24564.0,45,84.483
2026-06-08T16:48:46.281308+00:00,scheduler,0,1,9673.6,24564.0,44,72.326
2026-06-08T16:48:51.281820+00:00,scheduler,0,2,11527.6,24564.0,44,72.17
2026-06-08T16:48:56.282432+00:00,scheduler,0,2,13291.6,24564.0,44,72.191
2026-06-08T16:49:01.283046+00:00,scheduler,0,0,14623.6,24564.0,44,72.308
2026-06-08T16:49:06.284803+00:00,scheduler,0,0,16749.6,24564.0,44,72.219
2026-06-08T16:49:11.285391+00:00,scheduler,0,0,16773.6,24564.0,44,72.01
2026-06-08T16:49:16.285941+00:00,scheduler,0,0,16773.6,24564.0,44,72.113
2026-06-08T16:49:21.286516+00:00,scheduler,0,0,16773.6,24564.0,44,72.12
2026-06-08T16:49:26.287088+00:00,scheduler,0,0,16773.6,24564.0,43,20.049
2026-06-08T16:49:31.287600+00:00,scheduler,0,0,16773.6,24564.0,43,13.638
2026-06-08T16:49:36.288045+00:00,scheduler,0,100,17085.6,24564.0,59,121.267
2026-06-08T16:49:41.288531+00:00,scheduler,0,100,17085.6,24564.0,63,449.048
2026-06-08T16:49:46.288987+00:00,scheduler,0,100,17705.6,24564.0,65,451.824
2026-06-08T16:49:51.289546+00:00,scheduler,0,100,17705.6,24564.0,67,449.643
2026-06-08T16:49:56.290049+00:00,scheduler,0,0,17705.6,24564.0,55,345.737
2026-06-08T16:50:01.290609+00:00,scheduler,0,0,16773.6,24564.0,51,74.093
2026-06-08T16:50:06.292075+00:00,scheduler,0,0,16773.6,24564.0,50,73.512
2026-06-08T16:50:11.292713+00:00,scheduler,0,0,16773.6,24564.0,49,73.529
2026-06-08T16:50:16.293191+00:00,scheduler,0,0,16773.6,24564.0,47,14.28
2026-06-08T16:50:21.293730+00:00,scheduler,0,0,16773.6,24564.0,46,14.036
2026-06-08T16:50:26.294265+00:00,scheduler,0,0,16773.6,24564.0,46,13.925
2026-06-08T16:50:31.294778+00:00,scheduler,0,0,16773.6,24564.0,45,13.68
2026-06-08T16:50:36.295340+00:00,scheduler,0,0,16773.6,24564.0,44,13.744
2026-06-08T16:50:41.295942+00:00,scheduler,0,4,16773.6,24564.0,45,72.205
2026-06-08T16:50:46.296531+00:00,scheduler,0,0,16773.6,24564.0,45,72.48
2026-06-08T16:50:51.297815+00:00,scheduler,0,5,16773.6,24564.0,45,72.561
2026-06-08T16:50:56.298399+00:00,scheduler,0,7,16773.6,24564.0,45,72.215
2026-06-08T16:51:01.298988+00:00,scheduler,0,0,1487.6,24564.0,45,82.107
2026-06-08T16:51:06.299542+00:00,scheduler,0,0,1487.6,24564.0,45,71.352
2026-06-08T16:51:11.300025+00:00,scheduler,0,0,1487.6,24564.0,45,71.407
2026-06-08T16:51:16.300547+00:00,scheduler,0,0,1487.6,24564.0,44,63.61
2026-06-08T16:51:21.301050+00:00,scheduler,0,0,1487.6,24564.0,43,13.595
2026-06-08T16:51:26.301672+00:00,scheduler,0,0,1487.6,24564.0,43,13.641
2026-06-08T16:51:31.302237+00:00,scheduler,0,0,1487.6,24564.0,42,13.617
2026-06-08T16:51:36.302928+00:00,scheduler,0,0,1487.6,24564.0,42,13.532
2026-06-08T16:51:41.303518+00:00,scheduler,0,0,1487.6,24564.0,42,13.604
2026-06-08T16:51:46.304088+00:00,scheduler,0,0,1487.6,24564.0,42,13.558
2026-06-08T16:51:51.304646+00:00,scheduler,0,0,1487.6,24564.0,42,13.211
2026-06-08T16:51:56.305215+00:00,scheduler,0,0,1487.6,24564.0,41,13.376
2026-06-08T16:52:01.305915+00:00,scheduler,0,0,1487.6,24564.0,41,13.37
2026-06-08T16:52:06.306554+00:00,scheduler,0,0,1487.6,24564.0,41,13.143
2026-06-08T16:52:11.307149+00:00,scheduler,0,0,1487.6,24564.0,41,13.418
2026-06-08T16:52:16.307687+00:00,scheduler,0,0,1487.6,24564.0,41,13.276
2026-06-08T16:52:21.308260+00:00,scheduler,0,0,1487.6,24564.0,41,13.614
2026-06-08T16:52:26.308875+00:00,scheduler,0,0,1487.6,24564.0,41,13.522
2026-06-08T16:52:31.309491+00:00,scheduler,0,0,1487.6,24564.0,41,13.493
2026-06-08T16:52:36.310082+00:00,scheduler,0,0,1487.6,24564.0,41,13.374
2026-06-08T16:52:41.311776+00:00,scheduler,0,0,1487.6,24564.0,40,13.085
2026-06-08T16:52:46.312382+00:00,scheduler,0,0,1487.6,24564.0,40,13.106
2026-06-08T16:52:51.313008+00:00,scheduler,0,0,1487.6,24564.0,40,12.968
2026-06-08T16:52:56.314505+00:00,scheduler,0,0,1487.6,24564.0,40,13.341
2026-06-08T16:53:01.315032+00:00,scheduler,0,0,1487.6,24564.0,40,13.403
2026-06-08T16:53:06.316185+00:00,scheduler,0,4,4509.6,24564.0,42,71.325
2026-06-08T16:53:11.316733+00:00,scheduler,0,1,14623.6,24564.0,42,71.495
2026-06-08T16:53:16.317276+00:00,scheduler,0,2,16495.6,24564.0,42,71.19
2026-06-08T16:53:21.317809+00:00,scheduler,0,0,16773.6,24564.0,42,70.681
2026-06-08T16:53:26.318528+00:00,scheduler,0,0,16773.6,24564.0,43,70.804
2026-06-08T16:53:31.319043+00:00,scheduler,0,0,16773.6,24564.0,43,70.675
2026-06-08T16:53:36.319637+00:00,scheduler,0,0,16773.6,24564.0,42,30.492
2026-06-08T16:53:41.320208+00:00,scheduler,0,0,16773.6,24564.0,42,13.649
2026-06-08T16:53:46.320818+00:00,scheduler,0,0,16773.6,24564.0,42,13.463
2026-06-08T16:53:51.321604+00:00,scheduler,0,0,16773.6,24564.0,42,13.821
2026-06-08T16:53:56.322112+00:00,scheduler,0,0,17705.6,24564.0,48,339.538
2026-06-08T16:54:01.322637+00:00,scheduler,0,0,16773.6,24564.0,45,72.287
2026-06-08T16:54:06.323184+00:00,scheduler,0,0,16773.6,24564.0,44,72.368
2026-06-08T16:54:11.323771+00:00,scheduler,0,0,16773.6,24564.0,44,72.145
2026-06-08T16:54:16.324347+00:00,scheduler,0,0,16773.6,24564.0,44,72.024
2026-06-08T16:54:21.324844+00:00,scheduler,0,0,16773.6,24564.0,45,72.249
2026-06-08T16:54:26.325329+00:00,scheduler,0,0,16773.6,24564.0,45,72.219
2026-06-08T16:54:31.326530+00:00,scheduler,0,0,16773.6,24564.0,45,72.372
2026-06-08T16:54:36.327049+00:00,scheduler,0,0,16773.6,24564.0,45,72.334
2026-06-08T16:54:41.328626+00:00,scheduler,0,0,16773.6,24564.0,45,72.398
2026-06-08T16:54:46.329178+00:00,scheduler,0,0,16773.6,24564.0,45,72.386
2026-06-08T16:54:51.329676+00:00,scheduler,0,0,16773.6,24564.0,45,72.09
2026-06-08T16:54:56.330130+00:00,scheduler,0,0,16773.6,24564.0,45,71.826
2026-06-08T16:55:01.331372+00:00,scheduler,0,0,16773.6,24564.0,45,72.044
2026-06-08T16:55:06.331928+00:00,scheduler,0,0,16773.6,24564.0,45,72.131
2026-06-08T16:55:11.332467+00:00,scheduler,0,0,16773.6,24564.0,45,72.278
2026-06-08T16:55:16.333741+00:00,scheduler,0,0,16773.6,24564.0,45,72.333
2026-06-08T16:55:21.335174+00:00,scheduler,0,0,16773.6,24564.0,44,72.264
2026-06-08T16:55:26.335714+00:00,scheduler,0,7,16773.6,24564.0,44,72.638
2026-06-08T16:55:31.337187+00:00,scheduler,0,2,2229.6,24564.0,44,77.457
2026-06-08T16:55:36.337722+00:00,scheduler,0,2,3413.6,24564.0,44,72.697
2026-06-08T16:55:41.338833+00:00,scheduler,0,0,4945.6,24564.0,44,72.346
2026-06-08T16:55:46.339384+00:00,scheduler,0,2,6721.6,24564.0,44,72.372
2026-06-08T16:55:51.339927+00:00,scheduler,0,1,8545.6,24564.0,44,72.647
2026-06-08T16:55:56.340623+00:00,scheduler,0,0,10069.6,24564.0,44,72.285
2026-06-08T16:56:01.341163+00:00,scheduler,0,1,11671.6,24564.0,44,72.166
2026-06-08T16:56:06.341649+00:00,scheduler,0,2,13291.6,24564.0,44,72.437
2026-06-08T16:56:11.342174+00:00,scheduler,0,1,15091.6,24564.0,44,72.365
2026-06-08T16:56:16.342658+00:00,scheduler,0,2,16773.6,24564.0,44,72.289
2026-06-08T16:56:21.343102+00:00,scheduler,0,0,16773.6,24564.0,44,71.926
2026-06-08T16:56:26.344829+00:00,scheduler,0,0,16773.6,24564.0,44,71.767
2026-06-08T16:56:31.345347+00:00,scheduler,0,0,16773.6,24564.0,44,71.845
2026-06-08T16:56:36.345893+00:00,scheduler,0,0,16773.6,24564.0,43,14.268
2026-06-08T16:56:41.346373+00:00,scheduler,0,0,16773.6,24564.0,43,13.687
2026-06-08T16:56:46.347752+00:00,scheduler,0,0,16773.6,24564.0,42,13.631
2026-06-08T16:56:51.348279+00:00,scheduler,0,0,16773.6,24564.0,42,13.503
2026-06-08T16:56:56.349009+00:00,scheduler,0,100,17085.6,24564.0,60,446.573
2026-06-08T16:57:01.349646+00:00,scheduler,0,100,17705.6,24564.0,62,388.506
2026-06-08T16:57:06.350138+00:00,scheduler,0,100,17705.6,24564.0,64,447.884
2026-06-08T16:57:11.350670+00:00,scheduler,0,100,17705.6,24564.0,67,451.737
2026-06-08T16:57:16.351273+00:00,scheduler,0,0,16773.6,24564.0,52,87.884
2026-06-08T16:57:21.351862+00:00,scheduler,0,0,16773.6,24564.0,50,73.923
2026-06-08T16:57:26.352350+00:00,scheduler,0,0,16773.6,24564.0,49,73.679
2026-06-08T16:57:31.352844+00:00,scheduler,0,0,16773.6,24564.0,47,60.596
2026-06-08T16:57:36.353340+00:00,scheduler,0,0,16773.6,24564.0,46,14.727
2026-06-08T16:57:41.353817+00:00,scheduler,0,0,16773.6,24564.0,46,14.185
2026-06-08T16:57:46.354401+00:00,scheduler,0,0,16773.6,24564.0,45,14.008
2026-06-08T16:57:51.354990+00:00,scheduler,0,0,16773.6,24564.0,44,13.838
2026-06-08T16:57:56.355600+00:00,scheduler,0,0,16773.6,24564.0,44,13.833
2026-06-08T16:58:01.356209+00:00,scheduler,0,0,16773.6,24564.0,44,13.834
2026-06-08T16:58:06.356882+00:00,scheduler,0,0,16773.6,24564.0,43,13.97
2026-06-08T16:58:11.357545+00:00,scheduler,0,0,16773.6,24564.0,43,13.958
2026-06-08T16:58:16.358035+00:00,scheduler,0,0,16773.6,24564.0,43,14.054
2026-06-08T16:58:21.358602+00:00,scheduler,0,0,16773.6,24564.0,42,14.223
2026-06-08T16:58:26.359198+00:00,scheduler,0,0,16773.6,24564.0,42,14.014
2026-06-08T16:58:31.359741+00:00,scheduler,0,0,16773.6,24564.0,42,13.978
2026-06-08T16:58:36.360220+00:00,scheduler,0,0,16773.6,24564.0,42,13.778
2026-06-08T16:58:41.360858+00:00,scheduler,0,0,16773.6,24564.0,41,13.847
2026-06-08T16:58:46.361282+00:00,scheduler,0,0,16773.6,24564.0,41,12.806
2026-06-08T16:58:51.362730+00:00,scheduler,0,0,16773.6,24564.0,41,12.969
2026-06-08T16:58:56.363252+00:00,scheduler,0,7,16773.6,24564.0,42,71.869
2026-06-08T16:59:01.365448+00:00,scheduler,0,0,1487.6,24564.0,43,80.97
2026-06-08T16:59:06.366845+00:00,scheduler,0,0,1487.6,24564.0,43,71.632
2026-06-08T16:59:11.368830+00:00,scheduler,0,0,1487.6,24564.0,43,71.647
2026-06-08T16:59:16.369368+00:00,scheduler,0,0,1487.6,24564.0,42,64.675
2026-06-08T16:59:21.370740+00:00,scheduler,0,0,1487.6,24564.0,42,13.614
2026-06-08T16:59:26.371335+00:00,scheduler,0,0,1487.6,24564.0,41,13.394
2026-06-08T16:59:31.371842+00:00,scheduler,0,0,1487.6,24564.0,41,13.626
2026-06-08T16:59:36.372353+00:00,scheduler,0,0,1487.6,24564.0,41,13.418
2026-06-08T16:59:41.373617+00:00,scheduler,0,0,1487.6,24564.0,41,13.233
2026-06-08T16:59:46.374085+00:00,scheduler,0,0,1487.6,24564.0,41,13.341
2026-06-08T16:59:51.374561+00:00,scheduler,0,0,1487.6,24564.0,41,13.389
2026-06-08T16:59:56.375044+00:00,scheduler,0,0,1487.6,24564.0,41,13.56
2026-06-08T17:00:01.375709+00:00,scheduler,0,0,1487.6,24564.0,41,13.731
2026-06-08T17:00:06.376387+00:00,scheduler,0,2,2617.6,24564.0,42,72.02
2026-06-08T17:00:11.376868+00:00,scheduler,0,0,4169.6,24564.0,42,71.976
2026-06-08T17:00:16.377363+00:00,scheduler,0,2,5829.6,24564.0,42,71.776
2026-06-08T17:00:21.378693+00:00,scheduler,0,2,7769.6,24564.0,42,72.051
2026-06-08T17:00:26.379122+00:00,scheduler,0,0,8729.6,24564.0,42,71.896
2026-06-08T17:00:31.380104+00:00,scheduler,0,0,9583.6,24564.0,43,72.145
2026-06-08T17:00:36.382726+00:00,scheduler,0,1,10735.6,24564.0,43,72.349
2026-06-08T17:00:41.383257+00:00,scheduler,0,1,11491.6,24564.0,43,72.328
2026-06-08T17:00:46.384779+00:00,scheduler,0,1,12283.6,24564.0,43,72.39
2026-06-08T17:00:51.385871+00:00,scheduler,0,0,16773.6,24564.0,43,72.502
2026-06-08T17:00:56.386511+00:00,scheduler,0,0,16773.6,24564.0,44,71.719
2026-06-08T17:01:01.388571+00:00,scheduler,0,0,16773.6,24564.0,44,71.703
2026-06-08T17:01:06.389152+00:00,scheduler,0,0,16773.6,24564.0,44,72.255
2026-06-08T17:01:11.389688+00:00,scheduler,0,0,16773.6,24564.0,43,14.166
2026-06-08T17:01:16.390238+00:00,scheduler,0,0,16773.6,24564.0,43,13.943
2026-06-08T17:01:21.390721+00:00,scheduler,0,0,16773.6,24564.0,42,13.536
2026-06-08T17:01:26.391265+00:00,scheduler,0,0,16773.6,24564.0,42,13.632
2026-06-08T17:01:31.391865+00:00,scheduler,0,0,16773.6,24564.0,42,13.754
2026-06-08T17:01:36.392339+00:00,scheduler,0,0,16773.6,24564.0,42,13.94
2026-06-08T17:01:41.392875+00:00,scheduler,0,35,16773.6,24564.0,46,84.367
2026-06-08T17:01:46.393421+00:00,scheduler,0,0,16773.6,24564.0,45,72.175
2026-06-08T17:01:51.393941+00:00,scheduler,0,0,16773.6,24564.0,44,72.275
2026-06-08T17:01:56.394540+00:00,scheduler,0,0,16773.6,24564.0,44,72.12
2026-06-08T17:02:01.395864+00:00,scheduler,0,0,16773.6,24564.0,43,14.112
2026-06-08T17:02:06.396377+00:00,scheduler,0,0,16773.6,24564.0,43,13.831
2026-06-08T17:02:11.396988+00:00,scheduler,0,0,16773.6,24564.0,42,13.732
2026-06-08T17:02:16.397675+00:00,scheduler,0,0,16773.6,24564.0,42,13.425
2026-06-08T17:02:21.398248+00:00,scheduler,0,0,16773.6,24564.0,43,71.584
2026-06-08T17:02:26.398791+00:00,scheduler,0,0,16773.6,24564.0,43,71.838
2026-06-08T17:02:31.399337+00:00,scheduler,0,1,16773.6,24564.0,43,72.278
2026-06-08T17:02:36.399856+00:00,scheduler,0,0,16773.6,24564.0,44,72.062
2026-06-08T17:02:41.400387+00:00,scheduler,0,0,16773.6,24564.0,44,72.142
2026-06-08T17:02:46.400964+00:00,scheduler,0,6,16773.6,24564.0,44,72.299
2026-06-08T17:02:51.401547+00:00,scheduler,0,2,16773.6,24564.0,44,72.326
2026-06-08T17:02:56.402103+00:00,scheduler,0,0,16773.6,24564.0,44,72.1
2026-06-08T17:03:01.403344+00:00,scheduler,0,0,16773.6,24564.0,44,72.14
2026-06-08T17:03:06.403931+00:00,scheduler,0,1,16773.6,24564.0,44,72.572
2026-06-08T17:03:11.405697+00:00,scheduler,0,0,16773.6,24564.0,44,71.912
2026-06-08T17:03:16.407023+00:00,scheduler,0,0,1487.6,24564.0,44,77.134
2026-06-08T17:03:21.407555+00:00,scheduler,0,15,16567.6,24564.0,44,73.267
2026-06-08T17:03:26.408881+00:00,scheduler,0,0,16773.6,24564.0,44,71.882
2026-06-08T17:03:31.411181+00:00,scheduler,0,0,16773.6,24564.0,44,71.708
2026-06-08T17:03:36.411763+00:00,scheduler,0,0,16773.6,24564.0,44,71.91
2026-06-08T17:03:41.413313+00:00,scheduler,0,0,16773.6,24564.0,43,17.343
2026-06-08T17:03:46.413777+00:00,scheduler,0,100,17085.6,24564.0,59,324.788
2026-06-08T17:03:51.415358+00:00,scheduler,0,100,17085.6,24564.0,63,448.827
2026-06-08T17:03:56.416758+00:00,scheduler,0,100,17705.6,24564.0,65,448.385
2026-06-08T17:04:01.417202+00:00,scheduler,0,0,17705.6,24564.0,50,84.919
2026-06-08T17:04:06.417776+00:00,scheduler,0,100,17705.6,24564.0,66,449.421
2026-06-08T17:04:11.419063+00:00,scheduler,0,0,16773.6,24564.0,53,87.956
2026-06-08T17:04:16.420371+00:00,scheduler,0,0,16773.6,24564.0,50,73.842
2026-06-08T17:04:21.421954+00:00,scheduler,0,0,16773.6,24564.0,49,73.726
2026-06-08T17:04:26.423461+00:00,scheduler,0,0,16773.6,24564.0,48,73.023
2026-06-08T17:04:31.424897+00:00,scheduler,0,0,16773.6,24564.0,46,14.224
2026-06-08T17:04:36.425402+00:00,scheduler,0,0,16773.6,24564.0,46,14.006
2026-06-08T17:04:41.426710+00:00,scheduler,0,7,16773.6,24564.0,46,24.711
2026-06-08T17:04:46.427219+00:00,scheduler,0,2,16773.6,24564.0,46,72.961
2026-06-08T17:04:51.427681+00:00,scheduler,0,0,16773.6,24564.0,46,73.304
2026-06-08T17:04:56.428142+00:00,scheduler,0,7,16773.6,24564.0,45,73.427
2026-06-08T17:05:01.428657+00:00,scheduler,0,8,16773.6,24564.0,45,73.615
2026-06-08T17:05:06.429930+00:00,scheduler,0,0,1487.6,24564.0,45,81.73
2026-06-08T17:05:11.431207+00:00,scheduler,0,0,1487.6,24564.0,45,71.488
2026-06-08T17:05:16.431778+00:00,scheduler,0,0,1487.6,24564.0,45,72.022
2026-06-08T17:05:21.432381+00:00,scheduler,0,0,1487.6,24564.0,44,53.505
2026-06-08T17:05:26.432965+00:00,scheduler,0,0,1487.6,24564.0,43,13.931
2026-06-08T17:05:31.433576+00:00,scheduler,0,0,1487.6,24564.0,43,13.604
2026-06-08T17:05:36.434156+00:00,scheduler,0,0,1487.6,24564.0,43,13.608
2026-06-08T17:05:41.434717+00:00,scheduler,0,0,1487.6,24564.0,42,13.651
2026-06-08T17:05:46.435360+00:00,scheduler,0,0,1487.6,24564.0,42,13.6
2026-06-08T17:05:51.435953+00:00,scheduler,0,0,1487.6,24564.0,42,13.439
2026-06-08T17:05:56.436564+00:00,scheduler,0,8,3005.6,24564.0,42,17.019
2026-06-08T17:06:01.437053+00:00,scheduler,0,2,13291.6,24564.0,43,71.835
2026-06-08T17:06:06.438416+00:00,scheduler,0,1,15091.6,24564.0,43,71.959
2026-06-08T17:06:11.438854+00:00,scheduler,0,0,16709.6,24564.0,43,71.536
2026-06-08T17:06:16.439369+00:00,scheduler,0,0,16773.6,24564.0,43,71.456
2026-06-08T17:06:21.439866+00:00,scheduler,0,0,16773.6,24564.0,43,71.408
2026-06-08T17:06:26.440502+00:00,scheduler,0,0,16773.6,24564.0,43,71.716
2026-06-08T17:06:31.441082+00:00,scheduler,0,0,16773.6,24564.0,42,17.451
2026-06-08T17:06:36.442841+00:00,scheduler,0,0,16773.6,24564.0,42,14.062
2026-06-08T17:06:41.443494+00:00,scheduler,0,100,17085.6,24564.0,58,142.512
2026-06-08T17:06:46.443984+00:00,scheduler,0,0,16773.6,24564.0,45,72.076
2026-06-08T17:06:51.444585+00:00,scheduler,0,0,16773.6,24564.0,44,72.093
2026-06-08T17:06:56.445235+00:00,scheduler,0,0,16773.6,24564.0,44,71.818
2026-06-08T17:07:01.445830+00:00,scheduler,0,0,16773.6,24564.0,43,24.017
2026-06-08T17:07:06.446438+00:00,scheduler,0,0,16773.6,24564.0,43,13.827
2026-06-08T17:07:11.447077+00:00,scheduler,0,7,16773.6,24564.0,44,72.875
2026-06-08T17:07:16.447698+00:00,scheduler,0,8,16773.6,24564.0,44,72.598
2026-06-08T17:07:21.448183+00:00,scheduler,0,2,2337.6,24564.0,44,72.546
2026-06-08T17:07:26.448665+00:00,scheduler,0,2,4325.6,24564.0,44,72.13
2026-06-08T17:07:31.449184+00:00,scheduler,0,1,5053.6,24564.0,44,72.629
2026-06-08T17:07:36.449761+00:00,scheduler,0,2,6721.6,24564.0,44,72.273
2026-06-08T17:07:41.450214+00:00,scheduler,0,2,8457.6,24564.0,44,72.427
2026-06-08T17:07:46.450704+00:00,scheduler,0,1,9447.6,24564.0,44,72.277
2026-06-08T17:07:51.451165+00:00,scheduler,0,24,14227.6,24564.0,44,73.103
2026-06-08T17:07:56.451665+00:00,scheduler,0,0,16773.6,24564.0,44,71.995
2026-06-08T17:08:01.452247+00:00,scheduler,0,0,16773.6,24564.0,44,71.866
2026-06-08T17:08:06.452841+00:00,scheduler,0,0,16773.6,24564.0,44,72.224
2026-06-08T17:08:11.453390+00:00,scheduler,0,0,16773.6,24564.0,43,62.341
2026-06-08T17:08:16.454734+00:00,scheduler,0,0,16773.6,24564.0,42,13.809
2026-06-08T17:08:21.455722+00:00,scheduler,0,0,16773.6,24564.0,42,13.755
2026-06-08T17:08:26.457209+00:00,scheduler,0,0,16773.6,24564.0,42,13.535
2026-06-08T17:08:31.457830+00:00,scheduler,0,0,16773.6,24564.0,42,13.315
2026-06-08T17:08:36.458356+00:00,scheduler,0,100,17085.6,24564.0,61,447.803
2026-06-08T17:08:41.458807+00:00,scheduler,0,100,17705.6,24564.0,64,448.743
2026-06-08T17:08:46.459273+00:00,scheduler,0,100,17705.6,24564.0,67,431.146
2026-06-08T17:08:51.459760+00:00,scheduler,0,100,17705.6,24564.0,67,449.873
2026-06-08T17:08:56.461646+00:00,scheduler,0,0,16773.6,24564.0,51,74.097
2026-06-08T17:09:01.462133+00:00,scheduler,0,0,16773.6,24564.0,49,73.387
2026-06-08T17:09:06.462634+00:00,scheduler,0,0,16773.6,24564.0,49,73.092
2026-06-08T17:09:11.463384+00:00,scheduler,0,0,16773.6,24564.0,47,16.952
2026-06-08T17:09:16.463958+00:00,scheduler,0,0,16773.6,24564.0,46,13.926
2026-06-08T17:09:21.464570+00:00,scheduler,0,0,16773.6,24564.0,45,13.729
2026-06-08T17:09:26.466105+00:00,scheduler,0,0,16773.6,24564.0,45,13.998
2026-06-08T17:09:31.466697+00:00,scheduler,0,0,16773.6,24564.0,44,13.778
2026-06-08T17:09:36.467209+00:00,scheduler,0,0,16773.6,24564.0,44,13.749
2026-06-08T17:09:41.467792+00:00,scheduler,0,0,16773.6,24564.0,43,13.771
2026-06-08T17:09:46.468371+00:00,scheduler,0,0,16773.6,24564.0,43,13.613
2026-06-08T17:09:51.468907+00:00,scheduler,0,0,16773.6,24564.0,43,13.464
2026-06-08T17:09:56.469404+00:00,scheduler,0,0,16773.6,24564.0,42,13.371
2026-06-08T17:10:01.469906+00:00,scheduler,0,0,16773.6,24564.0,42,13.222
2026-06-08T17:10:06.470455+00:00,scheduler,0,7,16773.6,24564.0,43,72.42
2026-06-08T17:10:11.471014+00:00,scheduler,0,2,16773.6,24564.0,43,72.485
2026-06-08T17:10:16.471666+00:00,scheduler,0,0,1487.6,24564.0,44,84.528
2026-06-08T17:10:21.473978+00:00,scheduler,0,0,1487.6,24564.0,43,71.326
2026-06-08T17:10:26.474576+00:00,scheduler,0,0,1487.6,24564.0,43,71.793
2026-06-08T17:10:31.475070+00:00,scheduler,0,0,1487.6,24564.0,43,71.284
2026-06-08T17:10:36.475630+00:00,scheduler,0,0,1487.6,24564.0,42,13.653
2026-06-08T17:10:41.476199+00:00,scheduler,0,0,1487.6,24564.0,42,13.559
2026-06-08T17:10:46.476788+00:00,scheduler,0,0,1487.6,24564.0,42,13.601
2026-06-08T17:10:51.477423+00:00,scheduler,0,0,1487.6,24564.0,41,13.52
2026-06-08T17:10:56.477929+00:00,scheduler,0,0,1487.6,24564.0,41,13.411
2026-06-08T17:11:01.478404+00:00,scheduler,0,0,1487.6,24564.0,41,13.221
2026-06-08T17:11:06.478886+00:00,scheduler,0,0,1487.6,24564.0,41,13.29
2026-06-08T17:11:11.479363+00:00,scheduler,0,0,1487.6,24564.0,41,13.235
2026-06-08T17:11:16.479946+00:00,scheduler,0,0,1487.6,24564.0,41,13.133
2026-06-08T17:11:21.480510+00:00,scheduler,0,0,1487.6,24564.0,41,12.753
2026-06-08T17:11:26.480990+00:00,scheduler,0,0,1487.6,24564.0,41,13.46
2026-06-08T17:11:31.482326+00:00,scheduler,0,0,1487.6,24564.0,40,13.453
2026-06-08T17:11:36.482815+00:00,scheduler,0,0,1487.6,24564.0,40,13.545
2026-06-08T17:11:41.483274+00:00,scheduler,0,0,1487.6,24564.0,40,13.493
2026-06-08T17:11:46.484669+00:00,scheduler,0,0,1487.6,24564.0,40,13.494
2026-06-08T17:11:51.485186+00:00,scheduler,0,0,1487.6,24564.0,40,13.499
2026-06-08T17:11:56.485746+00:00,scheduler,0,0,1487.6,24564.0,40,13.305
2026-06-08T17:12:01.486985+00:00,scheduler,0,6,3549.6,24564.0,41,71.412
2026-06-08T17:12:06.487511+00:00,scheduler,0,4,7905.6,24564.0,42,71.826
2026-06-08T17:12:11.488000+00:00,scheduler,0,0,16773.6,24564.0,42,71.135
2026-06-08T17:12:16.488489+00:00,scheduler,0,0,16773.6,24564.0,42,70.868
2026-06-08T17:12:21.488998+00:00,scheduler,0,0,16773.6,24564.0,42,71.307
2026-06-08T17:12:26.489522+00:00,scheduler,0,0,16773.6,24564.0,42,71.096
2026-06-08T17:12:31.490058+00:00,scheduler,0,0,16773.6,24564.0,41,13.478
2026-06-08T17:12:36.490584+00:00,scheduler,0,0,16773.6,24564.0,41,13.537
2026-06-08T17:12:41.491089+00:00,scheduler,0,0,16773.6,24564.0,41,13.526
2026-06-08T17:12:46.491726+00:00,scheduler,0,0,16773.6,24564.0,44,83.915
2026-06-08T17:12:51.492420+00:00,scheduler,0,0,16773.6,24564.0,44,71.814
2026-06-08T17:12:56.493783+00:00,scheduler,0,0,16773.6,24564.0,44,71.758
2026-06-08T17:13:01.494420+00:00,scheduler,0,0,16773.6,24564.0,44,72.022
2026-06-08T17:13:06.495004+00:00,scheduler,0,0,16773.6,24564.0,42,13.847
2026-06-08T17:13:11.495697+00:00,scheduler,0,0,16773.6,24564.0,42,13.854
2026-06-08T17:13:16.496205+00:00,scheduler,0,0,16773.6,24564.0,43,14.869
2026-06-08T17:13:21.496772+00:00,scheduler,0,0,16773.6,24564.0,43,72.186
2026-06-08T17:13:26.497385+00:00,scheduler,0,0,16773.6,24564.0,44,72.886
2026-06-08T17:13:31.497928+00:00,scheduler,0,0,16773.6,24564.0,44,72.675
2026-06-08T17:13:36.498552+00:00,scheduler,0,0,16773.6,24564.0,44,72.728
2026-06-08T17:13:41.499140+00:00,scheduler,0,0,16773.6,24564.0,44,72.879
2026-06-08T17:13:46.500245+00:00,scheduler,0,0,16773.6,24564.0,44,72.738
2026-06-08T17:13:51.500835+00:00,scheduler,0,0,16773.6,24564.0,44,72.811
2026-06-08T17:13:56.501316+00:00,scheduler,0,0,16773.6,24564.0,44,73.033
2026-06-08T17:14:01.501847+00:00,scheduler,0,0,16773.6,24564.0,44,73.031
2026-06-08T17:14:06.502457+00:00,scheduler,0,0,16773.6,24564.0,44,73.132
2026-06-08T17:14:11.502967+00:00,scheduler,0,0,16773.6,24564.0,44,73.252
2026-06-08T17:14:16.503618+00:00,scheduler,0,0,16773.6,24564.0,44,72.788
2026-06-08T17:14:21.504236+00:00,scheduler,0,0,16773.6,24564.0,44,73.159
2026-06-08T17:14:26.504819+00:00,scheduler,0,2,16773.6,24564.0,44,72.883
2026-06-08T17:14:31.505323+00:00,scheduler,0,7,16773.6,24564.0,44,73.091
2026-06-08T17:14:36.505853+00:00,scheduler,0,0,16773.6,24564.0,44,72.774
2026-06-08T17:14:41.506528+00:00,scheduler,0,1,16773.6,24564.0,44,72.557
2026-06-08T17:14:46.512121+00:00,scheduler,0,1,16773.6,24564.0,44,72.684
2026-06-08T17:14:51.512798+00:00,scheduler,0,0,16773.6,24564.0,44,72.765
2026-06-08T17:14:56.513329+00:00,scheduler,0,17,2909.6,24564.0,44,77.2
2026-06-08T17:15:01.513793+00:00,scheduler,0,25,12751.6,24564.0,44,73.308
2026-06-08T17:15:06.514325+00:00,scheduler,0,0,16773.6,24564.0,44,72.105
2026-06-08T17:15:11.515737+00:00,scheduler,0,0,16773.6,24564.0,44,71.767
2026-06-08T17:15:16.516247+00:00,scheduler,0,0,16773.6,24564.0,44,71.682
2026-06-08T17:15:21.516961+00:00,scheduler,0,0,16773.6,24564.0,44,71.689
2026-06-08T17:15:26.517567+00:00,scheduler,0,0,16773.6,24564.0,43,13.566
2026-06-08T17:15:31.518058+00:00,scheduler,0,0,16773.6,24564.0,43,13.832
2026-06-08T17:15:36.518585+00:00,scheduler,0,0,16773.6,24564.0,42,13.447
2026-06-08T17:15:41.519133+00:00,scheduler,0,0,16773.6,24564.0,42,13.393
2026-06-08T17:15:46.519782+00:00,scheduler,0,0,16773.6,24564.0,42,13.568
2026-06-08T17:15:51.520409+00:00,scheduler,0,100,17085.6,24564.0,58,187.655
2026-06-08T17:15:56.520978+00:00,scheduler,0,100,17085.6,24564.0,63,450.683
2026-06-08T17:16:01.521447+00:00,scheduler,0,100,17705.6,24564.0,64,448.771
2026-06-08T17:16:06.521942+00:00,scheduler,0,100,17705.6,24564.0,66,453.28
2026-06-08T17:16:11.522374+00:00,scheduler,0,100,17705.6,24564.0,68,450.317
2026-06-08T17:16:16.522810+00:00,scheduler,0,0,16773.6,24564.0,50,74.147
2026-06-08T17:16:21.523265+00:00,scheduler,0,0,16773.6,24564.0,49,73.694
2026-06-08T17:16:26.523771+00:00,scheduler,0,0,16773.6,24564.0,48,73.334
2026-06-08T17:16:31.524258+00:00,scheduler,0,0,16773.6,24564.0,47,17.304
2026-06-08T17:16:36.524798+00:00,scheduler,0,0,16773.6,24564.0,46,14.36
2026-06-08T17:16:41.525403+00:00,scheduler,0,0,16773.6,24564.0,45,14.003
2026-06-08T17:16:46.526247+00:00,scheduler,0,0,16773.6,24564.0,45,14.138
2026-06-08T17:16:51.526869+00:00,scheduler,0,0,16773.6,24564.0,44,13.529
2026-06-08T17:16:56.527496+00:00,scheduler,0,0,16773.6,24564.0,44,13.528
2026-06-08T17:17:01.527983+00:00,scheduler,0,0,16773.6,24564.0,43,13.759
2026-06-08T17:17:06.528482+00:00,scheduler,0,3,16773.6,24564.0,44,29.631
2026-06-08T17:17:11.528963+00:00,scheduler,0,0,16773.6,24564.0,44,72.444
2026-06-08T17:17:16.529612+00:00,scheduler,0,0,16773.6,24564.0,44,72.255
2026-06-08T17:17:21.530151+00:00,scheduler,0,0,16773.6,24564.0,44,72.616
2026-06-08T17:17:26.530660+00:00,scheduler,0,1,16773.6,24564.0,44,72.369
2026-06-08T17:17:31.531191+00:00,scheduler,0,0,16773.6,24564.0,44,72.852
2026-06-08T17:17:36.531751+00:00,scheduler,0,3,16773.6,24564.0,44,72.546
2026-06-08T17:17:41.532253+00:00,scheduler,0,0,16773.6,24564.0,44,72.59
2026-06-08T17:17:46.532816+00:00,scheduler,0,1,16773.6,24564.0,44,72.669
2026-06-08T17:17:51.533350+00:00,scheduler,0,7,16773.6,24564.0,44,72.314
2026-06-08T17:17:56.533849+00:00,scheduler,0,0,1487.6,24564.0,44,82.408
2026-06-08T17:18:01.534372+00:00,scheduler,0,0,1487.6,24564.0,44,71.817
2026-06-08T17:18:06.535554+00:00,scheduler,0,0,1487.6,24564.0,44,71.725
2026-06-08T17:18:11.536033+00:00,scheduler,0,0,1487.6,24564.0,44,72.043
2026-06-08T17:18:16.536618+00:00,scheduler,0,0,1487.6,24564.0,43,13.823
2026-06-08T17:18:21.537173+00:00,scheduler,0,0,1487.6,24564.0,42,13.631
2026-06-08T17:18:26.537744+00:00,scheduler,0,0,1487.6,24564.0,42,13.613
2026-06-08T17:18:31.538359+00:00,scheduler,0,0,1487.6,24564.0,42,13.799
2026-06-08T17:18:36.538837+00:00,scheduler,0,0,1487.6,24564.0,42,13.891
2026-06-08T17:18:41.539352+00:00,scheduler,0,0,1487.6,24564.0,42,13.743
2026-06-08T17:18:46.539832+00:00,scheduler,0,0,1487.6,24564.0,41,13.838
2026-06-08T17:18:51.540369+00:00,scheduler,0,0,1487.6,24564.0,41,13.763
2026-06-08T17:18:56.542521+00:00,scheduler,0,0,1487.6,24564.0,41,13.648
2026-06-08T17:19:01.543143+00:00,scheduler,0,0,1487.6,24564.0,41,13.651
2026-06-08T17:19:06.544557+00:00,scheduler,0,0,1487.6,24564.0,41,13.464
2026-06-08T17:19:11.545059+00:00,scheduler,0,0,1487.6,24564.0,41,13.394
2026-06-08T17:19:16.545659+00:00,scheduler,0,0,1487.6,24564.0,41,13.418
2026-06-08T17:19:21.546995+00:00,scheduler,0,0,1487.6,24564.0,40,13.595
2026-06-08T17:19:26.549018+00:00,scheduler,0,0,1487.6,24564.0,40,13.7
2026-06-08T17:19:31.549571+00:00,scheduler,0,0,1487.6,24564.0,40,13.456
2026-06-08T17:19:36.550099+00:00,scheduler,0,0,1487.6,24564.0,40,13.559
2026-06-08T17:19:41.550660+00:00,scheduler,0,0,1487.6,24564.0,40,13.484
2026-06-08T17:19:46.551199+00:00,scheduler,0,0,1487.6,24564.0,40,13.48
2026-06-08T17:19:51.551807+00:00,scheduler,0,0,1487.6,24564.0,40,13.528
2026-06-08T17:19:56.552337+00:00,scheduler,0,0,1487.6,24564.0,40,13.423
2026-06-08T17:20:01.553735+00:00,scheduler,0,0,1487.6,24564.0,40,13.199
2026-06-08T17:20:06.554245+00:00,scheduler,0,0,1487.6,24564.0,40,13.756
2026-06-08T17:20:11.554820+00:00,scheduler,0,0,1487.6,24564.0,40,13.451
2026-06-08T17:20:16.555456+00:00,scheduler,0,0,1487.6,24564.0,40,13.62
2026-06-08T17:20:21.556003+00:00,scheduler,0,0,1487.6,24564.0,40,13.506
2026-06-08T17:20:26.557539+00:00,scheduler,0,0,1487.6,24564.0,40,13.623
2026-06-08T17:20:31.558187+00:00,scheduler,0,0,1487.6,24564.0,40,13.685
2026-06-08T17:20:36.558724+00:00,scheduler,0,0,1487.6,24564.0,40,13.516
2026-06-08T17:20:41.559193+00:00,scheduler,0,0,1487.6,24564.0,40,13.557
2026-06-08T17:20:46.559766+00:00,scheduler,0,0,1487.6,24564.0,40,13.23
2026-06-08T17:20:51.560307+00:00,scheduler,0,0,1487.6,24564.0,40,13.41
2026-06-08T17:20:56.560806+00:00,scheduler,0,0,1487.6,24564.0,40,13.615
2026-06-08T17:21:01.561315+00:00,scheduler,0,0,1487.6,24564.0,40,13.608
2026-06-08T17:21:06.561805+00:00,scheduler,0,0,1487.6,24564.0,40,13.312
2026-06-08T17:21:11.562326+00:00,scheduler,0,0,1487.6,24564.0,40,13.458
2026-06-08T17:21:16.562818+00:00,scheduler,0,0,1487.6,24564.0,39,13.49
2026-06-08T17:21:21.563333+00:00,scheduler,0,0,1487.6,24564.0,39,13.385
2026-06-08T17:21:26.563825+00:00,scheduler,0,0,1487.6,24564.0,39,13.376
2026-06-08T17:21:31.564357+00:00,scheduler,0,0,1487.6,24564.0,39,13.529
2026-06-08T17:21:36.564865+00:00,scheduler,0,0,1487.6,24564.0,39,13.506
2026-06-08T17:21:41.565439+00:00,scheduler,0,0,1487.6,24564.0,39,13.516
2026-06-08T17:21:46.566045+00:00,scheduler,0,0,1487.6,24564.0,39,13.426
2026-06-08T17:21:51.566687+00:00,scheduler,0,0,1487.6,24564.0,39,13.348
2026-06-08T17:21:56.567135+00:00,scheduler,0,0,1487.6,24564.0,39,13.071
2026-06-08T17:22:01.567731+00:00,scheduler,0,0,1487.6,24564.0,39,13.172
2026-06-08T17:22:06.568367+00:00,scheduler,0,0,1487.6,24564.0,39,13.204
2026-06-08T17:22:11.568990+00:00,scheduler,0,0,1487.6,24564.0,39,13.297
2026-06-08T17:22:16.569625+00:00,scheduler,0,0,1487.6,24564.0,39,13.278
2026-06-08T17:22:21.571115+00:00,scheduler,0,0,1487.6,24564.0,39,13.485
2026-06-08T17:22:26.572827+00:00,scheduler,0,0,1487.6,24564.0,39,13.319
2026-06-08T17:22:31.573429+00:00,scheduler,0,0,1487.6,24564.0,39,13.441
2026-06-08T17:22:36.574992+00:00,scheduler,0,0,1487.6,24564.0,39,13.431
2026-06-08T17:22:41.575560+00:00,scheduler,0,0,1487.6,24564.0,39,13.506
2026-06-08T17:22:46.577132+00:00,scheduler,0,0,1487.6,24564.0,39,13.2
2026-06-08T17:22:51.579096+00:00,scheduler,0,0,1487.6,24564.0,39,13.296
2026-06-08T17:22:56.579842+00:00,scheduler,0,0,1487.6,24564.0,39,13.213
2026-06-08T17:23:01.580420+00:00,scheduler,0,0,1487.6,24564.0,39,13.34
2026-06-08T17:23:06.581933+00:00,scheduler,0,0,1487.6,24564.0,40,13.378
2026-06-08T17:23:11.582624+00:00,scheduler,0,0,1487.6,24564.0,40,13.363
2026-06-08T17:23:16.583257+00:00,scheduler,0,0,1487.6,24564.0,40,13.571
2026-06-08T17:23:21.583863+00:00,scheduler,0,0,1487.6,24564.0,40,13.191
2026-06-08T17:23:26.584416+00:00,scheduler,0,0,1487.6,24564.0,40,13.452
2026-06-08T17:23:31.584921+00:00,scheduler,0,0,1487.6,24564.0,40,12.824
2026-06-08T17:23:36.585434+00:00,scheduler,0,25,9213.6,24564.0,41,72.376
2026-06-08T17:23:41.585908+00:00,scheduler,0,2,14695.6,24564.0,41,71.554
2026-06-08T17:23:46.586550+00:00,scheduler,0,2,16567.6,24564.0,42,71.584
2026-06-08T17:23:51.587114+00:00,scheduler,0,0,16773.6,24564.0,42,71.208
2026-06-08T17:23:56.587671+00:00,scheduler,0,0,16773.6,24564.0,42,71.286
2026-06-08T17:24:01.588234+00:00,scheduler,0,0,16773.6,24564.0,42,71.273
2026-06-08T17:24:06.588919+00:00,scheduler,0,0,16773.6,24564.0,41,36.788
2026-06-08T17:24:11.589606+00:00,scheduler,0,0,16773.6,24564.0,41,13.561
2026-06-08T17:24:16.590242+00:00,scheduler,0,0,16773.6,24564.0,41,13.515
2026-06-08T17:24:21.590942+00:00,scheduler,0,0,16773.6,24564.0,41,13.333
2026-06-08T17:24:26.591533+00:00,scheduler,0,0,16773.6,24564.0,41,13.43
2026-06-08T17:24:31.592059+00:00,scheduler,0,0,16773.6,24564.0,46,267.138
2026-06-08T17:24:36.592657+00:00,scheduler,0,0,16773.6,24564.0,44,71.469
2026-06-08T17:24:41.593273+00:00,scheduler,0,0,16773.6,24564.0,43,71.385
2026-06-08T17:24:46.593872+00:00,scheduler,0,0,16773.6,24564.0,43,71.598
2026-06-08T17:24:51.594370+00:00,scheduler,0,0,16773.6,24564.0,42,15.215
2026-06-08T17:24:56.594918+00:00,scheduler,0,0,16773.6,24564.0,42,13.298
2026-06-08T17:25:01.595563+00:00,scheduler,0,0,16773.6,24564.0,43,71.44
2026-06-08T17:25:06.596043+00:00,scheduler,0,0,16773.6,24564.0,43,71.557
2026-06-08T17:25:11.596585+00:00,scheduler,0,0,16773.6,24564.0,43,71.473
2026-06-08T17:25:16.597135+00:00,scheduler,0,4,16773.6,24564.0,44,72.391
2026-06-08T17:25:21.597661+00:00,scheduler,0,8,16773.6,24564.0,44,72.584
2026-06-08T17:25:26.598157+00:00,scheduler,0,0,2229.6,24564.0,44,83.253
2026-06-08T17:25:31.598750+00:00,scheduler,0,2,3637.6,24564.0,44,71.889
2026-06-08T17:25:36.599328+00:00,scheduler,0,0,4897.6,24564.0,44,72.144
2026-06-08T17:25:41.599827+00:00,scheduler,0,2,6265.6,24564.0,44,72.071
2026-06-08T17:25:46.600354+00:00,scheduler,0,2,7177.6,24564.0,44,72.101
2026-06-08T17:25:51.601067+00:00,scheduler,0,1,8865.6,24564.0,45,72.299
2026-06-08T17:25:56.601600+00:00,scheduler,0,1,10429.6,24564.0,45,71.977
2026-06-08T17:26:01.602121+00:00,scheduler,0,1,11671.6,24564.0,45,71.958
2026-06-08T17:26:06.602725+00:00,scheduler,0,2,12985.6,24564.0,45,72.13
2026-06-08T17:26:11.603270+00:00,scheduler,0,0,14461.6,24564.0,45,72.123
2026-06-08T17:26:16.603859+00:00,scheduler,0,0,15559.6,24564.0,45,71.766
2026-06-08T17:26:21.604512+00:00,scheduler,0,0,16773.6,24564.0,45,72.177
2026-06-08T17:26:26.605143+00:00,scheduler,0,0,16773.6,24564.0,45,71.458
2026-06-08T17:26:31.605749+00:00,scheduler,0,0,16773.6,24564.0,44,71.647
2026-06-08T17:26:36.606361+00:00,scheduler,0,0,16773.6,24564.0,44,71.586
2026-06-08T17:26:41.606960+00:00,scheduler,0,0,16773.6,24564.0,43,13.641
2026-06-08T17:26:46.607600+00:00,scheduler,0,0,17085.6,24564.0,43,13.719
2026-06-08T17:26:51.608154+00:00,scheduler,0,100,17085.6,24564.0,62,449.305
2026-06-08T17:26:56.608690+00:00,scheduler,0,100,17705.6,24564.0,64,448.399
2026-06-08T17:27:01.609210+00:00,scheduler,0,100,17705.6,24564.0,67,452.725
2026-06-08T17:27:06.610746+00:00,scheduler,0,100,17705.6,24564.0,63,449.553
2026-06-08T17:27:11.611280+00:00,scheduler,0,0,16773.6,24564.0,51,74.203
2026-06-08T17:27:16.611903+00:00,scheduler,0,0,16773.6,24564.0,50,73.985
2026-06-08T17:27:21.612415+00:00,scheduler,0,0,16773.6,24564.0,49,73.22
2026-06-08T17:27:26.612931+00:00,scheduler,0,0,16773.6,24564.0,47,14.686
2026-06-08T17:27:31.613508+00:00,scheduler,0,0,16773.6,24564.0,46,14.508
2026-06-08T17:27:36.614119+00:00,scheduler,0,7,16773.6,24564.0,47,74.259
2026-06-08T17:27:41.614660+00:00,scheduler,0,8,16773.6,24564.0,46,74.182
2026-06-08T17:27:46.615221+00:00,scheduler,0,0,1487.6,24564.0,46,77.156
2026-06-08T17:27:51.616991+00:00,scheduler,0,0,1487.6,24564.0,46,72.279
2026-06-08T17:27:56.617569+00:00,scheduler,0,0,1487.6,24564.0,46,72.057
2026-06-08T17:28:01.618079+00:00,scheduler,0,0,1487.6,24564.0,44,22.714
2026-06-08T17:28:06.618618+00:00,scheduler,0,0,1487.6,24564.0,44,13.605
2026-06-08T17:28:11.619211+00:00,scheduler,0,0,1487.6,24564.0,43,13.668
2026-06-08T17:28:16.619739+00:00,scheduler,0,0,1487.6,24564.0,43,13.665
2026-06-08T17:28:21.620255+00:00,scheduler,0,0,1487.6,24564.0,43,13.604
2026-06-08T17:28:26.620797+00:00,scheduler,0,0,1487.6,24564.0,42,13.584
2026-06-08T17:28:31.621338+00:00,scheduler,0,0,1487.6,24564.0,42,13.388
2026-06-08T17:28:36.621826+00:00,scheduler,0,1,2337.6,24564.0,43,70.851
2026-06-08T17:28:41.622391+00:00,scheduler,0,2,4025.6,24564.0,43,71.018
2026-06-08T17:28:46.623928+00:00,scheduler,0,0,4509.6,24564.0,43,70.748
2026-06-08T17:28:51.624495+00:00,scheduler,0,1,5945.6,24564.0,43,71.027
2026-06-08T17:28:56.625031+00:00,scheduler,0,0,6517.6,24564.0,43,71.991
2026-06-08T17:29:01.625660+00:00,scheduler,0,1,8593.6,24564.0,43,72.193
2026-06-08T17:29:06.626214+00:00,scheduler,0,2,9961.6,24564.0,43,72.288
2026-06-08T17:29:11.626738+00:00,scheduler,0,1,11365.6,24564.0,43,71.925
2026-06-08T17:29:16.627353+00:00,scheduler,0,1,12751.6,24564.0,44,71.903
2026-06-08T17:29:21.628884+00:00,scheduler,0,1,14227.6,24564.0,44,71.74
2026-06-08T17:29:26.632018+00:00,scheduler,0,1,15091.6,24564.0,44,72.025
2026-06-08T17:29:31.633282+00:00,scheduler,0,0,16027.6,24564.0,44,71.983
2026-06-08T17:29:36.635794+00:00,scheduler,0,0,16773.6,24564.0,44,72.098
2026-06-08T17:29:41.636459+00:00,scheduler,0,0,16773.6,24564.0,44,71.652
2026-06-08T17:29:46.637083+00:00,scheduler,0,0,16773.6,24564.0,44,71.642
2026-06-08T17:29:51.640514+00:00,scheduler,0,0,16773.6,24564.0,44,71.643
2026-06-08T17:29:56.641093+00:00,scheduler,0,0,16773.6,24564.0,43,16.7
2026-06-08T17:30:01.642665+00:00,scheduler,0,0,16773.6,24564.0,42,13.733
2026-06-08T17:30:06.643280+00:00,scheduler,0,0,16773.6,24564.0,46,84.74
2026-06-08T17:30:11.645406+00:00,scheduler,0,0,16773.6,24564.0,45,71.874
2026-06-08T17:30:16.646769+00:00,scheduler,0,0,16773.6,24564.0,44,71.833
2026-06-08T17:30:21.648088+00:00,scheduler,0,0,16773.6,24564.0,44,71.541
2026-06-08T17:30:26.648693+00:00,scheduler,0,0,16773.6,24564.0,43,13.706
2026-06-08T17:30:31.650196+00:00,scheduler,0,7,16773.6,24564.0,44,72.771
2026-06-08T17:30:36.650975+00:00,scheduler,0,1,16773.6,24564.0,44,72.397
2026-06-08T17:30:41.655239+00:00,scheduler,0,1,16773.6,24564.0,44,72.355
2026-06-08T17:30:46.655770+00:00,scheduler,0,1,16773.6,24564.0,44,72.556
2026-06-08T17:30:51.656370+00:00,scheduler,0,1,16773.6,24564.0,44,72.648
2026-06-08T17:30:56.657642+00:00,scheduler,0,0,3211.6,24564.0,44,72.566
2026-06-08T17:31:01.658927+00:00,scheduler,0,2,7089.6,24564.0,44,73.361
2026-06-08T17:31:06.659511+00:00,scheduler,0,2,8641.6,24564.0,44,71.926
2026-06-08T17:31:11.660806+00:00,scheduler,0,0,16773.6,24564.0,44,73.423
2026-06-08T17:31:16.661364+00:00,scheduler,0,0,16773.6,24564.0,44,71.625
2026-06-08T17:31:21.661894+00:00,scheduler,0,0,16773.6,24564.0,44,71.84
2026-06-08T17:31:26.662537+00:00,scheduler,0,0,16773.6,24564.0,44,71.662
2026-06-08T17:31:31.663249+00:00,scheduler,0,0,16773.6,24564.0,43,20.346
2026-06-08T17:31:36.663993+00:00,scheduler,0,0,16773.6,24564.0,42,13.682
2026-06-08T17:31:41.664646+00:00,scheduler,0,0,16773.6,24564.0,42,13.905
2026-06-08T17:31:46.665268+00:00,scheduler,0,0,16773.6,24564.0,42,13.931
2026-06-08T17:31:51.666076+00:00,scheduler,0,0,17085.6,24564.0,42,13.902
2026-06-08T17:31:56.666719+00:00,scheduler,0,100,17085.6,24564.0,62,450.716
2026-06-08T17:32:01.667342+00:00,scheduler,0,100,17705.6,24564.0,64,448.838
2026-06-08T17:32:06.667841+00:00,scheduler,0,100,17705.6,24564.0,65,461.651
2026-06-08T17:32:11.668254+00:00,scheduler,0,100,17705.6,24564.0,67,448.809
2026-06-08T17:32:16.668714+00:00,scheduler,0,0,16773.6,24564.0,51,75.823
2026-06-08T17:32:21.669182+00:00,scheduler,0,0,16773.6,24564.0,49,74.457
2026-06-08T17:32:26.669681+00:00,scheduler,0,0,16773.6,24564.0,48,73.881
2026-06-08T17:32:31.670116+00:00,scheduler,0,0,16773.6,24564.0,47,15.691
2026-06-08T17:32:36.670562+00:00,scheduler,0,0,16773.6,24564.0,46,14.617
2026-06-08T17:32:41.671001+00:00,scheduler,0,0,16773.6,24564.0,45,14.843
2026-06-08T17:32:46.671506+00:00,scheduler,0,0,16773.6,24564.0,45,14.382
2026-06-08T17:32:51.671944+00:00,scheduler,0,0,16773.6,24564.0,45,37.514
2026-06-08T17:32:56.672429+00:00,scheduler,0,0,16773.6,24564.0,45,72.795
2026-06-08T17:33:01.672877+00:00,scheduler,0,5,16773.6,24564.0,45,72.852
2026-06-08T17:33:06.673420+00:00,scheduler,0,4,16773.6,24564.0,45,72.943
2026-06-08T17:33:11.673893+00:00,scheduler,0,8,16773.6,24564.0,45,72.98
2026-06-08T17:33:16.674493+00:00,scheduler,0,1,16773.6,24564.0,45,72.535
2026-06-08T17:33:21.675119+00:00,scheduler,0,1,16773.6,24564.0,44,72.709
2026-06-08T17:33:26.675663+00:00,scheduler,0,1,16773.6,24564.0,44,72.582
2026-06-08T17:33:31.676218+00:00,scheduler,0,1,16773.6,24564.0,44,72.671
2026-06-08T17:33:36.682652+00:00,scheduler,0,97,1487.6,24564.0,45,75.742
2026-06-08T17:33:41.683256+00:00,scheduler,0,0,1487.6,24564.0,44,72.0
2026-06-08T17:33:46.683897+00:00,scheduler,0,0,1487.6,24564.0,44,71.709
2026-06-08T17:33:51.684486+00:00,scheduler,0,0,1487.6,24564.0,44,71.874
2026-06-08T17:33:56.684992+00:00,scheduler,0,0,1487.6,24564.0,43,13.827
2026-06-08T17:34:01.685557+00:00,scheduler,0,0,1487.6,24564.0,43,13.732
2026-06-08T17:34:06.686117+00:00,scheduler,0,0,1487.6,24564.0,42,13.753
2026-06-08T17:34:11.686678+00:00,scheduler,0,0,1487.6,24564.0,42,13.797
2026-06-08T17:34:16.688154+00:00,scheduler,0,0,1487.6,24564.0,42,13.589
2026-06-08T17:34:21.688806+00:00,scheduler,0,0,1487.6,24564.0,42,13.787
2026-06-08T17:34:26.689377+00:00,scheduler,0,0,1487.6,24564.0,41,13.434
2026-06-08T17:34:31.689941+00:00,scheduler,0,0,1487.6,24564.0,41,13.458
2026-06-08T17:34:36.691376+00:00,scheduler,0,0,1487.6,24564.0,41,13.575
2026-06-08T17:34:41.692870+00:00,scheduler,0,0,1487.6,24564.0,41,13.797
2026-06-08T17:34:46.694681+00:00,scheduler,0,0,1487.6,24564.0,41,13.356
2026-06-08T17:34:51.695170+00:00,scheduler,0,0,1487.6,24564.0,41,13.339
2026-06-08T17:34:56.695870+00:00,scheduler,0,0,1487.6,24564.0,41,13.548
2026-06-08T17:35:01.696355+00:00,scheduler,0,0,1487.6,24564.0,40,13.607
2026-06-08T17:35:06.696824+00:00,scheduler,0,0,1487.6,24564.0,40,13.403
2026-06-08T17:35:11.697331+00:00,scheduler,0,0,1487.6,24564.0,40,13.5
2026-06-08T17:35:16.697830+00:00,scheduler,0,0,1487.6,24564.0,40,13.458
2026-06-08T17:35:21.698333+00:00,scheduler,0,0,1487.6,24564.0,40,13.444
2026-06-08T17:35:26.698845+00:00,scheduler,0,0,1487.6,24564.0,40,12.952
2026-06-08T17:35:31.699441+00:00,scheduler,0,0,1487.6,24564.0,40,12.996
2026-06-08T17:35:36.700069+00:00,scheduler,0,0,1487.6,24564.0,40,13.249
2026-06-08T17:35:41.700701+00:00,scheduler,0,0,1487.6,24564.0,40,13.252
2026-06-08T17:35:46.702086+00:00,scheduler,0,0,1487.6,24564.0,40,13.296
2026-06-08T17:35:51.703626+00:00,scheduler,0,0,1487.6,24564.0,40,12.674
2026-06-08T17:35:56.704222+00:00,scheduler,0,0,1487.6,24564.0,40,12.362
2026-06-08T17:36:01.704755+00:00,scheduler,0,0,1487.6,24564.0,40,13.034
2026-06-08T17:36:06.706448+00:00,scheduler,0,0,1487.6,24564.0,40,13.134
2026-06-08T17:36:11.706936+00:00,scheduler,0,9,3209.6,24564.0,41,20.271
2026-06-08T17:36:16.707492+00:00,scheduler,0,14,16603.6,24564.0,41,71.774
2026-06-08T17:36:21.708062+00:00,scheduler,0,0,16773.6,24564.0,41,70.802
2026-06-08T17:36:26.708667+00:00,scheduler,0,0,16773.6,24564.0,41,70.728
2026-06-08T17:36:31.710173+00:00,scheduler,0,0,16773.6,24564.0,42,70.766
2026-06-08T17:36:36.710866+00:00,scheduler,0,0,16773.6,24564.0,41,17.444
2026-06-08T17:36:41.712405+00:00,scheduler,0,0,16773.6,24564.0,41,12.994
2026-06-08T17:36:46.712956+00:00,scheduler,0,0,16773.6,24564.0,40,13.537
2026-06-08T17:36:51.713657+00:00,scheduler,0,0,16773.6,24564.0,45,144.989
2026-06-08T17:36:56.714153+00:00,scheduler,0,0,16773.6,24564.0,43,71.548
2026-06-08T17:37:01.715696+00:00,scheduler,0,0,16773.6,24564.0,43,71.345
2026-06-08T17:37:06.716254+00:00,scheduler,0,0,16773.6,24564.0,43,71.348
2026-06-08T17:37:11.716814+00:00,scheduler,0,0,16773.6,24564.0,42,13.454
2026-06-08T17:37:16.718233+00:00,scheduler,0,0,16773.6,24564.0,42,13.336
2026-06-08T17:37:21.719733+00:00,scheduler,0,0,16773.6,24564.0,43,71.459
2026-06-08T17:37:26.720251+00:00,scheduler,0,0,16773.6,24564.0,43,71.854
2026-06-08T17:37:31.720859+00:00,scheduler,0,0,16773.6,24564.0,43,71.801
2026-06-08T17:37:36.722381+00:00,scheduler,0,0,16773.6,24564.0,43,71.869
2026-06-08T17:37:41.723773+00:00,scheduler,0,0,16773.6,24564.0,43,72.005
2026-06-08T17:37:46.724384+00:00,scheduler,0,0,16773.6,24564.0,43,71.815
2026-06-08T17:37:51.725019+00:00,scheduler,0,0,16773.6,24564.0,44,71.926
2026-06-08T17:37:56.725674+00:00,scheduler,0,0,16773.6,24564.0,44,72.051
2026-06-08T17:38:01.726195+00:00,scheduler,0,0,16773.6,24564.0,44,71.781
2026-06-08T17:38:06.727602+00:00,scheduler,0,0,16773.6,24564.0,44,72.031
2026-06-08T17:38:11.728194+00:00,scheduler,0,0,16773.6,24564.0,44,71.904
2026-06-08T17:38:16.728802+00:00,scheduler,0,1,16773.6,24564.0,44,72.07
2026-06-08T17:38:21.729361+00:00,scheduler,0,0,1487.6,24564.0,45,85.602
2026-06-08T17:38:26.729926+00:00,scheduler,0,2,3393.6,24564.0,44,71.826
2026-06-08T17:38:31.730492+00:00,scheduler,0,1,4945.6,24564.0,44,71.83
2026-06-08T17:38:36.731146+00:00,scheduler,0,1,6333.6,24564.0,44,71.971
2026-06-08T17:38:41.731632+00:00,scheduler,0,1,8049.6,24564.0,44,71.796
2026-06-08T17:38:46.732136+00:00,scheduler,0,1,9339.6,24564.0,44,71.875
2026-06-08T17:38:51.732752+00:00,scheduler,0,0,10267.6,24564.0,44,71.654
2026-06-08T17:38:56.733374+00:00,scheduler,0,1,11671.6,24564.0,44,71.837
2026-06-08T17:39:01.733973+00:00,scheduler,0,1,12985.6,24564.0,44,71.972
2026-06-08T17:39:06.734527+00:00,scheduler,0,2,14857.6,24564.0,44,72.078
2026-06-08T17:39:11.735138+00:00,scheduler,0,1,15865.6,24564.0,44,71.823
2026-06-08T17:39:16.737089+00:00,scheduler,0,0,16603.6,24564.0,44,72.084
2026-06-08T17:39:21.737657+00:00,scheduler,0,0,16773.6,24564.0,44,71.586
2026-06-08T17:39:26.738373+00:00,scheduler,0,0,16773.6,24564.0,44,71.467
2026-06-08T17:39:31.738963+00:00,scheduler,0,0,16773.6,24564.0,44,71.679
2026-06-08T17:39:36.739561+00:00,scheduler,0,0,16773.6,24564.0,43,36.516
2026-06-08T17:39:41.740074+00:00,scheduler,0,0,16773.6,24564.0,43,14.027
2026-06-08T17:39:46.740769+00:00,scheduler,0,0,16773.6,24564.0,43,13.695
2026-06-08T17:39:51.741366+00:00,scheduler,0,100,17085.6,24564.0,59,461.008
2026-06-08T17:39:56.741925+00:00,scheduler,0,100,17705.6,24564.0,63,448.197
2026-06-08T17:40:01.742458+00:00,scheduler,0,100,17705.6,24564.0,65,447.984
2026-06-08T17:40:06.744544+00:00,scheduler,0,100,17705.6,24564.0,67,451.892
2026-06-08T17:40:11.745088+00:00,scheduler,0,4,16773.6,24564.0,54,114.15
2026-06-08T17:40:16.745685+00:00,scheduler,0,0,16773.6,24564.0,51,74.711
2026-06-08T17:40:21.746197+00:00,scheduler,0,0,16773.6,24564.0,50,73.924
2026-06-08T17:40:26.746725+00:00,scheduler,0,0,16773.6,24564.0,49,73.76
2026-06-08T17:40:31.747257+00:00,scheduler,0,0,16773.6,24564.0,47,14.602
2026-06-08T17:40:36.747794+00:00,scheduler,0,0,16773.6,24564.0,46,14.496
2026-06-08T17:40:41.748341+00:00,scheduler,0,0,16773.6,24564.0,46,14.322
2026-06-08T17:40:46.748865+00:00,scheduler,0,0,16773.6,24564.0,45,13.905
2026-06-08T17:40:51.749379+00:00,scheduler,0,1,16773.6,24564.0,46,72.595
2026-06-08T17:40:56.749890+00:00,scheduler,0,0,16773.6,24564.0,46,72.355
2026-06-08T17:41:01.750404+00:00,scheduler,0,3,16773.6,24564.0,46,72.813
2026-06-08T17:41:06.750891+00:00,scheduler,0,9,16773.6,24564.0,46,73.289
2026-06-08T17:41:11.751401+00:00,scheduler,0,1,16773.6,24564.0,45,72.553
2026-06-08T17:41:16.751857+00:00,scheduler,0,0,16773.6,24564.0,45,72.803
2026-06-08T17:41:21.753228+00:00,scheduler,0,0,1487.6,24564.0,45,71.829
2026-06-08T17:41:26.753902+00:00,scheduler,0,0,1487.6,24564.0,45,71.945
2026-06-08T17:41:31.754399+00:00,scheduler,0,0,1487.6,24564.0,45,71.916
2026-06-08T17:41:36.754907+00:00,scheduler,0,0,1487.6,24564.0,44,15.698
2026-06-08T17:41:41.755461+00:00,scheduler,0,0,1487.6,24564.0,43,13.741
2026-06-08T17:41:46.756048+00:00,scheduler,0,0,1487.6,24564.0,43,13.47
2026-06-08T17:41:51.756623+00:00,scheduler,0,0,1487.6,24564.0,43,13.622
2026-06-08T17:41:56.757127+00:00,scheduler,0,0,1487.6,24564.0,43,13.786
2026-06-08T17:42:01.757626+00:00,scheduler,0,0,1487.6,24564.0,42,13.799
2026-06-08T17:42:06.759489+00:00,scheduler,0,0,1487.6,24564.0,42,13.638
2026-06-08T17:42:11.760022+00:00,scheduler,0,0,1487.6,24564.0,42,13.616
2026-06-08T17:42:16.760544+00:00,scheduler,0,0,1487.6,24564.0,42,13.582
2026-06-08T17:42:21.761048+00:00,scheduler,0,0,1487.6,24564.0,42,13.682
2026-06-08T17:42:26.761599+00:00,scheduler,0,0,1487.6,24564.0,42,13.784
2026-06-08T17:42:31.762140+00:00,scheduler,0,0,1487.6,24564.0,42,13.616
2026-06-08T17:42:36.762674+00:00,scheduler,0,0,1487.6,24564.0,41,13.297
2026-06-08T17:42:41.763250+00:00,scheduler,0,0,1487.6,24564.0,41,13.154
2026-06-08T17:42:46.763919+00:00,scheduler,0,0,1487.6,24564.0,41,13.194
2026-06-08T17:42:51.764574+00:00,scheduler,0,0,1487.6,24564.0,41,13.433
2026-06-08T17:42:56.765233+00:00,scheduler,0,0,1487.6,24564.0,41,13.502
2026-06-08T17:43:01.766069+00:00,scheduler,0,0,1487.6,24564.0,41,13.626
2026-06-08T17:43:06.766667+00:00,scheduler,0,0,2229.6,24564.0,41,13.66
2026-06-08T17:43:11.767212+00:00,scheduler,0,1,8593.6,24564.0,42,71.932
2026-06-08T17:43:16.767937+00:00,scheduler,0,0,9961.6,24564.0,43,71.608
2026-06-08T17:43:21.768484+00:00,scheduler,0,1,10591.6,24564.0,43,71.866
2026-06-08T17:43:26.769640+00:00,scheduler,0,1,12355.6,24564.0,43,72.016
2026-06-08T17:43:31.770119+00:00,scheduler,0,0,16773.6,24564.0,43,72.409
2026-06-08T17:43:36.770630+00:00,scheduler,0,0,16773.6,24564.0,43,71.361
2026-06-08T17:43:41.771143+00:00,scheduler,0,0,16773.6,24564.0,43,71.565
2026-06-08T17:43:46.771708+00:00,scheduler,0,0,16773.6,24564.0,43,71.701
2026-06-08T17:43:51.772206+00:00,scheduler,0,0,16773.6,24564.0,42,15.167
2026-06-08T17:43:56.772674+00:00,scheduler,0,86,17085.6,24564.0,50,29.595
2026-06-08T17:44:01.773158+00:00,scheduler,0,0,16773.6,24564.0,45,81.051
2026-06-08T17:44:06.773724+00:00,scheduler,0,0,16773.6,24564.0,45,71.836
2026-06-08T17:44:11.774229+00:00,scheduler,0,0,16773.6,24564.0,45,71.589
2026-06-08T17:44:16.774726+00:00,scheduler,0,0,16773.6,24564.0,44,60.951
2026-06-08T17:44:21.775236+00:00,scheduler,0,0,16773.6,24564.0,43,13.627
2026-06-08T17:44:26.775739+00:00,scheduler,0,0,16773.6,24564.0,43,13.601
2026-06-08T17:44:31.776222+00:00,scheduler,0,7,16773.6,24564.0,44,72.847
2026-06-08T17:44:36.776743+00:00,scheduler,0,1,16773.6,24564.0,44,72.782
2026-06-08T17:44:41.777316+00:00,scheduler,0,5,6265.6,24564.0,44,73.255
2026-06-08T17:44:46.777869+00:00,scheduler,0,0,16773.6,24564.0,44,72.203
2026-06-08T17:44:51.778383+00:00,scheduler,0,0,16773.6,24564.0,44,71.407
2026-06-08T17:44:56.778899+00:00,scheduler,0,0,16773.6,24564.0,44,72.168
2026-06-08T17:45:01.779429+00:00,scheduler,0,0,16773.6,24564.0,44,72.048
2026-06-08T17:45:06.779955+00:00,scheduler,0,0,16773.6,24564.0,43,13.828
2026-06-08T17:45:11.780597+00:00,scheduler,0,0,17085.6,24564.0,43,13.833
2026-06-08T17:45:16.781049+00:00,scheduler,0,100,17085.6,24564.0,63,450.367
2026-06-08T17:45:21.781579+00:00,scheduler,0,100,17705.6,24564.0,65,447.386
2026-06-08T17:45:26.782094+00:00,scheduler,0,100,17705.6,24564.0,66,456.088
2026-06-08T17:45:31.782679+00:00,scheduler,0,100,17705.6,24564.0,68,448.73
2026-06-08T17:45:36.783226+00:00,scheduler,0,0,16773.6,24564.0,52,75.097
2026-06-08T17:45:41.783830+00:00,scheduler,0,0,16773.6,24564.0,50,74.256
2026-06-08T17:45:46.784371+00:00,scheduler,0,0,16773.6,24564.0,49,73.716
2026-06-08T17:45:51.784869+00:00,scheduler,0,0,16773.6,24564.0,49,73.9
2026-06-08T17:45:56.785380+00:00,scheduler,0,1,16773.6,24564.0,48,73.548
2026-06-08T17:46:01.785880+00:00,scheduler,0,5,16773.6,24564.0,48,73.736
2026-06-08T17:46:06.786463+00:00,scheduler,0,8,16773.6,24564.0,47,74.047
2026-06-08T17:46:11.787023+00:00,scheduler,0,0,1487.6,24564.0,47,82.494
2026-06-08T17:46:16.787705+00:00,scheduler,0,0,1487.6,24564.0,47,73.0
2026-06-08T17:46:21.788334+00:00,scheduler,0,0,1487.6,24564.0,46,72.905
2026-06-08T17:46:26.791098+00:00,scheduler,0,0,1487.6,24564.0,45,70.476
2026-06-08T17:46:31.791745+00:00,scheduler,0,0,1487.6,24564.0,44,14.645
2026-06-08T17:46:36.792387+00:00,scheduler,0,0,1487.6,24564.0,44,14.322
2026-06-08T17:46:41.793054+00:00,scheduler,0,0,1487.6,24564.0,44,13.673
2026-06-08T17:46:46.793622+00:00,scheduler,0,0,1487.6,24564.0,43,13.78
2026-06-08T17:46:51.794210+00:00,scheduler,0,0,1487.6,24564.0,43,13.752
2026-06-08T17:46:56.794807+00:00,scheduler,0,0,1487.6,24564.0,43,13.907
2026-06-08T17:47:01.795415+00:00,scheduler,0,0,1487.6,24564.0,42,14.199
2026-06-08T17:47:06.795942+00:00,scheduler,0,0,1487.6,24564.0,42,13.964
2026-06-08T17:47:11.796580+00:00,scheduler,0,0,1487.6,24564.0,42,13.922
2026-06-08T17:47:16.797164+00:00,scheduler,0,0,1487.6,24564.0,42,13.831
2026-06-08T17:47:21.797750+00:00,scheduler,0,0,1487.6,24564.0,42,13.772
2026-06-08T17:47:26.799253+00:00,scheduler,0,0,1487.6,24564.0,42,13.71
2026-06-08T17:47:31.799977+00:00,scheduler,0,0,1487.6,24564.0,41,13.724
2026-06-08T17:47:36.800490+00:00,scheduler,0,0,1487.6,24564.0,41,13.663
2026-06-08T17:47:41.801049+00:00,scheduler,0,0,1487.6,24564.0,41,13.599
2026-06-08T17:47:46.801710+00:00,scheduler,0,0,1487.6,24564.0,41,13.538
2026-06-08T17:47:51.802350+00:00,scheduler,0,0,1487.6,24564.0,41,13.949
2026-06-08T17:47:56.802876+00:00,scheduler,0,0,1487.6,24564.0,41,14.11
2026-06-08T17:48:01.803384+00:00,scheduler,0,0,1487.6,24564.0,41,13.725
2026-06-08T17:48:06.804027+00:00,scheduler,0,0,1487.6,24564.0,41,13.64
2026-06-08T17:48:11.804559+00:00,scheduler,0,0,1487.6,24564.0,41,12.855
2026-06-08T17:48:16.805075+00:00,scheduler,0,0,1487.6,24564.0,41,12.887
2026-06-08T17:48:21.805710+00:00,scheduler,0,0,1487.6,24564.0,41,13.756
2026-06-08T17:48:26.806222+00:00,scheduler,0,0,1487.6,24564.0,40,13.739
2026-06-08T17:48:31.806823+00:00,scheduler,0,0,1487.6,24564.0,40,13.622
2026-06-08T17:48:36.807526+00:00,scheduler,0,0,1487.6,24564.0,40,13.598
2026-06-08T17:48:41.808121+00:00,scheduler,0,0,1487.6,24564.0,40,13.57
2026-06-08T17:48:46.808813+00:00,scheduler,0,2,2229.6,24564.0,41,71.75
2026-06-08T17:48:51.809394+00:00,scheduler,0,1,4277.6,24564.0,42,71.762
2026-06-08T17:48:56.809944+00:00,scheduler,0,2,5945.6,24564.0,42,72.07
2026-06-08T17:49:01.810516+00:00,scheduler,0,1,7381.6,24564.0,42,71.887
2026-06-08T17:49:06.811082+00:00,scheduler,0,1,9029.6,24564.0,42,72.014
2026-06-08T17:49:11.811608+00:00,scheduler,0,2,10321.6,24564.0,42,71.875
2026-06-08T17:49:16.812222+00:00,scheduler,0,1,12049.6,24564.0,43,72.0
2026-06-08T17:49:21.812958+00:00,scheduler,0,2,13453.6,24564.0,43,71.892
2026-06-08T17:49:26.813650+00:00,scheduler,0,2,14623.6,24564.0,43,71.871
2026-06-08T17:49:31.814279+00:00,scheduler,0,10,16603.6,24564.0,43,71.918
2026-06-08T17:49:36.815001+00:00,scheduler,0,0,16773.6,24564.0,43,71.545
2026-06-08T17:49:41.815574+00:00,scheduler,0,0,16773.6,24564.0,43,71.632
2026-06-08T17:49:46.816178+00:00,scheduler,0,0,16773.6,24564.0,43,71.623
2026-06-08T17:49:51.816894+00:00,scheduler,0,0,16773.6,24564.0,42,15.53
2026-06-08T17:49:56.817532+00:00,scheduler,0,0,16773.6,24564.0,42,13.723
2026-06-08T17:50:01.818122+00:00,scheduler,0,0,16773.6,24564.0,42,14.008
2026-06-08T17:50:06.818743+00:00,scheduler,0,0,16773.6,24564.0,42,14.138
2026-06-08T17:50:11.819268+00:00,scheduler,0,0,16773.6,24564.0,42,13.851
2026-06-08T17:50:16.819806+00:00,scheduler,0,0,16773.6,24564.0,46,84.793
2026-06-08T17:50:21.820348+00:00,scheduler,0,0,16773.6,24564.0,44,72.368
2026-06-08T17:50:26.820831+00:00,scheduler,0,0,16773.6,24564.0,44,72.282
2026-06-08T17:50:31.821370+00:00,scheduler,0,0,16773.6,24564.0,44,72.041
2026-06-08T17:50:36.821949+00:00,scheduler,0,0,16773.6,24564.0,43,13.846
2026-06-08T17:50:41.822550+00:00,scheduler,0,7,16773.6,24564.0,44,30.587
2026-06-08T17:50:46.823211+00:00,scheduler,0,0,16773.6,24564.0,44,72.177
2026-06-08T17:50:51.823890+00:00,scheduler,0,0,16773.6,24564.0,44,72.113
2026-06-08T17:50:56.824542+00:00,scheduler,0,0,16773.6,24564.0,44,72.018
2026-06-08T17:51:01.825160+00:00,scheduler,0,0,16773.6,24564.0,44,72.317
2026-06-08T17:51:06.825816+00:00,scheduler,0,0,16773.6,24564.0,44,72.108
2026-06-08T17:51:11.826466+00:00,scheduler,0,0,16773.6,24564.0,44,72.102
2026-06-08T17:51:16.827104+00:00,scheduler,0,0,16773.6,24564.0,44,72.369
2026-06-08T17:51:21.827766+00:00,scheduler,0,0,16773.6,24564.0,44,72.402
2026-06-08T17:51:26.828338+00:00,scheduler,0,0,16773.6,24564.0,44,72.285
2026-06-08T17:51:31.828894+00:00,scheduler,0,0,16773.6,24564.0,44,72.338
2026-06-08T17:51:36.829477+00:00,scheduler,0,2,16773.6,24564.0,44,72.328
2026-06-08T17:51:41.830037+00:00,scheduler,0,7,16773.6,24564.0,44,72.847
2026-06-08T17:51:46.830669+00:00,scheduler,0,6,16773.6,24564.0,44,72.807
2026-06-08T17:51:51.831536+00:00,scheduler,0,9,3685.6,24564.0,44,72.374
2026-06-08T17:51:56.832122+00:00,scheduler,0,0,7817.6,24564.0,44,72.118
2026-06-08T17:52:01.832759+00:00,scheduler,0,0,8641.6,24564.0,44,71.526
2026-06-08T17:52:06.833355+00:00,scheduler,0,1,10015.6,24564.0,44,72.513
2026-06-08T17:52:11.833954+00:00,scheduler,0,3,12517.6,24564.0,44,72.145
2026-06-08T17:52:16.834601+00:00,scheduler,0,0,15325.6,24564.0,44,71.94
2026-06-08T17:52:21.835163+00:00,scheduler,0,1,16625.6,24564.0,44,72.184
2026-06-08T17:52:26.835708+00:00,scheduler,0,0,16773.6,24564.0,44,71.798
2026-06-08T17:52:31.836364+00:00,scheduler,0,0,16773.6,24564.0,44,71.513
2026-06-08T17:52:36.836914+00:00,scheduler,0,0,16773.6,24564.0,44,71.872
2026-06-08T17:52:41.837541+00:00,scheduler,0,0,16773.6,24564.0,43,28.089
2026-06-08T17:52:46.838100+00:00,scheduler,0,0,16773.6,24564.0,42,14.008
2026-06-08T17:52:51.838693+00:00,scheduler,0,0,16773.6,24564.0,42,13.955
2026-06-08T17:52:56.839350+00:00,scheduler,0,0,16795.6,24564.0,42,13.777
2026-06-08T17:53:01.839829+00:00,scheduler,0,100,17085.6,24564.0,62,450.123
2026-06-08T17:53:06.840387+00:00,scheduler,0,100,17705.6,24564.0,64,451.263
2026-06-08T17:53:11.840993+00:00,scheduler,0,100,17705.6,24564.0,65,435.095
2026-06-08T17:53:16.841528+00:00,scheduler,0,100,17705.6,24564.0,67,448.497
2026-06-08T17:53:21.842042+00:00,scheduler,0,0,16773.6,24564.0,51,74.721
2026-06-08T17:53:26.842635+00:00,scheduler,0,0,16773.6,24564.0,49,73.741
2026-06-08T17:53:31.843238+00:00,scheduler,0,0,16773.6,24564.0,48,73.914
2026-06-08T17:53:36.843883+00:00,scheduler,0,0,16773.6,24564.0,47,18.26
2026-06-08T17:53:41.844373+00:00,scheduler,0,0,16773.6,24564.0,46,14.606
2026-06-08T17:53:46.844917+00:00,scheduler,0,9,16773.6,24564.0,47,85.377
2026-06-08T17:53:51.845400+00:00,scheduler,0,0,1487.6,24564.0,46,78.169
2026-06-08T17:53:56.845957+00:00,scheduler,0,0,1487.6,24564.0,46,72.348
2026-06-08T17:54:01.846517+00:00,scheduler,0,0,1487.6,24564.0,46,72.362
2026-06-08T17:54:06.848337+00:00,scheduler,0,0,1487.6,24564.0,45,72.596
2026-06-08T17:54:11.848887+00:00,scheduler,0,0,1487.6,24564.0,44,14.181
2026-06-08T17:54:16.849486+00:00,scheduler,0,0,1487.6,24564.0,43,14.13
2026-06-08T17:54:21.850215+00:00,scheduler,0,0,1487.6,24564.0,43,14.045
2026-06-08T17:54:26.850783+00:00,scheduler,0,0,1487.6,24564.0,43,13.966
2026-06-08T17:54:31.851342+00:00,scheduler,0,0,1487.6,24564.0,42,14.095
2026-06-08T17:54:36.851861+00:00,scheduler,0,0,1487.6,24564.0,42,13.804
2026-06-08T17:54:41.852386+00:00,scheduler,0,0,1487.6,24564.0,42,13.913
2026-06-08T17:54:46.852926+00:00,scheduler,0,0,1487.6,24564.0,42,13.796
2026-06-08T17:54:51.853489+00:00,scheduler,0,0,1487.6,24564.0,41,13.892
2026-06-08T17:54:56.853989+00:00,scheduler,0,0,1487.6,24564.0,41,13.924
2026-06-08T17:55:01.854526+00:00,scheduler,0,0,1487.6,24564.0,41,13.851
2026-06-08T17:55:06.855121+00:00,scheduler,0,0,1487.6,24564.0,41,13.788
2026-06-08T17:55:11.855707+00:00,scheduler,0,1,2229.6,24564.0,42,37.112
2026-06-08T17:55:16.856185+00:00,scheduler,0,1,3501.6,24564.0,42,71.65
2026-06-08T17:55:21.856693+00:00,scheduler,0,0,4849.6,24564.0,42,71.614
2026-06-08T17:55:26.857162+00:00,scheduler,0,1,6313.6,24564.0,42,71.745
2026-06-08T17:55:31.857674+00:00,scheduler,0,1,8341.6,24564.0,42,71.696
2026-06-08T17:55:36.858226+00:00,scheduler,0,2,9601.6,24564.0,43,71.991
2026-06-08T17:55:41.858746+00:00,scheduler,0,1,10429.6,24564.0,43,71.969
2026-06-08T17:55:46.859210+00:00,scheduler,0,0,12049.6,24564.0,43,71.906
2026-06-08T17:55:51.859800+00:00,scheduler,0,2,13291.6,24564.0,43,71.915
2026-06-08T17:55:56.860587+00:00,scheduler,0,2,14929.6,24564.0,43,72.13
2026-06-08T17:56:01.861139+00:00,scheduler,0,2,16495.6,24564.0,43,72.118
2026-06-08T17:56:06.862594+00:00,scheduler,0,0,16773.6,24564.0,43,71.653
2026-06-08T17:56:11.863146+00:00,scheduler,0,0,16773.6,24564.0,43,71.591
2026-06-08T17:56:16.863755+00:00,scheduler,0,0,16773.6,24564.0,43,71.999
2026-06-08T17:56:21.864405+00:00,scheduler,0,0,16773.6,24564.0,42,49.884
2026-06-08T17:56:26.864934+00:00,scheduler,0,0,16773.6,24564.0,42,14.015
2026-06-08T17:56:31.865597+00:00,scheduler,0,0,16773.6,24564.0,42,14.246
2026-06-08T17:56:36.866136+00:00,scheduler,0,0,16773.6,24564.0,42,13.75
2026-06-08T17:56:41.866826+00:00,scheduler,0,0,16773.6,24564.0,41,13.707
2026-06-08T17:56:46.867343+00:00,scheduler,0,94,17705.6,24564.0,52,446.739
2026-06-08T17:56:51.867956+00:00,scheduler,0,0,16773.6,24564.0,44,71.728
2026-06-08T17:56:56.868552+00:00,scheduler,0,0,16773.6,24564.0,44,71.954
2026-06-08T17:57:01.869941+00:00,scheduler,0,0,16773.6,24564.0,44,71.937
2026-06-08T17:57:06.870465+00:00,scheduler,0,0,16773.6,24564.0,42,13.668
2026-06-08T17:57:11.870970+00:00,scheduler,0,0,16773.6,24564.0,42,13.662
2026-06-08T17:57:16.871500+00:00,scheduler,0,0,16773.6,24564.0,43,71.582
2026-06-08T17:57:21.872207+00:00,scheduler,0,0,16773.6,24564.0,43,71.62
2026-06-08T17:57:26.872759+00:00,scheduler,0,6,16773.6,24564.0,43,71.918
2026-06-08T17:57:31.873329+00:00,scheduler,0,7,16773.6,24564.0,43,72.366
2026-06-08T17:57:36.873844+00:00,scheduler,0,0,1487.6,24564.0,44,85.735
2026-06-08T17:57:41.874374+00:00,scheduler,0,1,3297.6,24564.0,43,71.549
2026-06-08T17:57:46.874964+00:00,scheduler,0,2,4781.6,24564.0,43,71.538
2026-06-08T17:57:51.875657+00:00,scheduler,0,2,6013.6,24564.0,43,71.642
2026-06-08T17:57:56.876194+00:00,scheduler,0,1,7769.6,24564.0,43,71.712
2026-06-08T17:58:01.876762+00:00,scheduler,0,1,8641.6,24564.0,43,71.809
2026-06-08T17:58:06.877386+00:00,scheduler,0,0,9049.6,24564.0,43,71.62
2026-06-08T17:58:11.877996+00:00,scheduler,0,1,10051.6,24564.0,43,72.055
2026-06-08T17:58:16.878570+00:00,scheduler,0,0,11203.6,24564.0,44,71.67
2026-06-08T17:58:21.879120+00:00,scheduler,0,1,12049.6,24564.0,44,72.039
2026-06-08T17:58:26.879722+00:00,scheduler,0,0,16773.6,24564.0,44,72.424
2026-06-08T17:58:31.880220+00:00,scheduler,0,0,16773.6,24564.0,44,71.41
2026-06-08T17:58:36.880778+00:00,scheduler,0,0,16773.6,24564.0,44,71.725
2026-06-08T17:58:41.881338+00:00,scheduler,0,0,16773.6,24564.0,44,71.594
2026-06-08T17:58:46.881858+00:00,scheduler,0,0,16773.6,24564.0,43,15.899
2026-06-08T17:58:51.882384+00:00,scheduler,0,0,16773.6,24564.0,42,14.11
2026-06-08T17:58:56.882932+00:00,scheduler,0,0,16773.6,24564.0,42,13.979
2026-06-08T17:59:01.883482+00:00,scheduler,0,0,16773.6,24564.0,42,14.068
2026-06-08T17:59:06.883947+00:00,scheduler,0,0,16773.6,24564.0,42,13.861
2026-06-08T17:59:11.884461+00:00,scheduler,0,0,16773.6,24564.0,42,14.047
2026-06-08T17:59:16.884930+00:00,scheduler,0,100,17085.6,24564.0,60,446.797
2026-06-08T17:59:21.885446+00:00,scheduler,0,0,17705.6,24564.0,49,288.722
2026-06-08T17:59:26.885997+00:00,scheduler,0,100,17705.6,24564.0,64,447.807
2026-06-08T17:59:31.886538+00:00,scheduler,0,100,17705.6,24564.0,66,448.895
2026-06-08T17:59:36.887059+00:00,scheduler,0,0,16773.6,24564.0,52,88.266
2026-06-08T17:59:41.887622+00:00,scheduler,0,0,16773.6,24564.0,50,74.623
2026-06-08T17:59:46.888097+00:00,scheduler,0,0,16773.6,24564.0,49,73.733
2026-06-08T17:59:51.888714+00:00,scheduler,0,0,16773.6,24564.0,48,73.482
2026-06-08T17:59:56.889381+00:00,scheduler,0,0,16773.6,24564.0,47,14.89
2026-06-08T18:00:01.890007+00:00,scheduler,0,7,16773.6,24564.0,47,73.945
2026-06-08T18:00:06.890625+00:00,scheduler,0,0,16773.6,24564.0,47,73.446
2026-06-08T18:00:11.891165+00:00,scheduler,0,1,16773.6,24564.0,46,73.553
2026-06-08T18:00:16.891637+00:00,scheduler,0,2,16773.6,24564.0,46,73.495
2026-06-08T18:00:21.892165+00:00,scheduler,0,5,16773.6,24564.0,46,72.909
2026-06-08T18:00:26.892726+00:00,scheduler,0,1,16773.6,24564.0,46,73.052
2026-06-08T18:00:31.893316+00:00,scheduler,0,1,16773.6,24564.0,46,72.961
2026-06-08T18:00:36.894021+00:00,scheduler,0,0,16773.6,24564.0,45,73.302
2026-06-08T18:00:41.894598+00:00,scheduler,0,0,1487.6,24564.0,45,73.623
2026-06-08T18:00:46.895188+00:00,scheduler,0,0,1487.6,24564.0,45,72.534
2026-06-08T18:00:51.895854+00:00,scheduler,0,0,1487.6,24564.0,45,72.363
2026-06-08T18:00:56.897397+00:00,scheduler,0,0,1487.6,24564.0,45,72.005
2026-06-08T18:01:01.898038+00:00,scheduler,0,0,1487.6,24564.0,44,16.834
2026-06-08T18:01:06.898679+00:00,scheduler,0,0,1487.6,24564.0,43,13.776
2026-06-08T18:01:11.899238+00:00,scheduler,0,0,1487.6,24564.0,43,13.789
2026-06-08T18:01:16.900921+00:00,scheduler,0,0,1487.6,24564.0,42,13.883
2026-06-08T18:01:21.901475+00:00,scheduler,0,0,1487.6,24564.0,42,13.885
2026-06-08T18:01:26.902129+00:00,scheduler,0,0,1487.6,24564.0,42,13.703
2026-06-08T18:01:31.902806+00:00,scheduler,0,0,1487.6,24564.0,42,13.682
2026-06-08T18:01:36.904115+00:00,scheduler,0,0,1487.6,24564.0,42,13.726
2026-06-08T18:01:41.904666+00:00,scheduler,0,0,1487.6,24564.0,41,13.739
2026-06-08T18:01:46.905242+00:00,scheduler,0,0,1487.6,24564.0,41,13.422
2026-06-08T18:01:51.905835+00:00,scheduler,0,0,1487.6,24564.0,41,13.472
2026-06-08T18:01:56.906401+00:00,scheduler,0,0,1487.6,24564.0,41,13.24
2026-06-08T18:02:01.907031+00:00,scheduler,0,0,1487.6,24564.0,41,13.456
2026-06-08T18:02:06.907669+00:00,scheduler,0,0,1487.6,24564.0,41,13.658
2026-06-08T18:02:11.908278+00:00,scheduler,0,0,1487.6,24564.0,41,12.954
2026-06-08T18:02:16.908901+00:00,scheduler,0,0,1487.6,24564.0,41,13.229
2026-06-08T18:02:21.909555+00:00,scheduler,0,0,1487.6,24564.0,40,13.355
2026-06-08T18:02:26.910038+00:00,scheduler,0,0,1487.6,24564.0,40,13.687
2026-06-08T18:02:31.910638+00:00,scheduler,0,0,1487.6,24564.0,40,13.737
2026-06-08T18:02:36.911154+00:00,scheduler,0,0,1487.6,24564.0,40,13.761
2026-06-08T18:02:41.911676+00:00,scheduler,0,0,1487.6,24564.0,40,13.662
2026-06-08T18:02:46.912209+00:00,scheduler,0,0,1487.6,24564.0,40,13.78
2026-06-08T18:02:51.912815+00:00,scheduler,0,6,12517.6,24564.0,42,71.906
2026-06-08T18:02:56.913350+00:00,scheduler,0,0,16773.6,24564.0,42,71.401
2026-06-08T18:03:01.913853+00:00,scheduler,0,0,16773.6,24564.0,42,71.288
2026-06-08T18:03:06.914363+00:00,scheduler,0,0,16773.6,24564.0,42,71.353
2026-06-08T18:03:11.914802+00:00,scheduler,0,0,16773.6,24564.0,41,55.032
2026-06-08T18:03:16.915371+00:00,scheduler,0,0,16773.6,24564.0,41,13.533
2026-06-08T18:03:21.915995+00:00,scheduler,0,0,16773.6,24564.0,41,13.702
2026-06-08T18:03:26.916556+00:00,scheduler,0,100,17705.6,24564.0,49,389.735
2026-06-08T18:03:31.917200+00:00,scheduler,0,0,16773.6,24564.0,44,72.035
2026-06-08T18:03:36.917753+00:00,scheduler,0,0,16773.6,24564.0,44,72.219
2026-06-08T18:03:41.918332+00:00,scheduler,0,0,16773.6,24564.0,44,72.057
2026-06-08T18:03:46.918849+00:00,scheduler,0,7,16773.6,24564.0,44,72.809
2026-06-08T18:03:51.919348+00:00,scheduler,0,8,16773.6,24564.0,44,72.912
2026-06-08T18:03:56.919862+00:00,scheduler,0,4,7953.6,24564.0,44,77.749
2026-06-08T18:04:01.920350+00:00,scheduler,0,16,16773.6,24564.0,44,73.237
2026-06-08T18:04:06.920819+00:00,scheduler,0,0,16773.6,24564.0,44,72.031
2026-06-08T18:04:11.921366+00:00,scheduler,0,0,16773.6,24564.0,44,72.063
2026-06-08T18:04:16.921961+00:00,scheduler,0,0,16773.6,24564.0,44,72.083
2026-06-08T18:04:21.922648+00:00,scheduler,0,0,16773.6,24564.0,43,13.885
2026-06-08T18:04:26.923207+00:00,scheduler,0,0,16773.6,24564.0,43,13.927
2026-06-08T18:04:31.923751+00:00,scheduler,0,0,16773.6,24564.0,43,13.608
2026-06-08T18:04:36.924336+00:00,scheduler,0,0,16773.6,24564.0,42,13.61
2026-06-08T18:04:41.924856+00:00,scheduler,0,100,17085.6,24564.0,61,452.146
2026-06-08T18:04:46.925355+00:00,scheduler,0,100,17705.6,24564.0,64,429.385
2026-06-08T18:04:51.925911+00:00,scheduler,0,100,17705.6,24564.0,66,448.838
2026-06-08T18:04:56.926422+00:00,scheduler,0,100,17705.6,24564.0,67,447.572
2026-06-08T18:05:01.927043+00:00,scheduler,0,0,16773.6,24564.0,52,87.495
2026-06-08T18:05:06.927660+00:00,scheduler,0,0,16773.6,24564.0,50,74.793
2026-06-08T18:05:11.928348+00:00,scheduler,0,0,16773.6,24564.0,49,74.28
2026-06-08T18:05:16.928850+00:00,scheduler,0,0,16773.6,24564.0,48,58.253
2026-06-08T18:05:21.929406+00:00,scheduler,0,0,16773.6,24564.0,47,14.654
2026-06-08T18:05:26.929971+00:00,scheduler,0,7,16773.6,24564.0,47,75.107
2026-06-08T18:05:31.930552+00:00,scheduler,0,0,1487.6,24564.0,47,85.198
2026-06-08T18:05:36.931118+00:00,scheduler,0,0,1487.6,24564.0,47,72.683
2026-06-08T18:05:41.931743+00:00,scheduler,0,0,1487.6,24564.0,46,72.108
2026-06-08T18:05:46.932351+00:00,scheduler,0,0,1487.6,24564.0,46,72.365
2026-06-08T18:05:51.932980+00:00,scheduler,0,0,1487.6,24564.0,45,14.133
2026-06-08T18:05:56.933581+00:00,scheduler,0,0,1487.6,24564.0,44,14.169
2026-06-08T18:06:01.934141+00:00,scheduler,0,0,1487.6,24564.0,44,13.889
2026-06-08T18:06:06.934760+00:00,scheduler,0,21,6265.6,24564.0,44,37.448
2026-06-08T18:06:11.935229+00:00,scheduler,0,0,13993.6,24564.0,44,72.113
2026-06-08T18:06:16.935736+00:00,scheduler,0,1,15325.6,24564.0,44,72.096
2026-06-08T18:06:21.936282+00:00,scheduler,0,0,16567.6,24564.0,44,72.265
2026-06-08T18:06:26.936869+00:00,scheduler,0,0,16773.6,24564.0,44,71.709
2026-06-08T18:06:31.937510+00:00,scheduler,0,0,16773.6,24564.0,44,71.53
2026-06-08T18:06:36.938072+00:00,scheduler,0,0,16773.6,24564.0,44,71.319
2026-06-08T18:06:41.938681+00:00,scheduler,0,0,16773.6,24564.0,43,52.004
2026-06-08T18:06:46.939319+00:00,scheduler,0,0,16773.6,24564.0,43,13.69
2026-06-08T18:06:51.939895+00:00,scheduler,0,0,16773.6,24564.0,43,13.852
2026-06-08T18:06:56.940479+00:00,scheduler,0,0,16773.6,24564.0,42,13.748
2026-06-08T18:07:01.941104+00:00,scheduler,0,0,16773.6,24564.0,47,229.506
2026-06-08T18:07:06.941709+00:00,scheduler,0,0,16773.6,24564.0,45,72.053
2026-06-08T18:07:11.942195+00:00,scheduler,0,0,16773.6,24564.0,45,72.243
2026-06-08T18:07:16.943580+00:00,scheduler,0,0,16773.6,24564.0,45,72.056
2026-06-08T18:07:21.945114+00:00,scheduler,0,0,16773.6,24564.0,43,14.078
2026-06-08T18:07:26.945703+00:00,scheduler,0,7,16773.6,24564.0,45,83.062
2026-06-08T18:07:31.946254+00:00,scheduler,0,8,16773.6,24564.0,44,73.104
2026-06-08T18:07:36.946848+00:00,scheduler,0,2,2249.6,24564.0,44,72.61
2026-06-08T18:07:41.948050+00:00,scheduler,0,1,3821.6,24564.0,44,72.492
2026-06-08T18:07:46.948608+00:00,scheduler,0,0,5149.6,24564.0,44,72.575
2026-06-08T18:07:51.949115+00:00,scheduler,0,2,6333.6,24564.0,44,72.633
2026-06-08T18:07:56.949651+00:00,scheduler,0,0,7769.6,24564.0,44,72.373
2026-06-08T18:08:01.950141+00:00,scheduler,0,1,9339.6,24564.0,44,72.168
2026-06-08T18:08:06.950671+00:00,scheduler,0,19,16773.6,24564.0,44,73.707
2026-06-08T18:08:11.953795+00:00,scheduler,0,0,16773.6,24564.0,44,72.026
2026-06-08T18:08:16.954363+00:00,scheduler,0,0,16773.6,24564.0,44,71.908
2026-06-08T18:08:21.954966+00:00,scheduler,0,0,16773.6,24564.0,44,72.228
2026-06-08T18:08:26.955728+00:00,scheduler,0,0,16773.6,24564.0,43,17.906
2026-06-08T18:08:31.956262+00:00,scheduler,0,39,17049.6,24564.0,46,57.398
2026-06-08T18:08:36.956861+00:00,scheduler,0,100,17085.6,24564.0,62,449.777
2026-06-08T18:08:41.957363+00:00,scheduler,0,0,17705.6,24564.0,47,79.004
2026-06-08T18:08:46.957863+00:00,scheduler,0,0,17705.6,24564.0,46,72.398
2026-06-08T18:08:51.958449+00:00,scheduler,0,100,17705.6,24564.0,64,451.419
2026-06-08T18:08:56.958976+00:00,scheduler,0,0,17705.6,24564.0,51,137.693
2026-06-08T18:09:01.959482+00:00,scheduler,0,0,17705.6,24564.0,48,73.01
2026-06-08T18:09:06.959964+00:00,scheduler,0,100,17705.6,24564.0,66,448.761
2026-06-08T18:09:11.960458+00:00,scheduler,0,0,16773.6,24564.0,51,81.386
2026-06-08T18:09:16.960986+00:00,scheduler,0,0,16773.6,24564.0,49,73.69
2026-06-08T18:09:21.961672+00:00,scheduler,0,0,16773.6,24564.0,49,73.167
2026-06-08T18:09:26.962203+00:00,scheduler,0,0,16773.6,24564.0,47,51.98
2026-06-08T18:09:31.962838+00:00,scheduler,0,0,16773.6,24564.0,46,14.288
2026-06-08T18:09:36.963269+00:00,scheduler,0,3,16773.6,24564.0,47,73.481
2026-06-08T18:09:41.963788+00:00,scheduler,0,7,16773.6,24564.0,46,73.499
2026-06-08T18:09:46.964359+00:00,scheduler,0,0,1487.6,24564.0,46,84.456
2026-06-08T18:09:51.965016+00:00,scheduler,0,0,1487.6,24564.0,46,72.214
2026-06-08T18:09:56.965536+00:00,scheduler,0,0,1487.6,24564.0,46,72.076
2026-06-08T18:10:01.966059+00:00,scheduler,0,0,1487.6,24564.0,45,71.886
2026-06-08T18:10:06.966654+00:00,scheduler,0,0,1487.6,24564.0,44,13.482
2026-06-08T18:10:11.967210+00:00,scheduler,0,0,1487.6,24564.0,43,13.647
2026-06-08T18:10:16.967821+00:00,scheduler,0,0,1487.6,24564.0,43,13.572
2026-06-08T18:10:21.968375+00:00,scheduler,0,0,1487.6,24564.0,43,13.637
2026-06-08T18:10:26.969066+00:00,scheduler,0,0,1487.6,24564.0,43,13.605
2026-06-08T18:10:31.970685+00:00,scheduler,0,0,1487.6,24564.0,42,13.384
2026-06-08T18:10:36.971236+00:00,scheduler,0,0,2229.6,24564.0,42,13.459
2026-06-08T18:10:41.973954+00:00,scheduler,0,11,7273.6,24564.0,43,71.724
2026-06-08T18:10:46.974581+00:00,scheduler,0,21,13453.6,24564.0,43,72.439
2026-06-08T18:10:51.975080+00:00,scheduler,0,0,16027.6,24564.0,43,71.688
2026-06-08T18:10:56.975588+00:00,scheduler,0,3,16603.6,24564.0,43,71.772
2026-06-08T18:11:01.976167+00:00,scheduler,0,0,16773.6,24564.0,43,71.412
2026-06-08T18:11:06.976716+00:00,scheduler,0,0,16773.6,24564.0,44,71.427
2026-06-08T18:11:11.977250+00:00,scheduler,0,0,16773.6,24564.0,44,71.549
2026-06-08T18:11:16.977783+00:00,scheduler,0,0,16773.6,24564.0,42,15.872
2026-06-08T18:11:21.978351+00:00,scheduler,0,100,17085.6,24564.0,59,457.268
2026-06-08T18:11:26.978907+00:00,scheduler,0,0,16773.6,24564.0,45,72.28
2026-06-08T18:11:31.979414+00:00,scheduler,0,0,16773.6,24564.0,45,71.952
2026-06-08T18:11:36.979924+00:00,scheduler,0,0,16773.6,24564.0,44,71.999
2026-06-08T18:11:41.980495+00:00,scheduler,0,7,16773.6,24564.0,44,32.348
2026-06-08T18:11:46.981120+00:00,scheduler,0,1,16773.6,24564.0,44,71.994
2026-06-08T18:11:51.981728+00:00,scheduler,0,0,16773.6,24564.0,44,71.879
2026-06-08T18:11:56.982413+00:00,scheduler,0,0,16773.6,24564.0,44,72.054
2026-06-08T18:12:01.983067+00:00,scheduler,0,0,16773.6,24564.0,44,72.247
2026-06-08T18:12:06.983649+00:00,scheduler,0,0,16773.6,24564.0,44,72.397
2026-06-08T18:12:11.984161+00:00,scheduler,0,0,16773.6,24564.0,44,72.271
2026-06-08T18:12:16.985415+00:00,scheduler,0,0,16773.6,24564.0,44,72.347
2026-06-08T18:12:21.985988+00:00,scheduler,0,0,16773.6,24564.0,44,72.37
2026-06-08T18:12:26.986540+00:00,scheduler,0,0,16773.6,24564.0,44,72.555
2026-06-08T18:12:31.987077+00:00,scheduler,0,0,16773.6,24564.0,44,72.119
2026-06-08T18:12:36.987553+00:00,scheduler,0,0,16773.6,24564.0,44,72.377
2026-06-08T18:12:41.988096+00:00,scheduler,0,0,16773.6,24564.0,44,72.073
2026-06-08T18:12:46.988732+00:00,scheduler,0,0,16773.6,24564.0,44,72.386
2026-06-08T18:12:51.989318+00:00,scheduler,0,8,16773.6,24564.0,44,72.76
2026-06-08T18:12:56.989870+00:00,scheduler,0,1,16773.6,24564.0,44,72.242
2026-06-08T18:13:01.993245+00:00,scheduler,0,1,16773.6,24564.0,44,72.541
2026-06-08T18:13:06.993843+00:00,scheduler,0,1,16773.6,24564.0,44,72.331
2026-06-08T18:13:11.994418+00:00,scheduler,0,0,16773.6,24564.0,44,72.165
2026-06-08T18:13:16.995043+00:00,scheduler,0,0,1487.6,24564.0,45,85.031
2026-06-08T18:13:21.995735+00:00,scheduler,0,23,13921.6,24564.0,44,73.441
2026-06-08T18:13:26.996330+00:00,scheduler,0,0,16773.6,24564.0,44,71.631
2026-06-08T18:13:31.996873+00:00,scheduler,0,0,16773.6,24564.0,44,71.738
2026-06-08T18:13:36.997473+00:00,scheduler,0,0,16773.6,24564.0,44,71.715
2026-06-08T18:13:41.998055+00:00,scheduler,0,0,16773.6,24564.0,43,50.443
2026-06-08T18:13:46.998741+00:00,scheduler,0,0,16773.6,24564.0,43,13.942
2026-06-08T18:13:51.999342+00:00,scheduler,0,0,16773.6,24564.0,42,13.746
2026-06-08T18:13:57.000667+00:00,scheduler,0,0,16773.6,24564.0,42,13.37
2026-06-08T18:14:02.001229+00:00,scheduler,0,0,16773.6,24564.0,42,13.327
2026-06-08T18:14:07.001875+00:00,scheduler,0,100,17085.6,24564.0,60,447.397
2026-06-08T18:14:12.002436+00:00,scheduler,0,100,17705.6,24564.0,63,456.445
2026-06-08T18:14:17.003041+00:00,scheduler,0,100,17705.6,24564.0,65,448.508
2026-06-08T18:14:22.003616+00:00,scheduler,0,100,17705.6,24564.0,67,450.197
2026-06-08T18:14:27.004117+00:00,scheduler,0,0,16773.6,24564.0,51,75.935
2026-06-08T18:14:32.004607+00:00,scheduler,0,0,16773.6,24564.0,50,73.683
2026-06-08T18:14:37.005937+00:00,scheduler,0,0,16773.6,24564.0,49,73.304
2026-06-08T18:14:42.006623+00:00,scheduler,0,0,16773.6,24564.0,47,44.753
2026-06-08T18:14:47.007246+00:00,scheduler,0,0,16773.6,24564.0,46,14.412
2026-06-08T18:14:52.007794+00:00,scheduler,0,0,16773.6,24564.0,45,14.258
2026-06-08T18:14:57.009261+00:00,scheduler,0,0,16773.6,24564.0,45,14.409
2026-06-08T18:15:02.009774+00:00,scheduler,0,0,16773.6,24564.0,46,72.676
2026-06-08T18:15:07.010307+00:00,scheduler,0,0,16773.6,24564.0,45,72.658
2026-06-08T18:15:12.010780+00:00,scheduler,0,0,16773.6,24564.0,45,72.633
2026-06-08T18:15:17.011332+00:00,scheduler,0,1,16773.6,24564.0,45,72.591
2026-06-08T18:15:22.011841+00:00,scheduler,0,0,16773.6,24564.0,45,72.63
2026-06-08T18:15:27.012392+00:00,scheduler,0,0,16773.6,24564.0,45,72.178
2026-06-08T18:15:32.012915+00:00,scheduler,0,0,16773.6,24564.0,45,72.498
2026-06-08T18:15:37.013469+00:00,scheduler,0,0,16773.6,24564.0,45,72.304
2026-06-08T18:15:42.014084+00:00,scheduler,0,0,16773.6,24564.0,45,72.484
2026-06-08T18:15:47.014651+00:00,scheduler,0,1,16773.6,24564.0,45,72.46
2026-06-08T18:15:52.015196+00:00,scheduler,0,0,16773.6,24564.0,45,72.382
2026-06-08T18:15:57.015815+00:00,scheduler,0,3,16773.6,24564.0,45,72.594
2026-06-08T18:16:02.016344+00:00,scheduler,0,6,16773.6,24564.0,44,72.474
2026-06-08T18:16:07.018176+00:00,scheduler,0,0,1487.6,24564.0,44,77.156
2026-06-08T18:16:12.018699+00:00,scheduler,0,0,1487.6,24564.0,44,71.904
2026-06-08T18:16:17.019220+00:00,scheduler,0,0,1487.6,24564.0,44,71.733
2026-06-08T18:16:22.021557+00:00,scheduler,0,0,1487.6,24564.0,43,35.239
2026-06-08T18:16:27.022075+00:00,scheduler,0,0,1487.6,24564.0,43,13.605
2026-06-08T18:16:32.022576+00:00,scheduler,0,0,1487.6,24564.0,43,13.547
2026-06-08T18:16:37.023071+00:00,scheduler,0,0,1487.6,24564.0,42,13.302
2026-06-08T18:16:42.023627+00:00,scheduler,0,0,1487.6,24564.0,42,13.617
2026-06-08T18:16:47.024212+00:00,scheduler,0,2,2229.6,24564.0,43,72.235
2026-06-08T18:16:52.024786+00:00,scheduler,0,2,3413.6,24564.0,43,72.169
2026-06-08T18:16:57.025280+00:00,scheduler,0,1,5005.6,24564.0,43,72.127
2026-06-08T18:17:02.025866+00:00,scheduler,0,0,6061.6,24564.0,43,72.024
2026-06-08T18:17:07.026528+00:00,scheduler,0,2,7177.6,24564.0,43,72.02
2026-06-08T18:17:12.028218+00:00,scheduler,0,1,8641.6,24564.0,43,71.966
2026-06-08T18:17:17.028726+00:00,scheduler,0,1,9799.6,24564.0,44,72.505
2026-06-08T18:17:22.029166+00:00,scheduler,0,2,12283.6,24564.0,44,72.247
2026-06-08T18:17:27.029638+00:00,scheduler,0,2,14155.6,24564.0,44,72.144
2026-06-08T18:17:32.030326+00:00,scheduler,0,0,15397.6,24564.0,44,72.477
2026-06-08T18:17:37.030866+00:00,scheduler,0,1,16773.6,24564.0,44,72.228
2026-06-08T18:17:42.031479+00:00,scheduler,0,0,16773.6,24564.0,44,71.744
2026-06-08T18:17:47.032015+00:00,scheduler,0,0,16773.6,24564.0,44,71.875
2026-06-08T18:17:52.032624+00:00,scheduler,0,0,16773.6,24564.0,44,71.706
2026-06-08T18:17:57.033182+00:00,scheduler,0,0,16773.6,24564.0,43,13.76
2026-06-08T18:18:02.033748+00:00,scheduler,0,0,16773.6,24564.0,42,13.606
2026-06-08T18:18:07.034357+00:00,scheduler,0,0,16773.6,24564.0,42,13.393
2026-06-08T18:18:12.034991+00:00,scheduler,0,0,16773.6,24564.0,42,13.307
2026-06-08T18:18:17.035574+00:00,scheduler,0,0,16773.6,24564.0,42,13.304
2026-06-08T18:18:22.036012+00:00,scheduler,0,100,17085.6,24564.0,59,446.839
2026-06-08T18:18:27.036539+00:00,scheduler,0,0,16773.6,24564.0,44,71.73
2026-06-08T18:18:32.037123+00:00,scheduler,0,0,16773.6,24564.0,44,71.82
2026-06-08T18:18:37.037654+00:00,scheduler,0,0,16773.6,24564.0,44,71.749
2026-06-08T18:18:42.038177+00:00,scheduler,0,0,16773.6,24564.0,43,16.022
2026-06-08T18:18:47.038714+00:00,scheduler,0,0,16773.6,24564.0,42,13.642
2026-06-08T18:18:52.039162+00:00,scheduler,0,0,16773.6,24564.0,42,13.661
2026-06-08T18:18:57.039698+00:00,scheduler,0,7,16773.6,24564.0,43,72.833
2026-06-08T18:19:02.040219+00:00,scheduler,0,8,16773.6,24564.0,43,72.91
2026-06-08T18:19:07.040706+00:00,scheduler,0,0,1487.6,24564.0,44,85.476
2026-06-08T18:19:12.041236+00:00,scheduler,0,2,2909.6,24564.0,44,72.227
2026-06-08T18:19:17.041765+00:00,scheduler,0,1,4557.6,24564.0,44,71.948
2026-06-08T18:19:22.042377+00:00,scheduler,0,0,6013.6,24564.0,44,72.239
2026-06-08T18:19:27.043106+00:00,scheduler,0,1,7613.6,24564.0,44,72.219
2026-06-08T18:19:32.043690+00:00,scheduler,0,2,9049.6,24564.0,44,72.25
2026-06-08T18:19:37.044228+00:00,scheduler,0,0,13687.6,24564.0,44,72.405
2026-06-08T18:19:42.044845+00:00,scheduler,0,2,14857.6,24564.0,44,72.004
2026-06-08T18:19:47.045471+00:00,scheduler,0,1,16027.6,24564.0,44,72.028
2026-06-08T18:19:52.046053+00:00,scheduler,0,1,16773.6,24564.0,44,72.187
2026-06-08T18:19:57.046681+00:00,scheduler,0,0,16773.6,24564.0,44,71.401
2026-06-08T18:20:02.047349+00:00,scheduler,0,0,16773.6,24564.0,44,71.579
2026-06-08T18:20:07.047911+00:00,scheduler,0,0,16773.6,24564.0,44,71.751
2026-06-08T18:20:12.048518+00:00,scheduler,0,0,16773.6,24564.0,43,15.602
2026-06-08T18:20:17.048990+00:00,scheduler,0,0,16773.6,24564.0,42,13.879
2026-06-08T18:20:22.049557+00:00,scheduler,0,0,16773.6,24564.0,42,13.987
2026-06-08T18:20:27.050094+00:00,scheduler,0,0,16773.6,24564.0,42,13.575
2026-06-08T18:20:32.050626+00:00,scheduler,0,0,16773.6,24564.0,42,13.853
2026-06-08T18:20:37.051209+00:00,scheduler,0,100,17085.6,24564.0,61,449.246
2026-06-08T18:20:42.051777+00:00,scheduler,0,0,17705.6,24564.0,47,83.754
2026-06-08T18:20:47.052372+00:00,scheduler,0,0,17705.6,24564.0,46,72.146
2026-06-08T18:20:52.052978+00:00,scheduler,0,100,17705.6,24564.0,62,447.164
2026-06-08T18:20:57.053505+00:00,scheduler,0,100,17705.6,24564.0,65,420.11
2026-06-08T18:21:02.054076+00:00,scheduler,0,100,17705.6,24564.0,66,449.545
2026-06-08T18:21:07.054673+00:00,scheduler,0,0,16773.6,24564.0,51,74.838
2026-06-08T18:21:12.055254+00:00,scheduler,0,0,16773.6,24564.0,49,74.28
2026-06-08T18:21:17.055901+00:00,scheduler,0,0,16773.6,24564.0,49,73.681
2026-06-08T18:21:22.056447+00:00,scheduler,0,0,16773.6,24564.0,47,56.23
2026-06-08T18:21:27.056934+00:00,scheduler,0,0,16773.6,24564.0,46,15.111
2026-06-08T18:21:32.057464+00:00,scheduler,0,0,16773.6,24564.0,45,14.782
2026-06-08T18:21:37.058000+00:00,scheduler,0,0,16773.6,24564.0,45,14.674
2026-06-08T18:21:42.058681+00:00,scheduler,0,0,16773.6,24564.0,44,14.163
2026-06-08T18:21:47.059192+00:00,scheduler,0,0,16773.6,24564.0,44,14.329
2026-06-08T18:21:52.059778+00:00,scheduler,0,0,16773.6,24564.0,44,13.778
2026-06-08T18:21:57.060357+00:00,scheduler,0,0,16773.6,24564.0,43,14.069
2026-06-08T18:22:02.060919+00:00,scheduler,0,0,16773.6,24564.0,43,13.989
2026-06-08T18:22:07.061590+00:00,scheduler,0,7,16773.6,24564.0,44,72.712
2026-06-08T18:22:12.062198+00:00,scheduler,0,8,16773.6,24564.0,44,73.161
2026-06-08T18:22:17.062959+00:00,scheduler,0,0,1487.6,24564.0,44,81.816
2026-06-08T18:22:22.063569+00:00,scheduler,0,0,1487.6,24564.0,44,72.518
2026-06-08T18:22:27.064091+00:00,scheduler,0,0,1487.6,24564.0,44,72.136
2026-06-08T18:22:32.064639+00:00,scheduler,0,0,1487.6,24564.0,43,36.341
2026-06-08T18:22:37.065147+00:00,scheduler,0,0,1487.6,24564.0,43,14.051
2026-06-08T18:22:42.065653+00:00,scheduler,0,0,1487.6,24564.0,42,14.002
2026-06-08T18:22:47.066220+00:00,scheduler,0,0,1487.6,24564.0,42,13.89
2026-06-08T18:22:52.066785+00:00,scheduler,0,0,1487.6,24564.0,42,13.742
2026-06-08T18:22:57.067394+00:00,scheduler,0,0,1487.6,24564.0,42,14.016
2026-06-08T18:23:02.068012+00:00,scheduler,0,0,1487.6,24564.0,42,13.904
2026-06-08T18:23:07.069360+00:00,scheduler,0,0,1487.6,24564.0,42,13.78
2026-06-08T18:23:12.069880+00:00,scheduler,0,0,1487.6,24564.0,41,14.011
2026-06-08T18:23:17.070373+00:00,scheduler,0,0,1487.6,24564.0,41,13.67
2026-06-08T18:23:22.070826+00:00,scheduler,0,0,1487.6,24564.0,41,14.136
2026-06-08T18:23:27.071341+00:00,scheduler,0,0,1487.6,24564.0,41,14.192
2026-06-08T18:23:32.071871+00:00,scheduler,0,0,1487.6,24564.0,41,13.888
2026-06-08T18:23:37.072390+00:00,scheduler,0,0,1487.6,24564.0,41,13.839
2026-06-08T18:23:42.072899+00:00,scheduler,0,0,1487.6,24564.0,41,13.574
2026-06-08T18:23:47.073413+00:00,scheduler,0,0,1487.6,24564.0,41,13.58
2026-06-08T18:23:52.073993+00:00,scheduler,0,0,1487.6,24564.0,40,13.544
2026-06-08T18:23:57.074579+00:00,scheduler,0,0,1487.6,24564.0,40,13.479
2026-06-08T18:24:02.075345+00:00,scheduler,0,0,1487.6,24564.0,40,13.286
2026-06-08T18:24:07.075859+00:00,scheduler,0,0,1487.6,24564.0,40,13.268
2026-06-08T18:24:12.076440+00:00,scheduler,0,0,1487.6,24564.0,40,13.576
2026-06-08T18:24:17.076933+00:00,scheduler,0,0,1487.6,24564.0,40,13.493
2026-06-08T18:24:22.077482+00:00,scheduler,0,0,1487.6,24564.0,40,13.613
2026-06-08T18:24:27.080242+00:00,scheduler,0,0,1487.6,24564.0,40,13.695
2026-06-08T18:24:32.080844+00:00,scheduler,0,0,1487.6,24564.0,40,13.991
2026-06-08T18:24:37.081491+00:00,scheduler,0,0,1487.6,24564.0,40,13.845
2026-06-08T18:24:42.083167+00:00,scheduler,0,0,1487.6,24564.0,40,13.485
2026-06-08T18:24:47.083823+00:00,scheduler,0,0,1487.6,24564.0,40,13.608
2026-06-08T18:24:52.084458+00:00,scheduler,0,0,1487.6,24564.0,40,13.71
2026-06-08T18:24:57.085040+00:00,scheduler,0,0,1487.6,24564.0,40,13.658
2026-06-08T18:25:02.085644+00:00,scheduler,0,0,1487.6,24564.0,40,13.707
2026-06-08T18:25:07.086242+00:00,scheduler,0,0,1487.6,24564.0,40,13.694
2026-06-08T18:25:12.087016+00:00,scheduler,0,0,1487.6,24564.0,40,13.728
2026-06-08T18:25:17.088182+00:00,scheduler,0,0,1487.6,24564.0,40,13.673
2026-06-08T18:25:22.088729+00:00,scheduler,0,2,2229.6,24564.0,41,71.545
2026-06-08T18:25:27.089249+00:00,scheduler,0,2,3889.6,24564.0,41,71.324
2026-06-08T18:25:32.089799+00:00,scheduler,0,18,10735.6,24564.0,42,72.489
2026-06-08T18:25:37.090448+00:00,scheduler,0,0,16773.6,24564.0,42,71.423
2026-06-08T18:25:42.090997+00:00,scheduler,0,0,16773.6,24564.0,42,71.948
2026-06-08T18:25:47.091726+00:00,scheduler,0,0,16773.6,24564.0,42,71.453
2026-06-08T18:25:52.092266+00:00,scheduler,0,0,16773.6,24564.0,41,44.402
2026-06-08T18:25:57.094001+00:00,scheduler,0,0,16773.6,24564.0,41,13.87
2026-06-08T18:26:02.094539+00:00,scheduler,0,0,16773.6,24564.0,41,13.676
2026-06-08T18:26:07.096012+00:00,scheduler,0,0,16773.6,24564.0,41,13.509
2026-06-08T18:26:12.096507+00:00,scheduler,0,100,17085.6,24564.0,59,447.284
2026-06-08T18:26:17.097000+00:00,scheduler,0,0,16773.6,24564.0,44,71.62
2026-06-08T18:26:22.097566+00:00,scheduler,0,0,16773.6,24564.0,43,71.712
2026-06-08T18:26:27.098054+00:00,scheduler,0,0,16773.6,24564.0,43,71.841
2026-06-08T18:26:32.098559+00:00,scheduler,0,0,16773.6,24564.0,42,18.49
2026-06-08T18:26:37.099081+00:00,scheduler,0,0,16773.6,24564.0,42,13.751
2026-06-08T18:26:42.099624+00:00,scheduler,0,5,16773.6,24564.0,43,72.58
2026-06-08T18:26:47.100146+00:00,scheduler,0,7,16773.6,24564.0,43,73.23
2026-06-08T18:26:52.100695+00:00,scheduler,0,0,16773.6,24564.0,43,72.486
2026-06-08T18:26:57.101416+00:00,scheduler,0,0,16773.6,24564.0,43,72.241
2026-06-08T18:27:02.102041+00:00,scheduler,0,0,1487.6,24564.0,43,76.971
2026-06-08T18:27:07.104099+00:00,scheduler,0,24,16773.6,24564.0,43,72.563
2026-06-08T18:27:12.104572+00:00,scheduler,0,0,16773.6,24564.0,43,71.342
2026-06-08T18:27:17.106146+00:00,scheduler,0,0,16773.6,24564.0,44,71.574
2026-06-08T18:27:22.106683+00:00,scheduler,0,0,16773.6,24564.0,44,71.485
2026-06-08T18:27:27.107881+00:00,scheduler,0,0,16773.6,24564.0,42,13.684
2026-06-08T18:27:32.108431+00:00,scheduler,0,0,16773.6,24564.0,42,13.677
2026-06-08T18:27:37.109057+00:00,scheduler,0,0,16773.6,24564.0,42,13.917
2026-06-08T18:27:42.109715+00:00,scheduler,0,100,17085.6,24564.0,59,448.01
2026-06-08T18:27:47.110326+00:00,scheduler,0,0,17705.6,24564.0,63,384.4
2026-06-08T18:27:52.110814+00:00,scheduler,0,100,17705.6,24564.0,65,449.865
2026-06-08T18:27:57.111378+00:00,scheduler,0,100,17705.6,24564.0,67,450.354
2026-06-08T18:28:02.111938+00:00,scheduler,0,0,16773.6,24564.0,52,86.896
2026-06-08T18:28:07.112457+00:00,scheduler,0,0,16773.6,24564.0,50,74.364
2026-06-08T18:28:12.113830+00:00,scheduler,0,0,16773.6,24564.0,49,73.52
2026-06-08T18:28:17.114340+00:00,scheduler,0,0,16773.6,24564.0,48,69.306
2026-06-08T18:28:22.114812+00:00,scheduler,0,0,16773.6,24564.0,46,14.649
2026-06-08T18:28:27.115410+00:00,scheduler,0,0,16773.6,24564.0,46,14.503
2026-06-08T18:28:32.115966+00:00,scheduler,0,0,16773.6,24564.0,45,14.397
2026-06-08T18:28:37.116546+00:00,scheduler,0,0,16773.6,24564.0,45,14.202
2026-06-08T18:28:42.117040+00:00,scheduler,0,6,16773.6,24564.0,45,72.958
2026-06-08T18:28:47.117520+00:00,scheduler,0,7,16773.6,24564.0,45,72.651
2026-06-08T18:28:52.118064+00:00,scheduler,0,0,1487.6,24564.0,45,84.238
2026-06-08T18:28:57.118641+00:00,scheduler,0,0,1487.6,24564.0,45,71.997
2026-06-08T18:29:02.119213+00:00,scheduler,0,0,1487.6,24564.0,45,72.118
2026-06-08T18:29:07.119750+00:00,scheduler,0,0,1487.6,24564.0,44,70.804
2026-06-08T18:29:12.120247+00:00,scheduler,0,0,1487.6,24564.0,43,13.851
2026-06-08T18:29:17.120811+00:00,scheduler,0,0,1487.6,24564.0,43,14.092
2026-06-08T18:29:22.122364+00:00,scheduler,0,0,1487.6,24564.0,43,13.77
2026-06-08T18:29:27.122933+00:00,scheduler,0,0,1487.6,24564.0,43,13.999
2026-06-08T18:29:32.125247+00:00,scheduler,0,0,1487.6,24564.0,42,14.183
2026-06-08T18:29:37.125835+00:00,scheduler,0,0,1487.6,24564.0,42,13.811
2026-06-08T18:29:42.126358+00:00,scheduler,0,0,1487.6,24564.0,42,13.81
2026-06-08T18:29:47.126881+00:00,scheduler,0,0,1487.6,24564.0,42,13.814
2026-06-08T18:29:52.128932+00:00,scheduler,0,0,1487.6,24564.0,42,13.706
2026-06-08T18:29:57.129537+00:00,scheduler,0,1,9961.6,24564.0,43,71.864
2026-06-08T18:30:02.130006+00:00,scheduler,0,0,16773.6,24564.0,43,72.131
2026-06-08T18:30:07.130569+00:00,scheduler,0,0,16773.6,24564.0,43,71.619
2026-06-08T18:30:12.131967+00:00,scheduler,0,0,16773.6,24564.0,43,71.711
2026-06-08T18:30:17.133534+00:00,scheduler,0,0,16773.6,24564.0,43,71.838
2026-06-08T18:30:22.134079+00:00,scheduler,0,0,16773.6,24564.0,42,13.404
2026-06-08T18:30:27.134706+00:00,scheduler,0,0,16773.6,24564.0,42,13.858
2026-06-08T18:30:32.135342+00:00,scheduler,0,0,16773.6,24564.0,42,13.656
2026-06-08T18:30:37.135927+00:00,scheduler,0,0,16773.6,24564.0,41,13.58
2026-06-08T18:30:42.136451+00:00,scheduler,0,0,16773.6,24564.0,41,13.663
2026-06-08T18:30:47.136988+00:00,scheduler,0,0,17085.6,24564.0,54,89.884
2026-06-08T18:30:52.137634+00:00,scheduler,0,0,16773.6,24564.0,44,81.343
2026-06-08T18:30:57.138189+00:00,scheduler,0,0,16773.6,24564.0,44,72.202
2026-06-08T18:31:02.138702+00:00,scheduler,0,0,16773.6,24564.0,44,71.849
2026-06-08T18:31:07.139237+00:00,scheduler,0,0,16773.6,24564.0,43,49.542
2026-06-08T18:31:12.139834+00:00,scheduler,0,0,16773.6,24564.0,42,13.938
2026-06-08T18:31:17.140406+00:00,scheduler,0,0,16773.6,24564.0,42,13.773
2026-06-08T18:31:22.140925+00:00,scheduler,0,7,16773.6,24564.0,43,72.668
2026-06-08T18:31:27.141573+00:00,scheduler,0,99,1487.6,24564.0,44,79.929
2026-06-08T18:31:32.142109+00:00,scheduler,0,22,9853.6,24564.0,44,73.337
2026-06-08T18:31:37.142705+00:00,scheduler,0,0,16773.6,24564.0,44,71.734
2026-06-08T18:31:42.143217+00:00,scheduler,0,0,16773.6,24564.0,44,71.837
2026-06-08T18:31:47.143838+00:00,scheduler,0,0,16773.6,24564.0,44,71.409
2026-06-08T18:31:52.144382+00:00,scheduler,0,0,16773.6,24564.0,43,59.242
2026-06-08T18:31:57.144908+00:00,scheduler,0,0,16773.6,24564.0,42,13.81
2026-06-08T18:32:02.145425+00:00,scheduler,0,0,16773.6,24564.0,42,13.926
2026-06-08T18:32:07.146035+00:00,scheduler,0,100,17085.6,24564.0,59,451.908
2026-06-08T18:32:12.146579+00:00,scheduler,0,100,17085.6,24564.0,62,448.334
2026-06-08T18:32:17.147068+00:00,scheduler,0,100,17705.6,24564.0,65,450.576
2026-06-08T18:32:22.147585+00:00,scheduler,0,100,17705.6,24564.0,67,449.812
2026-06-08T18:32:27.148128+00:00,scheduler,0,0,16773.6,24564.0,53,88.37
2026-06-08T18:32:32.148700+00:00,scheduler,0,0,16773.6,24564.0,50,74.054
2026-06-08T18:32:37.149179+00:00,scheduler,0,0,16773.6,24564.0,49,73.706
2026-06-08T18:32:42.149714+00:00,scheduler,0,0,16773.6,24564.0,49,73.532
2026-06-08T18:32:47.150213+00:00,scheduler,0,0,16773.6,24564.0,47,14.823
2026-06-08T18:32:52.150753+00:00,scheduler,0,0,16773.6,24564.0,46,14.32
2026-06-08T18:32:57.151281+00:00,scheduler,0,0,16773.6,24564.0,45,14.267
2026-06-08T18:33:02.151866+00:00,scheduler,0,0,16773.6,24564.0,45,14.158
2026-06-08T18:33:07.152354+00:00,scheduler,0,7,16773.6,24564.0,46,73.612
2026-06-08T18:33:12.152781+00:00,scheduler,0,8,16773.6,24564.0,46,73.437
2026-06-08T18:33:17.153371+00:00,scheduler,0,0,1487.6,24564.0,45,72.135
2026-06-08T18:33:22.154008+00:00,scheduler,0,0,1487.6,24564.0,45,72.023
2026-06-08T18:33:27.154636+00:00,scheduler,0,0,1487.6,24564.0,45,71.943
2026-06-08T18:33:32.156172+00:00,scheduler,0,0,1487.6,24564.0,44,16.886
2026-06-08T18:33:37.156750+00:00,scheduler,0,0,1487.6,24564.0,43,13.545
2026-06-08T18:33:42.157392+00:00,scheduler,0,0,1487.6,24564.0,43,13.698
2026-06-08T18:33:47.158106+00:00,scheduler,0,0,1487.6,24564.0,43,14.019
2026-06-08T18:33:52.158645+00:00,scheduler,0,0,1487.6,24564.0,42,14.111
2026-06-08T18:33:57.159205+00:00,scheduler,0,0,1487.6,24564.0,42,13.969
2026-06-08T18:34:02.159759+00:00,scheduler,0,0,1487.6,24564.0,42,13.913
2026-06-08T18:34:07.160379+00:00,scheduler,0,0,1487.6,24564.0,42,13.717
2026-06-08T18:34:12.160932+00:00,scheduler,0,0,1487.6,24564.0,42,13.511
2026-06-08T18:34:17.161533+00:00,scheduler,0,0,1487.6,24564.0,42,13.597
2026-06-08T18:34:22.162082+00:00,scheduler,0,0,1487.6,24564.0,41,13.43
2026-06-08T18:34:27.162599+00:00,scheduler,0,0,1487.6,24564.0,41,13.561
2026-06-08T18:34:32.163091+00:00,scheduler,0,0,1487.6,24564.0,41,13.634
2026-06-08T18:34:37.163590+00:00,scheduler,0,0,1487.6,24564.0,41,13.676
2026-06-08T18:34:42.164065+00:00,scheduler,0,0,1487.6,24564.0,41,13.583
2026-06-08T18:34:47.164551+00:00,scheduler,0,0,1487.6,24564.0,41,13.569
2026-06-08T18:34:52.165034+00:00,scheduler,0,0,1487.6,24564.0,41,13.752
2026-06-08T18:34:57.165540+00:00,scheduler,0,1,4005.6,24564.0,42,71.98
2026-06-08T18:35:02.166720+00:00,scheduler,0,23,16603.6,24564.0,43,73.408
2026-06-08T18:35:07.168529+00:00,scheduler,0,0,16773.6,24564.0,43,71.565
2026-06-08T18:35:12.169078+00:00,scheduler,0,0,16773.6,24564.0,43,71.517
2026-06-08T18:35:17.169714+00:00,scheduler,0,0,16773.6,24564.0,43,71.49
2026-06-08T18:35:22.170222+00:00,scheduler,0,0,16773.6,24564.0,42,20.395
2026-06-08T18:35:27.170809+00:00,scheduler,0,0,16773.6,24564.0,42,13.499
2026-06-08T18:35:32.171490+00:00,scheduler,0,0,16773.6,24564.0,42,13.845
2026-06-08T18:35:37.172072+00:00,scheduler,0,0,16773.6,24564.0,42,13.659
2026-06-08T18:35:42.172739+00:00,scheduler,0,0,16773.6,24564.0,45,82.391
2026-06-08T18:35:47.173374+00:00,scheduler,0,0,16773.6,24564.0,44,71.865
2026-06-08T18:35:52.173872+00:00,scheduler,0,0,16773.6,24564.0,44,71.703
2026-06-08T18:35:57.174374+00:00,scheduler,0,0,16773.6,24564.0,43,58.842
2026-06-08T18:36:02.174848+00:00,scheduler,0,0,16773.6,24564.0,43,13.809
2026-06-08T18:36:07.175331+00:00,scheduler,0,0,16773.6,24564.0,43,13.747
2026-06-08T18:36:12.175810+00:00,scheduler,0,0,16773.6,24564.0,42,13.895
2026-06-08T18:36:17.176390+00:00,scheduler,0,0,16773.6,24564.0,43,72.244
2026-06-08T18:36:22.176887+00:00,scheduler,0,0,16773.6,24564.0,43,72.488
2026-06-08T18:36:27.177473+00:00,scheduler,0,0,16773.6,24564.0,44,72.498
2026-06-08T18:36:32.177939+00:00,scheduler,0,0,16773.6,24564.0,44,72.362
2026-06-08T18:36:37.178423+00:00,scheduler,0,0,16773.6,24564.0,44,72.239
2026-06-08T18:36:42.178891+00:00,scheduler,0,0,16773.6,24564.0,44,72.544
2026-06-08T18:36:47.179389+00:00,scheduler,0,0,16773.6,24564.0,44,72.434
2026-06-08T18:36:52.179916+00:00,scheduler,0,0,16773.6,24564.0,44,72.697
2026-06-08T18:36:57.180626+00:00,scheduler,0,0,16773.6,24564.0,44,72.692
2026-06-08T18:37:02.181144+00:00,scheduler,0,0,16773.6,24564.0,44,72.837
2026-06-08T18:37:07.181751+00:00,scheduler,0,0,16773.6,24564.0,44,72.55
2026-06-08T18:37:12.182327+00:00,scheduler,0,0,16773.6,24564.0,44,72.536
2026-06-08T18:37:17.182899+00:00,scheduler,0,0,16773.6,24564.0,44,72.192
2026-06-08T18:37:22.183549+00:00,scheduler,0,8,16773.6,24564.0,44,72.923
2026-06-08T18:37:27.184141+00:00,scheduler,0,0,10153.6,24564.0,44,72.631
2026-06-08T18:37:32.184755+00:00,scheduler,0,7,5741.6,24564.0,44,72.787
2026-06-08T18:37:37.185410+00:00,scheduler,0,3,9565.6,24564.0,44,72.505
2026-06-08T18:37:42.185983+00:00,scheduler,0,2,11203.6,24564.0,44,72.641
2026-06-08T18:37:47.186546+00:00,scheduler,0,1,12283.6,24564.0,44,72.662
2026-06-08T18:37:52.187116+00:00,scheduler,0,1,13453.6,24564.0,44,72.726
2026-06-08T18:37:57.187689+00:00,scheduler,0,2,14929.6,24564.0,44,71.944
2026-06-08T18:38:02.188780+00:00,scheduler,0,0,16495.6,24564.0,44,72.047
2026-06-08T18:38:07.189359+00:00,scheduler,0,0,16773.6,24564.0,44,71.484
2026-06-08T18:38:12.189885+00:00,scheduler,0,0,16773.6,24564.0,44,72.102
2026-06-08T18:38:17.190414+00:00,scheduler,0,0,16773.6,24564.0,44,71.931
2026-06-08T18:38:22.191054+00:00,scheduler,0,0,16773.6,24564.0,44,50.265
2026-06-08T18:38:27.191589+00:00,scheduler,0,0,16773.6,24564.0,43,13.677
2026-06-08T18:38:32.192110+00:00,scheduler,0,0,16773.6,24564.0,43,13.867
2026-06-08T18:38:37.192720+00:00,scheduler,0,0,16773.6,24564.0,42,13.699
2026-06-08T18:38:42.193260+00:00,scheduler,0,0,16773.6,24564.0,42,13.428
2026-06-08T18:38:47.193768+00:00,scheduler,0,100,17085.6,24564.0,60,448.34
2026-06-08T18:38:52.194267+00:00,scheduler,0,100,17705.6,24564.0,64,418.483
2026-06-08T18:38:57.194848+00:00,scheduler,0,100,17705.6,24564.0,66,449.416
2026-06-08T18:39:02.195428+00:00,scheduler,0,100,17705.6,24564.0,67,447.992
2026-06-08T18:39:07.195949+00:00,scheduler,0,0,16773.6,24564.0,52,86.725
2026-06-08T18:39:12.196581+00:00,scheduler,0,0,16773.6,24564.0,50,74.47
2026-06-08T18:39:17.197249+00:00,scheduler,0,0,16773.6,24564.0,49,73.974
2026-06-08T18:39:22.197840+00:00,scheduler,0,0,16773.6,24564.0,48,73.315
2026-06-08T18:39:27.198420+00:00,scheduler,0,0,16773.6,24564.0,47,14.779
2026-06-08T18:39:32.199023+00:00,scheduler,0,0,16773.6,24564.0,46,14.664
2026-06-08T18:39:37.199529+00:00,scheduler,0,0,16773.6,24564.0,45,14.649
2026-06-08T18:39:42.200036+00:00,scheduler,0,8,16773.6,24564.0,46,83.679
2026-06-08T18:39:47.200589+00:00,scheduler,0,8,16773.6,24564.0,46,73.618
2026-06-08T18:39:52.201221+00:00,scheduler,0,0,1487.6,24564.0,46,72.489
2026-06-08T18:39:57.201782+00:00,scheduler,0,0,1487.6,24564.0,45,72.501
2026-06-08T18:40:02.202326+00:00,scheduler,0,0,1487.6,24564.0,45,72.284
2026-06-08T18:40:07.202850+00:00,scheduler,0,0,1487.6,24564.0,44,18.73
2026-06-08T18:40:12.203454+00:00,scheduler,0,0,1487.6,24564.0,44,13.972
2026-06-08T18:40:17.203972+00:00,scheduler,0,0,1487.6,24564.0,43,13.864
2026-06-08T18:40:22.205361+00:00,scheduler,0,0,1487.6,24564.0,43,13.889
2026-06-08T18:40:27.205924+00:00,scheduler,0,0,1487.6,24564.0,43,13.67
2026-06-08T18:40:32.206609+00:00,scheduler,0,0,1487.6,24564.0,43,13.778
2026-06-08T18:40:37.207360+00:00,scheduler,0,0,1487.6,24564.0,42,13.875
2026-06-08T18:40:42.207989+00:00,scheduler,0,0,1487.6,24564.0,42,13.686
2026-06-08T18:40:47.208552+00:00,scheduler,0,0,1487.6,24564.0,42,13.922
2026-06-08T18:40:52.209089+00:00,scheduler,0,0,1487.6,24564.0,42,13.754
2026-06-08T18:40:57.209646+00:00,scheduler,0,0,1487.6,24564.0,42,13.76
2026-06-08T18:41:02.210169+00:00,scheduler,0,0,1487.6,24564.0,42,13.494
2026-06-08T18:41:07.210727+00:00,scheduler,0,17,5149.6,24564.0,42,43.977
2026-06-08T18:41:12.211224+00:00,scheduler,0,0,7225.6,24564.0,43,71.877
2026-06-08T18:41:17.211796+00:00,scheduler,0,1,8457.6,24564.0,43,71.974
2026-06-08T18:41:22.212397+00:00,scheduler,0,1,9601.6,24564.0,43,72.086
2026-06-08T18:41:27.212956+00:00,scheduler,0,1,13453.6,24564.0,43,71.937
2026-06-08T18:41:32.213525+00:00,scheduler,0,0,13453.6,24564.0,43,71.793
2026-06-08T18:41:37.214070+00:00,scheduler,0,0,13525.6,24564.0,43,71.781
2026-06-08T18:41:42.214802+00:00,scheduler,0,0,13687.6,24564.0,43,71.979
2026-06-08T18:41:47.215350+00:00,scheduler,0,0,14155.6,24564.0,44,72.281
2026-06-08T18:41:52.215986+00:00,scheduler,0,1,15091.6,24564.0,44,72.191
2026-06-08T18:41:57.216632+00:00,scheduler,0,1,16027.6,24564.0,44,72.043
2026-06-08T18:42:02.217280+00:00,scheduler,0,1,16645.6,24564.0,44,72.127
2026-06-08T18:42:07.217861+00:00,scheduler,0,0,16773.6,24564.0,44,71.355
2026-06-08T18:42:12.218487+00:00,scheduler,0,0,16773.6,24564.0,44,71.552
2026-06-08T18:42:17.219030+00:00,scheduler,0,0,16773.6,24564.0,44,71.61
2026-06-08T18:42:22.219567+00:00,scheduler,0,0,16773.6,24564.0,43,18.129
2026-06-08T18:42:27.220138+00:00,scheduler,0,0,16773.6,24564.0,43,13.863
2026-06-08T18:42:32.220721+00:00,scheduler,0,0,16773.6,24564.0,42,13.824
2026-06-08T18:42:37.221264+00:00,scheduler,0,0,16773.6,24564.0,42,14.035
2026-06-08T18:42:42.221847+00:00,scheduler,0,0,17705.6,24564.0,46,135.314
2026-06-08T18:42:47.222444+00:00,scheduler,0,0,16773.6,24564.0,45,71.547
2026-06-08T18:42:52.223065+00:00,scheduler,0,0,16773.6,24564.0,45,71.749
2026-06-08T18:42:57.223731+00:00,scheduler,0,0,16773.6,24564.0,45,71.808
2026-06-08T18:43:02.224282+00:00,scheduler,0,0,16773.6,24564.0,43,13.913
2026-06-08T18:43:07.224907+00:00,scheduler,0,0,16773.6,24564.0,43,13.895
2026-06-08T18:43:12.225506+00:00,scheduler,0,8,16773.6,24564.0,44,72.669
2026-06-08T18:43:17.226107+00:00,scheduler,0,7,16773.6,24564.0,44,73.362
2026-06-08T18:43:22.226680+00:00,scheduler,0,6,16773.6,24564.0,44,73.346
2026-06-08T18:43:27.227260+00:00,scheduler,0,0,1487.6,24564.0,45,82.647
2026-06-08T18:43:32.228066+00:00,scheduler,0,0,1487.6,24564.0,44,72.036
2026-06-08T18:43:37.228634+00:00,scheduler,0,0,1487.6,24564.0,44,71.747
2026-06-08T18:43:42.229194+00:00,scheduler,0,0,1487.6,24564.0,44,60.391
2026-06-08T18:43:47.229727+00:00,scheduler,0,0,1487.6,24564.0,43,13.467
2026-06-08T18:43:52.230238+00:00,scheduler,0,0,1487.6,24564.0,43,13.787
2026-06-08T18:43:57.230815+00:00,scheduler,0,0,1487.6,24564.0,43,13.501
2026-06-08T18:44:02.231589+00:00,scheduler,0,0,1487.6,24564.0,42,13.449
2026-06-08T18:44:07.232331+00:00,scheduler,0,0,1487.6,24564.0,42,13.557
2026-06-08T18:44:12.232931+00:00,scheduler,0,0,1487.6,24564.0,42,13.81
2026-06-08T18:44:17.233461+00:00,scheduler,0,0,1487.6,24564.0,42,13.54
2026-06-08T18:44:22.233959+00:00,scheduler,0,0,1487.6,24564.0,42,13.662
2026-06-08T18:44:27.234517+00:00,scheduler,0,0,1487.6,24564.0,42,13.594
2026-06-08T18:44:32.235075+00:00,scheduler,0,2,2725.6,24564.0,43,72.024
2026-06-08T18:44:37.235692+00:00,scheduler,0,1,5053.6,24564.0,43,72.835
2026-06-08T18:44:42.236211+00:00,scheduler,0,0,8825.6,24564.0,43,72.448
2026-06-08T18:44:47.236811+00:00,scheduler,0,0,16773.6,24564.0,43,72.59
2026-06-08T18:44:52.237393+00:00,scheduler,0,0,16773.6,24564.0,43,71.983
2026-06-08T18:44:57.238010+00:00,scheduler,0,0,16773.6,24564.0,43,72.118
2026-06-08T18:45:02.238569+00:00,scheduler,0,0,16773.6,24564.0,44,72.076
2026-06-08T18:45:07.239200+00:00,scheduler,0,0,16773.6,24564.0,42,13.938
2026-06-08T18:45:12.239919+00:00,scheduler,0,0,16773.6,24564.0,42,13.728
2026-06-08T18:45:17.240578+00:00,scheduler,0,0,16773.6,24564.0,42,13.865
2026-06-08T18:45:22.241268+00:00,scheduler,0,0,16773.6,24564.0,42,13.883
2026-06-08T18:45:27.241899+00:00,scheduler,0,0,16773.6,24564.0,42,13.705
2026-06-08T18:45:32.242360+00:00,scheduler,0,100,17085.6,24564.0,60,452.148
2026-06-08T18:45:37.242793+00:00,scheduler,0,0,16773.6,24564.0,44,72.035
2026-06-08T18:45:42.243374+00:00,scheduler,0,0,16773.6,24564.0,44,72.064
2026-06-08T18:45:47.243953+00:00,scheduler,0,0,16773.6,24564.0,44,71.87
2026-06-08T18:45:52.244671+00:00,scheduler,0,0,16773.6,24564.0,43,17.713
2026-06-08T18:45:57.245176+00:00,scheduler,0,0,16773.6,24564.0,43,13.524
2026-06-08T18:46:02.245675+00:00,scheduler,0,0,16773.6,24564.0,43,13.614
2026-06-08T18:46:07.246148+00:00,scheduler,0,7,16773.6,24564.0,44,73.073
2026-06-08T18:46:12.246724+00:00,scheduler,0,1,16773.6,24564.0,44,72.612
2026-06-08T18:46:17.266978+00:00,scheduler,0,0,1487.6,24564.0,44,85.529
2026-06-08T18:46:22.267484+00:00,scheduler,0,0,16773.6,24564.0,44,72.704
2026-06-08T18:46:27.267969+00:00,scheduler,0,0,16773.6,24564.0,44,72.36
2026-06-08T18:46:32.268473+00:00,scheduler,0,0,16773.6,24564.0,44,72.344
2026-06-08T18:46:37.268993+00:00,scheduler,0,0,16773.6,24564.0,44,72.315
2026-06-08T18:46:42.269541+00:00,scheduler,0,0,16773.6,24564.0,43,15.489
2026-06-08T18:46:47.270080+00:00,scheduler,0,0,16773.6,24564.0,43,13.652
2026-06-08T18:46:52.270636+00:00,scheduler,0,0,16773.6,24564.0,43,13.816
2026-06-08T18:46:57.271163+00:00,scheduler,0,0,16773.6,24564.0,43,13.913
2026-06-08T18:47:02.271688+00:00,scheduler,0,0,17049.6,24564.0,42,13.616
2026-06-08T18:47:07.272179+00:00,scheduler,0,100,17085.6,24564.0,63,449.39
2026-06-08T18:47:12.272680+00:00,scheduler,0,100,17705.6,24564.0,64,447.836
2026-06-08T18:47:17.273348+00:00,scheduler,0,100,17705.6,24564.0,66,455.854
2026-06-08T18:47:22.273871+00:00,scheduler,0,100,17705.6,24564.0,68,449.938
2026-06-08T18:47:27.274362+00:00,scheduler,0,0,16773.6,24564.0,51,75.428
2026-06-08T18:47:32.274891+00:00,scheduler,0,0,16773.6,24564.0,50,74.26
2026-06-08T18:47:37.275457+00:00,scheduler,0,0,16773.6,24564.0,49,74.025
2026-06-08T18:47:42.276030+00:00,scheduler,0,0,16773.6,24564.0,47,17.223
2026-06-08T18:47:47.318617+00:00,scheduler,0,6,16773.6,24564.0,48,74.737
2026-06-08T18:47:52.324151+00:00,scheduler,0,0,1487.6,24564.0,48,80.415
2026-06-08T18:47:57.342672+00:00,scheduler,0,0,1487.6,24564.0,47,73.067
2026-06-08T18:48:02.344084+00:00,scheduler,0,0,1487.6,24564.0,47,72.766
2026-06-08T18:48:07.344589+00:00,scheduler,0,0,1487.6,24564.0,46,72.783
2026-06-08T18:48:12.345946+00:00,scheduler,0,0,1487.6,24564.0,45,14.408
2026-06-08T18:48:17.347980+00:00,scheduler,0,0,1487.6,24564.0,44,14.335
2026-06-08T18:48:22.348513+00:00,scheduler,0,0,1487.6,24564.0,44,14.148
2026-06-08T18:48:27.349045+00:00,scheduler,0,0,1487.6,24564.0,44,14.098
2026-06-08T18:48:32.350463+00:00,scheduler,0,0,1487.6,24564.0,43,14.129
2026-06-08T18:48:37.350985+00:00,scheduler,0,0,1487.6,24564.0,43,14.151
2026-06-08T18:48:42.351597+00:00,scheduler,0,0,1487.6,24564.0,43,14.031
2026-06-08T18:48:47.352118+00:00,scheduler,0,0,1487.6,24564.0,42,13.752
2026-06-08T18:48:52.352656+00:00,scheduler,0,0,1487.6,24564.0,42,14.113
2026-06-08T18:48:57.353162+00:00,scheduler,0,0,1487.6,24564.0,42,13.914
2026-06-08T18:49:02.353721+00:00,scheduler,0,0,1487.6,24564.0,42,13.96
2026-06-08T18:49:07.354266+00:00,scheduler,0,0,1487.6,24564.0,42,14.06
2026-06-08T18:49:12.354761+00:00,scheduler,0,0,1487.6,24564.0,42,14.063
2026-06-08T18:49:17.355321+00:00,scheduler,0,0,1487.6,24564.0,41,13.846
2026-06-08T18:49:22.355872+00:00,scheduler,0,0,1487.6,24564.0,41,13.759
2026-06-08T18:49:27.356585+00:00,scheduler,0,0,1487.6,24564.0,41,13.875
2026-06-08T18:49:32.357103+00:00,scheduler,0,0,1487.6,24564.0,41,13.612
2026-06-08T18:49:37.357591+00:00,scheduler,0,0,1487.6,24564.0,41,13.676
2026-06-08T18:49:42.358090+00:00,scheduler,0,0,1487.6,24564.0,41,13.749
2026-06-08T18:49:47.358706+00:00,scheduler,0,0,1487.6,24564.0,41,13.499
2026-06-08T18:49:52.359248+00:00,scheduler,0,0,1487.6,24564.0,41,13.239
2026-06-08T18:49:57.359914+00:00,scheduler,0,0,1487.6,24564.0,41,13.375
2026-06-08T18:50:02.360526+00:00,scheduler,0,0,1487.6,24564.0,41,13.499
2026-06-08T18:50:07.361037+00:00,scheduler,0,1,5673.6,24564.0,42,71.343
2026-06-08T18:50:12.361583+00:00,scheduler,0,0,16773.6,24564.0,42,71.581
2026-06-08T18:50:17.362124+00:00,scheduler,0,0,16773.6,24564.0,42,71.189
2026-06-08T18:50:22.362685+00:00,scheduler,0,0,16773.6,24564.0,43,71.164
2026-06-08T18:50:27.363280+00:00,scheduler,0,0,16773.6,24564.0,43,71.169
2026-06-08T18:50:32.363860+00:00,scheduler,0,0,16773.6,24564.0,42,12.78
2026-06-08T18:50:37.364467+00:00,scheduler,0,0,16773.6,24564.0,41,13.671
2026-06-08T18:50:42.365003+00:00,scheduler,0,0,16773.6,24564.0,41,13.592
2026-06-08T18:50:47.365549+00:00,scheduler,0,0,16773.6,24564.0,41,13.735
2026-06-08T18:50:52.366119+00:00,scheduler,0,0,16773.6,24564.0,41,13.651
2026-06-08T18:50:57.366774+00:00,scheduler,0,0,16773.6,24564.0,41,13.151
2026-06-08T18:51:02.367503+00:00,scheduler,0,0,17085.6,24564.0,52,74.989
2026-06-08T18:51:07.368020+00:00,scheduler,0,0,16773.6,24564.0,44,83.963
2026-06-08T18:51:12.368545+00:00,scheduler,0,0,16773.6,24564.0,43,71.328
2026-06-08T18:51:17.369110+00:00,scheduler,0,0,16773.6,24564.0,43,71.128
2026-06-08T18:51:22.369770+00:00,scheduler,0,0,16773.6,24564.0,43,70.986
2026-06-08T18:51:27.370338+00:00,scheduler,0,0,16773.6,24564.0,42,13.755
2026-06-08T18:51:32.370893+00:00,scheduler,0,0,16773.6,24564.0,42,13.584
2026-06-08T18:51:37.371368+00:00,scheduler,0,0,16773.6,24564.0,42,13.779
2026-06-08T18:51:42.371888+00:00,scheduler,0,0,16773.6,24564.0,41,13.379
2026-06-08T18:51:47.373835+00:00,scheduler,0,6,16773.6,24564.0,43,71.956
2026-06-08T18:51:52.374407+00:00,scheduler,0,7,16773.6,24564.0,43,72.204
2026-06-08T18:51:57.374970+00:00,scheduler,0,2,9339.6,24564.0,43,75.984
2026-06-08T18:52:02.375620+00:00,scheduler,0,25,16773.6,24564.0,43,71.916
2026-06-08T18:52:07.376163+00:00,scheduler,0,0,16773.6,24564.0,43,71.077
2026-06-08T18:52:12.376800+00:00,scheduler,0,0,16773.6,24564.0,43,71.452
2026-06-08T18:52:17.377372+00:00,scheduler,0,0,16773.6,24564.0,43,71.325
2026-06-08T18:52:22.377877+00:00,scheduler,0,0,16773.6,24564.0,42,16.281
2026-06-08T18:52:27.378469+00:00,scheduler,0,100,17085.6,24564.0,60,447.056
2026-06-08T18:52:32.379007+00:00,scheduler,0,100,17705.6,24564.0,49,293.672
2026-06-08T18:52:37.379576+00:00,scheduler,0,100,17705.6,24564.0,64,450.935
2026-06-08T18:52:42.380063+00:00,scheduler,0,100,17705.6,24564.0,66,447.496
2026-06-08T18:52:47.380673+00:00,scheduler,0,100,17705.6,24564.0,54,327.927
2026-06-08T18:52:52.381230+00:00,scheduler,0,0,16773.6,24564.0,50,74.144
2026-06-08T18:52:57.381816+00:00,scheduler,0,0,16773.6,24564.0,49,73.575
2026-06-08T18:53:02.382356+00:00,scheduler,0,0,16773.6,24564.0,49,73.291
2026-06-08T18:53:07.382908+00:00,scheduler,0,0,16773.6,24564.0,47,14.146
2026-06-08T18:53:12.383473+00:00,scheduler,0,0,16773.6,24564.0,46,14.081
2026-06-08T18:53:17.384068+00:00,scheduler,0,0,16773.6,24564.0,45,13.945
2026-06-08T18:53:22.384665+00:00,scheduler,0,0,16773.6,24564.0,45,13.887
2026-06-08T18:53:27.385199+00:00,scheduler,0,7,16773.6,24564.0,45,47.988
2026-06-08T18:53:32.385746+00:00,scheduler,0,7,16773.6,24564.0,45,73.425
2026-06-08T18:53:37.386335+00:00,scheduler,0,0,1487.6,24564.0,45,82.791
2026-06-08T18:53:42.386879+00:00,scheduler,0,0,1487.6,24564.0,45,72.123
2026-06-08T18:53:47.387536+00:00,scheduler,0,0,1487.6,24564.0,45,71.955
2026-06-08T18:53:52.389497+00:00,scheduler,0,0,1487.6,24564.0,44,50.647
2026-06-08T18:53:57.391055+00:00,scheduler,0,0,1487.6,24564.0,43,14.324
2026-06-08T18:54:02.391690+00:00,scheduler,0,0,1487.6,24564.0,43,13.998
2026-06-08T18:54:07.392235+00:00,scheduler,0,0,1487.6,24564.0,43,13.539
2026-06-08T18:54:12.393709+00:00,scheduler,0,0,1487.6,24564.0,42,13.568
2026-06-08T18:54:17.394253+00:00,scheduler,0,0,1487.6,24564.0,42,13.241
2026-06-08T18:54:22.394872+00:00,scheduler,0,0,1487.6,24564.0,42,13.44
2026-06-08T18:54:27.395475+00:00,scheduler,0,0,1487.6,24564.0,42,13.328
2026-06-08T18:54:32.396116+00:00,scheduler,0,0,1487.6,24564.0,42,13.473
2026-06-08T18:54:37.396704+00:00,scheduler,0,0,1487.6,24564.0,41,13.387
2026-06-08T18:54:42.397213+00:00,scheduler,0,0,1487.6,24564.0,41,13.288
2026-06-08T18:54:47.397791+00:00,scheduler,0,0,1487.6,24564.0,41,13.371
2026-06-08T18:54:52.398353+00:00,scheduler,0,0,1487.6,24564.0,41,13.248
2026-06-08T18:54:57.398878+00:00,scheduler,0,0,1487.6,24564.0,41,13.353
2026-06-08T18:55:02.399489+00:00,scheduler,0,1,3685.6,24564.0,42,71.766
2026-06-08T18:55:07.399976+00:00,scheduler,0,2,10069.6,24564.0,42,71.878
2026-06-08T18:55:12.400593+00:00,scheduler,0,0,16773.6,24564.0,42,71.801
2026-06-08T18:55:17.401153+00:00,scheduler,0,0,16773.6,24564.0,43,71.619
2026-06-08T18:55:22.401813+00:00,scheduler,0,0,16773.6,24564.0,43,71.201
2026-06-08T18:55:27.402412+00:00,scheduler,0,0,16773.6,24564.0,43,71.404
2026-06-08T18:55:32.402984+00:00,scheduler,0,0,16773.6,24564.0,42,15.666
2026-06-08T18:55:37.403616+00:00,scheduler,0,0,16773.6,24564.0,41,13.78
2026-06-08T18:55:42.404258+00:00,scheduler,0,0,16773.6,24564.0,41,13.744
2026-06-08T18:55:47.404876+00:00,scheduler,0,0,16773.6,24564.0,41,13.486
2026-06-08T18:55:52.405445+00:00,scheduler,0,67,17085.6,24564.0,58,136.926
2026-06-08T18:55:57.405953+00:00,scheduler,0,0,16773.6,24564.0,44,71.799
2026-06-08T18:56:02.406474+00:00,scheduler,0,0,16773.6,24564.0,44,71.687
2026-06-08T18:56:07.406997+00:00,scheduler,0,0,16773.6,24564.0,44,71.833
2026-06-08T18:56:12.407660+00:00,scheduler,0,0,16773.6,24564.0,43,56.512
2026-06-08T18:56:17.408214+00:00,scheduler,0,0,16773.6,24564.0,42,13.833
2026-06-08T18:56:22.408824+00:00,scheduler,0,0,16773.6,24564.0,42,13.814
2026-06-08T18:56:27.409335+00:00,scheduler,0,0,16773.6,24564.0,42,13.755
2026-06-08T18:56:32.409837+00:00,scheduler,0,0,16773.6,24564.0,42,13.837
2026-06-08T18:56:37.410372+00:00,scheduler,0,0,16773.6,24564.0,42,13.693
2026-06-08T18:56:42.410863+00:00,scheduler,0,0,16773.6,24564.0,43,72.314
2026-06-08T18:56:47.411455+00:00,scheduler,0,0,16773.6,24564.0,43,72.359
2026-06-08T18:56:52.412061+00:00,scheduler,0,0,16773.6,24564.0,43,72.707
2026-06-08T18:56:57.412713+00:00,scheduler,0,0,16773.6,24564.0,43,72.42
2026-06-08T18:57:02.413265+00:00,scheduler,0,0,16773.6,24564.0,43,72.446
2026-06-08T18:57:07.413992+00:00,scheduler,0,0,16773.6,24564.0,43,72.311
2026-06-08T18:57:12.414686+00:00,scheduler,0,0,16773.6,24564.0,43,72.268
2026-06-08T18:57:17.415232+00:00,scheduler,0,0,16773.6,24564.0,44,72.482
2026-06-08T18:57:22.415845+00:00,scheduler,0,0,16773.6,24564.0,44,72.301
2026-06-08T18:57:27.416329+00:00,scheduler,0,0,16773.6,24564.0,44,72.562
2026-06-08T18:57:32.416842+00:00,scheduler,0,0,16773.6,24564.0,44,72.6
2026-06-08T18:57:37.417330+00:00,scheduler,0,6,16773.6,24564.0,44,73.302
2026-06-08T18:57:42.417852+00:00,scheduler,0,0,16773.6,24564.0,44,72.595
2026-06-08T18:57:47.419737+00:00,scheduler,0,1,16773.6,24564.0,44,72.67
2026-06-08T18:57:52.420585+00:00,scheduler,0,3,16089.6,24564.0,44,72.506
2026-06-08T18:57:57.421186+00:00,scheduler,0,3,2229.6,24564.0,44,72.149
2026-06-08T18:58:02.421769+00:00,scheduler,0,1,2957.6,24564.0,44,72.753
2026-06-08T18:58:07.422327+00:00,scheduler,0,1,4393.6,24564.0,44,72.321
2026-06-08T18:58:12.422854+00:00,scheduler,0,0,16773.6,24564.0,44,72.989
2026-06-08T18:58:17.423409+00:00,scheduler,0,0,16773.6,24564.0,44,71.767
2026-06-08T18:58:22.424040+00:00,scheduler,0,0,16773.6,24564.0,44,71.627
2026-06-08T18:58:27.424687+00:00,scheduler,0,0,16773.6,24564.0,44,71.697
2026-06-08T18:58:32.425170+00:00,scheduler,0,0,16773.6,24564.0,43,13.748
2026-06-08T18:58:37.425681+00:00,scheduler,0,0,16773.6,24564.0,43,13.624
2026-06-08T18:58:42.426179+00:00,scheduler,0,0,16773.6,24564.0,42,13.041
2026-06-08T18:58:47.426775+00:00,scheduler,0,100,17085.6,24564.0,61,449.593
2026-06-08T18:58:52.427415+00:00,scheduler,0,88,17705.6,24564.0,64,363.635
2026-06-08T18:58:57.427997+00:00,scheduler,0,100,17705.6,24564.0,66,449.947
2026-06-08T18:59:02.428605+00:00,scheduler,0,100,17705.6,24564.0,67,448.045
2026-06-08T18:59:07.429178+00:00,scheduler,0,0,16773.6,24564.0,53,87.993
2026-06-08T18:59:12.429775+00:00,scheduler,0,0,16773.6,24564.0,50,74.531
2026-06-08T18:59:17.430372+00:00,scheduler,0,0,16773.6,24564.0,49,74.009
2026-06-08T18:59:22.430951+00:00,scheduler,0,0,16773.6,24564.0,48,71.998
2026-06-08T18:59:27.431560+00:00,scheduler,0,0,16773.6,24564.0,47,14.707
2026-06-08T18:59:32.432099+00:00,scheduler,0,0,16773.6,24564.0,46,14.399
2026-06-08T18:59:37.432685+00:00,scheduler,0,0,16773.6,24564.0,45,14.445
2026-06-08T18:59:42.433219+00:00,scheduler,0,2,16773.6,24564.0,46,72.985
2026-06-08T18:59:47.433747+00:00,scheduler,0,0,16773.6,24564.0,46,72.939
2026-06-08T18:59:52.434266+00:00,scheduler,0,0,16773.6,24564.0,46,73.203
2026-06-08T18:59:57.434848+00:00,scheduler,0,0,16773.6,24564.0,45,73.149
2026-06-08T19:00:02.435389+00:00,scheduler,0,0,16773.6,24564.0,45,72.907
2026-06-08T19:00:07.435926+00:00,scheduler,0,0,16773.6,24564.0,45,73.085
2026-06-08T19:00:12.436459+00:00,scheduler,0,0,16773.6,24564.0,45,73.673
2026-06-08T19:00:17.436946+00:00,scheduler,0,0,16773.6,24564.0,45,72.94
2026-06-08T19:00:22.437453+00:00,scheduler,0,0,16773.6,24564.0,45,72.729
2026-06-08T19:00:27.438019+00:00,scheduler,0,0,16773.6,24564.0,45,72.982
2026-06-08T19:00:32.438540+00:00,scheduler,0,8,16773.6,24564.0,45,73.637
2026-06-08T19:00:37.439001+00:00,scheduler,0,8,16773.6,24564.0,45,73.801
2026-06-08T19:00:42.439517+00:00,scheduler,0,0,1487.6,24564.0,45,83.516
2026-06-08T19:00:47.440013+00:00,scheduler,0,0,1487.6,24564.0,44,71.802
2026-06-08T19:00:52.440668+00:00,scheduler,0,0,1487.6,24564.0,44,71.917
2026-06-08T19:00:57.441852+00:00,scheduler,0,0,1487.6,24564.0,44,57.532
2026-06-08T19:01:02.442918+00:00,scheduler,0,0,1487.6,24564.0,43,14.058
2026-06-08T19:01:07.443490+00:00,scheduler,0,0,1487.6,24564.0,43,14.122
2026-06-08T19:01:12.480974+00:00,scheduler,0,0,990.2,24564.0,42,14.051
