timestamp,worker_id,gpu_id,util_percent,memory_used_mb,memory_total_mb,temp_c,power_w
2026-05-22T08:47:47.897831+00:00,scheduler,0,0,400.8,10240.0,32,17.793
2026-05-22T08:47:47.897831+00:00,scheduler,1,0,400.8,10240.0,32,26.591
2026-05-22T08:47:47.897831+00:00,scheduler,2,0,400.8,10240.0,32,21.969
2026-05-22T08:47:47.897831+00:00,scheduler,3,0,376.8,10240.0,35,24.342
2026-05-22T08:47:52.962145+00:00,scheduler,0,0,400.8,10240.0,32,17.988
2026-05-22T08:47:52.962145+00:00,scheduler,1,0,400.8,10240.0,32,26.615
2026-05-22T08:47:52.962145+00:00,scheduler,2,0,400.8,10240.0,32,22.036
2026-05-22T08:47:52.962145+00:00,scheduler,3,0,376.8,10240.0,35,24.406
2026-05-22T08:47:57.972015+00:00,scheduler,0,0,400.8,10240.0,32,17.911
2026-05-22T08:47:57.972015+00:00,scheduler,1,0,400.8,10240.0,32,26.711
2026-05-22T08:47:57.972015+00:00,scheduler,2,0,400.8,10240.0,32,21.844
2026-05-22T08:47:57.972015+00:00,scheduler,3,0,376.8,10240.0,35,24.373
2026-05-22T08:48:03.018987+00:00,scheduler,0,0,621.9,10240.0,35,33.822
2026-05-22T08:48:03.018987+00:00,scheduler,1,0,400.8,10240.0,32,26.58
2026-05-22T08:48:03.018987+00:00,scheduler,2,0,400.8,10240.0,32,22.065
2026-05-22T08:48:03.018987+00:00,scheduler,3,0,376.8,10240.0,35,24.332
2026-05-22T08:48:08.020143+00:00,scheduler,0,0,621.9,10240.0,38,90.231
2026-05-22T08:48:08.020143+00:00,scheduler,1,0,400.8,10240.0,32,26.564
2026-05-22T08:48:08.020143+00:00,scheduler,2,0,400.8,10240.0,32,22.031
2026-05-22T08:48:08.020143+00:00,scheduler,3,0,376.8,10240.0,35,24.332
2026-05-22T08:48:13.020803+00:00,scheduler,0,0,621.9,10240.0,39,90.398
2026-05-22T08:48:13.020803+00:00,scheduler,1,0,400.8,10240.0,32,26.806
2026-05-22T08:48:13.020803+00:00,scheduler,2,0,400.8,10240.0,32,22.228
2026-05-22T08:48:13.020803+00:00,scheduler,3,0,376.8,10240.0,35,24.473
2026-05-22T08:48:18.021439+00:00,scheduler,0,0,621.9,10240.0,39,90.448
2026-05-22T08:48:18.021439+00:00,scheduler,1,0,400.8,10240.0,32,26.739
2026-05-22T08:48:18.021439+00:00,scheduler,2,0,400.8,10240.0,32,22.081
2026-05-22T08:48:18.021439+00:00,scheduler,3,0,376.8,10240.0,35,24.415
2026-05-22T08:48:23.022131+00:00,scheduler,0,0,621.9,10240.0,35,18.631
2026-05-22T08:48:23.022131+00:00,scheduler,1,0,400.8,10240.0,32,26.61
2026-05-22T08:48:23.022131+00:00,scheduler,2,0,400.8,10240.0,32,22.062
2026-05-22T08:48:23.022131+00:00,scheduler,3,0,376.8,10240.0,35,24.385
2026-05-22T08:48:28.022678+00:00,scheduler,0,0,621.9,10240.0,34,18.203
2026-05-22T08:48:28.022678+00:00,scheduler,1,0,400.8,10240.0,32,26.689
2026-05-22T08:48:28.022678+00:00,scheduler,2,0,400.8,10240.0,32,22.296
2026-05-22T08:48:28.022678+00:00,scheduler,3,0,376.8,10240.0,35,24.475
2026-05-22T08:48:33.023312+00:00,scheduler,0,0,621.9,10240.0,34,18.078
2026-05-22T08:48:33.023312+00:00,scheduler,1,0,400.8,10240.0,32,26.677
2026-05-22T08:48:33.023312+00:00,scheduler,2,0,400.8,10240.0,32,22.195
2026-05-22T08:48:33.023312+00:00,scheduler,3,0,376.8,10240.0,35,24.326
2026-05-22T08:48:38.023920+00:00,scheduler,0,0,1365.9,10240.0,39,90.47
2026-05-22T08:48:38.023920+00:00,scheduler,1,0,400.8,10240.0,32,26.673
2026-05-22T08:48:38.023920+00:00,scheduler,2,0,400.8,10240.0,32,22.131
2026-05-22T08:48:38.023920+00:00,scheduler,3,0,376.8,10240.0,35,24.413
2026-05-22T08:48:43.024453+00:00,scheduler,0,1,1569.9,10240.0,40,90.725
2026-05-22T08:48:43.024453+00:00,scheduler,1,0,400.8,10240.0,32,26.705
2026-05-22T08:48:43.024453+00:00,scheduler,2,0,400.8,10240.0,32,21.982
2026-05-22T08:48:43.024453+00:00,scheduler,3,0,376.8,10240.0,35,24.48
2026-05-22T08:48:48.025032+00:00,scheduler,0,1,2365.9,10240.0,40,90.802
2026-05-22T08:48:48.025032+00:00,scheduler,1,0,400.8,10240.0,32,26.697
2026-05-22T08:48:48.025032+00:00,scheduler,2,0,400.8,10240.0,32,22.271
2026-05-22T08:48:48.025032+00:00,scheduler,3,0,376.8,10240.0,36,24.484
2026-05-22T08:48:53.025837+00:00,scheduler,0,1,3121.9,10240.0,41,90.868
2026-05-22T08:48:53.025837+00:00,scheduler,1,0,400.8,10240.0,32,26.653
2026-05-22T08:48:53.025837+00:00,scheduler,2,0,400.8,10240.0,32,22.019
2026-05-22T08:48:53.025837+00:00,scheduler,3,0,376.8,10240.0,36,24.301
2026-05-22T08:48:58.026390+00:00,scheduler,0,0,3713.9,10240.0,41,90.832
2026-05-22T08:48:58.026390+00:00,scheduler,1,0,400.8,10240.0,32,26.65
2026-05-22T08:48:58.026390+00:00,scheduler,2,0,400.8,10240.0,32,21.993
2026-05-22T08:48:58.026390+00:00,scheduler,3,0,376.8,10240.0,36,24.37
2026-05-22T08:49:03.026924+00:00,scheduler,0,2,4305.9,10240.0,41,91.009
2026-05-22T08:49:03.026924+00:00,scheduler,1,0,400.8,10240.0,32,26.602
2026-05-22T08:49:03.026924+00:00,scheduler,2,0,400.8,10240.0,32,22.156
2026-05-22T08:49:03.026924+00:00,scheduler,3,0,376.8,10240.0,36,24.465
2026-05-22T08:49:08.027474+00:00,scheduler,0,1,5197.9,10240.0,42,91.253
2026-05-22T08:49:08.027474+00:00,scheduler,1,0,400.8,10240.0,33,26.679
2026-05-22T08:49:08.027474+00:00,scheduler,2,0,400.8,10240.0,32,22.137
2026-05-22T08:49:08.027474+00:00,scheduler,3,0,376.8,10240.0,36,24.396
2026-05-22T08:49:13.028059+00:00,scheduler,0,1,5857.9,10240.0,42,91.198
2026-05-22T08:49:13.028059+00:00,scheduler,1,0,400.8,10240.0,33,26.573
2026-05-22T08:49:13.028059+00:00,scheduler,2,0,400.8,10240.0,32,22.171
2026-05-22T08:49:13.028059+00:00,scheduler,3,0,376.8,10240.0,36,24.391
2026-05-22T08:49:18.035513+00:00,scheduler,0,0,6313.9,10240.0,42,91.486
2026-05-22T08:49:18.035513+00:00,scheduler,1,0,400.8,10240.0,33,26.58
2026-05-22T08:49:18.035513+00:00,scheduler,2,0,400.8,10240.0,32,22.116
2026-05-22T08:49:18.035513+00:00,scheduler,3,0,376.8,10240.0,36,24.556
2026-05-22T08:49:23.047499+00:00,scheduler,0,2,6797.9,10240.0,43,91.48
2026-05-22T08:49:23.047499+00:00,scheduler,1,0,400.8,10240.0,33,26.722
2026-05-22T08:49:23.047499+00:00,scheduler,2,0,400.8,10240.0,32,22.147
2026-05-22T08:49:23.047499+00:00,scheduler,3,0,376.8,10240.0,36,24.375
2026-05-22T08:49:28.053022+00:00,scheduler,0,3,7525.9,10240.0,43,91.512
2026-05-22T08:49:28.053022+00:00,scheduler,1,0,400.8,10240.0,33,26.722
2026-05-22T08:49:28.053022+00:00,scheduler,2,0,400.8,10240.0,32,22.168
2026-05-22T08:49:28.053022+00:00,scheduler,3,0,376.8,10240.0,36,24.37
2026-05-22T08:49:33.058086+00:00,scheduler,0,0,8301.9,10240.0,43,91.686
2026-05-22T08:49:33.058086+00:00,scheduler,1,0,400.8,10240.0,33,26.714
2026-05-22T08:49:33.058086+00:00,scheduler,2,0,400.8,10240.0,32,22.001
2026-05-22T08:49:33.058086+00:00,scheduler,3,0,376.8,10240.0,36,24.337
2026-05-22T08:49:38.059163+00:00,scheduler,0,5,8697.9,10240.0,45,112.263
2026-05-22T08:49:38.059163+00:00,scheduler,1,0,400.8,10240.0,33,26.84
2026-05-22T08:49:38.059163+00:00,scheduler,2,0,400.8,10240.0,33,22.034
2026-05-22T08:49:38.059163+00:00,scheduler,3,0,376.8,10240.0,36,24.529
2026-05-22T08:49:43.059898+00:00,scheduler,0,11,8697.9,10240.0,44,92.133
2026-05-22T08:49:43.059898+00:00,scheduler,1,0,400.8,10240.0,33,26.746
2026-05-22T08:49:43.059898+00:00,scheduler,2,0,400.8,10240.0,33,22.029
2026-05-22T08:49:43.059898+00:00,scheduler,3,0,376.8,10240.0,36,24.371
2026-05-22T08:49:48.061927+00:00,scheduler,0,3,1195.9,10240.0,44,92.086
2026-05-22T08:49:48.061927+00:00,scheduler,1,0,400.8,10240.0,33,26.658
2026-05-22T08:49:48.061927+00:00,scheduler,2,0,400.8,10240.0,33,21.924
2026-05-22T08:49:48.061927+00:00,scheduler,3,0,376.8,10240.0,36,24.347
2026-05-22T08:49:53.062795+00:00,scheduler,0,0,1951.9,10240.0,44,91.763
2026-05-22T08:49:53.062795+00:00,scheduler,1,0,400.8,10240.0,33,26.682
2026-05-22T08:49:53.062795+00:00,scheduler,2,0,400.8,10240.0,33,22.149
2026-05-22T08:49:53.062795+00:00,scheduler,3,0,376.8,10240.0,36,24.347
2026-05-22T08:49:58.063921+00:00,scheduler,0,0,2473.9,10240.0,44,91.972
2026-05-22T08:49:58.063921+00:00,scheduler,1,0,400.8,10240.0,33,26.801
2026-05-22T08:49:58.063921+00:00,scheduler,2,0,400.8,10240.0,33,22.264
2026-05-22T08:49:58.063921+00:00,scheduler,3,0,376.8,10240.0,36,24.416
2026-05-22T08:50:03.064457+00:00,scheduler,0,0,3247.9,10240.0,44,91.875
2026-05-22T08:50:03.064457+00:00,scheduler,1,0,400.8,10240.0,33,26.839
2026-05-22T08:50:03.064457+00:00,scheduler,2,0,400.8,10240.0,33,22.059
2026-05-22T08:50:03.064457+00:00,scheduler,3,0,376.8,10240.0,36,24.36
2026-05-22T08:50:08.065046+00:00,scheduler,0,2,3571.9,10240.0,44,91.959
2026-05-22T08:50:08.065046+00:00,scheduler,1,0,400.8,10240.0,33,26.756
2026-05-22T08:50:08.065046+00:00,scheduler,2,0,400.8,10240.0,33,22.162
2026-05-22T08:50:08.065046+00:00,scheduler,3,0,376.8,10240.0,36,24.325
2026-05-22T08:50:13.065630+00:00,scheduler,0,0,4111.9,10240.0,44,91.89
2026-05-22T08:50:13.065630+00:00,scheduler,1,0,400.8,10240.0,33,26.802
2026-05-22T08:50:13.065630+00:00,scheduler,2,0,400.8,10240.0,33,22.107
2026-05-22T08:50:13.065630+00:00,scheduler,3,0,376.8,10240.0,36,24.311
2026-05-22T08:50:18.066170+00:00,scheduler,0,0,5047.9,10240.0,44,91.918
2026-05-22T08:50:18.066170+00:00,scheduler,1,0,400.8,10240.0,33,26.773
2026-05-22T08:50:18.066170+00:00,scheduler,2,0,400.8,10240.0,33,22.24
2026-05-22T08:50:18.066170+00:00,scheduler,3,0,376.8,10240.0,36,24.445
2026-05-22T08:50:23.066724+00:00,scheduler,0,0,5983.9,10240.0,45,91.993
2026-05-22T08:50:23.066724+00:00,scheduler,1,0,400.8,10240.0,33,26.765
2026-05-22T08:50:23.066724+00:00,scheduler,2,0,400.8,10240.0,33,22.234
2026-05-22T08:50:23.066724+00:00,scheduler,3,0,376.8,10240.0,36,24.359
2026-05-22T08:50:28.067350+00:00,scheduler,0,0,6685.9,10240.0,45,91.979
2026-05-22T08:50:28.067350+00:00,scheduler,1,0,400.8,10240.0,33,26.604
2026-05-22T08:50:28.067350+00:00,scheduler,2,0,400.8,10240.0,33,22.075
2026-05-22T08:50:28.067350+00:00,scheduler,3,0,376.8,10240.0,36,24.372
2026-05-22T08:50:33.067922+00:00,scheduler,0,3,7315.9,10240.0,45,92.024
2026-05-22T08:50:33.067922+00:00,scheduler,1,0,400.8,10240.0,33,26.865
2026-05-22T08:50:33.067922+00:00,scheduler,2,0,400.8,10240.0,33,22.069
2026-05-22T08:50:33.067922+00:00,scheduler,3,0,376.8,10240.0,36,24.471
2026-05-22T08:50:38.204611+00:00,scheduler,0,0,8127.9,10240.0,45,92.039
2026-05-22T08:50:38.204611+00:00,scheduler,1,0,400.8,10240.0,33,26.796
2026-05-22T08:50:38.204611+00:00,scheduler,2,0,400.8,10240.0,33,21.958
2026-05-22T08:50:38.204611+00:00,scheduler,3,0,376.8,10240.0,36,24.378
2026-05-22T08:50:43.205991+00:00,scheduler,0,100,8447.9,10240.0,66,318.681
2026-05-22T08:50:43.205991+00:00,scheduler,1,0,400.8,10240.0,33,27.086
2026-05-22T08:50:43.205991+00:00,scheduler,2,0,400.8,10240.0,33,22.114
2026-05-22T08:50:43.205991+00:00,scheduler,3,0,376.8,10240.0,36,24.61
2026-05-22T08:50:48.206931+00:00,scheduler,0,100,8447.9,10240.0,67,295.446
2026-05-22T08:50:48.206931+00:00,scheduler,1,0,400.8,10240.0,33,26.962
2026-05-22T08:50:48.206931+00:00,scheduler,2,0,400.8,10240.0,33,22.269
2026-05-22T08:50:48.206931+00:00,scheduler,3,0,376.8,10240.0,36,24.624
2026-05-22T08:50:53.207519+00:00,scheduler,0,13,8447.9,10240.0,56,128.629
2026-05-22T08:50:53.207519+00:00,scheduler,1,0,400.8,10240.0,33,26.956
2026-05-22T08:50:53.207519+00:00,scheduler,2,0,400.8,10240.0,33,22.198
2026-05-22T08:50:53.207519+00:00,scheduler,3,0,376.8,10240.0,36,24.496
2026-05-22T08:50:58.208155+00:00,scheduler,0,0,887.9,10240.0,51,118.662
2026-05-22T08:50:58.208155+00:00,scheduler,1,0,400.8,10240.0,33,26.96
2026-05-22T08:50:58.208155+00:00,scheduler,2,0,400.8,10240.0,33,21.931
2026-05-22T08:50:58.208155+00:00,scheduler,3,0,376.8,10240.0,36,24.35
2026-05-22T08:51:03.208831+00:00,scheduler,0,0,701.9,10240.0,49,93.522
2026-05-22T08:51:03.208831+00:00,scheduler,1,0,400.8,10240.0,33,26.673
2026-05-22T08:51:03.208831+00:00,scheduler,2,0,400.8,10240.0,33,22.052
2026-05-22T08:51:03.208831+00:00,scheduler,3,0,376.8,10240.0,36,24.371
2026-05-22T08:51:08.211116+00:00,scheduler,0,0,701.9,10240.0,48,93.068
2026-05-22T08:51:08.211116+00:00,scheduler,1,0,400.8,10240.0,33,26.696
2026-05-22T08:51:08.211116+00:00,scheduler,2,0,400.8,10240.0,33,22.113
2026-05-22T08:51:08.211116+00:00,scheduler,3,0,376.8,10240.0,36,24.495
2026-05-22T08:51:13.211934+00:00,scheduler,0,0,701.9,10240.0,48,92.698
2026-05-22T08:51:13.211934+00:00,scheduler,1,0,400.8,10240.0,33,26.824
2026-05-22T08:51:13.211934+00:00,scheduler,2,0,400.8,10240.0,33,21.966
2026-05-22T08:51:13.211934+00:00,scheduler,3,0,376.8,10240.0,36,24.393
2026-05-22T08:51:18.212684+00:00,scheduler,0,0,701.9,10240.0,47,92.51
2026-05-22T08:51:18.212684+00:00,scheduler,1,0,400.8,10240.0,33,26.726
2026-05-22T08:51:18.212684+00:00,scheduler,2,0,400.8,10240.0,33,21.983
2026-05-22T08:51:18.212684+00:00,scheduler,3,0,376.8,10240.0,36,24.334
2026-05-22T08:51:23.213525+00:00,scheduler,0,0,701.9,10240.0,41,18.915
2026-05-22T08:51:23.213525+00:00,scheduler,1,0,400.8,10240.0,33,26.698
2026-05-22T08:51:23.213525+00:00,scheduler,2,0,400.8,10240.0,33,22.064
2026-05-22T08:51:23.213525+00:00,scheduler,3,0,376.8,10240.0,36,24.54
2026-05-22T08:51:28.214417+00:00,scheduler,0,0,701.9,10240.0,40,18.813
2026-05-22T08:51:28.214417+00:00,scheduler,1,0,400.8,10240.0,33,26.855
2026-05-22T08:51:28.214417+00:00,scheduler,2,0,400.8,10240.0,33,22.016
2026-05-22T08:51:28.214417+00:00,scheduler,3,0,376.8,10240.0,36,24.371
2026-05-22T08:51:33.216916+00:00,scheduler,0,14,6099.9,10240.0,46,114.495
2026-05-22T08:51:33.216916+00:00,scheduler,1,0,400.8,10240.0,33,26.618
2026-05-22T08:51:33.216916+00:00,scheduler,2,0,400.8,10240.0,33,22.058
2026-05-22T08:51:33.216916+00:00,scheduler,3,0,376.8,10240.0,36,24.449
2026-05-22T08:51:38.217836+00:00,scheduler,0,6,8701.9,10240.0,46,92.563
2026-05-22T08:51:38.217836+00:00,scheduler,1,0,400.8,10240.0,33,26.732
2026-05-22T08:51:38.217836+00:00,scheduler,2,0,400.8,10240.0,33,21.984
2026-05-22T08:51:38.217836+00:00,scheduler,3,0,376.8,10240.0,36,24.369
2026-05-22T08:51:43.218471+00:00,scheduler,0,12,1489.9,10240.0,47,100.855
2026-05-22T08:51:43.218471+00:00,scheduler,1,0,400.8,10240.0,33,26.667
2026-05-22T08:51:43.218471+00:00,scheduler,2,0,400.8,10240.0,33,22.115
2026-05-22T08:51:43.218471+00:00,scheduler,3,0,376.8,10240.0,36,24.554
2026-05-22T08:51:48.219146+00:00,scheduler,0,100,8449.9,10240.0,66,318.081
2026-05-22T08:51:48.219146+00:00,scheduler,1,0,400.8,10240.0,33,27.134
2026-05-22T08:51:48.219146+00:00,scheduler,2,0,400.8,10240.0,33,22.29
2026-05-22T08:51:48.219146+00:00,scheduler,3,0,376.8,10240.0,36,24.552
2026-05-22T08:51:53.219915+00:00,scheduler,0,100,8449.9,10240.0,67,295.68
2026-05-22T08:51:53.219915+00:00,scheduler,1,0,400.8,10240.0,33,27.073
2026-05-22T08:51:53.219915+00:00,scheduler,2,0,400.8,10240.0,33,22.327
2026-05-22T08:51:53.219915+00:00,scheduler,3,0,376.8,10240.0,36,24.654
2026-05-22T08:51:58.220574+00:00,scheduler,0,13,8449.9,10240.0,60,232.784
2026-05-22T08:51:58.220574+00:00,scheduler,1,0,400.8,10240.0,33,26.921
2026-05-22T08:51:58.220574+00:00,scheduler,2,0,400.8,10240.0,33,22.506
2026-05-22T08:51:58.220574+00:00,scheduler,3,0,376.8,10240.0,36,24.612
2026-05-22T08:52:03.448775+00:00,scheduler,0,50,743.9,10240.0,53,108.909
2026-05-22T08:52:03.448775+00:00,scheduler,1,0,400.8,10240.0,33,26.707
2026-05-22T08:52:03.448775+00:00,scheduler,2,0,400.8,10240.0,33,22.164
2026-05-22T08:52:03.448775+00:00,scheduler,3,0,376.8,10240.0,36,24.459
2026-05-22T08:52:08.454714+00:00,scheduler,0,0,699.9,10240.0,49,93.165
2026-05-22T08:52:08.454714+00:00,scheduler,1,0,400.8,10240.0,33,26.677
2026-05-22T08:52:08.454714+00:00,scheduler,2,0,400.8,10240.0,33,22.075
2026-05-22T08:52:08.454714+00:00,scheduler,3,0,376.8,10240.0,36,24.422
2026-05-22T08:52:13.455470+00:00,scheduler,0,0,699.9,10240.0,48,92.336
2026-05-22T08:52:13.455470+00:00,scheduler,1,0,400.8,10240.0,33,26.677
2026-05-22T08:52:13.455470+00:00,scheduler,2,0,400.8,10240.0,33,22.146
2026-05-22T08:52:13.455470+00:00,scheduler,3,0,376.8,10240.0,36,24.486
2026-05-22T08:52:18.456296+00:00,scheduler,0,0,699.9,10240.0,48,92.179
2026-05-22T08:52:18.456296+00:00,scheduler,1,0,400.8,10240.0,33,26.686
2026-05-22T08:52:18.456296+00:00,scheduler,2,0,400.8,10240.0,33,22.204
2026-05-22T08:52:18.456296+00:00,scheduler,3,0,376.8,10240.0,36,24.445
2026-05-22T08:52:23.457106+00:00,scheduler,0,0,699.9,10240.0,42,20.443
2026-05-22T08:52:23.457106+00:00,scheduler,1,0,400.8,10240.0,33,26.854
2026-05-22T08:52:23.457106+00:00,scheduler,2,0,400.8,10240.0,33,22.093
2026-05-22T08:52:23.457106+00:00,scheduler,3,0,376.8,10240.0,36,24.436
2026-05-22T08:52:28.457831+00:00,scheduler,0,0,699.9,10240.0,41,18.99
2026-05-22T08:52:28.457831+00:00,scheduler,1,0,400.8,10240.0,33,26.751
2026-05-22T08:52:28.457831+00:00,scheduler,2,0,400.8,10240.0,33,22.048
2026-05-22T08:52:28.457831+00:00,scheduler,3,0,376.8,10240.0,36,24.496
2026-05-22T08:52:33.458550+00:00,scheduler,0,0,699.9,10240.0,40,18.574
2026-05-22T08:52:33.458550+00:00,scheduler,1,0,400.8,10240.0,33,26.774
2026-05-22T08:52:33.458550+00:00,scheduler,2,0,400.8,10240.0,33,22.129
2026-05-22T08:52:33.458550+00:00,scheduler,3,0,376.8,10240.0,36,24.524
2026-05-22T08:52:38.459346+00:00,scheduler,0,0,699.9,10240.0,39,18.569
2026-05-22T08:52:38.459346+00:00,scheduler,1,0,400.8,10240.0,33,26.752
2026-05-22T08:52:38.459346+00:00,scheduler,2,0,400.8,10240.0,33,22.118
2026-05-22T08:52:38.459346+00:00,scheduler,3,0,376.8,10240.0,36,24.441
2026-05-22T08:52:43.460119+00:00,scheduler,0,0,699.9,10240.0,38,18.461
2026-05-22T08:52:43.460119+00:00,scheduler,1,0,400.8,10240.0,33,26.727
2026-05-22T08:52:43.460119+00:00,scheduler,2,0,400.8,10240.0,33,22.152
2026-05-22T08:52:43.460119+00:00,scheduler,3,0,376.8,10240.0,36,24.435
2026-05-22T08:52:48.460719+00:00,scheduler,0,0,699.9,10240.0,38,18.68
2026-05-22T08:52:48.460719+00:00,scheduler,1,0,400.8,10240.0,33,26.586
2026-05-22T08:52:48.460719+00:00,scheduler,2,0,400.8,10240.0,33,22.235
2026-05-22T08:52:48.460719+00:00,scheduler,3,0,376.8,10240.0,36,24.49
2026-05-22T08:52:53.468453+00:00,scheduler,0,0,699.9,10240.0,37,18.483
2026-05-22T08:52:53.468453+00:00,scheduler,1,0,400.8,10240.0,33,26.649
2026-05-22T08:52:53.468453+00:00,scheduler,2,0,400.8,10240.0,33,22.038
2026-05-22T08:52:53.468453+00:00,scheduler,3,0,376.8,10240.0,36,24.374
2026-05-22T08:52:58.487619+00:00,scheduler,0,0,699.9,10240.0,37,18.476
2026-05-22T08:52:58.487619+00:00,scheduler,1,0,400.8,10240.0,33,26.726
2026-05-22T08:52:58.487619+00:00,scheduler,2,0,400.8,10240.0,33,21.943
2026-05-22T08:52:58.487619+00:00,scheduler,3,0,376.8,10240.0,36,24.424
2026-05-22T08:53:03.490281+00:00,scheduler,0,0,699.9,10240.0,37,18.385
2026-05-22T08:53:03.490281+00:00,scheduler,1,0,400.8,10240.0,33,26.642
2026-05-22T08:53:03.490281+00:00,scheduler,2,0,400.8,10240.0,33,22.038
2026-05-22T08:53:03.490281+00:00,scheduler,3,0,376.8,10240.0,36,24.416
2026-05-22T08:53:08.498108+00:00,scheduler,0,32,4885.9,10240.0,40,47.467
2026-05-22T08:53:08.498108+00:00,scheduler,1,0,400.8,10240.0,33,26.67
2026-05-22T08:53:08.498108+00:00,scheduler,2,0,400.8,10240.0,33,22.135
2026-05-22T08:53:08.498108+00:00,scheduler,3,0,376.8,10240.0,36,24.498
2026-05-22T08:53:13.506470+00:00,scheduler,0,9,8701.9,10240.0,43,91.994
2026-05-22T08:53:13.506470+00:00,scheduler,1,0,400.8,10240.0,33,26.758
2026-05-22T08:53:13.506470+00:00,scheduler,2,0,400.8,10240.0,33,22.223
2026-05-22T08:53:13.506470+00:00,scheduler,3,0,376.8,10240.0,36,24.416
2026-05-22T08:53:18.515034+00:00,scheduler,0,55,8449.9,10240.0,45,117.374
2026-05-22T08:53:18.515034+00:00,scheduler,1,0,400.8,10240.0,33,26.644
2026-05-22T08:53:18.515034+00:00,scheduler,2,0,400.8,10240.0,33,22.126
2026-05-22T08:53:18.515034+00:00,scheduler,3,0,376.8,10240.0,36,24.391
2026-05-22T08:53:23.516307+00:00,scheduler,0,100,8449.9,10240.0,65,318.476
2026-05-22T08:53:23.516307+00:00,scheduler,1,0,400.8,10240.0,33,26.918
2026-05-22T08:53:23.516307+00:00,scheduler,2,0,400.8,10240.0,33,22.444
2026-05-22T08:53:23.516307+00:00,scheduler,3,0,376.8,10240.0,36,24.787
2026-05-22T08:53:28.516984+00:00,scheduler,0,100,8449.9,10240.0,66,300.415
2026-05-22T08:53:28.516984+00:00,scheduler,1,0,400.8,10240.0,33,27.001
2026-05-22T08:53:28.516984+00:00,scheduler,2,0,400.8,10240.0,33,22.256
2026-05-22T08:53:28.516984+00:00,scheduler,3,0,376.8,10240.0,36,24.59
2026-05-22T08:53:33.517634+00:00,scheduler,0,12,8449.9,10240.0,54,124.726
2026-05-22T08:53:33.517634+00:00,scheduler,1,0,400.8,10240.0,33,26.736
2026-05-22T08:53:33.517634+00:00,scheduler,2,0,400.8,10240.0,33,22.16
2026-05-22T08:53:33.517634+00:00,scheduler,3,0,376.8,10240.0,36,24.397
2026-05-22T08:53:38.518346+00:00,scheduler,0,0,699.9,10240.0,51,119.715
2026-05-22T08:53:38.518346+00:00,scheduler,1,0,400.8,10240.0,33,26.716
2026-05-22T08:53:38.518346+00:00,scheduler,2,0,400.8,10240.0,33,22.058
2026-05-22T08:53:38.518346+00:00,scheduler,3,0,376.8,10240.0,36,24.533
2026-05-22T08:53:43.519089+00:00,scheduler,0,0,699.9,10240.0,48,92.198
2026-05-22T08:53:43.519089+00:00,scheduler,1,0,400.8,10240.0,33,26.732
2026-05-22T08:53:43.519089+00:00,scheduler,2,0,400.8,10240.0,33,22.148
2026-05-22T08:53:43.519089+00:00,scheduler,3,0,376.8,10240.0,36,24.4
2026-05-22T08:53:48.519819+00:00,scheduler,0,0,699.9,10240.0,47,92.559
2026-05-22T08:53:48.519819+00:00,scheduler,1,0,400.8,10240.0,33,26.801
2026-05-22T08:53:48.519819+00:00,scheduler,2,0,400.8,10240.0,33,21.901
2026-05-22T08:53:48.519819+00:00,scheduler,3,0,376.8,10240.0,36,24.444
2026-05-22T08:53:53.520475+00:00,scheduler,0,0,699.9,10240.0,47,92.437
2026-05-22T08:53:53.520475+00:00,scheduler,1,0,400.8,10240.0,33,26.677
2026-05-22T08:53:53.520475+00:00,scheduler,2,0,400.8,10240.0,33,22.077
2026-05-22T08:53:53.520475+00:00,scheduler,3,0,376.8,10240.0,36,24.443
2026-05-22T08:53:58.521291+00:00,scheduler,0,0,699.9,10240.0,41,19.602
2026-05-22T08:53:58.521291+00:00,scheduler,1,0,400.8,10240.0,33,26.621
2026-05-22T08:53:58.521291+00:00,scheduler,2,0,400.8,10240.0,33,22.071
2026-05-22T08:53:58.521291+00:00,scheduler,3,0,376.8,10240.0,36,24.519
2026-05-22T08:54:03.522076+00:00,scheduler,0,0,699.9,10240.0,40,18.864
2026-05-22T08:54:03.522076+00:00,scheduler,1,0,400.8,10240.0,33,26.701
2026-05-22T08:54:03.522076+00:00,scheduler,2,0,400.8,10240.0,33,22.047
2026-05-22T08:54:03.522076+00:00,scheduler,3,0,376.8,10240.0,36,24.416
2026-05-22T08:54:08.522790+00:00,scheduler,0,0,699.9,10240.0,39,18.695
2026-05-22T08:54:08.522790+00:00,scheduler,1,0,400.8,10240.0,33,26.668
2026-05-22T08:54:08.522790+00:00,scheduler,2,0,400.8,10240.0,33,22.036
2026-05-22T08:54:08.522790+00:00,scheduler,3,0,376.8,10240.0,36,24.398
2026-05-22T08:54:13.523399+00:00,scheduler,0,0,699.9,10240.0,39,20.347
2026-05-22T08:54:13.523399+00:00,scheduler,1,0,400.8,10240.0,33,26.749
2026-05-22T08:54:13.523399+00:00,scheduler,2,0,400.8,10240.0,33,23.684
2026-05-22T08:54:13.523399+00:00,scheduler,3,0,376.8,10240.0,36,24.778
2026-05-22T08:54:18.523985+00:00,scheduler,0,0,699.9,10240.0,38,18.559
2026-05-22T08:54:18.523985+00:00,scheduler,1,0,400.8,10240.0,33,26.744
2026-05-22T08:54:18.523985+00:00,scheduler,2,0,400.8,10240.0,33,22.218
2026-05-22T08:54:18.523985+00:00,scheduler,3,0,376.8,10240.0,36,24.361
2026-05-22T08:54:23.524632+00:00,scheduler,0,0,699.9,10240.0,37,18.635
2026-05-22T08:54:23.524632+00:00,scheduler,1,0,400.8,10240.0,33,26.657
2026-05-22T08:54:23.524632+00:00,scheduler,2,0,400.8,10240.0,33,22.323
2026-05-22T08:54:23.524632+00:00,scheduler,3,0,376.8,10240.0,36,24.398
2026-05-22T08:54:28.525307+00:00,scheduler,0,0,699.9,10240.0,37,18.568
2026-05-22T08:54:28.525307+00:00,scheduler,1,0,400.8,10240.0,33,26.673
2026-05-22T08:54:28.525307+00:00,scheduler,2,0,400.8,10240.0,33,22.074
2026-05-22T08:54:28.525307+00:00,scheduler,3,0,376.8,10240.0,36,24.573
2026-05-22T08:54:33.525968+00:00,scheduler,0,0,699.9,10240.0,37,18.413
2026-05-22T08:54:33.525968+00:00,scheduler,1,0,400.8,10240.0,33,26.629
2026-05-22T08:54:33.525968+00:00,scheduler,2,0,400.8,10240.0,33,21.994
2026-05-22T08:54:33.525968+00:00,scheduler,3,0,376.8,10240.0,36,24.422
2026-05-22T08:54:38.526643+00:00,scheduler,0,0,699.9,10240.0,36,18.378
2026-05-22T08:54:38.526643+00:00,scheduler,1,0,400.8,10240.0,33,26.648
2026-05-22T08:54:38.526643+00:00,scheduler,2,0,400.8,10240.0,33,22.173
2026-05-22T08:54:38.526643+00:00,scheduler,3,0,376.8,10240.0,36,24.415
2026-05-22T08:54:43.527326+00:00,scheduler,0,0,699.9,10240.0,36,18.341
2026-05-22T08:54:43.527326+00:00,scheduler,1,0,400.8,10240.0,33,26.644
2026-05-22T08:54:43.527326+00:00,scheduler,2,0,400.8,10240.0,33,21.969
2026-05-22T08:54:43.527326+00:00,scheduler,3,0,376.8,10240.0,36,24.404
2026-05-22T08:54:48.527979+00:00,scheduler,0,0,699.9,10240.0,36,18.191
2026-05-22T08:54:48.527979+00:00,scheduler,1,0,400.8,10240.0,33,26.867
2026-05-22T08:54:48.527979+00:00,scheduler,2,0,400.8,10240.0,33,22.089
2026-05-22T08:54:48.527979+00:00,scheduler,3,0,376.8,10240.0,36,24.529
2026-05-22T08:54:53.528660+00:00,scheduler,0,0,699.9,10240.0,36,18.237
2026-05-22T08:54:53.528660+00:00,scheduler,1,0,400.8,10240.0,33,26.75
2026-05-22T08:54:53.528660+00:00,scheduler,2,0,400.8,10240.0,33,21.984
2026-05-22T08:54:53.528660+00:00,scheduler,3,0,376.8,10240.0,36,24.398
2026-05-22T08:54:58.529364+00:00,scheduler,0,0,699.9,10240.0,35,18.39
2026-05-22T08:54:58.529364+00:00,scheduler,1,0,400.8,10240.0,33,26.752
2026-05-22T08:54:58.529364+00:00,scheduler,2,0,621.9,10240.0,37,91.73
2026-05-22T08:54:58.529364+00:00,scheduler,3,0,376.8,10240.0,36,24.369
2026-05-22T08:55:03.530079+00:00,scheduler,0,0,921.0,10240.0,37,23.413
2026-05-22T08:55:03.530079+00:00,scheduler,1,0,621.9,10240.0,38,94.814
2026-05-22T08:55:03.530079+00:00,scheduler,2,0,621.9,10240.0,38,92.175
2026-05-22T08:55:03.530079+00:00,scheduler,3,0,597.9,10240.0,43,96.825
2026-05-22T08:55:08.530910+00:00,scheduler,0,0,921.0,10240.0,41,90.721
2026-05-22T08:55:08.530910+00:00,scheduler,1,0,621.9,10240.0,39,95.648
2026-05-22T08:55:08.530910+00:00,scheduler,2,0,621.9,10240.0,38,92.489
2026-05-22T08:55:08.530910+00:00,scheduler,3,0,597.9,10240.0,46,98.612
2026-05-22T08:55:13.531556+00:00,scheduler,0,0,921.0,10240.0,42,90.943
2026-05-22T08:55:13.531556+00:00,scheduler,1,0,621.9,10240.0,40,95.879
2026-05-22T08:55:13.531556+00:00,scheduler,2,0,621.9,10240.0,36,79.828
2026-05-22T08:55:13.531556+00:00,scheduler,3,0,597.9,10240.0,47,98.893
2026-05-22T08:55:18.532246+00:00,scheduler,0,0,921.0,10240.0,42,91.142
2026-05-22T08:55:18.532246+00:00,scheduler,1,0,621.9,10240.0,41,96.268
2026-05-22T08:55:18.532246+00:00,scheduler,2,0,621.9,10240.0,34,22.174
2026-05-22T08:55:18.532246+00:00,scheduler,3,0,597.9,10240.0,47,99.227
2026-05-22T08:55:23.532840+00:00,scheduler,0,0,921.0,10240.0,37,18.954
2026-05-22T08:55:23.532840+00:00,scheduler,1,0,621.9,10240.0,35,26.888
2026-05-22T08:55:23.532840+00:00,scheduler,2,0,621.9,10240.0,34,22.049
2026-05-22T08:55:23.532840+00:00,scheduler,3,0,597.9,10240.0,39,24.754
2026-05-22T08:55:28.533531+00:00,scheduler,0,0,921.0,10240.0,36,18.535
2026-05-22T08:55:28.533531+00:00,scheduler,1,0,621.9,10240.0,35,26.711
2026-05-22T08:55:28.533531+00:00,scheduler,2,0,621.9,10240.0,34,22.238
2026-05-22T08:55:28.533531+00:00,scheduler,3,0,597.9,10240.0,38,24.51
2026-05-22T08:55:33.534131+00:00,scheduler,0,30,4333.0,10240.0,40,83.188
2026-05-22T08:55:33.534131+00:00,scheduler,1,0,621.9,10240.0,34,26.794
2026-05-22T08:55:33.534131+00:00,scheduler,2,28,4033.9,10240.0,38,62.277
2026-05-22T08:55:33.534131+00:00,scheduler,3,26,4009.9,10240.0,44,96.13
2026-05-22T08:55:38.534737+00:00,scheduler,0,12,8997.0,10240.0,43,98.671
2026-05-22T08:55:38.534737+00:00,scheduler,1,0,1365.9,10240.0,34,27.053
2026-05-22T08:55:38.534737+00:00,scheduler,2,12,8697.9,10240.0,40,105.032
2026-05-22T08:55:38.534737+00:00,scheduler,3,12,8673.9,10240.0,49,116.355
2026-05-22T08:55:43.535454+00:00,scheduler,0,16,5041.0,10240.0,43,107.182
2026-05-22T08:55:43.535454+00:00,scheduler,1,11,8697.9,10240.0,43,114.28
2026-05-22T08:55:43.535454+00:00,scheduler,2,35,3805.9,10240.0,41,99.218
2026-05-22T08:55:43.535454+00:00,scheduler,3,16,4717.9,10240.0,51,123.39
2026-05-22T08:55:48.536116+00:00,scheduler,0,100,8747.0,10240.0,64,318.265
2026-05-22T08:55:48.536116+00:00,scheduler,1,8,8697.9,10240.0,41,96.432
2026-05-22T08:55:48.536116+00:00,scheduler,2,100,8447.9,10240.0,54,317.676
2026-05-22T08:55:48.536116+00:00,scheduler,3,100,8423.9,10240.0,69,286.286
2026-05-22T08:55:53.536684+00:00,scheduler,0,100,8747.0,10240.0,66,306.949
2026-05-22T08:55:53.536684+00:00,scheduler,1,100,8447.9,10240.0,64,317.51
2026-05-22T08:55:53.536684+00:00,scheduler,2,100,8447.9,10240.0,56,318.95
2026-05-22T08:55:53.536684+00:00,scheduler,3,100,8423.9,10240.0,69,274.494
2026-05-22T08:55:58.537367+00:00,scheduler,0,100,8747.0,10240.0,58,227.975
2026-05-22T08:55:58.537367+00:00,scheduler,1,100,8447.9,10240.0,69,316.691
2026-05-22T08:55:58.537367+00:00,scheduler,2,8,8447.9,10240.0,48,211.648
2026-05-22T08:55:58.537367+00:00,scheduler,3,100,8423.9,10240.0,69,269.683
2026-05-22T08:56:03.538030+00:00,scheduler,0,12,8747.0,10240.0,48,93.932
2026-05-22T08:56:03.538030+00:00,scheduler,1,100,8447.9,10240.0,70,318.713
2026-05-22T08:56:03.538030+00:00,scheduler,2,8,8447.9,10240.0,44,95.792
2026-05-22T08:56:03.538030+00:00,scheduler,3,12,8423.9,10240.0,53,103.145
2026-05-22T08:56:08.538595+00:00,scheduler,0,0,1001.0,10240.0,48,95.794
2026-05-22T08:56:08.538595+00:00,scheduler,1,8,8447.9,10240.0,48,98.352
2026-05-22T08:56:08.538595+00:00,scheduler,2,0,701.9,10240.0,44,96.33
2026-05-22T08:56:08.538595+00:00,scheduler,3,0,677.9,10240.0,55,128.171
2026-05-22T08:56:13.539302+00:00,scheduler,0,0,1001.0,10240.0,47,92.368
2026-05-22T08:56:13.539302+00:00,scheduler,1,0,701.9,10240.0,49,120.648
2026-05-22T08:56:13.539302+00:00,scheduler,2,0,701.9,10240.0,44,95.454
2026-05-22T08:56:13.539302+00:00,scheduler,3,0,677.9,10240.0,52,101.812
2026-05-22T08:56:18.540060+00:00,scheduler,0,0,1001.0,10240.0,46,92.146
2026-05-22T08:56:18.540060+00:00,scheduler,1,0,701.9,10240.0,46,98.239
2026-05-22T08:56:18.540060+00:00,scheduler,2,0,701.9,10240.0,44,95.317
2026-05-22T08:56:18.540060+00:00,scheduler,3,0,677.9,10240.0,52,101.574
2026-05-22T08:56:23.540779+00:00,scheduler,0,0,1001.0,10240.0,43,73.121
2026-05-22T08:56:23.540779+00:00,scheduler,1,0,701.9,10240.0,46,98.199
2026-05-22T08:56:23.540779+00:00,scheduler,2,0,701.9,10240.0,40,36.761
2026-05-22T08:56:23.540779+00:00,scheduler,3,0,677.9,10240.0,52,101.4
2026-05-22T08:56:28.541426+00:00,scheduler,0,0,1001.0,10240.0,40,19.181
2026-05-22T08:56:28.541426+00:00,scheduler,1,0,701.9,10240.0,46,98.444
2026-05-22T08:56:28.541426+00:00,scheduler,2,0,701.9,10240.0,39,22.842
2026-05-22T08:56:28.541426+00:00,scheduler,3,0,677.9,10240.0,45,24.975
2026-05-22T08:56:33.542038+00:00,scheduler,0,0,1001.0,10240.0,39,19.04
2026-05-22T08:56:33.542038+00:00,scheduler,1,0,701.9,10240.0,39,27.368
2026-05-22T08:56:33.542038+00:00,scheduler,2,0,701.9,10240.0,38,22.749
2026-05-22T08:56:33.542038+00:00,scheduler,3,0,677.9,10240.0,43,24.695
2026-05-22T08:56:38.542800+00:00,scheduler,0,0,1001.0,10240.0,39,18.645
2026-05-22T08:56:38.542800+00:00,scheduler,1,0,701.9,10240.0,39,26.924
2026-05-22T08:56:38.542800+00:00,scheduler,2,0,701.9,10240.0,38,22.501
2026-05-22T08:56:38.542800+00:00,scheduler,3,0,677.9,10240.0,42,24.627
2026-05-22T08:56:43.543457+00:00,scheduler,0,0,1001.0,10240.0,38,18.739
2026-05-22T08:56:43.543457+00:00,scheduler,1,0,701.9,10240.0,38,27.052
2026-05-22T08:56:43.543457+00:00,scheduler,2,12,8701.9,10240.0,44,162.722
2026-05-22T08:56:43.543457+00:00,scheduler,3,0,677.9,10240.0,42,24.698
2026-05-22T08:56:48.544109+00:00,scheduler,0,0,1001.0,10240.0,37,18.456
2026-05-22T08:56:48.544109+00:00,scheduler,1,0,701.9,10240.0,37,27.114
2026-05-22T08:56:48.544109+00:00,scheduler,2,9,8701.9,10240.0,42,95.11
2026-05-22T08:56:48.544109+00:00,scheduler,3,0,677.9,10240.0,41,24.54
2026-05-22T08:56:53.544653+00:00,scheduler,0,41,9001.0,10240.0,43,102.181
2026-05-22T08:56:53.544653+00:00,scheduler,1,0,701.9,10240.0,37,27.235
2026-05-22T08:56:53.544653+00:00,scheduler,2,100,8449.9,10240.0,56,318.783
2026-05-22T08:56:53.544653+00:00,scheduler,3,31,5979.9,10240.0,48,67.875
2026-05-22T08:56:58.548596+00:00,scheduler,0,7,9001.0,10240.0,44,92.292
2026-05-22T08:56:58.548596+00:00,scheduler,1,0,701.9,10240.0,36,27.36
2026-05-22T08:56:58.548596+00:00,scheduler,2,100,8449.9,10240.0,58,316.958
2026-05-22T08:56:58.548596+00:00,scheduler,3,12,8677.9,10240.0,51,101.208
2026-05-22T08:57:03.556534+00:00,scheduler,0,50,8749.0,10240.0,57,201.881
2026-05-22T08:57:03.556534+00:00,scheduler,1,10,8701.9,10240.0,45,163.055
2026-05-22T08:57:03.556534+00:00,scheduler,2,100,8449.9,10240.0,59,318.234
2026-05-22T08:57:03.556534+00:00,scheduler,3,100,8425.9,10240.0,67,208.741
2026-05-22T08:57:08.561230+00:00,scheduler,0,100,8749.0,10240.0,66,318.184
2026-05-22T08:57:08.561230+00:00,scheduler,1,10,8701.9,10240.0,43,97.4
2026-05-22T08:57:08.561230+00:00,scheduler,2,11,8449.9,10240.0,46,96.523
2026-05-22T08:57:08.561230+00:00,scheduler,3,100,8425.9,10240.0,70,268.542
2026-05-22T08:57:13.561898+00:00,scheduler,0,100,8749.0,10240.0,66,293.301
2026-05-22T08:57:13.561898+00:00,scheduler,1,100,8449.9,10240.0,67,318.394
2026-05-22T08:57:13.561898+00:00,scheduler,2,0,699.9,10240.0,46,100.282
2026-05-22T08:57:13.561898+00:00,scheduler,3,100,8425.9,10240.0,70,258.284
2026-05-22T08:57:18.564035+00:00,scheduler,0,11,8749.0,10240.0,52,112.929
2026-05-22T08:57:18.564035+00:00,scheduler,1,100,8449.9,10240.0,70,318.739
2026-05-22T08:57:18.564035+00:00,scheduler,2,0,699.9,10240.0,46,95.796
2026-05-22T08:57:18.564035+00:00,scheduler,3,8,8425.9,10240.0,59,132.177
2026-05-22T08:57:23.566102+00:00,scheduler,0,0,999.0,10240.0,51,122.28
2026-05-22T08:57:23.566102+00:00,scheduler,1,100,8449.9,10240.0,71,316.836
2026-05-22T08:57:23.566102+00:00,scheduler,2,0,699.9,10240.0,45,95.899
2026-05-22T08:57:23.566102+00:00,scheduler,3,0,675.9,10240.0,57,126.31
2026-05-22T08:57:28.566753+00:00,scheduler,0,0,999.0,10240.0,48,93.619
2026-05-22T08:57:28.566753+00:00,scheduler,1,5,8449.9,10240.0,48,98.515
2026-05-22T08:57:28.566753+00:00,scheduler,2,0,699.9,10240.0,41,25.388
2026-05-22T08:57:28.566753+00:00,scheduler,3,0,675.9,10240.0,54,103.212
2026-05-22T08:57:33.568679+00:00,scheduler,0,0,999.0,10240.0,47,93.074
2026-05-22T08:57:33.568679+00:00,scheduler,1,0,699.9,10240.0,49,135.802
2026-05-22T08:57:33.568679+00:00,scheduler,2,0,699.9,10240.0,40,22.887
2026-05-22T08:57:33.568679+00:00,scheduler,3,0,675.9,10240.0,54,102.875
2026-05-22T08:57:38.569365+00:00,scheduler,0,0,999.0,10240.0,47,92.935
2026-05-22T08:57:38.569365+00:00,scheduler,1,0,699.9,10240.0,47,98.857
2026-05-22T08:57:38.569365+00:00,scheduler,2,0,699.9,10240.0,39,22.973
2026-05-22T08:57:38.569365+00:00,scheduler,3,0,675.9,10240.0,54,102.652
2026-05-22T08:57:43.570015+00:00,scheduler,0,0,999.0,10240.0,41,19.625
2026-05-22T08:57:43.570015+00:00,scheduler,1,0,699.9,10240.0,47,98.992
2026-05-22T08:57:43.570015+00:00,scheduler,2,0,699.9,10240.0,38,22.633
2026-05-22T08:57:43.570015+00:00,scheduler,3,0,675.9,10240.0,46,25.198
2026-05-22T08:57:48.571938+00:00,scheduler,0,0,999.0,10240.0,40,19.057
2026-05-22T08:57:48.571938+00:00,scheduler,1,0,699.9,10240.0,46,98.947
2026-05-22T08:57:48.571938+00:00,scheduler,2,0,699.9,10240.0,38,22.459
2026-05-22T08:57:48.571938+00:00,scheduler,3,0,675.9,10240.0,44,24.998
2026-05-22T08:57:53.572529+00:00,scheduler,0,0,999.0,10240.0,39,18.628
2026-05-22T08:57:53.572529+00:00,scheduler,1,0,699.9,10240.0,40,27.556
2026-05-22T08:57:53.572529+00:00,scheduler,2,0,1441.9,10240.0,37,22.589
2026-05-22T08:57:53.572529+00:00,scheduler,3,0,675.9,10240.0,43,24.697
2026-05-22T08:57:58.573031+00:00,scheduler,0,0,999.0,10240.0,38,18.833
2026-05-22T08:57:58.573031+00:00,scheduler,1,0,699.9,10240.0,39,27.227
2026-05-22T08:57:58.573031+00:00,scheduler,2,11,8721.9,10240.0,43,110.702
2026-05-22T08:57:58.573031+00:00,scheduler,3,24,3561.9,10240.0,47,32.887
2026-05-22T08:58:03.573546+00:00,scheduler,0,0,999.0,10240.0,38,18.773
2026-05-22T08:58:03.573546+00:00,scheduler,1,0,699.9,10240.0,38,27.43
2026-05-22T08:58:03.573546+00:00,scheduler,2,32,8449.9,10240.0,44,113.27
2026-05-22T08:58:03.573546+00:00,scheduler,3,12,8677.9,10240.0,52,104.886
2026-05-22T08:58:08.574149+00:00,scheduler,0,0,999.0,10240.0,37,18.966
2026-05-22T08:58:08.574149+00:00,scheduler,1,0,699.9,10240.0,38,27.64
2026-05-22T08:58:08.574149+00:00,scheduler,2,100,8449.9,10240.0,57,318.879
2026-05-22T08:58:08.574149+00:00,scheduler,3,32,8425.9,10240.0,54,123.816
2026-05-22T08:58:13.574723+00:00,scheduler,0,31,6737.0,10240.0,42,91.671
2026-05-22T08:58:13.574723+00:00,scheduler,1,0,699.9,10240.0,37,27.423
2026-05-22T08:58:13.574723+00:00,scheduler,2,100,8449.9,10240.0,58,318.048
2026-05-22T08:58:13.574723+00:00,scheduler,3,100,8425.9,10240.0,70,267.374
2026-05-22T08:58:18.576597+00:00,scheduler,0,13,9001.0,10240.0,44,92.413
2026-05-22T08:58:18.576597+00:00,scheduler,1,0,699.9,10240.0,37,27.415
2026-05-22T08:58:18.576597+00:00,scheduler,2,12,8449.9,10240.0,47,108.165
2026-05-22T08:58:18.576597+00:00,scheduler,3,100,8425.9,10240.0,71,260.676
2026-05-22T08:58:23.577429+00:00,scheduler,0,100,8749.0,10240.0,61,317.824
2026-05-22T08:58:23.577429+00:00,scheduler,1,0,699.9,10240.0,36,27.515
2026-05-22T08:58:23.577429+00:00,scheduler,2,0,699.9,10240.0,47,113.585
2026-05-22T08:58:23.577429+00:00,scheduler,3,12,8425.9,10240.0,61,136.146
2026-05-22T08:58:28.578146+00:00,scheduler,0,100,8749.0,10240.0,66,316.1
2026-05-22T08:58:28.578146+00:00,scheduler,1,0,699.9,10240.0,36,27.391
2026-05-22T08:58:28.578146+00:00,scheduler,2,0,699.9,10240.0,46,95.889
2026-05-22T08:58:28.578146+00:00,scheduler,3,41,675.9,10240.0,60,123.821
2026-05-22T08:58:33.578730+00:00,scheduler,0,100,8749.0,10240.0,67,294.609
2026-05-22T08:58:33.578730+00:00,scheduler,1,10,8701.9,10240.0,45,116.211
2026-05-22T08:58:33.578730+00:00,scheduler,2,0,699.9,10240.0,45,95.732
2026-05-22T08:58:33.578730+00:00,scheduler,3,0,675.9,10240.0,55,104.089
2026-05-22T08:58:38.579285+00:00,scheduler,0,8,8749.0,10240.0,50,97.195
2026-05-22T08:58:38.579285+00:00,scheduler,1,12,8701.9,10240.0,43,97.558
2026-05-22T08:58:38.579285+00:00,scheduler,2,0,699.9,10240.0,45,95.713
2026-05-22T08:58:38.579285+00:00,scheduler,3,0,675.9,10240.0,55,103.475
2026-05-22T08:58:43.579975+00:00,scheduler,0,0,999.0,10240.0,51,119.091
2026-05-22T08:58:43.579975+00:00,scheduler,1,100,8449.9,10240.0,66,318.842
2026-05-22T08:58:43.579975+00:00,scheduler,2,0,699.9,10240.0,40,23.242
2026-05-22T08:58:43.579975+00:00,scheduler,3,0,675.9,10240.0,54,103.155
2026-05-22T08:58:48.580593+00:00,scheduler,0,0,999.0,10240.0,48,93.056
2026-05-22T08:58:48.580593+00:00,scheduler,1,100,8449.9,10240.0,70,318.072
2026-05-22T08:58:48.580593+00:00,scheduler,2,0,699.9,10240.0,39,23.049
2026-05-22T08:58:48.580593+00:00,scheduler,3,0,675.9,10240.0,47,31.218
2026-05-22T08:58:53.581327+00:00,scheduler,0,0,999.0,10240.0,47,92.612
2026-05-22T08:58:53.581327+00:00,scheduler,1,100,8449.9,10240.0,71,318.249
2026-05-22T08:58:53.581327+00:00,scheduler,2,0,699.9,10240.0,39,23.021
2026-05-22T08:58:53.581327+00:00,scheduler,3,0,675.9,10240.0,45,25.421
2026-05-22T08:58:58.582046+00:00,scheduler,0,0,999.0,10240.0,47,89.152
2026-05-22T08:58:58.582046+00:00,scheduler,1,5,8449.9,10240.0,48,98.855
2026-05-22T08:58:58.582046+00:00,scheduler,2,0,699.9,10240.0,38,22.713
2026-05-22T08:58:58.582046+00:00,scheduler,3,0,675.9,10240.0,44,25.02
2026-05-22T08:59:03.582650+00:00,scheduler,0,0,999.0,10240.0,41,19.384
2026-05-22T08:59:03.582650+00:00,scheduler,1,1,699.9,10240.0,49,124.996
2026-05-22T08:59:03.582650+00:00,scheduler,2,0,699.9,10240.0,38,22.499
2026-05-22T08:59:03.582650+00:00,scheduler,3,0,675.9,10240.0,44,24.8
2026-05-22T08:59:08.583338+00:00,scheduler,0,0,999.0,10240.0,40,19.032
2026-05-22T08:59:08.583338+00:00,scheduler,1,0,699.9,10240.0,47,99.292
2026-05-22T08:59:08.583338+00:00,scheduler,2,0,699.9,10240.0,37,22.614
2026-05-22T08:59:08.583338+00:00,scheduler,3,0,675.9,10240.0,43,24.721
2026-05-22T08:59:13.585293+00:00,scheduler,0,0,999.0,10240.0,39,18.844
2026-05-22T08:59:13.585293+00:00,scheduler,1,0,699.9,10240.0,47,98.942
2026-05-22T08:59:13.585293+00:00,scheduler,2,0,699.9,10240.0,37,22.425
2026-05-22T08:59:13.585293+00:00,scheduler,3,0,675.9,10240.0,42,24.89
2026-05-22T08:59:18.586016+00:00,scheduler,0,0,999.0,10240.0,38,18.901
2026-05-22T08:59:18.586016+00:00,scheduler,1,0,699.9,10240.0,46,98.889
2026-05-22T08:59:18.586016+00:00,scheduler,2,0,699.9,10240.0,36,22.517
2026-05-22T08:59:18.586016+00:00,scheduler,3,0,675.9,10240.0,42,24.857
2026-05-22T08:59:23.586664+00:00,scheduler,0,0,999.0,10240.0,38,18.6
2026-05-22T08:59:23.586664+00:00,scheduler,1,0,699.9,10240.0,40,27.597
2026-05-22T08:59:23.586664+00:00,scheduler,2,0,699.9,10240.0,36,22.587
2026-05-22T08:59:23.586664+00:00,scheduler,3,0,675.9,10240.0,42,24.756
2026-05-22T08:59:28.587329+00:00,scheduler,0,0,999.0,10240.0,37,18.63
2026-05-22T08:59:28.587329+00:00,scheduler,1,0,699.9,10240.0,39,27.454
2026-05-22T08:59:28.587329+00:00,scheduler,2,0,699.9,10240.0,36,22.367
2026-05-22T08:59:28.587329+00:00,scheduler,3,0,675.9,10240.0,41,24.558
2026-05-22T08:59:33.588109+00:00,scheduler,0,0,999.0,10240.0,37,18.541
2026-05-22T08:59:33.588109+00:00,scheduler,1,0,699.9,10240.0,38,27.152
2026-05-22T08:59:33.588109+00:00,scheduler,2,0,699.9,10240.0,36,22.344
2026-05-22T08:59:33.588109+00:00,scheduler,3,0,675.9,10240.0,41,24.545
2026-05-22T08:59:38.589029+00:00,scheduler,0,0,999.0,10240.0,37,18.669
2026-05-22T08:59:38.589029+00:00,scheduler,1,0,699.9,10240.0,38,27.377
2026-05-22T08:59:38.589029+00:00,scheduler,2,0,699.9,10240.0,35,22.248
2026-05-22T08:59:38.589029+00:00,scheduler,3,0,675.9,10240.0,41,24.515
2026-05-22T08:59:43.589769+00:00,scheduler,0,0,999.0,10240.0,36,18.49
2026-05-22T08:59:43.589769+00:00,scheduler,1,0,699.9,10240.0,37,27.143
2026-05-22T08:59:43.589769+00:00,scheduler,2,0,699.9,10240.0,35,22.237
2026-05-22T08:59:43.589769+00:00,scheduler,3,0,675.9,10240.0,41,24.638
2026-05-22T08:59:48.590452+00:00,scheduler,0,0,999.0,10240.0,36,18.678
2026-05-22T08:59:48.590452+00:00,scheduler,1,0,699.9,10240.0,37,27.283
2026-05-22T08:59:48.590452+00:00,scheduler,2,0,699.9,10240.0,35,22.37
2026-05-22T08:59:48.590452+00:00,scheduler,3,11,6297.9,10240.0,49,100.43
2026-05-22T08:59:53.591191+00:00,scheduler,0,0,999.0,10240.0,36,18.414
2026-05-22T08:59:53.591191+00:00,scheduler,1,0,699.9,10240.0,36,27.233
2026-05-22T08:59:53.591191+00:00,scheduler,2,0,699.9,10240.0,35,22.416
2026-05-22T08:59:53.591191+00:00,scheduler,3,10,8677.9,10240.0,51,101.18
2026-05-22T08:59:58.591908+00:00,scheduler,0,0,999.0,10240.0,35,18.414
2026-05-22T08:59:58.591908+00:00,scheduler,1,0,699.9,10240.0,36,26.994
2026-05-22T08:59:58.591908+00:00,scheduler,2,0,699.9,10240.0,35,22.217
2026-05-22T08:59:58.591908+00:00,scheduler,3,27,8425.9,10240.0,60,161.039
2026-05-22T09:00:03.592545+00:00,scheduler,0,0,999.0,10240.0,35,18.992
2026-05-22T09:00:03.592545+00:00,scheduler,1,0,699.9,10240.0,36,27.181
2026-05-22T09:00:03.592545+00:00,scheduler,2,0,699.9,10240.0,35,22.559
2026-05-22T09:00:03.592545+00:00,scheduler,3,100,8425.9,10240.0,70,265.983
2026-05-22T09:00:08.593191+00:00,scheduler,0,0,999.0,10240.0,35,18.854
2026-05-22T09:00:08.593191+00:00,scheduler,1,0,699.9,10240.0,35,27.537
2026-05-22T09:00:08.593191+00:00,scheduler,2,0,699.9,10240.0,34,22.711
2026-05-22T09:00:08.593191+00:00,scheduler,3,100,8425.9,10240.0,70,257.443
2026-05-22T09:00:13.593797+00:00,scheduler,0,0,999.0,10240.0,35,18.878
2026-05-22T09:00:13.593797+00:00,scheduler,1,0,699.9,10240.0,35,27.44
2026-05-22T09:00:13.593797+00:00,scheduler,2,11,8721.9,10240.0,40,109.087
2026-05-22T09:00:13.593797+00:00,scheduler,3,11,8425.9,10240.0,60,134.145
2026-05-22T09:00:18.594370+00:00,scheduler,0,0,999.0,10240.0,35,18.506
2026-05-22T09:00:18.594370+00:00,scheduler,1,0,699.9,10240.0,35,27.225
2026-05-22T09:00:18.594370+00:00,scheduler,2,34,3381.9,10240.0,41,106.388
2026-05-22T09:00:18.594370+00:00,scheduler,3,0,675.9,10240.0,58,138.799
2026-05-22T09:00:23.594920+00:00,scheduler,0,0,999.0,10240.0,35,18.956
2026-05-22T09:00:23.594920+00:00,scheduler,1,0,699.9,10240.0,35,27.276
2026-05-22T09:00:23.594920+00:00,scheduler,2,100,8449.9,10240.0,55,318.127
2026-05-22T09:00:23.594920+00:00,scheduler,3,0,675.9,10240.0,54,103.32
2026-05-22T09:00:28.595526+00:00,scheduler,0,0,999.0,10240.0,35,18.907
2026-05-22T09:00:28.595526+00:00,scheduler,1,0,699.9,10240.0,35,27.279
2026-05-22T09:00:28.595526+00:00,scheduler,2,100,8449.9,10240.0,56,318.656
2026-05-22T09:00:28.595526+00:00,scheduler,3,0,675.9,10240.0,54,103.069
2026-05-22T09:00:33.596069+00:00,scheduler,0,0,999.0,10240.0,35,18.771
2026-05-22T09:00:33.596069+00:00,scheduler,1,0,699.9,10240.0,35,27.309
2026-05-22T09:00:33.596069+00:00,scheduler,2,8,8449.9,10240.0,48,193.987
2026-05-22T09:00:33.596069+00:00,scheduler,3,0,675.9,10240.0,54,102.766
2026-05-22T09:00:38.596664+00:00,scheduler,0,0,999.0,10240.0,34,18.318
2026-05-22T09:00:38.596664+00:00,scheduler,1,0,699.9,10240.0,35,26.895
2026-05-22T09:00:38.596664+00:00,scheduler,2,12,6319.9,10240.0,45,96.413
2026-05-22T09:00:38.596664+00:00,scheduler,3,0,675.9,10240.0,46,25.385
2026-05-22T09:00:43.597335+00:00,scheduler,0,0,999.0,10240.0,34,18.281
2026-05-22T09:00:43.597335+00:00,scheduler,1,0,699.9,10240.0,34,26.895
2026-05-22T09:00:43.597335+00:00,scheduler,2,0,699.9,10240.0,45,95.958
2026-05-22T09:00:43.597335+00:00,scheduler,3,0,675.9,10240.0,44,24.902
2026-05-22T09:00:48.598030+00:00,scheduler,0,0,999.0,10240.0,34,18.196
2026-05-22T09:00:48.598030+00:00,scheduler,1,0,699.9,10240.0,34,26.991
2026-05-22T09:00:48.598030+00:00,scheduler,2,0,699.9,10240.0,44,95.576
2026-05-22T09:00:48.598030+00:00,scheduler,3,0,675.9,10240.0,43,24.723
2026-05-22T09:00:53.598583+00:00,scheduler,0,0,999.0,10240.0,34,18.18
2026-05-22T09:00:53.598583+00:00,scheduler,1,0,699.9,10240.0,34,26.786
2026-05-22T09:00:53.598583+00:00,scheduler,2,0,699.9,10240.0,44,95.547
2026-05-22T09:00:53.598583+00:00,scheduler,3,0,1417.9,10240.0,45,33.047
2026-05-22T09:00:58.599167+00:00,scheduler,0,0,999.0,10240.0,34,18.084
2026-05-22T09:00:58.599167+00:00,scheduler,1,0,699.9,10240.0,34,26.812
2026-05-22T09:00:58.599167+00:00,scheduler,2,0,699.9,10240.0,40,23.254
2026-05-22T09:00:58.599167+00:00,scheduler,3,14,8677.9,10240.0,52,105.118
2026-05-22T09:01:03.599709+00:00,scheduler,0,94,9021.0,10240.0,44,182.417
2026-05-22T09:01:03.599709+00:00,scheduler,1,0,699.9,10240.0,34,26.96
2026-05-22T09:01:03.599709+00:00,scheduler,2,0,699.9,10240.0,39,22.948
2026-05-22T09:01:03.599709+00:00,scheduler,3,100,8425.9,10240.0,71,308.115
2026-05-22T09:01:08.600355+00:00,scheduler,0,12,9021.0,10240.0,41,91.55
2026-05-22T09:01:08.600355+00:00,scheduler,1,0,699.9,10240.0,34,27.27
2026-05-22T09:01:08.600355+00:00,scheduler,2,0,699.9,10240.0,38,22.737
2026-05-22T09:01:08.600355+00:00,scheduler,3,100,8425.9,10240.0,70,261.774
2026-05-22T09:01:13.606783+00:00,scheduler,0,100,8749.0,10240.0,61,318.662
2026-05-22T09:01:13.606783+00:00,scheduler,1,0,699.9,10240.0,34,27.128
2026-05-22T09:01:13.606783+00:00,scheduler,2,0,699.9,10240.0,38,22.799
2026-05-22T09:01:13.606783+00:00,scheduler,3,100,8425.9,10240.0,70,261.659
2026-05-22T09:01:18.619553+00:00,scheduler,0,100,8749.0,10240.0,65,317.284
2026-05-22T09:01:18.619553+00:00,scheduler,1,0,699.9,10240.0,34,27.106
2026-05-22T09:01:18.619553+00:00,scheduler,2,0,699.9,10240.0,37,22.808
2026-05-22T09:01:18.619553+00:00,scheduler,3,11,8425.9,10240.0,58,119.244
2026-05-22T09:01:23.624145+00:00,scheduler,0,100,8749.0,10240.0,66,304.675
2026-05-22T09:01:23.624145+00:00,scheduler,1,0,699.9,10240.0,34,27.297
2026-05-22T09:01:23.624145+00:00,scheduler,2,0,699.9,10240.0,37,22.668
2026-05-22T09:01:23.624145+00:00,scheduler,3,0,675.9,10240.0,58,130.529
2026-05-22T09:01:28.626042+00:00,scheduler,0,10,8749.0,10240.0,48,94.159
2026-05-22T09:01:28.626042+00:00,scheduler,1,0,699.9,10240.0,34,26.898
2026-05-22T09:01:28.626042+00:00,scheduler,2,0,699.9,10240.0,36,22.372
2026-05-22T09:01:28.626042+00:00,scheduler,3,0,675.9,10240.0,55,103.781
2026-05-22T09:01:33.626873+00:00,scheduler,0,0,999.0,10240.0,47,104.734
2026-05-22T09:01:33.626873+00:00,scheduler,1,0,699.9,10240.0,34,27.117
2026-05-22T09:01:33.626873+00:00,scheduler,2,8,8701.9,10240.0,42,100.913
2026-05-22T09:01:33.626873+00:00,scheduler,3,0,675.9,10240.0,54,103.43
2026-05-22T09:01:38.627575+00:00,scheduler,0,0,999.0,10240.0,46,92.6
2026-05-22T09:01:38.627575+00:00,scheduler,1,0,699.9,10240.0,34,27.199
2026-05-22T09:01:38.627575+00:00,scheduler,2,31,6619.9,10240.0,43,112.743
2026-05-22T09:01:38.627575+00:00,scheduler,3,0,675.9,10240.0,54,102.36
2026-05-22T09:01:43.628291+00:00,scheduler,0,0,999.0,10240.0,46,92.77
2026-05-22T09:01:43.628291+00:00,scheduler,1,0,699.9,10240.0,34,27.169
2026-05-22T09:01:43.628291+00:00,scheduler,2,100,8449.9,10240.0,56,318.794
2026-05-22T09:01:43.628291+00:00,scheduler,3,0,675.9,10240.0,46,25.292
2026-05-22T09:01:48.629009+00:00,scheduler,0,0,999.0,10240.0,42,56.804
2026-05-22T09:01:48.629009+00:00,scheduler,1,10,8701.9,10240.0,42,114.262
2026-05-22T09:01:48.629009+00:00,scheduler,2,100,8449.9,10240.0,58,317.104
2026-05-22T09:01:48.629009+00:00,scheduler,3,0,675.9,10240.0,44,25.192
2026-05-22T09:01:53.629699+00:00,scheduler,0,0,999.0,10240.0,39,19.335
2026-05-22T09:01:53.629699+00:00,scheduler,1,98,2605.9,10240.0,42,104.677
2026-05-22T09:01:53.629699+00:00,scheduler,2,12,8449.9,10240.0,48,115.171
2026-05-22T09:01:53.629699+00:00,scheduler,3,0,675.9,10240.0,44,24.946
2026-05-22T09:01:58.630374+00:00,scheduler,0,0,999.0,10240.0,39,19.211
2026-05-22T09:01:58.630374+00:00,scheduler,1,100,8449.9,10240.0,65,316.399
2026-05-22T09:01:58.630374+00:00,scheduler,2,0,699.9,10240.0,47,127.639
2026-05-22T09:01:58.630374+00:00,scheduler,3,0,675.9,10240.0,43,24.855
2026-05-22T09:02:03.631197+00:00,scheduler,0,0,1741.0,10240.0,38,18.999
2026-05-22T09:02:03.631197+00:00,scheduler,1,100,8449.9,10240.0,69,318.861
2026-05-22T09:02:03.631197+00:00,scheduler,2,0,699.9,10240.0,46,95.949
2026-05-22T09:02:03.631197+00:00,scheduler,3,0,675.9,10240.0,43,24.824
2026-05-22T09:02:08.631819+00:00,scheduler,0,13,9001.0,10240.0,45,103.571
2026-05-22T09:02:08.631819+00:00,scheduler,1,89,8449.9,10240.0,57,228.821
2026-05-22T09:02:08.631819+00:00,scheduler,2,0,699.9,10240.0,45,95.742
2026-05-22T09:02:08.631819+00:00,scheduler,3,0,675.9,10240.0,42,24.911
2026-05-22T09:02:13.632547+00:00,scheduler,0,31,6919.0,10240.0,47,117.222
2026-05-22T09:02:13.632547+00:00,scheduler,1,10,8449.9,10240.0,47,99.256
2026-05-22T09:02:13.632547+00:00,scheduler,2,0,699.9,10240.0,45,95.431
2026-05-22T09:02:13.632547+00:00,scheduler,3,47,8697.9,10240.0,55,129.627
2026-05-22T09:02:18.633157+00:00,scheduler,0,100,8749.0,10240.0,66,318.431
2026-05-22T09:02:18.633157+00:00,scheduler,1,0,699.9,10240.0,46,98.682
2026-05-22T09:02:18.633157+00:00,scheduler,2,0,699.9,10240.0,40,23.047
2026-05-22T09:02:18.633157+00:00,scheduler,3,43,6219.9,10240.0,55,128.935
2026-05-22T09:02:23.633855+00:00,scheduler,0,100,8749.0,10240.0,67,295.759
2026-05-22T09:02:23.633855+00:00,scheduler,1,0,699.9,10240.0,46,98.449
2026-05-22T09:02:23.633855+00:00,scheduler,2,0,699.9,10240.0,39,23.108
2026-05-22T09:02:23.633855+00:00,scheduler,3,100,8425.9,10240.0,70,265.727
2026-05-22T09:02:28.634478+00:00,scheduler,0,11,8749.0,10240.0,56,129.571
2026-05-22T09:02:28.634478+00:00,scheduler,1,0,699.9,10240.0,46,98.519
2026-05-22T09:02:28.634478+00:00,scheduler,2,0,699.9,10240.0,39,22.788
2026-05-22T09:02:28.634478+00:00,scheduler,3,100,8425.9,10240.0,70,259.799
2026-05-22T09:02:33.636368+00:00,scheduler,0,36,999.0,10240.0,51,128.476
2026-05-22T09:02:33.636368+00:00,scheduler,1,0,699.9,10240.0,40,27.799
2026-05-22T09:02:33.636368+00:00,scheduler,2,0,699.9,10240.0,38,22.703
2026-05-22T09:02:33.636368+00:00,scheduler,3,11,8425.9,10240.0,63,188.761
2026-05-22T09:02:38.637017+00:00,scheduler,0,0,999.0,10240.0,48,93.523
2026-05-22T09:02:38.637017+00:00,scheduler,1,0,699.9,10240.0,39,27.449
2026-05-22T09:02:38.637017+00:00,scheduler,2,0,699.9,10240.0,37,22.554
2026-05-22T09:02:38.637017+00:00,scheduler,3,5,8425.9,10240.0,55,104.62
2026-05-22T09:02:43.637632+00:00,scheduler,0,0,999.0,10240.0,48,93.686
2026-05-22T09:02:43.637632+00:00,scheduler,1,0,699.9,10240.0,38,27.404
2026-05-22T09:02:43.637632+00:00,scheduler,2,96,8701.9,10240.0,44,156.972
2026-05-22T09:02:43.637632+00:00,scheduler,3,0,675.9,10240.0,56,116.226
2026-05-22T09:02:48.638290+00:00,scheduler,0,0,999.0,10240.0,47,93.026
2026-05-22T09:02:48.638290+00:00,scheduler,1,0,699.9,10240.0,37,27.335
2026-05-22T09:02:48.638290+00:00,scheduler,2,9,2011.9,10240.0,44,100.983
2026-05-22T09:02:48.638290+00:00,scheduler,3,0,675.9,10240.0,54,103.359
2026-05-22T09:02:53.638827+00:00,scheduler,0,0,999.0,10240.0,41,19.88
2026-05-22T09:02:53.638827+00:00,scheduler,1,0,699.9,10240.0,37,27.445
2026-05-22T09:02:53.638827+00:00,scheduler,2,100,8449.9,10240.0,56,318.861
2026-05-22T09:02:53.638827+00:00,scheduler,3,0,675.9,10240.0,54,102.641
2026-05-22T09:02:58.639329+00:00,scheduler,0,0,999.0,10240.0,40,19.65
2026-05-22T09:02:58.639329+00:00,scheduler,1,0,699.9,10240.0,36,27.288
2026-05-22T09:02:58.639329+00:00,scheduler,2,100,8449.9,10240.0,58,318.873
2026-05-22T09:02:58.639329+00:00,scheduler,3,0,675.9,10240.0,48,57.183
2026-05-22T09:03:03.639868+00:00,scheduler,0,0,999.0,10240.0,39,19.382
2026-05-22T09:03:03.639868+00:00,scheduler,1,0,699.9,10240.0,36,27.283
2026-05-22T09:03:03.639868+00:00,scheduler,2,100,8449.9,10240.0,51,251.091
2026-05-22T09:03:03.639868+00:00,scheduler,3,0,675.9,10240.0,45,24.969
2026-05-22T09:03:08.640413+00:00,scheduler,0,0,999.0,10240.0,39,18.786
2026-05-22T09:03:08.640413+00:00,scheduler,1,0,699.9,10240.0,36,27.166
2026-05-22T09:03:08.640413+00:00,scheduler,2,12,1965.9,10240.0,47,97.784
2026-05-22T09:03:08.640413+00:00,scheduler,3,0,675.9,10240.0,44,24.89
2026-05-22T09:03:13.641151+00:00,scheduler,0,0,999.0,10240.0,38,18.674
2026-05-22T09:03:13.641151+00:00,scheduler,1,0,699.9,10240.0,36,27.006
2026-05-22T09:03:13.641151+00:00,scheduler,2,0,699.9,10240.0,46,96.168
2026-05-22T09:03:13.641151+00:00,scheduler,3,0,675.9,10240.0,44,25.159
2026-05-22T09:03:18.641738+00:00,scheduler,0,32,9001.0,10240.0,54,137.236
2026-05-22T09:03:18.641738+00:00,scheduler,1,0,699.9,10240.0,35,27.066
2026-05-22T09:03:18.641738+00:00,scheduler,2,0,699.9,10240.0,45,96.121
2026-05-22T09:03:18.641738+00:00,scheduler,3,0,675.9,10240.0,43,24.883
2026-05-22T09:03:23.642382+00:00,scheduler,0,12,9001.0,10240.0,44,92.528
2026-05-22T09:03:23.642382+00:00,scheduler,1,10,8701.9,10240.0,44,158.369
2026-05-22T09:03:23.642382+00:00,scheduler,2,0,699.9,10240.0,45,95.943
2026-05-22T09:03:23.642382+00:00,scheduler,3,0,675.9,10240.0,42,25.062
2026-05-22T09:03:28.643019+00:00,scheduler,0,100,8749.0,10240.0,63,318.596
2026-05-22T09:03:28.643019+00:00,scheduler,1,10,7741.9,10240.0,42,97.184
2026-05-22T09:03:28.643019+00:00,scheduler,2,0,699.9,10240.0,41,23.556
2026-05-22T09:03:28.643019+00:00,scheduler,3,0,675.9,10240.0,42,25.084
2026-05-22T09:03:33.643533+00:00,scheduler,0,100,8749.0,10240.0,66,307.379
2026-05-22T09:03:33.643533+00:00,scheduler,1,100,8449.9,10240.0,66,317.821
2026-05-22T09:03:33.643533+00:00,scheduler,2,0,699.9,10240.0,40,23.15
2026-05-22T09:03:33.643533+00:00,scheduler,3,0,675.9,10240.0,42,25.019
2026-05-22T09:03:38.644241+00:00,scheduler,0,100,8749.0,10240.0,67,294.107
2026-05-22T09:03:38.644241+00:00,scheduler,1,100,8449.9,10240.0,69,316.943
2026-05-22T09:03:38.644241+00:00,scheduler,2,0,699.9,10240.0,39,23.012
2026-05-22T09:03:38.644241+00:00,scheduler,3,0,675.9,10240.0,41,25.042
2026-05-22T09:03:43.646060+00:00,scheduler,0,11,8749.0,10240.0,50,95.327
2026-05-22T09:03:43.646060+00:00,scheduler,1,100,8449.9,10240.0,71,318.442
2026-05-22T09:03:43.646060+00:00,scheduler,2,0,699.9,10240.0,38,22.995
2026-05-22T09:03:43.646060+00:00,scheduler,3,0,675.9,10240.0,41,24.908
2026-05-22T09:03:48.646605+00:00,scheduler,0,0,999.0,10240.0,49,100.171
2026-05-22T09:03:48.646605+00:00,scheduler,1,12,8449.9,10240.0,48,99.633
2026-05-22T09:03:48.646605+00:00,scheduler,2,0,699.9,10240.0,38,22.563
2026-05-22T09:03:48.646605+00:00,scheduler,3,0,675.9,10240.0,41,24.662
2026-05-22T09:03:53.647257+00:00,scheduler,0,0,999.0,10240.0,47,92.512
2026-05-22T09:03:53.647257+00:00,scheduler,1,0,699.9,10240.0,47,99.396
2026-05-22T09:03:53.647257+00:00,scheduler,2,0,699.9,10240.0,37,22.837
2026-05-22T09:03:53.647257+00:00,scheduler,3,0,675.9,10240.0,41,24.647
2026-05-22T09:03:58.648013+00:00,scheduler,0,0,999.0,10240.0,47,93.083
2026-05-22T09:03:58.648013+00:00,scheduler,1,0,699.9,10240.0,47,99.059
2026-05-22T09:03:58.648013+00:00,scheduler,2,0,699.9,10240.0,37,22.637
2026-05-22T09:03:58.648013+00:00,scheduler,3,0,675.9,10240.0,40,24.693
2026-05-22T09:04:03.648645+00:00,scheduler,0,0,999.0,10240.0,43,40.351
2026-05-22T09:04:03.648645+00:00,scheduler,1,0,699.9,10240.0,46,98.89
2026-05-22T09:04:03.648645+00:00,scheduler,2,0,699.9,10240.0,37,22.484
2026-05-22T09:04:03.648645+00:00,scheduler,3,0,675.9,10240.0,40,24.444
2026-05-22T09:04:08.649332+00:00,scheduler,0,0,999.0,10240.0,41,19.156
2026-05-22T09:04:08.649332+00:00,scheduler,1,0,699.9,10240.0,41,27.927
2026-05-22T09:04:08.649332+00:00,scheduler,2,0,699.9,10240.0,36,22.523
2026-05-22T09:04:08.649332+00:00,scheduler,3,0,675.9,10240.0,40,24.73
2026-05-22T09:04:13.650071+00:00,scheduler,0,0,999.0,10240.0,40,18.858
2026-05-22T09:04:13.650071+00:00,scheduler,1,0,699.9,10240.0,39,27.536
2026-05-22T09:04:13.650071+00:00,scheduler,2,0,699.9,10240.0,36,22.555
2026-05-22T09:04:13.650071+00:00,scheduler,3,0,675.9,10240.0,40,24.545
2026-05-22T09:04:18.650815+00:00,scheduler,0,0,999.0,10240.0,39,18.82
2026-05-22T09:04:18.650815+00:00,scheduler,1,0,699.9,10240.0,39,27.297
2026-05-22T09:04:18.650815+00:00,scheduler,2,0,699.9,10240.0,36,22.403
2026-05-22T09:04:18.650815+00:00,scheduler,3,0,675.9,10240.0,40,24.468
2026-05-22T09:04:23.651468+00:00,scheduler,0,0,999.0,10240.0,38,18.522
2026-05-22T09:04:23.651468+00:00,scheduler,1,0,699.9,10240.0,38,27.102
2026-05-22T09:04:23.651468+00:00,scheduler,2,0,699.9,10240.0,35,22.448
2026-05-22T09:04:23.651468+00:00,scheduler,3,0,675.9,10240.0,39,24.623
2026-05-22T09:04:28.652161+00:00,scheduler,0,0,999.0,10240.0,38,18.436
2026-05-22T09:04:28.652161+00:00,scheduler,1,0,699.9,10240.0,37,27.028
2026-05-22T09:04:28.652161+00:00,scheduler,2,0,699.9,10240.0,35,22.38
2026-05-22T09:04:28.652161+00:00,scheduler,3,0,675.9,10240.0,39,24.52
2026-05-22T09:04:33.652849+00:00,scheduler,0,0,999.0,10240.0,37,18.884
2026-05-22T09:04:33.652849+00:00,scheduler,1,0,699.9,10240.0,37,27.1
2026-05-22T09:04:33.652849+00:00,scheduler,2,0,699.9,10240.0,35,22.327
2026-05-22T09:04:33.652849+00:00,scheduler,3,11,8677.9,10240.0,52,153.526
2026-05-22T09:04:38.653420+00:00,scheduler,0,0,999.0,10240.0,37,18.405
2026-05-22T09:04:38.653420+00:00,scheduler,1,0,699.9,10240.0,37,27.123
2026-05-22T09:04:38.653420+00:00,scheduler,2,0,699.9,10240.0,35,22.537
2026-05-22T09:04:38.653420+00:00,scheduler,3,23,7603.9,10240.0,52,125.509
2026-05-22T09:04:43.654014+00:00,scheduler,0,0,999.0,10240.0,37,18.972
2026-05-22T09:04:43.654014+00:00,scheduler,1,0,699.9,10240.0,36,27.347
2026-05-22T09:04:43.654014+00:00,scheduler,2,0,699.9,10240.0,35,22.577
2026-05-22T09:04:43.654014+00:00,scheduler,3,100,8425.9,10240.0,70,277.324
2026-05-22T09:04:48.654647+00:00,scheduler,0,0,999.0,10240.0,36,18.795
2026-05-22T09:04:48.654647+00:00,scheduler,1,0,699.9,10240.0,36,27.336
2026-05-22T09:04:48.654647+00:00,scheduler,2,0,699.9,10240.0,35,22.423
2026-05-22T09:04:48.654647+00:00,scheduler,3,100,8425.9,10240.0,69,265.463
2026-05-22T09:04:53.655228+00:00,scheduler,0,0,999.0,10240.0,36,18.602
2026-05-22T09:04:53.655228+00:00,scheduler,1,0,699.9,10240.0,36,27.089
2026-05-22T09:04:53.655228+00:00,scheduler,2,0,699.9,10240.0,35,22.461
2026-05-22T09:04:53.655228+00:00,scheduler,3,21,8425.9,10240.0,60,135.664
2026-05-22T09:04:58.655841+00:00,scheduler,0,0,999.0,10240.0,36,18.568
2026-05-22T09:04:58.655841+00:00,scheduler,1,0,699.9,10240.0,35,27.109
2026-05-22T09:04:58.655841+00:00,scheduler,2,0,699.9,10240.0,35,22.249
2026-05-22T09:04:58.655841+00:00,scheduler,3,1,675.9,10240.0,57,143.311
2026-05-22T09:05:03.656454+00:00,scheduler,0,0,999.0,10240.0,36,18.353
2026-05-22T09:05:03.656454+00:00,scheduler,1,25,3489.9,10240.0,40,65.125
2026-05-22T09:05:03.656454+00:00,scheduler,2,0,699.9,10240.0,34,22.268
2026-05-22T09:05:03.656454+00:00,scheduler,3,0,675.9,10240.0,54,102.595
2026-05-22T09:05:08.657320+00:00,scheduler,0,0,1741.0,10240.0,37,24.689
2026-05-22T09:05:08.657320+00:00,scheduler,1,11,8701.9,10240.0,42,97.713
2026-05-22T09:05:08.657320+00:00,scheduler,2,0,699.9,10240.0,34,22.341
2026-05-22T09:05:08.657320+00:00,scheduler,3,0,675.9,10240.0,53,102.15
2026-05-22T09:05:13.658043+00:00,scheduler,0,9,9001.0,10240.0,43,96.386
2026-05-22T09:05:13.658043+00:00,scheduler,1,31,8449.9,10240.0,50,131.502
2026-05-22T09:05:13.658043+00:00,scheduler,2,0,699.9,10240.0,34,22.539
2026-05-22T09:05:13.658043+00:00,scheduler,3,0,675.9,10240.0,53,102.204
2026-05-22T09:05:18.658648+00:00,scheduler,0,53,3553.0,10240.0,44,103.801
2026-05-22T09:05:18.658648+00:00,scheduler,1,100,8449.9,10240.0,69,318.759
2026-05-22T09:05:18.658648+00:00,scheduler,2,0,699.9,10240.0,34,22.547
2026-05-22T09:05:18.658648+00:00,scheduler,3,0,675.9,10240.0,45,25.471
2026-05-22T09:05:23.659268+00:00,scheduler,0,100,8749.0,10240.0,64,319.203
2026-05-22T09:05:23.659268+00:00,scheduler,1,100,8449.9,10240.0,70,317.793
2026-05-22T09:05:23.659268+00:00,scheduler,2,0,699.9,10240.0,34,22.495
2026-05-22T09:05:23.659268+00:00,scheduler,3,0,675.9,10240.0,44,25.594
2026-05-22T09:05:28.659898+00:00,scheduler,0,100,8749.0,10240.0,66,306.519
2026-05-22T09:05:28.659898+00:00,scheduler,1,10,8449.9,10240.0,50,115.771
2026-05-22T09:05:28.659898+00:00,scheduler,2,0,699.9,10240.0,34,22.614
2026-05-22T09:05:28.659898+00:00,scheduler,3,0,675.9,10240.0,43,25.119
2026-05-22T09:05:33.660568+00:00,scheduler,0,100,8749.0,10240.0,58,224.821
2026-05-22T09:05:33.660568+00:00,scheduler,1,0,699.9,10240.0,50,121.92
2026-05-22T09:05:33.660568+00:00,scheduler,2,0,699.9,10240.0,34,22.524
2026-05-22T09:05:33.660568+00:00,scheduler,3,0,675.9,10240.0,43,25.202
2026-05-22T09:05:38.661210+00:00,scheduler,0,9,8749.0,10240.0,48,93.777
2026-05-22T09:05:38.661210+00:00,scheduler,1,0,699.9,10240.0,47,98.81
2026-05-22T09:05:38.661210+00:00,scheduler,2,0,699.9,10240.0,34,22.321
2026-05-22T09:05:38.661210+00:00,scheduler,3,31,8013.9,10240.0,50,101.894
2026-05-22T09:05:43.661820+00:00,scheduler,0,0,999.0,10240.0,48,102.992
2026-05-22T09:05:43.661820+00:00,scheduler,1,0,699.9,10240.0,47,98.627
2026-05-22T09:05:43.661820+00:00,scheduler,2,0,699.9,10240.0,34,22.475
2026-05-22T09:05:43.661820+00:00,scheduler,3,13,1575.9,10240.0,52,105.565
2026-05-22T09:05:48.662594+00:00,scheduler,0,0,999.0,10240.0,47,93.538
2026-05-22T09:05:48.662594+00:00,scheduler,1,0,699.9,10240.0,47,98.393
2026-05-22T09:05:48.662594+00:00,scheduler,2,0,699.9,10240.0,34,22.271
2026-05-22T09:05:48.662594+00:00,scheduler,3,100,8425.9,10240.0,70,272.724
2026-05-22T09:05:53.663239+00:00,scheduler,0,0,999.0,10240.0,47,93.379
2026-05-22T09:05:53.663239+00:00,scheduler,1,0,699.9,10240.0,40,27.787
2026-05-22T09:05:53.663239+00:00,scheduler,2,0,699.9,10240.0,34,22.364
2026-05-22T09:05:53.663239+00:00,scheduler,3,100,8425.9,10240.0,70,260.994
2026-05-22T09:05:58.663892+00:00,scheduler,0,0,999.0,10240.0,44,84.087
2026-05-22T09:05:58.663892+00:00,scheduler,1,0,699.9,10240.0,39,27.686
2026-05-22T09:05:58.663892+00:00,scheduler,2,95,8701.9,10240.0,41,147.841
2026-05-22T09:05:58.663892+00:00,scheduler,3,100,8425.9,10240.0,70,255.93
2026-05-22T09:06:03.664461+00:00,scheduler,0,0,999.0,10240.0,41,19.368
2026-05-22T09:06:03.664461+00:00,scheduler,1,0,699.9,10240.0,39,27.386
2026-05-22T09:06:03.664461+00:00,scheduler,2,25,5287.9,10240.0,41,110.104
2026-05-22T09:06:03.664461+00:00,scheduler,3,11,8425.9,10240.0,56,105.34
2026-05-22T09:06:08.665000+00:00,scheduler,0,0,999.0,10240.0,39,19.677
2026-05-22T09:06:08.665000+00:00,scheduler,1,0,699.9,10240.0,38,27.824
2026-05-22T09:06:08.665000+00:00,scheduler,2,100,8449.9,10240.0,54,318.263
2026-05-22T09:06:08.665000+00:00,scheduler,3,0,675.9,10240.0,55,112.238
2026-05-22T09:06:13.665534+00:00,scheduler,0,0,999.0,10240.0,39,19.454
2026-05-22T09:06:13.665534+00:00,scheduler,1,0,699.9,10240.0,37,27.44
2026-05-22T09:06:13.665534+00:00,scheduler,2,100,8449.9,10240.0,56,318.469
2026-05-22T09:06:13.665534+00:00,scheduler,3,0,675.9,10240.0,55,103.423
2026-05-22T09:06:18.666155+00:00,scheduler,0,0,999.0,10240.0,38,19.14
2026-05-22T09:06:18.666155+00:00,scheduler,1,0,699.9,10240.0,37,27.592
2026-05-22T09:06:18.666155+00:00,scheduler,2,19,8449.9,10240.0,47,114.367
2026-05-22T09:06:18.666155+00:00,scheduler,3,0,675.9,10240.0,54,103.225
2026-05-22T09:06:23.666819+00:00,scheduler,0,0,999.0,10240.0,38,18.774
2026-05-22T09:06:23.666819+00:00,scheduler,1,0,699.9,10240.0,36,27.177
2026-05-22T09:06:23.666819+00:00,scheduler,2,0,699.9,10240.0,45,120.701
2026-05-22T09:06:23.666819+00:00,scheduler,3,0,675.9,10240.0,47,44.369
2026-05-22T09:06:28.667451+00:00,scheduler,0,0,999.0,10240.0,37,18.54
2026-05-22T09:06:28.667451+00:00,scheduler,1,0,699.9,10240.0,36,27.184
2026-05-22T09:06:28.667451+00:00,scheduler,2,0,699.9,10240.0,44,95.482
2026-05-22T09:06:28.667451+00:00,scheduler,3,0,675.9,10240.0,45,25.286
2026-05-22T09:06:33.668072+00:00,scheduler,0,32,7581.0,10240.0,42,91.587
2026-05-22T09:06:33.668072+00:00,scheduler,1,0,699.9,10240.0,36,27.051
2026-05-22T09:06:33.668072+00:00,scheduler,2,0,699.9,10240.0,44,95.374
2026-05-22T09:06:33.668072+00:00,scheduler,3,0,675.9,10240.0,44,24.949
2026-05-22T09:06:38.668701+00:00,scheduler,0,12,9001.0,10240.0,44,92.207
2026-05-22T09:06:38.668701+00:00,scheduler,1,0,699.9,10240.0,36,27.063
2026-05-22T09:06:38.668701+00:00,scheduler,2,0,699.9,10240.0,44,95.292
2026-05-22T09:06:38.668701+00:00,scheduler,3,0,675.9,10240.0,43,24.867
2026-05-22T09:06:43.669363+00:00,scheduler,0,100,8749.0,10240.0,62,319.425
2026-05-22T09:06:43.669363+00:00,scheduler,1,0,699.9,10240.0,35,27.266
2026-05-22T09:06:43.669363+00:00,scheduler,2,0,699.9,10240.0,39,22.938
2026-05-22T09:06:43.669363+00:00,scheduler,3,0,675.9,10240.0,43,25.048
2026-05-22T09:06:48.670023+00:00,scheduler,0,100,8749.0,10240.0,66,310.47
2026-05-22T09:06:48.670023+00:00,scheduler,1,0,699.9,10240.0,35,27.128
2026-05-22T09:06:48.670023+00:00,scheduler,2,0,699.9,10240.0,39,23.192
2026-05-22T09:06:48.670023+00:00,scheduler,3,0,675.9,10240.0,42,25.16
2026-05-22T09:06:53.676116+00:00,scheduler,0,100,8749.0,10240.0,66,294.657
2026-05-22T09:06:53.676116+00:00,scheduler,1,0,699.9,10240.0,35,27.356
2026-05-22T09:06:53.676116+00:00,scheduler,2,0,2033.9,10240.0,41,31.699
2026-05-22T09:06:53.676116+00:00,scheduler,3,37,4473.9,10240.0,48,60.57
2026-05-22T09:06:58.688221+00:00,scheduler,0,8,8749.0,10240.0,50,96.157
2026-05-22T09:06:58.688221+00:00,scheduler,1,0,699.9,10240.0,35,27.224
2026-05-22T09:06:58.688221+00:00,scheduler,2,8,8701.9,10240.0,43,97.421
2026-05-22T09:06:58.688221+00:00,scheduler,3,9,8677.9,10240.0,52,102.068
2026-05-22T09:07:03.696428+00:00,scheduler,0,0,999.0,10240.0,49,108.157
2026-05-22T09:07:03.696428+00:00,scheduler,1,32,8701.9,10240.0,52,149.13
2026-05-22T09:07:03.696428+00:00,scheduler,2,100,8449.9,10240.0,56,318.186
2026-05-22T09:07:03.696428+00:00,scheduler,3,100,8425.9,10240.0,70,287.526
2026-05-22T09:07:08.697133+00:00,scheduler,0,0,999.0,10240.0,48,94.083
2026-05-22T09:07:08.697133+00:00,scheduler,1,11,1957.9,10240.0,42,99.687
2026-05-22T09:07:08.697133+00:00,scheduler,2,100,8449.9,10240.0,57,316.709
2026-05-22T09:07:08.697133+00:00,scheduler,3,100,8425.9,10240.0,70,263.453
2026-05-22T09:07:13.697781+00:00,scheduler,0,0,999.0,10240.0,47,93.552
2026-05-22T09:07:13.697781+00:00,scheduler,1,100,8449.9,10240.0,66,318.363
2026-05-22T09:07:13.697781+00:00,scheduler,2,100,8449.9,10240.0,59,318.297
2026-05-22T09:07:13.697781+00:00,scheduler,3,100,8425.9,10240.0,70,256.757
2026-05-22T09:07:18.698520+00:00,scheduler,0,0,999.0,10240.0,44,78.624
2026-05-22T09:07:18.698520+00:00,scheduler,1,100,8449.9,10240.0,69,317.235
2026-05-22T09:07:18.698520+00:00,scheduler,2,10,8449.9,10240.0,47,96.055
2026-05-22T09:07:18.698520+00:00,scheduler,3,11,8425.9,10240.0,56,105.163
2026-05-22T09:07:23.700967+00:00,scheduler,0,0,999.0,10240.0,41,19.79
2026-05-22T09:07:23.700967+00:00,scheduler,1,100,8449.9,10240.0,62,277.512
2026-05-22T09:07:23.700967+00:00,scheduler,2,0,699.9,10240.0,47,107.002
2026-05-22T09:07:23.700967+00:00,scheduler,3,0,675.9,10240.0,55,110.74
2026-05-22T09:07:28.701493+00:00,scheduler,0,0,999.0,10240.0,40,19.112
2026-05-22T09:07:28.701493+00:00,scheduler,1,9,8449.9,10240.0,48,98.074
2026-05-22T09:07:28.701493+00:00,scheduler,2,0,699.9,10240.0,46,96.35
2026-05-22T09:07:28.701493+00:00,scheduler,3,0,675.9,10240.0,55,103.25
2026-05-22T09:07:33.723205+00:00,scheduler,0,0,999.0,10240.0,39,19.076
2026-05-22T09:07:33.723205+00:00,scheduler,1,0,699.9,10240.0,47,97.763
2026-05-22T09:07:33.723205+00:00,scheduler,2,0,699.9,10240.0,46,96.18
2026-05-22T09:07:33.723205+00:00,scheduler,3,0,675.9,10240.0,54,103.229
2026-05-22T09:07:38.723900+00:00,scheduler,0,0,999.0,10240.0,38,18.855
2026-05-22T09:07:38.723900+00:00,scheduler,1,0,699.9,10240.0,46,97.627
2026-05-22T09:07:38.723900+00:00,scheduler,2,0,699.9,10240.0,42,77.918
2026-05-22T09:07:38.723900+00:00,scheduler,3,0,675.9,10240.0,48,27.685
2026-05-22T09:07:43.724578+00:00,scheduler,0,0,999.0,10240.0,38,18.725
2026-05-22T09:07:43.724578+00:00,scheduler,1,0,699.9,10240.0,46,97.645
2026-05-22T09:07:43.724578+00:00,scheduler,2,0,699.9,10240.0,40,22.89
2026-05-22T09:07:43.724578+00:00,scheduler,3,0,675.9,10240.0,45,25.103
2026-05-22T09:07:48.725261+00:00,scheduler,0,0,3109.0,10240.0,40,36.714
2026-05-22T09:07:48.725261+00:00,scheduler,1,0,699.9,10240.0,41,60.424
2026-05-22T09:07:48.725261+00:00,scheduler,2,0,699.9,10240.0,39,22.661
2026-05-22T09:07:48.725261+00:00,scheduler,3,0,675.9,10240.0,44,24.8
2026-05-22T09:07:53.726054+00:00,scheduler,0,10,9021.0,10240.0,44,97.082
2026-05-22T09:07:53.726054+00:00,scheduler,1,0,699.9,10240.0,39,27.451
2026-05-22T09:07:53.726054+00:00,scheduler,2,0,699.9,10240.0,39,22.712
2026-05-22T09:07:53.726054+00:00,scheduler,3,0,675.9,10240.0,43,24.911
2026-05-22T09:07:58.726712+00:00,scheduler,0,32,8749.0,10240.0,54,143.972
2026-05-22T09:07:58.726712+00:00,scheduler,1,0,699.9,10240.0,38,27.503
2026-05-22T09:07:58.726712+00:00,scheduler,2,0,699.9,10240.0,38,22.742
2026-05-22T09:07:58.726712+00:00,scheduler,3,0,675.9,10240.0,43,24.754
2026-05-22T09:08:03.727364+00:00,scheduler,0,100,8749.0,10240.0,66,318.931
2026-05-22T09:08:03.727364+00:00,scheduler,1,14,8701.9,10240.0,47,120.025
2026-05-22T09:08:03.727364+00:00,scheduler,2,0,699.9,10240.0,38,22.843
2026-05-22T09:08:03.727364+00:00,scheduler,3,0,675.9,10240.0,43,25.129
2026-05-22T09:08:08.733532+00:00,scheduler,0,100,8749.0,10240.0,66,296.868
2026-05-22T09:08:08.733532+00:00,scheduler,1,33,5917.9,10240.0,47,121.368
2026-05-22T09:08:08.733532+00:00,scheduler,2,9,8701.9,10240.0,44,110.288
2026-05-22T09:08:08.733532+00:00,scheduler,3,0,675.9,10240.0,42,25.309
2026-05-22T09:08:13.734099+00:00,scheduler,0,17,8749.0,10240.0,53,123.169
2026-05-22T09:08:13.734099+00:00,scheduler,1,100,8449.9,10240.0,69,318.986
2026-05-22T09:08:13.734099+00:00,scheduler,2,100,8449.9,10240.0,56,318.103
2026-05-22T09:08:13.734099+00:00,scheduler,3,0,675.9,10240.0,42,25.205
2026-05-22T09:08:18.734724+00:00,scheduler,0,0,999.0,10240.0,51,118.098
2026-05-22T09:08:18.734724+00:00,scheduler,1,100,8449.9,10240.0,71,318.956
2026-05-22T09:08:18.734724+00:00,scheduler,2,100,8449.9,10240.0,57,318.096
2026-05-22T09:08:18.734724+00:00,scheduler,3,0,675.9,10240.0,41,25.028
2026-05-22T09:08:23.735330+00:00,scheduler,0,0,999.0,10240.0,48,92.926
2026-05-22T09:08:23.735330+00:00,scheduler,1,19,8449.9,10240.0,55,127.064
2026-05-22T09:08:23.735330+00:00,scheduler,2,100,8449.9,10240.0,59,318.149
2026-05-22T09:08:23.735330+00:00,scheduler,3,0,675.9,10240.0,41,25.143
2026-05-22T09:08:28.736033+00:00,scheduler,0,0,999.0,10240.0,47,92.191
2026-05-22T09:08:28.736033+00:00,scheduler,1,43,699.9,10240.0,51,128.248
2026-05-22T09:08:28.736033+00:00,scheduler,2,9,8449.9,10240.0,47,95.902
2026-05-22T09:08:28.736033+00:00,scheduler,3,0,675.9,10240.0,41,25.01
2026-05-22T09:08:33.736564+00:00,scheduler,0,0,999.0,10240.0,47,91.911
2026-05-22T09:08:33.736564+00:00,scheduler,1,0,699.9,10240.0,48,98.201
2026-05-22T09:08:33.736564+00:00,scheduler,2,0,699.9,10240.0,47,113.562
2026-05-22T09:08:33.736564+00:00,scheduler,3,0,675.9,10240.0,41,24.849
2026-05-22T09:08:38.737256+00:00,scheduler,0,0,999.0,10240.0,41,19.422
2026-05-22T09:08:38.737256+00:00,scheduler,1,0,699.9,10240.0,47,98.256
2026-05-22T09:08:38.737256+00:00,scheduler,2,0,699.9,10240.0,46,95.246
2026-05-22T09:08:38.737256+00:00,scheduler,3,31,8401.9,10240.0,48,101.234
2026-05-22T09:08:43.737916+00:00,scheduler,0,0,999.0,10240.0,40,19.105
2026-05-22T09:08:43.737916+00:00,scheduler,1,0,699.9,10240.0,47,98.553
2026-05-22T09:08:43.737916+00:00,scheduler,2,0,699.9,10240.0,45,95.68
2026-05-22T09:08:43.737916+00:00,scheduler,3,11,8677.9,10240.0,50,101.164
2026-05-22T09:08:48.738608+00:00,scheduler,0,0,999.0,10240.0,39,18.958
2026-05-22T09:08:48.738608+00:00,scheduler,1,0,699.9,10240.0,41,27.662
2026-05-22T09:08:48.738608+00:00,scheduler,2,0,699.9,10240.0,45,95.872
2026-05-22T09:08:48.738608+00:00,scheduler,3,100,8425.9,10240.0,71,319.068
2026-05-22T09:08:53.739314+00:00,scheduler,0,0,999.0,10240.0,38,19.114
2026-05-22T09:08:53.739314+00:00,scheduler,1,0,699.9,10240.0,40,27.387
2026-05-22T09:08:53.739314+00:00,scheduler,2,0,699.9,10240.0,40,23.268
2026-05-22T09:08:53.739314+00:00,scheduler,3,100,8425.9,10240.0,70,263.912
2026-05-22T09:08:58.740165+00:00,scheduler,0,0,999.0,10240.0,38,18.943
2026-05-22T09:08:58.740165+00:00,scheduler,1,0,699.9,10240.0,39,27.402
2026-05-22T09:08:58.740165+00:00,scheduler,2,0,699.9,10240.0,39,23.147
2026-05-22T09:08:58.740165+00:00,scheduler,3,100,8425.9,10240.0,70,262.618
2026-05-22T09:09:03.740795+00:00,scheduler,0,0,999.0,10240.0,37,18.497
2026-05-22T09:09:03.740795+00:00,scheduler,1,0,699.9,10240.0,38,27.201
2026-05-22T09:09:03.740795+00:00,scheduler,2,0,699.9,10240.0,39,22.899
2026-05-22T09:09:03.740795+00:00,scheduler,3,11,8425.9,10240.0,57,111.187
2026-05-22T09:09:08.741443+00:00,scheduler,0,0,999.0,10240.0,37,18.61
2026-05-22T09:09:08.741443+00:00,scheduler,1,0,699.9,10240.0,37,27.21
2026-05-22T09:09:08.741443+00:00,scheduler,2,0,699.9,10240.0,38,22.718
2026-05-22T09:09:08.741443+00:00,scheduler,3,0,675.9,10240.0,58,130.144
2026-05-22T09:09:13.742133+00:00,scheduler,0,0,999.0,10240.0,37,18.472
2026-05-22T09:09:13.742133+00:00,scheduler,1,0,699.9,10240.0,37,27.306
2026-05-22T09:09:13.742133+00:00,scheduler,2,0,699.9,10240.0,38,22.547
2026-05-22T09:09:13.742133+00:00,scheduler,3,0,675.9,10240.0,54,103.391
2026-05-22T09:09:18.742815+00:00,scheduler,0,0,999.0,10240.0,36,18.469
2026-05-22T09:09:18.742815+00:00,scheduler,1,0,699.9,10240.0,37,27.116
2026-05-22T09:09:18.742815+00:00,scheduler,2,0,699.9,10240.0,37,22.559
2026-05-22T09:09:18.742815+00:00,scheduler,3,0,675.9,10240.0,54,102.823
2026-05-22T09:09:23.743481+00:00,scheduler,0,0,999.0,10240.0,36,18.258
2026-05-22T09:09:23.743481+00:00,scheduler,1,0,699.9,10240.0,36,27.053
2026-05-22T09:09:23.743481+00:00,scheduler,2,0,699.9,10240.0,37,22.733
2026-05-22T09:09:23.743481+00:00,scheduler,3,0,675.9,10240.0,54,102.786
2026-05-22T09:09:28.744170+00:00,scheduler,0,0,999.0,10240.0,36,18.397
2026-05-22T09:09:28.744170+00:00,scheduler,1,25,4061.9,10240.0,40,65.245
2026-05-22T09:09:28.744170+00:00,scheduler,2,0,699.9,10240.0,36,22.674
2026-05-22T09:09:28.744170+00:00,scheduler,3,0,675.9,10240.0,46,25.075
2026-05-22T09:09:33.744779+00:00,scheduler,0,0,999.0,10240.0,35,18.214
2026-05-22T09:09:33.744779+00:00,scheduler,1,11,8701.9,10240.0,43,97.892
2026-05-22T09:09:33.744779+00:00,scheduler,2,0,699.9,10240.0,36,22.472
2026-05-22T09:09:33.744779+00:00,scheduler,3,0,675.9,10240.0,44,24.748
2026-05-22T09:09:38.745325+00:00,scheduler,0,0,1741.0,10240.0,35,19.645
2026-05-22T09:09:38.745325+00:00,scheduler,1,100,8449.9,10240.0,63,287.321
2026-05-22T09:09:38.745325+00:00,scheduler,2,0,699.9,10240.0,36,22.515
2026-05-22T09:09:38.745325+00:00,scheduler,3,0,675.9,10240.0,44,25.006
2026-05-22T09:09:43.745929+00:00,scheduler,0,11,9001.0,10240.0,44,114.436
2026-05-22T09:09:43.745929+00:00,scheduler,1,100,8449.9,10240.0,69,318.695
2026-05-22T09:09:43.745929+00:00,scheduler,2,0,699.9,10240.0,35,22.768
2026-05-22T09:09:43.745929+00:00,scheduler,3,0,675.9,10240.0,43,25.068
2026-05-22T09:09:48.746462+00:00,scheduler,0,100,8749.0,10240.0,59,276.48
2026-05-22T09:09:48.746462+00:00,scheduler,1,100,8449.9,10240.0,70,317.859
2026-05-22T09:09:48.746462+00:00,scheduler,2,0,699.9,10240.0,35,22.957
2026-05-22T09:09:48.746462+00:00,scheduler,3,0,675.9,10240.0,43,25.055
2026-05-22T09:09:53.747015+00:00,scheduler,0,100,8749.0,10240.0,65,318.614
2026-05-22T09:09:53.747015+00:00,scheduler,1,11,8449.9,10240.0,49,98.756
2026-05-22T09:09:53.747015+00:00,scheduler,2,0,699.9,10240.0,35,22.848
2026-05-22T09:09:53.747015+00:00,scheduler,3,0,675.9,10240.0,42,25.084
2026-05-22T09:09:58.747651+00:00,scheduler,0,100,8749.0,10240.0,66,303.691
2026-05-22T09:09:58.747651+00:00,scheduler,1,0,699.9,10240.0,48,110.579
2026-05-22T09:09:58.747651+00:00,scheduler,2,0,699.9,10240.0,35,22.782
2026-05-22T09:09:58.747651+00:00,scheduler,3,0,675.9,10240.0,42,25.045
2026-05-22T09:10:03.748220+00:00,scheduler,0,10,8749.0,10240.0,50,98.307
2026-05-22T09:10:03.748220+00:00,scheduler,1,0,699.9,10240.0,47,98.884
2026-05-22T09:10:03.748220+00:00,scheduler,2,0,699.9,10240.0,35,22.646
2026-05-22T09:10:03.748220+00:00,scheduler,3,0,675.9,10240.0,41,24.773
2026-05-22T09:10:08.748927+00:00,scheduler,0,0,999.0,10240.0,48,106.98
2026-05-22T09:10:08.748927+00:00,scheduler,1,0,699.9,10240.0,46,98.894
2026-05-22T09:10:08.748927+00:00,scheduler,2,0,699.9,10240.0,35,22.514
2026-05-22T09:10:08.748927+00:00,scheduler,3,0,675.9,10240.0,41,24.638
2026-05-22T09:10:13.749619+00:00,scheduler,0,0,999.0,10240.0,47,91.778
2026-05-22T09:10:13.749619+00:00,scheduler,1,0,699.9,10240.0,42,72.597
2026-05-22T09:10:13.749619+00:00,scheduler,2,0,699.9,10240.0,35,22.467
2026-05-22T09:10:13.749619+00:00,scheduler,3,0,675.9,10240.0,41,24.752
2026-05-22T09:10:18.750361+00:00,scheduler,0,0,999.0,10240.0,46,91.87
2026-05-22T09:10:18.750361+00:00,scheduler,1,0,699.9,10240.0,40,27.282
2026-05-22T09:10:18.750361+00:00,scheduler,2,0,699.9,10240.0,34,22.469
2026-05-22T09:10:18.750361+00:00,scheduler,3,0,675.9,10240.0,41,24.559
2026-05-22T09:10:23.751026+00:00,scheduler,0,0,999.0,10240.0,43,72.877
2026-05-22T09:10:23.751026+00:00,scheduler,1,0,699.9,10240.0,39,27.188
2026-05-22T09:10:23.751026+00:00,scheduler,2,0,699.9,10240.0,34,22.318
2026-05-22T09:10:23.751026+00:00,scheduler,3,32,7733.9,10240.0,48,100.903
2026-05-22T09:10:28.751563+00:00,scheduler,0,0,999.0,10240.0,40,18.777
2026-05-22T09:10:28.751563+00:00,scheduler,1,0,699.9,10240.0,38,27.131
2026-05-22T09:10:28.751563+00:00,scheduler,2,0,699.9,10240.0,34,22.406
2026-05-22T09:10:28.751563+00:00,scheduler,3,12,8677.9,10240.0,50,101.018
2026-05-22T09:10:33.752329+00:00,scheduler,0,0,999.0,10240.0,39,19.159
2026-05-22T09:10:33.752329+00:00,scheduler,1,0,699.9,10240.0,37,27.337
2026-05-22T09:10:33.752329+00:00,scheduler,2,0,699.9,10240.0,34,22.416
2026-05-22T09:10:33.752329+00:00,scheduler,3,100,8425.9,10240.0,72,317.938
2026-05-22T09:10:38.752940+00:00,scheduler,0,0,999.0,10240.0,38,19.017
2026-05-22T09:10:38.752940+00:00,scheduler,1,0,699.9,10240.0,37,27.188
2026-05-22T09:10:38.752940+00:00,scheduler,2,0,699.9,10240.0,34,22.67
2026-05-22T09:10:38.752940+00:00,scheduler,3,100,8425.9,10240.0,69,264.791
2026-05-22T09:10:43.753553+00:00,scheduler,0,0,999.0,10240.0,38,18.959
2026-05-22T09:10:43.753553+00:00,scheduler,1,0,699.9,10240.0,37,27.286
2026-05-22T09:10:43.753553+00:00,scheduler,2,94,8701.9,10240.0,41,157.05
2026-05-22T09:10:43.753553+00:00,scheduler,3,100,8425.9,10240.0,70,256.795
2026-05-22T09:10:48.754202+00:00,scheduler,0,0,999.0,10240.0,37,18.52
2026-05-22T09:10:48.754202+00:00,scheduler,1,0,699.9,10240.0,36,27.168
2026-05-22T09:10:48.754202+00:00,scheduler,2,34,4351.9,10240.0,41,106.661
2026-05-22T09:10:48.754202+00:00,scheduler,3,11,8425.9,10240.0,56,108.614
2026-05-22T09:10:53.754788+00:00,scheduler,0,0,999.0,10240.0,37,18.778
2026-05-22T09:10:53.754788+00:00,scheduler,1,0,699.9,10240.0,36,27.283
2026-05-22T09:10:53.754788+00:00,scheduler,2,100,8449.9,10240.0,54,317.168
2026-05-22T09:10:53.754788+00:00,scheduler,3,0,675.9,10240.0,55,120.52
2026-05-22T09:10:58.755422+00:00,scheduler,0,0,999.0,10240.0,37,18.871
2026-05-22T09:10:58.755422+00:00,scheduler,1,0,699.9,10240.0,36,27.207
2026-05-22T09:10:58.755422+00:00,scheduler,2,100,8449.9,10240.0,56,318.872
2026-05-22T09:10:58.755422+00:00,scheduler,3,0,675.9,10240.0,54,103.201
2026-05-22T09:11:03.756074+00:00,scheduler,0,0,999.0,10240.0,36,18.579
2026-05-22T09:11:03.756074+00:00,scheduler,1,0,699.9,10240.0,35,27.169
2026-05-22T09:11:03.756074+00:00,scheduler,2,12,8449.9,10240.0,47,143.235
2026-05-22T09:11:03.756074+00:00,scheduler,3,0,675.9,10240.0,54,103.099
2026-05-22T09:11:08.756640+00:00,scheduler,0,15,9001.0,10240.0,43,107.004
2026-05-22T09:11:08.756640+00:00,scheduler,1,0,699.9,10240.0,35,27.188
2026-05-22T09:11:08.756640+00:00,scheduler,2,79,699.9,10240.0,46,116.408
2026-05-22T09:11:08.756640+00:00,scheduler,3,0,675.9,10240.0,50,93.517
2026-05-22T09:11:13.757284+00:00,scheduler,0,28,7153.0,10240.0,45,116.146
2026-05-22T09:11:13.757284+00:00,scheduler,1,0,699.9,10240.0,35,27.015
2026-05-22T09:11:13.757284+00:00,scheduler,2,0,699.9,10240.0,44,95.715
2026-05-22T09:11:13.757284+00:00,scheduler,3,0,675.9,10240.0,45,25.121
2026-05-22T09:11:18.757877+00:00,scheduler,0,100,8749.0,10240.0,65,319.114
2026-05-22T09:11:18.757877+00:00,scheduler,1,0,699.9,10240.0,35,27.16
2026-05-22T09:11:18.757877+00:00,scheduler,2,0,699.9,10240.0,44,95.288
2026-05-22T09:11:18.757877+00:00,scheduler,3,0,675.9,10240.0,44,25.243
2026-05-22T09:11:23.758458+00:00,scheduler,0,100,8749.0,10240.0,66,306.518
2026-05-22T09:11:23.758458+00:00,scheduler,1,0,699.9,10240.0,35,27.287
2026-05-22T09:11:23.758458+00:00,scheduler,2,0,699.9,10240.0,44,95.305
2026-05-22T09:11:23.758458+00:00,scheduler,3,0,675.9,10240.0,43,25.213
2026-05-22T09:11:28.759160+00:00,scheduler,0,15,8749.0,10240.0,55,127.153
2026-05-22T09:11:28.759160+00:00,scheduler,1,0,699.9,10240.0,34,27.08
2026-05-22T09:11:28.759160+00:00,scheduler,2,0,699.9,10240.0,39,23.082
2026-05-22T09:11:28.759160+00:00,scheduler,3,0,675.9,10240.0,43,24.82
2026-05-22T09:11:33.759955+00:00,scheduler,0,0,999.0,10240.0,50,133.289
2026-05-22T09:11:33.759955+00:00,scheduler,1,0,699.9,10240.0,34,27.011
2026-05-22T09:11:33.759955+00:00,scheduler,2,0,699.9,10240.0,38,22.841
2026-05-22T09:11:33.759955+00:00,scheduler,3,0,675.9,10240.0,42,24.712
2026-05-22T09:11:38.760669+00:00,scheduler,0,0,999.0,10240.0,47,92.313
2026-05-22T09:11:38.760669+00:00,scheduler,1,0,699.9,10240.0,34,27.062
2026-05-22T09:11:38.760669+00:00,scheduler,2,0,699.9,10240.0,38,22.55
2026-05-22T09:11:38.760669+00:00,scheduler,3,0,675.9,10240.0,42,24.792
2026-05-22T09:11:43.761274+00:00,scheduler,0,0,999.0,10240.0,47,92.038
2026-05-22T09:11:43.761274+00:00,scheduler,1,0,699.9,10240.0,34,26.937
2026-05-22T09:11:43.761274+00:00,scheduler,2,0,699.9,10240.0,37,22.582
2026-05-22T09:11:43.761274+00:00,scheduler,3,0,675.9,10240.0,41,24.622
2026-05-22T09:11:48.761868+00:00,scheduler,0,0,999.0,10240.0,47,92.555
2026-05-22T09:11:48.761868+00:00,scheduler,1,0,699.9,10240.0,34,26.803
2026-05-22T09:11:48.761868+00:00,scheduler,2,0,699.9,10240.0,37,22.668
2026-05-22T09:11:48.761868+00:00,scheduler,3,33,7917.9,10240.0,49,101.319
2026-05-22T09:11:53.762464+00:00,scheduler,0,0,999.0,10240.0,41,19.342
2026-05-22T09:11:53.762464+00:00,scheduler,1,0,699.9,10240.0,34,26.865
2026-05-22T09:11:53.762464+00:00,scheduler,2,0,699.9,10240.0,37,22.406
2026-05-22T09:11:53.762464+00:00,scheduler,3,11,8697.9,10240.0,51,101.173
2026-05-22T09:11:58.763260+00:00,scheduler,0,0,999.0,10240.0,40,19.179
2026-05-22T09:11:58.763260+00:00,scheduler,1,0,699.9,10240.0,34,27.049
2026-05-22T09:11:58.763260+00:00,scheduler,2,29,6437.9,10240.0,41,94.735
2026-05-22T09:11:58.763260+00:00,scheduler,3,100,8425.9,10240.0,72,317.358
2026-05-22T09:12:03.763850+00:00,scheduler,0,0,999.0,10240.0,39,19.237
2026-05-22T09:12:03.763850+00:00,scheduler,1,0,699.9,10240.0,34,27.061
2026-05-22T09:12:03.763850+00:00,scheduler,2,13,8701.9,10240.0,42,94.504
2026-05-22T09:12:03.763850+00:00,scheduler,3,100,8425.9,10240.0,70,261.037
2026-05-22T09:12:08.764492+00:00,scheduler,0,0,999.0,10240.0,38,19.183
2026-05-22T09:12:08.764492+00:00,scheduler,1,0,699.9,10240.0,34,27.1
2026-05-22T09:12:08.764492+00:00,scheduler,2,100,8449.9,10240.0,55,317.615
2026-05-22T09:12:08.764492+00:00,scheduler,3,100,8425.9,10240.0,70,260.017
2026-05-22T09:12:13.765073+00:00,scheduler,0,0,999.0,10240.0,38,19.201
2026-05-22T09:12:13.765073+00:00,scheduler,1,0,699.9,10240.0,34,27.238
2026-05-22T09:12:13.765073+00:00,scheduler,2,100,8449.9,10240.0,57,318.883
2026-05-22T09:12:13.765073+00:00,scheduler,3,11,8425.9,10240.0,57,108.603
2026-05-22T09:12:18.765618+00:00,scheduler,0,31,7901.0,10240.0,42,92.3
2026-05-22T09:12:18.765618+00:00,scheduler,1,0,699.9,10240.0,34,27.217
2026-05-22T09:12:18.765618+00:00,scheduler,2,100,8449.9,10240.0,58,317.202
2026-05-22T09:12:18.765618+00:00,scheduler,3,0,675.9,10240.0,56,130.01
2026-05-22T09:12:23.766277+00:00,scheduler,0,8,9021.0,10240.0,44,92.586
2026-05-22T09:12:23.766277+00:00,scheduler,1,11,8701.9,10240.0,43,171.744
2026-05-22T09:12:23.766277+00:00,scheduler,2,8,8449.9,10240.0,46,96.489
2026-05-22T09:12:23.766277+00:00,scheduler,3,0,675.9,10240.0,54,103.401
2026-05-22T09:12:28.767022+00:00,scheduler,0,100,8749.0,10240.0,63,319.247
2026-05-22T09:12:28.767022+00:00,scheduler,1,42,5287.9,10240.0,43,113.015
2026-05-22T09:12:28.767022+00:00,scheduler,2,0,699.9,10240.0,46,106.51
2026-05-22T09:12:28.767022+00:00,scheduler,3,0,675.9,10240.0,54,103.326
2026-05-22T09:12:33.767585+00:00,scheduler,0,100,8749.0,10240.0,67,306.108
2026-05-22T09:12:33.767585+00:00,scheduler,1,100,8449.9,10240.0,66,319.085
2026-05-22T09:12:33.767585+00:00,scheduler,2,0,699.9,10240.0,45,95.53
2026-05-22T09:12:33.767585+00:00,scheduler,3,0,675.9,10240.0,50,102.933
2026-05-22T09:12:38.768208+00:00,scheduler,0,100,8749.0,10240.0,67,298.567
2026-05-22T09:12:38.768208+00:00,scheduler,1,100,8449.9,10240.0,69,318.247
2026-05-22T09:12:38.768208+00:00,scheduler,2,0,699.9,10240.0,45,95.483
2026-05-22T09:12:38.768208+00:00,scheduler,3,0,675.9,10240.0,45,25.606
2026-05-22T09:12:43.770224+00:00,scheduler,0,9,8749.0,10240.0,50,95.175
2026-05-22T09:12:43.770224+00:00,scheduler,1,9,8449.9,10240.0,52,125.574
2026-05-22T09:12:43.770224+00:00,scheduler,2,0,699.9,10240.0,42,81.058
2026-05-22T09:12:43.770224+00:00,scheduler,3,0,675.9,10240.0,44,25.269
2026-05-22T09:12:48.770888+00:00,scheduler,0,0,999.0,10240.0,49,112.224
2026-05-22T09:12:48.770888+00:00,scheduler,1,7,8449.9,10240.0,46,99.338
2026-05-22T09:12:48.770888+00:00,scheduler,2,0,699.9,10240.0,40,22.879
2026-05-22T09:12:48.770888+00:00,scheduler,3,0,675.9,10240.0,43,24.717
2026-05-22T09:12:53.771814+00:00,scheduler,0,0,999.0,10240.0,48,92.949
2026-05-22T09:12:53.771814+00:00,scheduler,1,0,699.9,10240.0,46,103.414
2026-05-22T09:12:53.771814+00:00,scheduler,2,0,699.9,10240.0,39,22.787
2026-05-22T09:12:53.771814+00:00,scheduler,3,0,675.9,10240.0,43,24.802
2026-05-22T09:12:58.772507+00:00,scheduler,0,0,999.0,10240.0,47,92.833
2026-05-22T09:12:58.772507+00:00,scheduler,1,0,699.9,10240.0,46,98.937
2026-05-22T09:12:58.772507+00:00,scheduler,2,0,699.9,10240.0,38,22.717
2026-05-22T09:12:58.772507+00:00,scheduler,3,0,675.9,10240.0,42,24.798
2026-05-22T09:13:03.773147+00:00,scheduler,0,0,999.0,10240.0,47,88.427
2026-05-22T09:13:03.773147+00:00,scheduler,1,0,699.9,10240.0,46,98.809
2026-05-22T09:13:03.773147+00:00,scheduler,2,0,699.9,10240.0,38,22.541
2026-05-22T09:13:03.773147+00:00,scheduler,3,0,675.9,10240.0,42,24.81
2026-05-22T09:13:08.773798+00:00,scheduler,0,0,999.0,10240.0,41,18.968
2026-05-22T09:13:08.773798+00:00,scheduler,1,0,699.9,10240.0,41,57.406
2026-05-22T09:13:08.773798+00:00,scheduler,2,0,699.9,10240.0,37,22.527
2026-05-22T09:13:08.773798+00:00,scheduler,3,0,675.9,10240.0,42,24.663
2026-05-22T09:13:13.774357+00:00,scheduler,0,0,999.0,10240.0,39,18.671
2026-05-22T09:13:13.774357+00:00,scheduler,1,0,699.9,10240.0,39,27.281
2026-05-22T09:13:13.774357+00:00,scheduler,2,0,699.9,10240.0,37,22.259
2026-05-22T09:13:13.774357+00:00,scheduler,3,0,675.9,10240.0,41,24.674
2026-05-22T09:13:18.775140+00:00,scheduler,0,0,999.0,10240.0,39,18.514
2026-05-22T09:13:18.775140+00:00,scheduler,1,0,699.9,10240.0,38,27.317
2026-05-22T09:13:18.775140+00:00,scheduler,2,0,699.9,10240.0,37,22.668
2026-05-22T09:13:18.775140+00:00,scheduler,3,0,675.9,10240.0,41,24.777
2026-05-22T09:13:23.775812+00:00,scheduler,0,0,999.0,10240.0,38,18.502
2026-05-22T09:13:23.775812+00:00,scheduler,1,0,699.9,10240.0,38,27.162
2026-05-22T09:13:23.775812+00:00,scheduler,2,0,699.9,10240.0,36,22.39
2026-05-22T09:13:23.775812+00:00,scheduler,3,0,675.9,10240.0,41,24.601
2026-05-22T09:13:28.776555+00:00,scheduler,0,0,999.0,10240.0,38,18.374
2026-05-22T09:13:28.776555+00:00,scheduler,1,0,699.9,10240.0,37,27.08
2026-05-22T09:13:28.776555+00:00,scheduler,2,0,699.9,10240.0,36,22.303
2026-05-22T09:13:28.776555+00:00,scheduler,3,30,7345.9,10240.0,48,100.418
2026-05-22T09:13:33.777369+00:00,scheduler,0,0,999.0,10240.0,37,18.403
2026-05-22T09:13:33.777369+00:00,scheduler,1,0,699.9,10240.0,37,27.303
2026-05-22T09:13:33.777369+00:00,scheduler,2,0,699.9,10240.0,36,22.268
2026-05-22T09:13:33.777369+00:00,scheduler,3,11,1771.9,10240.0,51,102.714
2026-05-22T09:13:38.778187+00:00,scheduler,0,10,9001.0,10240.0,46,116.026
2026-05-22T09:13:38.778187+00:00,scheduler,1,0,699.9,10240.0,36,27.417
2026-05-22T09:13:38.778187+00:00,scheduler,2,0,699.9,10240.0,35,22.623
2026-05-22T09:13:38.778187+00:00,scheduler,3,100,8425.9,10240.0,70,282.232
2026-05-22T09:13:43.778835+00:00,scheduler,0,100,8749.0,10240.0,62,319.858
2026-05-22T09:13:43.778835+00:00,scheduler,1,0,699.9,10240.0,36,27.444
2026-05-22T09:13:43.778835+00:00,scheduler,2,0,699.9,10240.0,35,22.555
2026-05-22T09:13:43.778835+00:00,scheduler,3,100,8425.9,10240.0,69,262.088
2026-05-22T09:13:48.779480+00:00,scheduler,0,100,8749.0,10240.0,66,312.227
2026-05-22T09:13:48.779480+00:00,scheduler,1,0,699.9,10240.0,36,27.132
2026-05-22T09:13:48.779480+00:00,scheduler,2,0,699.9,10240.0,35,22.61
2026-05-22T09:13:48.779480+00:00,scheduler,3,100,8425.9,10240.0,70,260.495
2026-05-22T09:13:53.780297+00:00,scheduler,0,100,8749.0,10240.0,66,295.878
2026-05-22T09:13:53.780297+00:00,scheduler,1,0,699.9,10240.0,35,27.118
2026-05-22T09:13:53.780297+00:00,scheduler,2,0,699.9,10240.0,35,22.641
2026-05-22T09:13:53.780297+00:00,scheduler,3,11,8425.9,10240.0,55,104.78
2026-05-22T09:13:58.781021+00:00,scheduler,0,11,8749.0,10240.0,50,95.549
2026-05-22T09:13:58.781021+00:00,scheduler,1,0,699.9,10240.0,35,27.139
2026-05-22T09:13:58.781021+00:00,scheduler,2,0,699.9,10240.0,35,22.357
2026-05-22T09:13:58.781021+00:00,scheduler,3,0,675.9,10240.0,55,110.49
2026-05-22T09:14:03.781633+00:00,scheduler,0,0,999.0,10240.0,49,109.851
2026-05-22T09:14:03.781633+00:00,scheduler,1,9,8701.9,10240.0,44,119.058
2026-05-22T09:14:03.781633+00:00,scheduler,2,36,8701.9,10240.0,41,110.234
2026-05-22T09:14:03.781633+00:00,scheduler,3,0,675.9,10240.0,54,103.215
2026-05-22T09:14:08.782260+00:00,scheduler,0,0,999.0,10240.0,48,93.037
2026-05-22T09:14:08.782260+00:00,scheduler,1,45,5917.9,10240.0,44,114.911
2026-05-22T09:14:08.782260+00:00,scheduler,2,30,5053.9,10240.0,42,109.982
2026-05-22T09:14:08.782260+00:00,scheduler,3,0,675.9,10240.0,54,102.887
2026-05-22T09:14:13.782849+00:00,scheduler,0,0,999.0,10240.0,47,92.679
2026-05-22T09:14:13.782849+00:00,scheduler,1,100,8449.9,10240.0,67,318.331
2026-05-22T09:14:13.782849+00:00,scheduler,2,100,8449.9,10240.0,55,318.573
2026-05-22T09:14:13.782849+00:00,scheduler,3,0,675.9,10240.0,49,55.586
2026-05-22T09:14:18.783502+00:00,scheduler,0,0,999.0,10240.0,44,79.309
2026-05-22T09:14:18.783502+00:00,scheduler,1,100,8449.9,10240.0,70,318.787
2026-05-22T09:14:18.783502+00:00,scheduler,2,100,8449.9,10240.0,57,318.327
2026-05-22T09:14:18.783502+00:00,scheduler,3,0,675.9,10240.0,45,25.214
2026-05-22T09:14:23.784168+00:00,scheduler,0,0,999.0,10240.0,41,19.591
2026-05-22T09:14:23.784168+00:00,scheduler,1,15,8449.9,10240.0,53,126.281
2026-05-22T09:14:23.784168+00:00,scheduler,2,12,8449.9,10240.0,47,115.054
2026-05-22T09:14:23.784168+00:00,scheduler,3,0,675.9,10240.0,44,25.199
2026-05-22T09:14:28.784793+00:00,scheduler,0,0,999.0,10240.0,40,19.229
2026-05-22T09:14:28.784793+00:00,scheduler,1,9,1965.9,10240.0,47,99.262
2026-05-22T09:14:28.784793+00:00,scheduler,2,80,699.9,10240.0,46,120.557
2026-05-22T09:14:28.784793+00:00,scheduler,3,0,3309.9,10240.0,48,42.697
2026-05-22T09:14:33.785399+00:00,scheduler,0,0,999.0,10240.0,39,19.244
2026-05-22T09:14:33.785399+00:00,scheduler,1,0,699.9,10240.0,47,98.957
2026-05-22T09:14:33.785399+00:00,scheduler,2,0,699.9,10240.0,45,95.459
2026-05-22T09:14:33.785399+00:00,scheduler,3,14,8697.9,10240.0,53,102.821
2026-05-22T09:14:38.785968+00:00,scheduler,0,0,999.0,10240.0,38,19.496
2026-05-22T09:14:38.785968+00:00,scheduler,1,0,699.9,10240.0,46,98.601
2026-05-22T09:14:38.785968+00:00,scheduler,2,0,699.9,10240.0,44,95.404
2026-05-22T09:14:38.785968+00:00,scheduler,3,100,8425.9,10240.0,73,318.848
2026-05-22T09:14:43.786611+00:00,scheduler,0,0,999.0,10240.0,38,19.462
2026-05-22T09:14:43.786611+00:00,scheduler,1,0,699.9,10240.0,46,98.419
2026-05-22T09:14:43.786611+00:00,scheduler,2,0,699.9,10240.0,44,95.454
2026-05-22T09:14:43.786611+00:00,scheduler,3,100,8425.9,10240.0,70,263.744
2026-05-22T09:14:48.787155+00:00,scheduler,0,13,9001.0,10240.0,46,115.329
2026-05-22T09:14:48.787155+00:00,scheduler,1,0,699.9,10240.0,41,28.249
2026-05-22T09:14:48.787155+00:00,scheduler,2,0,699.9,10240.0,40,23.224
2026-05-22T09:14:48.787155+00:00,scheduler,3,100,8425.9,10240.0,70,257.237
2026-05-22T09:14:53.787686+00:00,scheduler,0,49,8749.0,10240.0,57,190.602
2026-05-22T09:14:53.787686+00:00,scheduler,1,0,699.9,10240.0,39,27.632
2026-05-22T09:14:53.787686+00:00,scheduler,2,0,699.9,10240.0,39,22.861
2026-05-22T09:14:53.787686+00:00,scheduler,3,11,8425.9,10240.0,57,111.546
2026-05-22T09:14:58.788303+00:00,scheduler,0,100,8749.0,10240.0,66,318.384
2026-05-22T09:14:58.788303+00:00,scheduler,1,0,699.9,10240.0,39,27.644
2026-05-22T09:14:58.788303+00:00,scheduler,2,0,699.9,10240.0,38,22.971
2026-05-22T09:14:58.788303+00:00,scheduler,3,0,675.9,10240.0,58,130.105
2026-05-22T09:15:03.788857+00:00,scheduler,0,100,8749.0,10240.0,66,294.724
2026-05-22T09:15:03.788857+00:00,scheduler,1,0,699.9,10240.0,38,27.594
2026-05-22T09:15:03.788857+00:00,scheduler,2,0,699.9,10240.0,38,23.259
2026-05-22T09:15:03.788857+00:00,scheduler,3,0,675.9,10240.0,55,103.786
2026-05-22T09:15:08.789455+00:00,scheduler,0,11,8749.0,10240.0,52,112.983
2026-05-22T09:15:08.789455+00:00,scheduler,1,0,699.9,10240.0,37,27.346
2026-05-22T09:15:08.789455+00:00,scheduler,2,0,699.9,10240.0,37,22.567
2026-05-22T09:15:08.789455+00:00,scheduler,3,0,675.9,10240.0,55,103.383
2026-05-22T09:15:13.790231+00:00,scheduler,0,0,999.0,10240.0,51,118.996
2026-05-22T09:15:13.790231+00:00,scheduler,1,0,699.9,10240.0,37,27.391
2026-05-22T09:15:13.790231+00:00,scheduler,2,0,699.9,10240.0,37,22.711
2026-05-22T09:15:13.790231+00:00,scheduler,3,0,675.9,10240.0,54,103.463
2026-05-22T09:15:18.790880+00:00,scheduler,0,0,999.0,10240.0,48,92.433
2026-05-22T09:15:18.790880+00:00,scheduler,1,0,699.9,10240.0,36,27.301
2026-05-22T09:15:18.790880+00:00,scheduler,2,0,699.9,10240.0,36,22.459
2026-05-22T09:15:18.790880+00:00,scheduler,3,0,675.9,10240.0,46,25.007
2026-05-22T09:15:23.791490+00:00,scheduler,0,0,999.0,10240.0,47,92.15
2026-05-22T09:15:23.791490+00:00,scheduler,1,0,3925.9,10240.0,40,43.63
2026-05-22T09:15:23.791490+00:00,scheduler,2,0,699.9,10240.0,36,22.41
2026-05-22T09:15:23.791490+00:00,scheduler,3,0,675.9,10240.0,45,25.02
2026-05-22T09:15:28.793572+00:00,scheduler,0,0,999.0,10240.0,47,92.071
2026-05-22T09:15:28.793572+00:00,scheduler,1,11,8721.9,10240.0,44,111.374
2026-05-22T09:15:28.793572+00:00,scheduler,2,0,699.9,10240.0,36,22.494
2026-05-22T09:15:28.793572+00:00,scheduler,3,0,675.9,10240.0,44,24.983
2026-05-22T09:15:33.799619+00:00,scheduler,0,0,999.0,10240.0,41,19.734
2026-05-22T09:15:33.799619+00:00,scheduler,1,100,8449.9,10240.0,64,317.666
2026-05-22T09:15:33.799619+00:00,scheduler,2,0,699.9,10240.0,36,22.644
2026-05-22T09:15:33.799619+00:00,scheduler,3,0,675.9,10240.0,43,25.004
2026-05-22T09:15:38.800188+00:00,scheduler,0,0,999.0,10240.0,40,19.641
2026-05-22T09:15:38.800188+00:00,scheduler,1,100,8449.9,10240.0,69,317.619
2026-05-22T09:15:38.800188+00:00,scheduler,2,0,699.9,10240.0,35,22.686
2026-05-22T09:15:38.800188+00:00,scheduler,3,0,675.9,10240.0,43,25.32
2026-05-22T09:15:43.800685+00:00,scheduler,0,0,999.0,10240.0,39,19.452
2026-05-22T09:15:43.800685+00:00,scheduler,1,100,8449.9,10240.0,71,318.893
2026-05-22T09:15:43.800685+00:00,scheduler,2,0,699.9,10240.0,35,22.656
2026-05-22T09:15:43.800685+00:00,scheduler,3,0,675.9,10240.0,42,25.139
2026-05-22T09:15:48.801307+00:00,scheduler,0,0,999.0,10240.0,38,18.617
2026-05-22T09:15:48.801307+00:00,scheduler,1,11,8449.9,10240.0,49,99.137
2026-05-22T09:15:48.801307+00:00,scheduler,2,0,699.9,10240.0,35,22.216
2026-05-22T09:15:48.801307+00:00,scheduler,3,0,1417.9,10240.0,42,24.738
2026-05-22T09:15:53.801957+00:00,scheduler,0,0,999.0,10240.0,38,18.858
2026-05-22T09:15:53.801957+00:00,scheduler,1,0,699.9,10240.0,48,112.836
2026-05-22T09:15:53.801957+00:00,scheduler,2,0,699.9,10240.0,35,22.38
2026-05-22T09:15:53.801957+00:00,scheduler,3,12,8677.9,10240.0,54,127.869
2026-05-22T09:15:58.802586+00:00,scheduler,0,0,999.0,10240.0,37,18.818
2026-05-22T09:15:58.802586+00:00,scheduler,1,0,699.9,10240.0,47,97.939
2026-05-22T09:15:58.802586+00:00,scheduler,2,0,699.9,10240.0,35,22.473
2026-05-22T09:15:58.802586+00:00,scheduler,3,100,8425.9,10240.0,71,289.529
2026-05-22T09:16:03.803121+00:00,scheduler,0,0,999.0,10240.0,37,19.16
2026-05-22T09:16:03.803121+00:00,scheduler,1,0,699.9,10240.0,47,97.442
2026-05-22T09:16:03.803121+00:00,scheduler,2,0,699.9,10240.0,35,22.714
2026-05-22T09:16:03.803121+00:00,scheduler,3,100,8425.9,10240.0,70,267.623
2026-05-22T09:16:08.803713+00:00,scheduler,0,0,999.0,10240.0,37,19.054
2026-05-22T09:16:08.803713+00:00,scheduler,1,0,699.9,10240.0,44,92.334
2026-05-22T09:16:08.803713+00:00,scheduler,2,36,8701.9,10240.0,41,110.742
2026-05-22T09:16:08.803713+00:00,scheduler,3,100,8425.9,10240.0,70,259.841
2026-05-22T09:16:13.804264+00:00,scheduler,0,0,999.0,10240.0,36,18.831
2026-05-22T09:16:13.804264+00:00,scheduler,1,0,699.9,10240.0,40,27.466
2026-05-22T09:16:13.804264+00:00,scheduler,2,100,8449.9,10240.0,53,227.132
2026-05-22T09:16:13.804264+00:00,scheduler,3,11,8425.9,10240.0,58,121.095
2026-05-22T09:16:18.805197+00:00,scheduler,0,0,999.0,10240.0,36,19.122
2026-05-22T09:16:18.805197+00:00,scheduler,1,0,699.9,10240.0,39,27.603
2026-05-22T09:16:18.805197+00:00,scheduler,2,100,8449.9,10240.0,55,317.82
2026-05-22T09:16:18.805197+00:00,scheduler,3,0,675.9,10240.0,58,129.73
2026-05-22T09:16:23.805826+00:00,scheduler,0,0,999.0,10240.0,36,19.074
2026-05-22T09:16:23.805826+00:00,scheduler,1,0,699.9,10240.0,38,27.441
2026-05-22T09:16:23.805826+00:00,scheduler,2,100,8449.9,10240.0,57,318.673
2026-05-22T09:16:23.805826+00:00,scheduler,3,0,675.9,10240.0,55,102.964
2026-05-22T09:16:28.806505+00:00,scheduler,0,0,999.0,10240.0,36,18.552
2026-05-22T09:16:28.806505+00:00,scheduler,1,0,699.9,10240.0,38,27.35
2026-05-22T09:16:28.806505+00:00,scheduler,2,11,8449.9,10240.0,45,98.034
2026-05-22T09:16:28.806505+00:00,scheduler,3,0,675.9,10240.0,54,102.687
2026-05-22T09:16:33.807314+00:00,scheduler,0,94,9021.0,10240.0,47,185.105
2026-05-22T09:16:33.807314+00:00,scheduler,1,0,699.9,10240.0,37,27.404
2026-05-22T09:16:33.807314+00:00,scheduler,2,0,699.9,10240.0,46,112.046
2026-05-22T09:16:33.807314+00:00,scheduler,3,0,675.9,10240.0,54,102.28
2026-05-22T09:16:38.807956+00:00,scheduler,0,34,5139.0,10240.0,45,112.902
2026-05-22T09:16:38.807956+00:00,scheduler,1,0,699.9,10240.0,37,27.076
2026-05-22T09:16:38.807956+00:00,scheduler,2,0,699.9,10240.0,44,95.566
2026-05-22T09:16:38.807956+00:00,scheduler,3,0,675.9,10240.0,46,25.225
2026-05-22T09:16:43.808580+00:00,scheduler,0,100,8749.0,10240.0,64,319.068
2026-05-22T09:16:43.808580+00:00,scheduler,1,0,699.9,10240.0,36,27.318
2026-05-22T09:16:43.808580+00:00,scheduler,2,0,699.9,10240.0,44,95.222
2026-05-22T09:16:43.808580+00:00,scheduler,3,0,675.9,10240.0,45,25.223
2026-05-22T09:16:48.809224+00:00,scheduler,0,100,8749.0,10240.0,66,307.121
2026-05-22T09:16:48.809224+00:00,scheduler,1,0,699.9,10240.0,36,27.497
2026-05-22T09:16:48.809224+00:00,scheduler,2,0,699.9,10240.0,44,95.149
2026-05-22T09:16:48.809224+00:00,scheduler,3,0,675.9,10240.0,44,25.381
2026-05-22T09:16:53.809842+00:00,scheduler,0,6,8749.0,10240.0,56,200.332
2026-05-22T09:16:53.809842+00:00,scheduler,1,0,1441.9,10240.0,36,27.261
2026-05-22T09:16:53.809842+00:00,scheduler,2,0,699.9,10240.0,39,23.063
2026-05-22T09:16:53.809842+00:00,scheduler,3,0,675.9,10240.0,43,25.154
2026-05-22T09:16:58.810475+00:00,scheduler,0,11,1061.0,10240.0,48,95.521
2026-05-22T09:16:58.810475+00:00,scheduler,1,11,8701.9,10240.0,45,117.55
2026-05-22T09:16:58.810475+00:00,scheduler,2,0,699.9,10240.0,39,22.712
2026-05-22T09:16:58.810475+00:00,scheduler,3,0,675.9,10240.0,43,24.882
2026-05-22T09:17:03.811101+00:00,scheduler,0,0,999.0,10240.0,47,93.011
2026-05-22T09:17:03.811101+00:00,scheduler,1,100,8449.9,10240.0,65,319.089
2026-05-22T09:17:03.811101+00:00,scheduler,2,0,699.9,10240.0,38,22.78
2026-05-22T09:17:03.811101+00:00,scheduler,3,0,675.9,10240.0,42,25.142
2026-05-22T09:17:08.811838+00:00,scheduler,0,0,999.0,10240.0,47,93.305
2026-05-22T09:17:08.811838+00:00,scheduler,1,100,8449.9,10240.0,69,318.477
2026-05-22T09:17:08.811838+00:00,scheduler,2,45,8701.9,10240.0,52,152.434
2026-05-22T09:17:08.811838+00:00,scheduler,3,0,675.9,10240.0,42,25.04
2026-05-22T09:17:13.812411+00:00,scheduler,0,0,999.0,10240.0,47,93.183
2026-05-22T09:17:13.812411+00:00,scheduler,1,100,8449.9,10240.0,71,318.871
2026-05-22T09:17:13.812411+00:00,scheduler,2,9,1687.9,10240.0,43,95.705
2026-05-22T09:17:13.812411+00:00,scheduler,3,0,675.9,10240.0,41,24.99
2026-05-22T09:17:18.813078+00:00,scheduler,0,0,999.0,10240.0,42,21.32
2026-05-22T09:17:18.813078+00:00,scheduler,1,10,8449.9,10240.0,49,98.85
2026-05-22T09:17:18.813078+00:00,scheduler,2,100,8449.9,10240.0,57,318.671
2026-05-22T09:17:18.813078+00:00,scheduler,3,0,675.9,10240.0,41,25.008
2026-05-22T09:17:23.813691+00:00,scheduler,0,0,999.0,10240.0,40,19.48
2026-05-22T09:17:23.813691+00:00,scheduler,1,0,699.9,10240.0,48,113.32
2026-05-22T09:17:23.813691+00:00,scheduler,2,100,8449.9,10240.0,58,316.999
2026-05-22T09:17:23.813691+00:00,scheduler,3,0,675.9,10240.0,41,24.861
2026-05-22T09:17:28.814305+00:00,scheduler,0,0,999.0,10240.0,39,19.379
2026-05-22T09:17:28.814305+00:00,scheduler,1,0,699.9,10240.0,47,98.58
2026-05-22T09:17:28.814305+00:00,scheduler,2,90,8449.9,10240.0,50,207.263
2026-05-22T09:17:28.814305+00:00,scheduler,3,0,675.9,10240.0,41,24.868
2026-05-22T09:17:33.814853+00:00,scheduler,0,0,999.0,10240.0,38,18.875
2026-05-22T09:17:33.814853+00:00,scheduler,1,0,699.9,10240.0,47,98.96
2026-05-22T09:17:33.814853+00:00,scheduler,2,11,1965.9,10240.0,47,97.477
2026-05-22T09:17:33.814853+00:00,scheduler,3,0,675.9,10240.0,40,24.557
2026-05-22T09:17:38.815484+00:00,scheduler,0,0,999.0,10240.0,38,18.63
2026-05-22T09:17:38.815484+00:00,scheduler,1,0,699.9,10240.0,44,94.827
2026-05-22T09:17:38.815484+00:00,scheduler,2,0,699.9,10240.0,46,96.646
2026-05-22T09:17:38.815484+00:00,scheduler,3,0,675.9,10240.0,40,24.614
2026-05-22T09:17:43.816151+00:00,scheduler,0,0,999.0,10240.0,37,18.441
2026-05-22T09:17:43.816151+00:00,scheduler,1,0,699.9,10240.0,40,27.35
2026-05-22T09:17:43.816151+00:00,scheduler,2,0,699.9,10240.0,46,96.263
2026-05-22T09:17:43.816151+00:00,scheduler,3,0,675.9,10240.0,40,24.483
2026-05-22T09:17:48.816775+00:00,scheduler,0,0,999.0,10240.0,37,18.634
2026-05-22T09:17:48.816775+00:00,scheduler,1,0,699.9,10240.0,39,27.143
2026-05-22T09:17:48.816775+00:00,scheduler,2,0,699.9,10240.0,45,95.946
2026-05-22T09:17:48.816775+00:00,scheduler,3,32,8697.9,10240.0,61,174.145
2026-05-22T09:17:53.817331+00:00,scheduler,0,0,999.0,10240.0,37,18.507
2026-05-22T09:17:53.817331+00:00,scheduler,1,0,699.9,10240.0,38,27.345
2026-05-22T09:17:53.817331+00:00,scheduler,2,0,699.9,10240.0,41,23.616
2026-05-22T09:17:53.817331+00:00,scheduler,3,29,6687.9,10240.0,53,127.936
2026-05-22T09:17:58.817866+00:00,scheduler,0,0,999.0,10240.0,36,19.039
2026-05-22T09:17:58.817866+00:00,scheduler,1,32,8701.9,10240.0,51,119.749
2026-05-22T09:17:58.817866+00:00,scheduler,2,0,699.9,10240.0,40,22.968
2026-05-22T09:17:58.817866+00:00,scheduler,3,100,8425.9,10240.0,70,275.946
2026-05-22T09:18:03.818593+00:00,scheduler,0,0,999.0,10240.0,36,19.235
2026-05-22T09:18:03.818593+00:00,scheduler,1,33,4351.9,10240.0,46,113.028
2026-05-22T09:18:03.818593+00:00,scheduler,2,0,699.9,10240.0,39,22.77
2026-05-22T09:18:03.818593+00:00,scheduler,3,100,8425.9,10240.0,70,263.405
2026-05-22T09:18:08.819299+00:00,scheduler,0,0,999.0,10240.0,36,19.101
2026-05-22T09:18:08.819299+00:00,scheduler,1,100,8449.9,10240.0,68,319.458
2026-05-22T09:18:08.819299+00:00,scheduler,2,0,699.9,10240.0,38,22.787
2026-05-22T09:18:08.819299+00:00,scheduler,3,25,8425.9,10240.0,61,174.195
2026-05-22T09:18:13.819889+00:00,scheduler,0,0,999.0,10240.0,36,18.965
2026-05-22T09:18:13.819889+00:00,scheduler,1,100,8449.9,10240.0,71,317.885
2026-05-22T09:18:13.819889+00:00,scheduler,2,0,699.9,10240.0,38,22.778
2026-05-22T09:18:13.819889+00:00,scheduler,3,97,675.9,10240.0,58,133.295
2026-05-22T09:18:18.820530+00:00,scheduler,0,10,9001.0,10240.0,44,161.196
2026-05-22T09:18:18.820530+00:00,scheduler,1,22,8449.9,10240.0,56,189.531
2026-05-22T09:18:18.820530+00:00,scheduler,2,0,699.9,10240.0,37,22.752
2026-05-22T09:18:18.820530+00:00,scheduler,3,0,675.9,10240.0,54,103.276
2026-05-22T09:18:23.821162+00:00,scheduler,0,32,6217.0,10240.0,44,116.044
2026-05-22T09:18:23.821162+00:00,scheduler,1,77,699.9,10240.0,51,117.274
2026-05-22T09:18:23.821162+00:00,scheduler,2,0,699.9,10240.0,37,22.729
2026-05-22T09:18:23.821162+00:00,scheduler,3,0,675.9,10240.0,54,102.934
2026-05-22T09:18:28.821667+00:00,scheduler,0,100,8749.0,10240.0,64,318.686
2026-05-22T09:18:28.821667+00:00,scheduler,1,0,699.9,10240.0,48,98.552
2026-05-22T09:18:28.821667+00:00,scheduler,2,0,699.9,10240.0,37,22.787
2026-05-22T09:18:28.821667+00:00,scheduler,3,0,675.9,10240.0,54,102.781
2026-05-22T09:18:33.822280+00:00,scheduler,0,100,8749.0,10240.0,65,306.999
2026-05-22T09:18:33.822280+00:00,scheduler,1,0,699.9,10240.0,47,98.664
2026-05-22T09:18:33.822280+00:00,scheduler,2,0,2645.9,10240.0,39,37.107
2026-05-22T09:18:33.822280+00:00,scheduler,3,0,675.9,10240.0,46,25.558
2026-05-22T09:18:38.822963+00:00,scheduler,0,11,8749.0,10240.0,55,147.67
2026-05-22T09:18:38.822963+00:00,scheduler,1,0,699.9,10240.0,47,98.629
2026-05-22T09:18:38.822963+00:00,scheduler,2,13,8701.9,10240.0,42,94.491
2026-05-22T09:18:38.822963+00:00,scheduler,3,0,675.9,10240.0,44,25.072
2026-05-22T09:18:43.823602+00:00,scheduler,0,11,1043.0,10240.0,49,113.133
2026-05-22T09:18:43.823602+00:00,scheduler,1,0,699.9,10240.0,41,27.53
2026-05-22T09:18:43.823602+00:00,scheduler,2,100,8449.9,10240.0,55,318.883
2026-05-22T09:18:43.823602+00:00,scheduler,3,0,675.9,10240.0,43,25.145
2026-05-22T09:18:48.824213+00:00,scheduler,0,0,999.0,10240.0,47,93.126
2026-05-22T09:18:48.824213+00:00,scheduler,1,0,699.9,10240.0,40,27.713
2026-05-22T09:18:48.824213+00:00,scheduler,2,100,8449.9,10240.0,57,318.549
2026-05-22T09:18:48.824213+00:00,scheduler,3,0,675.9,10240.0,43,25.068
2026-05-22T09:18:53.824844+00:00,scheduler,0,0,999.0,10240.0,47,93.099
2026-05-22T09:18:53.824844+00:00,scheduler,1,0,699.9,10240.0,39,27.566
2026-05-22T09:18:53.824844+00:00,scheduler,2,100,8449.9,10240.0,58,316.983
2026-05-22T09:18:53.824844+00:00,scheduler,3,0,675.9,10240.0,42,25.12
2026-05-22T09:18:58.825390+00:00,scheduler,0,0,999.0,10240.0,46,92.331
2026-05-22T09:18:58.825390+00:00,scheduler,1,0,699.9,10240.0,38,27.221
2026-05-22T09:18:58.825390+00:00,scheduler,2,11,8449.9,10240.0,46,96.735
2026-05-22T09:18:58.825390+00:00,scheduler,3,0,675.9,10240.0,42,24.905
2026-05-22T09:19:03.826018+00:00,scheduler,0,0,999.0,10240.0,42,21.423
2026-05-22T09:19:03.826018+00:00,scheduler,1,0,699.9,10240.0,38,27.453
2026-05-22T09:19:03.826018+00:00,scheduler,2,0,699.9,10240.0,46,104.721
2026-05-22T09:19:03.826018+00:00,scheduler,3,0,675.9,10240.0,42,24.694
2026-05-22T09:19:08.826698+00:00,scheduler,0,0,999.0,10240.0,40,18.76
2026-05-22T09:19:08.826698+00:00,scheduler,1,0,699.9,10240.0,37,27.173
2026-05-22T09:19:08.826698+00:00,scheduler,2,0,699.9,10240.0,45,95.886
2026-05-22T09:19:08.826698+00:00,scheduler,3,0,675.9,10240.0,41,24.591
2026-05-22T09:19:13.827428+00:00,scheduler,0,0,999.0,10240.0,39,18.624
2026-05-22T09:19:13.827428+00:00,scheduler,1,0,699.9,10240.0,37,27.174
2026-05-22T09:19:13.827428+00:00,scheduler,2,0,699.9,10240.0,45,95.747
2026-05-22T09:19:13.827428+00:00,scheduler,3,0,675.9,10240.0,41,24.587
2026-05-22T09:19:18.828102+00:00,scheduler,0,14,9001.0,10240.0,47,116.958
2026-05-22T09:19:18.828102+00:00,scheduler,1,0,699.9,10240.0,36,27.095
2026-05-22T09:19:18.828102+00:00,scheduler,2,0,699.9,10240.0,41,69.147
2026-05-22T09:19:18.828102+00:00,scheduler,3,0,1417.9,10240.0,41,24.588
2026-05-22T09:19:23.828719+00:00,scheduler,0,30,8749.0,10240.0,46,114.215
2026-05-22T09:19:23.828719+00:00,scheduler,1,36,4953.9,10240.0,41,55.29
2026-05-22T09:19:23.828719+00:00,scheduler,2,0,699.9,10240.0,40,22.979
2026-05-22T09:19:23.828719+00:00,scheduler,3,13,8697.9,10240.0,51,113.902
2026-05-22T09:19:28.829322+00:00,scheduler,0,100,8749.0,10240.0,67,318.858
2026-05-22T09:19:28.829322+00:00,scheduler,1,11,8721.9,10240.0,43,105.231
2026-05-22T09:19:28.829322+00:00,scheduler,2,0,699.9,10240.0,39,22.915
2026-05-22T09:19:28.829322+00:00,scheduler,3,100,8425.9,10240.0,71,319.498
2026-05-22T09:19:33.829929+00:00,scheduler,0,100,8749.0,10240.0,67,296.806
2026-05-22T09:19:33.829929+00:00,scheduler,1,100,8449.9,10240.0,64,317.981
2026-05-22T09:19:33.829929+00:00,scheduler,2,0,699.9,10240.0,38,22.856
2026-05-22T09:19:33.829929+00:00,scheduler,3,100,8425.9,10240.0,69,267.647
2026-05-22T09:19:38.830605+00:00,scheduler,0,11,8749.0,10240.0,54,117.822
2026-05-22T09:19:38.830605+00:00,scheduler,1,100,8449.9,10240.0,69,318.839
2026-05-22T09:19:38.830605+00:00,scheduler,2,0,699.9,10240.0,38,23.005
2026-05-22T09:19:38.830605+00:00,scheduler,3,100,8425.9,10240.0,70,257.205
2026-05-22T09:19:43.831142+00:00,scheduler,0,0,999.0,10240.0,51,119.984
2026-05-22T09:19:43.831142+00:00,scheduler,1,100,8449.9,10240.0,71,318.911
2026-05-22T09:19:43.831142+00:00,scheduler,2,0,699.9,10240.0,37,22.91
2026-05-22T09:19:43.831142+00:00,scheduler,3,11,8425.9,10240.0,57,113.498
2026-05-22T09:19:48.831729+00:00,scheduler,0,0,999.0,10240.0,48,93.179
2026-05-22T09:19:48.831729+00:00,scheduler,1,10,8449.9,10240.0,49,98.808
2026-05-22T09:19:48.831729+00:00,scheduler,2,0,699.9,10240.0,37,22.597
2026-05-22T09:19:48.831729+00:00,scheduler,3,0,675.9,10240.0,57,129.556
2026-05-22T09:19:53.832356+00:00,scheduler,0,0,999.0,10240.0,48,93.034
2026-05-22T09:19:53.832356+00:00,scheduler,1,0,699.9,10240.0,48,111.188
2026-05-22T09:19:53.832356+00:00,scheduler,2,0,699.9,10240.0,37,22.45
2026-05-22T09:19:53.832356+00:00,scheduler,3,0,675.9,10240.0,54,102.763
2026-05-22T09:19:58.832925+00:00,scheduler,0,0,999.0,10240.0,47,92.928
2026-05-22T09:19:58.832925+00:00,scheduler,1,0,699.9,10240.0,47,98.699
2026-05-22T09:19:58.832925+00:00,scheduler,2,0,699.9,10240.0,36,22.5
2026-05-22T09:19:58.832925+00:00,scheduler,3,0,675.9,10240.0,54,102.372
2026-05-22T09:20:03.833524+00:00,scheduler,0,0,999.0,10240.0,41,19.682
2026-05-22T09:20:03.833524+00:00,scheduler,1,0,699.9,10240.0,47,98.649
2026-05-22T09:20:03.833524+00:00,scheduler,2,0,699.9,10240.0,36,22.425
2026-05-22T09:20:03.833524+00:00,scheduler,3,0,675.9,10240.0,54,102.268
2026-05-22T09:20:08.834157+00:00,scheduler,0,0,999.0,10240.0,40,19.046
2026-05-22T09:20:08.834157+00:00,scheduler,1,0,699.9,10240.0,45,93.044
2026-05-22T09:20:08.834157+00:00,scheduler,2,0,699.9,10240.0,36,22.316
2026-05-22T09:20:08.834157+00:00,scheduler,3,0,675.9,10240.0,46,25.206
2026-05-22T09:20:13.834732+00:00,scheduler,0,0,999.0,10240.0,39,18.796
2026-05-22T09:20:13.834732+00:00,scheduler,1,0,699.9,10240.0,40,27.283
2026-05-22T09:20:13.834732+00:00,scheduler,2,0,699.9,10240.0,35,22.475
2026-05-22T09:20:13.834732+00:00,scheduler,3,0,675.9,10240.0,44,25.144
2026-05-22T09:20:18.835375+00:00,scheduler,0,0,999.0,10240.0,39,18.673
2026-05-22T09:20:18.835375+00:00,scheduler,1,0,699.9,10240.0,39,27.304
2026-05-22T09:20:18.835375+00:00,scheduler,2,0,699.9,10240.0,35,22.259
2026-05-22T09:20:18.835375+00:00,scheduler,3,0,675.9,10240.0,44,24.8
2026-05-22T09:20:23.835966+00:00,scheduler,0,33,6253.0,10240.0,43,91.949
2026-05-22T09:20:23.835966+00:00,scheduler,1,0,699.9,10240.0,38,27.044
2026-05-22T09:20:23.835966+00:00,scheduler,2,0,699.9,10240.0,35,22.359
2026-05-22T09:20:23.835966+00:00,scheduler,3,0,675.9,10240.0,43,24.861
2026-05-22T09:20:28.836521+00:00,scheduler,0,10,9001.0,10240.0,45,95.361
2026-05-22T09:20:28.836521+00:00,scheduler,1,0,699.9,10240.0,37,27.185
2026-05-22T09:20:28.836521+00:00,scheduler,2,0,699.9,10240.0,35,22.298
2026-05-22T09:20:28.836521+00:00,scheduler,3,0,675.9,10240.0,43,24.735
2026-05-22T09:20:33.837063+00:00,scheduler,0,100,8749.0,10240.0,63,319.06
2026-05-22T09:20:33.837063+00:00,scheduler,1,0,699.9,10240.0,37,27.336
2026-05-22T09:20:33.837063+00:00,scheduler,2,0,699.9,10240.0,35,22.524
2026-05-22T09:20:33.837063+00:00,scheduler,3,11,8677.9,10240.0,55,176.713
2026-05-22T09:20:38.837663+00:00,scheduler,0,100,8749.0,10240.0,66,305.314
2026-05-22T09:20:38.837663+00:00,scheduler,1,0,699.9,10240.0,37,27.306
2026-05-22T09:20:38.837663+00:00,scheduler,2,0,699.9,10240.0,35,22.472
2026-05-22T09:20:38.837663+00:00,scheduler,3,32,8425.9,10240.0,59,140.454
2026-05-22T09:20:43.838211+00:00,scheduler,0,100,8749.0,10240.0,67,294.252
2026-05-22T09:20:43.838211+00:00,scheduler,1,0,699.9,10240.0,36,27.224
2026-05-22T09:20:43.838211+00:00,scheduler,2,0,699.9,10240.0,35,22.635
2026-05-22T09:20:43.838211+00:00,scheduler,3,100,8425.9,10240.0,70,264.34
2026-05-22T09:20:48.838815+00:00,scheduler,0,11,8749.0,10240.0,50,95.796
2026-05-22T09:20:48.838815+00:00,scheduler,1,0,699.9,10240.0,36,27.248
2026-05-22T09:20:48.838815+00:00,scheduler,2,0,699.9,10240.0,34,22.621
2026-05-22T09:20:48.838815+00:00,scheduler,3,100,8425.9,10240.0,70,259.45
2026-05-22T09:20:53.839432+00:00,scheduler,0,0,999.0,10240.0,49,102.516
2026-05-22T09:20:53.839432+00:00,scheduler,1,94,8701.9,10240.0,45,153.097
2026-05-22T09:20:53.839432+00:00,scheduler,2,0,699.9,10240.0,34,22.43
2026-05-22T09:20:53.839432+00:00,scheduler,3,17,8425.9,10240.0,61,135.032
2026-05-22T09:20:58.840090+00:00,scheduler,0,0,999.0,10240.0,48,94.125
2026-05-22T09:20:58.840090+00:00,scheduler,1,33,6457.9,10240.0,45,117.76
2026-05-22T09:20:58.840090+00:00,scheduler,2,0,699.9,10240.0,34,22.429
2026-05-22T09:20:58.840090+00:00,scheduler,3,0,675.9,10240.0,58,140.512
2026-05-22T09:21:03.840691+00:00,scheduler,0,0,999.0,10240.0,47,93.867
2026-05-22T09:21:03.840691+00:00,scheduler,1,100,8449.9,10240.0,67,317.281
2026-05-22T09:21:03.840691+00:00,scheduler,2,29,8261.9,10240.0,39,93.518
2026-05-22T09:21:03.840691+00:00,scheduler,3,0,675.9,10240.0,55,103.84
2026-05-22T09:21:08.841190+00:00,scheduler,0,0,999.0,10240.0,43,27.677
2026-05-22T09:21:08.841190+00:00,scheduler,1,100,8449.9,10240.0,70,318.655
2026-05-22T09:21:08.841190+00:00,scheduler,2,10,1849.9,10240.0,41,96.424
2026-05-22T09:21:08.841190+00:00,scheduler,3,0,675.9,10240.0,55,103.373
2026-05-22T09:21:13.841773+00:00,scheduler,0,0,999.0,10240.0,41,19.492
2026-05-22T09:21:13.841773+00:00,scheduler,1,11,8449.9,10240.0,54,124.982
2026-05-22T09:21:13.841773+00:00,scheduler,2,100,8449.9,10240.0,54,318.284
2026-05-22T09:21:13.841773+00:00,scheduler,3,0,675.9,10240.0,54,103.236
2026-05-22T09:21:18.842472+00:00,scheduler,0,0,999.0,10240.0,39,19.396
2026-05-22T09:21:18.842472+00:00,scheduler,1,1,699.9,10240.0,50,132.759
2026-05-22T09:21:18.842472+00:00,scheduler,2,100,8449.9,10240.0,56,318.797
2026-05-22T09:21:18.842472+00:00,scheduler,3,0,675.9,10240.0,46,25.631
2026-05-22T09:21:23.843123+00:00,scheduler,0,0,999.0,10240.0,39,19.131
2026-05-22T09:21:23.843123+00:00,scheduler,1,0,699.9,10240.0,47,97.652
2026-05-22T09:21:23.843123+00:00,scheduler,2,100,8449.9,10240.0,52,301.979
2026-05-22T09:21:23.843123+00:00,scheduler,3,0,675.9,10240.0,45,25.26
2026-05-22T09:21:28.843823+00:00,scheduler,0,0,999.0,10240.0,38,18.718
2026-05-22T09:21:28.843823+00:00,scheduler,1,0,699.9,10240.0,47,97.863
2026-05-22T09:21:28.843823+00:00,scheduler,2,8,4957.9,10240.0,44,95.985
2026-05-22T09:21:28.843823+00:00,scheduler,3,0,675.9,10240.0,44,25.036
2026-05-22T09:21:33.844873+00:00,scheduler,0,0,999.0,10240.0,38,18.568
2026-05-22T09:21:33.844873+00:00,scheduler,1,0,699.9,10240.0,46,97.584
2026-05-22T09:21:33.844873+00:00,scheduler,2,0,699.9,10240.0,44,95.357
2026-05-22T09:21:33.844873+00:00,scheduler,3,0,675.9,10240.0,43,24.751
2026-05-22T09:21:38.845600+00:00,scheduler,0,0,999.0,10240.0,37,18.567
2026-05-22T09:21:38.845600+00:00,scheduler,1,0,699.9,10240.0,41,27.459
2026-05-22T09:21:38.845600+00:00,scheduler,2,0,699.9,10240.0,44,95.217
2026-05-22T09:21:38.845600+00:00,scheduler,3,0,675.9,10240.0,43,24.628
2026-05-22T09:21:43.846276+00:00,scheduler,0,0,999.0,10240.0,37,18.544
2026-05-22T09:21:43.846276+00:00,scheduler,1,0,699.9,10240.0,39,27.403
2026-05-22T09:21:43.846276+00:00,scheduler,2,0,699.9,10240.0,44,95.229
2026-05-22T09:21:43.846276+00:00,scheduler,3,0,675.9,10240.0,42,24.784
2026-05-22T09:21:48.846979+00:00,scheduler,0,0,1897.0,10240.0,36,18.436
2026-05-22T09:21:48.846979+00:00,scheduler,1,0,2461.9,10240.0,41,35.981
2026-05-22T09:21:48.846979+00:00,scheduler,2,0,699.9,10240.0,40,27.653
2026-05-22T09:21:48.846979+00:00,scheduler,3,0,675.9,10240.0,42,24.6
2026-05-22T09:21:53.847624+00:00,scheduler,0,14,9001.0,10240.0,45,115.656
2026-05-22T09:21:53.847624+00:00,scheduler,1,14,8701.9,10240.0,47,117.985
2026-05-22T09:21:53.847624+00:00,scheduler,2,0,699.9,10240.0,39,22.6
2026-05-22T09:21:53.847624+00:00,scheduler,3,0,1757.9,10240.0,41,25.156
2026-05-22T09:21:58.848202+00:00,scheduler,0,100,8749.0,10240.0,60,311.112
2026-05-22T09:21:58.848202+00:00,scheduler,1,100,8449.9,10240.0,65,318.51
2026-05-22T09:21:58.848202+00:00,scheduler,2,0,699.9,10240.0,38,22.948
2026-05-22T09:21:58.848202+00:00,scheduler,3,13,8677.9,10240.0,53,121.992
2026-05-22T09:22:03.848807+00:00,scheduler,0,100,8749.0,10240.0,66,318.458
2026-05-22T09:22:03.848807+00:00,scheduler,1,100,8449.9,10240.0,70,318.668
2026-05-22T09:22:03.848807+00:00,scheduler,2,0,699.9,10240.0,38,23.148
2026-05-22T09:22:03.848807+00:00,scheduler,3,100,8425.9,10240.0,70,278.801
2026-05-22T09:22:08.849400+00:00,scheduler,0,100,8749.0,10240.0,66,300.926
2026-05-22T09:22:08.849400+00:00,scheduler,1,100,8449.9,10240.0,71,317.188
2026-05-22T09:22:08.849400+00:00,scheduler,2,0,699.9,10240.0,37,22.863
2026-05-22T09:22:08.849400+00:00,scheduler,3,100,8425.9,10240.0,70,259.125
2026-05-22T09:22:13.850206+00:00,scheduler,0,11,8749.0,10240.0,50,96.039
2026-05-22T09:22:13.850206+00:00,scheduler,1,10,8449.9,10240.0,50,99.027
2026-05-22T09:22:13.850206+00:00,scheduler,2,0,699.9,10240.0,37,22.837
2026-05-22T09:22:13.850206+00:00,scheduler,3,100,8425.9,10240.0,70,260.268
2026-05-22T09:22:18.850857+00:00,scheduler,0,0,999.0,10240.0,49,105.391
2026-05-22T09:22:18.850857+00:00,scheduler,1,0,699.9,10240.0,49,111.181
2026-05-22T09:22:18.850857+00:00,scheduler,2,9,8701.9,10240.0,43,141.273
2026-05-22T09:22:18.850857+00:00,scheduler,3,10,8425.9,10240.0,56,105.15
2026-05-22T09:22:23.851444+00:00,scheduler,0,0,999.0,10240.0,47,93.246
2026-05-22T09:22:23.851444+00:00,scheduler,1,0,699.9,10240.0,48,97.969
2026-05-22T09:22:23.851444+00:00,scheduler,2,41,7159.9,10240.0,43,111.587
2026-05-22T09:22:23.851444+00:00,scheduler,3,0,675.9,10240.0,56,118.145
2026-05-22T09:22:28.852169+00:00,scheduler,0,0,999.0,10240.0,47,92.952
2026-05-22T09:22:28.852169+00:00,scheduler,1,0,699.9,10240.0,47,98.419
2026-05-22T09:22:28.852169+00:00,scheduler,2,100,8449.9,10240.0,56,318.976
2026-05-22T09:22:28.852169+00:00,scheduler,3,0,675.9,10240.0,54,103.266
2026-05-22T09:22:33.852832+00:00,scheduler,0,0,999.0,10240.0,43,78.348
2026-05-22T09:22:33.852832+00:00,scheduler,1,0,699.9,10240.0,43,81.135
2026-05-22T09:22:33.852832+00:00,scheduler,2,100,8449.9,10240.0,58,318.554
2026-05-22T09:22:33.852832+00:00,scheduler,3,0,675.9,10240.0,54,103.116
2026-05-22T09:22:38.853467+00:00,scheduler,0,0,999.0,10240.0,41,19.37
2026-05-22T09:22:38.853467+00:00,scheduler,1,0,699.9,10240.0,40,27.474
2026-05-22T09:22:38.853467+00:00,scheduler,2,10,8449.9,10240.0,48,114.347
2026-05-22T09:22:38.853467+00:00,scheduler,3,0,675.9,10240.0,50,54.032
2026-05-22T09:22:43.854081+00:00,scheduler,0,0,999.0,10240.0,40,18.634
2026-05-22T09:22:43.854081+00:00,scheduler,1,0,699.9,10240.0,39,27.195
2026-05-22T09:22:43.854081+00:00,scheduler,2,0,699.9,10240.0,47,120.782
2026-05-22T09:22:43.854081+00:00,scheduler,3,0,675.9,10240.0,46,25.059
2026-05-22T09:22:48.854725+00:00,scheduler,0,0,999.0,10240.0,39,18.582
2026-05-22T09:22:48.854725+00:00,scheduler,1,0,699.9,10240.0,39,27.208
2026-05-22T09:22:48.854725+00:00,scheduler,2,0,699.9,10240.0,46,95.998
2026-05-22T09:22:48.854725+00:00,scheduler,3,0,675.9,10240.0,44,25.158
2026-05-22T09:22:53.855425+00:00,scheduler,0,0,999.0,10240.0,38,18.517
2026-05-22T09:22:53.855425+00:00,scheduler,1,0,699.9,10240.0,38,27.214
2026-05-22T09:22:53.855425+00:00,scheduler,2,0,699.9,10240.0,45,95.772
2026-05-22T09:22:53.855425+00:00,scheduler,3,0,675.9,10240.0,44,24.942
2026-05-22T09:22:58.856185+00:00,scheduler,0,34,9001.0,10240.0,52,140.314
2026-05-22T09:22:58.856185+00:00,scheduler,1,0,699.9,10240.0,37,27.321
2026-05-22T09:22:58.856185+00:00,scheduler,2,0,699.9,10240.0,45,95.486
2026-05-22T09:22:58.856185+00:00,scheduler,3,34,8677.9,10240.0,55,128.367
2026-05-22T09:23:03.856928+00:00,scheduler,0,9,9001.0,10240.0,44,92.493
2026-05-22T09:23:03.856928+00:00,scheduler,1,0,699.9,10240.0,37,27.327
2026-05-22T09:23:03.856928+00:00,scheduler,2,0,699.9,10240.0,40,22.899
2026-05-22T09:23:03.856928+00:00,scheduler,3,100,8425.9,10240.0,69,230.304
2026-05-22T09:23:08.857560+00:00,scheduler,0,100,8749.0,10240.0,64,318.824
2026-05-22T09:23:08.857560+00:00,scheduler,1,35,6873.9,10240.0,42,97.351
2026-05-22T09:23:08.857560+00:00,scheduler,2,0,699.9,10240.0,39,23.211
2026-05-22T09:23:08.857560+00:00,scheduler,3,100,8425.9,10240.0,70,262.186
2026-05-22T09:23:13.858263+00:00,scheduler,0,100,8749.0,10240.0,66,303.029
2026-05-22T09:23:13.858263+00:00,scheduler,1,11,1203.9,10240.0,44,103.956
2026-05-22T09:23:13.858263+00:00,scheduler,2,0,699.9,10240.0,39,22.906
2026-05-22T09:23:13.858263+00:00,scheduler,3,100,8425.9,10240.0,70,258.388
2026-05-22T09:23:18.858833+00:00,scheduler,0,100,8749.0,10240.0,67,291.575
2026-05-22T09:23:18.858833+00:00,scheduler,1,100,8449.9,10240.0,66,318.344
2026-05-22T09:23:18.858833+00:00,scheduler,2,0,699.9,10240.0,38,22.85
2026-05-22T09:23:18.858833+00:00,scheduler,3,10,8425.9,10240.0,60,131.212
2026-05-22T09:23:23.859530+00:00,scheduler,0,9,8749.0,10240.0,49,94.638
2026-05-22T09:23:23.859530+00:00,scheduler,1,100,8449.9,10240.0,70,319.093
2026-05-22T09:23:23.859530+00:00,scheduler,2,0,699.9,10240.0,38,22.98
2026-05-22T09:23:23.859530+00:00,scheduler,3,0,675.9,10240.0,59,130.694
2026-05-22T09:23:28.860189+00:00,scheduler,0,0,999.0,10240.0,49,107.526
2026-05-22T09:23:28.860189+00:00,scheduler,1,100,8449.9,10240.0,71,319.0
2026-05-22T09:23:28.860189+00:00,scheduler,2,0,3101.9,10240.0,40,36.356
2026-05-22T09:23:28.860189+00:00,scheduler,3,0,675.9,10240.0,55,103.772
2026-05-22T09:23:33.860854+00:00,scheduler,0,0,999.0,10240.0,47,92.54
2026-05-22T09:23:33.860854+00:00,scheduler,1,11,8449.9,10240.0,48,98.517
2026-05-22T09:23:33.860854+00:00,scheduler,2,13,8721.9,10240.0,42,96.299
2026-05-22T09:23:33.860854+00:00,scheduler,3,0,675.9,10240.0,55,103.615
2026-05-22T09:23:38.861617+00:00,scheduler,0,0,999.0,10240.0,47,92.15
2026-05-22T09:23:38.861617+00:00,scheduler,1,0,699.9,10240.0,47,104.145
2026-05-22T09:23:38.861617+00:00,scheduler,2,100,8449.9,10240.0,55,319.059
2026-05-22T09:23:38.861617+00:00,scheduler,3,0,675.9,10240.0,53,99.793
2026-05-22T09:23:43.862286+00:00,scheduler,0,0,999.0,10240.0,44,82.656
2026-05-22T09:23:43.862286+00:00,scheduler,1,0,699.9,10240.0,47,97.572
2026-05-22T09:23:43.862286+00:00,scheduler,2,100,8449.9,10240.0,57,318.966
2026-05-22T09:23:43.862286+00:00,scheduler,3,0,675.9,10240.0,46,25.481
2026-05-22T09:23:48.863009+00:00,scheduler,0,0,999.0,10240.0,41,19.594
2026-05-22T09:23:48.863009+00:00,scheduler,1,0,699.9,10240.0,47,98.187
2026-05-22T09:23:48.863009+00:00,scheduler,2,100,8449.9,10240.0,58,317.126
2026-05-22T09:23:48.863009+00:00,scheduler,3,0,675.9,10240.0,45,25.298
2026-05-22T09:23:53.863792+00:00,scheduler,0,0,999.0,10240.0,40,18.716
2026-05-22T09:23:53.863792+00:00,scheduler,1,0,699.9,10240.0,42,62.383
2026-05-22T09:23:53.863792+00:00,scheduler,2,9,8449.9,10240.0,46,96.98
2026-05-22T09:23:53.863792+00:00,scheduler,3,0,675.9,10240.0,44,24.703
2026-05-22T09:23:58.864479+00:00,scheduler,0,0,999.0,10240.0,39,18.581
2026-05-22T09:23:58.864479+00:00,scheduler,1,0,699.9,10240.0,39,27.505
2026-05-22T09:23:58.864479+00:00,scheduler,2,0,699.9,10240.0,46,104.994
2026-05-22T09:23:58.864479+00:00,scheduler,3,0,675.9,10240.0,44,24.627
2026-05-22T09:24:03.865208+00:00,scheduler,0,0,999.0,10240.0,38,18.544
2026-05-22T09:24:03.865208+00:00,scheduler,1,0,699.9,10240.0,39,27.232
2026-05-22T09:24:03.865208+00:00,scheduler,2,0,699.9,10240.0,45,96.02
2026-05-22T09:24:03.865208+00:00,scheduler,3,0,675.9,10240.0,43,24.706
2026-05-22T09:24:08.865825+00:00,scheduler,0,26,9001.0,10240.0,43,92.02
2026-05-22T09:24:08.865825+00:00,scheduler,1,0,699.9,10240.0,38,27.247
2026-05-22T09:24:08.865825+00:00,scheduler,2,0,699.9,10240.0,45,95.965
2026-05-22T09:24:08.865825+00:00,scheduler,3,0,675.9,10240.0,42,24.688
2026-05-22T09:24:13.866399+00:00,scheduler,0,11,2349.0,10240.0,45,96.17
2026-05-22T09:24:13.866399+00:00,scheduler,1,0,699.9,10240.0,37,27.083
2026-05-22T09:24:13.866399+00:00,scheduler,2,0,699.9,10240.0,42,86.096
2026-05-22T09:24:13.866399+00:00,scheduler,3,0,675.9,10240.0,42,24.675
2026-05-22T09:24:18.867037+00:00,scheduler,0,100,8749.0,10240.0,64,318.88
2026-05-22T09:24:18.867037+00:00,scheduler,1,0,699.9,10240.0,37,27.238
2026-05-22T09:24:18.867037+00:00,scheduler,2,0,699.9,10240.0,40,23.032
2026-05-22T09:24:18.867037+00:00,scheduler,3,0,675.9,10240.0,42,25.076
2026-05-22T09:24:23.867728+00:00,scheduler,0,100,8749.0,10240.0,66,304.22
2026-05-22T09:24:23.867728+00:00,scheduler,1,0,699.9,10240.0,37,27.23
2026-05-22T09:24:23.867728+00:00,scheduler,2,0,699.9,10240.0,39,23.02
2026-05-22T09:24:23.867728+00:00,scheduler,3,0,675.9,10240.0,41,25.287
2026-05-22T09:24:28.868383+00:00,scheduler,0,100,8749.0,10240.0,67,294.313
2026-05-22T09:24:28.868383+00:00,scheduler,1,0,699.9,10240.0,36,27.202
2026-05-22T09:24:28.868383+00:00,scheduler,2,0,699.9,10240.0,38,23.136
2026-05-22T09:24:28.868383+00:00,scheduler,3,0,675.9,10240.0,41,25.033
2026-05-22T09:24:33.869275+00:00,scheduler,0,10,8749.0,10240.0,49,94.409
2026-05-22T09:24:33.869275+00:00,scheduler,1,0,699.9,10240.0,36,27.138
2026-05-22T09:24:33.869275+00:00,scheduler,2,0,699.9,10240.0,38,22.774
2026-05-22T09:24:33.869275+00:00,scheduler,3,39,8677.9,10240.0,53,126.168
2026-05-22T09:24:38.870147+00:00,scheduler,0,0,999.0,10240.0,48,93.562
2026-05-22T09:24:38.870147+00:00,scheduler,1,0,699.9,10240.0,36,26.962
2026-05-22T09:24:38.870147+00:00,scheduler,2,0,699.9,10240.0,37,22.651
2026-05-22T09:24:38.870147+00:00,scheduler,3,100,8425.9,10240.0,69,264.099
2026-05-22T09:24:43.872592+00:00,scheduler,0,0,999.0,10240.0,47,93.705
2026-05-22T09:24:43.872592+00:00,scheduler,1,0,699.9,10240.0,35,27.381
2026-05-22T09:24:43.872592+00:00,scheduler,2,0,699.9,10240.0,37,22.813
2026-05-22T09:24:43.872592+00:00,scheduler,3,100,8425.9,10240.0,70,269.562
2026-05-22T09:24:48.873329+00:00,scheduler,0,0,999.0,10240.0,47,93.497
2026-05-22T09:24:48.873329+00:00,scheduler,1,0,699.9,10240.0,35,27.06
2026-05-22T09:24:48.873329+00:00,scheduler,2,0,699.9,10240.0,37,22.795
2026-05-22T09:24:48.873329+00:00,scheduler,3,100,8425.9,10240.0,70,262.24
2026-05-22T09:24:53.873936+00:00,scheduler,0,0,999.0,10240.0,42,19.734
2026-05-22T09:24:53.873936+00:00,scheduler,1,0,3101.9,10240.0,38,39.744
2026-05-22T09:24:53.873936+00:00,scheduler,2,0,699.9,10240.0,36,22.447
2026-05-22T09:24:53.873936+00:00,scheduler,3,10,8425.9,10240.0,58,125.97
2026-05-22T09:24:58.874615+00:00,scheduler,0,0,999.0,10240.0,40,19.204
2026-05-22T09:24:58.874615+00:00,scheduler,1,14,8701.9,10240.0,44,115.288
2026-05-22T09:24:58.874615+00:00,scheduler,2,46,7465.9,10240.0,41,105.843
2026-05-22T09:24:58.874615+00:00,scheduler,3,0,675.9,10240.0,58,130.199
2026-05-22T09:25:03.875343+00:00,scheduler,0,0,999.0,10240.0,39,19.563
2026-05-22T09:25:03.875343+00:00,scheduler,1,100,8449.9,10240.0,64,318.187
2026-05-22T09:25:03.875343+00:00,scheduler,2,9,8701.9,10240.0,41,93.958
2026-05-22T09:25:03.875343+00:00,scheduler,3,0,675.9,10240.0,54,103.457
2026-05-22T09:25:08.875990+00:00,scheduler,0,0,999.0,10240.0,39,19.267
2026-05-22T09:25:08.875990+00:00,scheduler,1,100,8449.9,10240.0,69,318.821
2026-05-22T09:25:08.875990+00:00,scheduler,2,100,8449.9,10240.0,55,318.407
2026-05-22T09:25:08.875990+00:00,scheduler,3,0,675.9,10240.0,54,102.432
2026-05-22T09:25:13.876644+00:00,scheduler,0,0,999.0,10240.0,38,19.346
2026-05-22T09:25:13.876644+00:00,scheduler,1,100,8449.9,10240.0,70,318.644
2026-05-22T09:25:13.876644+00:00,scheduler,2,100,8449.9,10240.0,57,318.326
2026-05-22T09:25:13.876644+00:00,scheduler,3,0,675.9,10240.0,54,102.356
2026-05-22T09:25:18.877330+00:00,scheduler,0,0,999.0,10240.0,37,19.256
2026-05-22T09:25:18.877330+00:00,scheduler,1,10,8449.9,10240.0,48,98.228
2026-05-22T09:25:18.877330+00:00,scheduler,2,100,8449.9,10240.0,58,316.439
2026-05-22T09:25:18.877330+00:00,scheduler,3,0,675.9,10240.0,46,25.296
2026-05-22T09:25:23.878007+00:00,scheduler,0,0,999.0,10240.0,37,18.582
2026-05-22T09:25:23.878007+00:00,scheduler,1,0,699.9,10240.0,47,104.771
2026-05-22T09:25:23.878007+00:00,scheduler,2,8,8449.9,10240.0,46,96.633
2026-05-22T09:25:23.878007+00:00,scheduler,3,0,675.9,10240.0,44,24.825
2026-05-22T09:25:28.878651+00:00,scheduler,0,0,999.0,10240.0,37,18.467
2026-05-22T09:25:28.878651+00:00,scheduler,1,0,699.9,10240.0,46,97.635
2026-05-22T09:25:28.878651+00:00,scheduler,2,0,699.9,10240.0,47,112.474
2026-05-22T09:25:28.878651+00:00,scheduler,3,0,675.9,10240.0,44,24.62
2026-05-22T09:25:33.879320+00:00,scheduler,0,0,999.0,10240.0,36,18.469
2026-05-22T09:25:33.879320+00:00,scheduler,1,0,699.9,10240.0,46,97.592
2026-05-22T09:25:33.879320+00:00,scheduler,2,0,699.9,10240.0,45,95.974
2026-05-22T09:25:33.879320+00:00,scheduler,3,0,675.9,10240.0,43,24.663
2026-05-22T09:25:38.879988+00:00,scheduler,0,0,999.0,10240.0,36,18.242
2026-05-22T09:25:38.879988+00:00,scheduler,1,0,699.9,10240.0,42,65.469
2026-05-22T09:25:38.879988+00:00,scheduler,2,0,699.9,10240.0,45,95.861
2026-05-22T09:25:38.879988+00:00,scheduler,3,0,675.9,10240.0,43,24.544
2026-05-22T09:25:43.880718+00:00,scheduler,0,0,999.0,10240.0,36,18.177
2026-05-22T09:25:43.880718+00:00,scheduler,1,0,699.9,10240.0,39,27.382
2026-05-22T09:25:43.880718+00:00,scheduler,2,0,699.9,10240.0,45,95.823
2026-05-22T09:25:43.880718+00:00,scheduler,3,0,675.9,10240.0,42,24.659
2026-05-22T09:25:48.881430+00:00,scheduler,0,0,999.0,10240.0,36,18.197
2026-05-22T09:25:48.881430+00:00,scheduler,1,0,699.9,10240.0,39,27.199
2026-05-22T09:25:48.881430+00:00,scheduler,2,0,699.9,10240.0,40,22.802
2026-05-22T09:25:48.881430+00:00,scheduler,3,0,675.9,10240.0,42,24.535
2026-05-22T09:25:53.882012+00:00,scheduler,0,32,8105.0,10240.0,40,91.133
2026-05-22T09:25:53.882012+00:00,scheduler,1,32,8701.9,10240.0,44,104.081
2026-05-22T09:25:53.882012+00:00,scheduler,2,0,699.9,10240.0,39,22.795
2026-05-22T09:25:53.882012+00:00,scheduler,3,0,675.9,10240.0,41,24.656
2026-05-22T09:25:58.882654+00:00,scheduler,0,9,2905.0,10240.0,44,95.823
2026-05-22T09:25:58.882654+00:00,scheduler,1,34,4351.9,10240.0,46,113.292
2026-05-22T09:25:58.882654+00:00,scheduler,2,0,699.9,10240.0,38,22.892
2026-05-22T09:25:58.882654+00:00,scheduler,3,0,675.9,10240.0,41,24.824
2026-05-22T09:26:03.883299+00:00,scheduler,0,100,8749.0,10240.0,63,318.569
2026-05-22T09:26:03.883299+00:00,scheduler,1,100,8449.9,10240.0,68,317.633
2026-05-22T09:26:03.883299+00:00,scheduler,2,0,699.9,10240.0,38,23.054
2026-05-22T09:26:03.883299+00:00,scheduler,3,0,675.9,10240.0,41,24.877
2026-05-22T09:26:08.883895+00:00,scheduler,0,100,8749.0,10240.0,66,307.581
2026-05-22T09:26:08.883895+00:00,scheduler,1,100,8449.9,10240.0,71,319.093
2026-05-22T09:26:08.883895+00:00,scheduler,2,0,699.9,10240.0,37,22.939
2026-05-22T09:26:08.883895+00:00,scheduler,3,10,8677.9,10240.0,53,169.089
2026-05-22T09:26:13.884534+00:00,scheduler,0,100,8749.0,10240.0,66,297.296
2026-05-22T09:26:13.884534+00:00,scheduler,1,24,8449.9,10240.0,57,193.309
2026-05-22T09:26:13.884534+00:00,scheduler,2,0,699.9,10240.0,37,22.876
2026-05-22T09:26:13.884534+00:00,scheduler,3,48,8425.9,10240.0,67,193.318
2026-05-22T09:26:18.885174+00:00,scheduler,0,11,6455.0,10240.0,48,94.01
2026-05-22T09:26:18.885174+00:00,scheduler,1,10,741.9,10240.0,54,113.741
2026-05-22T09:26:18.885174+00:00,scheduler,2,0,4933.9,10240.0,41,47.246
2026-05-22T09:26:18.885174+00:00,scheduler,3,100,8425.9,10240.0,69,266.566
2026-05-22T09:26:23.885897+00:00,scheduler,0,0,999.0,10240.0,47,93.019
2026-05-22T09:26:23.885897+00:00,scheduler,1,0,699.9,10240.0,48,98.263
2026-05-22T09:26:23.885897+00:00,scheduler,2,10,8701.9,10240.0,42,94.26
2026-05-22T09:26:23.885897+00:00,scheduler,3,100,8425.9,10240.0,69,259.761
2026-05-22T09:26:28.886544+00:00,scheduler,0,0,999.0,10240.0,47,92.566
2026-05-22T09:26:28.886544+00:00,scheduler,1,0,699.9,10240.0,47,97.816
2026-05-22T09:26:28.886544+00:00,scheduler,2,100,8449.9,10240.0,55,319.26
2026-05-22T09:26:28.886544+00:00,scheduler,3,18,8425.9,10240.0,59,132.066
2026-05-22T09:26:33.887271+00:00,scheduler,0,0,999.0,10240.0,46,92.894
2026-05-22T09:26:33.887271+00:00,scheduler,1,0,699.9,10240.0,47,97.607
2026-05-22T09:26:33.887271+00:00,scheduler,2,100,8449.9,10240.0,57,317.73
2026-05-22T09:26:33.887271+00:00,scheduler,3,0,675.9,10240.0,57,130.337
2026-05-22T09:26:38.888032+00:00,scheduler,0,0,999.0,10240.0,41,20.092
2026-05-22T09:26:38.888032+00:00,scheduler,1,0,699.9,10240.0,42,29.065
2026-05-22T09:26:38.888032+00:00,scheduler,2,100,8449.9,10240.0,58,316.146
2026-05-22T09:26:38.888032+00:00,scheduler,3,0,675.9,10240.0,54,102.717
2026-05-22T09:26:43.888727+00:00,scheduler,0,0,999.0,10240.0,40,19.02
2026-05-22T09:26:43.888727+00:00,scheduler,1,0,699.9,10240.0,40,27.412
2026-05-22T09:26:43.888727+00:00,scheduler,2,8,8449.9,10240.0,47,96.995
2026-05-22T09:26:43.888727+00:00,scheduler,3,0,675.9,10240.0,54,102.154
2026-05-22T09:26:48.889346+00:00,scheduler,0,0,999.0,10240.0,39,19.049
2026-05-22T09:26:48.889346+00:00,scheduler,1,0,699.9,10240.0,39,27.387
2026-05-22T09:26:48.889346+00:00,scheduler,2,0,699.9,10240.0,47,112.546
2026-05-22T09:26:48.889346+00:00,scheduler,3,0,675.9,10240.0,54,101.958
2026-05-22T09:26:53.890052+00:00,scheduler,0,0,999.0,10240.0,38,18.665
2026-05-22T09:26:53.890052+00:00,scheduler,1,0,699.9,10240.0,38,27.548
2026-05-22T09:26:53.890052+00:00,scheduler,2,0,699.9,10240.0,46,96.03
2026-05-22T09:26:53.890052+00:00,scheduler,3,0,675.9,10240.0,46,24.918
2026-05-22T09:26:58.890710+00:00,scheduler,0,0,999.0,10240.0,38,18.626
2026-05-22T09:26:58.890710+00:00,scheduler,1,0,699.9,10240.0,38,27.171
2026-05-22T09:26:58.890710+00:00,scheduler,2,0,699.9,10240.0,45,95.829
2026-05-22T09:26:58.890710+00:00,scheduler,3,0,675.9,10240.0,45,24.721
2026-05-22T09:27:03.891371+00:00,scheduler,0,93,9001.0,10240.0,47,164.572
2026-05-22T09:27:03.891371+00:00,scheduler,1,0,699.9,10240.0,37,27.354
2026-05-22T09:27:03.891371+00:00,scheduler,2,0,699.9,10240.0,45,95.582
2026-05-22T09:27:03.891371+00:00,scheduler,3,0,675.9,10240.0,44,24.878
2026-05-22T09:27:08.891954+00:00,scheduler,0,29,8161.0,10240.0,47,117.562
2026-05-22T09:27:08.891954+00:00,scheduler,1,10,8721.9,10240.0,47,187.589
2026-05-22T09:27:08.891954+00:00,scheduler,2,0,699.9,10240.0,40,22.846
2026-05-22T09:27:08.891954+00:00,scheduler,3,0,675.9,10240.0,43,24.979
2026-05-22T09:27:13.892564+00:00,scheduler,0,100,8749.0,10240.0,66,318.603
2026-05-22T09:27:13.892564+00:00,scheduler,1,33,8449.9,10240.0,45,119.101
2026-05-22T09:27:13.892564+00:00,scheduler,2,0,699.9,10240.0,39,23.167
2026-05-22T09:27:13.892564+00:00,scheduler,3,0,675.9,10240.0,43,24.882
2026-05-22T09:27:18.893143+00:00,scheduler,0,100,8749.0,10240.0,66,297.37
2026-05-22T09:27:18.893143+00:00,scheduler,1,100,8449.9,10240.0,69,318.418
2026-05-22T09:27:18.893143+00:00,scheduler,2,0,699.9,10240.0,39,22.958
2026-05-22T09:27:18.893143+00:00,scheduler,3,0,675.9,10240.0,42,25.07
2026-05-22T09:27:23.893782+00:00,scheduler,0,10,8749.0,10240.0,55,128.221
2026-05-22T09:27:23.893782+00:00,scheduler,1,100,8449.9,10240.0,71,319.026
2026-05-22T09:27:23.893782+00:00,scheduler,2,0,699.9,10240.0,38,22.776
2026-05-22T09:27:23.893782+00:00,scheduler,3,0,675.9,10240.0,42,25.077
2026-05-22T09:27:28.894405+00:00,scheduler,0,1,999.0,10240.0,51,134.432
2026-05-22T09:27:28.894405+00:00,scheduler,1,10,8449.9,10240.0,52,123.099
2026-05-22T09:27:28.894405+00:00,scheduler,2,31,8701.9,10240.0,48,146.777
2026-05-22T09:27:28.894405+00:00,scheduler,3,0,675.9,10240.0,41,24.906
2026-05-22T09:27:33.895222+00:00,scheduler,0,0,999.0,10240.0,48,93.777
2026-05-22T09:27:33.895222+00:00,scheduler,1,0,699.9,10240.0,50,122.169
2026-05-22T09:27:33.895222+00:00,scheduler,2,8,973.9,10240.0,43,94.701
2026-05-22T09:27:33.895222+00:00,scheduler,3,37,5929.9,10240.0,48,100.004
2026-05-22T09:27:38.895811+00:00,scheduler,0,0,999.0,10240.0,47,93.382
2026-05-22T09:27:38.895811+00:00,scheduler,1,0,699.9,10240.0,48,97.956
2026-05-22T09:27:38.895811+00:00,scheduler,2,100,8449.9,10240.0,56,318.686
2026-05-22T09:27:38.895811+00:00,scheduler,3,35,4489.9,10240.0,54,128.627
2026-05-22T09:27:43.896430+00:00,scheduler,0,0,999.0,10240.0,47,93.007
2026-05-22T09:27:43.896430+00:00,scheduler,1,0,699.9,10240.0,47,98.135
2026-05-22T09:27:43.896430+00:00,scheduler,2,100,8449.9,10240.0,58,316.113
2026-05-22T09:27:43.896430+00:00,scheduler,3,100,8425.9,10240.0,70,277.917
2026-05-22T09:27:48.897056+00:00,scheduler,0,0,999.0,10240.0,42,19.886
2026-05-22T09:27:48.897056+00:00,scheduler,1,0,699.9,10240.0,47,98.156
2026-05-22T09:27:48.897056+00:00,scheduler,2,100,8449.9,10240.0,59,318.216
2026-05-22T09:27:48.897056+00:00,scheduler,3,100,8425.9,10240.0,70,263.291
2026-05-22T09:27:53.897688+00:00,scheduler,0,0,999.0,10240.0,40,19.229
2026-05-22T09:27:53.897688+00:00,scheduler,1,0,699.9,10240.0,40,27.762
2026-05-22T09:27:53.897688+00:00,scheduler,2,11,8269.9,10240.0,47,97.1
2026-05-22T09:27:53.897688+00:00,scheduler,3,100,8425.9,10240.0,70,252.581
2026-05-22T09:27:58.898367+00:00,scheduler,0,0,999.0,10240.0,39,18.83
2026-05-22T09:27:58.898367+00:00,scheduler,1,0,699.9,10240.0,40,27.351
2026-05-22T09:27:58.898367+00:00,scheduler,2,0,699.9,10240.0,46,96.468
2026-05-22T09:27:58.898367+00:00,scheduler,3,5,8425.9,10240.0,55,104.233
2026-05-22T09:28:03.898978+00:00,scheduler,0,0,999.0,10240.0,39,18.618
2026-05-22T09:28:03.898978+00:00,scheduler,1,0,699.9,10240.0,39,27.4
2026-05-22T09:28:03.898978+00:00,scheduler,2,0,699.9,10240.0,46,96.265
2026-05-22T09:28:03.898978+00:00,scheduler,3,0,675.9,10240.0,55,103.401
2026-05-22T09:28:08.899645+00:00,scheduler,0,37,5621.0,10240.0,42,55.068
2026-05-22T09:28:08.899645+00:00,scheduler,1,0,699.9,10240.0,38,27.317
2026-05-22T09:28:08.899645+00:00,scheduler,2,0,699.9,10240.0,45,96.045
2026-05-22T09:28:08.899645+00:00,scheduler,3,0,675.9,10240.0,54,102.981
2026-05-22T09:28:13.900288+00:00,scheduler,0,11,1789.0,10240.0,45,108.565
2026-05-22T09:28:13.900288+00:00,scheduler,1,0,699.9,10240.0,37,27.217
2026-05-22T09:28:13.900288+00:00,scheduler,2,0,699.9,10240.0,41,25.286
2026-05-22T09:28:13.900288+00:00,scheduler,3,0,675.9,10240.0,54,102.965
2026-05-22T09:28:18.900877+00:00,scheduler,0,100,8749.0,10240.0,64,319.722
2026-05-22T09:28:18.900877+00:00,scheduler,1,0,699.9,10240.0,37,27.415
2026-05-22T09:28:18.900877+00:00,scheduler,2,0,699.9,10240.0,40,23.538
2026-05-22T09:28:18.900877+00:00,scheduler,3,0,675.9,10240.0,48,27.607
2026-05-22T09:28:23.901533+00:00,scheduler,0,100,8749.0,10240.0,66,301.832
2026-05-22T09:28:23.901533+00:00,scheduler,1,0,699.9,10240.0,37,27.334
2026-05-22T09:28:23.901533+00:00,scheduler,2,0,699.9,10240.0,39,23.244
2026-05-22T09:28:23.901533+00:00,scheduler,3,0,675.9,10240.0,45,25.496
2026-05-22T09:28:28.902097+00:00,scheduler,0,100,8749.0,10240.0,67,292.457
2026-05-22T09:28:28.902097+00:00,scheduler,1,0,699.9,10240.0,36,27.32
2026-05-22T09:28:28.902097+00:00,scheduler,2,0,699.9,10240.0,38,23.156
2026-05-22T09:28:28.902097+00:00,scheduler,3,0,675.9,10240.0,44,25.363
2026-05-22T09:28:33.902641+00:00,scheduler,0,11,8749.0,10240.0,50,94.183
2026-05-22T09:28:33.902641+00:00,scheduler,1,0,699.9,10240.0,36,27.117
2026-05-22T09:28:33.902641+00:00,scheduler,2,0,699.9,10240.0,38,22.855
2026-05-22T09:28:33.902641+00:00,scheduler,3,0,675.9,10240.0,43,24.733
2026-05-22T09:28:38.903310+00:00,scheduler,0,0,999.0,10240.0,49,100.035
2026-05-22T09:28:38.903310+00:00,scheduler,1,0,699.9,10240.0,36,27.101
2026-05-22T09:28:38.903310+00:00,scheduler,2,0,699.9,10240.0,37,22.668
2026-05-22T09:28:38.903310+00:00,scheduler,3,0,675.9,10240.0,43,24.754
2026-05-22T09:28:43.903902+00:00,scheduler,0,0,999.0,10240.0,48,92.794
2026-05-22T09:28:43.903902+00:00,scheduler,1,33,8701.9,10240.0,41,97.597
2026-05-22T09:28:43.903902+00:00,scheduler,2,0,699.9,10240.0,37,22.658
2026-05-22T09:28:43.903902+00:00,scheduler,3,0,675.9,10240.0,42,24.916
2026-05-22T09:28:48.904601+00:00,scheduler,0,0,999.0,10240.0,47,93.241
2026-05-22T09:28:48.904601+00:00,scheduler,1,11,8701.9,10240.0,43,97.27
2026-05-22T09:28:48.904601+00:00,scheduler,2,0,699.9,10240.0,37,23.015
2026-05-22T09:28:48.904601+00:00,scheduler,3,39,8697.9,10240.0,54,128.031
2026-05-22T09:28:53.905144+00:00,scheduler,0,0,999.0,10240.0,43,59.026
2026-05-22T09:28:53.905144+00:00,scheduler,1,100,8449.9,10240.0,63,316.968
2026-05-22T09:28:53.905144+00:00,scheduler,2,0,699.9,10240.0,36,22.845
2026-05-22T09:28:53.905144+00:00,scheduler,3,100,8425.9,10240.0,72,316.883
2026-05-22T09:28:58.905665+00:00,scheduler,0,0,999.0,10240.0,41,19.741
2026-05-22T09:28:58.905665+00:00,scheduler,1,100,8449.9,10240.0,69,316.318
2026-05-22T09:28:58.905665+00:00,scheduler,2,0,699.9,10240.0,36,22.9
2026-05-22T09:28:58.905665+00:00,scheduler,3,100,8425.9,10240.0,70,261.176
2026-05-22T09:29:03.906208+00:00,scheduler,0,0,999.0,10240.0,40,19.333
2026-05-22T09:29:03.906208+00:00,scheduler,1,100,8449.9,10240.0,70,318.848
2026-05-22T09:29:03.906208+00:00,scheduler,2,0,699.9,10240.0,36,22.935
2026-05-22T09:29:03.906208+00:00,scheduler,3,100,8425.9,10240.0,71,260.433
2026-05-22T09:29:08.906797+00:00,scheduler,0,0,999.0,10240.0,39,18.97
2026-05-22T09:29:08.906797+00:00,scheduler,1,11,8449.9,10240.0,49,98.905
2026-05-22T09:29:08.906797+00:00,scheduler,2,0,699.9,10240.0,36,22.692
2026-05-22T09:29:08.906797+00:00,scheduler,3,10,8425.9,10240.0,57,109.433
2026-05-22T09:29:13.907441+00:00,scheduler,0,0,999.0,10240.0,38,18.885
2026-05-22T09:29:13.907441+00:00,scheduler,1,0,699.9,10240.0,48,109.136
2026-05-22T09:29:13.907441+00:00,scheduler,2,0,699.9,10240.0,35,22.454
2026-05-22T09:29:13.907441+00:00,scheduler,3,0,675.9,10240.0,56,121.663
2026-05-22T09:29:18.908057+00:00,scheduler,0,0,999.0,10240.0,38,18.652
2026-05-22T09:29:18.908057+00:00,scheduler,1,0,699.9,10240.0,47,97.752
2026-05-22T09:29:18.908057+00:00,scheduler,2,0,699.9,10240.0,35,22.56
2026-05-22T09:29:18.908057+00:00,scheduler,3,0,675.9,10240.0,55,103.59
2026-05-22T09:29:23.908628+00:00,scheduler,0,0,999.0,10240.0,37,18.536
2026-05-22T09:29:23.908628+00:00,scheduler,1,0,699.9,10240.0,46,98.49
2026-05-22T09:29:23.908628+00:00,scheduler,2,0,699.9,10240.0,35,22.383
2026-05-22T09:29:23.908628+00:00,scheduler,3,0,675.9,10240.0,54,103.009
2026-05-22T09:29:28.909263+00:00,scheduler,0,0,999.0,10240.0,37,18.611
2026-05-22T09:29:28.909263+00:00,scheduler,1,0,699.9,10240.0,46,98.445
2026-05-22T09:29:28.909263+00:00,scheduler,2,0,699.9,10240.0,35,22.338
2026-05-22T09:29:28.909263+00:00,scheduler,3,0,675.9,10240.0,50,92.711
2026-05-22T09:29:33.909831+00:00,scheduler,0,0,999.0,10240.0,37,18.858
2026-05-22T09:29:33.909831+00:00,scheduler,1,0,699.9,10240.0,40,27.368
2026-05-22T09:29:33.909831+00:00,scheduler,2,43,8721.9,10240.0,41,111.532
2026-05-22T09:29:33.909831+00:00,scheduler,3,0,675.9,10240.0,46,25.044
2026-05-22T09:29:38.910427+00:00,scheduler,0,0,999.0,10240.0,36,18.524
2026-05-22T09:29:38.910427+00:00,scheduler,1,0,699.9,10240.0,39,27.366
2026-05-22T09:29:38.910427+00:00,scheduler,2,100,8449.9,10240.0,53,219.459
2026-05-22T09:29:38.910427+00:00,scheduler,3,0,675.9,10240.0,45,25.299
2026-05-22T09:29:43.911066+00:00,scheduler,0,0,999.0,10240.0,36,18.979
2026-05-22T09:29:43.911066+00:00,scheduler,1,23,4885.9,10240.0,43,77.083
2026-05-22T09:29:43.911066+00:00,scheduler,2,100,8449.9,10240.0,56,318.488
2026-05-22T09:29:43.911066+00:00,scheduler,3,0,675.9,10240.0,44,25.287
2026-05-22T09:29:48.911669+00:00,scheduler,0,0,999.0,10240.0,36,19.031
2026-05-22T09:29:48.911669+00:00,scheduler,1,11,8701.9,10240.0,45,98.361
2026-05-22T09:29:48.911669+00:00,scheduler,2,100,8449.9,10240.0,57,318.368
2026-05-22T09:29:48.911669+00:00,scheduler,3,0,675.9,10240.0,43,25.213
2026-05-22T09:29:53.912289+00:00,scheduler,0,0,999.0,10240.0,36,18.52
2026-05-22T09:29:53.912289+00:00,scheduler,1,62,8449.9,10240.0,60,199.253
2026-05-22T09:29:53.912289+00:00,scheduler,2,10,8449.9,10240.0,46,96.906
2026-05-22T09:29:53.912289+00:00,scheduler,3,0,675.9,10240.0,43,25.174
2026-05-22T09:29:58.912821+00:00,scheduler,0,0,999.0,10240.0,35,18.865
2026-05-22T09:29:58.912821+00:00,scheduler,1,100,8449.9,10240.0,70,317.57
2026-05-22T09:29:58.912821+00:00,scheduler,2,0,699.9,10240.0,45,104.679
2026-05-22T09:29:58.912821+00:00,scheduler,3,0,675.9,10240.0,42,25.253
2026-05-22T09:30:03.913386+00:00,scheduler,0,0,999.0,10240.0,35,18.937
2026-05-22T09:30:03.913386+00:00,scheduler,1,100,8449.9,10240.0,71,318.854
2026-05-22T09:30:03.913386+00:00,scheduler,2,0,699.9,10240.0,45,95.558
2026-05-22T09:30:03.913386+00:00,scheduler,3,0,675.9,10240.0,42,25.229
2026-05-22T09:30:08.914091+00:00,scheduler,0,0,999.0,10240.0,35,18.47
2026-05-22T09:30:08.914091+00:00,scheduler,1,10,8449.9,10240.0,51,106.795
2026-05-22T09:30:08.914091+00:00,scheduler,2,0,699.9,10240.0,44,95.507
2026-05-22T09:30:08.914091+00:00,scheduler,3,0,675.9,10240.0,41,24.98
2026-05-22T09:30:13.914896+00:00,scheduler,0,0,1741.0,10240.0,36,19.099
2026-05-22T09:30:13.914896+00:00,scheduler,1,0,699.9,10240.0,51,121.807
2026-05-22T09:30:13.914896+00:00,scheduler,2,0,699.9,10240.0,44,95.522
2026-05-22T09:30:13.914896+00:00,scheduler,3,0,675.9,10240.0,41,24.861
2026-05-22T09:30:18.915535+00:00,scheduler,0,10,9001.0,10240.0,42,101.982
2026-05-22T09:30:18.915535+00:00,scheduler,1,0,699.9,10240.0,48,98.499
2026-05-22T09:30:18.915535+00:00,scheduler,2,0,699.9,10240.0,39,23.029
2026-05-22T09:30:18.915535+00:00,scheduler,3,36,5501.9,10240.0,48,57.759
2026-05-22T09:30:23.916102+00:00,scheduler,0,33,8749.0,10240.0,47,122.052
2026-05-22T09:30:23.916102+00:00,scheduler,1,0,699.9,10240.0,47,98.004
2026-05-22T09:30:23.916102+00:00,scheduler,2,0,699.9,10240.0,39,22.96
2026-05-22T09:30:23.916102+00:00,scheduler,3,34,4977.9,10240.0,54,128.941
2026-05-22T09:30:28.916694+00:00,scheduler,0,100,8749.0,10240.0,64,318.889
2026-05-22T09:30:28.916694+00:00,scheduler,1,0,699.9,10240.0,47,97.707
2026-05-22T09:30:28.916694+00:00,scheduler,2,0,699.9,10240.0,38,22.929
2026-05-22T09:30:28.916694+00:00,scheduler,3,100,8425.9,10240.0,70,274.877
2026-05-22T09:30:33.917339+00:00,scheduler,0,100,8749.0,10240.0,65,301.762
2026-05-22T09:30:33.917339+00:00,scheduler,1,0,699.9,10240.0,41,27.746
2026-05-22T09:30:33.917339+00:00,scheduler,2,59,8531.9,10240.0,43,107.069
2026-05-22T09:30:33.917339+00:00,scheduler,3,100,8425.9,10240.0,70,264.825
2026-05-22T09:30:38.917929+00:00,scheduler,0,13,8749.0,10240.0,51,119.893
2026-05-22T09:30:38.917929+00:00,scheduler,1,0,1549.9,10240.0,40,27.804
2026-05-22T09:30:38.917929+00:00,scheduler,2,9,8701.9,10240.0,43,95.201
2026-05-22T09:30:38.917929+00:00,scheduler,3,100,8425.9,10240.0,66,248.418
2026-05-22T09:30:43.918701+00:00,scheduler,0,0,999.0,10240.0,49,117.929
2026-05-22T09:30:43.918701+00:00,scheduler,1,11,8701.9,10240.0,46,108.621
2026-05-22T09:30:43.918701+00:00,scheduler,2,100,8449.9,10240.0,56,318.633
2026-05-22T09:30:43.918701+00:00,scheduler,3,10,1955.9,10240.0,55,104.39
2026-05-22T09:30:48.919419+00:00,scheduler,0,0,999.0,10240.0,47,93.362
2026-05-22T09:30:48.919419+00:00,scheduler,1,31,8449.9,10240.0,48,121.418
2026-05-22T09:30:48.919419+00:00,scheduler,2,100,8449.9,10240.0,58,316.935
2026-05-22T09:30:48.919419+00:00,scheduler,3,0,675.9,10240.0,54,103.311
2026-05-22T09:30:53.920151+00:00,scheduler,0,0,999.0,10240.0,46,93.141
2026-05-22T09:30:53.920151+00:00,scheduler,1,100,8449.9,10240.0,69,316.797
2026-05-22T09:30:53.920151+00:00,scheduler,2,100,8449.9,10240.0,54,305.039
2026-05-22T09:30:53.920151+00:00,scheduler,3,0,675.9,10240.0,54,103.021
2026-05-22T09:30:58.920883+00:00,scheduler,0,0,999.0,10240.0,46,92.925
2026-05-22T09:30:58.920883+00:00,scheduler,1,100,8449.9,10240.0,71,317.911
2026-05-22T09:30:58.920883+00:00,scheduler,2,9,8449.9,10240.0,47,95.483
2026-05-22T09:30:58.920883+00:00,scheduler,3,0,675.9,10240.0,54,102.877
2026-05-22T09:31:03.921531+00:00,scheduler,0,0,999.0,10240.0,40,19.025
2026-05-22T09:31:03.921531+00:00,scheduler,1,12,8449.9,10240.0,53,122.315
2026-05-22T09:31:03.921531+00:00,scheduler,2,0,699.9,10240.0,46,100.634
2026-05-22T09:31:03.921531+00:00,scheduler,3,0,675.9,10240.0,46,25.224
2026-05-22T09:31:08.922187+00:00,scheduler,0,0,999.0,10240.0,39,19.045
2026-05-22T09:31:08.922187+00:00,scheduler,1,67,699.9,10240.0,52,122.393
2026-05-22T09:31:08.922187+00:00,scheduler,2,0,699.9,10240.0,46,96.29
2026-05-22T09:31:08.922187+00:00,scheduler,3,0,675.9,10240.0,45,25.29
2026-05-22T09:31:13.922884+00:00,scheduler,0,0,999.0,10240.0,38,18.793
2026-05-22T09:31:13.922884+00:00,scheduler,1,0,699.9,10240.0,49,99.772
2026-05-22T09:31:13.922884+00:00,scheduler,2,0,699.9,10240.0,45,96.194
2026-05-22T09:31:13.922884+00:00,scheduler,3,0,675.9,10240.0,44,24.823
2026-05-22T09:31:18.923590+00:00,scheduler,0,0,999.0,10240.0,38,18.536
2026-05-22T09:31:18.923590+00:00,scheduler,1,0,699.9,10240.0,48,99.584
2026-05-22T09:31:18.923590+00:00,scheduler,2,0,699.9,10240.0,41,57.483
2026-05-22T09:31:18.923590+00:00,scheduler,3,0,675.9,10240.0,43,24.715
2026-05-22T09:31:23.924289+00:00,scheduler,0,28,8831.0,10240.0,43,91.851
2026-05-22T09:31:23.924289+00:00,scheduler,1,0,699.9,10240.0,47,99.45
2026-05-22T09:31:23.924289+00:00,scheduler,2,0,699.9,10240.0,40,23.185
2026-05-22T09:31:23.924289+00:00,scheduler,3,0,675.9,10240.0,43,25.126
2026-05-22T09:31:28.926285+00:00,scheduler,0,9,9001.0,10240.0,44,92.367
2026-05-22T09:31:28.926285+00:00,scheduler,1,0,699.9,10240.0,42,30.217
2026-05-22T09:31:28.926285+00:00,scheduler,2,0,699.9,10240.0,39,22.827
2026-05-22T09:31:28.926285+00:00,scheduler,3,9,8677.9,10240.0,54,136.265
2026-05-22T09:31:33.926965+00:00,scheduler,0,100,8749.0,10240.0,61,263.957
2026-05-22T09:31:33.926965+00:00,scheduler,1,0,699.9,10240.0,40,27.575
2026-05-22T09:31:33.926965+00:00,scheduler,2,0,699.9,10240.0,39,23.065
2026-05-22T09:31:33.926965+00:00,scheduler,3,30,8425.9,10240.0,64,160.351
2026-05-22T09:31:38.937143+00:00,scheduler,0,100,8749.0,10240.0,66,315.924
2026-05-22T09:31:38.937143+00:00,scheduler,1,0,699.9,10240.0,39,27.667
2026-05-22T09:31:38.937143+00:00,scheduler,2,0,699.9,10240.0,38,22.987
2026-05-22T09:31:38.937143+00:00,scheduler,3,100,8425.9,10240.0,70,263.531
2026-05-22T09:31:43.937848+00:00,scheduler,0,100,8749.0,10240.0,67,292.44
2026-05-22T09:31:43.937848+00:00,scheduler,1,0,699.9,10240.0,38,27.778
2026-05-22T09:31:43.937848+00:00,scheduler,2,0,699.9,10240.0,38,23.058
2026-05-22T09:31:43.937848+00:00,scheduler,3,100,8425.9,10240.0,70,260.194
2026-05-22T09:31:48.938481+00:00,scheduler,0,11,8749.0,10240.0,51,104.591
2026-05-22T09:31:48.938481+00:00,scheduler,1,0,699.9,10240.0,38,27.549
2026-05-22T09:31:48.938481+00:00,scheduler,2,0,699.9,10240.0,37,22.925
2026-05-22T09:31:48.938481+00:00,scheduler,3,19,8425.9,10240.0,61,134.258
2026-05-22T09:31:53.939175+00:00,scheduler,0,0,999.0,10240.0,51,119.473
2026-05-22T09:31:53.939175+00:00,scheduler,1,0,699.9,10240.0,37,27.53
2026-05-22T09:31:53.939175+00:00,scheduler,2,0,699.9,10240.0,37,22.799
2026-05-22T09:31:53.939175+00:00,scheduler,3,0,675.9,10240.0,58,143.995
2026-05-22T09:31:58.939762+00:00,scheduler,0,0,999.0,10240.0,48,93.454
2026-05-22T09:31:58.939762+00:00,scheduler,1,0,699.9,10240.0,37,27.417
2026-05-22T09:31:58.939762+00:00,scheduler,2,47,8721.9,10240.0,50,155.244
2026-05-22T09:31:58.939762+00:00,scheduler,3,0,675.9,10240.0,55,103.642
2026-05-22T09:32:03.940399+00:00,scheduler,0,0,999.0,10240.0,47,92.929
2026-05-22T09:32:03.940399+00:00,scheduler,1,0,699.9,10240.0,36,27.467
2026-05-22T09:32:03.940399+00:00,scheduler,2,93,3039.9,10240.0,43,101.969
2026-05-22T09:32:03.940399+00:00,scheduler,3,0,675.9,10240.0,55,103.425
2026-05-22T09:32:08.941016+00:00,scheduler,0,0,999.0,10240.0,47,93.157
2026-05-22T09:32:08.941016+00:00,scheduler,1,0,699.9,10240.0,36,27.506
2026-05-22T09:32:08.941016+00:00,scheduler,2,100,8449.9,10240.0,56,318.8
2026-05-22T09:32:08.941016+00:00,scheduler,3,0,675.9,10240.0,54,103.315
2026-05-22T09:32:13.942989+00:00,scheduler,0,0,999.0,10240.0,41,19.778
2026-05-22T09:32:13.942989+00:00,scheduler,1,0,699.9,10240.0,36,27.572
2026-05-22T09:32:13.942989+00:00,scheduler,2,100,8449.9,10240.0,57,319.135
2026-05-22T09:32:13.942989+00:00,scheduler,3,0,675.9,10240.0,47,25.675
2026-05-22T09:32:18.943616+00:00,scheduler,0,0,999.0,10240.0,40,19.178
2026-05-22T09:32:18.943616+00:00,scheduler,1,0,699.9,10240.0,36,27.234
2026-05-22T09:32:18.943616+00:00,scheduler,2,100,8449.9,10240.0,51,259.257
2026-05-22T09:32:18.943616+00:00,scheduler,3,0,675.9,10240.0,45,25.511
2026-05-22T09:32:23.944300+00:00,scheduler,0,0,999.0,10240.0,39,18.595
2026-05-22T09:32:23.944300+00:00,scheduler,1,0,699.9,10240.0,35,27.135
2026-05-22T09:32:23.944300+00:00,scheduler,2,10,1979.9,10240.0,46,97.173
2026-05-22T09:32:23.944300+00:00,scheduler,3,0,675.9,10240.0,44,24.923
2026-05-22T09:32:28.949457+00:00,scheduler,0,0,999.0,10240.0,39,18.334
2026-05-22T09:32:28.949457+00:00,scheduler,1,0,699.9,10240.0,35,27.218
2026-05-22T09:32:28.949457+00:00,scheduler,2,0,699.9,10240.0,46,96.676
2026-05-22T09:32:28.949457+00:00,scheduler,3,0,675.9,10240.0,44,24.795
2026-05-22T09:32:33.954341+00:00,scheduler,0,0,999.0,10240.0,38,18.395
2026-05-22T09:32:33.954341+00:00,scheduler,1,0,699.9,10240.0,35,27.18
2026-05-22T09:32:33.954341+00:00,scheduler,2,0,699.9,10240.0,45,96.18
2026-05-22T09:32:33.954341+00:00,scheduler,3,30,4473.9,10240.0,49,68.881
2026-05-22T09:32:38.957278+00:00,scheduler,0,0,999.0,10240.0,38,18.95
2026-05-22T09:32:38.957278+00:00,scheduler,1,10,8721.9,10240.0,45,169.137
2026-05-22T09:32:38.957278+00:00,scheduler,2,0,699.9,10240.0,45,95.888
2026-05-22T09:32:38.957278+00:00,scheduler,3,13,1051.9,10240.0,53,104.436
2026-05-22T09:32:43.959278+00:00,scheduler,0,0,999.0,10240.0,37,18.945
2026-05-22T09:32:43.959278+00:00,scheduler,1,30,6477.9,10240.0,44,118.703
2026-05-22T09:32:43.959278+00:00,scheduler,2,0,699.9,10240.0,41,29.688
2026-05-22T09:32:43.959278+00:00,scheduler,3,100,8425.9,10240.0,71,287.529
2026-05-22T09:32:48.959914+00:00,scheduler,0,0,999.0,10240.0,37,18.992
2026-05-22T09:32:48.959914+00:00,scheduler,1,100,8449.9,10240.0,67,318.964
2026-05-22T09:32:48.959914+00:00,scheduler,2,0,699.9,10240.0,40,23.432
2026-05-22T09:32:48.959914+00:00,scheduler,3,100,8425.9,10240.0,70,256.968
2026-05-22T09:32:53.960536+00:00,scheduler,0,0,999.0,10240.0,37,18.971
2026-05-22T09:32:53.960536+00:00,scheduler,1,100,8449.9,10240.0,70,318.043
2026-05-22T09:32:53.960536+00:00,scheduler,2,0,699.9,10240.0,39,23.347
2026-05-22T09:32:53.960536+00:00,scheduler,3,100,8425.9,10240.0,70,256.37
2026-05-22T09:32:58.961182+00:00,scheduler,0,0,999.0,10240.0,36,18.773
2026-05-22T09:32:58.961182+00:00,scheduler,1,12,8449.9,10240.0,54,126.758
2026-05-22T09:32:58.961182+00:00,scheduler,2,0,699.9,10240.0,38,23.096
2026-05-22T09:32:58.961182+00:00,scheduler,3,10,8425.9,10240.0,57,106.121
2026-05-22T09:33:03.961892+00:00,scheduler,0,0,999.0,10240.0,36,18.308
2026-05-22T09:33:03.961892+00:00,scheduler,1,100,699.9,10240.0,50,119.628
2026-05-22T09:33:03.961892+00:00,scheduler,2,0,699.9,10240.0,38,22.791
2026-05-22T09:33:03.961892+00:00,scheduler,3,0,675.9,10240.0,57,121.853
2026-05-22T09:33:08.962512+00:00,scheduler,0,94,9001.0,10240.0,46,159.56
2026-05-22T09:33:08.962512+00:00,scheduler,1,0,699.9,10240.0,47,98.695
2026-05-22T09:33:08.962512+00:00,scheduler,2,0,699.9,10240.0,37,22.992
2026-05-22T09:33:08.962512+00:00,scheduler,3,0,675.9,10240.0,55,104.0
2026-05-22T09:33:13.963209+00:00,scheduler,0,11,3031.0,10240.0,44,99.664
2026-05-22T09:33:13.963209+00:00,scheduler,1,0,699.9,10240.0,47,98.255
2026-05-22T09:33:13.963209+00:00,scheduler,2,30,8701.9,10240.0,42,95.235
2026-05-22T09:33:13.963209+00:00,scheduler,3,0,675.9,10240.0,55,103.841
2026-05-22T09:33:18.963799+00:00,scheduler,0,100,8749.0,10240.0,63,317.523
2026-05-22T09:33:18.963799+00:00,scheduler,1,0,699.9,10240.0,46,98.134
2026-05-22T09:33:18.963799+00:00,scheduler,2,32,5449.9,10240.0,44,111.796
2026-05-22T09:33:18.963799+00:00,scheduler,3,0,675.9,10240.0,49,81.47
2026-05-22T09:33:23.964499+00:00,scheduler,0,100,8749.0,10240.0,66,305.877
2026-05-22T09:33:23.964499+00:00,scheduler,1,0,699.9,10240.0,41,27.706
2026-05-22T09:33:23.964499+00:00,scheduler,2,100,8449.9,10240.0,57,318.582
2026-05-22T09:33:23.964499+00:00,scheduler,3,0,675.9,10240.0,46,25.484
2026-05-22T09:33:28.965189+00:00,scheduler,0,100,8749.0,10240.0,67,298.882
2026-05-22T09:33:28.965189+00:00,scheduler,1,0,699.9,10240.0,39,27.762
2026-05-22T09:33:28.965189+00:00,scheduler,2,100,8449.9,10240.0,58,317.924
2026-05-22T09:33:28.965189+00:00,scheduler,3,0,675.9,10240.0,45,25.319
2026-05-22T09:33:33.971072+00:00,scheduler,0,10,8749.0,10240.0,49,93.961
2026-05-22T09:33:33.971072+00:00,scheduler,1,0,699.9,10240.0,39,27.583
2026-05-22T09:33:33.971072+00:00,scheduler,2,12,8449.9,10240.0,49,124.57
2026-05-22T09:33:33.971072+00:00,scheduler,3,0,675.9,10240.0,44,25.611
2026-05-22T09:33:38.982728+00:00,scheduler,0,0,999.0,10240.0,48,100.89
2026-05-22T09:33:38.982728+00:00,scheduler,1,0,699.9,10240.0,38,27.527
2026-05-22T09:33:38.982728+00:00,scheduler,2,8,699.9,10240.0,49,114.945
2026-05-22T09:33:38.982728+00:00,scheduler,3,0,675.9,10240.0,44,24.931
2026-05-22T09:33:43.983398+00:00,scheduler,0,0,999.0,10240.0,47,92.874
2026-05-22T09:33:43.983398+00:00,scheduler,1,0,699.9,10240.0,37,27.298
2026-05-22T09:33:43.983398+00:00,scheduler,2,0,699.9,10240.0,46,96.445
2026-05-22T09:33:43.983398+00:00,scheduler,3,0,675.9,10240.0,43,25.015
2026-05-22T09:33:48.984047+00:00,scheduler,0,0,999.0,10240.0,47,92.774
2026-05-22T09:33:48.984047+00:00,scheduler,1,0,699.9,10240.0,37,27.461
2026-05-22T09:33:48.984047+00:00,scheduler,2,0,699.9,10240.0,46,96.189
2026-05-22T09:33:48.984047+00:00,scheduler,3,0,675.9,10240.0,43,24.845
2026-05-22T09:33:53.984681+00:00,scheduler,0,0,999.0,10240.0,42,58.437
2026-05-22T09:33:53.984681+00:00,scheduler,1,0,699.9,10240.0,37,27.137
2026-05-22T09:33:53.984681+00:00,scheduler,2,0,699.9,10240.0,45,96.273
2026-05-22T09:33:53.984681+00:00,scheduler,3,0,675.9,10240.0,42,24.769
2026-05-22T09:33:58.985303+00:00,scheduler,0,0,999.0,10240.0,40,18.902
2026-05-22T09:33:58.985303+00:00,scheduler,1,0,699.9,10240.0,36,27.36
2026-05-22T09:33:58.985303+00:00,scheduler,2,0,699.9,10240.0,41,24.183
2026-05-22T09:33:58.985303+00:00,scheduler,3,0,675.9,10240.0,42,24.872
2026-05-22T09:34:03.985943+00:00,scheduler,0,0,999.0,10240.0,39,18.51
2026-05-22T09:34:03.985943+00:00,scheduler,1,0,699.9,10240.0,36,27.287
2026-05-22T09:34:03.985943+00:00,scheduler,2,0,699.9,10240.0,40,23.185
2026-05-22T09:34:03.985943+00:00,scheduler,3,0,675.9,10240.0,41,24.781
2026-05-22T09:34:08.986530+00:00,scheduler,0,0,999.0,10240.0,39,18.773
2026-05-22T09:34:08.986530+00:00,scheduler,1,0,699.9,10240.0,36,27.136
2026-05-22T09:34:08.986530+00:00,scheduler,2,0,699.9,10240.0,39,22.688
2026-05-22T09:34:08.986530+00:00,scheduler,3,0,675.9,10240.0,41,24.708
2026-05-22T09:34:13.987169+00:00,scheduler,0,0,999.0,10240.0,38,18.463
2026-05-22T09:34:13.987169+00:00,scheduler,1,0,699.9,10240.0,36,27.062
2026-05-22T09:34:13.987169+00:00,scheduler,2,0,699.9,10240.0,39,22.848
2026-05-22T09:34:13.987169+00:00,scheduler,3,0,675.9,10240.0,41,24.672
2026-05-22T09:34:18.987791+00:00,scheduler,0,0,999.0,10240.0,38,18.695
2026-05-22T09:34:18.987791+00:00,scheduler,1,15,8701.9,10240.0,44,118.952
2026-05-22T09:34:18.987791+00:00,scheduler,2,0,699.9,10240.0,38,22.754
2026-05-22T09:34:18.987791+00:00,scheduler,3,0,675.9,10240.0,41,24.925
2026-05-22T09:34:23.996910+00:00,scheduler,0,0,999.0,10240.0,37,18.682
2026-05-22T09:34:23.996910+00:00,scheduler,1,30,7555.9,10240.0,45,117.586
2026-05-22T09:34:23.996910+00:00,scheduler,2,13,8701.9,10240.0,43,106.79
2026-05-22T09:34:23.996910+00:00,scheduler,3,0,675.9,10240.0,40,24.932
2026-05-22T09:34:28.997517+00:00,scheduler,0,0,999.0,10240.0,37,18.942
2026-05-22T09:34:28.997517+00:00,scheduler,1,100,8449.9,10240.0,68,316.434
2026-05-22T09:34:28.997517+00:00,scheduler,2,100,8449.9,10240.0,55,262.826
2026-05-22T09:34:28.997517+00:00,scheduler,3,0,675.9,10240.0,40,24.978
2026-05-22T09:34:33.998150+00:00,scheduler,0,0,999.0,10240.0,37,19.116
2026-05-22T09:34:33.998150+00:00,scheduler,1,100,8449.9,10240.0,70,317.629
2026-05-22T09:34:33.998150+00:00,scheduler,2,100,8449.9,10240.0,57,318.131
2026-05-22T09:34:33.998150+00:00,scheduler,3,10,8697.9,10240.0,53,171.779
2026-05-22T09:34:38.998804+00:00,scheduler,0,0,999.0,10240.0,36,18.865
2026-05-22T09:34:38.998804+00:00,scheduler,1,10,8449.9,10240.0,53,125.112
2026-05-22T09:34:38.998804+00:00,scheduler,2,100,8449.9,10240.0,59,318.155
2026-05-22T09:34:38.998804+00:00,scheduler,3,100,8425.9,10240.0,71,318.454
2026-05-22T09:34:43.999334+00:00,scheduler,0,0,999.0,10240.0,36,19.095
2026-05-22T09:34:43.999334+00:00,scheduler,1,1,699.9,10240.0,50,135.937
2026-05-22T09:34:43.999334+00:00,scheduler,2,10,8449.9,10240.0,47,96.211
2026-05-22T09:34:43.999334+00:00,scheduler,3,100,8425.9,10240.0,70,268.405
2026-05-22T09:34:48.999904+00:00,scheduler,0,0,999.0,10240.0,36,18.877
2026-05-22T09:34:48.999904+00:00,scheduler,1,0,699.9,10240.0,47,98.51
2026-05-22T09:34:48.999904+00:00,scheduler,2,0,699.9,10240.0,48,114.075
2026-05-22T09:34:48.999904+00:00,scheduler,3,100,8425.9,10240.0,70,262.142
2026-05-22T09:34:54.000529+00:00,scheduler,0,0,999.0,10240.0,36,18.606
2026-05-22T09:34:54.000529+00:00,scheduler,1,0,699.9,10240.0,47,98.347
2026-05-22T09:34:54.000529+00:00,scheduler,2,0,699.9,10240.0,46,96.293
2026-05-22T09:34:54.000529+00:00,scheduler,3,10,8425.9,10240.0,56,110.776
2026-05-22T09:34:59.001237+00:00,scheduler,0,0,999.0,10240.0,36,18.403
2026-05-22T09:34:59.001237+00:00,scheduler,1,0,699.9,10240.0,47,98.436
2026-05-22T09:34:59.001237+00:00,scheduler,2,0,699.9,10240.0,46,96.118
2026-05-22T09:34:59.001237+00:00,scheduler,3,0,675.9,10240.0,57,129.296
2026-05-22T09:35:04.001855+00:00,scheduler,0,0,999.0,10240.0,35,18.331
2026-05-22T09:35:04.001855+00:00,scheduler,1,0,699.9,10240.0,41,27.641
2026-05-22T09:35:04.001855+00:00,scheduler,2,0,699.9,10240.0,46,96.069
2026-05-22T09:35:04.001855+00:00,scheduler,3,0,675.9,10240.0,54,103.039
2026-05-22T09:35:09.002498+00:00,scheduler,0,0,999.0,10240.0,35,18.03
2026-05-22T09:35:09.002498+00:00,scheduler,1,0,699.9,10240.0,39,27.401
2026-05-22T09:35:09.002498+00:00,scheduler,2,0,699.9,10240.0,40,22.807
2026-05-22T09:35:09.002498+00:00,scheduler,3,0,675.9,10240.0,54,102.909
2026-05-22T09:35:14.003204+00:00,scheduler,0,0,999.0,10240.0,35,17.934
2026-05-22T09:35:14.003204+00:00,scheduler,1,0,699.9,10240.0,39,27.291
2026-05-22T09:35:14.003204+00:00,scheduler,2,0,699.9,10240.0,40,22.937
2026-05-22T09:35:14.003204+00:00,scheduler,3,0,675.9,10240.0,54,102.683
2026-05-22T09:35:19.003756+00:00,scheduler,0,0,999.0,10240.0,35,18.111
2026-05-22T09:35:19.003756+00:00,scheduler,1,0,699.9,10240.0,38,27.279
2026-05-22T09:35:19.003756+00:00,scheduler,2,0,699.9,10240.0,39,22.978
2026-05-22T09:35:19.003756+00:00,scheduler,3,0,675.9,10240.0,45,24.973
2026-05-22T09:35:24.004373+00:00,scheduler,0,30,9001.0,10240.0,40,91.123
2026-05-22T09:35:24.004373+00:00,scheduler,1,0,699.9,10240.0,38,27.106
2026-05-22T09:35:24.004373+00:00,scheduler,2,0,699.9,10240.0,38,22.789
2026-05-22T09:35:24.004373+00:00,scheduler,3,0,675.9,10240.0,44,25.141
2026-05-22T09:35:29.005072+00:00,scheduler,0,60,4651.0,10240.0,43,103.484
2026-05-22T09:35:29.005072+00:00,scheduler,1,0,699.9,10240.0,37,27.097
2026-05-22T09:35:29.005072+00:00,scheduler,2,0,699.9,10240.0,38,22.807
2026-05-22T09:35:29.005072+00:00,scheduler,3,0,675.9,10240.0,44,24.78
2026-05-22T09:35:34.005701+00:00,scheduler,0,100,8749.0,10240.0,63,318.526
2026-05-22T09:35:34.005701+00:00,scheduler,1,0,699.9,10240.0,37,27.348
2026-05-22T09:35:34.005701+00:00,scheduler,2,0,699.9,10240.0,37,23.108
2026-05-22T09:35:34.005701+00:00,scheduler,3,0,4085.9,10240.0,48,45.738
2026-05-22T09:35:39.006309+00:00,scheduler,0,100,8749.0,10240.0,65,314.57
2026-05-22T09:35:39.006309+00:00,scheduler,1,0,699.9,10240.0,36,27.512
2026-05-22T09:35:39.006309+00:00,scheduler,2,0,699.9,10240.0,37,23.024
2026-05-22T09:35:39.006309+00:00,scheduler,3,96,4021.9,10240.0,55,130.23
2026-05-22T09:35:44.006913+00:00,scheduler,0,100,8749.0,10240.0,58,244.741
2026-05-22T09:35:44.006913+00:00,scheduler,1,0,699.9,10240.0,36,27.397
2026-05-22T09:35:44.006913+00:00,scheduler,2,32,8377.9,10240.0,41,95.113
2026-05-22T09:35:44.006913+00:00,scheduler,3,100,8425.9,10240.0,70,275.031
2026-05-22T09:35:49.007494+00:00,scheduler,0,11,1043.0,10240.0,48,94.902
2026-05-22T09:35:49.007494+00:00,scheduler,1,0,699.9,10240.0,36,27.397
2026-05-22T09:35:49.007494+00:00,scheduler,2,11,2155.9,10240.0,43,95.306
2026-05-22T09:35:49.007494+00:00,scheduler,3,100,8425.9,10240.0,70,257.722
2026-05-22T09:35:54.008084+00:00,scheduler,0,0,999.0,10240.0,47,93.821
2026-05-22T09:35:54.008084+00:00,scheduler,1,61,8701.9,10240.0,45,156.686
2026-05-22T09:35:54.008084+00:00,scheduler,2,100,8449.9,10240.0,56,318.555
2026-05-22T09:35:54.008084+00:00,scheduler,3,100,8425.9,10240.0,70,254.766
2026-05-22T09:35:59.008802+00:00,scheduler,0,0,999.0,10240.0,46,93.198
2026-05-22T09:35:59.008802+00:00,scheduler,1,32,5917.9,10240.0,45,118.272
2026-05-22T09:35:59.008802+00:00,scheduler,2,100,8449.9,10240.0,57,317.616
2026-05-22T09:35:59.008802+00:00,scheduler,3,10,8425.9,10240.0,56,105.336
2026-05-22T09:36:04.009399+00:00,scheduler,0,0,999.0,10240.0,46,92.907
2026-05-22T09:36:04.009399+00:00,scheduler,1,100,8449.9,10240.0,67,318.513
2026-05-22T09:36:04.009399+00:00,scheduler,2,100,8449.9,10240.0,53,284.955
2026-05-22T09:36:04.009399+00:00,scheduler,3,0,675.9,10240.0,56,112.381
2026-05-22T09:36:09.009963+00:00,scheduler,0,0,999.0,10240.0,41,21.407
2026-05-22T09:36:09.009963+00:00,scheduler,1,100,8449.9,10240.0,70,318.178
2026-05-22T09:36:09.009963+00:00,scheduler,2,10,743.9,10240.0,46,96.784
2026-05-22T09:36:09.009963+00:00,scheduler,3,0,675.9,10240.0,55,103.716
2026-05-22T09:36:14.010518+00:00,scheduler,0,0,999.0,10240.0,40,19.462
2026-05-22T09:36:14.010518+00:00,scheduler,1,10,8449.9,10240.0,54,134.503
2026-05-22T09:36:14.010518+00:00,scheduler,2,0,699.9,10240.0,46,96.246
2026-05-22T09:36:14.010518+00:00,scheduler,3,0,675.9,10240.0,55,103.527
2026-05-22T09:36:19.011306+00:00,scheduler,0,0,999.0,10240.0,39,18.681
2026-05-22T09:36:19.011306+00:00,scheduler,1,8,699.9,10240.0,51,119.456
2026-05-22T09:36:19.011306+00:00,scheduler,2,0,699.9,10240.0,45,96.09
2026-05-22T09:36:19.011306+00:00,scheduler,3,0,675.9,10240.0,48,53.377
2026-05-22T09:36:24.011937+00:00,scheduler,0,0,999.0,10240.0,38,18.541
2026-05-22T09:36:24.011937+00:00,scheduler,1,0,699.9,10240.0,47,98.542
2026-05-22T09:36:24.011937+00:00,scheduler,2,0,699.9,10240.0,45,95.959
2026-05-22T09:36:24.011937+00:00,scheduler,3,0,675.9,10240.0,46,25.24
2026-05-22T09:36:29.012574+00:00,scheduler,0,0,999.0,10240.0,38,18.45
2026-05-22T09:36:29.012574+00:00,scheduler,1,0,699.9,10240.0,47,98.113
2026-05-22T09:36:29.012574+00:00,scheduler,2,0,699.9,10240.0,41,25.265
2026-05-22T09:36:29.012574+00:00,scheduler,3,0,675.9,10240.0,45,24.982
2026-05-22T09:36:34.013307+00:00,scheduler,0,0,999.0,10240.0,37,18.47
2026-05-22T09:36:34.013307+00:00,scheduler,1,0,699.9,10240.0,46,97.951
2026-05-22T09:36:34.013307+00:00,scheduler,2,0,699.9,10240.0,40,23.024
2026-05-22T09:36:34.013307+00:00,scheduler,3,0,675.9,10240.0,44,24.819
2026-05-22T09:36:39.014036+00:00,scheduler,0,0,999.0,10240.0,37,18.356
2026-05-22T09:36:39.014036+00:00,scheduler,1,0,699.9,10240.0,42,29.518
2026-05-22T09:36:39.014036+00:00,scheduler,2,0,699.9,10240.0,39,22.756
2026-05-22T09:36:39.014036+00:00,scheduler,3,0,675.9,10240.0,43,24.629
2026-05-22T09:36:44.014597+00:00,scheduler,0,0,999.0,10240.0,37,18.35
2026-05-22T09:36:44.014597+00:00,scheduler,1,0,699.9,10240.0,40,27.165
2026-05-22T09:36:44.014597+00:00,scheduler,2,0,699.9,10240.0,38,22.7
2026-05-22T09:36:44.014597+00:00,scheduler,3,0,675.9,10240.0,43,24.588
2026-05-22T09:36:49.015187+00:00,scheduler,0,46,9001.0,10240.0,47,145.961
2026-05-22T09:36:49.015187+00:00,scheduler,1,0,699.9,10240.0,39,27.172
2026-05-22T09:36:49.015187+00:00,scheduler,2,0,699.9,10240.0,38,22.786
2026-05-22T09:36:49.015187+00:00,scheduler,3,0,675.9,10240.0,42,24.798
2026-05-22T09:36:54.015733+00:00,scheduler,0,45,5047.0,10240.0,45,108.794
2026-05-22T09:36:54.015733+00:00,scheduler,1,0,699.9,10240.0,38,27.244
2026-05-22T09:36:54.015733+00:00,scheduler,2,0,699.9,10240.0,38,22.66
2026-05-22T09:36:54.015733+00:00,scheduler,3,10,8677.9,10240.0,54,164.125
2026-05-22T09:36:59.016372+00:00,scheduler,0,100,8749.0,10240.0,64,318.455
2026-05-22T09:36:59.016372+00:00,scheduler,1,0,699.9,10240.0,38,27.422
2026-05-22T09:36:59.016372+00:00,scheduler,2,0,699.9,10240.0,37,22.991
2026-05-22T09:36:59.016372+00:00,scheduler,3,100,8425.9,10240.0,71,308.009
2026-05-22T09:37:04.016962+00:00,scheduler,0,100,8749.0,10240.0,66,306.896
2026-05-22T09:37:04.016962+00:00,scheduler,1,0,699.9,10240.0,37,27.268
2026-05-22T09:37:04.016962+00:00,scheduler,2,0,699.9,10240.0,37,22.981
2026-05-22T09:37:04.016962+00:00,scheduler,3,100,8425.9,10240.0,70,266.428
2026-05-22T09:37:09.017494+00:00,scheduler,0,96,8749.0,10240.0,58,222.362
2026-05-22T09:37:09.017494+00:00,scheduler,1,0,699.9,10240.0,37,27.415
2026-05-22T09:37:09.017494+00:00,scheduler,2,0,699.9,10240.0,36,22.93
2026-05-22T09:37:09.017494+00:00,scheduler,3,100,8425.9,10240.0,70,262.13
2026-05-22T09:37:14.018107+00:00,scheduler,0,10,1041.0,10240.0,49,95.01
2026-05-22T09:37:14.018107+00:00,scheduler,1,0,699.9,10240.0,36,27.261
2026-05-22T09:37:14.018107+00:00,scheduler,2,0,699.9,10240.0,36,22.813
2026-05-22T09:37:14.018107+00:00,scheduler,3,10,8425.9,10240.0,58,114.154
2026-05-22T09:37:19.018772+00:00,scheduler,0,0,999.0,10240.0,48,92.768
2026-05-22T09:37:19.018772+00:00,scheduler,1,0,699.9,10240.0,36,27.187
2026-05-22T09:37:19.018772+00:00,scheduler,2,0,699.9,10240.0,36,22.695
2026-05-22T09:37:19.018772+00:00,scheduler,3,0,675.9,10240.0,58,130.848
2026-05-22T09:37:24.019380+00:00,scheduler,0,0,999.0,10240.0,47,92.193
2026-05-22T09:37:24.019380+00:00,scheduler,1,0,699.9,10240.0,36,27.321
2026-05-22T09:37:24.019380+00:00,scheduler,2,10,8701.9,10240.0,42,164.598
2026-05-22T09:37:24.019380+00:00,scheduler,3,0,675.9,10240.0,55,103.568
2026-05-22T09:37:29.020014+00:00,scheduler,0,0,999.0,10240.0,47,92.088
2026-05-22T09:37:29.020014+00:00,scheduler,1,0,699.9,10240.0,36,27.272
2026-05-22T09:37:29.020014+00:00,scheduler,2,100,8449.9,10240.0,54,262.344
2026-05-22T09:37:29.020014+00:00,scheduler,3,0,675.9,10240.0,54,102.877
2026-05-22T09:37:34.020530+00:00,scheduler,0,0,999.0,10240.0,42,22.168
2026-05-22T09:37:34.020530+00:00,scheduler,1,0,699.9,10240.0,35,27.28
2026-05-22T09:37:34.020530+00:00,scheduler,2,100,8449.9,10240.0,56,317.624
2026-05-22T09:37:34.020530+00:00,scheduler,3,0,675.9,10240.0,54,102.592
2026-05-22T09:37:39.021102+00:00,scheduler,0,0,999.0,10240.0,40,19.494
2026-05-22T09:37:39.021102+00:00,scheduler,1,0,699.9,10240.0,35,27.399
2026-05-22T09:37:39.021102+00:00,scheduler,2,100,8449.9,10240.0,58,318.456
2026-05-22T09:37:39.021102+00:00,scheduler,3,0,675.9,10240.0,46,25.385
2026-05-22T09:37:44.021714+00:00,scheduler,0,0,999.0,10240.0,39,18.936
2026-05-22T09:37:44.021714+00:00,scheduler,1,32,8701.9,10240.0,48,116.135
2026-05-22T09:37:44.021714+00:00,scheduler,2,11,8449.9,10240.0,46,95.571
2026-05-22T09:37:44.021714+00:00,scheduler,3,0,675.9,10240.0,45,24.988
2026-05-22T09:37:49.022336+00:00,scheduler,0,0,999.0,10240.0,39,18.636
2026-05-22T09:37:49.022336+00:00,scheduler,1,31,8449.9,10240.0,44,118.236
2026-05-22T09:37:49.022336+00:00,scheduler,2,0,699.9,10240.0,47,112.796
2026-05-22T09:37:49.022336+00:00,scheduler,3,0,675.9,10240.0,44,25.095
2026-05-22T09:37:54.022973+00:00,scheduler,0,0,999.0,10240.0,38,19.08
2026-05-22T09:37:54.022973+00:00,scheduler,1,100,8449.9,10240.0,67,317.192
2026-05-22T09:37:54.022973+00:00,scheduler,2,0,699.9,10240.0,45,95.348
2026-05-22T09:37:54.022973+00:00,scheduler,3,0,675.9,10240.0,43,25.256
2026-05-22T09:37:59.023587+00:00,scheduler,0,0,999.0,10240.0,38,18.927
2026-05-22T09:37:59.023587+00:00,scheduler,1,100,8449.9,10240.0,70,318.515
2026-05-22T09:37:59.023587+00:00,scheduler,2,0,699.9,10240.0,45,95.572
2026-05-22T09:37:59.023587+00:00,scheduler,3,0,675.9,10240.0,43,24.876
2026-05-22T09:38:04.024140+00:00,scheduler,0,0,999.0,10240.0,37,18.777
2026-05-22T09:38:04.024140+00:00,scheduler,1,11,8449.9,10240.0,52,123.987
2026-05-22T09:38:04.024140+00:00,scheduler,2,0,699.9,10240.0,45,95.549
2026-05-22T09:38:04.024140+00:00,scheduler,3,0,675.9,10240.0,42,24.763
2026-05-22T09:38:09.024800+00:00,scheduler,0,0,999.0,10240.0,37,18.326
2026-05-22T09:38:09.024800+00:00,scheduler,1,1,699.9,10240.0,49,134.813
2026-05-22T09:38:09.024800+00:00,scheduler,2,0,699.9,10240.0,40,22.99
2026-05-22T09:38:09.024800+00:00,scheduler,3,0,675.9,10240.0,42,24.813
2026-05-22T09:38:14.025417+00:00,scheduler,0,0,1741.0,10240.0,37,18.293
2026-05-22T09:38:14.025417+00:00,scheduler,1,0,699.9,10240.0,47,98.239
2026-05-22T09:38:14.025417+00:00,scheduler,2,0,699.9,10240.0,39,22.855
2026-05-22T09:38:14.025417+00:00,scheduler,3,0,675.9,10240.0,42,24.504
2026-05-22T09:38:19.026054+00:00,scheduler,0,14,9021.0,10240.0,44,99.265
2026-05-22T09:38:19.026054+00:00,scheduler,1,0,699.9,10240.0,46,97.981
2026-05-22T09:38:19.026054+00:00,scheduler,2,0,699.9,10240.0,38,22.816
2026-05-22T09:38:19.026054+00:00,scheduler,3,0,675.9,10240.0,41,24.581
2026-05-22T09:38:24.026686+00:00,scheduler,0,32,8749.0,10240.0,56,166.884
2026-05-22T09:38:24.026686+00:00,scheduler,1,0,699.9,10240.0,46,97.748
2026-05-22T09:38:24.026686+00:00,scheduler,2,0,699.9,10240.0,38,22.702
2026-05-22T09:38:24.026686+00:00,scheduler,3,0,675.9,10240.0,41,24.612
2026-05-22T09:38:29.027236+00:00,scheduler,0,100,8749.0,10240.0,65,319.03
2026-05-22T09:38:29.027236+00:00,scheduler,1,0,699.9,10240.0,41,27.597
2026-05-22T09:38:29.027236+00:00,scheduler,2,10,8701.9,10240.0,44,159.86
2026-05-22T09:38:29.027236+00:00,scheduler,3,0,675.9,10240.0,41,24.953
2026-05-22T09:38:34.027849+00:00,scheduler,0,100,8749.0,10240.0,66,296.628
2026-05-22T09:38:34.027849+00:00,scheduler,1,0,699.9,10240.0,39,27.532
2026-05-22T09:38:34.027849+00:00,scheduler,2,32,8449.9,10240.0,43,112.328
2026-05-22T09:38:34.027849+00:00,scheduler,3,0,675.9,10240.0,41,24.75
2026-05-22T09:38:39.028441+00:00,scheduler,0,11,8749.0,10240.0,52,114.866
2026-05-22T09:38:39.028441+00:00,scheduler,1,0,699.9,10240.0,39,27.548
2026-05-22T09:38:39.028441+00:00,scheduler,2,100,8449.9,10240.0,57,316.245
2026-05-22T09:38:39.028441+00:00,scheduler,3,0,675.9,10240.0,40,24.737
2026-05-22T09:38:44.029026+00:00,scheduler,0,0,999.0,10240.0,50,119.096
2026-05-22T09:38:44.029026+00:00,scheduler,1,0,699.9,10240.0,38,27.514
2026-05-22T09:38:44.029026+00:00,scheduler,2,100,8449.9,10240.0,58,317.697
2026-05-22T09:38:44.029026+00:00,scheduler,3,0,675.9,10240.0,40,24.854
2026-05-22T09:38:49.029571+00:00,scheduler,0,0,999.0,10240.0,47,92.558
2026-05-22T09:38:49.029571+00:00,scheduler,1,38,5157.9,10240.0,42,56.639
2026-05-22T09:38:49.029571+00:00,scheduler,2,11,8449.9,10240.0,48,110.366
2026-05-22T09:38:49.029571+00:00,scheduler,3,0,675.9,10240.0,40,24.588
2026-05-22T09:38:54.030222+00:00,scheduler,0,0,999.0,10240.0,47,93.315
2026-05-22T09:38:54.030222+00:00,scheduler,1,10,757.9,10240.0,45,107.252
2026-05-22T09:38:54.030222+00:00,scheduler,2,0,699.9,10240.0,48,114.047
2026-05-22T09:38:54.030222+00:00,scheduler,3,0,675.9,10240.0,40,24.669
2026-05-22T09:38:59.030787+00:00,scheduler,0,0,999.0,10240.0,47,93.322
2026-05-22T09:38:59.030787+00:00,scheduler,1,100,8449.9,10240.0,66,318.599
2026-05-22T09:38:59.030787+00:00,scheduler,2,0,699.9,10240.0,46,95.788
2026-05-22T09:38:59.030787+00:00,scheduler,3,0,675.9,10240.0,40,24.888
2026-05-22T09:39:04.036513+00:00,scheduler,0,0,999.0,10240.0,41,19.786
2026-05-22T09:39:04.036513+00:00,scheduler,1,100,8449.9,10240.0,70,318.753
2026-05-22T09:39:04.036513+00:00,scheduler,2,0,699.9,10240.0,46,96.038
2026-05-22T09:39:04.036513+00:00,scheduler,3,0,675.9,10240.0,39,24.956
2026-05-22T09:39:09.037982+00:00,scheduler,0,0,999.0,10240.0,40,19.483
2026-05-22T09:39:09.037982+00:00,scheduler,1,100,8449.9,10240.0,71,318.859
2026-05-22T09:39:09.037982+00:00,scheduler,2,0,699.9,10240.0,46,96.007
2026-05-22T09:39:09.037982+00:00,scheduler,3,0,675.9,10240.0,39,24.885
2026-05-22T09:39:14.041246+00:00,scheduler,0,0,999.0,10240.0,39,18.997
2026-05-22T09:39:14.041246+00:00,scheduler,1,10,8449.9,10240.0,49,98.91
2026-05-22T09:39:14.041246+00:00,scheduler,2,0,699.9,10240.0,41,23.241
2026-05-22T09:39:14.041246+00:00,scheduler,3,25,8677.9,10240.0,60,148.601
2026-05-22T09:39:19.224189+00:00,scheduler,0,0,999.0,10240.0,38,18.92
2026-05-22T09:39:19.224189+00:00,scheduler,1,0,699.9,10240.0,48,98.252
2026-05-22T09:39:19.224189+00:00,scheduler,2,0,699.9,10240.0,39,22.946
2026-05-22T09:39:19.224189+00:00,scheduler,3,0,8677.9,10240.0,49,99.826
2026-05-22T09:39:27.880923+00:00,scheduler,0,0,999.0,10240.0,38,18.736
2026-05-22T09:39:27.880923+00:00,scheduler,1,0,699.9,10240.0,47,98.075
2026-05-22T09:39:27.880923+00:00,scheduler,2,0,699.9,10240.0,38,22.893
2026-05-22T09:39:27.880923+00:00,scheduler,3,0,8677.9,10240.0,50,100.33
2026-05-22T09:39:35.279867+00:00,scheduler,0,0,999.0,10240.0,37,18.687
2026-05-22T09:39:35.279867+00:00,scheduler,1,0,699.9,10240.0,41,27.548
2026-05-22T09:39:35.279867+00:00,scheduler,2,0,699.9,10240.0,38,22.765
2026-05-22T09:39:35.279867+00:00,scheduler,3,0,8677.9,10240.0,50,100.297
2026-05-22T09:39:41.544871+00:00,scheduler,0,0,999.0,10240.0,37,18.414
2026-05-22T09:39:41.544871+00:00,scheduler,1,0,699.9,10240.0,40,27.356
2026-05-22T09:39:41.544871+00:00,scheduler,2,0,699.9,10240.0,37,22.789
2026-05-22T09:39:41.544871+00:00,scheduler,3,0,8677.9,10240.0,51,100.441
2026-05-22T09:39:49.578538+00:00,scheduler,0,0,999.0,10240.0,36,18.467
2026-05-22T09:39:49.578538+00:00,scheduler,1,0,699.9,10240.0,39,27.311
2026-05-22T09:39:49.578538+00:00,scheduler,2,0,699.9,10240.0,37,22.845
2026-05-22T09:39:49.578538+00:00,scheduler,3,0,8677.9,10240.0,51,100.634
