timestamp,worker_id,gpu_id,util_percent,memory_used_mb,memory_total_mb,temp_c,power_w
2026-05-29T09:56:52.541247+00:00,scheduler,0,0,400.8,10240.0,29,33.083
2026-05-29T09:56:52.541247+00:00,scheduler,1,0,376.8,10240.0,31,24.74
2026-05-29T09:56:52.541247+00:00,scheduler,2,0,400.8,10240.0,30,25.64
2026-05-29T09:56:52.541247+00:00,scheduler,3,0,400.8,10240.0,30,31.641
2026-05-29T09:56:57.603420+00:00,scheduler,0,0,400.8,10240.0,29,33.168
2026-05-29T09:56:57.603420+00:00,scheduler,1,0,376.8,10240.0,31,24.987
2026-05-29T09:56:57.603420+00:00,scheduler,2,0,400.8,10240.0,30,25.68
2026-05-29T09:56:57.603420+00:00,scheduler,3,0,400.8,10240.0,30,31.909
2026-05-29T09:57:02.604455+00:00,scheduler,0,0,400.8,10240.0,29,33.257
2026-05-29T09:57:02.604455+00:00,scheduler,1,0,376.8,10240.0,32,24.947
2026-05-29T09:57:02.604455+00:00,scheduler,2,0,400.8,10240.0,30,25.591
2026-05-29T09:57:02.604455+00:00,scheduler,3,0,400.8,10240.0,30,31.666
2026-05-29T09:57:07.605916+00:00,scheduler,0,0,400.8,10240.0,29,32.994
2026-05-29T09:57:07.605916+00:00,scheduler,1,0,376.8,10240.0,32,25.246
2026-05-29T09:57:07.605916+00:00,scheduler,2,0,400.8,10240.0,30,25.665
2026-05-29T09:57:07.605916+00:00,scheduler,3,0,400.8,10240.0,31,31.716
2026-05-29T09:57:12.606727+00:00,scheduler,0,0,400.8,10240.0,29,32.956
2026-05-29T09:57:12.606727+00:00,scheduler,1,0,376.8,10240.0,32,25.137
2026-05-29T09:57:12.606727+00:00,scheduler,2,0,400.8,10240.0,30,25.665
2026-05-29T09:57:12.606727+00:00,scheduler,3,0,400.8,10240.0,31,31.802
2026-05-29T09:57:17.607402+00:00,scheduler,0,0,400.8,10240.0,30,33.096
2026-05-29T09:57:17.607402+00:00,scheduler,1,0,376.8,10240.0,32,25.233
2026-05-29T09:57:17.607402+00:00,scheduler,2,0,400.8,10240.0,30,25.599
2026-05-29T09:57:17.607402+00:00,scheduler,3,0,400.8,10240.0,31,31.752
2026-05-29T09:57:22.608196+00:00,scheduler,0,0,400.8,10240.0,29,33.036
2026-05-29T09:57:22.608196+00:00,scheduler,1,0,376.8,10240.0,32,25.174
2026-05-29T09:57:22.608196+00:00,scheduler,2,0,400.8,10240.0,30,25.612
2026-05-29T09:57:22.608196+00:00,scheduler,3,0,400.8,10240.0,31,31.763
2026-05-29T09:57:27.609032+00:00,scheduler,0,0,400.8,10240.0,30,32.964
2026-05-29T09:57:27.609032+00:00,scheduler,1,0,376.8,10240.0,32,25.085
2026-05-29T09:57:27.609032+00:00,scheduler,2,0,400.8,10240.0,30,25.697
2026-05-29T09:57:27.609032+00:00,scheduler,3,0,400.8,10240.0,31,31.897
2026-05-29T09:57:32.609830+00:00,scheduler,0,0,400.8,10240.0,30,32.95
2026-05-29T09:57:32.609830+00:00,scheduler,1,0,376.8,10240.0,32,24.994
2026-05-29T09:57:32.609830+00:00,scheduler,2,0,400.8,10240.0,30,25.756
2026-05-29T09:57:32.609830+00:00,scheduler,3,0,400.8,10240.0,31,31.804
2026-05-29T09:57:37.610471+00:00,scheduler,0,0,400.8,10240.0,30,33.076
2026-05-29T09:57:37.610471+00:00,scheduler,1,0,376.8,10240.0,32,25.322
2026-05-29T09:57:37.610471+00:00,scheduler,2,0,400.8,10240.0,30,25.742
2026-05-29T09:57:37.610471+00:00,scheduler,3,0,400.8,10240.0,31,31.711
2026-05-29T09:57:42.644099+00:00,scheduler,0,0,400.8,10240.0,30,32.941
2026-05-29T09:57:42.644099+00:00,scheduler,1,0,376.8,10240.0,32,25.07
2026-05-29T09:57:42.644099+00:00,scheduler,2,0,400.8,10240.0,31,25.605
2026-05-29T09:57:42.644099+00:00,scheduler,3,0,400.8,10240.0,31,31.703
2026-05-29T09:57:47.645458+00:00,scheduler,0,0,400.8,10240.0,30,32.944
2026-05-29T09:57:47.645458+00:00,scheduler,1,0,376.8,10240.0,32,25.221
2026-05-29T09:57:47.645458+00:00,scheduler,2,0,400.8,10240.0,31,25.832
2026-05-29T09:57:47.645458+00:00,scheduler,3,0,400.8,10240.0,31,31.796
2026-05-29T09:57:52.661063+00:00,scheduler,0,0,621.9,10240.0,33,102.401
2026-05-29T09:57:52.661063+00:00,scheduler,1,0,376.8,10240.0,32,25.204
2026-05-29T09:57:52.661063+00:00,scheduler,2,0,400.8,10240.0,31,25.62
2026-05-29T09:57:52.661063+00:00,scheduler,3,0,400.8,10240.0,31,31.748
2026-05-29T09:57:58.226819+00:00,scheduler,0,0,621.9,10240.0,33,102.545
2026-05-29T09:57:58.226819+00:00,scheduler,1,0,376.8,10240.0,32,25.237
2026-05-29T09:57:58.226819+00:00,scheduler,2,0,400.8,10240.0,31,25.699
2026-05-29T09:57:58.226819+00:00,scheduler,3,0,400.8,10240.0,31,31.735
2026-05-29T09:58:03.303328+00:00,scheduler,0,0,621.9,10240.0,34,102.6
2026-05-29T09:58:03.303328+00:00,scheduler,1,0,376.8,10240.0,32,25.376
2026-05-29T09:58:03.303328+00:00,scheduler,2,0,400.8,10240.0,31,25.803
2026-05-29T09:58:03.303328+00:00,scheduler,3,0,400.8,10240.0,31,31.952
2026-05-29T09:58:08.304464+00:00,scheduler,0,0,621.9,10240.0,32,33.316
2026-05-29T09:58:08.304464+00:00,scheduler,1,0,376.8,10240.0,32,25.133
2026-05-29T09:58:08.304464+00:00,scheduler,2,0,400.8,10240.0,31,25.739
2026-05-29T09:58:08.304464+00:00,scheduler,3,0,400.8,10240.0,31,31.855
2026-05-29T09:58:13.305332+00:00,scheduler,0,0,621.9,10240.0,31,33.088
2026-05-29T09:58:13.305332+00:00,scheduler,1,0,376.8,10240.0,32,25.326
2026-05-29T09:58:13.305332+00:00,scheduler,2,0,400.8,10240.0,31,25.692
2026-05-29T09:58:13.305332+00:00,scheduler,3,0,400.8,10240.0,31,31.771
2026-05-29T09:58:18.306346+00:00,scheduler,0,0,621.9,10240.0,31,33.18
2026-05-29T09:58:18.306346+00:00,scheduler,1,0,376.8,10240.0,32,25.275
2026-05-29T09:58:18.306346+00:00,scheduler,2,0,400.8,10240.0,31,25.843
2026-05-29T09:58:18.306346+00:00,scheduler,3,0,400.8,10240.0,31,31.89
2026-05-29T09:58:23.307458+00:00,scheduler,0,0,621.9,10240.0,31,33.2
2026-05-29T09:58:23.307458+00:00,scheduler,1,0,376.8,10240.0,32,24.985
2026-05-29T09:58:23.307458+00:00,scheduler,2,0,400.8,10240.0,31,25.732
2026-05-29T09:58:23.307458+00:00,scheduler,3,0,400.8,10240.0,31,31.822
2026-05-29T09:58:28.308638+00:00,scheduler,0,0,621.9,10240.0,31,33.09
2026-05-29T09:58:28.308638+00:00,scheduler,1,0,376.8,10240.0,32,24.916
2026-05-29T09:58:28.308638+00:00,scheduler,2,0,400.8,10240.0,31,25.762
2026-05-29T09:58:28.308638+00:00,scheduler,3,0,400.8,10240.0,31,31.85
2026-05-29T09:58:33.309593+00:00,scheduler,0,0,621.9,10240.0,31,33.127
2026-05-29T09:58:33.309593+00:00,scheduler,1,0,376.8,10240.0,32,25.072
2026-05-29T09:58:33.309593+00:00,scheduler,2,0,400.8,10240.0,31,25.698
2026-05-29T09:58:33.309593+00:00,scheduler,3,0,400.8,10240.0,31,31.672
2026-05-29T09:58:38.310404+00:00,scheduler,0,0,621.9,10240.0,31,33.224
2026-05-29T09:58:38.310404+00:00,scheduler,1,0,376.8,10240.0,32,25.21
2026-05-29T09:58:38.310404+00:00,scheduler,2,0,400.8,10240.0,31,25.782
2026-05-29T09:58:38.310404+00:00,scheduler,3,0,400.8,10240.0,31,31.815
2026-05-29T09:58:43.311491+00:00,scheduler,0,0,621.9,10240.0,31,33.16
2026-05-29T09:58:43.311491+00:00,scheduler,1,0,376.8,10240.0,32,24.906
2026-05-29T09:58:43.311491+00:00,scheduler,2,0,400.8,10240.0,31,25.638
2026-05-29T09:58:43.311491+00:00,scheduler,3,0,400.8,10240.0,31,31.729
2026-05-29T09:58:48.312411+00:00,scheduler,0,0,621.9,10240.0,31,33.235
2026-05-29T09:58:48.312411+00:00,scheduler,1,0,376.8,10240.0,32,24.973
2026-05-29T09:58:48.312411+00:00,scheduler,2,0,400.8,10240.0,31,25.68
2026-05-29T09:58:48.312411+00:00,scheduler,3,0,400.8,10240.0,31,31.689
2026-05-29T09:58:53.313187+00:00,scheduler,0,0,621.9,10240.0,31,33.201
2026-05-29T09:58:53.313187+00:00,scheduler,1,0,376.8,10240.0,32,25.04
2026-05-29T09:58:53.313187+00:00,scheduler,2,0,400.8,10240.0,31,25.826
2026-05-29T09:58:53.313187+00:00,scheduler,3,0,400.8,10240.0,31,31.852
2026-05-29T09:58:58.313938+00:00,scheduler,0,0,621.9,10240.0,31,33.182
2026-05-29T09:58:58.313938+00:00,scheduler,1,0,376.8,10240.0,32,24.944
2026-05-29T09:58:58.313938+00:00,scheduler,2,0,400.8,10240.0,31,25.761
2026-05-29T09:58:58.313938+00:00,scheduler,3,0,400.8,10240.0,31,31.729
2026-05-29T09:59:03.314718+00:00,scheduler,0,0,621.9,10240.0,31,33.098
2026-05-29T09:59:03.314718+00:00,scheduler,1,0,376.8,10240.0,32,25.078
2026-05-29T09:59:03.314718+00:00,scheduler,2,0,400.8,10240.0,31,25.749
2026-05-29T09:59:03.314718+00:00,scheduler,3,0,400.8,10240.0,31,31.704
2026-05-29T09:59:08.315408+00:00,scheduler,0,0,621.9,10240.0,31,33.174
2026-05-29T09:59:08.315408+00:00,scheduler,1,0,376.8,10240.0,32,25.218
2026-05-29T09:59:08.315408+00:00,scheduler,2,0,400.8,10240.0,31,25.847
2026-05-29T09:59:08.315408+00:00,scheduler,3,0,400.8,10240.0,31,31.752
2026-05-29T09:59:13.316211+00:00,scheduler,0,0,621.9,10240.0,31,33.255
2026-05-29T09:59:13.316211+00:00,scheduler,1,0,376.8,10240.0,32,24.847
2026-05-29T09:59:13.316211+00:00,scheduler,2,0,400.8,10240.0,31,25.811
2026-05-29T09:59:13.316211+00:00,scheduler,3,0,400.8,10240.0,31,31.753
2026-05-29T09:59:18.316952+00:00,scheduler,0,0,621.9,10240.0,31,33.096
2026-05-29T09:59:18.316952+00:00,scheduler,1,0,376.8,10240.0,32,24.935
2026-05-29T09:59:18.316952+00:00,scheduler,2,0,400.8,10240.0,31,25.75
2026-05-29T09:59:18.316952+00:00,scheduler,3,0,400.8,10240.0,31,31.711
2026-05-29T09:59:23.317939+00:00,scheduler,0,0,621.9,10240.0,31,33.182
2026-05-29T09:59:23.317939+00:00,scheduler,1,0,376.8,10240.0,32,25.143
2026-05-29T09:59:23.317939+00:00,scheduler,2,0,400.8,10240.0,31,25.624
2026-05-29T09:59:23.317939+00:00,scheduler,3,0,400.8,10240.0,31,31.624
2026-05-29T09:59:28.318953+00:00,scheduler,0,0,621.9,10240.0,31,33.25
2026-05-29T09:59:28.318953+00:00,scheduler,1,0,376.8,10240.0,32,25.157
2026-05-29T09:59:28.318953+00:00,scheduler,2,0,400.8,10240.0,31,25.781
2026-05-29T09:59:28.318953+00:00,scheduler,3,0,400.8,10240.0,31,31.818
2026-05-29T09:59:33.319781+00:00,scheduler,0,0,621.9,10240.0,31,33.296
2026-05-29T09:59:33.319781+00:00,scheduler,1,0,376.8,10240.0,32,24.983
2026-05-29T09:59:33.319781+00:00,scheduler,2,0,400.8,10240.0,31,25.674
2026-05-29T09:59:33.319781+00:00,scheduler,3,0,400.8,10240.0,31,31.729
2026-05-29T09:59:38.320552+00:00,scheduler,0,0,621.9,10240.0,31,33.181
2026-05-29T09:59:38.320552+00:00,scheduler,1,0,376.8,10240.0,32,24.928
2026-05-29T09:59:38.320552+00:00,scheduler,2,0,400.8,10240.0,31,25.704
2026-05-29T09:59:38.320552+00:00,scheduler,3,0,400.8,10240.0,31,31.73
2026-05-29T09:59:43.321310+00:00,scheduler,0,0,621.9,10240.0,31,33.297
2026-05-29T09:59:43.321310+00:00,scheduler,1,0,376.8,10240.0,32,25.319
2026-05-29T09:59:43.321310+00:00,scheduler,2,0,400.8,10240.0,31,25.769
2026-05-29T09:59:43.321310+00:00,scheduler,3,0,400.8,10240.0,31,32.094
2026-05-29T09:59:48.322166+00:00,scheduler,0,0,621.9,10240.0,31,33.296
2026-05-29T09:59:48.322166+00:00,scheduler,1,0,376.8,10240.0,33,25.165
2026-05-29T09:59:48.322166+00:00,scheduler,2,0,400.8,10240.0,31,25.688
2026-05-29T09:59:48.322166+00:00,scheduler,3,0,400.8,10240.0,31,31.842
2026-05-29T09:59:53.322753+00:00,scheduler,0,0,621.9,10240.0,31,33.169
2026-05-29T09:59:53.322753+00:00,scheduler,1,0,376.8,10240.0,32,25.188
2026-05-29T09:59:53.322753+00:00,scheduler,2,0,400.8,10240.0,31,25.633
2026-05-29T09:59:53.322753+00:00,scheduler,3,0,400.8,10240.0,31,31.765
2026-05-29T09:59:58.323698+00:00,scheduler,0,0,621.9,10240.0,31,33.262
2026-05-29T09:59:58.323698+00:00,scheduler,1,0,376.8,10240.0,32,25.374
2026-05-29T09:59:58.323698+00:00,scheduler,2,0,400.8,10240.0,31,25.671
2026-05-29T09:59:58.323698+00:00,scheduler,3,0,400.8,10240.0,31,31.819
2026-05-29T10:00:03.324935+00:00,scheduler,0,0,621.9,10240.0,31,33.331
2026-05-29T10:00:03.324935+00:00,scheduler,1,0,376.8,10240.0,33,25.157
2026-05-29T10:00:03.324935+00:00,scheduler,2,0,400.8,10240.0,31,25.867
2026-05-29T10:00:03.324935+00:00,scheduler,3,0,400.8,10240.0,31,31.83
2026-05-29T10:00:08.325748+00:00,scheduler,0,0,621.9,10240.0,31,33.255
2026-05-29T10:00:08.325748+00:00,scheduler,1,0,376.8,10240.0,32,25.135
2026-05-29T10:00:08.325748+00:00,scheduler,2,0,400.8,10240.0,31,25.836
2026-05-29T10:00:08.325748+00:00,scheduler,3,0,400.8,10240.0,31,31.845
2026-05-29T10:00:13.326656+00:00,scheduler,0,0,621.9,10240.0,30,33.204
2026-05-29T10:00:13.326656+00:00,scheduler,1,0,376.8,10240.0,32,25.281
2026-05-29T10:00:13.326656+00:00,scheduler,2,0,400.8,10240.0,31,25.69
2026-05-29T10:00:13.326656+00:00,scheduler,3,0,400.8,10240.0,31,31.667
2026-05-29T10:00:18.327914+00:00,scheduler,0,0,621.9,10240.0,31,33.063
2026-05-29T10:00:18.327914+00:00,scheduler,1,0,376.8,10240.0,33,25.269
2026-05-29T10:00:18.327914+00:00,scheduler,2,0,400.8,10240.0,31,25.741
2026-05-29T10:00:18.327914+00:00,scheduler,3,0,400.8,10240.0,31,31.773
2026-05-29T10:00:23.328796+00:00,scheduler,0,0,621.9,10240.0,31,33.176
2026-05-29T10:00:23.328796+00:00,scheduler,1,0,376.8,10240.0,33,25.424
2026-05-29T10:00:23.328796+00:00,scheduler,2,0,400.8,10240.0,31,25.569
2026-05-29T10:00:23.328796+00:00,scheduler,3,0,400.8,10240.0,31,31.703
2026-05-29T10:00:28.329631+00:00,scheduler,0,0,621.9,10240.0,31,33.067
2026-05-29T10:00:28.329631+00:00,scheduler,1,0,376.8,10240.0,33,25.282
2026-05-29T10:00:28.329631+00:00,scheduler,2,0,400.8,10240.0,31,25.509
2026-05-29T10:00:28.329631+00:00,scheduler,3,0,400.8,10240.0,31,31.645
2026-05-29T10:00:33.330533+00:00,scheduler,0,0,621.9,10240.0,30,33.044
2026-05-29T10:00:33.330533+00:00,scheduler,1,0,376.8,10240.0,33,25.526
2026-05-29T10:00:33.330533+00:00,scheduler,2,0,400.8,10240.0,31,25.716
2026-05-29T10:00:33.330533+00:00,scheduler,3,0,400.8,10240.0,31,31.702
2026-05-29T10:00:38.331281+00:00,scheduler,0,0,621.9,10240.0,30,33.099
2026-05-29T10:00:38.331281+00:00,scheduler,1,0,376.8,10240.0,33,25.215
2026-05-29T10:00:38.331281+00:00,scheduler,2,0,400.8,10240.0,31,25.758
2026-05-29T10:00:38.331281+00:00,scheduler,3,0,400.8,10240.0,31,31.662
2026-05-29T10:00:43.332152+00:00,scheduler,0,0,621.9,10240.0,30,33.049
2026-05-29T10:00:43.332152+00:00,scheduler,1,0,376.8,10240.0,33,25.039
2026-05-29T10:00:43.332152+00:00,scheduler,2,0,400.8,10240.0,31,25.702
2026-05-29T10:00:43.332152+00:00,scheduler,3,0,400.8,10240.0,31,31.529
2026-05-29T10:00:48.332876+00:00,scheduler,0,0,621.9,10240.0,30,33.102
2026-05-29T10:00:48.332876+00:00,scheduler,1,0,376.8,10240.0,33,25.257
2026-05-29T10:00:48.332876+00:00,scheduler,2,0,400.8,10240.0,31,25.691
2026-05-29T10:00:48.332876+00:00,scheduler,3,0,400.8,10240.0,31,31.525
2026-05-29T10:00:53.333732+00:00,scheduler,0,0,621.9,10240.0,30,33.097
2026-05-29T10:00:53.333732+00:00,scheduler,1,0,376.8,10240.0,33,25.492
2026-05-29T10:00:53.333732+00:00,scheduler,2,0,400.8,10240.0,31,25.757
2026-05-29T10:00:53.333732+00:00,scheduler,3,0,400.8,10240.0,31,31.729
2026-05-29T10:00:58.334647+00:00,scheduler,0,1,1365.9,10240.0,33,102.706
2026-05-29T10:00:58.334647+00:00,scheduler,1,0,376.8,10240.0,33,25.054
2026-05-29T10:00:58.334647+00:00,scheduler,2,0,400.8,10240.0,31,25.755
2026-05-29T10:00:58.334647+00:00,scheduler,3,0,400.8,10240.0,31,31.548
2026-05-29T10:01:03.335687+00:00,scheduler,0,1,1365.9,10240.0,34,102.625
2026-05-29T10:01:03.335687+00:00,scheduler,1,0,376.8,10240.0,33,25.252
2026-05-29T10:01:03.335687+00:00,scheduler,2,0,400.8,10240.0,31,25.723
2026-05-29T10:01:03.335687+00:00,scheduler,3,0,400.8,10240.0,31,31.618
2026-05-29T10:01:08.336596+00:00,scheduler,0,0,1365.9,10240.0,34,102.767
2026-05-29T10:01:08.336596+00:00,scheduler,1,0,376.8,10240.0,33,25.269
2026-05-29T10:01:08.336596+00:00,scheduler,2,0,400.8,10240.0,31,25.86
2026-05-29T10:01:08.336596+00:00,scheduler,3,0,400.8,10240.0,31,31.842
2026-05-29T10:01:13.339253+00:00,scheduler,0,0,1473.9,10240.0,35,102.863
2026-05-29T10:01:13.339253+00:00,scheduler,1,0,376.8,10240.0,33,25.266
2026-05-29T10:01:13.339253+00:00,scheduler,2,0,400.8,10240.0,31,25.732
2026-05-29T10:01:13.339253+00:00,scheduler,3,0,400.8,10240.0,31,31.699
2026-05-29T10:01:18.339998+00:00,scheduler,0,1,1753.9,10240.0,35,102.937
2026-05-29T10:01:18.339998+00:00,scheduler,1,0,376.8,10240.0,33,25.138
2026-05-29T10:01:18.339998+00:00,scheduler,2,0,400.8,10240.0,31,25.781
2026-05-29T10:01:18.339998+00:00,scheduler,3,0,400.8,10240.0,31,31.762
2026-05-29T10:01:23.341067+00:00,scheduler,0,1,2045.9,10240.0,35,103.035
2026-05-29T10:01:23.341067+00:00,scheduler,1,0,376.8,10240.0,33,25.14
2026-05-29T10:01:23.341067+00:00,scheduler,2,0,400.8,10240.0,31,25.732
2026-05-29T10:01:23.341067+00:00,scheduler,3,0,400.8,10240.0,31,31.738
2026-05-29T10:01:28.341873+00:00,scheduler,0,0,2297.9,10240.0,36,103.077
2026-05-29T10:01:28.341873+00:00,scheduler,1,0,376.8,10240.0,33,25.388
2026-05-29T10:01:28.341873+00:00,scheduler,2,0,400.8,10240.0,31,25.861
2026-05-29T10:01:28.341873+00:00,scheduler,3,0,400.8,10240.0,31,31.802
2026-05-29T10:01:33.342590+00:00,scheduler,0,0,2529.9,10240.0,36,103.142
2026-05-29T10:01:33.342590+00:00,scheduler,1,0,376.8,10240.0,33,25.432
2026-05-29T10:01:33.342590+00:00,scheduler,2,0,400.8,10240.0,31,25.804
2026-05-29T10:01:33.342590+00:00,scheduler,3,0,400.8,10240.0,31,31.75
2026-05-29T10:01:38.343639+00:00,scheduler,0,1,2821.9,10240.0,36,103.048
2026-05-29T10:01:38.343639+00:00,scheduler,1,0,376.8,10240.0,33,25.303
2026-05-29T10:01:38.343639+00:00,scheduler,2,0,400.8,10240.0,31,25.739
2026-05-29T10:01:38.343639+00:00,scheduler,3,0,400.8,10240.0,31,31.724
2026-05-29T10:01:43.344551+00:00,scheduler,0,1,3073.9,10240.0,36,103.102
2026-05-29T10:01:43.344551+00:00,scheduler,1,0,376.8,10240.0,33,25.39
2026-05-29T10:01:43.344551+00:00,scheduler,2,0,400.8,10240.0,31,25.907
2026-05-29T10:01:43.344551+00:00,scheduler,3,0,400.8,10240.0,31,31.942
2026-05-29T10:01:48.345465+00:00,scheduler,0,1,3305.9,10240.0,37,103.264
2026-05-29T10:01:48.345465+00:00,scheduler,1,0,376.8,10240.0,33,25.503
2026-05-29T10:01:48.345465+00:00,scheduler,2,0,400.8,10240.0,31,25.635
2026-05-29T10:01:48.345465+00:00,scheduler,3,0,400.8,10240.0,31,31.723
2026-05-29T10:01:53.346228+00:00,scheduler,0,0,3509.9,10240.0,37,103.266
2026-05-29T10:01:53.346228+00:00,scheduler,1,0,376.8,10240.0,33,25.46
2026-05-29T10:01:53.346228+00:00,scheduler,2,0,400.8,10240.0,31,25.632
2026-05-29T10:01:53.346228+00:00,scheduler,3,0,400.8,10240.0,31,31.645
2026-05-29T10:01:58.347213+00:00,scheduler,0,0,3753.9,10240.0,37,103.364
2026-05-29T10:01:58.347213+00:00,scheduler,1,0,376.8,10240.0,33,25.566
2026-05-29T10:01:58.347213+00:00,scheduler,2,0,400.8,10240.0,31,25.717
2026-05-29T10:01:58.347213+00:00,scheduler,3,0,400.8,10240.0,31,31.723
2026-05-29T10:02:03.348362+00:00,scheduler,0,0,3917.9,10240.0,37,103.263
2026-05-29T10:02:03.348362+00:00,scheduler,1,0,376.8,10240.0,33,25.425
2026-05-29T10:02:03.348362+00:00,scheduler,2,0,400.8,10240.0,31,25.85
2026-05-29T10:02:03.348362+00:00,scheduler,3,0,400.8,10240.0,31,31.694
2026-05-29T10:02:08.349591+00:00,scheduler,0,1,4237.9,10240.0,37,103.284
2026-05-29T10:02:08.349591+00:00,scheduler,1,0,376.8,10240.0,33,25.527
2026-05-29T10:02:08.349591+00:00,scheduler,2,0,400.8,10240.0,31,25.716
2026-05-29T10:02:08.349591+00:00,scheduler,3,0,400.8,10240.0,31,31.688
2026-05-29T10:02:13.350690+00:00,scheduler,0,0,4373.9,10240.0,37,103.312
2026-05-29T10:02:13.350690+00:00,scheduler,1,0,376.8,10240.0,33,25.642
2026-05-29T10:02:13.350690+00:00,scheduler,2,0,400.8,10240.0,31,25.746
2026-05-29T10:02:13.350690+00:00,scheduler,3,0,400.8,10240.0,31,31.676
2026-05-29T10:02:18.351609+00:00,scheduler,0,0,4625.9,10240.0,38,103.514
2026-05-29T10:02:18.351609+00:00,scheduler,1,0,376.8,10240.0,33,25.699
2026-05-29T10:02:18.351609+00:00,scheduler,2,0,400.8,10240.0,31,25.788
2026-05-29T10:02:18.351609+00:00,scheduler,3,0,400.8,10240.0,31,31.773
2026-05-29T10:02:23.352535+00:00,scheduler,0,0,4857.9,10240.0,38,103.64
2026-05-29T10:02:23.352535+00:00,scheduler,1,0,376.8,10240.0,33,25.513
2026-05-29T10:02:23.352535+00:00,scheduler,2,0,400.8,10240.0,31,25.587
2026-05-29T10:02:23.352535+00:00,scheduler,3,0,400.8,10240.0,31,31.642
2026-05-29T10:02:28.353881+00:00,scheduler,0,0,5101.9,10240.0,38,103.718
2026-05-29T10:02:28.353881+00:00,scheduler,1,0,376.8,10240.0,33,25.514
2026-05-29T10:02:28.353881+00:00,scheduler,2,0,400.8,10240.0,31,25.638
2026-05-29T10:02:28.353881+00:00,scheduler,3,0,400.8,10240.0,31,31.687
2026-05-29T10:02:33.354873+00:00,scheduler,0,1,5353.9,10240.0,38,103.667
2026-05-29T10:02:33.354873+00:00,scheduler,1,0,376.8,10240.0,33,25.261
2026-05-29T10:02:33.354873+00:00,scheduler,2,0,400.8,10240.0,31,25.803
2026-05-29T10:02:33.354873+00:00,scheduler,3,0,400.8,10240.0,31,31.826
2026-05-29T10:02:38.355861+00:00,scheduler,0,0,5585.9,10240.0,38,103.644
2026-05-29T10:02:38.355861+00:00,scheduler,1,0,376.8,10240.0,33,25.476
2026-05-29T10:02:38.355861+00:00,scheduler,2,0,400.8,10240.0,31,25.676
2026-05-29T10:02:38.355861+00:00,scheduler,3,0,400.8,10240.0,31,31.722
2026-05-29T10:02:43.356733+00:00,scheduler,0,1,5857.9,10240.0,38,103.883
2026-05-29T10:02:43.356733+00:00,scheduler,1,0,376.8,10240.0,33,25.419
2026-05-29T10:02:43.356733+00:00,scheduler,2,0,400.8,10240.0,31,25.629
2026-05-29T10:02:43.356733+00:00,scheduler,3,0,400.8,10240.0,31,31.778
2026-05-29T10:02:48.357503+00:00,scheduler,0,0,6081.9,10240.0,38,103.699
2026-05-29T10:02:48.357503+00:00,scheduler,1,0,376.8,10240.0,33,25.207
2026-05-29T10:02:48.357503+00:00,scheduler,2,0,400.8,10240.0,31,25.683
2026-05-29T10:02:48.357503+00:00,scheduler,3,0,400.8,10240.0,31,31.785
2026-05-29T10:02:53.358242+00:00,scheduler,0,1,6409.9,10240.0,38,103.673
2026-05-29T10:02:53.358242+00:00,scheduler,1,0,376.8,10240.0,33,25.344
2026-05-29T10:02:53.358242+00:00,scheduler,2,0,400.8,10240.0,31,25.751
2026-05-29T10:02:53.358242+00:00,scheduler,3,0,400.8,10240.0,31,31.909
2026-05-29T10:02:58.359173+00:00,scheduler,0,0,6565.9,10240.0,38,103.712
2026-05-29T10:02:58.359173+00:00,scheduler,1,0,376.8,10240.0,33,25.41
2026-05-29T10:02:58.359173+00:00,scheduler,2,0,400.8,10240.0,31,25.673
2026-05-29T10:02:58.359173+00:00,scheduler,3,0,400.8,10240.0,31,31.753
2026-05-29T10:03:03.360154+00:00,scheduler,0,1,6797.9,10240.0,38,103.871
2026-05-29T10:03:03.360154+00:00,scheduler,1,0,376.8,10240.0,33,25.391
2026-05-29T10:03:03.360154+00:00,scheduler,2,0,400.8,10240.0,31,25.715
2026-05-29T10:03:03.360154+00:00,scheduler,3,0,400.8,10240.0,31,31.947
2026-05-29T10:03:08.360930+00:00,scheduler,0,0,7041.9,10240.0,38,103.828
2026-05-29T10:03:08.360930+00:00,scheduler,1,0,376.8,10240.0,33,25.561
2026-05-29T10:03:08.360930+00:00,scheduler,2,0,400.8,10240.0,31,25.766
2026-05-29T10:03:08.360930+00:00,scheduler,3,0,400.8,10240.0,31,31.874
2026-05-29T10:03:13.361847+00:00,scheduler,0,0,7341.9,10240.0,39,103.791
2026-05-29T10:03:13.361847+00:00,scheduler,1,0,376.8,10240.0,33,25.599
2026-05-29T10:03:13.361847+00:00,scheduler,2,0,400.8,10240.0,31,25.703
2026-05-29T10:03:13.361847+00:00,scheduler,3,0,400.8,10240.0,31,31.787
2026-05-29T10:03:18.362504+00:00,scheduler,0,0,7633.9,10240.0,39,103.844
2026-05-29T10:03:18.362504+00:00,scheduler,1,0,376.8,10240.0,33,25.477
2026-05-29T10:03:18.362504+00:00,scheduler,2,0,400.8,10240.0,31,25.629
2026-05-29T10:03:18.362504+00:00,scheduler,3,0,400.8,10240.0,31,31.753
2026-05-29T10:03:23.363215+00:00,scheduler,0,0,7865.9,10240.0,38,103.809
2026-05-29T10:03:23.363215+00:00,scheduler,1,0,376.8,10240.0,33,25.257
2026-05-29T10:03:23.363215+00:00,scheduler,2,0,400.8,10240.0,31,25.706
2026-05-29T10:03:23.363215+00:00,scheduler,3,0,400.8,10240.0,31,31.884
2026-05-29T10:03:28.363858+00:00,scheduler,0,1,8165.9,10240.0,39,103.788
2026-05-29T10:03:28.363858+00:00,scheduler,1,0,376.8,10240.0,33,25.195
2026-05-29T10:03:28.363858+00:00,scheduler,2,0,400.8,10240.0,31,25.634
2026-05-29T10:03:28.363858+00:00,scheduler,3,0,400.8,10240.0,31,31.732
2026-05-29T10:03:33.364638+00:00,scheduler,0,0,8405.9,10240.0,39,103.939
2026-05-29T10:03:33.364638+00:00,scheduler,1,0,376.8,10240.0,33,25.178
2026-05-29T10:03:33.364638+00:00,scheduler,2,0,400.8,10240.0,31,25.633
2026-05-29T10:03:33.364638+00:00,scheduler,3,0,400.8,10240.0,31,31.686
2026-05-29T10:03:38.365579+00:00,scheduler,0,7,8717.9,10240.0,39,117.508
2026-05-29T10:03:38.365579+00:00,scheduler,1,0,376.8,10240.0,33,25.163
2026-05-29T10:03:38.365579+00:00,scheduler,2,0,400.8,10240.0,31,25.82
2026-05-29T10:03:38.365579+00:00,scheduler,3,0,400.8,10240.0,31,31.79
2026-05-29T10:03:43.366505+00:00,scheduler,0,7,8717.9,10240.0,39,104.48
2026-05-29T10:03:43.366505+00:00,scheduler,1,0,376.8,10240.0,33,25.237
2026-05-29T10:03:43.366505+00:00,scheduler,2,0,400.8,10240.0,31,25.79
2026-05-29T10:03:43.366505+00:00,scheduler,3,0,400.8,10240.0,31,31.875
2026-05-29T10:03:48.367269+00:00,scheduler,0,0,969.9,10240.0,39,104.01
2026-05-29T10:03:48.367269+00:00,scheduler,1,0,376.8,10240.0,33,25.276
2026-05-29T10:03:48.367269+00:00,scheduler,2,0,400.8,10240.0,31,25.701
2026-05-29T10:03:48.367269+00:00,scheduler,3,0,400.8,10240.0,31,31.761
2026-05-29T10:03:53.368159+00:00,scheduler,0,1,1195.9,10240.0,39,104.026
2026-05-29T10:03:53.368159+00:00,scheduler,1,0,376.8,10240.0,33,25.367
2026-05-29T10:03:53.368159+00:00,scheduler,2,0,400.8,10240.0,31,25.694
2026-05-29T10:03:53.368159+00:00,scheduler,3,0,400.8,10240.0,31,31.783
2026-05-29T10:03:58.368770+00:00,scheduler,0,0,1483.9,10240.0,39,104.052
2026-05-29T10:03:58.368770+00:00,scheduler,1,0,376.8,10240.0,33,25.343
2026-05-29T10:03:58.368770+00:00,scheduler,2,0,400.8,10240.0,31,25.799
2026-05-29T10:03:58.368770+00:00,scheduler,3,0,400.8,10240.0,31,31.811
2026-05-29T10:04:03.369486+00:00,scheduler,0,0,1609.9,10240.0,39,104.138
2026-05-29T10:04:03.369486+00:00,scheduler,1,0,376.8,10240.0,33,25.031
2026-05-29T10:04:03.369486+00:00,scheduler,2,0,400.8,10240.0,31,25.65
2026-05-29T10:04:03.369486+00:00,scheduler,3,0,400.8,10240.0,31,31.704
2026-05-29T10:04:08.370471+00:00,scheduler,0,0,1843.9,10240.0,39,103.956
2026-05-29T10:04:08.370471+00:00,scheduler,1,0,376.8,10240.0,33,25.165
2026-05-29T10:04:08.370471+00:00,scheduler,2,0,400.8,10240.0,31,25.709
2026-05-29T10:04:08.370471+00:00,scheduler,3,0,400.8,10240.0,31,31.637
2026-05-29T10:04:13.371386+00:00,scheduler,0,1,2023.9,10240.0,39,104.069
2026-05-29T10:04:13.371386+00:00,scheduler,1,0,376.8,10240.0,33,25.052
2026-05-29T10:04:13.371386+00:00,scheduler,2,0,400.8,10240.0,31,25.774
2026-05-29T10:04:13.371386+00:00,scheduler,3,0,400.8,10240.0,31,31.652
2026-05-29T10:04:18.372132+00:00,scheduler,0,0,2311.9,10240.0,39,103.962
2026-05-29T10:04:18.372132+00:00,scheduler,1,0,376.8,10240.0,33,24.937
2026-05-29T10:04:18.372132+00:00,scheduler,2,0,400.8,10240.0,31,25.898
2026-05-29T10:04:18.372132+00:00,scheduler,3,0,400.8,10240.0,31,31.959
2026-05-29T10:04:23.372894+00:00,scheduler,0,0,2545.9,10240.0,39,104.01
2026-05-29T10:04:23.372894+00:00,scheduler,1,0,376.8,10240.0,33,25.143
2026-05-29T10:04:23.372894+00:00,scheduler,2,0,400.8,10240.0,31,25.652
2026-05-29T10:04:23.372894+00:00,scheduler,3,0,400.8,10240.0,31,31.748
2026-05-29T10:04:28.373456+00:00,scheduler,0,0,2779.9,10240.0,39,104.0
2026-05-29T10:04:28.373456+00:00,scheduler,1,0,376.8,10240.0,33,25.177
2026-05-29T10:04:28.373456+00:00,scheduler,2,0,400.8,10240.0,31,25.706
2026-05-29T10:04:28.373456+00:00,scheduler,3,0,400.8,10240.0,31,31.64
2026-05-29T10:04:33.374058+00:00,scheduler,0,0,2941.9,10240.0,39,104.015
2026-05-29T10:04:33.374058+00:00,scheduler,1,0,376.8,10240.0,33,25.196
2026-05-29T10:04:33.374058+00:00,scheduler,2,0,400.8,10240.0,31,25.777
2026-05-29T10:04:33.374058+00:00,scheduler,3,0,400.8,10240.0,31,31.831
2026-05-29T10:04:38.374945+00:00,scheduler,0,0,3247.9,10240.0,39,103.994
2026-05-29T10:04:38.374945+00:00,scheduler,1,0,376.8,10240.0,33,25.099
2026-05-29T10:04:38.374945+00:00,scheduler,2,0,400.8,10240.0,31,25.533
2026-05-29T10:04:38.374945+00:00,scheduler,3,0,400.8,10240.0,31,31.651
2026-05-29T10:04:43.375877+00:00,scheduler,0,1,3571.9,10240.0,39,104.034
2026-05-29T10:04:43.375877+00:00,scheduler,1,0,376.8,10240.0,33,25.343
2026-05-29T10:04:43.375877+00:00,scheduler,2,0,400.8,10240.0,31,25.638
2026-05-29T10:04:43.375877+00:00,scheduler,3,0,400.8,10240.0,31,31.702
2026-05-29T10:04:48.376868+00:00,scheduler,0,1,3643.9,10240.0,39,103.866
2026-05-29T10:04:48.376868+00:00,scheduler,1,0,376.8,10240.0,33,25.499
2026-05-29T10:04:48.376868+00:00,scheduler,2,0,400.8,10240.0,31,25.703
2026-05-29T10:04:48.376868+00:00,scheduler,3,0,400.8,10240.0,31,31.867
2026-05-29T10:04:53.377519+00:00,scheduler,0,1,3877.9,10240.0,39,103.975
2026-05-29T10:04:53.377519+00:00,scheduler,1,0,376.8,10240.0,33,25.195
2026-05-29T10:04:53.377519+00:00,scheduler,2,0,400.8,10240.0,31,25.688
2026-05-29T10:04:53.377519+00:00,scheduler,3,0,400.8,10240.0,31,31.749
2026-05-29T10:04:58.378240+00:00,scheduler,0,0,4111.9,10240.0,39,103.959
2026-05-29T10:04:58.378240+00:00,scheduler,1,0,376.8,10240.0,33,25.497
2026-05-29T10:04:58.378240+00:00,scheduler,2,0,400.8,10240.0,31,25.598
2026-05-29T10:04:58.378240+00:00,scheduler,3,0,400.8,10240.0,31,31.726
2026-05-29T10:05:03.379222+00:00,scheduler,0,0,4345.9,10240.0,39,103.918
2026-05-29T10:05:03.379222+00:00,scheduler,1,0,376.8,10240.0,33,25.39
2026-05-29T10:05:03.379222+00:00,scheduler,2,0,400.8,10240.0,31,25.687
2026-05-29T10:05:03.379222+00:00,scheduler,3,0,400.8,10240.0,31,31.712
2026-05-29T10:05:08.379925+00:00,scheduler,0,0,4579.9,10240.0,39,103.923
2026-05-29T10:05:08.379925+00:00,scheduler,1,0,376.8,10240.0,33,25.454
2026-05-29T10:05:08.379925+00:00,scheduler,2,0,400.8,10240.0,31,25.776
2026-05-29T10:05:08.379925+00:00,scheduler,3,0,400.8,10240.0,31,31.914
2026-05-29T10:05:13.380638+00:00,scheduler,0,0,4813.9,10240.0,39,104.131
2026-05-29T10:05:13.380638+00:00,scheduler,1,0,376.8,10240.0,33,24.897
2026-05-29T10:05:13.380638+00:00,scheduler,2,0,400.8,10240.0,31,25.826
2026-05-29T10:05:13.380638+00:00,scheduler,3,0,400.8,10240.0,31,31.896
2026-05-29T10:05:18.381464+00:00,scheduler,0,1,5047.9,10240.0,39,103.968
2026-05-29T10:05:18.381464+00:00,scheduler,1,0,376.8,10240.0,33,24.994
2026-05-29T10:05:18.381464+00:00,scheduler,2,0,400.8,10240.0,31,25.775
2026-05-29T10:05:18.381464+00:00,scheduler,3,0,400.8,10240.0,31,31.804
2026-05-29T10:05:23.382200+00:00,scheduler,0,1,5443.9,10240.0,39,103.964
2026-05-29T10:05:23.382200+00:00,scheduler,1,0,376.8,10240.0,33,25.149
2026-05-29T10:05:23.382200+00:00,scheduler,2,0,400.8,10240.0,31,25.881
2026-05-29T10:05:23.382200+00:00,scheduler,3,0,400.8,10240.0,31,31.936
2026-05-29T10:05:28.383233+00:00,scheduler,0,0,5515.9,10240.0,39,103.899
2026-05-29T10:05:28.383233+00:00,scheduler,1,0,376.8,10240.0,33,25.196
2026-05-29T10:05:28.383233+00:00,scheduler,2,0,400.8,10240.0,31,25.784
2026-05-29T10:05:28.383233+00:00,scheduler,3,0,400.8,10240.0,31,31.83
2026-05-29T10:05:33.383996+00:00,scheduler,0,0,5749.9,10240.0,39,103.955
2026-05-29T10:05:33.383996+00:00,scheduler,1,0,376.8,10240.0,33,25.089
2026-05-29T10:05:33.383996+00:00,scheduler,2,0,400.8,10240.0,31,25.73
2026-05-29T10:05:33.383996+00:00,scheduler,3,0,400.8,10240.0,31,31.876
2026-05-29T10:05:38.384743+00:00,scheduler,0,0,5983.9,10240.0,39,103.977
2026-05-29T10:05:38.384743+00:00,scheduler,1,0,376.8,10240.0,33,24.842
2026-05-29T10:05:38.384743+00:00,scheduler,2,0,400.8,10240.0,31,25.75
2026-05-29T10:05:38.384743+00:00,scheduler,3,0,400.8,10240.0,31,31.851
2026-05-29T10:05:43.385627+00:00,scheduler,0,1,6145.9,10240.0,39,104.06
2026-05-29T10:05:43.385627+00:00,scheduler,1,0,376.8,10240.0,33,25.257
2026-05-29T10:05:43.385627+00:00,scheduler,2,0,400.8,10240.0,31,25.775
2026-05-29T10:05:43.385627+00:00,scheduler,3,0,400.8,10240.0,31,31.82
2026-05-29T10:05:48.386596+00:00,scheduler,0,1,6379.9,10240.0,39,104.02
2026-05-29T10:05:48.386596+00:00,scheduler,1,0,376.8,10240.0,33,25.313
2026-05-29T10:05:48.386596+00:00,scheduler,2,0,400.8,10240.0,31,25.752
2026-05-29T10:05:48.386596+00:00,scheduler,3,0,400.8,10240.0,31,31.784
2026-05-29T10:05:53.387526+00:00,scheduler,0,0,6613.9,10240.0,39,103.915
2026-05-29T10:05:53.387526+00:00,scheduler,1,0,376.8,10240.0,33,25.245
2026-05-29T10:05:53.387526+00:00,scheduler,2,0,400.8,10240.0,31,25.601
2026-05-29T10:05:53.387526+00:00,scheduler,3,0,400.8,10240.0,31,31.834
2026-05-29T10:05:58.388521+00:00,scheduler,0,0,6919.9,10240.0,39,104.057
2026-05-29T10:05:58.388521+00:00,scheduler,1,0,376.8,10240.0,33,25.154
2026-05-29T10:05:58.388521+00:00,scheduler,2,0,400.8,10240.0,31,25.903
2026-05-29T10:05:58.388521+00:00,scheduler,3,0,400.8,10240.0,31,32.018
2026-05-29T10:06:03.389354+00:00,scheduler,0,0,7153.9,10240.0,39,104.042
2026-05-29T10:06:03.389354+00:00,scheduler,1,0,376.8,10240.0,33,25.141
2026-05-29T10:06:03.389354+00:00,scheduler,2,0,400.8,10240.0,31,25.694
2026-05-29T10:06:03.389354+00:00,scheduler,3,0,400.8,10240.0,31,31.809
2026-05-29T10:06:08.390557+00:00,scheduler,0,0,7549.9,10240.0,39,103.967
2026-05-29T10:06:08.390557+00:00,scheduler,1,0,376.8,10240.0,33,25.047
2026-05-29T10:06:08.390557+00:00,scheduler,2,0,400.8,10240.0,31,25.611
2026-05-29T10:06:08.390557+00:00,scheduler,3,0,400.8,10240.0,31,31.664
2026-05-29T10:06:13.391642+00:00,scheduler,0,0,7783.9,10240.0,39,103.99
2026-05-29T10:06:13.391642+00:00,scheduler,1,0,376.8,10240.0,33,25.39
2026-05-29T10:06:13.391642+00:00,scheduler,2,0,400.8,10240.0,31,25.847
2026-05-29T10:06:13.391642+00:00,scheduler,3,0,400.8,10240.0,31,31.868
2026-05-29T10:06:18.393072+00:00,scheduler,0,0,8017.9,10240.0,39,104.001
2026-05-29T10:06:18.393072+00:00,scheduler,1,0,376.8,10240.0,33,25.354
2026-05-29T10:06:18.393072+00:00,scheduler,2,0,400.8,10240.0,31,25.843
2026-05-29T10:06:18.393072+00:00,scheduler,3,0,400.8,10240.0,31,31.794
2026-05-29T10:06:23.394327+00:00,scheduler,0,0,8445.9,10240.0,39,110.833
2026-05-29T10:06:23.394327+00:00,scheduler,1,0,376.8,10240.0,33,25.332
2026-05-29T10:06:23.394327+00:00,scheduler,2,0,400.8,10240.0,31,25.745
2026-05-29T10:06:23.394327+00:00,scheduler,3,0,400.8,10240.0,31,31.818
2026-05-29T10:06:28.397044+00:00,scheduler,0,100,8447.9,10240.0,49,318.398
2026-05-29T10:06:28.397044+00:00,scheduler,1,0,376.8,10240.0,33,24.673
2026-05-29T10:06:28.397044+00:00,scheduler,2,0,400.8,10240.0,31,26.277
2026-05-29T10:06:28.397044+00:00,scheduler,3,0,400.8,10240.0,31,32.213
2026-05-29T10:06:33.397645+00:00,scheduler,0,100,8447.9,10240.0,51,318.801
2026-05-29T10:06:33.397645+00:00,scheduler,1,0,376.8,10240.0,33,24.775
2026-05-29T10:06:33.397645+00:00,scheduler,2,0,400.8,10240.0,31,26.288
2026-05-29T10:06:33.397645+00:00,scheduler,3,0,400.8,10240.0,31,32.384
2026-05-29T10:06:38.398315+00:00,scheduler,0,5,8447.9,10240.0,44,120.81
2026-05-29T10:06:38.398315+00:00,scheduler,1,0,376.8,10240.0,33,24.871
2026-05-29T10:06:38.398315+00:00,scheduler,2,0,400.8,10240.0,31,25.903
2026-05-29T10:06:38.398315+00:00,scheduler,3,0,400.8,10240.0,31,31.932
2026-05-29T10:06:43.399133+00:00,scheduler,0,5,8447.9,10240.0,42,104.723
2026-05-29T10:06:43.399133+00:00,scheduler,1,0,376.8,10240.0,33,25.078
2026-05-29T10:06:43.399133+00:00,scheduler,2,0,400.8,10240.0,31,25.757
2026-05-29T10:06:43.399133+00:00,scheduler,3,0,400.8,10240.0,31,31.798
2026-05-29T10:06:48.400108+00:00,scheduler,0,0,841.9,10240.0,42,119.985
2026-05-29T10:06:48.400108+00:00,scheduler,1,0,376.8,10240.0,33,25.263
2026-05-29T10:06:48.400108+00:00,scheduler,2,0,400.8,10240.0,31,25.934
2026-05-29T10:06:48.400108+00:00,scheduler,3,0,400.8,10240.0,31,32.003
2026-05-29T10:06:53.561532+00:00,scheduler,0,2,743.9,10240.0,41,110.154
2026-05-29T10:06:53.561532+00:00,scheduler,1,0,376.8,10240.0,33,25.45
2026-05-29T10:06:53.561532+00:00,scheduler,2,0,400.8,10240.0,31,25.766
2026-05-29T10:06:53.561532+00:00,scheduler,3,0,400.8,10240.0,31,31.829
2026-05-29T10:06:58.568765+00:00,scheduler,0,0,701.9,10240.0,41,104.299
2026-05-29T10:06:58.568765+00:00,scheduler,1,0,376.8,10240.0,33,25.527
2026-05-29T10:06:58.568765+00:00,scheduler,2,0,400.8,10240.0,31,25.745
2026-05-29T10:06:58.568765+00:00,scheduler,3,0,400.8,10240.0,31,31.843
2026-05-29T10:07:03.569594+00:00,scheduler,0,0,701.9,10240.0,41,104.313
2026-05-29T10:07:03.569594+00:00,scheduler,1,0,376.8,10240.0,33,25.407
2026-05-29T10:07:03.569594+00:00,scheduler,2,0,400.8,10240.0,31,25.688
2026-05-29T10:07:03.569594+00:00,scheduler,3,0,400.8,10240.0,31,31.851
2026-05-29T10:07:08.570436+00:00,scheduler,0,0,701.9,10240.0,40,104.12
2026-05-29T10:07:08.570436+00:00,scheduler,1,0,376.8,10240.0,33,25.431
2026-05-29T10:07:08.570436+00:00,scheduler,2,0,400.8,10240.0,31,25.819
2026-05-29T10:07:08.570436+00:00,scheduler,3,0,400.8,10240.0,31,31.909
2026-05-29T10:07:13.571605+00:00,scheduler,0,0,701.9,10240.0,37,33.586
2026-05-29T10:07:13.571605+00:00,scheduler,1,0,376.8,10240.0,33,25.553
2026-05-29T10:07:13.571605+00:00,scheduler,2,0,400.8,10240.0,31,25.735
2026-05-29T10:07:13.571605+00:00,scheduler,3,0,400.8,10240.0,31,31.794
2026-05-29T10:07:18.573912+00:00,scheduler,0,0,701.9,10240.0,37,33.275
2026-05-29T10:07:18.573912+00:00,scheduler,1,0,376.8,10240.0,33,25.32
2026-05-29T10:07:18.573912+00:00,scheduler,2,0,400.8,10240.0,31,25.665
2026-05-29T10:07:18.573912+00:00,scheduler,3,0,400.8,10240.0,31,31.802
2026-05-29T10:07:23.576371+00:00,scheduler,0,0,701.9,10240.0,36,33.466
2026-05-29T10:07:23.576371+00:00,scheduler,1,0,376.8,10240.0,33,25.491
2026-05-29T10:07:23.576371+00:00,scheduler,2,0,400.8,10240.0,31,25.81
2026-05-29T10:07:23.576371+00:00,scheduler,3,0,400.8,10240.0,31,31.936
2026-05-29T10:07:28.577409+00:00,scheduler,0,0,701.9,10240.0,35,33.29
2026-05-29T10:07:28.577409+00:00,scheduler,1,0,376.8,10240.0,33,25.235
2026-05-29T10:07:28.577409+00:00,scheduler,2,0,400.8,10240.0,31,25.574
2026-05-29T10:07:28.577409+00:00,scheduler,3,0,400.8,10240.0,31,31.831
2026-05-29T10:07:33.578252+00:00,scheduler,0,0,701.9,10240.0,35,33.235
2026-05-29T10:07:33.578252+00:00,scheduler,1,0,376.8,10240.0,33,25.319
2026-05-29T10:07:33.578252+00:00,scheduler,2,0,400.8,10240.0,31,25.579
2026-05-29T10:07:33.578252+00:00,scheduler,3,0,400.8,10240.0,31,31.726
2026-05-29T10:07:38.579263+00:00,scheduler,0,0,701.9,10240.0,35,33.179
2026-05-29T10:07:38.579263+00:00,scheduler,1,0,376.8,10240.0,33,25.571
2026-05-29T10:07:38.579263+00:00,scheduler,2,0,400.8,10240.0,31,25.775
2026-05-29T10:07:38.579263+00:00,scheduler,3,0,400.8,10240.0,31,31.955
2026-05-29T10:07:43.580320+00:00,scheduler,0,42,8701.9,10240.0,38,114.12
2026-05-29T10:07:43.580320+00:00,scheduler,1,0,376.8,10240.0,33,25.342
2026-05-29T10:07:43.580320+00:00,scheduler,2,0,400.8,10240.0,31,25.602
2026-05-29T10:07:43.580320+00:00,scheduler,3,0,400.8,10240.0,31,31.853
2026-05-29T10:07:48.581759+00:00,scheduler,0,11,8701.9,10240.0,38,104.082
2026-05-29T10:07:48.581759+00:00,scheduler,1,0,376.8,10240.0,33,25.219
2026-05-29T10:07:48.581759+00:00,scheduler,2,0,400.8,10240.0,31,25.608
2026-05-29T10:07:48.581759+00:00,scheduler,3,0,400.8,10240.0,31,31.765
2026-05-29T10:07:53.583860+00:00,scheduler,0,100,8449.9,10240.0,48,318.625
2026-05-29T10:07:53.583860+00:00,scheduler,1,0,376.8,10240.0,33,24.945
2026-05-29T10:07:53.583860+00:00,scheduler,2,0,400.8,10240.0,31,26.021
2026-05-29T10:07:53.583860+00:00,scheduler,3,0,400.8,10240.0,31,32.231
2026-05-29T10:07:58.584623+00:00,scheduler,0,100,8449.9,10240.0,49,318.528
2026-05-29T10:07:58.584623+00:00,scheduler,1,0,376.8,10240.0,33,24.779
2026-05-29T10:07:58.584623+00:00,scheduler,2,0,400.8,10240.0,31,26.371
2026-05-29T10:07:58.584623+00:00,scheduler,3,0,400.8,10240.0,31,32.508
2026-05-29T10:08:03.585666+00:00,scheduler,0,100,8449.9,10240.0,50,318.635
2026-05-29T10:08:03.585666+00:00,scheduler,1,0,376.8,10240.0,33,24.689
2026-05-29T10:08:03.585666+00:00,scheduler,2,0,400.8,10240.0,31,26.316
2026-05-29T10:08:03.585666+00:00,scheduler,3,0,400.8,10240.0,31,32.299
2026-05-29T10:08:08.586575+00:00,scheduler,0,11,8449.9,10240.0,42,104.985
2026-05-29T10:08:08.586575+00:00,scheduler,1,0,376.8,10240.0,33,25.338
2026-05-29T10:08:08.586575+00:00,scheduler,2,0,400.8,10240.0,31,25.786
2026-05-29T10:08:08.586575+00:00,scheduler,3,0,400.8,10240.0,31,31.738
2026-05-29T10:08:13.587533+00:00,scheduler,0,0,699.9,10240.0,41,110.957
2026-05-29T10:08:13.587533+00:00,scheduler,1,0,376.8,10240.0,33,25.307
2026-05-29T10:08:13.587533+00:00,scheduler,2,0,400.8,10240.0,31,25.898
2026-05-29T10:08:13.587533+00:00,scheduler,3,0,400.8,10240.0,31,31.807
2026-05-29T10:08:18.588555+00:00,scheduler,0,0,699.9,10240.0,41,104.434
2026-05-29T10:08:18.588555+00:00,scheduler,1,0,376.8,10240.0,33,25.029
2026-05-29T10:08:18.588555+00:00,scheduler,2,0,400.8,10240.0,31,25.761
2026-05-29T10:08:18.588555+00:00,scheduler,3,0,400.8,10240.0,31,31.725
2026-05-29T10:08:23.589950+00:00,scheduler,0,0,699.9,10240.0,41,104.365
2026-05-29T10:08:23.589950+00:00,scheduler,1,0,376.8,10240.0,33,25.099
2026-05-29T10:08:23.589950+00:00,scheduler,2,0,400.8,10240.0,31,25.712
2026-05-29T10:08:23.589950+00:00,scheduler,3,0,400.8,10240.0,31,31.681
2026-05-29T10:08:28.590977+00:00,scheduler,0,100,8721.9,10240.0,42,201.018
2026-05-29T10:08:28.590977+00:00,scheduler,1,0,376.8,10240.0,33,24.733
2026-05-29T10:08:28.590977+00:00,scheduler,2,0,400.8,10240.0,31,25.957
2026-05-29T10:08:28.590977+00:00,scheduler,3,0,400.8,10240.0,31,31.946
2026-05-29T10:08:33.592474+00:00,scheduler,0,11,2625.9,10240.0,41,105.393
2026-05-29T10:08:33.592474+00:00,scheduler,1,0,376.8,10240.0,33,25.227
2026-05-29T10:08:33.592474+00:00,scheduler,2,0,400.8,10240.0,31,25.836
2026-05-29T10:08:33.592474+00:00,scheduler,3,0,400.8,10240.0,31,31.865
2026-05-29T10:08:38.594729+00:00,scheduler,0,100,8449.9,10240.0,50,318.677
2026-05-29T10:08:38.594729+00:00,scheduler,1,0,376.8,10240.0,33,24.686
2026-05-29T10:08:38.594729+00:00,scheduler,2,0,400.8,10240.0,31,26.19
2026-05-29T10:08:38.594729+00:00,scheduler,3,0,400.8,10240.0,31,32.189
2026-05-29T10:08:43.595777+00:00,scheduler,0,100,8449.9,10240.0,51,318.85
2026-05-29T10:08:43.595777+00:00,scheduler,1,0,376.8,10240.0,33,24.671
2026-05-29T10:08:43.595777+00:00,scheduler,2,0,400.8,10240.0,31,26.175
2026-05-29T10:08:43.595777+00:00,scheduler,3,0,400.8,10240.0,31,32.299
2026-05-29T10:08:48.596444+00:00,scheduler,0,100,8449.9,10240.0,47,264.31
2026-05-29T10:08:48.596444+00:00,scheduler,1,0,376.8,10240.0,33,24.932
2026-05-29T10:08:48.596444+00:00,scheduler,2,0,400.8,10240.0,31,26.28
2026-05-29T10:08:48.596444+00:00,scheduler,3,0,400.8,10240.0,31,32.38
2026-05-29T10:08:53.597233+00:00,scheduler,0,10,761.9,10240.0,43,105.144
2026-05-29T10:08:53.597233+00:00,scheduler,1,0,376.8,10240.0,33,25.432
2026-05-29T10:08:53.597233+00:00,scheduler,2,0,400.8,10240.0,31,25.634
2026-05-29T10:08:53.597233+00:00,scheduler,3,0,400.8,10240.0,31,31.746
2026-05-29T10:08:58.598000+00:00,scheduler,0,0,699.9,10240.0,43,104.76
2026-05-29T10:08:58.598000+00:00,scheduler,1,0,376.8,10240.0,33,25.161
2026-05-29T10:08:58.598000+00:00,scheduler,2,0,400.8,10240.0,31,25.615
2026-05-29T10:08:58.598000+00:00,scheduler,3,0,400.8,10240.0,31,31.716
2026-05-29T10:09:03.598755+00:00,scheduler,0,0,699.9,10240.0,42,104.507
2026-05-29T10:09:03.598755+00:00,scheduler,1,0,376.8,10240.0,33,25.26
2026-05-29T10:09:03.598755+00:00,scheduler,2,0,400.8,10240.0,31,25.658
2026-05-29T10:09:03.598755+00:00,scheduler,3,0,400.8,10240.0,31,31.747
2026-05-29T10:09:08.599569+00:00,scheduler,0,0,699.9,10240.0,42,104.404
2026-05-29T10:09:08.599569+00:00,scheduler,1,0,376.8,10240.0,33,25.156
2026-05-29T10:09:08.599569+00:00,scheduler,2,0,400.8,10240.0,31,25.576
2026-05-29T10:09:08.599569+00:00,scheduler,3,0,400.8,10240.0,31,31.579
2026-05-29T10:09:13.600488+00:00,scheduler,0,0,699.9,10240.0,39,34.865
2026-05-29T10:09:13.600488+00:00,scheduler,1,0,376.8,10240.0,33,25.382
2026-05-29T10:09:13.600488+00:00,scheduler,2,0,400.8,10240.0,31,25.569
2026-05-29T10:09:13.600488+00:00,scheduler,3,0,400.8,10240.0,31,31.647
2026-05-29T10:09:18.601414+00:00,scheduler,0,0,699.9,10240.0,38,33.446
2026-05-29T10:09:18.601414+00:00,scheduler,1,0,376.8,10240.0,33,25.277
2026-05-29T10:09:18.601414+00:00,scheduler,2,0,400.8,10240.0,31,25.573
2026-05-29T10:09:18.601414+00:00,scheduler,3,0,400.8,10240.0,31,31.64
2026-05-29T10:09:23.602345+00:00,scheduler,0,0,699.9,10240.0,37,33.432
2026-05-29T10:09:23.602345+00:00,scheduler,1,0,376.8,10240.0,33,25.348
2026-05-29T10:09:23.602345+00:00,scheduler,2,0,400.8,10240.0,31,25.754
2026-05-29T10:09:23.602345+00:00,scheduler,3,0,400.8,10240.0,31,31.891
2026-05-29T10:09:28.603502+00:00,scheduler,0,0,699.9,10240.0,36,33.321
2026-05-29T10:09:28.603502+00:00,scheduler,1,0,376.8,10240.0,33,24.972
2026-05-29T10:09:28.603502+00:00,scheduler,2,0,400.8,10240.0,31,25.605
2026-05-29T10:09:28.603502+00:00,scheduler,3,0,400.8,10240.0,31,31.744
2026-05-29T10:09:33.604534+00:00,scheduler,0,0,699.9,10240.0,36,33.47
2026-05-29T10:09:33.604534+00:00,scheduler,1,0,376.8,10240.0,33,24.931
2026-05-29T10:09:33.604534+00:00,scheduler,2,0,400.8,10240.0,31,25.774
2026-05-29T10:09:33.604534+00:00,scheduler,3,0,400.8,10240.0,31,31.939
2026-05-29T10:09:38.605458+00:00,scheduler,0,0,699.9,10240.0,35,33.364
2026-05-29T10:09:38.605458+00:00,scheduler,1,0,376.8,10240.0,33,25.331
2026-05-29T10:09:38.605458+00:00,scheduler,2,0,400.8,10240.0,31,25.831
2026-05-29T10:09:38.605458+00:00,scheduler,3,0,400.8,10240.0,31,32.012
2026-05-29T10:09:43.606682+00:00,scheduler,0,0,699.9,10240.0,35,33.298
2026-05-29T10:09:43.606682+00:00,scheduler,1,0,376.8,10240.0,33,25.173
2026-05-29T10:09:43.606682+00:00,scheduler,2,0,400.8,10240.0,31,25.722
2026-05-29T10:09:43.606682+00:00,scheduler,3,0,400.8,10240.0,31,31.841
2026-05-29T10:09:48.607342+00:00,scheduler,0,0,699.9,10240.0,35,34.238
2026-05-29T10:09:48.607342+00:00,scheduler,1,0,376.8,10240.0,33,24.99
2026-05-29T10:09:48.607342+00:00,scheduler,2,0,400.8,10240.0,31,25.941
2026-05-29T10:09:48.607342+00:00,scheduler,3,0,400.8,10240.0,32,33.286
2026-05-29T10:09:53.607992+00:00,scheduler,0,0,699.9,10240.0,34,33.304
2026-05-29T10:09:53.607992+00:00,scheduler,1,0,376.8,10240.0,33,25.216
2026-05-29T10:09:53.607992+00:00,scheduler,2,0,400.8,10240.0,31,25.697
2026-05-29T10:09:53.607992+00:00,scheduler,3,0,400.8,10240.0,31,31.806
2026-05-29T10:09:58.608735+00:00,scheduler,0,0,699.9,10240.0,34,33.651
2026-05-29T10:09:58.608735+00:00,scheduler,1,0,376.8,10240.0,33,25.251
2026-05-29T10:09:58.608735+00:00,scheduler,2,0,400.8,10240.0,31,25.619
2026-05-29T10:09:58.608735+00:00,scheduler,3,0,400.8,10240.0,31,31.937
2026-05-29T10:10:03.609607+00:00,scheduler,0,0,699.9,10240.0,34,33.29
2026-05-29T10:10:03.609607+00:00,scheduler,1,0,376.8,10240.0,33,25.413
2026-05-29T10:10:03.609607+00:00,scheduler,2,0,400.8,10240.0,31,25.71
2026-05-29T10:10:03.609607+00:00,scheduler,3,0,400.8,10240.0,31,31.792
2026-05-29T10:10:08.610358+00:00,scheduler,0,0,699.9,10240.0,33,33.272
2026-05-29T10:10:08.610358+00:00,scheduler,1,0,376.8,10240.0,33,25.573
2026-05-29T10:10:08.610358+00:00,scheduler,2,0,400.8,10240.0,31,25.494
2026-05-29T10:10:08.610358+00:00,scheduler,3,0,400.8,10240.0,31,31.785
2026-05-29T10:10:13.610948+00:00,scheduler,0,0,699.9,10240.0,33,33.282
2026-05-29T10:10:13.610948+00:00,scheduler,1,0,376.8,10240.0,33,25.559
2026-05-29T10:10:13.610948+00:00,scheduler,2,0,400.8,10240.0,31,25.455
2026-05-29T10:10:13.610948+00:00,scheduler,3,0,400.8,10240.0,31,31.864
2026-05-29T10:10:18.611640+00:00,scheduler,0,0,699.9,10240.0,33,33.224
2026-05-29T10:10:18.611640+00:00,scheduler,1,0,376.8,10240.0,33,25.512
2026-05-29T10:10:18.611640+00:00,scheduler,2,0,400.8,10240.0,31,25.606
2026-05-29T10:10:18.611640+00:00,scheduler,3,0,461.9,10240.0,31,31.787
2026-05-29T10:10:23.612859+00:00,scheduler,0,0,699.9,10240.0,33,33.066
2026-05-29T10:10:23.612859+00:00,scheduler,1,0,597.9,10240.0,37,94.523
2026-05-29T10:10:23.612859+00:00,scheduler,2,0,400.8,10240.0,31,25.542
2026-05-29T10:10:23.612859+00:00,scheduler,3,0,621.9,10240.0,36,105.133
2026-05-29T10:10:28.613663+00:00,scheduler,0,0,921.0,10240.0,35,102.363
2026-05-29T10:10:28.613663+00:00,scheduler,1,0,597.9,10240.0,38,94.56
2026-05-29T10:10:28.613663+00:00,scheduler,2,0,400.8,10240.0,31,25.547
2026-05-29T10:10:28.613663+00:00,scheduler,3,0,621.9,10240.0,37,105.516
2026-05-29T10:10:33.614415+00:00,scheduler,0,0,921.0,10240.0,36,102.89
2026-05-29T10:10:33.614415+00:00,scheduler,1,0,597.9,10240.0,38,94.528
2026-05-29T10:10:33.614415+00:00,scheduler,2,0,621.9,10240.0,36,94.851
2026-05-29T10:10:33.614415+00:00,scheduler,3,0,621.9,10240.0,37,105.799
2026-05-29T10:10:38.615218+00:00,scheduler,0,0,921.0,10240.0,36,103.003
2026-05-29T10:10:38.615218+00:00,scheduler,1,0,597.9,10240.0,36,62.783
2026-05-29T10:10:38.615218+00:00,scheduler,2,0,621.9,10240.0,37,95.203
2026-05-29T10:10:38.615218+00:00,scheduler,3,0,621.9,10240.0,34,35.964
2026-05-29T10:10:43.615940+00:00,scheduler,0,0,921.0,10240.0,36,102.986
2026-05-29T10:10:43.615940+00:00,scheduler,1,0,597.9,10240.0,35,25.798
2026-05-29T10:10:43.615940+00:00,scheduler,2,0,621.9,10240.0,37,95.297
2026-05-29T10:10:43.615940+00:00,scheduler,3,0,621.9,10240.0,33,32.114
2026-05-29T10:10:48.616627+00:00,scheduler,0,0,921.0,10240.0,34,33.329
2026-05-29T10:10:48.616627+00:00,scheduler,1,0,597.9,10240.0,35,25.538
2026-05-29T10:10:48.616627+00:00,scheduler,2,0,621.9,10240.0,37,95.51
2026-05-29T10:10:48.616627+00:00,scheduler,3,0,621.9,10240.0,33,32.181
2026-05-29T10:10:53.617372+00:00,scheduler,0,0,921.0,10240.0,33,33.197
2026-05-29T10:10:53.617372+00:00,scheduler,1,0,597.9,10240.0,34,25.345
2026-05-29T10:10:53.617372+00:00,scheduler,2,0,621.9,10240.0,33,25.779
2026-05-29T10:10:53.617372+00:00,scheduler,3,0,621.9,10240.0,33,32.047
2026-05-29T10:10:58.618128+00:00,scheduler,0,0,921.0,10240.0,33,33.232
2026-05-29T10:10:58.618128+00:00,scheduler,1,0,597.9,10240.0,34,25.529
2026-05-29T10:10:58.618128+00:00,scheduler,2,0,621.9,10240.0,33,25.918
2026-05-29T10:10:58.618128+00:00,scheduler,3,25,4421.9,10240.0,36,72.436
2026-05-29T10:11:03.618785+00:00,scheduler,0,0,921.0,10240.0,33,33.304
2026-05-29T10:11:03.618785+00:00,scheduler,1,26,5377.9,10240.0,38,95.518
2026-05-29T10:11:03.618785+00:00,scheduler,2,0,621.9,10240.0,32,25.877
2026-05-29T10:11:03.618785+00:00,scheduler,3,10,8697.9,10240.0,38,122.622
2026-05-29T10:11:08.619467+00:00,scheduler,0,0,921.0,10240.0,33,33.212
2026-05-29T10:11:08.619467+00:00,scheduler,1,10,8673.9,10240.0,39,98.671
2026-05-29T10:11:08.619467+00:00,scheduler,2,0,621.9,10240.0,32,25.82
2026-05-29T10:11:08.619467+00:00,scheduler,3,25,3805.9,10240.0,40,126.371
2026-05-29T10:11:13.620247+00:00,scheduler,0,0,921.0,10240.0,32,33.473
2026-05-29T10:11:13.620247+00:00,scheduler,1,28,6661.9,10240.0,40,113.629
2026-05-29T10:11:13.620247+00:00,scheduler,2,0,621.9,10240.0,32,26.269
2026-05-29T10:11:13.620247+00:00,scheduler,3,100,8447.9,10240.0,56,318.4
2026-05-29T10:11:18.620990+00:00,scheduler,0,35,8741.0,10240.0,35,103.693
2026-05-29T10:11:18.620990+00:00,scheduler,1,100,8423.9,10240.0,54,318.93
2026-05-29T10:11:18.620990+00:00,scheduler,2,15,8697.9,10240.0,39,101.726
2026-05-29T10:11:18.620990+00:00,scheduler,3,100,8447.9,10240.0,57,318.711
2026-05-29T10:11:23.621618+00:00,scheduler,0,5,8997.0,10240.0,36,102.99
2026-05-29T10:11:23.621618+00:00,scheduler,1,100,8423.9,10240.0,55,318.747
2026-05-29T10:11:23.621618+00:00,scheduler,2,10,8697.9,10240.0,38,97.908
2026-05-29T10:11:23.621618+00:00,scheduler,3,100,8447.9,10240.0,59,318.848
2026-05-29T10:11:28.622293+00:00,scheduler,0,5,8997.0,10240.0,36,103.249
2026-05-29T10:11:28.622293+00:00,scheduler,1,10,8423.9,10240.0,47,118.631
2026-05-29T10:11:28.622293+00:00,scheduler,2,0,8447.9,10240.0,50,167.341
2026-05-29T10:11:28.622293+00:00,scheduler,3,10,8447.9,10240.0,44,110.62
2026-05-29T10:11:33.624412+00:00,scheduler,0,37,8317.0,10240.0,37,120.016
2026-05-29T10:11:33.624412+00:00,scheduler,1,10,719.9,10240.0,44,100.561
2026-05-29T10:11:33.624412+00:00,scheduler,2,100,8447.9,10240.0,57,316.467
2026-05-29T10:11:33.624412+00:00,scheduler,3,0,701.9,10240.0,44,110.451
2026-05-29T10:11:38.626454+00:00,scheduler,0,100,8747.0,10240.0,47,318.738
2026-05-29T10:11:38.626454+00:00,scheduler,1,0,677.9,10240.0,44,97.329
2026-05-29T10:11:38.626454+00:00,scheduler,2,100,8447.9,10240.0,58,317.23
2026-05-29T10:11:38.626454+00:00,scheduler,3,0,701.9,10240.0,43,109.593
2026-05-29T10:11:43.632743+00:00,scheduler,0,100,8747.0,10240.0,48,318.825
2026-05-29T10:11:43.632743+00:00,scheduler,1,0,677.9,10240.0,44,97.33
2026-05-29T10:11:43.632743+00:00,scheduler,2,10,8447.9,10240.0,45,108.497
2026-05-29T10:11:43.632743+00:00,scheduler,3,0,701.9,10240.0,43,109.391
2026-05-29T10:11:48.640429+00:00,scheduler,0,5,8747.0,10240.0,42,120.882
2026-05-29T10:11:48.640429+00:00,scheduler,1,0,677.9,10240.0,44,97.071
2026-05-29T10:11:48.640429+00:00,scheduler,2,0,701.9,10240.0,44,127.684
2026-05-29T10:11:48.640429+00:00,scheduler,3,0,701.9,10240.0,39,78.883
2026-05-29T10:11:53.641179+00:00,scheduler,0,11,8747.0,10240.0,40,104.652
2026-05-29T10:11:53.641179+00:00,scheduler,1,27,6367.9,10240.0,44,97.777
2026-05-29T10:11:53.641179+00:00,scheduler,2,0,701.9,10240.0,43,98.693
2026-05-29T10:11:53.641179+00:00,scheduler,3,28,8701.9,10240.0,46,122.713
2026-05-29T10:11:58.641871+00:00,scheduler,0,0,1001.0,10240.0,41,118.356
2026-05-29T10:11:58.641871+00:00,scheduler,1,7,8677.9,10240.0,44,97.667
2026-05-29T10:11:58.641871+00:00,scheduler,2,0,701.9,10240.0,43,98.616
2026-05-29T10:11:58.641871+00:00,scheduler,3,7,8701.9,10240.0,43,109.602
2026-05-29T10:12:03.642560+00:00,scheduler,0,0,1001.0,10240.0,40,104.291
2026-05-29T10:12:03.642560+00:00,scheduler,1,36,6127.9,10240.0,45,119.163
2026-05-29T10:12:03.642560+00:00,scheduler,2,0,701.9,10240.0,42,98.461
2026-05-29T10:12:03.642560+00:00,scheduler,3,23,8449.9,10240.0,43,130.98
2026-05-29T10:12:08.643303+00:00,scheduler,0,0,1001.0,10240.0,40,104.049
2026-05-29T10:12:08.643303+00:00,scheduler,1,100,8425.9,10240.0,57,319.15
2026-05-29T10:12:08.643303+00:00,scheduler,2,0,701.9,10240.0,37,26.929
2026-05-29T10:12:08.643303+00:00,scheduler,3,100,8449.9,10240.0,59,319.323
2026-05-29T10:12:13.645302+00:00,scheduler,0,0,1001.0,10240.0,38,95.93
2026-05-29T10:12:13.645302+00:00,scheduler,1,100,8425.9,10240.0,58,318.39
2026-05-29T10:12:13.645302+00:00,scheduler,2,0,701.9,10240.0,37,26.598
2026-05-29T10:12:13.645302+00:00,scheduler,3,100,8449.9,10240.0,60,318.613
2026-05-29T10:12:18.645985+00:00,scheduler,0,7,9001.0,10240.0,41,119.712
2026-05-29T10:12:18.645985+00:00,scheduler,1,19,8425.9,10240.0,51,127.909
2026-05-29T10:12:18.645985+00:00,scheduler,2,36,5043.9,10240.0,40,68.335
2026-05-29T10:12:18.645985+00:00,scheduler,3,9,8449.9,10240.0,49,141.477
2026-05-29T10:12:23.646792+00:00,scheduler,0,7,9001.0,10240.0,40,104.318
2026-05-29T10:12:23.646792+00:00,scheduler,1,49,675.9,10240.0,49,117.332
2026-05-29T10:12:23.646792+00:00,scheduler,2,7,8701.9,10240.0,41,98.912
2026-05-29T10:12:23.646792+00:00,scheduler,3,100,699.9,10240.0,48,139.036
2026-05-29T10:12:28.647381+00:00,scheduler,0,100,8749.0,10240.0,48,297.55
2026-05-29T10:12:28.647381+00:00,scheduler,1,0,675.9,10240.0,47,97.646
2026-05-29T10:12:28.647381+00:00,scheduler,2,28,4351.9,10240.0,43,109.877
2026-05-29T10:12:28.647381+00:00,scheduler,3,0,699.9,10240.0,45,111.553
2026-05-29T10:12:33.648281+00:00,scheduler,0,100,8749.0,10240.0,50,318.03
2026-05-29T10:12:33.648281+00:00,scheduler,1,0,675.9,10240.0,47,98.286
2026-05-29T10:12:33.648281+00:00,scheduler,2,100,8449.9,10240.0,58,316.698
2026-05-29T10:12:33.648281+00:00,scheduler,3,0,699.9,10240.0,44,110.65
2026-05-29T10:12:38.649004+00:00,scheduler,0,100,8749.0,10240.0,51,318.43
2026-05-29T10:12:38.649004+00:00,scheduler,1,0,675.9,10240.0,47,98.147
2026-05-29T10:12:38.649004+00:00,scheduler,2,100,8449.9,10240.0,60,317.751
2026-05-29T10:12:38.649004+00:00,scheduler,3,0,699.9,10240.0,44,110.186
2026-05-29T10:12:43.649642+00:00,scheduler,0,7,8749.0,10240.0,43,105.329
2026-05-29T10:12:43.649642+00:00,scheduler,1,0,675.9,10240.0,43,25.614
2026-05-29T10:12:43.649642+00:00,scheduler,2,100,8449.9,10240.0,54,287.404
2026-05-29T10:12:43.649642+00:00,scheduler,3,0,699.9,10240.0,39,34.693
2026-05-29T10:12:48.650413+00:00,scheduler,0,7,1063.0,10240.0,42,104.907
2026-05-29T10:12:48.650413+00:00,scheduler,1,26,5113.9,10240.0,45,97.288
2026-05-29T10:12:48.650413+00:00,scheduler,2,10,8449.9,10240.0,45,100.016
2026-05-29T10:12:48.650413+00:00,scheduler,3,0,699.9,10240.0,38,32.406
2026-05-29T10:12:53.651169+00:00,scheduler,0,0,999.0,10240.0,42,106.825
2026-05-29T10:12:53.651169+00:00,scheduler,1,11,8677.9,10240.0,45,98.2
2026-05-29T10:12:53.651169+00:00,scheduler,2,0,699.9,10240.0,45,103.763
2026-05-29T10:12:53.651169+00:00,scheduler,3,26,7757.9,10240.0,41,109.129
2026-05-29T10:12:58.651905+00:00,scheduler,0,0,999.0,10240.0,41,104.524
2026-05-29T10:12:58.651905+00:00,scheduler,1,25,7297.9,10240.0,47,118.121
2026-05-29T10:12:58.651905+00:00,scheduler,2,0,699.9,10240.0,44,98.768
2026-05-29T10:12:58.651905+00:00,scheduler,3,11,8701.9,10240.0,42,109.374
2026-05-29T10:13:03.652591+00:00,scheduler,0,0,999.0,10240.0,41,104.532
2026-05-29T10:13:03.652591+00:00,scheduler,1,100,8425.9,10240.0,58,316.744
2026-05-29T10:13:03.652591+00:00,scheduler,2,0,699.9,10240.0,44,98.684
2026-05-29T10:13:03.652591+00:00,scheduler,3,100,8449.9,10240.0,55,219.971
2026-05-29T10:13:08.653364+00:00,scheduler,0,0,999.0,10240.0,38,49.275
2026-05-29T10:13:08.653364+00:00,scheduler,1,100,8425.9,10240.0,59,318.223
2026-05-29T10:13:08.653364+00:00,scheduler,2,27,5273.9,10240.0,43,67.954
2026-05-29T10:13:08.653364+00:00,scheduler,3,100,8449.9,10240.0,59,319.014
2026-05-29T10:13:13.654078+00:00,scheduler,0,0,999.0,10240.0,37,34.047
2026-05-29T10:13:13.654078+00:00,scheduler,1,14,8425.9,10240.0,51,121.879
2026-05-29T10:13:13.654078+00:00,scheduler,2,7,8701.9,10240.0,43,99.125
2026-05-29T10:13:13.654078+00:00,scheduler,3,100,8449.9,10240.0,60,318.642
2026-05-29T10:13:18.654697+00:00,scheduler,0,0,2469.0,10240.0,38,49.873
2026-05-29T10:13:18.654697+00:00,scheduler,1,75,675.9,10240.0,50,126.289
2026-05-29T10:13:18.654697+00:00,scheduler,2,23,3649.9,10240.0,44,110.024
2026-05-29T10:13:18.654697+00:00,scheduler,3,10,8449.9,10240.0,47,118.281
2026-05-29T10:13:23.655393+00:00,scheduler,0,8,9001.0,10240.0,40,161.868
2026-05-29T10:13:23.655393+00:00,scheduler,1,0,675.9,10240.0,48,98.529
2026-05-29T10:13:23.655393+00:00,scheduler,2,100,8449.9,10240.0,59,318.656
2026-05-29T10:13:23.655393+00:00,scheduler,3,0,699.9,10240.0,47,138.884
2026-05-29T10:13:28.656137+00:00,scheduler,0,8,9001.0,10240.0,39,104.381
2026-05-29T10:13:28.656137+00:00,scheduler,1,0,675.9,10240.0,48,98.261
2026-05-29T10:13:28.656137+00:00,scheduler,2,100,8449.9,10240.0,61,319.284
2026-05-29T10:13:28.656137+00:00,scheduler,3,0,699.9,10240.0,45,110.7
2026-05-29T10:13:33.656765+00:00,scheduler,0,100,8749.0,10240.0,48,317.483
2026-05-29T10:13:33.656765+00:00,scheduler,1,0,675.9,10240.0,47,98.109
2026-05-29T10:13:33.656765+00:00,scheduler,2,100,8449.9,10240.0,62,319.104
2026-05-29T10:13:33.656765+00:00,scheduler,3,0,699.9,10240.0,44,110.382
2026-05-29T10:13:38.657508+00:00,scheduler,0,100,8749.0,10240.0,50,318.214
2026-05-29T10:13:38.657508+00:00,scheduler,1,0,675.9,10240.0,43,25.903
2026-05-29T10:13:38.657508+00:00,scheduler,2,10,8449.9,10240.0,46,100.261
2026-05-29T10:13:38.657508+00:00,scheduler,3,0,699.9,10240.0,44,109.959
2026-05-29T10:13:43.658250+00:00,scheduler,0,100,8749.0,10240.0,51,318.69
2026-05-29T10:13:43.658250+00:00,scheduler,1,0,675.9,10240.0,42,25.391
2026-05-29T10:13:43.658250+00:00,scheduler,2,0,699.9,10240.0,46,103.06
2026-05-29T10:13:43.658250+00:00,scheduler,3,0,699.9,10240.0,39,33.482
2026-05-29T10:13:48.659048+00:00,scheduler,0,7,8749.0,10240.0,42,105.045
2026-05-29T10:13:48.659048+00:00,scheduler,1,0,675.9,10240.0,41,25.934
2026-05-29T10:13:48.659048+00:00,scheduler,2,0,699.9,10240.0,45,98.792
2026-05-29T10:13:48.659048+00:00,scheduler,3,0,699.9,10240.0,38,32.454
2026-05-29T10:13:53.659946+00:00,scheduler,0,0,999.0,10240.0,42,133.774
2026-05-29T10:13:53.659946+00:00,scheduler,1,0,675.9,10240.0,40,26.018
2026-05-29T10:13:53.659946+00:00,scheduler,2,0,699.9,10240.0,44,98.325
2026-05-29T10:13:53.659946+00:00,scheduler,3,0,699.9,10240.0,37,32.368
2026-05-29T10:13:58.660861+00:00,scheduler,0,0,999.0,10240.0,41,104.415
2026-05-29T10:13:58.660861+00:00,scheduler,1,0,675.9,10240.0,40,26.011
2026-05-29T10:13:58.660861+00:00,scheduler,2,0,699.9,10240.0,40,29.134
2026-05-29T10:13:58.660861+00:00,scheduler,3,0,699.9,10240.0,36,32.004
2026-05-29T10:14:03.661876+00:00,scheduler,0,0,999.0,10240.0,41,104.292
2026-05-29T10:14:03.661876+00:00,scheduler,1,0,675.9,10240.0,39,25.984
2026-05-29T10:14:03.661876+00:00,scheduler,2,0,699.9,10240.0,38,25.858
2026-05-29T10:14:03.661876+00:00,scheduler,3,0,699.9,10240.0,35,32.013
2026-05-29T10:14:08.662571+00:00,scheduler,0,0,999.0,10240.0,40,104.171
2026-05-29T10:14:08.662571+00:00,scheduler,1,0,675.9,10240.0,39,25.897
2026-05-29T10:14:08.662571+00:00,scheduler,2,0,699.9,10240.0,37,25.716
2026-05-29T10:14:08.662571+00:00,scheduler,3,0,699.9,10240.0,35,31.846
2026-05-29T10:14:13.663350+00:00,scheduler,0,0,999.0,10240.0,37,34.132
2026-05-29T10:14:13.663350+00:00,scheduler,1,0,675.9,10240.0,39,25.929
2026-05-29T10:14:13.663350+00:00,scheduler,2,0,699.9,10240.0,36,25.597
2026-05-29T10:14:13.663350+00:00,scheduler,3,0,699.9,10240.0,35,31.793
2026-05-29T10:14:18.664183+00:00,scheduler,0,0,999.0,10240.0,37,33.469
2026-05-29T10:14:18.664183+00:00,scheduler,1,0,675.9,10240.0,38,25.81
2026-05-29T10:14:18.664183+00:00,scheduler,2,0,699.9,10240.0,36,25.792
2026-05-29T10:14:18.664183+00:00,scheduler,3,0,699.9,10240.0,34,31.956
2026-05-29T10:14:23.665038+00:00,scheduler,0,0,999.0,10240.0,36,33.492
2026-05-29T10:14:23.665038+00:00,scheduler,1,0,675.9,10240.0,38,25.653
2026-05-29T10:14:23.665038+00:00,scheduler,2,0,699.9,10240.0,35,25.718
2026-05-29T10:14:23.665038+00:00,scheduler,3,0,699.9,10240.0,34,31.863
2026-05-29T10:14:28.666085+00:00,scheduler,0,0,999.0,10240.0,35,33.356
2026-05-29T10:14:28.666085+00:00,scheduler,1,0,675.9,10240.0,38,25.924
2026-05-29T10:14:28.666085+00:00,scheduler,2,0,699.9,10240.0,35,25.727
2026-05-29T10:14:28.666085+00:00,scheduler,3,0,699.9,10240.0,33,32.087
2026-05-29T10:14:33.666844+00:00,scheduler,0,0,999.0,10240.0,35,33.328
2026-05-29T10:14:33.666844+00:00,scheduler,1,0,675.9,10240.0,37,25.681
2026-05-29T10:14:33.666844+00:00,scheduler,2,0,699.9,10240.0,34,25.673
2026-05-29T10:14:33.666844+00:00,scheduler,3,0,699.9,10240.0,33,31.944
2026-05-29T10:14:38.667586+00:00,scheduler,0,0,999.0,10240.0,34,33.387
2026-05-29T10:14:38.667586+00:00,scheduler,1,0,675.9,10240.0,37,25.771
2026-05-29T10:14:38.667586+00:00,scheduler,2,0,699.9,10240.0,34,25.709
2026-05-29T10:14:38.667586+00:00,scheduler,3,0,699.9,10240.0,33,31.868
2026-05-29T10:14:43.668359+00:00,scheduler,0,0,999.0,10240.0,34,33.311
2026-05-29T10:14:43.668359+00:00,scheduler,1,0,675.9,10240.0,37,25.602
2026-05-29T10:14:43.668359+00:00,scheduler,2,0,699.9,10240.0,34,25.8
2026-05-29T10:14:43.668359+00:00,scheduler,3,0,699.9,10240.0,33,31.835
2026-05-29T10:14:48.669093+00:00,scheduler,0,0,999.0,10240.0,34,33.431
2026-05-29T10:14:48.669093+00:00,scheduler,1,0,675.9,10240.0,37,25.612
2026-05-29T10:14:48.669093+00:00,scheduler,2,0,699.9,10240.0,33,25.699
2026-05-29T10:14:48.669093+00:00,scheduler,3,0,699.9,10240.0,33,31.907
2026-05-29T10:14:53.669727+00:00,scheduler,0,0,999.0,10240.0,33,33.456
2026-05-29T10:14:53.669727+00:00,scheduler,1,11,8697.9,10240.0,43,112.758
2026-05-29T10:14:53.669727+00:00,scheduler,2,0,699.9,10240.0,33,25.834
2026-05-29T10:14:53.669727+00:00,scheduler,3,0,699.9,10240.0,33,32.109
2026-05-29T10:14:58.670425+00:00,scheduler,0,0,999.0,10240.0,33,33.426
2026-05-29T10:14:58.670425+00:00,scheduler,1,7,8697.9,10240.0,42,96.406
2026-05-29T10:14:58.670425+00:00,scheduler,2,0,699.9,10240.0,33,25.862
2026-05-29T10:14:58.670425+00:00,scheduler,3,0,699.9,10240.0,32,31.963
2026-05-29T10:15:03.671046+00:00,scheduler,0,0,999.0,10240.0,33,33.346
2026-05-29T10:15:03.671046+00:00,scheduler,1,100,8425.9,10240.0,54,249.191
2026-05-29T10:15:03.671046+00:00,scheduler,2,0,699.9,10240.0,33,25.848
2026-05-29T10:15:03.671046+00:00,scheduler,3,28,6485.9,10240.0,36,106.141
2026-05-29T10:15:08.671829+00:00,scheduler,0,0,999.0,10240.0,32,33.752
2026-05-29T10:15:08.671829+00:00,scheduler,1,100,8425.9,10240.0,56,317.677
2026-05-29T10:15:08.671829+00:00,scheduler,2,0,699.9,10240.0,33,26.296
2026-05-29T10:15:08.671829+00:00,scheduler,3,10,8701.9,10240.0,38,106.425
2026-05-29T10:15:13.672581+00:00,scheduler,0,0,999.0,10240.0,32,33.713
2026-05-29T10:15:13.672581+00:00,scheduler,1,100,8425.9,10240.0,57,314.55
2026-05-29T10:15:13.672581+00:00,scheduler,2,0,699.9,10240.0,32,26.234
2026-05-29T10:15:13.672581+00:00,scheduler,3,26,8449.9,10240.0,39,130.243
2026-05-29T10:15:18.673378+00:00,scheduler,0,0,999.0,10240.0,32,33.629
2026-05-29T10:15:18.673378+00:00,scheduler,1,11,8425.9,10240.0,47,98.477
2026-05-29T10:15:18.673378+00:00,scheduler,2,0,699.9,10240.0,32,26.236
2026-05-29T10:15:18.673378+00:00,scheduler,3,100,8449.9,10240.0,56,319.008
2026-05-29T10:15:23.674021+00:00,scheduler,0,0,999.0,10240.0,32,33.567
2026-05-29T10:15:23.674021+00:00,scheduler,1,0,675.9,10240.0,47,115.53
2026-05-29T10:15:23.674021+00:00,scheduler,2,0,699.9,10240.0,32,26.069
2026-05-29T10:15:23.674021+00:00,scheduler,3,100,8449.9,10240.0,58,318.995
2026-05-29T10:15:28.674675+00:00,scheduler,0,0,999.0,10240.0,32,33.35
2026-05-29T10:15:28.674675+00:00,scheduler,1,0,675.9,10240.0,46,97.587
2026-05-29T10:15:28.674675+00:00,scheduler,2,0,699.9,10240.0,32,25.982
2026-05-29T10:15:28.674675+00:00,scheduler,3,10,8449.9,10240.0,46,138.629
2026-05-29T10:15:33.675466+00:00,scheduler,0,0,999.0,10240.0,32,33.291
2026-05-29T10:15:33.675466+00:00,scheduler,1,0,675.9,10240.0,46,97.504
2026-05-29T10:15:33.675466+00:00,scheduler,2,0,699.9,10240.0,32,25.588
2026-05-29T10:15:33.675466+00:00,scheduler,3,7,8449.9,10240.0,43,109.604
2026-05-29T10:15:38.687638+00:00,scheduler,0,100,9001.0,10240.0,36,162.41
2026-05-29T10:15:38.687638+00:00,scheduler,1,0,675.9,10240.0,45,97.444
2026-05-29T10:15:38.687638+00:00,scheduler,2,0,699.9,10240.0,32,25.875
2026-05-29T10:15:38.687638+00:00,scheduler,3,0,699.9,10240.0,43,119.736
2026-05-29T10:15:43.699451+00:00,scheduler,0,8,3661.0,10240.0,36,110.622
2026-05-29T10:15:43.699451+00:00,scheduler,1,0,675.9,10240.0,42,26.136
2026-05-29T10:15:43.699451+00:00,scheduler,2,0,699.9,10240.0,32,25.61
2026-05-29T10:15:43.699451+00:00,scheduler,3,0,699.9,10240.0,43,108.888
2026-05-29T10:15:48.704886+00:00,scheduler,0,100,8749.0,10240.0,46,318.77
2026-05-29T10:15:48.704886+00:00,scheduler,1,9,8677.9,10240.0,46,124.541
2026-05-29T10:15:48.704886+00:00,scheduler,2,0,699.9,10240.0,32,26.162
2026-05-29T10:15:48.704886+00:00,scheduler,3,0,699.9,10240.0,42,108.937
2026-05-29T10:15:53.705772+00:00,scheduler,0,100,8749.0,10240.0,47,318.954
2026-05-29T10:15:53.705772+00:00,scheduler,1,7,1303.9,10240.0,45,97.548
2026-05-29T10:15:53.705772+00:00,scheduler,2,0,699.9,10240.0,32,26.159
2026-05-29T10:15:53.705772+00:00,scheduler,3,0,699.9,10240.0,39,89.079
2026-05-29T10:15:58.706517+00:00,scheduler,0,19,8749.0,10240.0,42,201.256
2026-05-29T10:15:58.706517+00:00,scheduler,1,100,8425.9,10240.0,57,317.723
2026-05-29T10:15:58.706517+00:00,scheduler,2,0,699.9,10240.0,32,26.173
2026-05-29T10:15:58.706517+00:00,scheduler,3,0,699.9,10240.0,37,33.235
2026-05-29T10:16:03.707333+00:00,scheduler,0,8,8749.0,10240.0,39,104.184
2026-05-29T10:16:03.707333+00:00,scheduler,1,100,8425.9,10240.0,58,316.379
2026-05-29T10:16:03.707333+00:00,scheduler,2,0,699.9,10240.0,31,26.153
2026-05-29T10:16:03.707333+00:00,scheduler,3,0,699.9,10240.0,36,32.934
2026-05-29T10:16:08.707992+00:00,scheduler,0,0,999.0,10240.0,39,106.643
2026-05-29T10:16:08.707992+00:00,scheduler,1,100,8425.9,10240.0,59,318.527
2026-05-29T10:16:08.707992+00:00,scheduler,2,0,699.9,10240.0,31,26.188
2026-05-29T10:16:08.707992+00:00,scheduler,3,0,699.9,10240.0,36,32.883
2026-05-29T10:16:13.708671+00:00,scheduler,0,0,999.0,10240.0,39,103.82
2026-05-29T10:16:13.708671+00:00,scheduler,1,7,8425.9,10240.0,48,97.887
2026-05-29T10:16:13.708671+00:00,scheduler,2,0,699.9,10240.0,31,25.639
2026-05-29T10:16:13.708671+00:00,scheduler,3,0,699.9,10240.0,35,32.019
2026-05-29T10:16:18.709397+00:00,scheduler,0,0,999.0,10240.0,39,103.782
2026-05-29T10:16:18.709397+00:00,scheduler,1,0,675.9,10240.0,49,110.31
2026-05-29T10:16:18.709397+00:00,scheduler,2,0,699.9,10240.0,31,25.557
2026-05-29T10:16:18.709397+00:00,scheduler,3,0,699.9,10240.0,35,32.335
2026-05-29T10:16:23.710092+00:00,scheduler,0,0,999.0,10240.0,37,92.14
2026-05-29T10:16:23.710092+00:00,scheduler,1,0,675.9,10240.0,47,98.187
2026-05-29T10:16:23.710092+00:00,scheduler,2,0,699.9,10240.0,31,25.624
2026-05-29T10:16:23.710092+00:00,scheduler,3,0,699.9,10240.0,34,31.979
2026-05-29T10:16:28.710789+00:00,scheduler,0,0,999.0,10240.0,36,33.574
2026-05-29T10:16:28.710789+00:00,scheduler,1,0,675.9,10240.0,47,98.063
2026-05-29T10:16:28.710789+00:00,scheduler,2,0,699.9,10240.0,31,25.786
2026-05-29T10:16:28.710789+00:00,scheduler,3,46,8701.9,10240.0,42,177.783
2026-05-29T10:16:33.711529+00:00,scheduler,0,7,9001.0,10240.0,39,169.285
2026-05-29T10:16:33.711529+00:00,scheduler,1,0,675.9,10240.0,47,75.648
2026-05-29T10:16:33.711529+00:00,scheduler,2,0,699.9,10240.0,31,25.628
2026-05-29T10:16:33.711529+00:00,scheduler,3,9,1579.9,10240.0,39,107.293
2026-05-29T10:16:38.712506+00:00,scheduler,0,67,1273.0,10240.0,38,107.163
2026-05-29T10:16:38.712506+00:00,scheduler,1,0,1417.9,10240.0,42,25.696
2026-05-29T10:16:38.712506+00:00,scheduler,2,0,699.9,10240.0,31,25.981
2026-05-29T10:16:38.712506+00:00,scheduler,3,100,8449.9,10240.0,56,319.029
2026-05-29T10:16:43.713285+00:00,scheduler,0,100,8749.0,10240.0,48,318.779
2026-05-29T10:16:43.713285+00:00,scheduler,1,35,8677.9,10240.0,47,117.541
2026-05-29T10:16:43.713285+00:00,scheduler,2,0,699.9,10240.0,31,26.257
2026-05-29T10:16:43.713285+00:00,scheduler,3,100,8449.9,10240.0,58,318.739
2026-05-29T10:16:48.713917+00:00,scheduler,0,100,8749.0,10240.0,49,318.634
2026-05-29T10:16:48.713917+00:00,scheduler,1,53,4093.9,10240.0,47,109.797
2026-05-29T10:16:48.713917+00:00,scheduler,2,0,699.9,10240.0,31,26.471
2026-05-29T10:16:48.713917+00:00,scheduler,3,100,8449.9,10240.0,59,318.355
2026-05-29T10:16:53.714474+00:00,scheduler,0,100,8749.0,10240.0,50,319.039
2026-05-29T10:16:53.714474+00:00,scheduler,1,100,8425.9,10240.0,58,317.138
2026-05-29T10:16:53.714474+00:00,scheduler,2,0,699.9,10240.0,31,26.316
2026-05-29T10:16:53.714474+00:00,scheduler,3,10,8449.9,10240.0,45,111.132
2026-05-29T10:16:58.715239+00:00,scheduler,0,7,8749.0,10240.0,42,104.854
2026-05-29T10:16:58.715239+00:00,scheduler,1,100,8425.9,10240.0,59,318.102
2026-05-29T10:16:58.715239+00:00,scheduler,2,0,699.9,10240.0,31,26.327
2026-05-29T10:16:58.715239+00:00,scheduler,3,0,699.9,10240.0,45,138.385
2026-05-29T10:17:03.716034+00:00,scheduler,0,0,999.0,10240.0,42,120.715
2026-05-29T10:17:03.716034+00:00,scheduler,1,100,8425.9,10240.0,54,263.795
2026-05-29T10:17:03.716034+00:00,scheduler,2,0,699.9,10240.0,31,26.503
2026-05-29T10:17:03.716034+00:00,scheduler,3,0,699.9,10240.0,43,109.917
2026-05-29T10:17:08.716761+00:00,scheduler,0,0,999.0,10240.0,41,104.431
2026-05-29T10:17:08.716761+00:00,scheduler,1,10,8425.9,10240.0,49,98.876
2026-05-29T10:17:08.716761+00:00,scheduler,2,12,4933.9,10240.0,35,61.713
2026-05-29T10:17:08.716761+00:00,scheduler,3,0,699.9,10240.0,43,109.373
2026-05-29T10:17:13.717415+00:00,scheduler,0,0,999.0,10240.0,40,104.39
2026-05-29T10:17:13.717415+00:00,scheduler,1,0,675.9,10240.0,48,102.928
2026-05-29T10:17:13.717415+00:00,scheduler,2,10,8701.9,10240.0,36,96.192
2026-05-29T10:17:13.717415+00:00,scheduler,3,0,699.9,10240.0,43,107.892
2026-05-29T10:17:18.718107+00:00,scheduler,0,26,7949.0,10240.0,40,105.192
2026-05-29T10:17:18.718107+00:00,scheduler,1,0,675.9,10240.0,47,98.229
2026-05-29T10:17:18.718107+00:00,scheduler,2,99,3883.9,10240.0,38,103.809
2026-05-29T10:17:18.718107+00:00,scheduler,3,0,699.9,10240.0,38,33.082
2026-05-29T10:17:23.718760+00:00,scheduler,0,40,6065.0,10240.0,40,104.733
2026-05-29T10:17:23.718760+00:00,scheduler,1,0,675.9,10240.0,47,98.222
2026-05-29T10:17:23.718760+00:00,scheduler,2,100,8449.9,10240.0,54,316.231
2026-05-29T10:17:23.718760+00:00,scheduler,3,37,7601.9,10240.0,41,108.628
2026-05-29T10:17:28.719409+00:00,scheduler,0,100,8749.0,10240.0,49,318.694
2026-05-29T10:17:28.719409+00:00,scheduler,1,0,675.9,10240.0,44,27.65
2026-05-29T10:17:28.719409+00:00,scheduler,2,100,8449.9,10240.0,56,315.741
2026-05-29T10:17:28.719409+00:00,scheduler,3,8,8701.9,10240.0,42,117.508
2026-05-29T10:17:33.720170+00:00,scheduler,0,100,8749.0,10240.0,51,319.28
2026-05-29T10:17:33.720170+00:00,scheduler,1,0,675.9,10240.0,42,25.34
2026-05-29T10:17:33.720170+00:00,scheduler,2,100,8449.9,10240.0,58,316.656
2026-05-29T10:17:33.720170+00:00,scheduler,3,32,8449.9,10240.0,44,139.096
2026-05-29T10:17:38.720781+00:00,scheduler,0,100,8749.0,10240.0,52,318.706
2026-05-29T10:17:38.720781+00:00,scheduler,1,0,675.9,10240.0,41,25.258
2026-05-29T10:17:38.720781+00:00,scheduler,2,7,8449.9,10240.0,42,98.73
2026-05-29T10:17:38.720781+00:00,scheduler,3,100,8449.9,10240.0,58,318.757
2026-05-29T10:17:43.721500+00:00,scheduler,0,11,8749.0,10240.0,43,105.127
2026-05-29T10:17:43.721500+00:00,scheduler,1,0,675.9,10240.0,40,25.575
2026-05-29T10:17:43.721500+00:00,scheduler,2,0,699.9,10240.0,43,113.005
2026-05-29T10:17:43.721500+00:00,scheduler,3,100,8449.9,10240.0,59,318.549
2026-05-29T10:17:48.722245+00:00,scheduler,0,0,999.0,10240.0,42,111.894
2026-05-29T10:17:48.722245+00:00,scheduler,1,0,675.9,10240.0,40,25.587
2026-05-29T10:17:48.722245+00:00,scheduler,2,0,699.9,10240.0,41,97.679
2026-05-29T10:17:48.722245+00:00,scheduler,3,7,8449.9,10240.0,47,136.14
2026-05-29T10:17:53.723053+00:00,scheduler,0,0,999.0,10240.0,41,104.567
2026-05-29T10:17:53.723053+00:00,scheduler,1,0,675.9,10240.0,39,25.567
2026-05-29T10:17:53.723053+00:00,scheduler,2,0,699.9,10240.0,41,97.433
2026-05-29T10:17:53.723053+00:00,scheduler,3,11,743.9,10240.0,50,125.805
2026-05-29T10:17:58.723921+00:00,scheduler,0,0,999.0,10240.0,41,104.574
2026-05-29T10:17:58.723921+00:00,scheduler,1,0,675.9,10240.0,39,25.54
2026-05-29T10:17:58.723921+00:00,scheduler,2,0,699.9,10240.0,41,97.318
2026-05-29T10:17:58.723921+00:00,scheduler,3,0,699.9,10240.0,44,110.852
2026-05-29T10:18:03.724762+00:00,scheduler,0,0,999.0,10240.0,39,90.696
2026-05-29T10:18:03.724762+00:00,scheduler,1,0,675.9,10240.0,38,25.538
2026-05-29T10:18:03.724762+00:00,scheduler,2,0,699.9,10240.0,36,26.093
2026-05-29T10:18:03.724762+00:00,scheduler,3,0,699.9,10240.0,44,110.009
2026-05-29T10:18:08.725544+00:00,scheduler,0,0,999.0,10240.0,37,33.536
2026-05-29T10:18:08.725544+00:00,scheduler,1,0,675.9,10240.0,38,25.429
2026-05-29T10:18:08.725544+00:00,scheduler,2,28,7709.9,10240.0,40,97.868
2026-05-29T10:18:08.725544+00:00,scheduler,3,0,699.9,10240.0,43,109.592
2026-05-29T10:18:13.726210+00:00,scheduler,0,0,999.0,10240.0,36,33.597
2026-05-29T10:18:13.726210+00:00,scheduler,1,0,675.9,10240.0,37,25.387
2026-05-29T10:18:13.726210+00:00,scheduler,2,7,8701.9,10240.0,41,97.607
2026-05-29T10:18:13.726210+00:00,scheduler,3,0,699.9,10240.0,39,34.878
2026-05-29T10:18:18.726990+00:00,scheduler,0,0,999.0,10240.0,36,33.474
2026-05-29T10:18:18.726990+00:00,scheduler,1,0,675.9,10240.0,37,25.398
2026-05-29T10:18:18.726990+00:00,scheduler,2,25,8449.9,10240.0,47,131.537
2026-05-29T10:18:18.726990+00:00,scheduler,3,0,699.9,10240.0,37,32.508
2026-05-29T10:18:23.727659+00:00,scheduler,0,0,999.0,10240.0,35,33.674
2026-05-29T10:18:23.727659+00:00,scheduler,1,0,675.9,10240.0,37,24.892
2026-05-29T10:18:23.727659+00:00,scheduler,2,100,8449.9,10240.0,58,317.034
2026-05-29T10:18:23.727659+00:00,scheduler,3,0,699.9,10240.0,37,32.793
2026-05-29T10:18:28.728354+00:00,scheduler,0,0,999.0,10240.0,35,33.796
2026-05-29T10:18:28.728354+00:00,scheduler,1,0,675.9,10240.0,37,24.923
2026-05-29T10:18:28.728354+00:00,scheduler,2,100,8449.9,10240.0,60,316.771
2026-05-29T10:18:28.728354+00:00,scheduler,3,0,699.9,10240.0,36,32.912
2026-05-29T10:18:33.729096+00:00,scheduler,0,0,999.0,10240.0,34,33.326
2026-05-29T10:18:33.729096+00:00,scheduler,1,0,675.9,10240.0,36,25.474
2026-05-29T10:18:33.729096+00:00,scheduler,2,10,8449.9,10240.0,47,111.645
2026-05-29T10:18:33.729096+00:00,scheduler,3,0,699.9,10240.0,35,32.313
2026-05-29T10:18:38.729784+00:00,scheduler,0,0,999.0,10240.0,34,33.306
2026-05-29T10:18:38.729784+00:00,scheduler,1,0,675.9,10240.0,36,25.566
2026-05-29T10:18:38.729784+00:00,scheduler,2,11,699.9,10240.0,47,119.364
2026-05-29T10:18:38.729784+00:00,scheduler,3,0,699.9,10240.0,35,32.101
2026-05-29T10:18:43.730464+00:00,scheduler,0,0,999.0,10240.0,33,33.265
2026-05-29T10:18:43.730464+00:00,scheduler,1,0,675.9,10240.0,36,25.794
2026-05-29T10:18:43.730464+00:00,scheduler,2,0,699.9,10240.0,44,99.583
2026-05-29T10:18:43.730464+00:00,scheduler,3,0,699.9,10240.0,34,32.551
2026-05-29T10:18:48.731267+00:00,scheduler,0,0,999.0,10240.0,33,33.314
2026-05-29T10:18:48.731267+00:00,scheduler,1,0,675.9,10240.0,36,25.41
2026-05-29T10:18:48.731267+00:00,scheduler,2,0,699.9,10240.0,44,97.64
2026-05-29T10:18:48.731267+00:00,scheduler,3,0,699.9,10240.0,34,32.114
2026-05-29T10:18:53.731890+00:00,scheduler,0,0,999.0,10240.0,33,33.214
2026-05-29T10:18:53.731890+00:00,scheduler,1,0,675.9,10240.0,36,25.522
2026-05-29T10:18:53.731890+00:00,scheduler,2,0,699.9,10240.0,43,97.884
2026-05-29T10:18:53.731890+00:00,scheduler,3,0,699.9,10240.0,34,32.025
2026-05-29T10:18:58.732490+00:00,scheduler,0,0,999.0,10240.0,33,33.166
2026-05-29T10:18:58.732490+00:00,scheduler,1,0,675.9,10240.0,36,25.672
2026-05-29T10:18:58.732490+00:00,scheduler,2,0,699.9,10240.0,38,26.629
2026-05-29T10:18:58.732490+00:00,scheduler,3,0,699.9,10240.0,33,31.995
2026-05-29T10:19:03.733176+00:00,scheduler,0,0,999.0,10240.0,32,33.246
2026-05-29T10:19:03.733176+00:00,scheduler,1,0,675.9,10240.0,35,25.411
2026-05-29T10:19:03.733176+00:00,scheduler,2,0,699.9,10240.0,37,25.838
2026-05-29T10:19:03.733176+00:00,scheduler,3,0,699.9,10240.0,33,32.172
2026-05-29T10:19:08.734121+00:00,scheduler,0,0,999.0,10240.0,32,33.302
2026-05-29T10:19:08.734121+00:00,scheduler,1,0,675.9,10240.0,35,25.429
2026-05-29T10:19:08.734121+00:00,scheduler,2,0,699.9,10240.0,36,25.64
2026-05-29T10:19:08.734121+00:00,scheduler,3,0,699.9,10240.0,33,32.049
2026-05-29T10:19:13.734818+00:00,scheduler,0,0,999.0,10240.0,32,33.209
2026-05-29T10:19:13.734818+00:00,scheduler,1,0,675.9,10240.0,35,25.505
2026-05-29T10:19:13.734818+00:00,scheduler,2,46,8701.9,10240.0,42,113.811
2026-05-29T10:19:13.734818+00:00,scheduler,3,0,699.9,10240.0,33,32.288
2026-05-29T10:19:18.735348+00:00,scheduler,0,0,999.0,10240.0,32,33.202
2026-05-29T10:19:18.735348+00:00,scheduler,1,0,2873.9,10240.0,38,44.749
2026-05-29T10:19:18.735348+00:00,scheduler,2,9,8701.9,10240.0,41,98.069
2026-05-29T10:19:18.735348+00:00,scheduler,3,0,699.9,10240.0,32,31.969
2026-05-29T10:19:23.736054+00:00,scheduler,0,0,999.0,10240.0,32,33.569
2026-05-29T10:19:23.736054+00:00,scheduler,1,9,8677.9,10240.0,41,113.167
2026-05-29T10:19:23.736054+00:00,scheduler,2,100,8449.9,10240.0,57,319.035
2026-05-29T10:19:23.736054+00:00,scheduler,3,0,699.9,10240.0,32,32.738
2026-05-29T10:19:28.736811+00:00,scheduler,0,0,999.0,10240.0,32,33.378
2026-05-29T10:19:28.736811+00:00,scheduler,1,25,8425.9,10240.0,40,104.828
2026-05-29T10:19:28.736811+00:00,scheduler,2,100,8449.9,10240.0,59,318.622
2026-05-29T10:19:28.736811+00:00,scheduler,3,0,699.9,10240.0,32,32.569
2026-05-29T10:19:33.737499+00:00,scheduler,0,0,999.0,10240.0,31,33.458
2026-05-29T10:19:33.737499+00:00,scheduler,1,100,8425.9,10240.0,55,318.843
2026-05-29T10:19:33.737499+00:00,scheduler,2,100,8449.9,10240.0,61,318.387
2026-05-29T10:19:33.737499+00:00,scheduler,3,0,699.9,10240.0,32,32.624
2026-05-29T10:19:38.738162+00:00,scheduler,0,0,999.0,10240.0,31,33.387
2026-05-29T10:19:38.738162+00:00,scheduler,1,100,8425.9,10240.0,56,319.056
2026-05-29T10:19:38.738162+00:00,scheduler,2,9,8449.9,10240.0,46,100.611
2026-05-29T10:19:38.738162+00:00,scheduler,3,0,699.9,10240.0,32,32.838
2026-05-29T10:19:43.739336+00:00,scheduler,0,8,9001.0,10240.0,36,176.034
2026-05-29T10:19:43.739336+00:00,scheduler,1,10,8425.9,10240.0,46,113.37
2026-05-29T10:19:43.739336+00:00,scheduler,2,0,699.9,10240.0,45,106.472
2026-05-29T10:19:43.739336+00:00,scheduler,3,0,699.9,10240.0,32,32.309
2026-05-29T10:19:48.740452+00:00,scheduler,0,43,8395.0,10240.0,36,118.815
2026-05-29T10:19:48.740452+00:00,scheduler,1,0,675.9,10240.0,46,129.443
2026-05-29T10:19:48.740452+00:00,scheduler,2,0,699.9,10240.0,44,99.152
2026-05-29T10:19:48.740452+00:00,scheduler,3,0,699.9,10240.0,32,32.106
2026-05-29T10:19:53.741345+00:00,scheduler,0,100,8749.0,10240.0,46,318.926
2026-05-29T10:19:53.741345+00:00,scheduler,1,0,675.9,10240.0,44,97.188
2026-05-29T10:19:53.741345+00:00,scheduler,2,0,699.9,10240.0,44,98.304
2026-05-29T10:19:53.741345+00:00,scheduler,3,0,699.9,10240.0,32,32.729
2026-05-29T10:19:58.742089+00:00,scheduler,0,100,8749.0,10240.0,47,319.008
2026-05-29T10:19:58.742089+00:00,scheduler,1,0,675.9,10240.0,44,97.094
2026-05-29T10:19:58.742089+00:00,scheduler,2,0,699.9,10240.0,41,85.406
2026-05-29T10:19:58.742089+00:00,scheduler,3,0,699.9,10240.0,32,32.666
2026-05-29T10:20:03.743544+00:00,scheduler,0,8,8749.0,10240.0,40,117.038
2026-05-29T10:20:03.743544+00:00,scheduler,1,0,675.9,10240.0,44,97.104
2026-05-29T10:20:03.743544+00:00,scheduler,2,0,699.9,10240.0,38,26.153
2026-05-29T10:20:03.743544+00:00,scheduler,3,0,699.9,10240.0,31,32.156
2026-05-29T10:20:08.744477+00:00,scheduler,0,0,999.0,10240.0,40,128.722
2026-05-29T10:20:08.744477+00:00,scheduler,1,26,8677.9,10240.0,44,98.1
2026-05-29T10:20:08.744477+00:00,scheduler,2,0,699.9,10240.0,37,25.823
2026-05-29T10:20:08.744477+00:00,scheduler,3,0,699.9,10240.0,31,31.854
2026-05-29T10:20:13.745231+00:00,scheduler,0,0,999.0,10240.0,39,103.755
2026-05-29T10:20:13.745231+00:00,scheduler,1,7,2707.9,10240.0,45,100.426
2026-05-29T10:20:13.745231+00:00,scheduler,2,0,699.9,10240.0,36,25.604
2026-05-29T10:20:13.745231+00:00,scheduler,3,0,699.9,10240.0,31,31.998
2026-05-29T10:20:18.745999+00:00,scheduler,0,0,999.0,10240.0,39,103.828
2026-05-29T10:20:18.745999+00:00,scheduler,1,100,8425.9,10240.0,57,318.743
2026-05-29T10:20:18.745999+00:00,scheduler,2,0,699.9,10240.0,36,26.136
2026-05-29T10:20:18.745999+00:00,scheduler,3,0,699.9,10240.0,31,32.438
2026-05-29T10:20:23.746753+00:00,scheduler,0,0,999.0,10240.0,39,103.86
2026-05-29T10:20:23.746753+00:00,scheduler,1,100,8425.9,10240.0,58,317.479
2026-05-29T10:20:23.746753+00:00,scheduler,2,0,699.9,10240.0,35,26.294
2026-05-29T10:20:23.746753+00:00,scheduler,3,0,699.9,10240.0,31,32.463
2026-05-29T10:20:28.747497+00:00,scheduler,0,0,999.0,10240.0,36,33.697
2026-05-29T10:20:28.747497+00:00,scheduler,1,26,8425.9,10240.0,53,269.983
2026-05-29T10:20:28.747497+00:00,scheduler,2,0,699.9,10240.0,35,26.002
2026-05-29T10:20:28.747497+00:00,scheduler,3,0,699.9,10240.0,31,32.421
2026-05-29T10:20:33.748231+00:00,scheduler,0,0,999.0,10240.0,35,33.364
2026-05-29T10:20:33.748231+00:00,scheduler,1,13,1045.9,10240.0,48,98.365
2026-05-29T10:20:33.748231+00:00,scheduler,2,0,699.9,10240.0,34,25.518
2026-05-29T10:20:33.748231+00:00,scheduler,3,0,699.9,10240.0,31,31.827
2026-05-29T10:20:38.748953+00:00,scheduler,0,0,999.0,10240.0,35,33.22
2026-05-29T10:20:38.748953+00:00,scheduler,1,0,675.9,10240.0,47,97.437
2026-05-29T10:20:38.748953+00:00,scheduler,2,0,699.9,10240.0,34,25.639
2026-05-29T10:20:38.748953+00:00,scheduler,3,0,699.9,10240.0,31,31.772
2026-05-29T10:20:43.749597+00:00,scheduler,0,0,999.0,10240.0,34,33.459
2026-05-29T10:20:43.749597+00:00,scheduler,1,0,675.9,10240.0,47,97.897
2026-05-29T10:20:43.749597+00:00,scheduler,2,0,699.9,10240.0,34,25.496
2026-05-29T10:20:43.749597+00:00,scheduler,3,0,699.9,10240.0,31,31.834
2026-05-29T10:20:48.750294+00:00,scheduler,0,0,999.0,10240.0,34,33.25
2026-05-29T10:20:48.750294+00:00,scheduler,1,0,675.9,10240.0,46,97.778
2026-05-29T10:20:48.750294+00:00,scheduler,2,0,699.9,10240.0,33,25.611
2026-05-29T10:20:48.750294+00:00,scheduler,3,0,699.9,10240.0,31,31.764
2026-05-29T10:20:53.751095+00:00,scheduler,0,12,9001.0,10240.0,38,116.626
2026-05-29T10:20:53.751095+00:00,scheduler,1,0,675.9,10240.0,42,26.929
2026-05-29T10:20:53.751095+00:00,scheduler,2,0,699.9,10240.0,33,25.699
2026-05-29T10:20:53.751095+00:00,scheduler,3,0,699.9,10240.0,31,31.823
2026-05-29T10:20:58.751865+00:00,scheduler,0,100,8749.0,10240.0,47,318.842
2026-05-29T10:20:58.751865+00:00,scheduler,1,0,675.9,10240.0,41,25.412
2026-05-29T10:20:58.751865+00:00,scheduler,2,0,699.9,10240.0,33,25.898
2026-05-29T10:20:58.751865+00:00,scheduler,3,0,699.9,10240.0,31,32.165
2026-05-29T10:21:03.752625+00:00,scheduler,0,100,8749.0,10240.0,49,318.519
2026-05-29T10:21:03.752625+00:00,scheduler,1,0,675.9,10240.0,40,25.472
2026-05-29T10:21:03.752625+00:00,scheduler,2,0,699.9,10240.0,33,26.149
2026-05-29T10:21:03.752625+00:00,scheduler,3,0,699.9,10240.0,31,32.366
2026-05-29T10:21:08.753421+00:00,scheduler,0,100,8749.0,10240.0,50,318.044
2026-05-29T10:21:08.753421+00:00,scheduler,1,47,8677.9,10240.0,46,117.956
2026-05-29T10:21:08.753421+00:00,scheduler,2,0,699.9,10240.0,33,26.142
2026-05-29T10:21:08.753421+00:00,scheduler,3,0,699.9,10240.0,31,32.419
2026-05-29T10:21:13.754267+00:00,scheduler,0,8,8749.0,10240.0,41,104.631
2026-05-29T10:21:13.754267+00:00,scheduler,1,27,6829.9,10240.0,45,113.761
2026-05-29T10:21:13.754267+00:00,scheduler,2,0,699.9,10240.0,32,25.735
2026-05-29T10:21:13.754267+00:00,scheduler,3,0,699.9,10240.0,31,31.7
2026-05-29T10:21:18.755009+00:00,scheduler,0,0,999.0,10240.0,41,111.201
2026-05-29T10:21:18.755009+00:00,scheduler,1,100,8425.9,10240.0,57,316.85
2026-05-29T10:21:18.755009+00:00,scheduler,2,0,699.9,10240.0,32,26.211
2026-05-29T10:21:18.755009+00:00,scheduler,3,0,699.9,10240.0,31,32.413
2026-05-29T10:21:23.755705+00:00,scheduler,0,0,999.0,10240.0,40,104.275
2026-05-29T10:21:23.755705+00:00,scheduler,1,100,8425.9,10240.0,58,317.799
2026-05-29T10:21:23.755705+00:00,scheduler,2,0,699.9,10240.0,32,26.174
2026-05-29T10:21:23.755705+00:00,scheduler,3,0,699.9,10240.0,31,32.545
2026-05-29T10:21:28.756310+00:00,scheduler,0,0,999.0,10240.0,40,104.157
2026-05-29T10:21:28.756310+00:00,scheduler,1,9,8425.9,10240.0,50,119.899
2026-05-29T10:21:28.756310+00:00,scheduler,2,0,699.9,10240.0,32,25.896
2026-05-29T10:21:28.756310+00:00,scheduler,3,0,699.9,10240.0,31,32.235
2026-05-29T10:21:33.757105+00:00,scheduler,0,11,9001.0,10240.0,41,121.419
2026-05-29T10:21:33.757105+00:00,scheduler,1,0,675.9,10240.0,48,125.107
2026-05-29T10:21:33.757105+00:00,scheduler,2,0,699.9,10240.0,32,25.91
2026-05-29T10:21:33.757105+00:00,scheduler,3,0,699.9,10240.0,31,31.854
2026-05-29T10:21:38.757725+00:00,scheduler,0,100,8749.0,10240.0,48,310.19
2026-05-29T10:21:38.757725+00:00,scheduler,1,0,675.9,10240.0,47,97.709
2026-05-29T10:21:38.757725+00:00,scheduler,2,0,699.9,10240.0,32,25.772
2026-05-29T10:21:38.757725+00:00,scheduler,3,0,699.9,10240.0,31,31.86
2026-05-29T10:21:43.758443+00:00,scheduler,0,100,8749.0,10240.0,50,316.787
2026-05-29T10:21:43.758443+00:00,scheduler,1,0,675.9,10240.0,46,97.582
2026-05-29T10:21:43.758443+00:00,scheduler,2,0,699.9,10240.0,32,26.023
2026-05-29T10:21:43.758443+00:00,scheduler,3,0,699.9,10240.0,31,32.537
2026-05-29T10:21:48.759137+00:00,scheduler,0,100,8749.0,10240.0,51,318.97
2026-05-29T10:21:48.759137+00:00,scheduler,1,0,675.9,10240.0,46,97.553
2026-05-29T10:21:48.759137+00:00,scheduler,2,0,699.9,10240.0,32,26.063
2026-05-29T10:21:48.759137+00:00,scheduler,3,0,699.9,10240.0,31,32.478
2026-05-29T10:21:53.759740+00:00,scheduler,0,11,8749.0,10240.0,43,105.168
2026-05-29T10:21:53.759740+00:00,scheduler,1,0,675.9,10240.0,42,26.254
2026-05-29T10:21:53.759740+00:00,scheduler,2,0,699.9,10240.0,32,25.6
2026-05-29T10:21:53.759740+00:00,scheduler,3,0,699.9,10240.0,31,31.899
2026-05-29T10:21:58.760421+00:00,scheduler,0,0,999.0,10240.0,43,120.295
2026-05-29T10:21:58.760421+00:00,scheduler,1,0,675.9,10240.0,41,26.013
2026-05-29T10:21:58.760421+00:00,scheduler,2,0,699.9,10240.0,32,25.466
2026-05-29T10:21:58.760421+00:00,scheduler,3,0,699.9,10240.0,31,31.793
2026-05-29T10:22:03.761188+00:00,scheduler,0,0,999.0,10240.0,42,104.692
2026-05-29T10:22:03.761188+00:00,scheduler,1,0,675.9,10240.0,40,25.888
2026-05-29T10:22:03.761188+00:00,scheduler,2,0,699.9,10240.0,32,25.425
2026-05-29T10:22:03.761188+00:00,scheduler,3,0,699.9,10240.0,31,31.842
2026-05-29T10:22:08.761911+00:00,scheduler,0,0,999.0,10240.0,41,104.565
2026-05-29T10:22:08.761911+00:00,scheduler,1,0,675.9,10240.0,39,25.686
2026-05-29T10:22:08.761911+00:00,scheduler,2,0,699.9,10240.0,31,25.69
2026-05-29T10:22:08.761911+00:00,scheduler,3,10,8701.9,10240.0,38,133.196
2026-05-29T10:22:13.762649+00:00,scheduler,0,0,999.0,10240.0,41,104.423
2026-05-29T10:22:13.762649+00:00,scheduler,1,0,675.9,10240.0,39,25.87
2026-05-29T10:22:13.762649+00:00,scheduler,2,0,699.9,10240.0,31,25.56
2026-05-29T10:22:13.762649+00:00,scheduler,3,10,8701.9,10240.0,37,105.87
2026-05-29T10:22:18.763389+00:00,scheduler,0,0,999.0,10240.0,38,33.617
2026-05-29T10:22:18.763389+00:00,scheduler,1,0,675.9,10240.0,38,25.2
2026-05-29T10:22:18.763389+00:00,scheduler,2,0,699.9,10240.0,31,25.702
2026-05-29T10:22:18.763389+00:00,scheduler,3,100,8449.9,10240.0,52,317.889
2026-05-29T10:22:23.764163+00:00,scheduler,0,0,999.0,10240.0,37,33.82
2026-05-29T10:22:23.764163+00:00,scheduler,1,0,675.9,10240.0,38,25.109
2026-05-29T10:22:23.764163+00:00,scheduler,2,0,699.9,10240.0,31,25.908
2026-05-29T10:22:23.764163+00:00,scheduler,3,100,8449.9,10240.0,56,319.357
2026-05-29T10:22:28.764819+00:00,scheduler,0,0,999.0,10240.0,36,33.542
2026-05-29T10:22:28.764819+00:00,scheduler,1,0,675.9,10240.0,37,25.045
2026-05-29T10:22:28.764819+00:00,scheduler,2,0,699.9,10240.0,31,25.964
2026-05-29T10:22:28.764819+00:00,scheduler,3,100,8449.9,10240.0,57,318.725
2026-05-29T10:22:33.765555+00:00,scheduler,0,0,999.0,10240.0,35,33.463
2026-05-29T10:22:33.765555+00:00,scheduler,1,0,675.9,10240.0,37,25.603
2026-05-29T10:22:33.765555+00:00,scheduler,2,0,699.9,10240.0,31,25.514
2026-05-29T10:22:33.765555+00:00,scheduler,3,10,8449.9,10240.0,43,109.944
2026-05-29T10:22:38.766674+00:00,scheduler,0,0,999.0,10240.0,35,33.437
2026-05-29T10:22:38.766674+00:00,scheduler,1,0,675.9,10240.0,37,25.455
2026-05-29T10:22:38.766674+00:00,scheduler,2,0,699.9,10240.0,31,25.557
2026-05-29T10:22:38.766674+00:00,scheduler,3,46,699.9,10240.0,44,140.662
2026-05-29T10:22:43.767378+00:00,scheduler,0,0,999.0,10240.0,35,33.334
2026-05-29T10:22:43.767378+00:00,scheduler,1,0,675.9,10240.0,36,25.673
2026-05-29T10:22:43.767378+00:00,scheduler,2,0,699.9,10240.0,31,25.535
2026-05-29T10:22:43.767378+00:00,scheduler,3,0,699.9,10240.0,42,108.695
2026-05-29T10:22:48.768139+00:00,scheduler,0,0,999.0,10240.0,34,33.224
2026-05-29T10:22:48.768139+00:00,scheduler,1,0,675.9,10240.0,36,25.535
2026-05-29T10:22:48.768139+00:00,scheduler,2,0,699.9,10240.0,31,25.55
2026-05-29T10:22:48.768139+00:00,scheduler,3,0,699.9,10240.0,42,108.697
2026-05-29T10:22:53.769106+00:00,scheduler,0,0,999.0,10240.0,34,33.278
2026-05-29T10:22:53.769106+00:00,scheduler,1,0,675.9,10240.0,36,25.448
2026-05-29T10:22:53.769106+00:00,scheduler,2,0,699.9,10240.0,31,25.594
2026-05-29T10:22:53.769106+00:00,scheduler,3,0,699.9,10240.0,42,108.612
2026-05-29T10:22:58.769851+00:00,scheduler,0,0,999.0,10240.0,33,33.427
2026-05-29T10:22:58.769851+00:00,scheduler,1,0,675.9,10240.0,36,25.497
2026-05-29T10:22:58.769851+00:00,scheduler,2,0,699.9,10240.0,31,25.645
2026-05-29T10:22:58.769851+00:00,scheduler,3,26,8701.9,10240.0,44,114.573
2026-05-29T10:23:03.770602+00:00,scheduler,0,0,999.0,10240.0,33,33.32
2026-05-29T10:23:03.770602+00:00,scheduler,1,0,675.9,10240.0,36,25.544
2026-05-29T10:23:03.770602+00:00,scheduler,2,0,699.9,10240.0,31,25.546
2026-05-29T10:23:03.770602+00:00,scheduler,3,10,8701.9,10240.0,42,108.845
2026-05-29T10:23:08.771485+00:00,scheduler,0,0,999.0,10240.0,33,33.534
2026-05-29T10:23:08.771485+00:00,scheduler,1,0,675.9,10240.0,35,25.34
2026-05-29T10:23:08.771485+00:00,scheduler,2,0,699.9,10240.0,31,25.676
2026-05-29T10:23:08.771485+00:00,scheduler,3,100,8449.9,10240.0,56,294.857
2026-05-29T10:23:13.772224+00:00,scheduler,0,0,999.0,10240.0,33,33.559
2026-05-29T10:23:13.772224+00:00,scheduler,1,0,675.9,10240.0,35,24.859
2026-05-29T10:23:13.772224+00:00,scheduler,2,0,699.9,10240.0,31,25.859
2026-05-29T10:23:13.772224+00:00,scheduler,3,100,8449.9,10240.0,58,318.218
2026-05-29T10:23:18.772849+00:00,scheduler,0,0,999.0,10240.0,33,33.57
2026-05-29T10:23:18.772849+00:00,scheduler,1,0,675.9,10240.0,35,24.908
2026-05-29T10:23:18.772849+00:00,scheduler,2,0,699.9,10240.0,31,25.875
2026-05-29T10:23:18.772849+00:00,scheduler,3,100,8449.9,10240.0,59,318.724
2026-05-29T10:23:23.773553+00:00,scheduler,0,0,999.0,10240.0,32,33.226
2026-05-29T10:23:23.773553+00:00,scheduler,1,0,675.9,10240.0,35,25.608
2026-05-29T10:23:23.773553+00:00,scheduler,2,0,699.9,10240.0,31,25.427
2026-05-29T10:23:23.773553+00:00,scheduler,3,7,8449.9,10240.0,46,111.524
2026-05-29T10:23:28.774599+00:00,scheduler,0,0,999.0,10240.0,32,33.29
2026-05-29T10:23:28.774599+00:00,scheduler,1,0,675.9,10240.0,35,25.235
2026-05-29T10:23:28.774599+00:00,scheduler,2,0,699.9,10240.0,31,25.444
2026-05-29T10:23:28.774599+00:00,scheduler,3,1,699.9,10240.0,47,152.485
2026-05-29T10:23:33.775473+00:00,scheduler,0,0,999.0,10240.0,32,33.259
2026-05-29T10:23:33.775473+00:00,scheduler,1,0,675.9,10240.0,35,25.25
2026-05-29T10:23:33.775473+00:00,scheduler,2,0,699.9,10240.0,31,25.435
2026-05-29T10:23:33.775473+00:00,scheduler,3,0,699.9,10240.0,45,110.672
2026-05-29T10:23:38.776444+00:00,scheduler,0,0,999.0,10240.0,32,33.116
2026-05-29T10:23:38.776444+00:00,scheduler,1,0,675.9,10240.0,34,25.41
2026-05-29T10:23:38.776444+00:00,scheduler,2,0,699.9,10240.0,31,25.367
2026-05-29T10:23:38.776444+00:00,scheduler,3,0,699.9,10240.0,44,110.036
2026-05-29T10:23:43.777312+00:00,scheduler,0,0,999.0,10240.0,32,33.265
2026-05-29T10:23:43.777312+00:00,scheduler,1,0,675.9,10240.0,34,25.56
2026-05-29T10:23:43.777312+00:00,scheduler,2,0,699.9,10240.0,31,25.327
2026-05-29T10:23:43.777312+00:00,scheduler,3,0,699.9,10240.0,44,109.828
2026-05-29T10:23:48.778128+00:00,scheduler,0,0,999.0,10240.0,32,33.161
2026-05-29T10:23:48.778128+00:00,scheduler,1,0,675.9,10240.0,34,25.447
2026-05-29T10:23:48.778128+00:00,scheduler,2,0,699.9,10240.0,31,25.388
2026-05-29T10:23:48.778128+00:00,scheduler,3,0,699.9,10240.0,39,32.94
2026-05-29T10:23:53.778881+00:00,scheduler,0,0,999.0,10240.0,32,33.136
2026-05-29T10:23:53.778881+00:00,scheduler,1,0,675.9,10240.0,34,25.461
2026-05-29T10:23:53.778881+00:00,scheduler,2,0,699.9,10240.0,31,25.515
2026-05-29T10:23:53.778881+00:00,scheduler,3,0,699.9,10240.0,38,32.505
2026-05-29T10:23:58.780179+00:00,scheduler,0,0,999.0,10240.0,31,33.251
2026-05-29T10:23:58.780179+00:00,scheduler,1,0,675.9,10240.0,34,25.608
2026-05-29T10:23:58.780179+00:00,scheduler,2,0,699.9,10240.0,31,25.431
2026-05-29T10:23:58.780179+00:00,scheduler,3,0,699.9,10240.0,37,32.328
2026-05-29T10:24:03.780963+00:00,scheduler,0,0,999.0,10240.0,31,33.214
2026-05-29T10:24:03.780963+00:00,scheduler,1,0,675.9,10240.0,34,25.397
2026-05-29T10:24:03.780963+00:00,scheduler,2,0,699.9,10240.0,31,25.409
2026-05-29T10:24:03.780963+00:00,scheduler,3,26,6049.9,10240.0,40,108.006
2026-05-29T10:24:08.782109+00:00,scheduler,0,38,4865.0,10240.0,34,60.799
2026-05-29T10:24:08.782109+00:00,scheduler,1,0,675.9,10240.0,34,25.215
2026-05-29T10:24:08.782109+00:00,scheduler,2,26,7505.9,10240.0,35,96.203
2026-05-29T10:24:08.782109+00:00,scheduler,3,8,8701.9,10240.0,41,116.726
2026-05-29T10:24:13.782815+00:00,scheduler,0,11,5729.0,10240.0,35,113.566
2026-05-29T10:24:13.782815+00:00,scheduler,1,0,675.9,10240.0,34,25.103
2026-05-29T10:24:13.782815+00:00,scheduler,2,9,8701.9,10240.0,37,96.121
2026-05-29T10:24:13.782815+00:00,scheduler,3,100,8449.9,10240.0,53,195.449
2026-05-29T10:24:18.783473+00:00,scheduler,0,100,8749.0,10240.0,45,318.406
2026-05-29T10:24:18.783473+00:00,scheduler,1,0,675.9,10240.0,34,24.577
2026-05-29T10:24:18.783473+00:00,scheduler,2,26,8023.9,10240.0,37,106.15
2026-05-29T10:24:18.783473+00:00,scheduler,3,100,8449.9,10240.0,58,319.101
2026-05-29T10:24:23.784120+00:00,scheduler,0,100,8749.0,10240.0,47,317.736
2026-05-29T10:24:23.784120+00:00,scheduler,1,0,675.9,10240.0,34,24.711
2026-05-29T10:24:23.784120+00:00,scheduler,2,100,8449.9,10240.0,55,318.016
2026-05-29T10:24:23.784120+00:00,scheduler,3,100,8449.9,10240.0,59,318.298
2026-05-29T10:24:28.784822+00:00,scheduler,0,10,8749.0,10240.0,43,288.057
2026-05-29T10:24:28.784822+00:00,scheduler,1,0,675.9,10240.0,34,24.72
2026-05-29T10:24:28.784822+00:00,scheduler,2,100,8449.9,10240.0,57,317.442
2026-05-29T10:24:28.784822+00:00,scheduler,3,10,8449.9,10240.0,47,123.283
2026-05-29T10:24:33.785465+00:00,scheduler,0,8,8749.0,10240.0,39,104.159
2026-05-29T10:24:33.785465+00:00,scheduler,1,0,675.9,10240.0,34,24.837
2026-05-29T10:24:33.785465+00:00,scheduler,2,18,8449.9,10240.0,45,114.135
2026-05-29T10:24:33.785465+00:00,scheduler,3,0,699.9,10240.0,47,148.487
2026-05-29T10:24:38.786121+00:00,scheduler,0,0,999.0,10240.0,39,106.623
2026-05-29T10:24:38.786121+00:00,scheduler,1,0,675.9,10240.0,34,24.838
2026-05-29T10:24:38.786121+00:00,scheduler,2,7,8449.9,10240.0,42,98.862
2026-05-29T10:24:38.786121+00:00,scheduler,3,0,699.9,10240.0,44,110.764
2026-05-29T10:24:43.786887+00:00,scheduler,0,0,999.0,10240.0,39,104.042
2026-05-29T10:24:43.786887+00:00,scheduler,1,0,675.9,10240.0,34,25.005
2026-05-29T10:24:43.786887+00:00,scheduler,2,0,699.9,10240.0,42,102.035
2026-05-29T10:24:43.786887+00:00,scheduler,3,0,699.9,10240.0,44,110.145
2026-05-29T10:24:48.787716+00:00,scheduler,0,0,999.0,10240.0,39,104.047
2026-05-29T10:24:48.787716+00:00,scheduler,1,0,675.9,10240.0,33,24.991
2026-05-29T10:24:48.787716+00:00,scheduler,2,0,699.9,10240.0,42,97.852
2026-05-29T10:24:48.787716+00:00,scheduler,3,0,699.9,10240.0,44,109.978
2026-05-29T10:24:53.788469+00:00,scheduler,0,0,999.0,10240.0,37,61.279
2026-05-29T10:24:53.788469+00:00,scheduler,1,0,675.9,10240.0,33,25.116
2026-05-29T10:24:53.788469+00:00,scheduler,2,27,6049.9,10240.0,42,99.463
2026-05-29T10:24:53.788469+00:00,scheduler,3,0,699.9,10240.0,39,32.632
2026-05-29T10:24:58.789125+00:00,scheduler,0,34,9001.0,10240.0,40,170.619
2026-05-29T10:24:58.789125+00:00,scheduler,1,0,675.9,10240.0,33,24.732
2026-05-29T10:24:58.789125+00:00,scheduler,2,8,8701.9,10240.0,42,98.665
2026-05-29T10:24:58.789125+00:00,scheduler,3,0,699.9,10240.0,37,32.693
2026-05-29T10:25:03.789834+00:00,scheduler,0,100,8749.0,10240.0,47,230.382
2026-05-29T10:25:03.789834+00:00,scheduler,1,0,675.9,10240.0,33,25.009
2026-05-29T10:25:03.789834+00:00,scheduler,2,100,8449.9,10240.0,51,145.901
2026-05-29T10:25:03.789834+00:00,scheduler,3,0,699.9,10240.0,37,32.615
2026-05-29T10:25:08.790490+00:00,scheduler,0,100,8749.0,10240.0,49,318.479
2026-05-29T10:25:08.790490+00:00,scheduler,1,0,675.9,10240.0,33,24.397
2026-05-29T10:25:08.790490+00:00,scheduler,2,100,8449.9,10240.0,59,316.855
2026-05-29T10:25:08.790490+00:00,scheduler,3,0,699.9,10240.0,36,33.139
2026-05-29T10:25:13.791010+00:00,scheduler,0,100,8749.0,10240.0,51,318.81
2026-05-29T10:25:13.791010+00:00,scheduler,1,0,675.9,10240.0,33,24.315
2026-05-29T10:25:13.791010+00:00,scheduler,2,100,8449.9,10240.0,61,318.613
2026-05-29T10:25:13.791010+00:00,scheduler,3,0,699.9,10240.0,35,33.148
2026-05-29T10:25:18.791681+00:00,scheduler,0,9,8749.0,10240.0,43,111.145
2026-05-29T10:25:18.791681+00:00,scheduler,1,0,675.9,10240.0,33,24.745
2026-05-29T10:25:18.791681+00:00,scheduler,2,9,8449.9,10240.0,47,112.139
2026-05-29T10:25:18.791681+00:00,scheduler,3,0,699.9,10240.0,35,32.342
2026-05-29T10:25:23.792327+00:00,scheduler,0,0,999.0,10240.0,42,119.969
2026-05-29T10:25:23.792327+00:00,scheduler,1,0,675.9,10240.0,33,25.143
2026-05-29T10:25:23.792327+00:00,scheduler,2,48,907.9,10240.0,45,100.411
2026-05-29T10:25:23.792327+00:00,scheduler,3,0,699.9,10240.0,34,32.148
2026-05-29T10:25:28.792977+00:00,scheduler,0,0,999.0,10240.0,41,104.395
2026-05-29T10:25:28.792977+00:00,scheduler,1,32,5705.9,10240.0,37,95.499
2026-05-29T10:25:28.792977+00:00,scheduler,2,0,699.9,10240.0,45,99.472
2026-05-29T10:25:28.792977+00:00,scheduler,3,0,699.9,10240.0,34,32.192
2026-05-29T10:25:33.793628+00:00,scheduler,0,0,999.0,10240.0,41,104.333
2026-05-29T10:25:33.793628+00:00,scheduler,1,7,8677.9,10240.0,38,95.205
2026-05-29T10:25:33.793628+00:00,scheduler,2,0,699.9,10240.0,44,98.284
2026-05-29T10:25:33.793628+00:00,scheduler,3,0,699.9,10240.0,34,32.199
2026-05-29T10:25:38.794342+00:00,scheduler,0,0,999.0,10240.0,41,104.217
2026-05-29T10:25:38.794342+00:00,scheduler,1,42,4327.9,10240.0,40,110.667
2026-05-29T10:25:38.794342+00:00,scheduler,2,0,699.9,10240.0,44,98.091
2026-05-29T10:25:38.794342+00:00,scheduler,3,0,699.9,10240.0,33,32.047
2026-05-29T10:25:43.815465+00:00,scheduler,0,0,999.0,10240.0,37,33.803
2026-05-29T10:25:43.815465+00:00,scheduler,1,100,8425.9,10240.0,53,318.461
2026-05-29T10:25:43.815465+00:00,scheduler,2,0,699.9,10240.0,39,27.426
2026-05-29T10:25:43.815465+00:00,scheduler,3,0,699.9,10240.0,33,32.553
2026-05-29T10:25:48.816564+00:00,scheduler,0,0,999.0,10240.0,36,33.829
2026-05-29T10:25:48.816564+00:00,scheduler,1,100,8425.9,10240.0,54,318.583
2026-05-29T10:25:48.816564+00:00,scheduler,2,0,699.9,10240.0,38,26.39
2026-05-29T10:25:48.816564+00:00,scheduler,3,0,699.9,10240.0,33,32.779
2026-05-29T10:25:53.817602+00:00,scheduler,0,0,999.0,10240.0,36,33.599
2026-05-29T10:25:53.817602+00:00,scheduler,1,13,8425.9,10240.0,47,182.384
2026-05-29T10:25:53.817602+00:00,scheduler,2,0,699.9,10240.0,37,26.205
2026-05-29T10:25:53.817602+00:00,scheduler,3,0,699.9,10240.0,33,32.422
2026-05-29T10:25:58.818241+00:00,scheduler,0,0,999.0,10240.0,35,33.39
2026-05-29T10:25:58.818241+00:00,scheduler,1,11,8425.9,10240.0,43,97.239
2026-05-29T10:25:58.818241+00:00,scheduler,2,0,699.9,10240.0,36,25.711
2026-05-29T10:25:58.818241+00:00,scheduler,3,0,699.9,10240.0,33,32.067
2026-05-29T10:26:03.818914+00:00,scheduler,0,0,999.0,10240.0,35,33.278
2026-05-29T10:26:03.818914+00:00,scheduler,1,0,675.9,10240.0,43,97.726
2026-05-29T10:26:03.818914+00:00,scheduler,2,0,699.9,10240.0,36,25.607
2026-05-29T10:26:03.818914+00:00,scheduler,3,0,699.9,10240.0,32,31.82
2026-05-29T10:26:08.819861+00:00,scheduler,0,41,9001.0,10240.0,39,120.595
2026-05-29T10:26:08.819861+00:00,scheduler,1,0,675.9,10240.0,43,96.699
2026-05-29T10:26:08.819861+00:00,scheduler,2,0,699.9,10240.0,35,25.986
2026-05-29T10:26:08.819861+00:00,scheduler,3,0,699.9,10240.0,32,32.3
2026-05-29T10:26:13.820459+00:00,scheduler,0,100,8749.0,10240.0,47,318.391
2026-05-29T10:26:13.820459+00:00,scheduler,1,0,675.9,10240.0,43,96.645
2026-05-29T10:26:13.820459+00:00,scheduler,2,30,1441.9,10240.0,36,28.619
2026-05-29T10:26:13.820459+00:00,scheduler,3,0,699.9,10240.0,32,32.407
2026-05-29T10:26:18.821159+00:00,scheduler,0,100,8749.0,10240.0,49,317.991
2026-05-29T10:26:18.821159+00:00,scheduler,1,8,8677.9,10240.0,45,115.358
2026-05-29T10:26:18.821159+00:00,scheduler,2,10,8701.9,10240.0,40,106.616
2026-05-29T10:26:18.821159+00:00,scheduler,3,0,699.9,10240.0,32,32.66
2026-05-29T10:26:23.821838+00:00,scheduler,0,100,8749.0,10240.0,50,318.406
2026-05-29T10:26:23.821838+00:00,scheduler,1,8,8677.9,10240.0,44,97.295
2026-05-29T10:26:23.821838+00:00,scheduler,2,26,4981.9,10240.0,42,113.819
2026-05-29T10:26:23.821838+00:00,scheduler,3,0,699.9,10240.0,32,32.893
2026-05-29T10:26:28.822832+00:00,scheduler,0,8,8749.0,10240.0,42,104.99
2026-05-29T10:26:28.822832+00:00,scheduler,1,100,8425.9,10240.0,56,318.981
2026-05-29T10:26:28.822832+00:00,scheduler,2,100,8449.9,10240.0,57,318.976
2026-05-29T10:26:28.822832+00:00,scheduler,3,0,699.9,10240.0,32,32.735
2026-05-29T10:26:33.823888+00:00,scheduler,0,0,999.0,10240.0,41,112.919
2026-05-29T10:26:33.823888+00:00,scheduler,1,100,8425.9,10240.0,58,318.712
2026-05-29T10:26:33.823888+00:00,scheduler,2,100,8449.9,10240.0,59,318.792
2026-05-29T10:26:33.823888+00:00,scheduler,3,0,699.9,10240.0,32,32.533
2026-05-29T10:26:38.829317+00:00,scheduler,0,0,999.0,10240.0,41,104.379
2026-05-29T10:26:38.829317+00:00,scheduler,1,89,8425.9,10240.0,57,317.036
2026-05-29T10:26:38.829317+00:00,scheduler,2,33,8449.9,10240.0,55,306.224
2026-05-29T10:26:38.829317+00:00,scheduler,3,0,699.9,10240.0,32,32.526
2026-05-29T10:26:43.841063+00:00,scheduler,0,0,999.0,10240.0,40,104.278
2026-05-29T10:26:43.841063+00:00,scheduler,1,11,8425.9,10240.0,47,98.502
2026-05-29T10:26:43.841063+00:00,scheduler,2,7,8449.9,10240.0,45,99.173
2026-05-29T10:26:43.841063+00:00,scheduler,3,0,699.9,10240.0,32,32.381
2026-05-29T10:26:48.847686+00:00,scheduler,0,0,999.0,10240.0,38,72.818
2026-05-29T10:26:48.847686+00:00,scheduler,1,0,675.9,10240.0,47,102.659
2026-05-29T10:26:48.847686+00:00,scheduler,2,0,699.9,10240.0,44,108.45
2026-05-29T10:26:48.847686+00:00,scheduler,3,0,699.9,10240.0,32,31.87
2026-05-29T10:26:53.848415+00:00,scheduler,0,0,999.0,10240.0,37,33.302
2026-05-29T10:26:53.848415+00:00,scheduler,1,0,675.9,10240.0,46,97.614
2026-05-29T10:26:53.848415+00:00,scheduler,2,0,699.9,10240.0,43,97.922
2026-05-29T10:26:53.848415+00:00,scheduler,3,0,699.9,10240.0,31,31.662
2026-05-29T10:26:58.849164+00:00,scheduler,0,0,999.0,10240.0,36,33.345
2026-05-29T10:26:58.849164+00:00,scheduler,1,0,675.9,10240.0,46,97.517
2026-05-29T10:26:58.849164+00:00,scheduler,2,0,699.9,10240.0,43,97.86
2026-05-29T10:26:58.849164+00:00,scheduler,3,0,699.9,10240.0,31,31.831
2026-05-29T10:27:03.849832+00:00,scheduler,0,0,999.0,10240.0,35,33.541
2026-05-29T10:27:03.849832+00:00,scheduler,1,0,675.9,10240.0,43,44.179
2026-05-29T10:27:03.849832+00:00,scheduler,2,0,699.9,10240.0,39,69.841
2026-05-29T10:27:03.849832+00:00,scheduler,3,10,8701.9,10240.0,39,168.923
2026-05-29T10:27:08.850836+00:00,scheduler,0,0,999.0,10240.0,35,33.392
2026-05-29T10:27:08.850836+00:00,scheduler,1,38,5065.9,10240.0,44,97.308
2026-05-29T10:27:08.850836+00:00,scheduler,2,0,699.9,10240.0,37,25.996
2026-05-29T10:27:08.850836+00:00,scheduler,3,26,4045.9,10240.0,39,129.96
2026-05-29T10:27:13.851554+00:00,scheduler,0,0,999.0,10240.0,34,33.72
2026-05-29T10:27:13.851554+00:00,scheduler,1,8,8677.9,10240.0,45,97.799
2026-05-29T10:27:13.851554+00:00,scheduler,2,0,699.9,10240.0,37,26.256
2026-05-29T10:27:13.851554+00:00,scheduler,3,100,8449.9,10240.0,55,318.982
2026-05-29T10:27:18.852310+00:00,scheduler,0,0,999.0,10240.0,34,33.619
2026-05-29T10:27:18.852310+00:00,scheduler,1,42,7531.9,10240.0,46,118.673
2026-05-29T10:27:18.852310+00:00,scheduler,2,0,699.9,10240.0,36,26.217
2026-05-29T10:27:18.852310+00:00,scheduler,3,100,8449.9,10240.0,57,319.002
2026-05-29T10:27:23.853014+00:00,scheduler,0,0,999.0,10240.0,34,33.584
2026-05-29T10:27:23.853014+00:00,scheduler,1,100,8425.9,10240.0,58,317.192
2026-05-29T10:27:23.853014+00:00,scheduler,2,0,699.9,10240.0,36,26.19
2026-05-29T10:27:23.853014+00:00,scheduler,3,8,8449.9,10240.0,48,227.713
2026-05-29T10:27:28.853726+00:00,scheduler,0,0,999.0,10240.0,33,33.727
2026-05-29T10:27:28.853726+00:00,scheduler,1,100,8425.9,10240.0,59,315.482
2026-05-29T10:27:28.853726+00:00,scheduler,2,0,699.9,10240.0,35,26.431
2026-05-29T10:27:28.853726+00:00,scheduler,3,11,8449.9,10240.0,43,109.687
2026-05-29T10:27:33.854496+00:00,scheduler,0,0,999.0,10240.0,33,33.825
2026-05-29T10:27:33.854496+00:00,scheduler,1,8,8425.9,10240.0,50,118.938
2026-05-29T10:27:33.854496+00:00,scheduler,2,0,699.9,10240.0,34,25.872
2026-05-29T10:27:33.854496+00:00,scheduler,3,0,699.9,10240.0,43,119.398
2026-05-29T10:27:38.855383+00:00,scheduler,0,0,999.0,10240.0,33,33.473
2026-05-29T10:27:38.855383+00:00,scheduler,1,100,1941.9,10240.0,48,99.25
2026-05-29T10:27:38.855383+00:00,scheduler,2,0,699.9,10240.0,34,25.715
2026-05-29T10:27:38.855383+00:00,scheduler,3,0,699.9,10240.0,42,108.712
2026-05-29T10:27:43.856103+00:00,scheduler,0,0,999.0,10240.0,33,33.361
2026-05-29T10:27:43.856103+00:00,scheduler,1,0,675.9,10240.0,47,97.959
2026-05-29T10:27:43.856103+00:00,scheduler,2,0,699.9,10240.0,34,25.575
2026-05-29T10:27:43.856103+00:00,scheduler,3,0,699.9,10240.0,42,108.475
2026-05-29T10:27:48.856730+00:00,scheduler,0,0,999.0,10240.0,32,33.177
2026-05-29T10:27:48.856730+00:00,scheduler,1,0,675.9,10240.0,47,98.035
2026-05-29T10:27:48.856730+00:00,scheduler,2,0,699.9,10240.0,34,25.84
2026-05-29T10:27:48.856730+00:00,scheduler,3,9,8701.9,10240.0,43,130.717
2026-05-29T10:27:53.857400+00:00,scheduler,0,0,999.0,10240.0,32,33.228
2026-05-29T10:27:53.857400+00:00,scheduler,1,0,675.9,10240.0,47,97.916
2026-05-29T10:27:53.857400+00:00,scheduler,2,0,699.9,10240.0,33,25.748
2026-05-29T10:27:53.857400+00:00,scheduler,3,100,8449.9,10240.0,51,153.282
2026-05-29T10:27:58.858156+00:00,scheduler,0,0,999.0,10240.0,32,33.541
2026-05-29T10:27:58.858156+00:00,scheduler,1,0,675.9,10240.0,43,26.097
2026-05-29T10:27:58.858156+00:00,scheduler,2,0,699.9,10240.0,33,26.006
2026-05-29T10:27:58.858156+00:00,scheduler,3,100,8449.9,10240.0,58,318.416
2026-05-29T10:28:03.858852+00:00,scheduler,0,0,999.0,10240.0,32,33.521
2026-05-29T10:28:03.858852+00:00,scheduler,1,0,675.9,10240.0,41,25.595
2026-05-29T10:28:03.858852+00:00,scheduler,2,0,699.9,10240.0,33,25.933
2026-05-29T10:28:03.858852+00:00,scheduler,3,100,8449.9,10240.0,60,318.42
2026-05-29T10:28:08.859671+00:00,scheduler,0,0,999.0,10240.0,32,33.278
2026-05-29T10:28:08.859671+00:00,scheduler,1,0,675.9,10240.0,41,26.017
2026-05-29T10:28:08.859671+00:00,scheduler,2,0,699.9,10240.0,33,25.517
2026-05-29T10:28:08.859671+00:00,scheduler,3,9,8449.9,10240.0,47,127.664
2026-05-29T10:28:13.860354+00:00,scheduler,0,0,999.0,10240.0,32,33.436
2026-05-29T10:28:13.860354+00:00,scheduler,1,0,675.9,10240.0,40,25.858
2026-05-29T10:28:13.860354+00:00,scheduler,2,0,699.9,10240.0,33,25.681
2026-05-29T10:28:13.860354+00:00,scheduler,3,0,699.9,10240.0,47,138.107
2026-05-29T10:28:18.861055+00:00,scheduler,0,0,999.0,10240.0,32,33.19
2026-05-29T10:28:18.861055+00:00,scheduler,1,0,675.9,10240.0,39,25.862
2026-05-29T10:28:18.861055+00:00,scheduler,2,0,699.9,10240.0,33,25.487
2026-05-29T10:28:18.861055+00:00,scheduler,3,0,699.9,10240.0,45,110.301
2026-05-29T10:28:23.861706+00:00,scheduler,0,0,999.0,10240.0,32,33.26
2026-05-29T10:28:23.861706+00:00,scheduler,1,0,675.9,10240.0,39,25.717
2026-05-29T10:28:23.861706+00:00,scheduler,2,0,699.9,10240.0,32,25.515
2026-05-29T10:28:23.861706+00:00,scheduler,3,0,699.9,10240.0,44,109.727
2026-05-29T10:28:28.862413+00:00,scheduler,0,0,999.0,10240.0,31,33.244
2026-05-29T10:28:28.862413+00:00,scheduler,1,0,675.9,10240.0,38,26.134
2026-05-29T10:28:28.862413+00:00,scheduler,2,0,699.9,10240.0,32,25.499
2026-05-29T10:28:28.862413+00:00,scheduler,3,0,699.9,10240.0,44,109.29
2026-05-29T10:28:33.863129+00:00,scheduler,0,0,999.0,10240.0,31,33.316
2026-05-29T10:28:33.863129+00:00,scheduler,1,0,675.9,10240.0,38,25.621
2026-05-29T10:28:33.863129+00:00,scheduler,2,0,699.9,10240.0,32,25.626
2026-05-29T10:28:33.863129+00:00,scheduler,3,0,699.9,10240.0,39,32.334
2026-05-29T10:28:38.863873+00:00,scheduler,0,0,999.0,10240.0,31,33.192
2026-05-29T10:28:38.863873+00:00,scheduler,1,0,675.9,10240.0,37,25.676
2026-05-29T10:28:38.863873+00:00,scheduler,2,0,699.9,10240.0,32,25.566
2026-05-29T10:28:38.863873+00:00,scheduler,3,0,699.9,10240.0,37,32.208
2026-05-29T10:28:43.864511+00:00,scheduler,0,0,999.0,10240.0,31,33.115
2026-05-29T10:28:43.864511+00:00,scheduler,1,0,675.9,10240.0,37,25.597
2026-05-29T10:28:43.864511+00:00,scheduler,2,0,699.9,10240.0,32,25.508
2026-05-29T10:28:43.864511+00:00,scheduler,3,58,8701.9,10240.0,43,113.333
2026-05-29T10:28:48.865329+00:00,scheduler,0,0,999.0,10240.0,31,33.245
2026-05-29T10:28:48.865329+00:00,scheduler,1,0,675.9,10240.0,37,25.416
2026-05-29T10:28:48.865329+00:00,scheduler,2,0,699.9,10240.0,32,25.593
2026-05-29T10:28:48.865329+00:00,scheduler,3,29,2947.9,10240.0,43,123.17
2026-05-29T10:28:53.866071+00:00,scheduler,0,0,999.0,10240.0,31,33.314
2026-05-29T10:28:53.866071+00:00,scheduler,1,0,675.9,10240.0,36,24.878
2026-05-29T10:28:53.866071+00:00,scheduler,2,41,6097.9,10240.0,37,105.709
2026-05-29T10:28:53.866071+00:00,scheduler,3,100,8449.9,10240.0,58,319.259
2026-05-29T10:28:58.866874+00:00,scheduler,0,0,999.0,10240.0,31,33.443
2026-05-29T10:28:58.866874+00:00,scheduler,1,0,675.9,10240.0,36,24.878
2026-05-29T10:28:58.866874+00:00,scheduler,2,9,8701.9,10240.0,38,96.937
2026-05-29T10:28:58.866874+00:00,scheduler,3,100,8449.9,10240.0,59,317.641
2026-05-29T10:29:03.867568+00:00,scheduler,0,0,999.0,10240.0,31,33.469
2026-05-29T10:29:03.867568+00:00,scheduler,1,0,675.9,10240.0,36,24.879
2026-05-29T10:29:03.867568+00:00,scheduler,2,100,8449.9,10240.0,48,163.315
2026-05-29T10:29:03.867568+00:00,scheduler,3,7,8449.9,10240.0,55,289.034
2026-05-29T10:29:08.868186+00:00,scheduler,0,0,999.0,10240.0,31,33.345
2026-05-29T10:29:08.868186+00:00,scheduler,1,0,675.9,10240.0,36,24.791
2026-05-29T10:29:08.868186+00:00,scheduler,2,100,8449.9,10240.0,56,318.811
2026-05-29T10:29:08.868186+00:00,scheduler,3,8,8449.9,10240.0,46,111.988
2026-05-29T10:29:13.868846+00:00,scheduler,0,0,999.0,10240.0,31,33.361
2026-05-29T10:29:13.868846+00:00,scheduler,1,0,675.9,10240.0,36,24.599
2026-05-29T10:29:13.868846+00:00,scheduler,2,100,8449.9,10240.0,58,318.67
2026-05-29T10:29:13.868846+00:00,scheduler,3,0,699.9,10240.0,45,118.372
2026-05-29T10:29:18.869504+00:00,scheduler,0,27,9001.0,10240.0,34,113.165
2026-05-29T10:29:18.869504+00:00,scheduler,1,0,675.9,10240.0,35,24.976
2026-05-29T10:29:18.869504+00:00,scheduler,2,8,8449.9,10240.0,45,109.707
2026-05-29T10:29:18.869504+00:00,scheduler,3,0,699.9,10240.0,44,110.335
2026-05-29T10:29:23.870137+00:00,scheduler,0,10,9021.0,10240.0,34,103.579
2026-05-29T10:29:23.870137+00:00,scheduler,1,0,675.9,10240.0,35,24.93
2026-05-29T10:29:23.870137+00:00,scheduler,2,5,1789.9,10240.0,45,116.58
2026-05-29T10:29:23.870137+00:00,scheduler,3,0,699.9,10240.0,44,109.997
2026-05-29T10:29:28.870871+00:00,scheduler,0,100,8749.0,10240.0,43,248.719
2026-05-29T10:29:28.870871+00:00,scheduler,1,0,675.9,10240.0,35,24.819
2026-05-29T10:29:28.870871+00:00,scheduler,2,0,699.9,10240.0,43,98.127
2026-05-29T10:29:28.870871+00:00,scheduler,3,0,699.9,10240.0,40,39.617
2026-05-29T10:29:33.871635+00:00,scheduler,0,100,8749.0,10240.0,46,318.842
2026-05-29T10:29:33.871635+00:00,scheduler,1,0,675.9,10240.0,35,24.648
2026-05-29T10:29:33.871635+00:00,scheduler,2,0,699.9,10240.0,42,97.775
2026-05-29T10:29:33.871635+00:00,scheduler,3,0,699.9,10240.0,38,33.109
2026-05-29T10:29:38.872288+00:00,scheduler,0,100,8749.0,10240.0,47,319.056
2026-05-29T10:29:38.872288+00:00,scheduler,1,0,675.9,10240.0,35,24.423
2026-05-29T10:29:38.872288+00:00,scheduler,2,0,699.9,10240.0,42,97.923
2026-05-29T10:29:38.872288+00:00,scheduler,3,0,699.9,10240.0,37,33.003
2026-05-29T10:29:43.872947+00:00,scheduler,0,8,8749.0,10240.0,39,105.824
2026-05-29T10:29:43.872947+00:00,scheduler,1,0,675.9,10240.0,35,25.082
2026-05-29T10:29:43.872947+00:00,scheduler,2,0,699.9,10240.0,37,26.73
2026-05-29T10:29:43.872947+00:00,scheduler,3,0,699.9,10240.0,36,32.11
2026-05-29T10:29:48.873727+00:00,scheduler,0,7,1061.0,10240.0,41,124.454
2026-05-29T10:29:48.873727+00:00,scheduler,1,0,675.9,10240.0,35,24.901
2026-05-29T10:29:48.873727+00:00,scheduler,2,0,699.9,10240.0,36,25.862
2026-05-29T10:29:48.873727+00:00,scheduler,3,0,699.9,10240.0,36,32.131
2026-05-29T10:29:53.874367+00:00,scheduler,0,0,999.0,10240.0,39,103.868
2026-05-29T10:29:53.874367+00:00,scheduler,1,0,675.9,10240.0,35,25.167
2026-05-29T10:29:53.874367+00:00,scheduler,2,0,699.9,10240.0,36,25.817
2026-05-29T10:29:53.874367+00:00,scheduler,3,0,699.9,10240.0,35,31.913
2026-05-29T10:29:58.875218+00:00,scheduler,0,0,999.0,10240.0,39,103.76
2026-05-29T10:29:58.875218+00:00,scheduler,1,0,675.9,10240.0,34,25.044
2026-05-29T10:29:58.875218+00:00,scheduler,2,0,699.9,10240.0,35,25.771
2026-05-29T10:29:58.875218+00:00,scheduler,3,0,699.9,10240.0,35,31.944
2026-05-29T10:30:03.876117+00:00,scheduler,0,0,999.0,10240.0,39,103.83
2026-05-29T10:30:03.876117+00:00,scheduler,1,0,675.9,10240.0,34,25.049
2026-05-29T10:30:03.876117+00:00,scheduler,2,0,699.9,10240.0,35,25.684
2026-05-29T10:30:03.876117+00:00,scheduler,3,0,699.9,10240.0,34,31.737
2026-05-29T10:30:08.876879+00:00,scheduler,0,0,999.0,10240.0,36,34.529
2026-05-29T10:30:08.876879+00:00,scheduler,1,0,675.9,10240.0,34,25.164
2026-05-29T10:30:08.876879+00:00,scheduler,2,0,699.9,10240.0,35,25.57
2026-05-29T10:30:08.876879+00:00,scheduler,3,0,699.9,10240.0,34,31.798
2026-05-29T10:30:13.877729+00:00,scheduler,0,0,999.0,10240.0,35,33.57
2026-05-29T10:30:13.877729+00:00,scheduler,1,0,675.9,10240.0,34,24.98
2026-05-29T10:30:13.877729+00:00,scheduler,2,0,699.9,10240.0,34,25.662
2026-05-29T10:30:13.877729+00:00,scheduler,3,0,699.9,10240.0,34,31.877
2026-05-29T10:30:18.878461+00:00,scheduler,0,0,999.0,10240.0,35,33.423
2026-05-29T10:30:18.878461+00:00,scheduler,1,0,675.9,10240.0,34,24.953
2026-05-29T10:30:18.878461+00:00,scheduler,2,0,699.9,10240.0,34,25.541
2026-05-29T10:30:18.878461+00:00,scheduler,3,0,699.9,10240.0,33,31.71
2026-05-29T10:30:23.879117+00:00,scheduler,0,17,2333.0,10240.0,36,44.807
2026-05-29T10:30:23.879117+00:00,scheduler,1,0,675.9,10240.0,34,24.933
2026-05-29T10:30:23.879117+00:00,scheduler,2,0,699.9,10240.0,34,25.572
2026-05-29T10:30:23.879117+00:00,scheduler,3,0,699.9,10240.0,33,32.091
2026-05-29T10:30:28.879899+00:00,scheduler,0,8,9021.0,10240.0,38,110.58
2026-05-29T10:30:28.879899+00:00,scheduler,1,0,675.9,10240.0,34,25.036
2026-05-29T10:30:28.879899+00:00,scheduler,2,0,699.9,10240.0,33,25.806
2026-05-29T10:30:28.879899+00:00,scheduler,3,0,699.9,10240.0,33,31.942
2026-05-29T10:30:33.881109+00:00,scheduler,0,26,7407.0,10240.0,39,119.35
2026-05-29T10:30:33.881109+00:00,scheduler,1,0,675.9,10240.0,34,25.062
2026-05-29T10:30:33.881109+00:00,scheduler,2,0,699.9,10240.0,33,25.587
2026-05-29T10:30:33.881109+00:00,scheduler,3,0,699.9,10240.0,33,31.847
2026-05-29T10:30:38.881838+00:00,scheduler,0,100,8749.0,10240.0,48,318.361
2026-05-29T10:30:38.881838+00:00,scheduler,1,0,675.9,10240.0,34,24.612
2026-05-29T10:30:38.881838+00:00,scheduler,2,0,699.9,10240.0,33,26.15
2026-05-29T10:30:38.881838+00:00,scheduler,3,0,699.9,10240.0,33,32.267
2026-05-29T10:30:43.882631+00:00,scheduler,0,100,8749.0,10240.0,49,318.21
2026-05-29T10:30:43.882631+00:00,scheduler,1,0,675.9,10240.0,34,24.553
2026-05-29T10:30:43.882631+00:00,scheduler,2,0,699.9,10240.0,33,26.173
2026-05-29T10:30:43.882631+00:00,scheduler,3,0,699.9,10240.0,32,32.267
2026-05-29T10:30:48.883305+00:00,scheduler,0,9,8749.0,10240.0,43,122.047
2026-05-29T10:30:48.883305+00:00,scheduler,1,0,675.9,10240.0,34,24.52
2026-05-29T10:30:48.883305+00:00,scheduler,2,92,8701.9,10240.0,44,125.815
2026-05-29T10:30:48.883305+00:00,scheduler,3,0,699.9,10240.0,32,31.913
2026-05-29T10:30:53.883974+00:00,scheduler,0,9,8749.0,10240.0,41,104.86
2026-05-29T10:30:53.883974+00:00,scheduler,1,0,675.9,10240.0,34,24.97
2026-05-29T10:30:53.883974+00:00,scheduler,2,8,8701.9,10240.0,38,97.224
2026-05-29T10:30:53.883974+00:00,scheduler,3,0,699.9,10240.0,32,31.671
2026-05-29T10:30:58.884742+00:00,scheduler,0,0,999.0,10240.0,41,107.61
2026-05-29T10:30:58.884742+00:00,scheduler,1,0,675.9,10240.0,34,24.484
2026-05-29T10:30:58.884742+00:00,scheduler,2,100,8449.9,10240.0,55,318.55
2026-05-29T10:30:58.884742+00:00,scheduler,3,0,699.9,10240.0,32,32.327
2026-05-29T10:31:03.885521+00:00,scheduler,0,0,999.0,10240.0,41,104.359
2026-05-29T10:31:03.885521+00:00,scheduler,1,0,675.9,10240.0,34,24.24
2026-05-29T10:31:03.885521+00:00,scheduler,2,100,8449.9,10240.0,57,318.6
2026-05-29T10:31:03.885521+00:00,scheduler,3,0,699.9,10240.0,32,32.308
2026-05-29T10:31:08.886288+00:00,scheduler,0,0,999.0,10240.0,40,104.334
2026-05-29T10:31:08.886288+00:00,scheduler,1,11,8677.9,10240.0,39,111.56
2026-05-29T10:31:08.886288+00:00,scheduler,2,100,8449.9,10240.0,59,317.161
2026-05-29T10:31:08.886288+00:00,scheduler,3,0,1441.9,10240.0,32,32.723
2026-05-29T10:31:13.887063+00:00,scheduler,0,29,2721.0,10240.0,39,48.679
2026-05-29T10:31:13.887063+00:00,scheduler,1,37,2869.9,10240.0,40,103.573
2026-05-29T10:31:13.887063+00:00,scheduler,2,9,8449.9,10240.0,44,99.895
2026-05-29T10:31:13.887063+00:00,scheduler,3,8,8701.9,10240.0,38,129.003
2026-05-29T10:31:18.887839+00:00,scheduler,0,9,9021.0,10240.0,40,112.223
2026-05-29T10:31:18.887839+00:00,scheduler,1,100,8425.9,10240.0,53,317.151
2026-05-29T10:31:18.887839+00:00,scheduler,2,0,699.9,10240.0,44,105.74
2026-05-29T10:31:18.887839+00:00,scheduler,3,100,8449.9,10240.0,50,180.221
2026-05-29T10:31:23.888645+00:00,scheduler,0,24,8181.0,10240.0,40,116.052
2026-05-29T10:31:23.888645+00:00,scheduler,1,100,8425.9,10240.0,54,315.952
2026-05-29T10:31:23.888645+00:00,scheduler,2,0,699.9,10240.0,43,98.543
2026-05-29T10:31:23.888645+00:00,scheduler,3,100,8449.9,10240.0,56,318.894
2026-05-29T10:31:28.889421+00:00,scheduler,0,100,8749.0,10240.0,50,318.707
2026-05-29T10:31:28.889421+00:00,scheduler,1,19,8425.9,10240.0,46,140.856
2026-05-29T10:31:28.889421+00:00,scheduler,2,0,699.9,10240.0,43,98.597
2026-05-29T10:31:28.889421+00:00,scheduler,3,100,8449.9,10240.0,58,319.153
2026-05-29T10:31:33.890095+00:00,scheduler,0,100,8749.0,10240.0,51,318.766
2026-05-29T10:31:33.890095+00:00,scheduler,1,10,8425.9,10240.0,43,97.364
2026-05-29T10:31:33.890095+00:00,scheduler,2,0,699.9,10240.0,39,66.609
2026-05-29T10:31:33.890095+00:00,scheduler,3,8,8449.9,10240.0,44,123.856
2026-05-29T10:31:38.890880+00:00,scheduler,0,9,8749.0,10240.0,44,122.812
2026-05-29T10:31:38.890880+00:00,scheduler,1,0,675.9,10240.0,43,100.536
2026-05-29T10:31:38.890880+00:00,scheduler,2,26,6545.9,10240.0,42,98.874
2026-05-29T10:31:38.890880+00:00,scheduler,3,0,699.9,10240.0,45,143.071
2026-05-29T10:31:43.891608+00:00,scheduler,0,85,1061.0,10240.0,43,106.293
2026-05-29T10:31:43.891608+00:00,scheduler,1,0,675.9,10240.0,43,96.871
2026-05-29T10:31:43.891608+00:00,scheduler,2,11,8701.9,10240.0,42,98.827
2026-05-29T10:31:43.891608+00:00,scheduler,3,0,699.9,10240.0,43,109.358
2026-05-29T10:31:48.977912+00:00,scheduler,0,0,999.0,10240.0,42,104.786
2026-05-29T10:31:48.977912+00:00,scheduler,1,0,675.9,10240.0,43,96.701
2026-05-29T10:31:48.977912+00:00,scheduler,2,0,8701.9,10240.0,42,97.92
2026-05-29T10:31:48.977912+00:00,scheduler,3,0,699.9,10240.0,42,108.94
2026-05-29T10:31:55.968466+00:00,scheduler,0,0,999.0,10240.0,41,104.472
2026-05-29T10:31:55.968466+00:00,scheduler,1,0,675.9,10240.0,39,25.896
2026-05-29T10:31:55.968466+00:00,scheduler,2,0,8701.9,10240.0,42,97.632
2026-05-29T10:31:55.968466+00:00,scheduler,3,0,699.9,10240.0,38,32.426
2026-05-29T10:32:05.578781+00:00,scheduler,0,0,999.0,10240.0,37,33.634
2026-05-29T10:32:05.578781+00:00,scheduler,1,34,7393.9,10240.0,42,97.312
2026-05-29T10:32:05.578781+00:00,scheduler,2,24,4045.9,10240.0,43,109.861
2026-05-29T10:32:05.578781+00:00,scheduler,3,31,7029.9,10240.0,41,108.611
2026-05-29T10:32:10.609538+00:00,scheduler,0,0,999.0,10240.0,37,33.789
2026-05-29T10:32:10.609538+00:00,scheduler,1,11,8677.9,10240.0,43,97.153
2026-05-29T10:32:10.609538+00:00,scheduler,2,100,8449.9,10240.0,58,315.359
2026-05-29T10:32:10.609538+00:00,scheduler,3,8,8701.9,10240.0,42,119.182
2026-05-29T10:32:15.610204+00:00,scheduler,0,0,999.0,10240.0,36,33.833
2026-05-29T10:32:15.610204+00:00,scheduler,1,39,8425.9,10240.0,48,124.998
2026-05-29T10:32:15.610204+00:00,scheduler,2,100,8449.9,10240.0,60,317.839
2026-05-29T10:32:15.610204+00:00,scheduler,3,100,8449.9,10240.0,56,318.898
2026-05-29T10:32:20.610851+00:00,scheduler,0,0,999.0,10240.0,36,33.758
2026-05-29T10:32:20.610851+00:00,scheduler,1,100,8425.9,10240.0,56,318.035
2026-05-29T10:32:20.610851+00:00,scheduler,2,100,8449.9,10240.0,60,317.533
2026-05-29T10:32:20.610851+00:00,scheduler,3,100,8449.9,10240.0,58,318.633
2026-05-29T10:32:25.611443+00:00,scheduler,0,0,999.0,10240.0,35,33.495
2026-05-29T10:32:25.611443+00:00,scheduler,1,100,8425.9,10240.0,58,317.285
2026-05-29T10:32:25.611443+00:00,scheduler,2,8,8449.9,10240.0,46,100.664
2026-05-29T10:32:25.611443+00:00,scheduler,3,100,8449.9,10240.0,60,317.949
2026-05-29T10:32:30.612211+00:00,scheduler,0,0,999.0,10240.0,35,33.527
2026-05-29T10:32:30.612211+00:00,scheduler,1,17,8425.9,10240.0,48,109.557
2026-05-29T10:32:30.612211+00:00,scheduler,2,0,699.9,10240.0,45,99.513
2026-05-29T10:32:30.612211+00:00,scheduler,3,8,8449.9,10240.0,46,111.221
2026-05-29T10:32:35.672110+00:00,scheduler,0,0,999.0,10240.0,34,33.654
2026-05-29T10:32:35.672110+00:00,scheduler,1,0,8425.9,10240.0,46,97.055
2026-05-29T10:32:35.672110+00:00,scheduler,2,0,699.9,10240.0,44,99.203
2026-05-29T10:32:35.672110+00:00,scheduler,3,0,699.9,10240.0,45,129.817
2026-05-29T10:32:41.908261+00:00,scheduler,0,0,999.0,10240.0,34,33.531
2026-05-29T10:32:41.908261+00:00,scheduler,1,0,8425.9,10240.0,46,97.431
2026-05-29T10:32:41.908261+00:00,scheduler,2,0,699.9,10240.0,44,99.019
2026-05-29T10:32:41.908261+00:00,scheduler,3,0,699.9,10240.0,44,110.244
2026-05-29T10:32:47.023728+00:00,scheduler,0,0,999.0,10240.0,33,33.525
2026-05-29T10:32:47.023728+00:00,scheduler,1,0,8425.9,10240.0,46,97.503
2026-05-29T10:32:47.023728+00:00,scheduler,2,0,699.9,10240.0,40,28.064
2026-05-29T10:32:47.023728+00:00,scheduler,3,0,699.9,10240.0,44,109.708
2026-05-29T10:32:54.522984+00:00,scheduler,0,0,999.0,10240.0,33,33.322
2026-05-29T10:32:54.522984+00:00,scheduler,1,0,8425.9,10240.0,45,96.954
2026-05-29T10:32:54.522984+00:00,scheduler,2,0,699.9,10240.0,37,25.994
2026-05-29T10:32:54.522984+00:00,scheduler,3,0,699.9,10240.0,38,32.753
2026-05-29T10:33:03.576243+00:00,scheduler,0,0,999.0,10240.0,33,33.299
2026-05-29T10:33:03.576243+00:00,scheduler,1,0,8425.9,10240.0,45,97.314
2026-05-29T10:33:03.576243+00:00,scheduler,2,0,699.9,10240.0,36,25.873
2026-05-29T10:33:03.576243+00:00,scheduler,3,0,699.9,10240.0,37,32.506
