timestamp,worker_id,gpu_id,util_percent,memory_used_mb,memory_total_mb,temp_c,power_w
2026-06-08T08:22:49.013551+00:00,scheduler,0,0,400.8,10240.0,34,23.045
2026-06-08T08:22:49.013551+00:00,scheduler,1,0,376.8,10240.0,37,24.688
2026-06-08T08:22:49.013551+00:00,scheduler,2,0,400.8,10240.0,34,18.877
2026-06-08T08:22:49.013551+00:00,scheduler,3,0,400.8,10240.0,34,27.245
2026-06-08T08:22:54.064376+00:00,scheduler,0,0,621.9,10240.0,34,23.156
2026-06-08T08:22:54.064376+00:00,scheduler,1,0,376.8,10240.0,37,24.738
2026-06-08T08:22:54.064376+00:00,scheduler,2,0,400.8,10240.0,34,19.062
2026-06-08T08:22:54.064376+00:00,scheduler,3,0,400.8,10240.0,34,27.329
2026-06-08T08:22:59.065529+00:00,scheduler,0,0,621.9,10240.0,39,92.852
2026-06-08T08:22:59.065529+00:00,scheduler,1,0,376.8,10240.0,37,24.646
2026-06-08T08:22:59.065529+00:00,scheduler,2,0,400.8,10240.0,34,19.014
2026-06-08T08:22:59.065529+00:00,scheduler,3,0,400.8,10240.0,34,27.313
2026-06-08T08:23:04.066278+00:00,scheduler,0,0,621.9,10240.0,39,93.02
2026-06-08T08:23:04.066278+00:00,scheduler,1,0,376.8,10240.0,37,24.782
2026-06-08T08:23:04.066278+00:00,scheduler,2,0,400.8,10240.0,34,19.182
2026-06-08T08:23:04.066278+00:00,scheduler,3,0,400.8,10240.0,34,27.337
2026-06-08T08:23:09.067006+00:00,scheduler,0,0,621.9,10240.0,40,93.4
2026-06-08T08:23:09.067006+00:00,scheduler,1,0,376.8,10240.0,37,24.688
2026-06-08T08:23:09.067006+00:00,scheduler,2,0,400.8,10240.0,34,19.093
2026-06-08T08:23:09.067006+00:00,scheduler,3,0,400.8,10240.0,34,27.323
2026-06-08T08:23:14.067837+00:00,scheduler,0,0,621.9,10240.0,36,33.377
2026-06-08T08:23:14.067837+00:00,scheduler,1,0,376.8,10240.0,37,24.621
2026-06-08T08:23:14.067837+00:00,scheduler,2,0,400.8,10240.0,34,19.056
2026-06-08T08:23:14.067837+00:00,scheduler,3,0,400.8,10240.0,34,27.254
2026-06-08T08:23:19.068831+00:00,scheduler,0,0,621.9,10240.0,36,23.336
2026-06-08T08:23:19.068831+00:00,scheduler,1,0,376.8,10240.0,37,24.824
2026-06-08T08:23:19.068831+00:00,scheduler,2,0,400.8,10240.0,34,19.071
2026-06-08T08:23:19.068831+00:00,scheduler,3,0,400.8,10240.0,34,27.175
2026-06-08T08:23:24.070009+00:00,scheduler,0,0,621.9,10240.0,35,23.405
2026-06-08T08:23:24.070009+00:00,scheduler,1,0,376.8,10240.0,37,24.596
2026-06-08T08:23:24.070009+00:00,scheduler,2,0,400.8,10240.0,34,19.155
2026-06-08T08:23:24.070009+00:00,scheduler,3,0,400.8,10240.0,34,27.125
2026-06-08T08:23:29.070755+00:00,scheduler,0,0,621.9,10240.0,35,23.122
2026-06-08T08:23:29.070755+00:00,scheduler,1,0,376.8,10240.0,37,24.585
2026-06-08T08:23:29.070755+00:00,scheduler,2,0,400.8,10240.0,34,19.066
2026-06-08T08:23:29.070755+00:00,scheduler,3,0,400.8,10240.0,34,27.242
2026-06-08T08:23:34.071385+00:00,scheduler,0,0,621.9,10240.0,35,23.174
2026-06-08T08:23:34.071385+00:00,scheduler,1,0,376.8,10240.0,37,24.766
2026-06-08T08:23:34.071385+00:00,scheduler,2,0,400.8,10240.0,34,19.163
2026-06-08T08:23:34.071385+00:00,scheduler,3,0,400.8,10240.0,34,27.253
2026-06-08T08:23:39.072001+00:00,scheduler,0,0,621.9,10240.0,35,23.234
2026-06-08T08:23:39.072001+00:00,scheduler,1,0,376.8,10240.0,37,24.705
2026-06-08T08:23:39.072001+00:00,scheduler,2,0,400.8,10240.0,34,18.957
2026-06-08T08:23:39.072001+00:00,scheduler,3,0,400.8,10240.0,34,27.316
2026-06-08T08:23:44.072583+00:00,scheduler,0,0,621.9,10240.0,35,23.314
2026-06-08T08:23:44.072583+00:00,scheduler,1,0,376.8,10240.0,37,24.666
2026-06-08T08:23:44.072583+00:00,scheduler,2,0,400.8,10240.0,34,18.9
2026-06-08T08:23:44.072583+00:00,scheduler,3,0,400.8,10240.0,34,27.163
2026-06-08T08:23:49.073242+00:00,scheduler,0,2,1365.9,10240.0,39,93.551
2026-06-08T08:23:49.073242+00:00,scheduler,1,0,376.8,10240.0,37,24.618
2026-06-08T08:23:49.073242+00:00,scheduler,2,0,400.8,10240.0,34,18.927
2026-06-08T08:23:49.073242+00:00,scheduler,3,0,400.8,10240.0,34,27.253
2026-06-08T08:23:54.073782+00:00,scheduler,0,2,1957.9,10240.0,40,93.583
2026-06-08T08:23:54.073782+00:00,scheduler,1,0,376.8,10240.0,37,24.806
2026-06-08T08:23:54.073782+00:00,scheduler,2,0,400.8,10240.0,34,19.075
2026-06-08T08:23:54.073782+00:00,scheduler,3,0,400.8,10240.0,34,27.252
2026-06-08T08:23:59.074414+00:00,scheduler,0,0,2529.9,10240.0,40,93.837
2026-06-08T08:23:59.074414+00:00,scheduler,1,0,376.8,10240.0,37,24.641
2026-06-08T08:23:59.074414+00:00,scheduler,2,0,400.8,10240.0,34,18.975
2026-06-08T08:23:59.074414+00:00,scheduler,3,0,400.8,10240.0,34,27.302
2026-06-08T08:24:04.075226+00:00,scheduler,0,0,3529.9,10240.0,41,93.924
2026-06-08T08:24:04.075226+00:00,scheduler,1,0,376.8,10240.0,37,24.656
2026-06-08T08:24:04.075226+00:00,scheduler,2,0,400.8,10240.0,34,18.952
2026-06-08T08:24:04.075226+00:00,scheduler,3,0,400.8,10240.0,34,27.466
2026-06-08T08:24:09.075895+00:00,scheduler,0,3,4237.9,10240.0,41,94.106
2026-06-08T08:24:09.075895+00:00,scheduler,1,0,376.8,10240.0,37,24.762
2026-06-08T08:24:09.075895+00:00,scheduler,2,0,400.8,10240.0,34,19.112
2026-06-08T08:24:09.075895+00:00,scheduler,3,0,400.8,10240.0,34,27.513
2026-06-08T08:24:14.076592+00:00,scheduler,0,0,5353.9,10240.0,41,94.186
2026-06-08T08:24:14.076592+00:00,scheduler,1,0,376.8,10240.0,37,24.755
2026-06-08T08:24:14.076592+00:00,scheduler,2,0,400.8,10240.0,34,18.898
2026-06-08T08:24:14.076592+00:00,scheduler,3,0,400.8,10240.0,34,27.314
2026-06-08T08:24:19.078675+00:00,scheduler,0,2,6129.9,10240.0,42,94.15
2026-06-08T08:24:19.078675+00:00,scheduler,1,0,376.8,10240.0,37,24.691
2026-06-08T08:24:19.078675+00:00,scheduler,2,0,400.8,10240.0,34,18.877
2026-06-08T08:24:19.078675+00:00,scheduler,3,0,400.8,10240.0,34,27.342
2026-06-08T08:24:24.079377+00:00,scheduler,0,3,7185.9,10240.0,42,94.515
2026-06-08T08:24:24.079377+00:00,scheduler,1,0,376.8,10240.0,37,24.702
2026-06-08T08:24:24.079377+00:00,scheduler,2,0,400.8,10240.0,34,19.023
2026-06-08T08:24:24.079377+00:00,scheduler,3,0,400.8,10240.0,34,27.419
2026-06-08T08:24:29.080155+00:00,scheduler,0,0,7681.9,10240.0,42,94.288
2026-06-08T08:24:29.080155+00:00,scheduler,1,0,376.8,10240.0,37,24.783
2026-06-08T08:24:29.080155+00:00,scheduler,2,0,400.8,10240.0,34,19.111
2026-06-08T08:24:29.080155+00:00,scheduler,3,0,400.8,10240.0,34,27.282
2026-06-08T08:24:34.080785+00:00,scheduler,0,3,8405.9,10240.0,42,94.404
2026-06-08T08:24:34.080785+00:00,scheduler,1,0,376.8,10240.0,37,24.668
2026-06-08T08:24:34.080785+00:00,scheduler,2,0,400.8,10240.0,34,19.049
2026-06-08T08:24:34.080785+00:00,scheduler,3,0,400.8,10240.0,34,27.293
2026-06-08T08:24:39.081382+00:00,scheduler,0,8,8717.9,10240.0,43,98.821
2026-06-08T08:24:39.081382+00:00,scheduler,1,0,376.8,10240.0,37,24.765
2026-06-08T08:24:39.081382+00:00,scheduler,2,0,400.8,10240.0,34,19.021
2026-06-08T08:24:39.081382+00:00,scheduler,3,0,400.8,10240.0,34,27.403
2026-06-08T08:24:44.082089+00:00,scheduler,0,9,881.9,10240.0,43,96.162
2026-06-08T08:24:44.082089+00:00,scheduler,1,0,376.8,10240.0,37,24.815
2026-06-08T08:24:44.082089+00:00,scheduler,2,0,400.8,10240.0,34,19.159
2026-06-08T08:24:44.082089+00:00,scheduler,3,0,400.8,10240.0,34,27.231
2026-06-08T08:24:49.082801+00:00,scheduler,0,3,2025.9,10240.0,43,95.592
2026-06-08T08:24:49.082801+00:00,scheduler,1,0,376.8,10240.0,37,24.682
2026-06-08T08:24:49.082801+00:00,scheduler,2,0,400.8,10240.0,34,19.179
2026-06-08T08:24:49.082801+00:00,scheduler,3,0,400.8,10240.0,34,27.233
2026-06-08T08:24:54.084969+00:00,scheduler,0,1,2961.9,10240.0,43,95.332
2026-06-08T08:24:54.084969+00:00,scheduler,1,0,376.8,10240.0,37,24.701
2026-06-08T08:24:54.084969+00:00,scheduler,2,0,400.8,10240.0,34,19.096
2026-06-08T08:24:54.084969+00:00,scheduler,3,0,400.8,10240.0,34,27.305
2026-06-08T08:24:59.085745+00:00,scheduler,0,0,3663.9,10240.0,43,95.487
2026-06-08T08:24:59.085745+00:00,scheduler,1,0,376.8,10240.0,37,24.893
2026-06-08T08:24:59.085745+00:00,scheduler,2,0,400.8,10240.0,34,19.187
2026-06-08T08:24:59.085745+00:00,scheduler,3,0,400.8,10240.0,34,27.381
2026-06-08T08:25:04.086357+00:00,scheduler,0,2,4527.9,10240.0,43,95.535
2026-06-08T08:25:04.086357+00:00,scheduler,1,0,376.8,10240.0,37,24.832
2026-06-08T08:25:04.086357+00:00,scheduler,2,0,400.8,10240.0,34,19.091
2026-06-08T08:25:04.086357+00:00,scheduler,3,0,400.8,10240.0,34,27.273
2026-06-08T08:25:09.089416+00:00,scheduler,0,3,5769.9,10240.0,43,95.646
2026-06-08T08:25:09.089416+00:00,scheduler,1,0,376.8,10240.0,37,24.642
2026-06-08T08:25:09.089416+00:00,scheduler,2,0,400.8,10240.0,34,19.157
2026-06-08T08:25:09.089416+00:00,scheduler,3,0,400.8,10240.0,34,27.282
2026-06-08T08:25:14.090130+00:00,scheduler,0,1,6633.9,10240.0,43,95.555
2026-06-08T08:25:14.090130+00:00,scheduler,1,0,376.8,10240.0,37,24.653
2026-06-08T08:25:14.090130+00:00,scheduler,2,0,400.8,10240.0,34,19.103
2026-06-08T08:25:14.090130+00:00,scheduler,3,0,400.8,10240.0,34,27.392
2026-06-08T08:25:19.090825+00:00,scheduler,0,1,7569.9,10240.0,44,95.692
2026-06-08T08:25:19.090825+00:00,scheduler,1,0,376.8,10240.0,37,24.819
2026-06-08T08:25:19.090825+00:00,scheduler,2,0,400.8,10240.0,34,19.13
2026-06-08T08:25:19.090825+00:00,scheduler,3,0,400.8,10240.0,34,27.317
2026-06-08T08:25:24.091417+00:00,scheduler,0,2,8831.9,10240.0,44,95.647
2026-06-08T08:25:24.091417+00:00,scheduler,1,0,376.8,10240.0,37,24.799
2026-06-08T08:25:24.091417+00:00,scheduler,2,0,400.8,10240.0,34,19.177
2026-06-08T08:25:24.091417+00:00,scheduler,3,0,400.8,10240.0,34,27.339
2026-06-08T08:25:29.094628+00:00,scheduler,0,100,8833.9,10240.0,57,318.575
2026-06-08T08:25:29.094628+00:00,scheduler,1,0,376.8,10240.0,37,25.013
2026-06-08T08:25:29.094628+00:00,scheduler,2,0,400.8,10240.0,34,19.5
2026-06-08T08:25:29.094628+00:00,scheduler,3,0,400.8,10240.0,34,27.549
2026-06-08T08:25:34.095208+00:00,scheduler,0,100,8833.9,10240.0,58,318.527
2026-06-08T08:25:34.095208+00:00,scheduler,1,0,376.8,10240.0,37,25.086
2026-06-08T08:25:34.095208+00:00,scheduler,2,0,400.8,10240.0,34,19.557
2026-06-08T08:25:34.095208+00:00,scheduler,3,0,400.8,10240.0,34,27.372
2026-06-08T08:25:39.095720+00:00,scheduler,0,100,8833.9,10240.0,59,318.5
2026-06-08T08:25:39.095720+00:00,scheduler,1,0,376.8,10240.0,37,24.976
2026-06-08T08:25:39.095720+00:00,scheduler,2,0,400.8,10240.0,34,19.36
2026-06-08T08:25:39.095720+00:00,scheduler,3,0,400.8,10240.0,34,27.388
2026-06-08T08:25:44.096395+00:00,scheduler,0,100,8833.9,10240.0,60,318.765
2026-06-08T08:25:44.096395+00:00,scheduler,1,0,376.8,10240.0,37,24.878
2026-06-08T08:25:44.096395+00:00,scheduler,2,0,400.8,10240.0,34,19.459
2026-06-08T08:25:44.096395+00:00,scheduler,3,0,400.8,10240.0,34,27.488
2026-06-08T08:25:49.096996+00:00,scheduler,0,100,8833.9,10240.0,61,319.225
2026-06-08T08:25:49.096996+00:00,scheduler,1,0,376.8,10240.0,37,24.921
2026-06-08T08:25:49.096996+00:00,scheduler,2,0,400.8,10240.0,34,19.453
2026-06-08T08:25:49.096996+00:00,scheduler,3,0,400.8,10240.0,34,27.594
2026-06-08T08:25:54.097542+00:00,scheduler,0,100,8833.9,10240.0,61,318.701
2026-06-08T08:25:54.097542+00:00,scheduler,1,0,376.8,10240.0,37,25.05
2026-06-08T08:25:54.097542+00:00,scheduler,2,0,400.8,10240.0,34,19.635
2026-06-08T08:25:54.097542+00:00,scheduler,3,0,400.8,10240.0,34,27.451
2026-06-08T08:25:59.098382+00:00,scheduler,0,100,8833.9,10240.0,62,318.566
2026-06-08T08:25:59.098382+00:00,scheduler,1,0,376.8,10240.0,37,24.859
2026-06-08T08:25:59.098382+00:00,scheduler,2,0,400.8,10240.0,34,19.438
2026-06-08T08:25:59.098382+00:00,scheduler,3,0,400.8,10240.0,34,27.52
2026-06-08T08:26:04.098934+00:00,scheduler,0,100,8833.9,10240.0,63,318.527
2026-06-08T08:26:04.098934+00:00,scheduler,1,0,376.8,10240.0,37,24.982
2026-06-08T08:26:04.098934+00:00,scheduler,2,0,400.8,10240.0,34,19.395
2026-06-08T08:26:04.098934+00:00,scheduler,3,0,400.8,10240.0,34,27.455
2026-06-08T08:26:09.099599+00:00,scheduler,0,6,8833.9,10240.0,51,98.681
2026-06-08T08:26:09.099599+00:00,scheduler,1,0,376.8,10240.0,37,24.834
2026-06-08T08:26:09.099599+00:00,scheduler,2,0,400.8,10240.0,34,19.216
2026-06-08T08:26:09.099599+00:00,scheduler,3,0,400.8,10240.0,34,27.399
2026-06-08T08:26:14.100272+00:00,scheduler,0,2,2981.9,10240.0,51,113.94
2026-06-08T08:26:14.100272+00:00,scheduler,1,0,376.8,10240.0,37,24.656
2026-06-08T08:26:14.100272+00:00,scheduler,2,0,400.8,10240.0,34,19.033
2026-06-08T08:26:14.100272+00:00,scheduler,3,0,400.8,10240.0,34,27.363
2026-06-08T08:26:19.101112+00:00,scheduler,0,0,701.9,10240.0,49,97.268
2026-06-08T08:26:19.101112+00:00,scheduler,1,0,376.8,10240.0,37,24.696
2026-06-08T08:26:19.101112+00:00,scheduler,2,0,400.8,10240.0,34,18.962
2026-06-08T08:26:19.101112+00:00,scheduler,3,0,400.8,10240.0,34,27.278
2026-06-08T08:26:24.101883+00:00,scheduler,0,0,701.9,10240.0,49,96.853
2026-06-08T08:26:24.101883+00:00,scheduler,1,0,376.8,10240.0,37,24.776
2026-06-08T08:26:24.101883+00:00,scheduler,2,0,400.8,10240.0,34,19.144
2026-06-08T08:26:24.101883+00:00,scheduler,3,0,400.8,10240.0,34,27.318
2026-06-08T08:26:29.102556+00:00,scheduler,0,0,701.9,10240.0,48,96.492
2026-06-08T08:26:29.102556+00:00,scheduler,1,0,376.8,10240.0,37,24.805
2026-06-08T08:26:29.102556+00:00,scheduler,2,0,400.8,10240.0,34,19.015
2026-06-08T08:26:29.102556+00:00,scheduler,3,0,400.8,10240.0,34,27.444
2026-06-08T08:26:34.103305+00:00,scheduler,0,0,701.9,10240.0,44,25.967
2026-06-08T08:26:34.103305+00:00,scheduler,1,0,376.8,10240.0,37,24.659
2026-06-08T08:26:34.103305+00:00,scheduler,2,0,400.8,10240.0,34,18.857
2026-06-08T08:26:34.103305+00:00,scheduler,3,0,400.8,10240.0,34,27.328
2026-06-08T08:26:39.104046+00:00,scheduler,0,0,701.9,10240.0,42,24.214
2026-06-08T08:26:39.104046+00:00,scheduler,1,0,376.8,10240.0,37,24.734
2026-06-08T08:26:39.104046+00:00,scheduler,2,0,400.8,10240.0,34,18.876
2026-06-08T08:26:39.104046+00:00,scheduler,3,0,400.8,10240.0,34,27.505
2026-06-08T08:26:44.104812+00:00,scheduler,0,0,701.9,10240.0,41,23.849
2026-06-08T08:26:44.104812+00:00,scheduler,1,0,376.8,10240.0,37,24.798
2026-06-08T08:26:44.104812+00:00,scheduler,2,0,400.8,10240.0,34,19.188
2026-06-08T08:26:44.104812+00:00,scheduler,3,0,400.8,10240.0,34,27.379
2026-06-08T08:26:49.105641+00:00,scheduler,0,0,701.9,10240.0,40,23.913
2026-06-08T08:26:49.105641+00:00,scheduler,1,0,376.8,10240.0,37,24.676
2026-06-08T08:26:49.105641+00:00,scheduler,2,0,400.8,10240.0,34,19.058
2026-06-08T08:26:49.105641+00:00,scheduler,3,0,400.8,10240.0,34,27.309
2026-06-08T08:26:54.106345+00:00,scheduler,0,0,701.9,10240.0,39,23.716
2026-06-08T08:26:54.106345+00:00,scheduler,1,0,376.8,10240.0,37,24.64
2026-06-08T08:26:54.106345+00:00,scheduler,2,0,400.8,10240.0,34,18.804
2026-06-08T08:26:54.106345+00:00,scheduler,3,0,400.8,10240.0,34,27.493
2026-06-08T08:26:59.107039+00:00,scheduler,0,0,701.9,10240.0,39,23.529
2026-06-08T08:26:59.107039+00:00,scheduler,1,0,376.8,10240.0,37,24.802
2026-06-08T08:26:59.107039+00:00,scheduler,2,0,400.8,10240.0,34,18.98
2026-06-08T08:26:59.107039+00:00,scheduler,3,0,400.8,10240.0,34,27.352
2026-06-08T08:27:04.107762+00:00,scheduler,0,0,4267.9,10240.0,42,37.329
2026-06-08T08:27:04.107762+00:00,scheduler,1,0,376.8,10240.0,37,24.648
2026-06-08T08:27:04.107762+00:00,scheduler,2,0,400.8,10240.0,34,18.901
2026-06-08T08:27:04.107762+00:00,scheduler,3,0,400.8,10240.0,34,27.315
2026-06-08T08:27:09.108373+00:00,scheduler,0,10,8721.9,10240.0,43,96.108
2026-06-08T08:27:09.108373+00:00,scheduler,1,0,376.8,10240.0,37,24.751
2026-06-08T08:27:09.108373+00:00,scheduler,2,0,400.8,10240.0,34,18.864
2026-06-08T08:27:09.108373+00:00,scheduler,3,0,400.8,10240.0,34,27.339
2026-06-08T08:27:14.109034+00:00,scheduler,0,41,8835.9,10240.0,45,114.394
2026-06-08T08:27:14.109034+00:00,scheduler,1,0,376.8,10240.0,38,24.717
2026-06-08T08:27:14.109034+00:00,scheduler,2,0,400.8,10240.0,34,18.822
2026-06-08T08:27:14.109034+00:00,scheduler,3,0,400.8,10240.0,34,27.266
2026-06-08T08:27:19.109772+00:00,scheduler,0,100,8837.9,10240.0,56,319.208
2026-06-08T08:27:19.109772+00:00,scheduler,1,0,376.8,10240.0,38,25.187
2026-06-08T08:27:19.109772+00:00,scheduler,2,0,400.8,10240.0,34,19.212
2026-06-08T08:27:19.109772+00:00,scheduler,3,0,400.8,10240.0,34,27.391
2026-06-08T08:27:24.110424+00:00,scheduler,0,100,8837.9,10240.0,58,319.181
2026-06-08T08:27:24.110424+00:00,scheduler,1,0,376.8,10240.0,37,25.071
2026-06-08T08:27:24.110424+00:00,scheduler,2,0,400.8,10240.0,34,19.283
2026-06-08T08:27:24.110424+00:00,scheduler,3,0,400.8,10240.0,34,27.455
2026-06-08T08:27:29.110986+00:00,scheduler,0,100,8837.9,10240.0,59,319.07
2026-06-08T08:27:29.110986+00:00,scheduler,1,0,376.8,10240.0,38,25.005
2026-06-08T08:27:29.110986+00:00,scheduler,2,0,400.8,10240.0,34,19.34
2026-06-08T08:27:29.110986+00:00,scheduler,3,0,400.8,10240.0,34,27.368
2026-06-08T08:27:34.111569+00:00,scheduler,0,100,8837.9,10240.0,60,318.531
2026-06-08T08:27:34.111569+00:00,scheduler,1,0,376.8,10240.0,38,25.037
2026-06-08T08:27:34.111569+00:00,scheduler,2,0,400.8,10240.0,34,19.434
2026-06-08T08:27:34.111569+00:00,scheduler,3,0,400.8,10240.0,34,27.366
2026-06-08T08:27:39.112274+00:00,scheduler,0,100,8837.9,10240.0,61,318.665
2026-06-08T08:27:39.112274+00:00,scheduler,1,0,376.8,10240.0,38,24.914
2026-06-08T08:27:39.112274+00:00,scheduler,2,0,400.8,10240.0,34,19.246
2026-06-08T08:27:39.112274+00:00,scheduler,3,0,400.8,10240.0,34,27.405
2026-06-08T08:27:44.112799+00:00,scheduler,0,100,8837.9,10240.0,62,319.69
2026-06-08T08:27:44.112799+00:00,scheduler,1,0,376.8,10240.0,37,24.869
2026-06-08T08:27:44.112799+00:00,scheduler,2,0,400.8,10240.0,34,19.303
2026-06-08T08:27:44.112799+00:00,scheduler,3,0,400.8,10240.0,34,27.396
2026-06-08T08:27:49.113417+00:00,scheduler,0,100,8837.9,10240.0,62,318.494
2026-06-08T08:27:49.113417+00:00,scheduler,1,0,376.8,10240.0,38,24.915
2026-06-08T08:27:49.113417+00:00,scheduler,2,0,400.8,10240.0,34,19.333
2026-06-08T08:27:49.113417+00:00,scheduler,3,0,400.8,10240.0,34,27.392
2026-06-08T08:27:54.113980+00:00,scheduler,0,100,8837.9,10240.0,62,318.456
2026-06-08T08:27:54.113980+00:00,scheduler,1,0,376.8,10240.0,38,24.983
2026-06-08T08:27:54.113980+00:00,scheduler,2,0,400.8,10240.0,34,19.376
2026-06-08T08:27:54.113980+00:00,scheduler,3,0,400.8,10240.0,34,27.398
2026-06-08T08:27:59.114689+00:00,scheduler,0,12,8837.9,10240.0,52,98.919
2026-06-08T08:27:59.114689+00:00,scheduler,1,0,376.8,10240.0,38,24.666
2026-06-08T08:27:59.114689+00:00,scheduler,2,0,400.8,10240.0,34,18.868
2026-06-08T08:27:59.114689+00:00,scheduler,3,0,400.8,10240.0,34,27.304
2026-06-08T08:28:04.115369+00:00,scheduler,0,0,699.9,10240.0,51,106.262
2026-06-08T08:28:04.115369+00:00,scheduler,1,0,376.8,10240.0,38,24.667
2026-06-08T08:28:04.115369+00:00,scheduler,2,0,400.8,10240.0,34,19.011
2026-06-08T08:28:04.115369+00:00,scheduler,3,0,400.8,10240.0,34,27.699
2026-06-08T08:28:09.116003+00:00,scheduler,0,0,699.9,10240.0,49,97.259
2026-06-08T08:28:09.116003+00:00,scheduler,1,0,376.8,10240.0,38,24.704
2026-06-08T08:28:09.116003+00:00,scheduler,2,0,400.8,10240.0,34,19.15
2026-06-08T08:28:09.116003+00:00,scheduler,3,0,400.8,10240.0,34,27.29
2026-06-08T08:28:14.116715+00:00,scheduler,0,0,699.9,10240.0,49,96.63
2026-06-08T08:28:14.116715+00:00,scheduler,1,0,376.8,10240.0,38,24.622
2026-06-08T08:28:14.116715+00:00,scheduler,2,0,400.8,10240.0,34,19.039
2026-06-08T08:28:14.116715+00:00,scheduler,3,0,400.8,10240.0,34,27.375
2026-06-08T08:28:19.117400+00:00,scheduler,0,0,699.9,10240.0,44,67.227
2026-06-08T08:28:19.117400+00:00,scheduler,1,0,376.8,10240.0,38,24.673
2026-06-08T08:28:19.117400+00:00,scheduler,2,0,400.8,10240.0,34,18.89
2026-06-08T08:28:19.117400+00:00,scheduler,3,0,400.8,10240.0,34,27.128
2026-06-08T08:28:24.118015+00:00,scheduler,0,0,699.9,10240.0,43,24.024
2026-06-08T08:28:24.118015+00:00,scheduler,1,0,376.8,10240.0,38,24.777
2026-06-08T08:28:24.118015+00:00,scheduler,2,0,400.8,10240.0,34,18.925
2026-06-08T08:28:24.118015+00:00,scheduler,3,0,400.8,10240.0,34,27.245
2026-06-08T08:28:29.118751+00:00,scheduler,0,0,699.9,10240.0,42,23.824
2026-06-08T08:28:29.118751+00:00,scheduler,1,0,376.8,10240.0,38,24.625
2026-06-08T08:28:29.118751+00:00,scheduler,2,0,400.8,10240.0,34,18.743
2026-06-08T08:28:29.118751+00:00,scheduler,3,0,400.8,10240.0,34,27.13
2026-06-08T08:28:34.119563+00:00,scheduler,0,0,699.9,10240.0,41,23.473
2026-06-08T08:28:34.119563+00:00,scheduler,1,0,376.8,10240.0,38,24.596
2026-06-08T08:28:34.119563+00:00,scheduler,2,0,400.8,10240.0,34,18.827
2026-06-08T08:28:34.119563+00:00,scheduler,3,0,400.8,10240.0,34,27.358
2026-06-08T08:28:39.120305+00:00,scheduler,0,0,699.9,10240.0,40,23.656
2026-06-08T08:28:39.120305+00:00,scheduler,1,0,376.8,10240.0,38,24.632
2026-06-08T08:28:39.120305+00:00,scheduler,2,0,400.8,10240.0,34,18.883
2026-06-08T08:28:39.120305+00:00,scheduler,3,0,400.8,10240.0,34,27.287
2026-06-08T08:28:44.120978+00:00,scheduler,0,0,699.9,10240.0,39,23.435
2026-06-08T08:28:44.120978+00:00,scheduler,1,0,376.8,10240.0,38,24.8
2026-06-08T08:28:44.120978+00:00,scheduler,2,0,400.8,10240.0,34,18.857
2026-06-08T08:28:44.120978+00:00,scheduler,3,0,400.8,10240.0,34,27.224
2026-06-08T08:28:49.121773+00:00,scheduler,0,0,699.9,10240.0,39,23.488
2026-06-08T08:28:49.121773+00:00,scheduler,1,0,376.8,10240.0,38,24.725
2026-06-08T08:28:49.121773+00:00,scheduler,2,0,400.8,10240.0,34,18.711
2026-06-08T08:28:49.121773+00:00,scheduler,3,0,400.8,10240.0,34,27.238
2026-06-08T08:28:54.122755+00:00,scheduler,0,0,699.9,10240.0,38,23.338
2026-06-08T08:28:54.122755+00:00,scheduler,1,0,376.8,10240.0,38,24.708
2026-06-08T08:28:54.122755+00:00,scheduler,2,0,400.8,10240.0,34,18.783
2026-06-08T08:28:54.122755+00:00,scheduler,3,0,400.8,10240.0,34,27.301
2026-06-08T08:28:59.123458+00:00,scheduler,0,0,699.9,10240.0,38,23.385
2026-06-08T08:28:59.123458+00:00,scheduler,1,0,376.8,10240.0,38,24.835
2026-06-08T08:28:59.123458+00:00,scheduler,2,0,400.8,10240.0,34,18.864
2026-06-08T08:28:59.123458+00:00,scheduler,3,0,400.8,10240.0,34,27.446
2026-06-08T08:29:04.126511+00:00,scheduler,0,32,4749.9,10240.0,41,48.972
2026-06-08T08:29:04.126511+00:00,scheduler,1,0,376.8,10240.0,38,24.629
2026-06-08T08:29:04.126511+00:00,scheduler,2,0,400.8,10240.0,34,18.77
2026-06-08T08:29:04.126511+00:00,scheduler,3,0,400.8,10240.0,34,27.341
2026-06-08T08:29:09.127414+00:00,scheduler,0,10,8721.9,10240.0,42,95.536
2026-06-08T08:29:09.127414+00:00,scheduler,1,0,376.8,10240.0,38,24.672
2026-06-08T08:29:09.127414+00:00,scheduler,2,0,400.8,10240.0,34,18.829
2026-06-08T08:29:09.127414+00:00,scheduler,3,0,400.8,10240.0,34,27.495
2026-06-08T08:29:14.128019+00:00,scheduler,0,32,8837.9,10240.0,52,176.122
2026-06-08T08:29:14.128019+00:00,scheduler,1,0,376.8,10240.0,38,24.781
2026-06-08T08:29:14.128019+00:00,scheduler,2,0,400.8,10240.0,34,19.064
2026-06-08T08:29:14.128019+00:00,scheduler,3,0,400.8,10240.0,34,27.339
2026-06-08T08:29:19.128704+00:00,scheduler,0,100,8837.9,10240.0,56,318.419
2026-06-08T08:29:19.128704+00:00,scheduler,1,0,376.8,10240.0,38,24.906
2026-06-08T08:29:19.128704+00:00,scheduler,2,0,400.8,10240.0,34,19.332
2026-06-08T08:29:19.128704+00:00,scheduler,3,0,400.8,10240.0,34,27.414
2026-06-08T08:29:24.129424+00:00,scheduler,0,100,8837.9,10240.0,57,317.863
2026-06-08T08:29:24.129424+00:00,scheduler,1,0,376.8,10240.0,38,24.941
2026-06-08T08:29:24.129424+00:00,scheduler,2,0,400.8,10240.0,34,19.413
2026-06-08T08:29:24.129424+00:00,scheduler,3,0,400.8,10240.0,34,27.394
2026-06-08T08:29:29.130122+00:00,scheduler,0,100,8837.9,10240.0,59,318.325
2026-06-08T08:29:29.130122+00:00,scheduler,1,0,376.8,10240.0,38,24.951
2026-06-08T08:29:29.130122+00:00,scheduler,2,0,400.8,10240.0,34,19.289
2026-06-08T08:29:29.130122+00:00,scheduler,3,0,400.8,10240.0,34,27.461
2026-06-08T08:29:34.130796+00:00,scheduler,0,100,8837.9,10240.0,60,318.716
2026-06-08T08:29:34.130796+00:00,scheduler,1,0,376.8,10240.0,38,25.019
2026-06-08T08:29:34.130796+00:00,scheduler,2,0,400.8,10240.0,34,19.41
2026-06-08T08:29:34.130796+00:00,scheduler,3,0,400.8,10240.0,34,27.441
2026-06-08T08:29:39.131494+00:00,scheduler,0,100,8837.9,10240.0,60,319.01
2026-06-08T08:29:39.131494+00:00,scheduler,1,0,376.8,10240.0,38,24.974
2026-06-08T08:29:39.131494+00:00,scheduler,2,0,400.8,10240.0,34,19.37
2026-06-08T08:29:39.131494+00:00,scheduler,3,0,400.8,10240.0,34,27.239
2026-06-08T08:29:44.132094+00:00,scheduler,0,100,8837.9,10240.0,61,318.235
2026-06-08T08:29:44.132094+00:00,scheduler,1,0,376.8,10240.0,38,24.927
2026-06-08T08:29:44.132094+00:00,scheduler,2,0,400.8,10240.0,34,19.548
2026-06-08T08:29:44.132094+00:00,scheduler,3,0,400.8,10240.0,34,27.306
2026-06-08T08:29:49.132915+00:00,scheduler,0,100,8837.9,10240.0,62,318.495
2026-06-08T08:29:49.132915+00:00,scheduler,1,0,376.8,10240.0,38,24.983
2026-06-08T08:29:49.132915+00:00,scheduler,2,0,400.8,10240.0,34,19.56
2026-06-08T08:29:49.132915+00:00,scheduler,3,0,400.8,10240.0,34,27.512
2026-06-08T08:29:54.133651+00:00,scheduler,0,100,8837.9,10240.0,62,318.341
2026-06-08T08:29:54.133651+00:00,scheduler,1,0,376.8,10240.0,38,24.847
2026-06-08T08:29:54.133651+00:00,scheduler,2,0,400.8,10240.0,34,19.384
2026-06-08T08:29:54.133651+00:00,scheduler,3,0,400.8,10240.0,34,27.459
2026-06-08T08:29:59.134413+00:00,scheduler,0,12,8837.9,10240.0,51,98.502
2026-06-08T08:29:59.134413+00:00,scheduler,1,0,376.8,10240.0,38,24.665
2026-06-08T08:29:59.134413+00:00,scheduler,2,0,400.8,10240.0,34,19.089
2026-06-08T08:29:59.134413+00:00,scheduler,3,0,400.8,10240.0,34,27.285
2026-06-08T08:30:04.135243+00:00,scheduler,0,0,699.9,10240.0,50,102.388
2026-06-08T08:30:04.135243+00:00,scheduler,1,0,376.8,10240.0,38,24.665
2026-06-08T08:30:04.135243+00:00,scheduler,2,0,400.8,10240.0,34,19.107
2026-06-08T08:30:04.135243+00:00,scheduler,3,0,400.8,10240.0,34,27.303
2026-06-08T08:30:09.136029+00:00,scheduler,0,0,699.9,10240.0,49,96.95
2026-06-08T08:30:09.136029+00:00,scheduler,1,0,376.8,10240.0,38,24.713
2026-06-08T08:30:09.136029+00:00,scheduler,2,0,400.8,10240.0,34,19.22
2026-06-08T08:30:09.136029+00:00,scheduler,3,0,400.8,10240.0,34,27.35
2026-06-08T08:30:14.136825+00:00,scheduler,0,0,699.9,10240.0,48,96.706
2026-06-08T08:30:14.136825+00:00,scheduler,1,0,376.8,10240.0,38,24.653
2026-06-08T08:30:14.136825+00:00,scheduler,2,0,400.8,10240.0,34,19.165
2026-06-08T08:30:14.136825+00:00,scheduler,3,0,400.8,10240.0,34,27.324
2026-06-08T08:30:19.137677+00:00,scheduler,0,0,699.9,10240.0,44,24.6
2026-06-08T08:30:19.137677+00:00,scheduler,1,0,376.8,10240.0,38,24.64
2026-06-08T08:30:19.137677+00:00,scheduler,2,0,400.8,10240.0,34,19.117
2026-06-08T08:30:19.137677+00:00,scheduler,3,0,400.8,10240.0,34,27.333
2026-06-08T08:30:24.138480+00:00,scheduler,0,0,699.9,10240.0,42,24.055
2026-06-08T08:30:24.138480+00:00,scheduler,1,0,376.8,10240.0,38,24.68
2026-06-08T08:30:24.138480+00:00,scheduler,2,0,400.8,10240.0,34,19.146
2026-06-08T08:30:24.138480+00:00,scheduler,3,0,400.8,10240.0,34,27.37
2026-06-08T08:30:29.139295+00:00,scheduler,0,0,699.9,10240.0,41,23.713
2026-06-08T08:30:29.139295+00:00,scheduler,1,0,376.8,10240.0,38,24.613
2026-06-08T08:30:29.139295+00:00,scheduler,2,0,400.8,10240.0,34,19.159
2026-06-08T08:30:29.139295+00:00,scheduler,3,0,400.8,10240.0,34,27.236
2026-06-08T08:30:34.140125+00:00,scheduler,0,0,699.9,10240.0,40,23.674
2026-06-08T08:30:34.140125+00:00,scheduler,1,0,376.8,10240.0,38,24.574
2026-06-08T08:30:34.140125+00:00,scheduler,2,0,400.8,10240.0,34,18.976
2026-06-08T08:30:34.140125+00:00,scheduler,3,0,400.8,10240.0,34,27.18
2026-06-08T08:30:39.140860+00:00,scheduler,0,0,699.9,10240.0,40,23.414
2026-06-08T08:30:39.140860+00:00,scheduler,1,0,376.8,10240.0,38,24.763
2026-06-08T08:30:39.140860+00:00,scheduler,2,0,400.8,10240.0,34,19.185
2026-06-08T08:30:39.140860+00:00,scheduler,3,0,400.8,10240.0,34,27.15
2026-06-08T08:30:44.141607+00:00,scheduler,0,0,699.9,10240.0,39,23.63
2026-06-08T08:30:44.141607+00:00,scheduler,1,0,376.8,10240.0,38,24.765
2026-06-08T08:30:44.141607+00:00,scheduler,2,0,400.8,10240.0,34,19.296
2026-06-08T08:30:44.141607+00:00,scheduler,3,0,400.8,10240.0,34,27.237
2026-06-08T08:30:49.142300+00:00,scheduler,0,0,699.9,10240.0,38,23.58
2026-06-08T08:30:49.142300+00:00,scheduler,1,0,376.8,10240.0,38,24.669
2026-06-08T08:30:49.142300+00:00,scheduler,2,0,400.8,10240.0,34,19.223
2026-06-08T08:30:49.142300+00:00,scheduler,3,0,400.8,10240.0,34,27.203
2026-06-08T08:30:54.142968+00:00,scheduler,0,0,699.9,10240.0,38,23.324
2026-06-08T08:30:54.142968+00:00,scheduler,1,0,376.8,10240.0,38,24.616
2026-06-08T08:30:54.142968+00:00,scheduler,2,0,400.8,10240.0,34,19.093
2026-06-08T08:30:54.142968+00:00,scheduler,3,0,400.8,10240.0,34,27.127
2026-06-08T08:30:59.143807+00:00,scheduler,0,0,699.9,10240.0,38,23.494
2026-06-08T08:30:59.143807+00:00,scheduler,1,0,376.8,10240.0,38,24.747
2026-06-08T08:30:59.143807+00:00,scheduler,2,0,400.8,10240.0,34,19.173
2026-06-08T08:30:59.143807+00:00,scheduler,3,0,400.8,10240.0,34,27.383
2026-06-08T08:31:04.144561+00:00,scheduler,0,0,699.9,10240.0,37,23.429
2026-06-08T08:31:04.144561+00:00,scheduler,1,0,376.8,10240.0,38,24.556
2026-06-08T08:31:04.144561+00:00,scheduler,2,0,400.8,10240.0,34,19.239
2026-06-08T08:31:04.144561+00:00,scheduler,3,0,400.8,10240.0,34,27.248
2026-06-08T08:31:09.145420+00:00,scheduler,0,0,699.9,10240.0,37,23.273
2026-06-08T08:31:09.145420+00:00,scheduler,1,0,376.8,10240.0,38,24.709
2026-06-08T08:31:09.145420+00:00,scheduler,2,0,400.8,10240.0,34,19.127
2026-06-08T08:31:09.145420+00:00,scheduler,3,0,400.8,10240.0,34,27.214
2026-06-08T08:31:14.146151+00:00,scheduler,0,0,699.9,10240.0,37,23.243
2026-06-08T08:31:14.146151+00:00,scheduler,1,0,376.8,10240.0,38,24.79
2026-06-08T08:31:14.146151+00:00,scheduler,2,0,400.8,10240.0,34,19.191
2026-06-08T08:31:14.146151+00:00,scheduler,3,0,400.8,10240.0,34,27.287
2026-06-08T08:31:19.146848+00:00,scheduler,0,0,699.9,10240.0,36,23.361
2026-06-08T08:31:19.146848+00:00,scheduler,1,0,376.8,10240.0,38,24.573
2026-06-08T08:31:19.146848+00:00,scheduler,2,0,400.8,10240.0,34,19.065
2026-06-08T08:31:19.146848+00:00,scheduler,3,0,400.8,10240.0,34,27.232
2026-06-08T08:31:24.147563+00:00,scheduler,0,0,699.9,10240.0,36,23.298
2026-06-08T08:31:24.147563+00:00,scheduler,1,0,376.8,10240.0,38,24.645
2026-06-08T08:31:24.147563+00:00,scheduler,2,0,400.8,10240.0,34,19.118
2026-06-08T08:31:24.147563+00:00,scheduler,3,0,400.8,10240.0,34,27.165
2026-06-08T08:31:29.148296+00:00,scheduler,0,0,699.9,10240.0,36,23.125
2026-06-08T08:31:29.148296+00:00,scheduler,1,0,376.8,10240.0,38,24.63
2026-06-08T08:31:29.148296+00:00,scheduler,2,0,400.8,10240.0,34,19.027
2026-06-08T08:31:29.148296+00:00,scheduler,3,0,400.8,10240.0,34,27.298
2026-06-08T08:31:34.148961+00:00,scheduler,0,0,699.9,10240.0,36,23.174
2026-06-08T08:31:34.148961+00:00,scheduler,1,0,376.8,10240.0,38,24.728
2026-06-08T08:31:34.148961+00:00,scheduler,2,0,400.8,10240.0,34,19.137
2026-06-08T08:31:34.148961+00:00,scheduler,3,0,400.8,10240.0,34,27.334
2026-06-08T08:31:39.149687+00:00,scheduler,0,0,699.9,10240.0,36,23.225
2026-06-08T08:31:39.149687+00:00,scheduler,1,0,376.8,10240.0,38,24.612
2026-06-08T08:31:39.149687+00:00,scheduler,2,0,400.8,10240.0,34,19.056
2026-06-08T08:31:39.149687+00:00,scheduler,3,0,400.8,10240.0,34,27.332
2026-06-08T08:31:44.150292+00:00,scheduler,0,0,699.9,10240.0,36,23.065
2026-06-08T08:31:44.150292+00:00,scheduler,1,0,376.8,10240.0,38,24.634
2026-06-08T08:31:44.150292+00:00,scheduler,2,0,400.8,10240.0,34,19.038
2026-06-08T08:31:44.150292+00:00,scheduler,3,0,400.8,10240.0,34,27.333
2026-06-08T08:31:49.150919+00:00,scheduler,0,0,699.9,10240.0,35,22.986
2026-06-08T08:31:49.150919+00:00,scheduler,1,0,376.8,10240.0,38,24.704
2026-06-08T08:31:49.150919+00:00,scheduler,2,0,400.8,10240.0,34,19.175
2026-06-08T08:31:49.150919+00:00,scheduler,3,0,400.8,10240.0,34,27.512
2026-06-08T08:31:54.151533+00:00,scheduler,0,0,699.9,10240.0,35,23.268
2026-06-08T08:31:54.151533+00:00,scheduler,1,0,376.8,10240.0,38,24.649
2026-06-08T08:31:54.151533+00:00,scheduler,2,0,400.8,10240.0,34,19.195
2026-06-08T08:31:54.151533+00:00,scheduler,3,0,400.8,10240.0,34,27.35
2026-06-08T08:31:59.152108+00:00,scheduler,0,0,699.9,10240.0,35,23.228
2026-06-08T08:31:59.152108+00:00,scheduler,1,0,376.8,10240.0,38,33.841
2026-06-08T08:31:59.152108+00:00,scheduler,2,0,400.8,10240.0,34,19.575
2026-06-08T08:31:59.152108+00:00,scheduler,3,0,400.8,10240.0,34,27.532
2026-06-08T08:32:04.152777+00:00,scheduler,0,0,699.9,10240.0,35,23.053
2026-06-08T08:32:04.152777+00:00,scheduler,1,0,376.8,10240.0,38,24.767
2026-06-08T08:32:04.152777+00:00,scheduler,2,0,400.8,10240.0,34,19.131
2026-06-08T08:32:04.152777+00:00,scheduler,3,0,400.8,10240.0,34,27.258
2026-06-08T08:32:09.153615+00:00,scheduler,0,0,699.9,10240.0,35,23.166
2026-06-08T08:32:09.153615+00:00,scheduler,1,0,376.8,10240.0,38,24.69
2026-06-08T08:32:09.153615+00:00,scheduler,2,0,400.8,10240.0,34,19.227
2026-06-08T08:32:09.153615+00:00,scheduler,3,0,400.8,10240.0,34,27.406
2026-06-08T08:32:14.154379+00:00,scheduler,0,0,699.9,10240.0,35,23.079
2026-06-08T08:32:14.154379+00:00,scheduler,1,0,376.8,10240.0,38,24.68
2026-06-08T08:32:14.154379+00:00,scheduler,2,0,400.8,10240.0,34,19.156
2026-06-08T08:32:14.154379+00:00,scheduler,3,0,400.8,10240.0,34,27.328
2026-06-08T08:32:19.155112+00:00,scheduler,0,0,699.9,10240.0,35,23.291
2026-06-08T08:32:19.155112+00:00,scheduler,1,0,376.8,10240.0,38,24.718
2026-06-08T08:32:19.155112+00:00,scheduler,2,0,400.8,10240.0,34,19.04
2026-06-08T08:32:19.155112+00:00,scheduler,3,0,400.8,10240.0,34,27.438
2026-06-08T08:32:24.155746+00:00,scheduler,0,0,699.9,10240.0,35,23.189
2026-06-08T08:32:24.155746+00:00,scheduler,1,0,376.8,10240.0,38,24.62
2026-06-08T08:32:24.155746+00:00,scheduler,2,0,400.8,10240.0,34,19.146
2026-06-08T08:32:24.155746+00:00,scheduler,3,0,400.8,10240.0,34,27.634
2026-06-08T08:32:29.156556+00:00,scheduler,0,0,699.9,10240.0,35,22.917
2026-06-08T08:32:29.156556+00:00,scheduler,1,0,376.8,10240.0,38,24.631
2026-06-08T08:32:29.156556+00:00,scheduler,2,0,400.8,10240.0,34,19.305
2026-06-08T08:32:29.156556+00:00,scheduler,3,0,400.8,10240.0,34,27.421
2026-06-08T08:32:34.157216+00:00,scheduler,0,0,699.9,10240.0,35,23.127
2026-06-08T08:32:34.157216+00:00,scheduler,1,0,597.9,10240.0,46,98.555
2026-06-08T08:32:34.157216+00:00,scheduler,2,0,400.8,10240.0,34,19.228
2026-06-08T08:32:34.157216+00:00,scheduler,3,0,400.8,10240.0,34,27.513
2026-06-08T08:32:39.157872+00:00,scheduler,0,0,699.9,10240.0,35,23.11
2026-06-08T08:32:39.157872+00:00,scheduler,1,0,597.9,10240.0,47,99.519
2026-06-08T08:32:39.157872+00:00,scheduler,2,0,400.8,10240.0,34,19.227
2026-06-08T08:32:39.157872+00:00,scheduler,3,0,621.9,10240.0,40,96.167
2026-06-08T08:32:44.158562+00:00,scheduler,0,0,921.0,10240.0,39,92.862
2026-06-08T08:32:44.158562+00:00,scheduler,1,0,597.9,10240.0,48,99.995
2026-06-08T08:32:44.158562+00:00,scheduler,2,0,400.8,10240.0,34,19.165
2026-06-08T08:32:44.158562+00:00,scheduler,3,0,621.9,10240.0,41,96.652
2026-06-08T08:32:49.159298+00:00,scheduler,0,0,921.0,10240.0,39,93.221
2026-06-08T08:32:49.159298+00:00,scheduler,1,0,597.9,10240.0,42,49.597
2026-06-08T08:32:49.159298+00:00,scheduler,2,0,621.9,10240.0,39,89.619
2026-06-08T08:32:49.159298+00:00,scheduler,3,0,621.9,10240.0,41,96.743
2026-06-08T08:32:54.160073+00:00,scheduler,0,0,921.0,10240.0,40,93.402
2026-06-08T08:32:54.160073+00:00,scheduler,1,0,597.9,10240.0,40,24.859
2026-06-08T08:32:54.160073+00:00,scheduler,2,0,621.9,10240.0,40,90.17
2026-06-08T08:32:54.160073+00:00,scheduler,3,0,621.9,10240.0,37,66.377
2026-06-08T08:32:59.160690+00:00,scheduler,0,0,921.0,10240.0,40,93.558
2026-06-08T08:32:59.160690+00:00,scheduler,1,0,597.9,10240.0,39,24.886
2026-06-08T08:32:59.160690+00:00,scheduler,2,0,621.9,10240.0,40,90.41
2026-06-08T08:32:59.160690+00:00,scheduler,3,0,621.9,10240.0,36,27.857
2026-06-08T08:33:04.161280+00:00,scheduler,0,0,921.0,10240.0,36,23.13
2026-06-08T08:33:04.161280+00:00,scheduler,1,0,597.9,10240.0,39,24.837
2026-06-08T08:33:04.161280+00:00,scheduler,2,0,621.9,10240.0,41,90.621
2026-06-08T08:33:04.161280+00:00,scheduler,3,0,621.9,10240.0,35,27.552
2026-06-08T08:33:09.161970+00:00,scheduler,0,0,921.0,10240.0,36,23.382
2026-06-08T08:33:09.161970+00:00,scheduler,1,0,597.9,10240.0,39,24.691
2026-06-08T08:33:09.161970+00:00,scheduler,2,0,621.9,10240.0,36,19.533
2026-06-08T08:33:09.161970+00:00,scheduler,3,0,621.9,10240.0,35,27.476
2026-06-08T08:33:14.162545+00:00,scheduler,0,0,921.0,10240.0,36,23.209
2026-06-08T08:33:14.162545+00:00,scheduler,1,0,597.9,10240.0,39,24.637
2026-06-08T08:33:14.162545+00:00,scheduler,2,0,621.9,10240.0,36,19.343
2026-06-08T08:33:14.162545+00:00,scheduler,3,0,1365.9,10240.0,35,27.429
2026-06-08T08:33:19.163162+00:00,scheduler,0,0,921.0,10240.0,35,23.251
2026-06-08T08:33:19.163162+00:00,scheduler,1,0,597.9,10240.0,39,24.835
2026-06-08T08:33:19.163162+00:00,scheduler,2,0,621.9,10240.0,35,19.402
2026-06-08T08:33:19.163162+00:00,scheduler,3,6,8717.9,10240.0,44,143.132
2026-06-08T08:33:24.163775+00:00,scheduler,0,0,921.0,10240.0,35,23.33
2026-06-08T08:33:24.163775+00:00,scheduler,1,11,8693.9,10240.0,51,125.815
2026-06-08T08:33:24.163775+00:00,scheduler,2,10,8717.9,10240.0,43,119.707
2026-06-08T08:33:24.163775+00:00,scheduler,3,11,8717.9,10240.0,42,97.343
2026-06-08T08:33:29.164634+00:00,scheduler,0,0,921.0,10240.0,35,23.19
2026-06-08T08:33:29.164634+00:00,scheduler,1,10,8693.9,10240.0,49,101.113
2026-06-08T08:33:29.164634+00:00,scheduler,2,8,8717.9,10240.0,42,91.633
2026-06-08T08:33:29.164634+00:00,scheduler,3,36,8831.9,10240.0,45,118.304
2026-06-08T08:33:34.165375+00:00,scheduler,0,0,921.0,10240.0,35,23.095
2026-06-08T08:33:34.165375+00:00,scheduler,1,100,8807.9,10240.0,69,293.295
2026-06-08T08:33:34.165375+00:00,scheduler,2,100,8831.9,10240.0,61,318.634
2026-06-08T08:33:34.165375+00:00,scheduler,3,100,8833.9,10240.0,68,318.967
2026-06-08T08:33:39.166039+00:00,scheduler,0,0,921.0,10240.0,35,23.244
2026-06-08T08:33:39.166039+00:00,scheduler,1,100,8809.9,10240.0,69,278.511
2026-06-08T08:33:39.166039+00:00,scheduler,2,100,8833.9,10240.0,65,319.027
2026-06-08T08:33:39.166039+00:00,scheduler,3,100,8833.9,10240.0,70,319.195
2026-06-08T08:33:44.166711+00:00,scheduler,0,0,921.0,10240.0,35,23.28
2026-06-08T08:33:44.166711+00:00,scheduler,1,100,8809.9,10240.0,69,271.724
2026-06-08T08:33:44.166711+00:00,scheduler,2,100,8833.9,10240.0,66,308.533
2026-06-08T08:33:44.166711+00:00,scheduler,3,100,8833.9,10240.0,71,318.36
2026-06-08T08:33:49.167360+00:00,scheduler,0,0,921.0,10240.0,35,23.266
2026-06-08T08:33:49.167360+00:00,scheduler,1,100,8809.9,10240.0,69,267.232
2026-06-08T08:33:49.167360+00:00,scheduler,2,100,8833.9,10240.0,66,295.288
2026-06-08T08:33:49.167360+00:00,scheduler,3,100,8833.9,10240.0,72,318.756
2026-06-08T08:33:54.168001+00:00,scheduler,0,0,921.0,10240.0,35,23.316
2026-06-08T08:33:54.168001+00:00,scheduler,1,100,8809.9,10240.0,70,266.923
2026-06-08T08:33:54.168001+00:00,scheduler,2,100,8833.9,10240.0,67,290.36
2026-06-08T08:33:54.168001+00:00,scheduler,3,100,8833.9,10240.0,72,318.463
2026-06-08T08:33:59.168640+00:00,scheduler,0,0,921.0,10240.0,35,23.123
2026-06-08T08:33:59.168640+00:00,scheduler,1,100,8809.9,10240.0,70,261.158
2026-06-08T08:33:59.168640+00:00,scheduler,2,100,8833.9,10240.0,67,278.803
2026-06-08T08:33:59.168640+00:00,scheduler,3,100,8833.9,10240.0,73,318.527
2026-06-08T08:34:04.169283+00:00,scheduler,0,0,921.0,10240.0,35,23.291
2026-06-08T08:34:04.169283+00:00,scheduler,1,100,8809.9,10240.0,71,261.715
2026-06-08T08:34:04.169283+00:00,scheduler,2,100,8833.9,10240.0,68,282.849
2026-06-08T08:34:04.169283+00:00,scheduler,3,100,8833.9,10240.0,73,318.691
2026-06-08T08:34:09.169852+00:00,scheduler,0,0,921.0,10240.0,35,23.345
2026-06-08T08:34:09.169852+00:00,scheduler,1,100,8809.9,10240.0,71,257.533
2026-06-08T08:34:09.169852+00:00,scheduler,2,100,8833.9,10240.0,68,275.755
2026-06-08T08:34:09.169852+00:00,scheduler,3,100,8833.9,10240.0,74,318.93
2026-06-08T08:34:14.170511+00:00,scheduler,0,0,921.0,10240.0,35,23.275
2026-06-08T08:34:14.170511+00:00,scheduler,1,100,8809.9,10240.0,71,258.634
2026-06-08T08:34:14.170511+00:00,scheduler,2,100,8833.9,10240.0,69,272.926
2026-06-08T08:34:14.170511+00:00,scheduler,3,8,8833.9,10240.0,53,100.504
2026-06-08T08:34:19.171157+00:00,scheduler,0,0,921.0,10240.0,34,23.364
2026-06-08T08:34:19.171157+00:00,scheduler,1,9,8809.9,10240.0,58,105.979
2026-06-08T08:34:19.171157+00:00,scheduler,2,11,8833.9,10240.0,53,98.192
2026-06-08T08:34:19.171157+00:00,scheduler,3,0,701.9,10240.0,54,125.928
2026-06-08T08:34:24.172090+00:00,scheduler,0,0,921.0,10240.0,34,23.39
2026-06-08T08:34:24.172090+00:00,scheduler,1,0,677.9,10240.0,60,130.935
2026-06-08T08:34:24.172090+00:00,scheduler,2,0,701.9,10240.0,52,105.574
2026-06-08T08:34:24.172090+00:00,scheduler,3,0,701.9,10240.0,51,99.47
2026-06-08T08:34:29.172720+00:00,scheduler,0,0,921.0,10240.0,34,23.319
2026-06-08T08:34:29.172720+00:00,scheduler,1,0,677.9,10240.0,57,104.891
2026-06-08T08:34:29.172720+00:00,scheduler,2,0,701.9,10240.0,51,94.023
2026-06-08T08:34:29.172720+00:00,scheduler,3,0,701.9,10240.0,50,99.215
2026-06-08T08:34:34.173395+00:00,scheduler,0,0,921.0,10240.0,34,23.146
2026-06-08T08:34:34.173395+00:00,scheduler,1,0,677.9,10240.0,56,104.646
2026-06-08T08:34:34.173395+00:00,scheduler,2,0,701.9,10240.0,50,93.363
2026-06-08T08:34:34.173395+00:00,scheduler,3,0,701.9,10240.0,49,99.031
2026-06-08T08:34:39.174299+00:00,scheduler,0,0,921.0,10240.0,34,23.259
2026-06-08T08:34:39.174299+00:00,scheduler,1,0,677.9,10240.0,56,104.331
2026-06-08T08:34:39.174299+00:00,scheduler,2,0,701.9,10240.0,46,77.865
2026-06-08T08:34:39.174299+00:00,scheduler,3,0,701.9,10240.0,43,28.147
2026-06-08T08:34:44.174962+00:00,scheduler,0,0,921.0,10240.0,34,23.298
2026-06-08T08:34:44.174962+00:00,scheduler,1,0,677.9,10240.0,47,25.239
2026-06-08T08:34:44.174962+00:00,scheduler,2,0,701.9,10240.0,43,20.101
2026-06-08T08:34:44.174962+00:00,scheduler,3,0,701.9,10240.0,42,27.775
2026-06-08T08:34:49.175746+00:00,scheduler,0,0,921.0,10240.0,34,23.084
2026-06-08T08:34:49.175746+00:00,scheduler,1,0,677.9,10240.0,46,25.28
2026-06-08T08:34:49.175746+00:00,scheduler,2,0,701.9,10240.0,42,19.722
2026-06-08T08:34:49.175746+00:00,scheduler,3,0,701.9,10240.0,41,27.809
2026-06-08T08:34:54.176398+00:00,scheduler,0,0,921.0,10240.0,34,23.085
2026-06-08T08:34:54.176398+00:00,scheduler,1,0,677.9,10240.0,45,25.073
2026-06-08T08:34:54.176398+00:00,scheduler,2,0,701.9,10240.0,41,19.507
2026-06-08T08:34:54.176398+00:00,scheduler,3,0,701.9,10240.0,40,27.774
2026-06-08T08:34:59.176974+00:00,scheduler,0,0,921.0,10240.0,34,23.23
2026-06-08T08:34:59.176974+00:00,scheduler,1,0,677.9,10240.0,45,24.918
2026-06-08T08:34:59.176974+00:00,scheduler,2,0,701.9,10240.0,40,19.458
2026-06-08T08:34:59.176974+00:00,scheduler,3,0,701.9,10240.0,39,27.927
2026-06-08T08:35:04.177776+00:00,scheduler,0,38,8997.0,10240.0,41,97.304
2026-06-08T08:35:04.177776+00:00,scheduler,1,0,677.9,10240.0,44,25.034
2026-06-08T08:35:04.177776+00:00,scheduler,2,0,701.9,10240.0,39,19.856
2026-06-08T08:35:04.177776+00:00,scheduler,3,0,701.9,10240.0,38,27.601
2026-06-08T08:35:09.178451+00:00,scheduler,0,10,9037.0,10240.0,40,93.545
2026-06-08T08:35:09.178451+00:00,scheduler,1,0,677.9,10240.0,44,24.818
2026-06-08T08:35:09.178451+00:00,scheduler,2,0,701.9,10240.0,39,19.433
2026-06-08T08:35:09.178451+00:00,scheduler,3,0,701.9,10240.0,38,27.529
2026-06-08T08:35:14.179171+00:00,scheduler,0,100,9151.0,10240.0,50,157.759
2026-06-08T08:35:14.179171+00:00,scheduler,1,0,677.9,10240.0,43,24.916
2026-06-08T08:35:14.179171+00:00,scheduler,2,30,1463.9,10240.0,40,28.54
2026-06-08T08:35:14.179171+00:00,scheduler,3,35,6547.9,10240.0,42,61.082
2026-06-08T08:35:19.179847+00:00,scheduler,0,100,9153.0,10240.0,54,317.981
2026-06-08T08:35:19.179847+00:00,scheduler,1,0,677.9,10240.0,43,25.132
2026-06-08T08:35:19.179847+00:00,scheduler,2,11,8721.9,10240.0,45,99.136
2026-06-08T08:35:19.179847+00:00,scheduler,3,10,8721.9,10240.0,44,97.823
2026-06-08T08:35:24.180596+00:00,scheduler,0,100,9153.0,10240.0,56,318.591
2026-06-08T08:35:24.180596+00:00,scheduler,1,0,677.9,10240.0,42,25.346
2026-06-08T08:35:24.180596+00:00,scheduler,2,32,4605.9,10240.0,47,115.919
2026-06-08T08:35:24.180596+00:00,scheduler,3,35,8837.9,10240.0,55,163.975
2026-06-08T08:35:29.181231+00:00,scheduler,0,100,9153.0,10240.0,57,318.944
2026-06-08T08:35:29.181231+00:00,scheduler,1,0,677.9,10240.0,42,25.086
2026-06-08T08:35:29.181231+00:00,scheduler,2,100,8837.9,10240.0,65,317.804
2026-06-08T08:35:29.181231+00:00,scheduler,3,100,8837.9,10240.0,69,319.125
2026-06-08T08:35:34.183309+00:00,scheduler,0,100,9153.0,10240.0,58,319.121
2026-06-08T08:35:34.183309+00:00,scheduler,1,0,677.9,10240.0,42,25.005
2026-06-08T08:35:34.183309+00:00,scheduler,2,100,8837.9,10240.0,67,307.8
2026-06-08T08:35:34.183309+00:00,scheduler,3,100,8837.9,10240.0,71,318.963
2026-06-08T08:35:39.184030+00:00,scheduler,0,100,9153.0,10240.0,59,319.457
2026-06-08T08:35:39.184030+00:00,scheduler,1,10,8697.9,10240.0,54,185.782
2026-06-08T08:35:39.184030+00:00,scheduler,2,100,8837.9,10240.0,67,294.974
2026-06-08T08:35:39.184030+00:00,scheduler,3,100,8837.9,10240.0,71,318.423
2026-06-08T08:35:44.184745+00:00,scheduler,0,100,9153.0,10240.0,60,319.186
2026-06-08T08:35:44.184745+00:00,scheduler,1,11,8697.9,10240.0,51,101.098
2026-06-08T08:35:44.184745+00:00,scheduler,2,100,8837.9,10240.0,67,286.329
2026-06-08T08:35:44.184745+00:00,scheduler,3,100,8837.9,10240.0,72,318.978
2026-06-08T08:35:49.185436+00:00,scheduler,0,100,9153.0,10240.0,61,318.344
2026-06-08T08:35:49.185436+00:00,scheduler,1,100,8813.9,10240.0,70,294.01
2026-06-08T08:35:49.185436+00:00,scheduler,2,100,8837.9,10240.0,68,281.855
2026-06-08T08:35:49.185436+00:00,scheduler,3,100,8837.9,10240.0,73,318.797
2026-06-08T08:35:54.186089+00:00,scheduler,0,100,9153.0,10240.0,61,318.3
2026-06-08T08:35:54.186089+00:00,scheduler,1,100,8813.9,10240.0,70,268.073
2026-06-08T08:35:54.186089+00:00,scheduler,2,100,8837.9,10240.0,68,276.898
2026-06-08T08:35:54.186089+00:00,scheduler,3,100,8837.9,10240.0,73,319.056
2026-06-08T08:35:59.186726+00:00,scheduler,0,9,9153.0,10240.0,50,97.294
2026-06-08T08:35:59.186726+00:00,scheduler,1,100,8813.9,10240.0,70,265.528
2026-06-08T08:35:59.186726+00:00,scheduler,2,100,8837.9,10240.0,69,276.469
2026-06-08T08:35:59.186726+00:00,scheduler,3,100,8837.9,10240.0,74,318.596
2026-06-08T08:36:04.187561+00:00,scheduler,0,0,1001.0,10240.0,51,115.472
2026-06-08T08:36:04.187561+00:00,scheduler,1,100,8813.9,10240.0,71,265.321
2026-06-08T08:36:04.187561+00:00,scheduler,2,100,8837.9,10240.0,69,276.221
2026-06-08T08:36:04.187561+00:00,scheduler,3,100,8837.9,10240.0,74,318.407
2026-06-08T08:36:09.188143+00:00,scheduler,0,0,1001.0,10240.0,49,96.386
2026-06-08T08:36:09.188143+00:00,scheduler,1,100,8813.9,10240.0,71,258.92
2026-06-08T08:36:09.188143+00:00,scheduler,2,9,8837.9,10240.0,59,131.53
2026-06-08T08:36:09.188143+00:00,scheduler,3,10,8837.9,10240.0,53,100.605
2026-06-08T08:36:14.189079+00:00,scheduler,0,0,1001.0,10240.0,48,96.059
2026-06-08T08:36:14.189079+00:00,scheduler,1,100,8813.9,10240.0,71,258.252
2026-06-08T08:36:14.189079+00:00,scheduler,2,8,8627.9,10240.0,53,97.112
2026-06-08T08:36:14.189079+00:00,scheduler,3,0,699.9,10240.0,52,103.89
2026-06-08T08:36:19.189876+00:00,scheduler,0,0,1001.0,10240.0,44,83.276
2026-06-08T08:36:19.189876+00:00,scheduler,1,100,8813.9,10240.0,71,255.527
2026-06-08T08:36:19.189876+00:00,scheduler,2,0,699.9,10240.0,52,95.34
2026-06-08T08:36:19.189876+00:00,scheduler,3,0,699.9,10240.0,51,98.924
2026-06-08T08:36:24.190540+00:00,scheduler,0,0,1001.0,10240.0,42,23.899
2026-06-08T08:36:24.190540+00:00,scheduler,1,100,8813.9,10240.0,72,254.225
2026-06-08T08:36:24.190540+00:00,scheduler,2,0,699.9,10240.0,50,93.98
2026-06-08T08:36:24.190540+00:00,scheduler,3,0,699.9,10240.0,50,98.609
2026-06-08T08:36:29.191167+00:00,scheduler,0,0,1001.0,10240.0,41,23.777
2026-06-08T08:36:29.191167+00:00,scheduler,1,100,8813.9,10240.0,72,253.435
2026-06-08T08:36:29.191167+00:00,scheduler,2,0,699.9,10240.0,50,93.418
2026-06-08T08:36:29.191167+00:00,scheduler,3,0,699.9,10240.0,45,31.677
2026-06-08T08:36:34.191801+00:00,scheduler,0,0,1001.0,10240.0,40,23.816
2026-06-08T08:36:34.191801+00:00,scheduler,1,8,8813.9,10240.0,59,107.195
2026-06-08T08:36:34.191801+00:00,scheduler,2,0,699.9,10240.0,44,20.737
2026-06-08T08:36:34.191801+00:00,scheduler,3,0,699.9,10240.0,42,28.281
2026-06-08T08:36:39.192498+00:00,scheduler,0,0,1001.0,10240.0,39,23.53
2026-06-08T08:36:39.192498+00:00,scheduler,1,0,675.9,10240.0,61,132.388
2026-06-08T08:36:39.192498+00:00,scheduler,2,0,699.9,10240.0,42,20.179
2026-06-08T08:36:39.192498+00:00,scheduler,3,0,699.9,10240.0,41,28.128
2026-06-08T08:36:44.193209+00:00,scheduler,0,9,9021.0,10240.0,47,174.491
2026-06-08T08:36:44.193209+00:00,scheduler,1,0,675.9,10240.0,57,105.031
2026-06-08T08:36:44.193209+00:00,scheduler,2,0,699.9,10240.0,41,19.918
2026-06-08T08:36:44.193209+00:00,scheduler,3,0,699.9,10240.0,40,27.949
2026-06-08T08:36:49.193803+00:00,scheduler,0,10,9021.0,10240.0,44,96.02
2026-06-08T08:36:49.193803+00:00,scheduler,1,0,675.9,10240.0,57,104.478
2026-06-08T08:36:49.193803+00:00,scheduler,2,0,699.9,10240.0,40,19.848
2026-06-08T08:36:49.193803+00:00,scheduler,3,0,699.9,10240.0,39,27.89
2026-06-08T08:36:54.194408+00:00,scheduler,0,100,9137.0,10240.0,56,318.89
2026-06-08T08:36:54.194408+00:00,scheduler,1,0,675.9,10240.0,57,103.919
2026-06-08T08:36:54.194408+00:00,scheduler,2,0,699.9,10240.0,39,20.11
2026-06-08T08:36:54.194408+00:00,scheduler,3,0,699.9,10240.0,38,27.834
2026-06-08T08:36:59.195047+00:00,scheduler,0,100,9137.0,10240.0,58,318.825
2026-06-08T08:36:59.195047+00:00,scheduler,1,0,675.9,10240.0,48,25.798
2026-06-08T08:36:59.195047+00:00,scheduler,2,0,699.9,10240.0,39,19.934
2026-06-08T08:36:59.195047+00:00,scheduler,3,0,699.9,10240.0,38,27.79
2026-06-08T08:37:04.195648+00:00,scheduler,0,100,9137.0,10240.0,59,319.197
2026-06-08T08:37:04.195648+00:00,scheduler,1,0,675.9,10240.0,47,25.501
2026-06-08T08:37:04.195648+00:00,scheduler,2,0,699.9,10240.0,38,19.8
2026-06-08T08:37:04.195648+00:00,scheduler,3,9,8721.9,10240.0,45,116.328
2026-06-08T08:37:09.196263+00:00,scheduler,0,100,9137.0,10240.0,60,318.636
2026-06-08T08:37:09.196263+00:00,scheduler,1,0,675.9,10240.0,46,25.503
2026-06-08T08:37:09.196263+00:00,scheduler,2,0,699.9,10240.0,38,19.786
2026-06-08T08:37:09.196263+00:00,scheduler,3,39,6873.9,10240.0,47,121.993
2026-06-08T08:37:14.196910+00:00,scheduler,0,100,9137.0,10240.0,60,318.536
2026-06-08T08:37:14.196910+00:00,scheduler,1,0,675.9,10240.0,45,25.346
2026-06-08T08:37:14.196910+00:00,scheduler,2,0,699.9,10240.0,37,19.749
2026-06-08T08:37:14.196910+00:00,scheduler,3,100,8837.9,10240.0,69,317.951
2026-06-08T08:37:19.197601+00:00,scheduler,0,100,9137.0,10240.0,61,319.33
2026-06-08T08:37:19.197601+00:00,scheduler,1,0,675.9,10240.0,45,25.376
2026-06-08T08:37:19.197601+00:00,scheduler,2,0,699.9,10240.0,37,19.613
2026-06-08T08:37:19.197601+00:00,scheduler,3,100,8837.9,10240.0,71,318.695
2026-06-08T08:37:24.198383+00:00,scheduler,0,100,9137.0,10240.0,61,318.093
2026-06-08T08:37:24.198383+00:00,scheduler,1,0,675.9,10240.0,44,25.355
2026-06-08T08:37:24.198383+00:00,scheduler,2,0,699.9,10240.0,37,19.966
2026-06-08T08:37:24.198383+00:00,scheduler,3,100,8837.9,10240.0,71,318.577
2026-06-08T08:37:29.199022+00:00,scheduler,0,100,9137.0,10240.0,62,319.082
2026-06-08T08:37:29.199022+00:00,scheduler,1,10,8697.9,10240.0,54,103.441
2026-06-08T08:37:29.199022+00:00,scheduler,2,0,699.9,10240.0,37,19.779
2026-06-08T08:37:29.199022+00:00,scheduler,3,100,8837.9,10240.0,72,317.541
2026-06-08T08:37:34.199638+00:00,scheduler,0,10,9137.0,10240.0,54,118.272
2026-06-08T08:37:34.199638+00:00,scheduler,1,100,8813.9,10240.0,70,228.161
2026-06-08T08:37:34.199638+00:00,scheduler,2,0,699.9,10240.0,36,19.801
2026-06-08T08:37:34.199638+00:00,scheduler,3,100,8837.9,10240.0,72,318.569
2026-06-08T08:37:39.200397+00:00,scheduler,0,35,1063.0,10240.0,57,137.244
2026-06-08T08:37:39.200397+00:00,scheduler,1,100,8813.9,10240.0,70,264.733
2026-06-08T08:37:39.200397+00:00,scheduler,2,0,699.9,10240.0,36,19.816
2026-06-08T08:37:39.200397+00:00,scheduler,3,100,8837.9,10240.0,73,318.596
2026-06-08T08:37:44.200896+00:00,scheduler,0,0,999.0,10240.0,50,96.865
2026-06-08T08:37:44.200896+00:00,scheduler,1,100,8813.9,10240.0,71,261.094
2026-06-08T08:37:44.200896+00:00,scheduler,2,0,699.9,10240.0,36,19.644
2026-06-08T08:37:44.200896+00:00,scheduler,3,100,8837.9,10240.0,73,318.617
2026-06-08T08:37:49.201489+00:00,scheduler,0,0,999.0,10240.0,49,96.548
2026-06-08T08:37:49.201489+00:00,scheduler,1,100,8813.9,10240.0,71,256.144
2026-06-08T08:37:49.201489+00:00,scheduler,2,0,699.9,10240.0,36,19.653
2026-06-08T08:37:49.201489+00:00,scheduler,3,100,8837.9,10240.0,74,318.818
2026-06-08T08:37:54.202055+00:00,scheduler,0,0,999.0,10240.0,48,96.202
2026-06-08T08:37:54.202055+00:00,scheduler,1,100,8813.9,10240.0,71,255.744
2026-06-08T08:37:54.202055+00:00,scheduler,2,0,699.9,10240.0,36,19.576
2026-06-08T08:37:54.202055+00:00,scheduler,3,10,8837.9,10240.0,54,100.813
2026-06-08T08:37:59.202633+00:00,scheduler,0,0,999.0,10240.0,44,26.043
2026-06-08T08:37:59.202633+00:00,scheduler,1,100,8813.9,10240.0,71,255.627
2026-06-08T08:37:59.202633+00:00,scheduler,2,0,699.9,10240.0,36,19.606
2026-06-08T08:37:59.202633+00:00,scheduler,3,0,699.9,10240.0,52,109.127
2026-06-08T08:38:04.203189+00:00,scheduler,0,0,999.0,10240.0,42,23.943
2026-06-08T08:38:04.203189+00:00,scheduler,1,100,8813.9,10240.0,71,249.973
2026-06-08T08:38:04.203189+00:00,scheduler,2,0,699.9,10240.0,35,19.533
2026-06-08T08:38:04.203189+00:00,scheduler,3,0,699.9,10240.0,51,99.413
2026-06-08T08:38:09.203778+00:00,scheduler,0,0,999.0,10240.0,41,23.696
2026-06-08T08:38:09.203778+00:00,scheduler,1,100,8813.9,10240.0,72,256.096
2026-06-08T08:38:09.203778+00:00,scheduler,2,0,699.9,10240.0,35,19.563
2026-06-08T08:38:09.203778+00:00,scheduler,3,0,699.9,10240.0,50,98.819
2026-06-08T08:38:14.204427+00:00,scheduler,0,0,999.0,10240.0,40,23.796
2026-06-08T08:38:14.204427+00:00,scheduler,1,100,8813.9,10240.0,72,252.477
2026-06-08T08:38:14.204427+00:00,scheduler,2,0,699.9,10240.0,35,19.409
2026-06-08T08:38:14.204427+00:00,scheduler,3,0,699.9,10240.0,45,67.933
2026-06-08T08:38:19.204951+00:00,scheduler,0,0,999.0,10240.0,39,23.712
2026-06-08T08:38:19.204951+00:00,scheduler,1,10,8813.9,10240.0,64,138.874
2026-06-08T08:38:19.204951+00:00,scheduler,2,33,8721.9,10240.0,44,175.261
2026-06-08T08:38:19.204951+00:00,scheduler,3,0,699.9,10240.0,42,28.278
2026-06-08T08:38:24.205649+00:00,scheduler,0,0,999.0,10240.0,39,23.39
2026-06-08T08:38:24.205649+00:00,scheduler,1,44,741.9,10240.0,65,149.67
2026-06-08T08:38:24.205649+00:00,scheduler,2,9,7241.9,10240.0,42,91.422
2026-06-08T08:38:24.205649+00:00,scheduler,3,0,699.9,10240.0,41,28.093
2026-06-08T08:38:29.206416+00:00,scheduler,0,0,999.0,10240.0,38,23.474
2026-06-08T08:38:29.206416+00:00,scheduler,1,0,675.9,10240.0,58,105.582
2026-06-08T08:38:29.206416+00:00,scheduler,2,100,8837.9,10240.0,62,318.952
2026-06-08T08:38:29.206416+00:00,scheduler,3,0,699.9,10240.0,40,28.146
2026-06-08T08:38:34.207171+00:00,scheduler,0,0,999.0,10240.0,38,23.407
2026-06-08T08:38:34.207171+00:00,scheduler,1,0,675.9,10240.0,57,104.439
2026-06-08T08:38:34.207171+00:00,scheduler,2,100,8837.9,10240.0,65,318.631
2026-06-08T08:38:34.207171+00:00,scheduler,3,0,699.9,10240.0,39,28.081
2026-06-08T08:38:39.207848+00:00,scheduler,0,0,999.0,10240.0,37,23.35
2026-06-08T08:38:39.207848+00:00,scheduler,1,0,675.9,10240.0,57,104.523
2026-06-08T08:38:39.207848+00:00,scheduler,2,100,8837.9,10240.0,66,306.27
2026-06-08T08:38:39.207848+00:00,scheduler,3,0,699.9,10240.0,39,28.034
2026-06-08T08:38:44.208580+00:00,scheduler,0,0,999.0,10240.0,37,23.284
2026-06-08T08:38:44.208580+00:00,scheduler,1,0,675.9,10240.0,50,27.215
2026-06-08T08:38:44.208580+00:00,scheduler,2,100,8837.9,10240.0,66,295.631
2026-06-08T08:38:44.208580+00:00,scheduler,3,0,699.9,10240.0,38,27.789
2026-06-08T08:38:49.209163+00:00,scheduler,0,48,6505.0,10240.0,42,70.067
2026-06-08T08:38:49.209163+00:00,scheduler,1,0,675.9,10240.0,48,25.63
2026-06-08T08:38:49.209163+00:00,scheduler,2,100,8837.9,10240.0,67,290.168
2026-06-08T08:38:49.209163+00:00,scheduler,3,0,699.9,10240.0,38,27.824
2026-06-08T08:38:54.209863+00:00,scheduler,0,9,9021.0,10240.0,42,95.225
2026-06-08T08:38:54.209863+00:00,scheduler,1,0,675.9,10240.0,47,25.756
2026-06-08T08:38:54.209863+00:00,scheduler,2,100,8837.9,10240.0,68,287.168
2026-06-08T08:38:54.209863+00:00,scheduler,3,0,699.9,10240.0,37,27.698
2026-06-08T08:38:59.210435+00:00,scheduler,0,100,9137.0,10240.0,54,318.419
2026-06-08T08:38:59.210435+00:00,scheduler,1,0,675.9,10240.0,46,25.509
2026-06-08T08:38:59.210435+00:00,scheduler,2,100,8837.9,10240.0,68,281.781
2026-06-08T08:38:59.210435+00:00,scheduler,3,0,699.9,10240.0,37,27.738
2026-06-08T08:39:04.211059+00:00,scheduler,0,100,9137.0,10240.0,56,319.46
2026-06-08T08:39:04.211059+00:00,scheduler,1,0,675.9,10240.0,45,25.216
2026-06-08T08:39:04.211059+00:00,scheduler,2,100,8837.9,10240.0,68,274.838
2026-06-08T08:39:04.211059+00:00,scheduler,3,0,699.9,10240.0,37,27.578
2026-06-08T08:39:09.211741+00:00,scheduler,0,100,9137.0,10240.0,57,318.493
2026-06-08T08:39:09.211741+00:00,scheduler,1,0,675.9,10240.0,45,25.365
2026-06-08T08:39:09.211741+00:00,scheduler,2,10,8837.9,10240.0,61,187.098
2026-06-08T08:39:09.211741+00:00,scheduler,3,0,699.9,10240.0,36,27.652
2026-06-08T08:39:14.212402+00:00,scheduler,0,100,9137.0,10240.0,59,318.553
2026-06-08T08:39:14.212402+00:00,scheduler,1,0,675.9,10240.0,44,25.393
2026-06-08T08:39:14.212402+00:00,scheduler,2,99,765.9,10240.0,52,98.163
2026-06-08T08:39:14.212402+00:00,scheduler,3,0,699.9,10240.0,36,27.725
2026-06-08T08:39:19.213331+00:00,scheduler,0,100,9137.0,10240.0,60,318.633
2026-06-08T08:39:19.213331+00:00,scheduler,1,0,675.9,10240.0,44,25.314
2026-06-08T08:39:19.213331+00:00,scheduler,2,0,699.9,10240.0,51,95.25
2026-06-08T08:39:19.213331+00:00,scheduler,3,0,699.9,10240.0,36,27.617
2026-06-08T08:39:24.213949+00:00,scheduler,0,100,9137.0,10240.0,60,318.51
2026-06-08T08:39:24.213949+00:00,scheduler,1,0,675.9,10240.0,43,25.266
2026-06-08T08:39:24.213949+00:00,scheduler,2,0,699.9,10240.0,50,94.118
2026-06-08T08:39:24.213949+00:00,scheduler,3,0,699.9,10240.0,36,27.539
2026-06-08T08:39:29.214550+00:00,scheduler,0,100,9137.0,10240.0,61,318.554
2026-06-08T08:39:29.214550+00:00,scheduler,1,0,675.9,10240.0,43,25.085
2026-06-08T08:39:29.214550+00:00,scheduler,2,0,699.9,10240.0,49,93.696
2026-06-08T08:39:29.214550+00:00,scheduler,3,0,699.9,10240.0,36,27.623
2026-06-08T08:39:34.215234+00:00,scheduler,0,100,9137.0,10240.0,62,318.738
2026-06-08T08:39:34.215234+00:00,scheduler,1,0,675.9,10240.0,42,25.097
2026-06-08T08:39:34.215234+00:00,scheduler,2,0,699.9,10240.0,44,20.963
2026-06-08T08:39:34.215234+00:00,scheduler,3,0,699.9,10240.0,35,27.588
2026-06-08T08:39:39.216037+00:00,scheduler,0,20,9137.0,10240.0,53,118.295
2026-06-08T08:39:39.216037+00:00,scheduler,1,0,675.9,10240.0,42,25.033
2026-06-08T08:39:39.216037+00:00,scheduler,2,0,699.9,10240.0,42,20.478
2026-06-08T08:39:39.216037+00:00,scheduler,3,0,699.9,10240.0,35,27.463
2026-06-08T08:39:44.216610+00:00,scheduler,0,28,1065.0,10240.0,53,142.104
2026-06-08T08:39:44.216610+00:00,scheduler,1,0,675.9,10240.0,42,24.825
2026-06-08T08:39:44.216610+00:00,scheduler,2,0,699.9,10240.0,41,20.123
2026-06-08T08:39:44.216610+00:00,scheduler,3,0,699.9,10240.0,35,27.346
2026-06-08T08:39:49.217163+00:00,scheduler,0,0,999.0,10240.0,50,97.694
2026-06-08T08:39:49.217163+00:00,scheduler,1,0,675.9,10240.0,42,24.812
2026-06-08T08:39:49.217163+00:00,scheduler,2,0,699.9,10240.0,40,19.721
2026-06-08T08:39:49.217163+00:00,scheduler,3,0,699.9,10240.0,35,27.451
2026-06-08T08:39:54.217862+00:00,scheduler,0,0,999.0,10240.0,49,97.878
2026-06-08T08:39:54.217862+00:00,scheduler,1,0,675.9,10240.0,41,24.846
2026-06-08T08:39:54.217862+00:00,scheduler,2,0,699.9,10240.0,40,19.731
2026-06-08T08:39:54.217862+00:00,scheduler,3,0,699.9,10240.0,35,27.476
2026-06-08T08:39:59.218538+00:00,scheduler,0,0,999.0,10240.0,48,97.531
2026-06-08T08:39:59.218538+00:00,scheduler,1,0,675.9,10240.0,41,24.76
2026-06-08T08:39:59.218538+00:00,scheduler,2,0,699.9,10240.0,39,19.497
2026-06-08T08:39:59.218538+00:00,scheduler,3,0,699.9,10240.0,35,27.585
2026-06-08T08:40:04.219104+00:00,scheduler,0,0,999.0,10240.0,44,25.93
2026-06-08T08:40:04.219104+00:00,scheduler,1,0,675.9,10240.0,41,24.634
2026-06-08T08:40:04.219104+00:00,scheduler,2,0,699.9,10240.0,38,19.448
2026-06-08T08:40:04.219104+00:00,scheduler,3,0,699.9,10240.0,35,27.702
2026-06-08T08:40:09.219759+00:00,scheduler,0,0,999.0,10240.0,42,23.782
2026-06-08T08:40:09.219759+00:00,scheduler,1,0,675.9,10240.0,41,24.838
2026-06-08T08:40:09.219759+00:00,scheduler,2,0,699.9,10240.0,38,19.527
2026-06-08T08:40:09.219759+00:00,scheduler,3,0,699.9,10240.0,35,27.56
2026-06-08T08:40:14.220360+00:00,scheduler,0,0,999.0,10240.0,41,23.735
2026-06-08T08:40:14.220360+00:00,scheduler,1,0,675.9,10240.0,41,24.688
2026-06-08T08:40:14.220360+00:00,scheduler,2,0,699.9,10240.0,38,19.536
2026-06-08T08:40:14.220360+00:00,scheduler,3,0,699.9,10240.0,35,27.554
2026-06-08T08:40:19.221011+00:00,scheduler,0,0,999.0,10240.0,40,23.532
2026-06-08T08:40:19.221011+00:00,scheduler,1,0,675.9,10240.0,41,24.758
2026-06-08T08:40:19.221011+00:00,scheduler,2,0,699.9,10240.0,37,19.436
2026-06-08T08:40:19.221011+00:00,scheduler,3,0,699.9,10240.0,34,27.623
2026-06-08T08:40:24.221698+00:00,scheduler,0,0,999.0,10240.0,40,23.467
2026-06-08T08:40:24.221698+00:00,scheduler,1,0,675.9,10240.0,40,24.702
2026-06-08T08:40:24.221698+00:00,scheduler,2,0,699.9,10240.0,37,19.232
2026-06-08T08:40:24.221698+00:00,scheduler,3,0,699.9,10240.0,34,27.507
2026-06-08T08:40:29.222369+00:00,scheduler,0,0,999.0,10240.0,39,23.356
2026-06-08T08:40:29.222369+00:00,scheduler,1,0,675.9,10240.0,40,25.011
2026-06-08T08:40:29.222369+00:00,scheduler,2,0,699.9,10240.0,37,19.339
2026-06-08T08:40:29.222369+00:00,scheduler,3,0,699.9,10240.0,34,27.524
2026-06-08T08:40:34.223134+00:00,scheduler,0,0,999.0,10240.0,38,23.253
2026-06-08T08:40:34.223134+00:00,scheduler,1,0,675.9,10240.0,40,24.783
2026-06-08T08:40:34.223134+00:00,scheduler,2,0,699.9,10240.0,36,19.036
2026-06-08T08:40:34.223134+00:00,scheduler,3,0,699.9,10240.0,34,27.607
2026-06-08T08:40:39.223831+00:00,scheduler,0,0,999.0,10240.0,38,23.601
2026-06-08T08:40:39.223831+00:00,scheduler,1,0,675.9,10240.0,40,24.772
2026-06-08T08:40:39.223831+00:00,scheduler,2,0,699.9,10240.0,36,19.495
2026-06-08T08:40:39.223831+00:00,scheduler,3,0,699.9,10240.0,34,27.431
2026-06-08T08:40:44.224466+00:00,scheduler,0,0,999.0,10240.0,37,23.388
2026-06-08T08:40:44.224466+00:00,scheduler,1,0,675.9,10240.0,40,24.773
2026-06-08T08:40:44.224466+00:00,scheduler,2,0,699.9,10240.0,36,19.335
2026-06-08T08:40:44.224466+00:00,scheduler,3,0,699.9,10240.0,34,27.449
2026-06-08T08:40:49.225138+00:00,scheduler,0,0,999.0,10240.0,37,23.224
2026-06-08T08:40:49.225138+00:00,scheduler,1,0,675.9,10240.0,40,24.687
2026-06-08T08:40:49.225138+00:00,scheduler,2,0,699.9,10240.0,36,19.162
2026-06-08T08:40:49.225138+00:00,scheduler,3,0,699.9,10240.0,34,27.391
2026-06-08T08:40:54.225819+00:00,scheduler,0,0,999.0,10240.0,37,23.212
2026-06-08T08:40:54.225819+00:00,scheduler,1,0,675.9,10240.0,40,24.688
2026-06-08T08:40:54.225819+00:00,scheduler,2,0,699.9,10240.0,36,19.167
2026-06-08T08:40:54.225819+00:00,scheduler,3,0,699.9,10240.0,34,27.46
2026-06-08T08:40:59.226450+00:00,scheduler,0,0,999.0,10240.0,37,23.335
2026-06-08T08:40:59.226450+00:00,scheduler,1,0,675.9,10240.0,40,24.688
2026-06-08T08:40:59.226450+00:00,scheduler,2,0,699.9,10240.0,36,19.099
2026-06-08T08:40:59.226450+00:00,scheduler,3,0,699.9,10240.0,34,27.473
2026-06-08T08:41:04.227167+00:00,scheduler,0,0,999.0,10240.0,36,23.118
2026-06-08T08:41:04.227167+00:00,scheduler,1,0,675.9,10240.0,40,24.854
2026-06-08T08:41:04.227167+00:00,scheduler,2,0,699.9,10240.0,35,19.264
2026-06-08T08:41:04.227167+00:00,scheduler,3,0,699.9,10240.0,34,27.39
2026-06-08T08:41:09.227970+00:00,scheduler,0,0,999.0,10240.0,36,23.079
2026-06-08T08:41:09.227970+00:00,scheduler,1,0,675.9,10240.0,39,24.628
2026-06-08T08:41:09.227970+00:00,scheduler,2,0,699.9,10240.0,35,19.259
2026-06-08T08:41:09.227970+00:00,scheduler,3,0,699.9,10240.0,34,27.457
2026-06-08T08:41:14.228709+00:00,scheduler,0,0,999.0,10240.0,36,23.221
2026-06-08T08:41:14.228709+00:00,scheduler,1,0,675.9,10240.0,39,24.724
2026-06-08T08:41:14.228709+00:00,scheduler,2,0,699.9,10240.0,35,19.044
2026-06-08T08:41:14.228709+00:00,scheduler,3,0,699.9,10240.0,34,27.51
2026-06-08T08:41:19.229283+00:00,scheduler,0,0,999.0,10240.0,36,23.125
2026-06-08T08:41:19.229283+00:00,scheduler,1,0,675.9,10240.0,39,24.749
2026-06-08T08:41:19.229283+00:00,scheduler,2,0,699.9,10240.0,35,19.128
2026-06-08T08:41:19.229283+00:00,scheduler,3,0,699.9,10240.0,34,27.385
2026-06-08T08:41:24.230043+00:00,scheduler,0,0,999.0,10240.0,36,23.035
2026-06-08T08:41:24.230043+00:00,scheduler,1,0,675.9,10240.0,39,24.744
2026-06-08T08:41:24.230043+00:00,scheduler,2,0,699.9,10240.0,35,19.259
2026-06-08T08:41:24.230043+00:00,scheduler,3,0,699.9,10240.0,34,27.479
2026-06-08T08:41:29.230769+00:00,scheduler,0,0,999.0,10240.0,36,23.018
2026-06-08T08:41:29.230769+00:00,scheduler,1,0,675.9,10240.0,39,24.748
2026-06-08T08:41:29.230769+00:00,scheduler,2,0,699.9,10240.0,35,19.388
2026-06-08T08:41:29.230769+00:00,scheduler,3,0,699.9,10240.0,34,27.606
2026-06-08T08:41:34.231638+00:00,scheduler,0,0,999.0,10240.0,35,23.155
2026-06-08T08:41:34.231638+00:00,scheduler,1,0,675.9,10240.0,39,24.819
2026-06-08T08:41:34.231638+00:00,scheduler,2,0,699.9,10240.0,35,19.181
2026-06-08T08:41:34.231638+00:00,scheduler,3,0,699.9,10240.0,34,27.526
2026-06-08T08:41:39.232456+00:00,scheduler,0,0,999.0,10240.0,35,23.12
2026-06-08T08:41:39.232456+00:00,scheduler,1,0,675.9,10240.0,39,24.81
2026-06-08T08:41:39.232456+00:00,scheduler,2,0,699.9,10240.0,35,19.098
2026-06-08T08:41:39.232456+00:00,scheduler,3,0,699.9,10240.0,34,27.428
2026-06-08T08:41:44.233275+00:00,scheduler,0,0,999.0,10240.0,35,22.985
2026-06-08T08:41:44.233275+00:00,scheduler,1,0,675.9,10240.0,39,24.659
2026-06-08T08:41:44.233275+00:00,scheduler,2,0,699.9,10240.0,35,19.359
2026-06-08T08:41:44.233275+00:00,scheduler,3,0,699.9,10240.0,34,27.604
2026-06-08T08:41:49.234034+00:00,scheduler,0,0,999.0,10240.0,35,23.235
2026-06-08T08:41:49.234034+00:00,scheduler,1,0,675.9,10240.0,39,24.724
2026-06-08T08:41:49.234034+00:00,scheduler,2,0,699.9,10240.0,35,19.101
2026-06-08T08:41:49.234034+00:00,scheduler,3,0,699.9,10240.0,34,27.579
2026-06-08T08:41:54.234805+00:00,scheduler,0,0,999.0,10240.0,35,23.123
2026-06-08T08:41:54.234805+00:00,scheduler,1,0,675.9,10240.0,39,24.878
2026-06-08T08:41:54.234805+00:00,scheduler,2,10,8721.9,10240.0,43,163.193
2026-06-08T08:41:54.234805+00:00,scheduler,3,0,699.9,10240.0,34,27.526
2026-06-08T08:41:59.235403+00:00,scheduler,0,0,999.0,10240.0,35,23.04
2026-06-08T08:41:59.235403+00:00,scheduler,1,0,675.9,10240.0,39,24.621
2026-06-08T08:41:59.235403+00:00,scheduler,2,9,8721.9,10240.0,41,91.305
2026-06-08T08:41:59.235403+00:00,scheduler,3,0,699.9,10240.0,34,27.49
2026-06-08T08:42:04.236071+00:00,scheduler,0,0,999.0,10240.0,35,23.183
2026-06-08T08:42:04.236071+00:00,scheduler,1,0,675.9,10240.0,39,24.926
2026-06-08T08:42:04.236071+00:00,scheduler,2,100,8837.9,10240.0,60,318.442
2026-06-08T08:42:04.236071+00:00,scheduler,3,0,699.9,10240.0,34,27.544
2026-06-08T08:42:09.236704+00:00,scheduler,0,0,999.0,10240.0,35,23.247
2026-06-08T08:42:09.236704+00:00,scheduler,1,0,675.9,10240.0,39,25.087
2026-06-08T08:42:09.236704+00:00,scheduler,2,100,8837.9,10240.0,65,319.206
2026-06-08T08:42:09.236704+00:00,scheduler,3,0,699.9,10240.0,34,27.571
2026-06-08T08:42:14.237370+00:00,scheduler,0,0,999.0,10240.0,35,23.158
2026-06-08T08:42:14.237370+00:00,scheduler,1,0,675.9,10240.0,39,24.913
2026-06-08T08:42:14.237370+00:00,scheduler,2,100,8837.9,10240.0,65,303.152
2026-06-08T08:42:14.237370+00:00,scheduler,3,0,699.9,10240.0,34,27.592
2026-06-08T08:42:19.238156+00:00,scheduler,0,0,999.0,10240.0,35,23.178
2026-06-08T08:42:19.238156+00:00,scheduler,1,0,675.9,10240.0,38,24.813
2026-06-08T08:42:19.238156+00:00,scheduler,2,100,8837.9,10240.0,66,295.763
2026-06-08T08:42:19.238156+00:00,scheduler,3,46,3197.9,10240.0,38,51.111
2026-06-08T08:42:24.238800+00:00,scheduler,0,0,999.0,10240.0,35,23.232
2026-06-08T08:42:24.238800+00:00,scheduler,1,0,675.9,10240.0,38,25.054
2026-06-08T08:42:24.238800+00:00,scheduler,2,100,8837.9,10240.0,67,289.43
2026-06-08T08:42:24.238800+00:00,scheduler,3,10,8721.9,10240.0,41,97.139
2026-06-08T08:42:29.239487+00:00,scheduler,0,0,999.0,10240.0,35,23.198
2026-06-08T08:42:29.239487+00:00,scheduler,1,0,675.9,10240.0,38,25.081
2026-06-08T08:42:29.239487+00:00,scheduler,2,100,8837.9,10240.0,68,286.889
2026-06-08T08:42:29.239487+00:00,scheduler,3,100,8837.9,10240.0,62,319.513
2026-06-08T08:42:34.240154+00:00,scheduler,0,0,999.0,10240.0,35,23.153
2026-06-08T08:42:34.240154+00:00,scheduler,1,0,675.9,10240.0,38,24.885
2026-06-08T08:42:34.240154+00:00,scheduler,2,100,8837.9,10240.0,68,282.177
2026-06-08T08:42:34.240154+00:00,scheduler,3,100,8837.9,10240.0,68,318.59
2026-06-08T08:42:39.240822+00:00,scheduler,0,0,999.0,10240.0,34,23.119
2026-06-08T08:42:39.240822+00:00,scheduler,1,0,675.9,10240.0,38,24.908
2026-06-08T08:42:39.240822+00:00,scheduler,2,100,8837.9,10240.0,68,277.519
2026-06-08T08:42:39.240822+00:00,scheduler,3,100,8837.9,10240.0,70,318.378
2026-06-08T08:42:44.241439+00:00,scheduler,0,0,999.0,10240.0,34,23.042
2026-06-08T08:42:44.241439+00:00,scheduler,1,0,675.9,10240.0,38,25.084
2026-06-08T08:42:44.241439+00:00,scheduler,2,100,8837.9,10240.0,69,275.458
2026-06-08T08:42:44.241439+00:00,scheduler,3,100,8837.9,10240.0,71,318.999
2026-06-08T08:42:49.242110+00:00,scheduler,0,0,999.0,10240.0,34,23.048
2026-06-08T08:42:49.242110+00:00,scheduler,1,0,675.9,10240.0,38,24.948
2026-06-08T08:42:49.242110+00:00,scheduler,2,10,8837.9,10240.0,53,97.263
2026-06-08T08:42:49.242110+00:00,scheduler,3,100,8837.9,10240.0,72,319.172
2026-06-08T08:42:54.242744+00:00,scheduler,0,0,999.0,10240.0,34,23.039
2026-06-08T08:42:54.242744+00:00,scheduler,1,0,675.9,10240.0,38,24.92
2026-06-08T08:42:54.242744+00:00,scheduler,2,0,699.9,10240.0,52,103.209
2026-06-08T08:42:54.242744+00:00,scheduler,3,100,8837.9,10240.0,72,319.263
2026-06-08T08:42:59.243602+00:00,scheduler,0,0,999.0,10240.0,34,23.353
2026-06-08T08:42:59.243602+00:00,scheduler,1,0,675.9,10240.0,38,25.065
2026-06-08T08:42:59.243602+00:00,scheduler,2,0,699.9,10240.0,51,94.523
2026-06-08T08:42:59.243602+00:00,scheduler,3,100,8837.9,10240.0,72,318.654
2026-06-08T08:43:04.244442+00:00,scheduler,0,48,6029.0,10240.0,39,58.24
2026-06-08T08:43:04.244442+00:00,scheduler,1,0,675.9,10240.0,38,25.025
2026-06-08T08:43:04.244442+00:00,scheduler,2,0,699.9,10240.0,50,93.789
2026-06-08T08:43:04.244442+00:00,scheduler,3,100,8837.9,10240.0,73,318.647
2026-06-08T08:43:09.245097+00:00,scheduler,0,10,9021.0,10240.0,40,93.483
2026-06-08T08:43:09.245097+00:00,scheduler,1,0,675.9,10240.0,38,24.896
2026-06-08T08:43:09.245097+00:00,scheduler,2,0,699.9,10240.0,46,73.726
2026-06-08T08:43:09.245097+00:00,scheduler,3,9,8837.9,10240.0,64,265.502
2026-06-08T08:43:14.246041+00:00,scheduler,0,100,9137.0,10240.0,52,237.713
2026-06-08T08:43:14.246041+00:00,scheduler,1,0,675.9,10240.0,38,24.705
2026-06-08T08:43:14.246041+00:00,scheduler,2,0,699.9,10240.0,43,20.198
2026-06-08T08:43:14.246041+00:00,scheduler,3,10,8837.9,10240.0,52,100.095
2026-06-08T08:43:19.246814+00:00,scheduler,0,100,9137.0,10240.0,54,318.824
2026-06-08T08:43:19.246814+00:00,scheduler,1,0,675.9,10240.0,38,24.943
2026-06-08T08:43:19.246814+00:00,scheduler,2,0,699.9,10240.0,42,20.375
2026-06-08T08:43:19.246814+00:00,scheduler,3,0,699.9,10240.0,52,104.889
2026-06-08T08:43:24.247519+00:00,scheduler,0,100,9137.0,10240.0,56,318.835
2026-06-08T08:43:24.247519+00:00,scheduler,1,0,675.9,10240.0,38,24.946
2026-06-08T08:43:24.247519+00:00,scheduler,2,0,699.9,10240.0,41,20.004
2026-06-08T08:43:24.247519+00:00,scheduler,3,0,699.9,10240.0,50,99.163
2026-06-08T08:43:29.248177+00:00,scheduler,0,100,9137.0,10240.0,57,318.884
2026-06-08T08:43:29.248177+00:00,scheduler,1,0,675.9,10240.0,38,24.931
2026-06-08T08:43:29.248177+00:00,scheduler,2,0,699.9,10240.0,40,20.047
2026-06-08T08:43:29.248177+00:00,scheduler,3,0,699.9,10240.0,50,99.129
2026-06-08T08:43:34.248831+00:00,scheduler,0,100,9137.0,10240.0,58,319.388
2026-06-08T08:43:34.248831+00:00,scheduler,1,0,675.9,10240.0,38,25.067
2026-06-08T08:43:34.248831+00:00,scheduler,2,0,699.9,10240.0,40,19.845
2026-06-08T08:43:34.248831+00:00,scheduler,3,0,699.9,10240.0,45,54.345
2026-06-08T08:43:39.249452+00:00,scheduler,0,100,9137.0,10240.0,59,319.409
2026-06-08T08:43:39.249452+00:00,scheduler,1,0,675.9,10240.0,38,24.972
2026-06-08T08:43:39.249452+00:00,scheduler,2,36,1665.9,10240.0,41,31.335
2026-06-08T08:43:39.249452+00:00,scheduler,3,0,699.9,10240.0,42,28.196
2026-06-08T08:43:44.250123+00:00,scheduler,0,100,9137.0,10240.0,60,317.943
2026-06-08T08:43:44.250123+00:00,scheduler,1,0,675.9,10240.0,38,24.972
2026-06-08T08:43:44.250123+00:00,scheduler,2,11,8721.9,10240.0,46,99.302
2026-06-08T08:43:44.250123+00:00,scheduler,3,0,699.9,10240.0,41,28.283
2026-06-08T08:43:49.250761+00:00,scheduler,0,100,9137.0,10240.0,61,318.609
2026-06-08T08:43:49.250761+00:00,scheduler,1,0,675.9,10240.0,38,24.877
2026-06-08T08:43:49.250761+00:00,scheduler,2,33,8043.9,10240.0,47,116.933
2026-06-08T08:43:49.250761+00:00,scheduler,3,0,699.9,10240.0,40,28.048
2026-06-08T08:43:54.251356+00:00,scheduler,0,54,9137.0,10240.0,58,309.773
2026-06-08T08:43:54.251356+00:00,scheduler,1,0,675.9,10240.0,38,25.059
2026-06-08T08:43:54.251356+00:00,scheduler,2,100,8837.9,10240.0,66,318.863
2026-06-08T08:43:54.251356+00:00,scheduler,3,0,699.9,10240.0,39,27.844
2026-06-08T08:43:59.251928+00:00,scheduler,0,10,9137.0,10240.0,50,97.615
2026-06-08T08:43:59.251928+00:00,scheduler,1,0,675.9,10240.0,38,24.944
2026-06-08T08:43:59.251928+00:00,scheduler,2,100,8837.9,10240.0,67,300.561
2026-06-08T08:43:59.251928+00:00,scheduler,3,0,699.9,10240.0,39,27.799
2026-06-08T08:44:04.252485+00:00,scheduler,0,0,999.0,10240.0,49,101.994
2026-06-08T08:44:04.252485+00:00,scheduler,1,0,675.9,10240.0,38,24.907
2026-06-08T08:44:04.252485+00:00,scheduler,2,100,8837.9,10240.0,67,291.544
2026-06-08T08:44:04.252485+00:00,scheduler,3,0,699.9,10240.0,38,27.621
2026-06-08T08:44:09.253056+00:00,scheduler,0,0,999.0,10240.0,48,96.39
2026-06-08T08:44:09.253056+00:00,scheduler,1,0,675.9,10240.0,38,24.871
2026-06-08T08:44:09.253056+00:00,scheduler,2,100,8837.9,10240.0,68,287.864
2026-06-08T08:44:09.253056+00:00,scheduler,3,0,699.9,10240.0,38,27.96
2026-06-08T08:44:14.253714+00:00,scheduler,0,0,999.0,10240.0,48,96.153
2026-06-08T08:44:14.253714+00:00,scheduler,1,0,675.9,10240.0,38,24.786
2026-06-08T08:44:14.253714+00:00,scheduler,2,100,8837.9,10240.0,68,283.289
2026-06-08T08:44:14.253714+00:00,scheduler,3,94,8721.9,10240.0,55,147.098
2026-06-08T08:44:19.254278+00:00,scheduler,0,0,999.0,10240.0,44,85.454
2026-06-08T08:44:19.254278+00:00,scheduler,1,0,675.9,10240.0,38,24.91
2026-06-08T08:44:19.254278+00:00,scheduler,2,100,8837.9,10240.0,68,276.108
2026-06-08T08:44:19.254278+00:00,scheduler,3,41,2571.9,10240.0,46,107.583
2026-06-08T08:44:24.254869+00:00,scheduler,0,0,999.0,10240.0,42,24.022
2026-06-08T08:44:24.254869+00:00,scheduler,1,0,1417.9,10240.0,38,25.03
2026-06-08T08:44:24.254869+00:00,scheduler,2,100,8837.9,10240.0,69,275.036
2026-06-08T08:44:24.254869+00:00,scheduler,3,100,8837.9,10240.0,68,318.923
2026-06-08T08:44:29.255516+00:00,scheduler,0,0,999.0,10240.0,41,23.803
2026-06-08T08:44:29.255516+00:00,scheduler,1,10,8697.9,10240.0,48,100.951
2026-06-08T08:44:29.255516+00:00,scheduler,2,100,8837.9,10240.0,69,276.079
2026-06-08T08:44:29.255516+00:00,scheduler,3,100,8837.9,10240.0,71,319.306
2026-06-08T08:44:34.256226+00:00,scheduler,0,0,999.0,10240.0,40,23.829
2026-06-08T08:44:34.256226+00:00,scheduler,1,100,8813.9,10240.0,68,310.703
2026-06-08T08:44:34.256226+00:00,scheduler,2,10,8837.9,10240.0,57,124.156
2026-06-08T08:44:34.256226+00:00,scheduler,3,100,8837.9,10240.0,71,318.577
2026-06-08T08:44:39.256924+00:00,scheduler,0,0,999.0,10240.0,40,23.831
2026-06-08T08:44:39.256924+00:00,scheduler,1,100,8813.9,10240.0,68,283.424
2026-06-08T08:44:39.256924+00:00,scheduler,2,0,699.9,10240.0,55,155.949
2026-06-08T08:44:39.256924+00:00,scheduler,3,100,8837.9,10240.0,72,318.396
2026-06-08T08:44:44.257611+00:00,scheduler,0,0,999.0,10240.0,39,23.646
2026-06-08T08:44:44.257611+00:00,scheduler,1,100,8813.9,10240.0,69,274.422
2026-06-08T08:44:44.257611+00:00,scheduler,2,0,699.9,10240.0,51,94.887
2026-06-08T08:44:44.257611+00:00,scheduler,3,100,8837.9,10240.0,72,319.029
2026-06-08T08:44:49.258310+00:00,scheduler,0,21,2469.0,10240.0,41,35.177
2026-06-08T08:44:49.258310+00:00,scheduler,1,100,8813.9,10240.0,69,268.29
2026-06-08T08:44:49.258310+00:00,scheduler,2,0,699.9,10240.0,50,93.752
2026-06-08T08:44:49.258310+00:00,scheduler,3,100,8837.9,10240.0,73,319.077
2026-06-08T08:44:54.259179+00:00,scheduler,0,10,9021.0,10240.0,43,97.601
2026-06-08T08:44:54.259179+00:00,scheduler,1,100,8813.9,10240.0,70,267.684
2026-06-08T08:44:54.259179+00:00,scheduler,2,0,699.9,10240.0,49,93.206
2026-06-08T08:44:54.259179+00:00,scheduler,3,100,8837.9,10240.0,73,318.839
2026-06-08T08:44:59.259877+00:00,scheduler,0,100,9135.0,10240.0,50,134.001
2026-06-08T08:44:59.259877+00:00,scheduler,1,100,8813.9,10240.0,70,264.93
2026-06-08T08:44:59.259877+00:00,scheduler,2,0,699.9,10240.0,44,20.77
2026-06-08T08:44:59.259877+00:00,scheduler,3,100,8837.9,10240.0,74,318.768
2026-06-08T08:45:04.260568+00:00,scheduler,0,100,9137.0,10240.0,57,319.035
2026-06-08T08:45:04.260568+00:00,scheduler,1,100,8813.9,10240.0,70,261.448
2026-06-08T08:45:04.260568+00:00,scheduler,2,0,699.9,10240.0,42,20.148
2026-06-08T08:45:04.260568+00:00,scheduler,3,9,8837.9,10240.0,55,108.52
2026-06-08T08:45:09.261228+00:00,scheduler,0,100,9137.0,10240.0,58,319.111
2026-06-08T08:45:09.261228+00:00,scheduler,1,100,8813.9,10240.0,71,260.168
2026-06-08T08:45:09.261228+00:00,scheduler,2,0,699.9,10240.0,41,20.18
2026-06-08T08:45:09.261228+00:00,scheduler,3,0,699.9,10240.0,54,126.449
2026-06-08T08:45:14.261962+00:00,scheduler,0,100,9137.0,10240.0,59,318.823
2026-06-08T08:45:14.261962+00:00,scheduler,1,100,8813.9,10240.0,71,260.963
2026-06-08T08:45:14.261962+00:00,scheduler,2,0,699.9,10240.0,40,19.931
2026-06-08T08:45:14.261962+00:00,scheduler,3,0,699.9,10240.0,51,99.197
2026-06-08T08:45:19.262790+00:00,scheduler,0,100,9137.0,10240.0,60,319.483
2026-06-08T08:45:19.262790+00:00,scheduler,1,11,8813.9,10240.0,59,118.045
2026-06-08T08:45:19.262790+00:00,scheduler,2,0,699.9,10240.0,40,19.797
2026-06-08T08:45:19.262790+00:00,scheduler,3,0,699.9,10240.0,50,99.032
2026-06-08T08:45:24.263552+00:00,scheduler,0,100,9137.0,10240.0,60,318.193
2026-06-08T08:45:24.263552+00:00,scheduler,1,0,675.9,10240.0,60,132.118
2026-06-08T08:45:24.263552+00:00,scheduler,2,0,699.9,10240.0,39,19.696
2026-06-08T08:45:24.263552+00:00,scheduler,3,0,699.9,10240.0,49,98.904
2026-06-08T08:45:29.264239+00:00,scheduler,0,100,9137.0,10240.0,61,319.098
2026-06-08T08:45:29.264239+00:00,scheduler,1,0,675.9,10240.0,57,104.947
2026-06-08T08:45:29.264239+00:00,scheduler,2,0,699.9,10240.0,38,19.695
2026-06-08T08:45:29.264239+00:00,scheduler,3,0,699.9,10240.0,43,28.275
2026-06-08T08:45:34.264954+00:00,scheduler,0,100,9137.0,10240.0,62,318.315
2026-06-08T08:45:34.264954+00:00,scheduler,1,0,675.9,10240.0,56,104.476
2026-06-08T08:45:34.264954+00:00,scheduler,2,0,699.9,10240.0,38,19.637
2026-06-08T08:45:34.264954+00:00,scheduler,3,0,699.9,10240.0,42,28.184
2026-06-08T08:45:39.265602+00:00,scheduler,0,100,9137.0,10240.0,62,318.364
2026-06-08T08:45:39.265602+00:00,scheduler,1,0,675.9,10240.0,56,104.159
2026-06-08T08:45:39.265602+00:00,scheduler,2,0,699.9,10240.0,38,19.632
2026-06-08T08:45:39.265602+00:00,scheduler,3,0,699.9,10240.0,41,27.924
2026-06-08T08:45:44.266242+00:00,scheduler,0,8,9137.0,10240.0,51,98.127
2026-06-08T08:45:44.266242+00:00,scheduler,1,0,675.9,10240.0,48,25.547
2026-06-08T08:45:44.266242+00:00,scheduler,2,0,699.9,10240.0,37,19.38
2026-06-08T08:45:44.266242+00:00,scheduler,3,0,699.9,10240.0,40,27.925
2026-06-08T08:45:49.266950+00:00,scheduler,0,0,999.0,10240.0,50,107.555
2026-06-08T08:45:49.266950+00:00,scheduler,1,0,675.9,10240.0,47,25.259
2026-06-08T08:45:49.266950+00:00,scheduler,2,0,699.9,10240.0,37,19.206
2026-06-08T08:45:49.266950+00:00,scheduler,3,0,699.9,10240.0,39,27.908
2026-06-08T08:45:54.267696+00:00,scheduler,0,0,999.0,10240.0,49,96.706
2026-06-08T08:45:54.267696+00:00,scheduler,1,0,675.9,10240.0,46,25.299
2026-06-08T08:45:54.267696+00:00,scheduler,2,12,8721.9,10240.0,45,114.933
2026-06-08T08:45:54.267696+00:00,scheduler,3,0,699.9,10240.0,38,27.603
2026-06-08T08:45:59.268375+00:00,scheduler,0,0,999.0,10240.0,48,96.257
2026-06-08T08:45:59.268375+00:00,scheduler,1,0,675.9,10240.0,45,25.382
2026-06-08T08:45:59.268375+00:00,scheduler,2,30,6009.9,10240.0,46,114.974
2026-06-08T08:45:59.268375+00:00,scheduler,3,0,699.9,10240.0,38,27.533
2026-06-08T08:46:04.269031+00:00,scheduler,0,0,999.0,10240.0,44,76.756
2026-06-08T08:46:04.269031+00:00,scheduler,1,0,675.9,10240.0,45,25.412
2026-06-08T08:46:04.269031+00:00,scheduler,2,100,8837.9,10240.0,64,318.834
2026-06-08T08:46:04.269031+00:00,scheduler,3,0,699.9,10240.0,37,27.655
2026-06-08T08:46:09.269858+00:00,scheduler,0,0,999.0,10240.0,42,23.896
2026-06-08T08:46:09.269858+00:00,scheduler,1,0,675.9,10240.0,44,25.472
2026-06-08T08:46:09.269858+00:00,scheduler,2,100,8837.9,10240.0,66,305.85
2026-06-08T08:46:09.269858+00:00,scheduler,3,0,699.9,10240.0,37,27.693
2026-06-08T08:46:14.270536+00:00,scheduler,0,0,999.0,10240.0,41,23.614
2026-06-08T08:46:14.270536+00:00,scheduler,1,0,675.9,10240.0,44,25.397
2026-06-08T08:46:14.270536+00:00,scheduler,2,100,8837.9,10240.0,66,293.271
2026-06-08T08:46:14.270536+00:00,scheduler,3,0,699.9,10240.0,37,27.664
2026-06-08T08:46:19.272708+00:00,scheduler,0,0,999.0,10240.0,40,23.912
2026-06-08T08:46:19.272708+00:00,scheduler,1,10,8697.9,10240.0,57,165.168
2026-06-08T08:46:19.272708+00:00,scheduler,2,100,8837.9,10240.0,68,294.38
2026-06-08T08:46:19.272708+00:00,scheduler,3,0,699.9,10240.0,36,27.641
2026-06-08T08:46:24.273384+00:00,scheduler,0,0,999.0,10240.0,40,23.665
2026-06-08T08:46:24.273384+00:00,scheduler,1,33,2547.9,10240.0,55,110.647
2026-06-08T08:46:24.273384+00:00,scheduler,2,100,8837.9,10240.0,68,286.002
2026-06-08T08:46:24.273384+00:00,scheduler,3,0,699.9,10240.0,36,27.65
2026-06-08T08:46:29.273953+00:00,scheduler,0,0,999.0,10240.0,39,23.334
2026-06-08T08:46:29.273953+00:00,scheduler,1,100,8813.9,10240.0,71,276.847
2026-06-08T08:46:29.273953+00:00,scheduler,2,100,8837.9,10240.0,68,282.664
2026-06-08T08:46:29.273953+00:00,scheduler,3,0,699.9,10240.0,36,27.706
2026-06-08T08:46:34.274568+00:00,scheduler,0,0,999.0,10240.0,39,23.298
2026-06-08T08:46:34.274568+00:00,scheduler,1,100,8813.9,10240.0,70,261.539
2026-06-08T08:46:34.274568+00:00,scheduler,2,100,8837.9,10240.0,69,281.073
2026-06-08T08:46:34.274568+00:00,scheduler,3,10,8721.9,10240.0,45,117.357
2026-06-08T08:46:39.275109+00:00,scheduler,0,0,999.0,10240.0,38,23.343
2026-06-08T08:46:39.275109+00:00,scheduler,1,100,8813.9,10240.0,71,262.656
2026-06-08T08:46:39.275109+00:00,scheduler,2,100,8837.9,10240.0,69,275.445
2026-06-08T08:46:39.275109+00:00,scheduler,3,100,8837.9,10240.0,64,318.742
2026-06-08T08:46:44.275736+00:00,scheduler,0,0,999.0,10240.0,38,23.315
2026-06-08T08:46:44.275736+00:00,scheduler,1,100,8813.9,10240.0,71,258.038
2026-06-08T08:46:44.275736+00:00,scheduler,2,10,8837.9,10240.0,59,130.9
2026-06-08T08:46:44.275736+00:00,scheduler,3,100,8837.9,10240.0,69,318.853
2026-06-08T08:46:49.276307+00:00,scheduler,0,0,999.0,10240.0,37,23.309
2026-06-08T08:46:49.276307+00:00,scheduler,1,100,8813.9,10240.0,71,258.885
2026-06-08T08:46:49.276307+00:00,scheduler,2,0,699.9,10240.0,55,156.833
2026-06-08T08:46:49.276307+00:00,scheduler,3,100,8837.9,10240.0,71,319.162
2026-06-08T08:46:54.277023+00:00,scheduler,0,0,999.0,10240.0,37,23.134
2026-06-08T08:46:54.277023+00:00,scheduler,1,100,8813.9,10240.0,72,253.194
2026-06-08T08:46:54.277023+00:00,scheduler,2,0,699.9,10240.0,51,95.725
2026-06-08T08:46:54.277023+00:00,scheduler,3,100,8837.9,10240.0,71,319.432
2026-06-08T08:46:59.277674+00:00,scheduler,0,13,9021.0,10240.0,43,111.714
2026-06-08T08:46:59.277674+00:00,scheduler,1,100,8813.9,10240.0,72,250.321
2026-06-08T08:46:59.277674+00:00,scheduler,2,0,699.9,10240.0,50,94.424
2026-06-08T08:46:59.277674+00:00,scheduler,3,100,8837.9,10240.0,72,318.167
2026-06-08T08:47:04.278560+00:00,scheduler,0,17,7713.0,10240.0,43,111.524
2026-06-08T08:47:04.278560+00:00,scheduler,1,100,8813.9,10240.0,72,255.611
2026-06-08T08:47:04.278560+00:00,scheduler,2,0,699.9,10240.0,49,93.911
2026-06-08T08:47:04.278560+00:00,scheduler,3,100,8837.9,10240.0,72,318.353
2026-06-08T08:47:09.279225+00:00,scheduler,0,100,9137.0,10240.0,56,319.171
2026-06-08T08:47:09.279225+00:00,scheduler,1,100,8813.9,10240.0,72,252.439
2026-06-08T08:47:09.279225+00:00,scheduler,2,0,699.9,10240.0,44,20.886
2026-06-08T08:47:09.279225+00:00,scheduler,3,100,8837.9,10240.0,73,318.716
2026-06-08T08:47:14.279855+00:00,scheduler,0,100,9137.0,10240.0,57,318.678
2026-06-08T08:47:14.279855+00:00,scheduler,1,9,8813.9,10240.0,60,107.045
2026-06-08T08:47:14.279855+00:00,scheduler,2,0,699.9,10240.0,42,20.547
2026-06-08T08:47:14.279855+00:00,scheduler,3,100,8837.9,10240.0,73,318.368
2026-06-08T08:47:19.280475+00:00,scheduler,0,100,9137.0,10240.0,58,318.342
2026-06-08T08:47:19.280475+00:00,scheduler,1,0,675.9,10240.0,59,118.271
2026-06-08T08:47:19.280475+00:00,scheduler,2,0,699.9,10240.0,41,20.255
2026-06-08T08:47:19.280475+00:00,scheduler,3,20,8837.9,10240.0,63,268.394
2026-06-08T08:47:24.281085+00:00,scheduler,0,100,9137.0,10240.0,59,318.863
2026-06-08T08:47:24.281085+00:00,scheduler,1,0,675.9,10240.0,58,105.009
2026-06-08T08:47:24.281085+00:00,scheduler,2,0,699.9,10240.0,40,20.12
2026-06-08T08:47:24.281085+00:00,scheduler,3,9,8837.9,10240.0,53,100.041
2026-06-08T08:47:29.281736+00:00,scheduler,0,100,9137.0,10240.0,60,318.312
2026-06-08T08:47:29.281736+00:00,scheduler,1,0,675.9,10240.0,57,104.391
2026-06-08T08:47:29.281736+00:00,scheduler,2,0,699.9,10240.0,40,20.052
2026-06-08T08:47:29.281736+00:00,scheduler,3,0,699.9,10240.0,52,103.487
2026-06-08T08:47:34.282348+00:00,scheduler,0,100,9137.0,10240.0,61,317.99
2026-06-08T08:47:34.282348+00:00,scheduler,1,0,675.9,10240.0,51,78.71
2026-06-08T08:47:34.282348+00:00,scheduler,2,0,699.9,10240.0,39,20.032
2026-06-08T08:47:34.282348+00:00,scheduler,3,0,699.9,10240.0,50,98.651
2026-06-08T08:47:39.282929+00:00,scheduler,0,100,9137.0,10240.0,61,318.168
2026-06-08T08:47:39.282929+00:00,scheduler,1,0,675.9,10240.0,48,25.826
2026-06-08T08:47:39.282929+00:00,scheduler,2,0,699.9,10240.0,38,19.826
2026-06-08T08:47:39.282929+00:00,scheduler,3,0,699.9,10240.0,50,98.426
2026-06-08T08:47:44.283459+00:00,scheduler,0,100,9137.0,10240.0,62,318.366
2026-06-08T08:47:44.283459+00:00,scheduler,1,0,675.9,10240.0,47,25.596
2026-06-08T08:47:44.283459+00:00,scheduler,2,0,699.9,10240.0,38,19.855
2026-06-08T08:47:44.283459+00:00,scheduler,3,0,699.9,10240.0,45,54.066
2026-06-08T08:47:49.284126+00:00,scheduler,0,9,9137.0,10240.0,51,98.397
2026-06-08T08:47:49.284126+00:00,scheduler,1,0,675.9,10240.0,46,25.441
2026-06-08T08:47:49.284126+00:00,scheduler,2,0,699.9,10240.0,38,19.496
2026-06-08T08:47:49.284126+00:00,scheduler,3,0,699.9,10240.0,43,28.034
2026-06-08T08:47:54.284797+00:00,scheduler,0,0,999.0,10240.0,50,108.501
2026-06-08T08:47:54.284797+00:00,scheduler,1,46,5133.9,10240.0,52,66.513
2026-06-08T08:47:54.284797+00:00,scheduler,2,0,699.9,10240.0,37,19.44
2026-06-08T08:47:54.284797+00:00,scheduler,3,0,699.9,10240.0,41,28.083
2026-06-08T08:47:59.285491+00:00,scheduler,0,0,999.0,10240.0,49,97.995
2026-06-08T08:47:59.285491+00:00,scheduler,1,10,8697.9,10240.0,54,103.447
2026-06-08T08:47:59.285491+00:00,scheduler,2,0,699.9,10240.0,37,19.352
2026-06-08T08:47:59.285491+00:00,scheduler,3,0,699.9,10240.0,40,27.942
2026-06-08T08:48:04.286242+00:00,scheduler,0,0,999.0,10240.0,48,97.197
2026-06-08T08:48:04.286242+00:00,scheduler,1,100,8813.9,10240.0,71,271.266
2026-06-08T08:48:04.286242+00:00,scheduler,2,0,699.9,10240.0,37,19.734
2026-06-08T08:48:04.286242+00:00,scheduler,3,0,699.9,10240.0,39,28.073
2026-06-08T08:48:09.286896+00:00,scheduler,0,0,999.0,10240.0,44,75.325
2026-06-08T08:48:09.286896+00:00,scheduler,1,100,8813.9,10240.0,71,262.101
2026-06-08T08:48:09.286896+00:00,scheduler,2,0,699.9,10240.0,36,19.809
2026-06-08T08:48:09.286896+00:00,scheduler,3,0,699.9,10240.0,39,27.889
2026-06-08T08:48:14.287451+00:00,scheduler,0,0,999.0,10240.0,42,23.818
2026-06-08T08:48:14.287451+00:00,scheduler,1,100,8813.9,10240.0,71,259.314
2026-06-08T08:48:14.287451+00:00,scheduler,2,0,699.9,10240.0,36,19.464
2026-06-08T08:48:14.287451+00:00,scheduler,3,0,699.9,10240.0,38,27.961
2026-06-08T08:48:19.287972+00:00,scheduler,0,0,999.0,10240.0,41,23.675
2026-06-08T08:48:19.287972+00:00,scheduler,1,100,8813.9,10240.0,71,255.1
2026-06-08T08:48:19.287972+00:00,scheduler,2,0,699.9,10240.0,36,19.525
2026-06-08T08:48:19.287972+00:00,scheduler,3,0,699.9,10240.0,38,27.623
2026-06-08T08:48:24.288547+00:00,scheduler,0,0,999.0,10240.0,41,23.578
2026-06-08T08:48:24.288547+00:00,scheduler,1,100,8813.9,10240.0,72,255.4
2026-06-08T08:48:24.288547+00:00,scheduler,2,0,699.9,10240.0,36,19.727
2026-06-08T08:48:24.288547+00:00,scheduler,3,0,699.9,10240.0,37,27.737
2026-06-08T08:48:29.289188+00:00,scheduler,0,0,999.0,10240.0,40,23.565
2026-06-08T08:48:29.289188+00:00,scheduler,1,100,8813.9,10240.0,72,252.226
2026-06-08T08:48:29.289188+00:00,scheduler,2,0,699.9,10240.0,36,19.721
2026-06-08T08:48:29.289188+00:00,scheduler,3,0,699.9,10240.0,37,27.795
2026-06-08T08:48:34.289906+00:00,scheduler,0,0,999.0,10240.0,39,23.447
2026-06-08T08:48:34.289906+00:00,scheduler,1,100,8813.9,10240.0,72,251.407
2026-06-08T08:48:34.289906+00:00,scheduler,2,0,699.9,10240.0,36,19.509
2026-06-08T08:48:34.289906+00:00,scheduler,3,0,699.9,10240.0,37,27.575
2026-06-08T08:48:39.290495+00:00,scheduler,0,0,999.0,10240.0,38,23.443
2026-06-08T08:48:39.290495+00:00,scheduler,1,100,8813.9,10240.0,72,251.28
2026-06-08T08:48:39.290495+00:00,scheduler,2,0,699.9,10240.0,36,19.651
2026-06-08T08:48:39.290495+00:00,scheduler,3,0,699.9,10240.0,36,27.66
2026-06-08T08:48:44.291162+00:00,scheduler,0,0,999.0,10240.0,38,23.324
2026-06-08T08:48:44.291162+00:00,scheduler,1,100,8813.9,10240.0,72,250.674
2026-06-08T08:48:44.291162+00:00,scheduler,2,0,699.9,10240.0,35,19.547
2026-06-08T08:48:44.291162+00:00,scheduler,3,0,699.9,10240.0,36,27.705
2026-06-08T08:48:49.291747+00:00,scheduler,0,0,999.0,10240.0,38,23.18
2026-06-08T08:48:49.291747+00:00,scheduler,1,9,8813.9,10240.0,60,107.56
2026-06-08T08:48:49.291747+00:00,scheduler,2,0,699.9,10240.0,35,19.321
2026-06-08T08:48:49.291747+00:00,scheduler,3,0,699.9,10240.0,36,27.65
2026-06-08T08:48:54.292373+00:00,scheduler,0,0,999.0,10240.0,37,23.224
2026-06-08T08:48:54.292373+00:00,scheduler,1,0,675.9,10240.0,62,132.427
2026-06-08T08:48:54.292373+00:00,scheduler,2,0,699.9,10240.0,35,19.431
2026-06-08T08:48:54.292373+00:00,scheduler,3,0,699.9,10240.0,36,27.44
2026-06-08T08:48:59.292999+00:00,scheduler,0,0,999.0,10240.0,37,23.035
2026-06-08T08:48:59.292999+00:00,scheduler,1,0,675.9,10240.0,58,105.385
2026-06-08T08:48:59.292999+00:00,scheduler,2,0,699.9,10240.0,35,19.231
2026-06-08T08:48:59.292999+00:00,scheduler,3,0,699.9,10240.0,36,27.735
2026-06-08T08:49:04.293728+00:00,scheduler,0,0,999.0,10240.0,37,23.286
2026-06-08T08:49:04.293728+00:00,scheduler,1,0,675.9,10240.0,57,105.532
2026-06-08T08:49:04.293728+00:00,scheduler,2,0,699.9,10240.0,35,19.191
2026-06-08T08:49:04.293728+00:00,scheduler,3,0,699.9,10240.0,35,27.458
2026-06-08T08:49:09.294385+00:00,scheduler,0,0,999.0,10240.0,36,23.154
2026-06-08T08:49:09.294385+00:00,scheduler,1,0,675.9,10240.0,57,105.114
2026-06-08T08:49:09.294385+00:00,scheduler,2,0,699.9,10240.0,35,19.15
2026-06-08T08:49:09.294385+00:00,scheduler,3,0,699.9,10240.0,35,27.456
2026-06-08T08:49:14.295090+00:00,scheduler,0,0,999.0,10240.0,36,23.161
2026-06-08T08:49:14.295090+00:00,scheduler,1,0,675.9,10240.0,49,25.394
2026-06-08T08:49:14.295090+00:00,scheduler,2,0,699.9,10240.0,35,19.303
2026-06-08T08:49:14.295090+00:00,scheduler,3,0,699.9,10240.0,35,27.544
2026-06-08T08:49:19.295871+00:00,scheduler,0,0,999.0,10240.0,36,23.129
2026-06-08T08:49:19.295871+00:00,scheduler,1,0,675.9,10240.0,47,25.062
2026-06-08T08:49:19.295871+00:00,scheduler,2,0,699.9,10240.0,35,19.07
2026-06-08T08:49:19.295871+00:00,scheduler,3,0,699.9,10240.0,35,27.493
2026-06-08T08:49:24.296566+00:00,scheduler,0,0,999.0,10240.0,36,23.008
2026-06-08T08:49:24.296566+00:00,scheduler,1,0,675.9,10240.0,46,24.995
2026-06-08T08:49:24.296566+00:00,scheduler,2,0,699.9,10240.0,35,19.092
2026-06-08T08:49:24.296566+00:00,scheduler,3,0,699.9,10240.0,35,27.435
2026-06-08T08:49:29.297141+00:00,scheduler,0,0,999.0,10240.0,36,23.055
2026-06-08T08:49:29.297141+00:00,scheduler,1,0,675.9,10240.0,46,24.824
2026-06-08T08:49:29.297141+00:00,scheduler,2,0,699.9,10240.0,35,19.244
2026-06-08T08:49:29.297141+00:00,scheduler,3,0,699.9,10240.0,35,27.553
2026-06-08T08:49:34.297845+00:00,scheduler,0,0,999.0,10240.0,36,23.068
2026-06-08T08:49:34.297845+00:00,scheduler,1,0,675.9,10240.0,45,24.803
2026-06-08T08:49:34.297845+00:00,scheduler,2,0,699.9,10240.0,35,19.32
2026-06-08T08:49:34.297845+00:00,scheduler,3,0,699.9,10240.0,35,27.348
2026-06-08T08:49:39.298588+00:00,scheduler,0,0,999.0,10240.0,35,23.145
2026-06-08T08:49:39.298588+00:00,scheduler,1,0,675.9,10240.0,44,24.883
2026-06-08T08:49:39.298588+00:00,scheduler,2,0,699.9,10240.0,35,19.252
2026-06-08T08:49:39.298588+00:00,scheduler,3,0,699.9,10240.0,35,27.327
2026-06-08T08:49:44.299246+00:00,scheduler,0,0,999.0,10240.0,35,23.096
2026-06-08T08:49:44.299246+00:00,scheduler,1,0,675.9,10240.0,44,24.846
2026-06-08T08:49:44.299246+00:00,scheduler,2,0,699.9,10240.0,35,19.421
2026-06-08T08:49:44.299246+00:00,scheduler,3,0,699.9,10240.0,35,27.352
2026-06-08T08:49:49.299954+00:00,scheduler,0,0,999.0,10240.0,35,23.015
2026-06-08T08:49:49.299954+00:00,scheduler,1,0,675.9,10240.0,43,24.698
2026-06-08T08:49:49.299954+00:00,scheduler,2,0,699.9,10240.0,35,19.382
2026-06-08T08:49:49.299954+00:00,scheduler,3,0,699.9,10240.0,35,27.441
2026-06-08T08:49:54.300635+00:00,scheduler,0,0,999.0,10240.0,35,23.27
2026-06-08T08:49:54.300635+00:00,scheduler,1,0,675.9,10240.0,43,25.253
2026-06-08T08:49:54.300635+00:00,scheduler,2,0,699.9,10240.0,35,19.279
2026-06-08T08:49:54.300635+00:00,scheduler,3,10,8721.9,10240.0,42,101.156
2026-06-08T08:49:59.301319+00:00,scheduler,0,0,999.0,10240.0,35,23.023
2026-06-08T08:49:59.301319+00:00,scheduler,1,0,675.9,10240.0,42,24.798
2026-06-08T08:49:59.301319+00:00,scheduler,2,0,699.9,10240.0,35,19.279
2026-06-08T08:49:59.301319+00:00,scheduler,3,34,5937.9,10240.0,44,118.375
2026-06-08T08:50:04.301994+00:00,scheduler,0,0,999.0,10240.0,35,23.079
2026-06-08T08:50:04.301994+00:00,scheduler,1,0,675.9,10240.0,42,25.156
2026-06-08T08:50:04.301994+00:00,scheduler,2,0,699.9,10240.0,35,19.698
2026-06-08T08:50:04.301994+00:00,scheduler,3,100,8837.9,10240.0,67,318.002
2026-06-08T08:50:09.302691+00:00,scheduler,0,0,999.0,10240.0,35,23.125
2026-06-08T08:50:09.302691+00:00,scheduler,1,0,675.9,10240.0,42,25.082
2026-06-08T08:50:09.302691+00:00,scheduler,2,0,699.9,10240.0,34,19.471
2026-06-08T08:50:09.302691+00:00,scheduler,3,100,8837.9,10240.0,70,319.07
2026-06-08T08:50:14.303364+00:00,scheduler,0,0,999.0,10240.0,35,23.254
2026-06-08T08:50:14.303364+00:00,scheduler,1,0,675.9,10240.0,42,25.063
2026-06-08T08:50:14.303364+00:00,scheduler,2,0,699.9,10240.0,34,19.569
2026-06-08T08:50:14.303364+00:00,scheduler,3,100,8837.9,10240.0,71,319.251
2026-06-08T08:50:19.303992+00:00,scheduler,0,100,9021.0,10240.0,48,170.861
2026-06-08T08:50:19.303992+00:00,scheduler,1,0,675.9,10240.0,41,25.209
2026-06-08T08:50:19.303992+00:00,scheduler,2,0,699.9,10240.0,34,19.754
2026-06-08T08:50:19.303992+00:00,scheduler,3,100,8837.9,10240.0,71,318.381
2026-06-08T08:50:24.304675+00:00,scheduler,0,9,9021.0,10240.0,40,94.47
2026-06-08T08:50:24.304675+00:00,scheduler,1,0,675.9,10240.0,41,24.934
2026-06-08T08:50:24.304675+00:00,scheduler,2,0,699.9,10240.0,34,19.652
2026-06-08T08:50:24.304675+00:00,scheduler,3,100,8837.9,10240.0,72,318.107
2026-06-08T08:50:29.305229+00:00,scheduler,0,100,9137.0,10240.0,53,318.19
2026-06-08T08:50:29.305229+00:00,scheduler,1,0,675.9,10240.0,41,24.932
2026-06-08T08:50:29.305229+00:00,scheduler,2,0,699.9,10240.0,34,19.652
2026-06-08T08:50:29.305229+00:00,scheduler,3,100,8837.9,10240.0,73,318.983
2026-06-08T08:50:34.305847+00:00,scheduler,0,100,9137.0,10240.0,55,318.944
2026-06-08T08:50:34.305847+00:00,scheduler,1,0,675.9,10240.0,41,24.982
2026-06-08T08:50:34.305847+00:00,scheduler,2,0,699.9,10240.0,34,19.538
2026-06-08T08:50:34.305847+00:00,scheduler,3,100,8837.9,10240.0,73,319.431
2026-06-08T08:50:39.306706+00:00,scheduler,0,100,9137.0,10240.0,56,319.393
2026-06-08T08:50:39.306706+00:00,scheduler,1,0,675.9,10240.0,40,25.116
2026-06-08T08:50:39.306706+00:00,scheduler,2,0,699.9,10240.0,34,19.575
2026-06-08T08:50:39.306706+00:00,scheduler,3,100,8837.9,10240.0,73,318.605
2026-06-08T08:50:44.307424+00:00,scheduler,0,100,9137.0,10240.0,57,318.814
2026-06-08T08:50:44.307424+00:00,scheduler,1,0,675.9,10240.0,40,24.92
2026-06-08T08:50:44.307424+00:00,scheduler,2,0,699.9,10240.0,34,19.604
2026-06-08T08:50:44.307424+00:00,scheduler,3,10,8837.9,10240.0,54,100.656
2026-06-08T08:50:49.308180+00:00,scheduler,0,100,9137.0,10240.0,59,318.931
2026-06-08T08:50:49.308180+00:00,scheduler,1,0,675.9,10240.0,40,25.035
2026-06-08T08:50:49.308180+00:00,scheduler,2,0,699.9,10240.0,34,19.585
2026-06-08T08:50:49.308180+00:00,scheduler,3,0,699.9,10240.0,54,124.318
2026-06-08T08:50:54.308800+00:00,scheduler,0,100,9137.0,10240.0,60,318.851
2026-06-08T08:50:54.308800+00:00,scheduler,1,0,675.9,10240.0,40,24.859
2026-06-08T08:50:54.308800+00:00,scheduler,2,0,699.9,10240.0,34,19.585
2026-06-08T08:50:54.308800+00:00,scheduler,3,0,699.9,10240.0,51,99.498
2026-06-08T08:50:59.309468+00:00,scheduler,0,100,9137.0,10240.0,61,318.973
2026-06-08T08:50:59.309468+00:00,scheduler,1,0,675.9,10240.0,40,24.975
2026-06-08T08:50:59.309468+00:00,scheduler,2,0,699.9,10240.0,34,19.542
2026-06-08T08:50:59.309468+00:00,scheduler,3,0,699.9,10240.0,50,98.653
2026-06-08T08:51:04.310065+00:00,scheduler,0,100,9137.0,10240.0,61,318.528
2026-06-08T08:51:04.310065+00:00,scheduler,1,0,675.9,10240.0,40,24.867
2026-06-08T08:51:04.310065+00:00,scheduler,2,0,699.9,10240.0,34,19.424
2026-06-08T08:51:04.310065+00:00,scheduler,3,0,699.9,10240.0,50,98.439
2026-06-08T08:51:09.310710+00:00,scheduler,0,10,9137.0,10240.0,53,138.701
2026-06-08T08:51:09.310710+00:00,scheduler,1,0,675.9,10240.0,39,24.76
2026-06-08T08:51:09.310710+00:00,scheduler,2,0,699.9,10240.0,34,19.577
2026-06-08T08:51:09.310710+00:00,scheduler,3,0,699.9,10240.0,44,28.58
2026-06-08T08:51:14.311434+00:00,scheduler,0,8,9137.0,10240.0,50,97.908
2026-06-08T08:51:14.311434+00:00,scheduler,1,0,675.9,10240.0,39,24.712
2026-06-08T08:51:14.311434+00:00,scheduler,2,0,699.9,10240.0,34,19.318
2026-06-08T08:51:14.311434+00:00,scheduler,3,0,699.9,10240.0,42,27.924
2026-06-08T08:51:19.312137+00:00,scheduler,0,0,999.0,10240.0,50,99.682
2026-06-08T08:51:19.312137+00:00,scheduler,1,0,675.9,10240.0,39,24.598
2026-06-08T08:51:19.312137+00:00,scheduler,2,0,699.9,10240.0,34,19.242
2026-06-08T08:51:19.312137+00:00,scheduler,3,0,699.9,10240.0,41,27.951
2026-06-08T08:51:24.312746+00:00,scheduler,0,0,999.0,10240.0,49,98.002
2026-06-08T08:51:24.312746+00:00,scheduler,1,0,675.9,10240.0,39,24.54
2026-06-08T08:51:24.312746+00:00,scheduler,2,0,699.9,10240.0,34,19.289
2026-06-08T08:51:24.312746+00:00,scheduler,3,0,699.9,10240.0,40,27.926
2026-06-08T08:51:29.313485+00:00,scheduler,0,0,999.0,10240.0,48,97.706
2026-06-08T08:51:29.313485+00:00,scheduler,1,0,675.9,10240.0,39,24.563
2026-06-08T08:51:29.313485+00:00,scheduler,2,0,699.9,10240.0,34,19.26
2026-06-08T08:51:29.313485+00:00,scheduler,3,0,699.9,10240.0,39,27.733
2026-06-08T08:51:34.314078+00:00,scheduler,0,0,999.0,10240.0,44,27.565
2026-06-08T08:51:34.314078+00:00,scheduler,1,0,675.9,10240.0,39,24.634
2026-06-08T08:51:34.314078+00:00,scheduler,2,56,3625.9,10240.0,38,36.395
2026-06-08T08:51:34.314078+00:00,scheduler,3,0,699.9,10240.0,39,27.663
2026-06-08T08:51:39.314887+00:00,scheduler,0,0,999.0,10240.0,42,23.946
2026-06-08T08:51:39.314887+00:00,scheduler,1,48,7441.9,10240.0,48,84.643
2026-06-08T08:51:39.314887+00:00,scheduler,2,9,8721.9,10240.0,41,91.307
2026-06-08T08:51:39.314887+00:00,scheduler,3,0,699.9,10240.0,38,27.692
2026-06-08T08:51:44.315615+00:00,scheduler,0,0,999.0,10240.0,41,23.744
2026-06-08T08:51:44.315615+00:00,scheduler,1,9,8697.9,10240.0,49,99.875
2026-06-08T08:51:44.315615+00:00,scheduler,2,74,2049.9,10240.0,42,94.609
2026-06-08T08:51:44.315615+00:00,scheduler,3,23,2421.9,10240.0,43,97.184
2026-06-08T08:51:49.333707+00:00,scheduler,0,0,999.0,10240.0,40,23.804
2026-06-08T08:51:49.333707+00:00,scheduler,1,29,6921.9,10240.0,52,124.486
2026-06-08T08:51:49.333707+00:00,scheduler,2,100,8837.9,10240.0,61,318.801
2026-06-08T08:51:49.333707+00:00,scheduler,3,10,8721.9,10240.0,46,117.283
2026-06-08T08:51:54.334242+00:00,scheduler,0,0,999.0,10240.0,40,23.54
2026-06-08T08:51:54.334242+00:00,scheduler,1,100,8813.9,10240.0,69,280.223
2026-06-08T08:51:54.334242+00:00,scheduler,2,100,8837.9,10240.0,65,318.865
2026-06-08T08:51:54.334242+00:00,scheduler,3,100,8837.9,10240.0,60,188.241
2026-06-08T08:51:59.334768+00:00,scheduler,0,0,999.0,10240.0,39,23.367
2026-06-08T08:51:59.334768+00:00,scheduler,1,100,8813.9,10240.0,69,273.13
2026-06-08T08:51:59.334768+00:00,scheduler,2,100,8837.9,10240.0,65,302.112
2026-06-08T08:51:59.334768+00:00,scheduler,3,100,8837.9,10240.0,69,318.735
2026-06-08T08:52:04.335356+00:00,scheduler,0,0,999.0,10240.0,39,23.414
2026-06-08T08:52:04.335356+00:00,scheduler,1,100,8813.9,10240.0,69,266.483
2026-06-08T08:52:04.335356+00:00,scheduler,2,100,8837.9,10240.0,66,297.96
2026-06-08T08:52:04.335356+00:00,scheduler,3,100,8837.9,10240.0,71,318.947
2026-06-08T08:52:09.336821+00:00,scheduler,0,0,999.0,10240.0,38,23.543
2026-06-08T08:52:09.336821+00:00,scheduler,1,100,8813.9,10240.0,69,262.982
2026-06-08T08:52:09.336821+00:00,scheduler,2,100,8837.9,10240.0,67,290.392
2026-06-08T08:52:09.336821+00:00,scheduler,3,100,8837.9,10240.0,72,318.861
2026-06-08T08:52:14.337458+00:00,scheduler,0,0,999.0,10240.0,38,23.46
2026-06-08T08:52:14.337458+00:00,scheduler,1,100,8813.9,10240.0,70,260.892
2026-06-08T08:52:14.337458+00:00,scheduler,2,100,8837.9,10240.0,67,287.15
2026-06-08T08:52:14.337458+00:00,scheduler,3,100,8837.9,10240.0,72,318.786
2026-06-08T08:52:19.338018+00:00,scheduler,0,32,6233.0,10240.0,42,95.189
2026-06-08T08:52:19.338018+00:00,scheduler,1,100,8813.9,10240.0,71,261.693
2026-06-08T08:52:19.338018+00:00,scheduler,2,100,8837.9,10240.0,68,282.145
2026-06-08T08:52:19.338018+00:00,scheduler,3,100,8837.9,10240.0,73,318.394
2026-06-08T08:52:24.338615+00:00,scheduler,0,9,9021.0,10240.0,43,95.349
2026-06-08T08:52:24.338615+00:00,scheduler,1,100,8813.9,10240.0,71,257.668
2026-06-08T08:52:24.338615+00:00,scheduler,2,100,8837.9,10240.0,68,278.034
2026-06-08T08:52:24.338615+00:00,scheduler,3,100,8837.9,10240.0,73,318.781
2026-06-08T08:52:29.339241+00:00,scheduler,0,100,9137.0,10240.0,54,310.307
2026-06-08T08:52:29.339241+00:00,scheduler,1,100,8813.9,10240.0,71,259.005
2026-06-08T08:52:29.339241+00:00,scheduler,2,10,8837.9,10240.0,60,182.572
2026-06-08T08:52:29.339241+00:00,scheduler,3,100,8837.9,10240.0,74,318.875
2026-06-08T08:52:34.339848+00:00,scheduler,0,100,9137.0,10240.0,56,318.955
2026-06-08T08:52:34.339848+00:00,scheduler,1,9,8813.9,10240.0,64,159.483
2026-06-08T08:52:34.339848+00:00,scheduler,2,9,8837.9,10240.0,52,96.367
2026-06-08T08:52:34.339848+00:00,scheduler,3,100,8837.9,10240.0,74,319.046
2026-06-08T08:52:39.340517+00:00,scheduler,0,100,9137.0,10240.0,58,319.154
2026-06-08T08:52:39.340517+00:00,scheduler,1,8,8813.9,10240.0,58,105.58
2026-06-08T08:52:39.340517+00:00,scheduler,2,0,699.9,10240.0,52,100.613
2026-06-08T08:52:39.340517+00:00,scheduler,3,11,8837.9,10240.0,54,100.354
2026-06-08T08:52:44.341103+00:00,scheduler,0,100,9137.0,10240.0,59,319.423
2026-06-08T08:52:44.341103+00:00,scheduler,1,0,675.9,10240.0,57,109.083
2026-06-08T08:52:44.341103+00:00,scheduler,2,0,699.9,10240.0,50,93.966
2026-06-08T08:52:44.341103+00:00,scheduler,3,0,699.9,10240.0,53,113.698
2026-06-08T08:52:49.341695+00:00,scheduler,0,100,9137.0,10240.0,60,319.098
2026-06-08T08:52:49.341695+00:00,scheduler,1,0,675.9,10240.0,57,104.015
2026-06-08T08:52:49.341695+00:00,scheduler,2,0,699.9,10240.0,50,93.334
2026-06-08T08:52:49.341695+00:00,scheduler,3,0,699.9,10240.0,51,99.168
2026-06-08T08:52:54.342339+00:00,scheduler,0,100,9137.0,10240.0,61,318.416
2026-06-08T08:52:54.342339+00:00,scheduler,1,0,675.9,10240.0,56,103.762
2026-06-08T08:52:54.342339+00:00,scheduler,2,0,699.9,10240.0,48,90.471
2026-06-08T08:52:54.342339+00:00,scheduler,3,0,699.9,10240.0,50,98.928
2026-06-08T08:52:59.342996+00:00,scheduler,0,100,9137.0,10240.0,61,319.557
2026-06-08T08:52:59.342996+00:00,scheduler,1,0,675.9,10240.0,50,40.026
2026-06-08T08:52:59.342996+00:00,scheduler,2,0,699.9,10240.0,43,20.51
2026-06-08T08:52:59.342996+00:00,scheduler,3,0,699.9,10240.0,45,57.945
2026-06-08T08:53:04.343588+00:00,scheduler,0,100,9137.0,10240.0,62,318.011
2026-06-08T08:53:04.343588+00:00,scheduler,1,0,675.9,10240.0,47,25.402
2026-06-08T08:53:04.343588+00:00,scheduler,2,0,699.9,10240.0,42,20.115
2026-06-08T08:53:04.343588+00:00,scheduler,3,0,699.9,10240.0,43,28.009
2026-06-08T08:53:09.344280+00:00,scheduler,0,12,9137.0,10240.0,55,235.909
2026-06-08T08:53:09.344280+00:00,scheduler,1,0,675.9,10240.0,46,25.353
2026-06-08T08:53:09.344280+00:00,scheduler,2,0,699.9,10240.0,41,19.845
2026-06-08T08:53:09.344280+00:00,scheduler,3,0,699.9,10240.0,42,27.828
2026-06-08T08:53:14.344849+00:00,scheduler,0,7,9137.0,10240.0,51,98.301
2026-06-08T08:53:14.344849+00:00,scheduler,1,0,675.9,10240.0,46,24.935
2026-06-08T08:53:14.344849+00:00,scheduler,2,0,699.9,10240.0,40,19.724
2026-06-08T08:53:14.344849+00:00,scheduler,3,0,699.9,10240.0,41,27.75
2026-06-08T08:53:19.345639+00:00,scheduler,0,0,999.0,10240.0,50,104.298
2026-06-08T08:53:19.345639+00:00,scheduler,1,0,675.9,10240.0,45,25.0
2026-06-08T08:53:19.345639+00:00,scheduler,2,0,699.9,10240.0,39,19.516
2026-06-08T08:53:19.345639+00:00,scheduler,3,0,699.9,10240.0,40,27.84
2026-06-08T08:53:24.346320+00:00,scheduler,0,0,999.0,10240.0,49,96.88
2026-06-08T08:53:24.346320+00:00,scheduler,1,0,675.9,10240.0,44,24.858
2026-06-08T08:53:24.346320+00:00,scheduler,2,0,699.9,10240.0,39,19.364
2026-06-08T08:53:24.346320+00:00,scheduler,3,0,699.9,10240.0,39,27.765
2026-06-08T08:53:29.347010+00:00,scheduler,0,0,999.0,10240.0,48,96.527
2026-06-08T08:53:29.347010+00:00,scheduler,1,0,675.9,10240.0,44,24.751
2026-06-08T08:53:29.347010+00:00,scheduler,2,0,699.9,10240.0,38,19.203
2026-06-08T08:53:29.347010+00:00,scheduler,3,0,699.9,10240.0,38,27.655
2026-06-08T08:53:34.347745+00:00,scheduler,0,0,999.0,10240.0,45,82.012
2026-06-08T08:53:34.347745+00:00,scheduler,1,9,8697.9,10240.0,53,108.083
2026-06-08T08:53:34.347745+00:00,scheduler,2,32,6709.9,10240.0,43,91.899
2026-06-08T08:53:34.347745+00:00,scheduler,3,0,699.9,10240.0,38,27.648
2026-06-08T08:53:39.348425+00:00,scheduler,0,0,999.0,10240.0,43,23.817
2026-06-08T08:53:39.348425+00:00,scheduler,1,100,8813.9,10240.0,70,235.739
2026-06-08T08:53:39.348425+00:00,scheduler,2,10,8721.9,10240.0,45,92.664
2026-06-08T08:53:39.348425+00:00,scheduler,3,0,699.9,10240.0,37,27.561
2026-06-08T08:53:44.349145+00:00,scheduler,0,0,999.0,10240.0,42,23.867
2026-06-08T08:53:44.349145+00:00,scheduler,1,100,8813.9,10240.0,70,265.774
2026-06-08T08:53:44.349145+00:00,scheduler,2,100,8837.9,10240.0,61,319.877
2026-06-08T08:53:44.349145+00:00,scheduler,3,0,699.9,10240.0,37,27.394
2026-06-08T08:53:49.349817+00:00,scheduler,0,0,999.0,10240.0,40,23.871
2026-06-08T08:53:49.349817+00:00,scheduler,1,100,8813.9,10240.0,71,260.064
2026-06-08T08:53:49.349817+00:00,scheduler,2,100,8837.9,10240.0,66,318.971
2026-06-08T08:53:49.349817+00:00,scheduler,3,0,699.9,10240.0,37,27.398
2026-06-08T08:53:54.350460+00:00,scheduler,0,0,999.0,10240.0,40,23.753
2026-06-08T08:53:54.350460+00:00,scheduler,1,100,8813.9,10240.0,71,260.785
2026-06-08T08:53:54.350460+00:00,scheduler,2,100,8837.9,10240.0,67,301.167
2026-06-08T08:53:54.350460+00:00,scheduler,3,0,699.9,10240.0,36,27.587
2026-06-08T08:53:59.351170+00:00,scheduler,0,0,999.0,10240.0,39,23.686
2026-06-08T08:53:59.351170+00:00,scheduler,1,100,8813.9,10240.0,71,255.983
2026-06-08T08:53:59.351170+00:00,scheduler,2,100,8837.9,10240.0,67,291.796
2026-06-08T08:53:59.351170+00:00,scheduler,3,0,699.9,10240.0,36,27.418
2026-06-08T08:54:04.352096+00:00,scheduler,0,11,9021.0,10240.0,45,113.169
2026-06-08T08:54:04.352096+00:00,scheduler,1,100,8813.9,10240.0,71,255.566
2026-06-08T08:54:04.352096+00:00,scheduler,2,100,8837.9,10240.0,67,282.118
2026-06-08T08:54:04.352096+00:00,scheduler,3,0,699.9,10240.0,36,27.519
2026-06-08T08:54:09.352743+00:00,scheduler,0,31,9135.0,10240.0,44,111.054
2026-06-08T08:54:09.352743+00:00,scheduler,1,100,8813.9,10240.0,71,251.642
2026-06-08T08:54:09.352743+00:00,scheduler,2,100,8837.9,10240.0,68,281.989
2026-06-08T08:54:09.352743+00:00,scheduler,3,0,699.9,10240.0,36,27.355
2026-06-08T08:54:14.353287+00:00,scheduler,0,100,9137.0,10240.0,57,319.079
2026-06-08T08:54:14.353287+00:00,scheduler,1,100,8813.9,10240.0,72,252.181
2026-06-08T08:54:14.353287+00:00,scheduler,2,100,8837.9,10240.0,68,279.1
2026-06-08T08:54:14.353287+00:00,scheduler,3,0,699.9,10240.0,36,27.447
2026-06-08T08:54:19.353927+00:00,scheduler,0,100,9137.0,10240.0,58,319.065
2026-06-08T08:54:19.353927+00:00,scheduler,1,100,8813.9,10240.0,72,252.606
2026-06-08T08:54:19.353927+00:00,scheduler,2,100,8837.9,10240.0,69,274.358
2026-06-08T08:54:19.353927+00:00,scheduler,3,0,699.9,10240.0,35,27.348
2026-06-08T08:54:24.354591+00:00,scheduler,0,100,9137.0,10240.0,59,319.309
2026-06-08T08:54:24.354591+00:00,scheduler,1,9,8813.9,10240.0,64,140.138
2026-06-08T08:54:24.354591+00:00,scheduler,2,100,8837.9,10240.0,69,276.361
2026-06-08T08:54:24.354591+00:00,scheduler,3,44,2993.9,10240.0,39,40.266
2026-06-08T08:54:29.355227+00:00,scheduler,0,100,9137.0,10240.0,60,318.29
2026-06-08T08:54:29.355227+00:00,scheduler,1,10,2039.9,10240.0,59,106.095
2026-06-08T08:54:29.355227+00:00,scheduler,2,10,8837.9,10240.0,54,99.321
2026-06-08T08:54:29.355227+00:00,scheduler,3,11,8721.9,10240.0,43,110.023
2026-06-08T08:54:34.355808+00:00,scheduler,0,100,9137.0,10240.0,61,319.606
2026-06-08T08:54:34.355808+00:00,scheduler,1,0,675.9,10240.0,58,105.745
2026-06-08T08:54:34.355808+00:00,scheduler,2,0,699.9,10240.0,53,106.027
2026-06-08T08:54:34.355808+00:00,scheduler,3,100,8837.9,10240.0,64,318.654
2026-06-08T08:54:39.356501+00:00,scheduler,0,100,9137.0,10240.0,61,318.28
2026-06-08T08:54:39.356501+00:00,scheduler,1,0,675.9,10240.0,57,104.715
2026-06-08T08:54:39.356501+00:00,scheduler,2,0,699.9,10240.0,51,94.448
2026-06-08T08:54:39.356501+00:00,scheduler,3,100,8837.9,10240.0,69,318.585
2026-06-08T08:54:44.357069+00:00,scheduler,0,100,9137.0,10240.0,62,318.615
2026-06-08T08:54:44.357069+00:00,scheduler,1,0,675.9,10240.0,57,104.416
2026-06-08T08:54:44.357069+00:00,scheduler,2,0,699.9,10240.0,50,93.738
2026-06-08T08:54:44.357069+00:00,scheduler,3,100,8837.9,10240.0,70,319.226
2026-06-08T08:54:49.357706+00:00,scheduler,0,100,9137.0,10240.0,62,318.52
2026-06-08T08:54:49.357706+00:00,scheduler,1,0,675.9,10240.0,51,31.07
2026-06-08T08:54:49.357706+00:00,scheduler,2,0,699.9,10240.0,46,64.849
2026-06-08T08:54:49.357706+00:00,scheduler,3,100,8837.9,10240.0,71,318.802
2026-06-08T08:54:54.358262+00:00,scheduler,0,10,9137.0,10240.0,51,98.214
2026-06-08T08:54:54.358262+00:00,scheduler,1,0,675.9,10240.0,48,25.658
2026-06-08T08:54:54.358262+00:00,scheduler,2,0,699.9,10240.0,43,20.28
2026-06-08T08:54:54.358262+00:00,scheduler,3,100,8837.9,10240.0,72,318.017
2026-06-08T08:54:59.360224+00:00,scheduler,0,0,999.0,10240.0,50,105.954
2026-06-08T08:54:59.360224+00:00,scheduler,1,0,675.9,10240.0,47,25.682
2026-06-08T08:54:59.360224+00:00,scheduler,2,0,699.9,10240.0,42,20.417
2026-06-08T08:54:59.360224+00:00,scheduler,3,100,8837.9,10240.0,72,319.676
2026-06-08T08:55:04.360738+00:00,scheduler,0,0,999.0,10240.0,49,96.832
2026-06-08T08:55:04.360738+00:00,scheduler,1,0,675.9,10240.0,46,25.586
2026-06-08T08:55:04.360738+00:00,scheduler,2,0,699.9,10240.0,41,19.957
2026-06-08T08:55:04.360738+00:00,scheduler,3,100,8837.9,10240.0,73,318.866
2026-06-08T08:55:09.361275+00:00,scheduler,0,0,999.0,10240.0,48,96.342
2026-06-08T08:55:09.361275+00:00,scheduler,1,0,675.9,10240.0,45,25.527
2026-06-08T08:55:09.361275+00:00,scheduler,2,0,699.9,10240.0,40,19.994
2026-06-08T08:55:09.361275+00:00,scheduler,3,100,8837.9,10240.0,73,318.715
2026-06-08T08:55:14.361796+00:00,scheduler,0,0,999.0,10240.0,45,86.504
2026-06-08T08:55:14.361796+00:00,scheduler,1,0,675.9,10240.0,45,25.529
2026-06-08T08:55:14.361796+00:00,scheduler,2,0,699.9,10240.0,39,19.815
2026-06-08T08:55:14.361796+00:00,scheduler,3,22,8837.9,10240.0,61,234.919
2026-06-08T08:55:19.362451+00:00,scheduler,0,0,999.0,10240.0,43,23.856
2026-06-08T08:55:19.362451+00:00,scheduler,1,0,675.9,10240.0,44,25.031
2026-06-08T08:55:19.362451+00:00,scheduler,2,0,699.9,10240.0,39,19.563
2026-06-08T08:55:19.362451+00:00,scheduler,3,100,2979.9,10240.0,53,101.252
2026-06-08T08:55:24.363071+00:00,scheduler,0,0,999.0,10240.0,42,23.706
2026-06-08T08:55:24.363071+00:00,scheduler,1,0,675.9,10240.0,44,24.982
2026-06-08T08:55:24.363071+00:00,scheduler,2,0,699.9,10240.0,38,19.418
2026-06-08T08:55:24.363071+00:00,scheduler,3,0,699.9,10240.0,51,99.866
2026-06-08T08:55:29.363645+00:00,scheduler,0,0,999.0,10240.0,41,23.938
2026-06-08T08:55:29.363645+00:00,scheduler,1,0,675.9,10240.0,44,24.951
2026-06-08T08:55:29.363645+00:00,scheduler,2,0,699.9,10240.0,38,19.466
2026-06-08T08:55:29.363645+00:00,scheduler,3,0,699.9,10240.0,50,98.993
2026-06-08T08:55:34.364183+00:00,scheduler,0,0,999.0,10240.0,40,23.66
2026-06-08T08:55:34.364183+00:00,scheduler,1,0,675.9,10240.0,43,25.186
2026-06-08T08:55:34.364183+00:00,scheduler,2,10,8721.9,10240.0,46,115.631
2026-06-08T08:55:34.364183+00:00,scheduler,3,0,699.9,10240.0,49,98.514
2026-06-08T08:55:39.364795+00:00,scheduler,0,0,999.0,10240.0,39,23.557
2026-06-08T08:55:39.364795+00:00,scheduler,1,0,675.9,10240.0,43,24.952
2026-06-08T08:55:39.364795+00:00,scheduler,2,100,8837.9,10240.0,57,179.83
2026-06-08T08:55:39.364795+00:00,scheduler,3,0,699.9,10240.0,44,28.416
2026-06-08T08:55:44.365462+00:00,scheduler,0,0,999.0,10240.0,39,23.644
2026-06-08T08:55:44.365462+00:00,scheduler,1,0,675.9,10240.0,43,25.34
2026-06-08T08:55:44.365462+00:00,scheduler,2,100,8837.9,10240.0,66,318.527
2026-06-08T08:55:44.365462+00:00,scheduler,3,0,699.9,10240.0,42,27.941
2026-06-08T08:55:49.366047+00:00,scheduler,0,0,999.0,10240.0,38,23.622
2026-06-08T08:55:49.366047+00:00,scheduler,1,9,8697.9,10240.0,57,187.07
2026-06-08T08:55:49.366047+00:00,scheduler,2,100,8837.9,10240.0,66,301.875
2026-06-08T08:55:49.366047+00:00,scheduler,3,0,699.9,10240.0,41,27.829
2026-06-08T08:55:54.366664+00:00,scheduler,0,0,999.0,10240.0,38,23.451
2026-06-08T08:55:54.366664+00:00,scheduler,1,96,1323.9,10240.0,52,102.918
2026-06-08T08:55:54.366664+00:00,scheduler,2,100,8837.9,10240.0,67,292.175
2026-06-08T08:55:54.366664+00:00,scheduler,3,0,699.9,10240.0,40,27.927
2026-06-08T08:55:59.367174+00:00,scheduler,0,0,999.0,10240.0,37,23.449
2026-06-08T08:55:59.367174+00:00,scheduler,1,100,8813.9,10240.0,70,285.152
2026-06-08T08:55:59.367174+00:00,scheduler,2,100,8837.9,10240.0,68,284.378
2026-06-08T08:55:59.367174+00:00,scheduler,3,0,699.9,10240.0,39,27.87
2026-06-08T08:56:04.367774+00:00,scheduler,0,0,999.0,10240.0,37,23.557
2026-06-08T08:56:04.367774+00:00,scheduler,1,100,8813.9,10240.0,71,270.368
2026-06-08T08:56:04.367774+00:00,scheduler,2,100,8837.9,10240.0,68,282.691
2026-06-08T08:56:04.367774+00:00,scheduler,3,0,699.9,10240.0,38,27.853
2026-06-08T08:56:09.368355+00:00,scheduler,0,0,999.0,10240.0,37,23.449
2026-06-08T08:56:09.368355+00:00,scheduler,1,100,8813.9,10240.0,71,263.764
2026-06-08T08:56:09.368355+00:00,scheduler,2,100,8837.9,10240.0,68,280.57
2026-06-08T08:56:09.368355+00:00,scheduler,3,0,699.9,10240.0,38,27.59
2026-06-08T08:56:14.368927+00:00,scheduler,0,0,999.0,10240.0,37,23.42
2026-06-08T08:56:14.368927+00:00,scheduler,1,100,8813.9,10240.0,71,258.781
2026-06-08T08:56:14.368927+00:00,scheduler,2,100,8837.9,10240.0,69,276.521
2026-06-08T08:56:14.368927+00:00,scheduler,3,0,699.9,10240.0,38,27.534
2026-06-08T08:56:19.369590+00:00,scheduler,0,0,999.0,10240.0,36,23.41
2026-06-08T08:56:19.369590+00:00,scheduler,1,100,8813.9,10240.0,71,258.432
2026-06-08T08:56:19.369590+00:00,scheduler,2,100,8837.9,10240.0,69,275.008
2026-06-08T08:56:19.369590+00:00,scheduler,3,0,699.9,10240.0,37,27.629
2026-06-08T08:56:24.370167+00:00,scheduler,0,0,999.0,10240.0,36,23.396
2026-06-08T08:56:24.370167+00:00,scheduler,1,100,8813.9,10240.0,71,255.45
2026-06-08T08:56:24.370167+00:00,scheduler,2,9,8837.9,10240.0,55,109.122
2026-06-08T08:56:24.370167+00:00,scheduler,3,0,699.9,10240.0,37,27.561
2026-06-08T08:56:29.370831+00:00,scheduler,0,0,999.0,10240.0,36,23.301
2026-06-08T08:56:29.370831+00:00,scheduler,1,100,8813.9,10240.0,71,255.529
2026-06-08T08:56:29.370831+00:00,scheduler,2,0,699.9,10240.0,55,121.729
2026-06-08T08:56:29.370831+00:00,scheduler,3,0,699.9,10240.0,37,27.678
2026-06-08T08:56:34.371477+00:00,scheduler,0,0,999.0,10240.0,36,23.263
2026-06-08T08:56:34.371477+00:00,scheduler,1,100,8813.9,10240.0,72,255.865
2026-06-08T08:56:34.371477+00:00,scheduler,2,0,699.9,10240.0,51,95.106
2026-06-08T08:56:34.371477+00:00,scheduler,3,0,699.9,10240.0,36,27.542
2026-06-08T08:56:39.372010+00:00,scheduler,0,0,999.0,10240.0,36,23.154
2026-06-08T08:56:39.372010+00:00,scheduler,1,100,8813.9,10240.0,72,254.025
2026-06-08T08:56:39.372010+00:00,scheduler,2,0,699.9,10240.0,50,93.888
2026-06-08T08:56:39.372010+00:00,scheduler,3,0,699.9,10240.0,36,27.55
2026-06-08T08:56:44.372637+00:00,scheduler,0,0,999.0,10240.0,36,23.081
2026-06-08T08:56:44.372637+00:00,scheduler,1,9,8813.9,10240.0,60,107.688
2026-06-08T08:56:44.372637+00:00,scheduler,2,0,699.9,10240.0,49,93.38
2026-06-08T08:56:44.372637+00:00,scheduler,3,0,699.9,10240.0,36,27.522
2026-06-08T08:56:49.373264+00:00,scheduler,0,0,999.0,10240.0,35,23.307
2026-06-08T08:56:49.373264+00:00,scheduler,1,0,675.9,10240.0,59,121.169
2026-06-08T08:56:49.373264+00:00,scheduler,2,0,699.9,10240.0,44,20.442
2026-06-08T08:56:49.373264+00:00,scheduler,3,0,699.9,10240.0,36,27.442
2026-06-08T08:56:54.373897+00:00,scheduler,0,0,999.0,10240.0,35,23.175
2026-06-08T08:56:54.373897+00:00,scheduler,1,0,675.9,10240.0,58,105.897
2026-06-08T08:56:54.373897+00:00,scheduler,2,0,699.9,10240.0,42,20.036
2026-06-08T08:56:54.373897+00:00,scheduler,3,0,699.9,10240.0,36,27.408
2026-06-08T08:56:59.374687+00:00,scheduler,0,0,999.0,10240.0,35,23.219
2026-06-08T08:56:59.374687+00:00,scheduler,1,0,675.9,10240.0,57,105.188
2026-06-08T08:56:59.374687+00:00,scheduler,2,0,699.9,10240.0,41,20.108
2026-06-08T08:56:59.374687+00:00,scheduler,3,0,699.9,10240.0,35,27.528
2026-06-08T08:57:04.375305+00:00,scheduler,0,0,999.0,10240.0,35,23.254
2026-06-08T08:57:04.375305+00:00,scheduler,1,0,675.9,10240.0,56,104.747
2026-06-08T08:57:04.375305+00:00,scheduler,2,0,699.9,10240.0,40,19.679
2026-06-08T08:57:04.375305+00:00,scheduler,3,0,699.9,10240.0,35,27.452
2026-06-08T08:57:09.375951+00:00,scheduler,0,0,999.0,10240.0,35,23.316
2026-06-08T08:57:09.375951+00:00,scheduler,1,0,675.9,10240.0,48,25.624
2026-06-08T08:57:09.375951+00:00,scheduler,2,0,699.9,10240.0,40,19.811
2026-06-08T08:57:09.375951+00:00,scheduler,3,0,699.9,10240.0,35,27.475
2026-06-08T08:57:14.376670+00:00,scheduler,0,0,999.0,10240.0,35,23.294
2026-06-08T08:57:14.376670+00:00,scheduler,1,0,675.9,10240.0,47,25.07
2026-06-08T08:57:14.376670+00:00,scheduler,2,0,699.9,10240.0,39,19.596
2026-06-08T08:57:14.376670+00:00,scheduler,3,0,699.9,10240.0,35,27.373
2026-06-08T08:57:19.377548+00:00,scheduler,0,10,9021.0,10240.0,42,172.673
2026-06-08T08:57:19.377548+00:00,scheduler,1,0,675.9,10240.0,46,25.199
2026-06-08T08:57:19.377548+00:00,scheduler,2,0,699.9,10240.0,39,19.765
2026-06-08T08:57:19.377548+00:00,scheduler,3,0,699.9,10240.0,35,27.51
2026-06-08T08:57:24.378090+00:00,scheduler,0,100,9135.0,10240.0,50,140.563
2026-06-08T08:57:24.378090+00:00,scheduler,1,0,675.9,10240.0,45,25.047
2026-06-08T08:57:24.378090+00:00,scheduler,2,0,699.9,10240.0,38,19.64
2026-06-08T08:57:24.378090+00:00,scheduler,3,0,699.9,10240.0,35,27.286
2026-06-08T08:57:29.378735+00:00,scheduler,0,100,9137.0,10240.0,54,319.148
2026-06-08T08:57:29.378735+00:00,scheduler,1,0,675.9,10240.0,45,25.439
2026-06-08T08:57:29.378735+00:00,scheduler,2,0,699.9,10240.0,38,19.925
2026-06-08T08:57:29.378735+00:00,scheduler,3,0,699.9,10240.0,35,27.387
2026-06-08T08:57:34.379607+00:00,scheduler,0,100,9137.0,10240.0,56,319.471
2026-06-08T08:57:34.379607+00:00,scheduler,1,0,675.9,10240.0,44,25.294
2026-06-08T08:57:34.379607+00:00,scheduler,2,0,699.9,10240.0,37,19.734
2026-06-08T08:57:34.379607+00:00,scheduler,3,0,699.9,10240.0,35,27.28
2026-06-08T08:57:39.380240+00:00,scheduler,0,100,9137.0,10240.0,57,318.686
2026-06-08T08:57:39.380240+00:00,scheduler,1,0,675.9,10240.0,44,25.34
2026-06-08T08:57:39.380240+00:00,scheduler,2,0,699.9,10240.0,37,19.633
2026-06-08T08:57:39.380240+00:00,scheduler,3,0,699.9,10240.0,35,27.426
2026-06-08T08:57:44.380875+00:00,scheduler,0,100,9137.0,10240.0,58,319.08
2026-06-08T08:57:44.380875+00:00,scheduler,1,0,675.9,10240.0,43,25.515
2026-06-08T08:57:44.380875+00:00,scheduler,2,0,699.9,10240.0,37,19.659
2026-06-08T08:57:44.380875+00:00,scheduler,3,0,699.9,10240.0,35,27.407
2026-06-08T08:57:49.381624+00:00,scheduler,0,100,9137.0,10240.0,59,319.324
2026-06-08T08:57:49.381624+00:00,scheduler,1,0,675.9,10240.0,43,25.18
2026-06-08T08:57:49.381624+00:00,scheduler,2,0,699.9,10240.0,37,19.412
2026-06-08T08:57:49.381624+00:00,scheduler,3,0,699.9,10240.0,35,27.513
2026-06-08T08:57:54.382312+00:00,scheduler,0,100,9137.0,10240.0,60,318.047
2026-06-08T08:57:54.382312+00:00,scheduler,1,0,675.9,10240.0,42,25.112
2026-06-08T08:57:54.382312+00:00,scheduler,2,0,699.9,10240.0,36,19.541
2026-06-08T08:57:54.382312+00:00,scheduler,3,0,699.9,10240.0,35,27.336
2026-06-08T08:57:59.382991+00:00,scheduler,0,100,9137.0,10240.0,61,317.984
2026-06-08T08:57:59.382991+00:00,scheduler,1,0,675.9,10240.0,42,25.286
2026-06-08T08:57:59.382991+00:00,scheduler,2,0,699.9,10240.0,36,19.452
2026-06-08T08:57:59.382991+00:00,scheduler,3,0,699.9,10240.0,35,27.258
2026-06-08T08:58:04.383670+00:00,scheduler,0,100,9137.0,10240.0,61,318.157
2026-06-08T08:58:04.383670+00:00,scheduler,1,0,675.9,10240.0,42,25.089
2026-06-08T08:58:04.383670+00:00,scheduler,2,0,699.9,10240.0,36,19.438
2026-06-08T08:58:04.383670+00:00,scheduler,3,0,699.9,10240.0,35,27.373
2026-06-08T08:58:09.384303+00:00,scheduler,0,9,9137.0,10240.0,50,98.411
2026-06-08T08:58:09.384303+00:00,scheduler,1,0,675.9,10240.0,42,24.814
2026-06-08T08:58:09.384303+00:00,scheduler,2,0,699.9,10240.0,36,19.382
2026-06-08T08:58:09.384303+00:00,scheduler,3,0,699.9,10240.0,35,27.246
2026-06-08T08:58:14.384994+00:00,scheduler,0,0,999.0,10240.0,50,104.353
2026-06-08T08:58:14.384994+00:00,scheduler,1,0,675.9,10240.0,41,24.922
2026-06-08T08:58:14.384994+00:00,scheduler,2,0,699.9,10240.0,36,19.058
2026-06-08T08:58:14.384994+00:00,scheduler,3,33,4653.9,10240.0,40,70.62
2026-06-08T08:58:19.385664+00:00,scheduler,0,0,999.0,10240.0,49,96.864
2026-06-08T08:58:19.385664+00:00,scheduler,1,0,675.9,10240.0,41,24.747
2026-06-08T08:58:19.385664+00:00,scheduler,2,0,699.9,10240.0,36,19.232
2026-06-08T08:58:19.385664+00:00,scheduler,3,10,8721.9,10240.0,42,101.308
2026-06-08T08:58:24.386380+00:00,scheduler,0,0,999.0,10240.0,48,96.469
2026-06-08T08:58:24.386380+00:00,scheduler,1,0,675.9,10240.0,41,24.918
2026-06-08T08:58:24.386380+00:00,scheduler,2,0,699.9,10240.0,36,19.468
2026-06-08T08:58:24.386380+00:00,scheduler,3,100,8837.9,10240.0,64,319.291
2026-06-08T08:58:29.387062+00:00,scheduler,0,0,999.0,10240.0,44,71.793
2026-06-08T08:58:29.387062+00:00,scheduler,1,0,675.9,10240.0,41,24.892
2026-06-08T08:58:29.387062+00:00,scheduler,2,0,699.9,10240.0,36,19.523
2026-06-08T08:58:29.387062+00:00,scheduler,3,100,8837.9,10240.0,69,318.793
2026-06-08T08:58:34.387756+00:00,scheduler,0,0,999.0,10240.0,42,24.069
2026-06-08T08:58:34.387756+00:00,scheduler,1,0,675.9,10240.0,40,25.105
2026-06-08T08:58:34.387756+00:00,scheduler,2,0,699.9,10240.0,36,19.59
2026-06-08T08:58:34.387756+00:00,scheduler,3,100,8837.9,10240.0,70,319.02
2026-06-08T08:58:39.388471+00:00,scheduler,0,0,999.0,10240.0,42,23.851
2026-06-08T08:58:39.388471+00:00,scheduler,1,0,675.9,10240.0,40,25.021
2026-06-08T08:58:39.388471+00:00,scheduler,2,0,699.9,10240.0,35,19.638
2026-06-08T08:58:39.388471+00:00,scheduler,3,100,8837.9,10240.0,71,318.856
2026-06-08T08:58:44.389141+00:00,scheduler,0,0,999.0,10240.0,41,23.743
2026-06-08T08:58:44.389141+00:00,scheduler,1,0,675.9,10240.0,40,24.968
2026-06-08T08:58:44.389141+00:00,scheduler,2,0,699.9,10240.0,35,19.477
2026-06-08T08:58:44.389141+00:00,scheduler,3,100,8837.9,10240.0,71,319.143
2026-06-08T08:58:49.391160+00:00,scheduler,0,0,999.0,10240.0,40,23.555
2026-06-08T08:58:49.391160+00:00,scheduler,1,0,675.9,10240.0,40,25.183
2026-06-08T08:58:49.391160+00:00,scheduler,2,0,699.9,10240.0,35,19.593
2026-06-08T08:58:49.391160+00:00,scheduler,3,100,8837.9,10240.0,72,318.594
2026-06-08T08:58:54.391847+00:00,scheduler,0,0,999.0,10240.0,39,23.504
2026-06-08T08:58:54.391847+00:00,scheduler,1,0,675.9,10240.0,40,25.12
2026-06-08T08:58:54.391847+00:00,scheduler,2,0,699.9,10240.0,35,19.503
2026-06-08T08:58:54.391847+00:00,scheduler,3,100,8837.9,10240.0,73,318.945
2026-06-08T08:58:59.392543+00:00,scheduler,0,0,999.0,10240.0,39,23.532
2026-06-08T08:58:59.392543+00:00,scheduler,1,0,675.9,10240.0,40,25.217
2026-06-08T08:58:59.392543+00:00,scheduler,2,0,699.9,10240.0,35,19.665
2026-06-08T08:58:59.392543+00:00,scheduler,3,100,8837.9,10240.0,73,319.063
2026-06-08T08:59:04.393235+00:00,scheduler,0,0,999.0,10240.0,38,23.577
2026-06-08T08:59:04.393235+00:00,scheduler,1,0,675.9,10240.0,40,25.028
2026-06-08T08:59:04.393235+00:00,scheduler,2,0,699.9,10240.0,35,19.54
2026-06-08T08:59:04.393235+00:00,scheduler,3,18,8837.9,10240.0,60,196.666
2026-06-08T08:59:09.393897+00:00,scheduler,0,30,8791.0,10240.0,42,95.901
2026-06-08T08:59:09.393897+00:00,scheduler,1,0,675.9,10240.0,40,24.813
2026-06-08T08:59:09.393897+00:00,scheduler,2,0,699.9,10240.0,35,19.347
2026-06-08T08:59:09.393897+00:00,scheduler,3,9,3521.9,10240.0,53,100.017
2026-06-08T08:59:14.394506+00:00,scheduler,0,30,4203.0,10240.0,44,108.654
2026-06-08T08:59:14.394506+00:00,scheduler,1,0,675.9,10240.0,39,24.732
2026-06-08T08:59:14.394506+00:00,scheduler,2,0,699.9,10240.0,35,19.446
2026-06-08T08:59:14.394506+00:00,scheduler,3,0,699.9,10240.0,52,99.642
2026-06-08T08:59:19.395182+00:00,scheduler,0,100,9137.0,10240.0,56,318.929
2026-06-08T08:59:19.395182+00:00,scheduler,1,0,675.9,10240.0,39,24.904
2026-06-08T08:59:19.395182+00:00,scheduler,2,0,699.9,10240.0,35,19.493
2026-06-08T08:59:19.395182+00:00,scheduler,3,0,699.9,10240.0,50,98.81
2026-06-08T08:59:24.395803+00:00,scheduler,0,100,9137.0,10240.0,57,319.516
2026-06-08T08:59:24.395803+00:00,scheduler,1,0,675.9,10240.0,39,25.274
2026-06-08T08:59:24.395803+00:00,scheduler,2,0,699.9,10240.0,35,19.522
2026-06-08T08:59:24.395803+00:00,scheduler,3,0,699.9,10240.0,50,98.523
2026-06-08T08:59:29.396484+00:00,scheduler,0,100,9137.0,10240.0,58,318.673
2026-06-08T08:59:29.396484+00:00,scheduler,1,0,675.9,10240.0,39,25.022
2026-06-08T08:59:29.396484+00:00,scheduler,2,0,699.9,10240.0,35,19.415
2026-06-08T08:59:29.396484+00:00,scheduler,3,0,699.9,10240.0,44,28.102
2026-06-08T08:59:34.397147+00:00,scheduler,0,100,9137.0,10240.0,59,318.87
2026-06-08T08:59:34.397147+00:00,scheduler,1,0,675.9,10240.0,39,24.956
2026-06-08T08:59:34.397147+00:00,scheduler,2,0,699.9,10240.0,35,19.518
2026-06-08T08:59:34.397147+00:00,scheduler,3,0,699.9,10240.0,42,27.889
2026-06-08T08:59:39.397860+00:00,scheduler,0,100,9137.0,10240.0,60,319.423
2026-06-08T08:59:39.397860+00:00,scheduler,1,0,675.9,10240.0,39,24.945
2026-06-08T08:59:39.397860+00:00,scheduler,2,0,699.9,10240.0,35,19.375
2026-06-08T08:59:39.397860+00:00,scheduler,3,0,699.9,10240.0,41,27.794
2026-06-08T08:59:44.398554+00:00,scheduler,0,100,9137.0,10240.0,61,318.949
2026-06-08T08:59:44.398554+00:00,scheduler,1,0,675.9,10240.0,39,25.299
2026-06-08T08:59:44.398554+00:00,scheduler,2,0,699.9,10240.0,35,19.446
2026-06-08T08:59:44.398554+00:00,scheduler,3,0,699.9,10240.0,40,27.718
2026-06-08T08:59:49.399243+00:00,scheduler,0,100,9137.0,10240.0,62,319.163
2026-06-08T08:59:49.399243+00:00,scheduler,1,0,675.9,10240.0,39,25.111
2026-06-08T08:59:49.399243+00:00,scheduler,2,0,699.9,10240.0,35,19.413
2026-06-08T08:59:49.399243+00:00,scheduler,3,0,699.9,10240.0,39,27.75
2026-06-08T08:59:54.399930+00:00,scheduler,0,100,9137.0,10240.0,62,318.694
2026-06-08T08:59:54.399930+00:00,scheduler,1,0,675.9,10240.0,39,24.936
2026-06-08T08:59:54.399930+00:00,scheduler,2,0,699.9,10240.0,35,19.34
2026-06-08T08:59:54.399930+00:00,scheduler,3,30,8721.9,10240.0,48,168.5
2026-06-08T08:59:59.400525+00:00,scheduler,0,9,9137.0,10240.0,52,102.507
2026-06-08T08:59:59.400525+00:00,scheduler,1,0,675.9,10240.0,39,24.8
2026-06-08T08:59:59.400525+00:00,scheduler,2,42,7669.9,10240.0,41,104.274
2026-06-08T08:59:59.400525+00:00,scheduler,3,31,5937.9,10240.0,48,121.258
2026-06-08T09:00:04.401252+00:00,scheduler,0,0,999.0,10240.0,52,116.969
2026-06-08T09:00:04.401252+00:00,scheduler,1,0,675.9,10240.0,39,25.144
2026-06-08T09:00:04.401252+00:00,scheduler,2,99,1599.9,10240.0,41,92.38
2026-06-08T09:00:04.401252+00:00,scheduler,3,100,8837.9,10240.0,69,318.196
2026-06-08T09:00:09.401980+00:00,scheduler,0,0,999.0,10240.0,50,97.088
2026-06-08T09:00:09.401980+00:00,scheduler,1,0,675.9,10240.0,39,25.0
2026-06-08T09:00:09.401980+00:00,scheduler,2,100,8837.9,10240.0,62,319.271
2026-06-08T09:00:09.401980+00:00,scheduler,3,100,8837.9,10240.0,71,319.019
2026-06-08T09:00:14.402688+00:00,scheduler,0,0,999.0,10240.0,49,96.601
2026-06-08T09:00:14.402688+00:00,scheduler,1,0,675.9,10240.0,39,24.908
2026-06-08T09:00:14.402688+00:00,scheduler,2,100,8837.9,10240.0,65,318.965
2026-06-08T09:00:14.402688+00:00,scheduler,3,100,8837.9,10240.0,72,318.638
2026-06-08T09:00:19.403457+00:00,scheduler,0,0,999.0,10240.0,48,96.277
2026-06-08T09:00:19.403457+00:00,scheduler,1,0,675.9,10240.0,39,25.01
2026-06-08T09:00:19.403457+00:00,scheduler,2,100,8837.9,10240.0,65,305.21
2026-06-08T09:00:19.403457+00:00,scheduler,3,100,8837.9,10240.0,72,318.475
2026-06-08T09:00:24.404283+00:00,scheduler,0,0,999.0,10240.0,43,24.22
2026-06-08T09:00:24.404283+00:00,scheduler,1,0,675.9,10240.0,39,25.007
2026-06-08T09:00:24.404283+00:00,scheduler,2,100,8837.9,10240.0,66,292.85
2026-06-08T09:00:24.404283+00:00,scheduler,3,100,8837.9,10240.0,73,318.707
2026-06-08T09:00:29.405119+00:00,scheduler,0,0,999.0,10240.0,42,24.014
2026-06-08T09:00:29.405119+00:00,scheduler,1,0,675.9,10240.0,39,24.971
2026-06-08T09:00:29.405119+00:00,scheduler,2,100,8837.9,10240.0,67,291.308
2026-06-08T09:00:29.405119+00:00,scheduler,3,100,8837.9,10240.0,73,318.542
2026-06-08T09:00:34.405759+00:00,scheduler,0,0,999.0,10240.0,41,23.82
2026-06-08T09:00:34.405759+00:00,scheduler,1,0,675.9,10240.0,39,24.998
2026-06-08T09:00:34.405759+00:00,scheduler,2,100,8837.9,10240.0,67,285.449
2026-06-08T09:00:34.405759+00:00,scheduler,3,100,8837.9,10240.0,74,318.614
2026-06-08T09:00:39.406397+00:00,scheduler,0,0,999.0,10240.0,40,23.723
2026-06-08T09:00:39.406397+00:00,scheduler,1,0,675.9,10240.0,39,24.976
2026-06-08T09:00:39.406397+00:00,scheduler,2,100,8837.9,10240.0,68,281.166
2026-06-08T09:00:39.406397+00:00,scheduler,3,100,8837.9,10240.0,74,318.765
2026-06-08T09:00:44.407229+00:00,scheduler,0,0,999.0,10240.0,40,23.646
2026-06-08T09:00:44.407229+00:00,scheduler,1,0,675.9,10240.0,39,24.935
2026-06-08T09:00:44.407229+00:00,scheduler,2,100,8837.9,10240.0,68,276.086
2026-06-08T09:00:44.407229+00:00,scheduler,3,9,8837.9,10240.0,55,100.716
2026-06-08T09:00:49.407892+00:00,scheduler,0,0,999.0,10240.0,39,23.704
2026-06-08T09:00:49.407892+00:00,scheduler,1,0,675.9,10240.0,39,24.698
2026-06-08T09:00:49.407892+00:00,scheduler,2,9,8837.9,10240.0,59,147.98
2026-06-08T09:00:49.407892+00:00,scheduler,3,0,699.9,10240.0,55,124.886
2026-06-08T09:00:54.408600+00:00,scheduler,0,46,8445.0,10240.0,44,109.493
2026-06-08T09:00:54.408600+00:00,scheduler,1,0,675.9,10240.0,39,24.803
2026-06-08T09:00:54.408600+00:00,scheduler,2,10,8837.9,10240.0,52,97.148
2026-06-08T09:00:54.408600+00:00,scheduler,3,0,699.9,10240.0,51,99.421
2026-06-08T09:00:59.409275+00:00,scheduler,0,43,5607.0,10240.0,45,107.182
2026-06-08T09:00:59.409275+00:00,scheduler,1,0,675.9,10240.0,39,24.675
2026-06-08T09:00:59.409275+00:00,scheduler,2,0,699.9,10240.0,52,102.624
2026-06-08T09:00:59.409275+00:00,scheduler,3,0,699.9,10240.0,50,98.656
2026-06-08T09:01:04.409912+00:00,scheduler,0,100,9137.0,10240.0,56,318.436
2026-06-08T09:01:04.409912+00:00,scheduler,1,0,675.9,10240.0,39,24.748
2026-06-08T09:01:04.409912+00:00,scheduler,2,0,699.9,10240.0,50,94.097
2026-06-08T09:01:04.409912+00:00,scheduler,3,0,699.9,10240.0,50,98.317
2026-06-08T09:01:09.410489+00:00,scheduler,0,100,9137.0,10240.0,58,318.641
2026-06-08T09:01:09.410489+00:00,scheduler,1,0,675.9,10240.0,39,24.671
2026-06-08T09:01:09.410489+00:00,scheduler,2,0,699.9,10240.0,49,93.639
2026-06-08T09:01:09.410489+00:00,scheduler,3,0,699.9,10240.0,43,28.028
2026-06-08T09:01:14.411188+00:00,scheduler,0,100,9137.0,10240.0,59,318.593
2026-06-08T09:01:14.411188+00:00,scheduler,1,0,675.9,10240.0,39,24.865
2026-06-08T09:01:14.411188+00:00,scheduler,2,0,699.9,10240.0,45,40.763
2026-06-08T09:01:14.411188+00:00,scheduler,3,0,699.9,10240.0,42,27.97
2026-06-08T09:01:19.411775+00:00,scheduler,0,100,9137.0,10240.0,60,318.591
2026-06-08T09:01:19.411775+00:00,scheduler,1,0,675.9,10240.0,39,24.81
2026-06-08T09:01:19.411775+00:00,scheduler,2,0,699.9,10240.0,43,20.546
2026-06-08T09:01:19.411775+00:00,scheduler,3,0,699.9,10240.0,41,27.728
2026-06-08T09:01:24.412418+00:00,scheduler,0,100,9137.0,10240.0,61,319.295
2026-06-08T09:01:24.412418+00:00,scheduler,1,0,675.9,10240.0,39,24.742
2026-06-08T09:01:24.412418+00:00,scheduler,2,0,699.9,10240.0,41,20.471
2026-06-08T09:01:24.412418+00:00,scheduler,3,0,699.9,10240.0,40,27.683
2026-06-08T09:01:29.413004+00:00,scheduler,0,100,9137.0,10240.0,61,318.55
2026-06-08T09:01:29.413004+00:00,scheduler,1,0,675.9,10240.0,39,24.863
2026-06-08T09:01:29.413004+00:00,scheduler,2,0,699.9,10240.0,41,20.35
2026-06-08T09:01:29.413004+00:00,scheduler,3,0,699.9,10240.0,39,27.57
2026-06-08T09:01:34.413570+00:00,scheduler,0,100,9137.0,10240.0,62,318.394
2026-06-08T09:01:34.413570+00:00,scheduler,1,0,675.9,10240.0,39,24.8
2026-06-08T09:01:34.413570+00:00,scheduler,2,0,699.9,10240.0,40,20.123
2026-06-08T09:01:34.413570+00:00,scheduler,3,39,8721.9,10240.0,48,133.74
2026-06-08T09:01:39.414148+00:00,scheduler,0,100,9137.0,10240.0,62,318.61
2026-06-08T09:01:39.414148+00:00,scheduler,1,0,675.9,10240.0,38,24.82
2026-06-08T09:01:39.414148+00:00,scheduler,2,46,8193.9,10240.0,46,107.596
2026-06-08T09:01:39.414148+00:00,scheduler,3,35,7575.9,10240.0,48,122.407
2026-06-08T09:01:44.414757+00:00,scheduler,0,10,9137.0,10240.0,52,98.394
2026-06-08T09:01:44.414757+00:00,scheduler,1,0,675.9,10240.0,39,24.956
2026-06-08T09:01:44.414757+00:00,scheduler,2,60,2571.9,10240.0,47,96.732
2026-06-08T09:01:44.414757+00:00,scheduler,3,100,8837.9,10240.0,69,318.578
2026-06-08T09:01:49.415375+00:00,scheduler,0,0,999.0,10240.0,50,105.446
2026-06-08T09:01:49.415375+00:00,scheduler,1,0,675.9,10240.0,38,24.886
2026-06-08T09:01:49.415375+00:00,scheduler,2,100,8837.9,10240.0,66,319.623
2026-06-08T09:01:49.415375+00:00,scheduler,3,100,8837.9,10240.0,71,319.155
2026-06-08T09:01:54.415929+00:00,scheduler,0,0,999.0,10240.0,49,96.737
2026-06-08T09:01:54.415929+00:00,scheduler,1,0,675.9,10240.0,39,24.77
2026-06-08T09:01:54.415929+00:00,scheduler,2,100,8837.9,10240.0,67,304.005
2026-06-08T09:01:54.415929+00:00,scheduler,3,100,8837.9,10240.0,72,318.715
2026-06-08T09:01:59.416608+00:00,scheduler,0,0,999.0,10240.0,48,96.259
2026-06-08T09:01:59.416608+00:00,scheduler,1,0,675.9,10240.0,39,24.806
2026-06-08T09:01:59.416608+00:00,scheduler,2,100,8837.9,10240.0,67,288.994
2026-06-08T09:01:59.416608+00:00,scheduler,3,100,8837.9,10240.0,72,318.576
2026-06-08T09:02:04.417279+00:00,scheduler,0,0,999.0,10240.0,45,70.84
2026-06-08T09:02:04.417279+00:00,scheduler,1,0,675.9,10240.0,38,24.983
2026-06-08T09:02:04.417279+00:00,scheduler,2,100,8837.9,10240.0,68,285.564
2026-06-08T09:02:04.417279+00:00,scheduler,3,100,8837.9,10240.0,73,318.744
2026-06-08T09:02:09.417955+00:00,scheduler,0,0,999.0,10240.0,43,23.93
2026-06-08T09:02:09.417955+00:00,scheduler,1,0,675.9,10240.0,39,24.683
2026-06-08T09:02:09.417955+00:00,scheduler,2,100,8837.9,10240.0,68,283.054
2026-06-08T09:02:09.417955+00:00,scheduler,3,100,8837.9,10240.0,73,318.766
2026-06-08T09:02:14.418619+00:00,scheduler,0,0,999.0,10240.0,42,23.802
2026-06-08T09:02:14.418619+00:00,scheduler,1,0,675.9,10240.0,39,24.841
2026-06-08T09:02:14.418619+00:00,scheduler,2,100,8837.9,10240.0,68,280.466
2026-06-08T09:02:14.418619+00:00,scheduler,3,100,8837.9,10240.0,74,318.879
2026-06-08T09:02:19.419240+00:00,scheduler,0,0,999.0,10240.0,41,23.687
2026-06-08T09:02:19.419240+00:00,scheduler,1,0,675.9,10240.0,39,24.906
2026-06-08T09:02:19.419240+00:00,scheduler,2,100,8837.9,10240.0,69,279.294
2026-06-08T09:02:19.419240+00:00,scheduler,3,100,8837.9,10240.0,74,319.416
2026-06-08T09:02:24.419853+00:00,scheduler,0,0,999.0,10240.0,40,23.474
2026-06-08T09:02:24.419853+00:00,scheduler,1,0,675.9,10240.0,39,24.742
2026-06-08T09:02:24.419853+00:00,scheduler,2,100,8837.9,10240.0,69,276.49
2026-06-08T09:02:24.419853+00:00,scheduler,3,9,8837.9,10240.0,54,100.663
2026-06-08T09:02:29.420464+00:00,scheduler,0,0,999.0,10240.0,39,23.643
2026-06-08T09:02:29.420464+00:00,scheduler,1,0,675.9,10240.0,39,24.752
2026-06-08T09:02:29.420464+00:00,scheduler,2,11,8837.9,10240.0,60,150.107
2026-06-08T09:02:29.420464+00:00,scheduler,3,0,699.9,10240.0,55,125.677
2026-06-08T09:02:34.421088+00:00,scheduler,0,0,999.0,10240.0,39,23.356
2026-06-08T09:02:34.421088+00:00,scheduler,1,0,675.9,10240.0,39,24.542
2026-06-08T09:02:34.421088+00:00,scheduler,2,9,3845.9,10240.0,53,97.394
2026-06-08T09:02:34.421088+00:00,scheduler,3,0,699.9,10240.0,51,99.231
2026-06-08T09:02:39.421756+00:00,scheduler,0,0,999.0,10240.0,38,23.316
2026-06-08T09:02:39.421756+00:00,scheduler,1,0,675.9,10240.0,39,24.694
2026-06-08T09:02:39.421756+00:00,scheduler,2,0,699.9,10240.0,52,95.94
2026-06-08T09:02:39.421756+00:00,scheduler,3,0,699.9,10240.0,50,98.956
2026-06-08T09:02:44.422550+00:00,scheduler,0,0,999.0,10240.0,38,23.382
2026-06-08T09:02:44.422550+00:00,scheduler,1,0,675.9,10240.0,39,24.545
2026-06-08T09:02:44.422550+00:00,scheduler,2,0,699.9,10240.0,51,94.235
2026-06-08T09:02:44.422550+00:00,scheduler,3,0,699.9,10240.0,49,98.654
2026-06-08T09:02:49.423292+00:00,scheduler,0,0,999.0,10240.0,38,23.286
2026-06-08T09:02:49.423292+00:00,scheduler,1,17,8697.9,10240.0,52,185.501
2026-06-08T09:02:49.423292+00:00,scheduler,2,0,699.9,10240.0,50,94.004
2026-06-08T09:02:49.423292+00:00,scheduler,3,0,699.9,10240.0,43,28.102
2026-06-08T09:02:54.423972+00:00,scheduler,0,0,999.0,10240.0,37,23.301
2026-06-08T09:02:54.423972+00:00,scheduler,1,31,8019.9,10240.0,52,126.151
2026-06-08T09:02:54.423972+00:00,scheduler,2,0,699.9,10240.0,44,21.114
2026-06-08T09:02:54.423972+00:00,scheduler,3,0,699.9,10240.0,42,28.001
2026-06-08T09:02:59.424721+00:00,scheduler,0,0,999.0,10240.0,37,23.324
2026-06-08T09:02:59.424721+00:00,scheduler,1,100,8813.9,10240.0,68,280.0
2026-06-08T09:02:59.424721+00:00,scheduler,2,0,699.9,10240.0,43,20.578
2026-06-08T09:02:59.424721+00:00,scheduler,3,0,699.9,10240.0,41,27.913
2026-06-08T09:03:04.425377+00:00,scheduler,0,0,999.0,10240.0,37,23.284
2026-06-08T09:03:04.425377+00:00,scheduler,1,100,8813.9,10240.0,68,272.135
2026-06-08T09:03:04.425377+00:00,scheduler,2,0,699.9,10240.0,41,20.525
2026-06-08T09:03:04.425377+00:00,scheduler,3,0,699.9,10240.0,40,27.755
2026-06-08T09:03:09.426065+00:00,scheduler,0,0,999.0,10240.0,36,23.293
2026-06-08T09:03:09.426065+00:00,scheduler,1,100,8813.9,10240.0,69,269.047
2026-06-08T09:03:09.426065+00:00,scheduler,2,0,699.9,10240.0,41,20.253
2026-06-08T09:03:09.426065+00:00,scheduler,3,0,699.9,10240.0,39,27.785
2026-06-08T09:03:14.426713+00:00,scheduler,0,0,999.0,10240.0,36,23.233
2026-06-08T09:03:14.426713+00:00,scheduler,1,100,8813.9,10240.0,70,268.113
2026-06-08T09:03:14.426713+00:00,scheduler,2,0,699.9,10240.0,40,20.238
2026-06-08T09:03:14.426713+00:00,scheduler,3,0,699.9,10240.0,38,27.656
2026-06-08T09:03:19.427282+00:00,scheduler,0,0,999.0,10240.0,36,23.115
2026-06-08T09:03:19.427282+00:00,scheduler,1,100,8813.9,10240.0,70,268.155
2026-06-08T09:03:19.427282+00:00,scheduler,2,0,699.9,10240.0,39,20.0
2026-06-08T09:03:19.427282+00:00,scheduler,3,0,699.9,10240.0,38,27.651
2026-06-08T09:03:24.427966+00:00,scheduler,0,0,999.0,10240.0,36,23.283
2026-06-08T09:03:24.427966+00:00,scheduler,1,100,8813.9,10240.0,71,264.452
2026-06-08T09:03:24.427966+00:00,scheduler,2,0,699.9,10240.0,39,19.824
2026-06-08T09:03:24.427966+00:00,scheduler,3,0,699.9,10240.0,38,27.514
2026-06-08T09:03:29.428668+00:00,scheduler,0,0,999.0,10240.0,36,23.121
2026-06-08T09:03:29.428668+00:00,scheduler,1,100,8813.9,10240.0,71,261.519
2026-06-08T09:03:29.428668+00:00,scheduler,2,46,2557.9,10240.0,41,29.678
2026-06-08T09:03:29.428668+00:00,scheduler,3,0,699.9,10240.0,37,27.578
2026-06-08T09:03:34.429259+00:00,scheduler,0,0,999.0,10240.0,36,23.181
2026-06-08T09:03:34.429259+00:00,scheduler,1,100,8813.9,10240.0,71,258.546
2026-06-08T09:03:34.429259+00:00,scheduler,2,9,8721.9,10240.0,45,92.82
2026-06-08T09:03:34.429259+00:00,scheduler,3,0,699.9,10240.0,37,27.478
2026-06-08T09:03:39.430017+00:00,scheduler,0,0,999.0,10240.0,36,23.555
2026-06-08T09:03:39.430017+00:00,scheduler,1,10,8813.9,10240.0,63,138.459
2026-06-08T09:03:39.430017+00:00,scheduler,2,100,8837.9,10240.0,64,319.343
2026-06-08T09:03:39.430017+00:00,scheduler,3,0,699.9,10240.0,37,27.501
2026-06-08T09:03:44.430603+00:00,scheduler,0,0,999.0,10240.0,35,23.149
2026-06-08T09:03:44.430603+00:00,scheduler,1,80,1133.9,10240.0,63,117.497
2026-06-08T09:03:44.430603+00:00,scheduler,2,100,8837.9,10240.0,66,310.045
2026-06-08T09:03:44.430603+00:00,scheduler,3,0,699.9,10240.0,36,27.494
2026-06-08T09:03:49.431642+00:00,scheduler,0,0,999.0,10240.0,35,23.259
2026-06-08T09:03:49.431642+00:00,scheduler,1,0,675.9,10240.0,57,105.509
2026-06-08T09:03:49.431642+00:00,scheduler,2,100,8837.9,10240.0,67,296.543
2026-06-08T09:03:49.431642+00:00,scheduler,3,0,699.9,10240.0,36,27.678
2026-06-08T09:03:54.432459+00:00,scheduler,0,0,999.0,10240.0,35,23.134
2026-06-08T09:03:54.432459+00:00,scheduler,1,0,675.9,10240.0,57,104.949
2026-06-08T09:03:54.432459+00:00,scheduler,2,100,8837.9,10240.0,67,291.312
2026-06-08T09:03:54.432459+00:00,scheduler,3,0,699.9,10240.0,36,27.442
2026-06-08T09:03:59.433128+00:00,scheduler,0,0,999.0,10240.0,35,23.121
2026-06-08T09:03:59.433128+00:00,scheduler,1,0,675.9,10240.0,56,104.325
2026-06-08T09:03:59.433128+00:00,scheduler,2,100,8837.9,10240.0,68,286.543
2026-06-08T09:03:59.433128+00:00,scheduler,3,0,699.9,10240.0,36,27.421
2026-06-08T09:04:04.433931+00:00,scheduler,0,0,999.0,10240.0,35,23.339
2026-06-08T09:04:04.433931+00:00,scheduler,1,0,675.9,10240.0,50,26.352
2026-06-08T09:04:04.433931+00:00,scheduler,2,100,8837.9,10240.0,68,282.622
2026-06-08T09:04:04.433931+00:00,scheduler,3,0,699.9,10240.0,36,27.528
2026-06-08T09:04:09.434552+00:00,scheduler,0,0,999.0,10240.0,35,23.12
2026-06-08T09:04:09.434552+00:00,scheduler,1,0,675.9,10240.0,47,25.478
2026-06-08T09:04:09.434552+00:00,scheduler,2,100,8837.9,10240.0,69,279.977
2026-06-08T09:04:09.434552+00:00,scheduler,3,0,699.9,10240.0,36,27.341
2026-06-08T09:04:14.435298+00:00,scheduler,0,0,999.0,10240.0,35,23.181
2026-06-08T09:04:14.435298+00:00,scheduler,1,0,675.9,10240.0,46,25.602
2026-06-08T09:04:14.435298+00:00,scheduler,2,100,8837.9,10240.0,69,276.984
2026-06-08T09:04:14.435298+00:00,scheduler,3,0,699.9,10240.0,35,27.449
2026-06-08T09:04:19.436010+00:00,scheduler,0,0,999.0,10240.0,35,23.146
2026-06-08T09:04:19.436010+00:00,scheduler,1,0,675.9,10240.0,45,25.37
2026-06-08T09:04:19.436010+00:00,scheduler,2,91,8837.9,10240.0,68,275.722
2026-06-08T09:04:19.436010+00:00,scheduler,3,0,699.9,10240.0,35,27.479
2026-06-08T09:04:24.436878+00:00,scheduler,0,0,999.0,10240.0,35,23.214
2026-06-08T09:04:24.436878+00:00,scheduler,1,0,675.9,10240.0,45,24.96
2026-06-08T09:04:24.436878+00:00,scheduler,2,10,8837.9,10240.0,53,97.902
2026-06-08T09:04:24.436878+00:00,scheduler,3,0,699.9,10240.0,35,27.396
2026-06-08T09:04:29.437623+00:00,scheduler,0,0,999.0,10240.0,35,23.088
2026-06-08T09:04:29.437623+00:00,scheduler,1,36,8697.9,10240.0,57,183.714
2026-06-08T09:04:29.437623+00:00,scheduler,2,0,699.9,10240.0,52,101.41
2026-06-08T09:04:29.437623+00:00,scheduler,3,0,699.9,10240.0,35,27.512
2026-06-08T09:04:34.438233+00:00,scheduler,0,0,999.0,10240.0,35,23.116
2026-06-08T09:04:34.438233+00:00,scheduler,1,31,7785.9,10240.0,56,129.748
2026-06-08T09:04:34.438233+00:00,scheduler,2,0,699.9,10240.0,51,94.335
2026-06-08T09:04:34.438233+00:00,scheduler,3,0,699.9,10240.0,35,27.328
2026-06-08T09:04:39.438893+00:00,scheduler,0,0,999.0,10240.0,35,23.247
2026-06-08T09:04:39.438893+00:00,scheduler,1,100,8813.9,10240.0,71,272.648
2026-06-08T09:04:39.438893+00:00,scheduler,2,0,699.9,10240.0,50,94.168
2026-06-08T09:04:39.438893+00:00,scheduler,3,0,699.9,10240.0,35,27.504
2026-06-08T09:04:44.439606+00:00,scheduler,0,0,999.0,10240.0,35,23.158
2026-06-08T09:04:44.439606+00:00,scheduler,1,100,8813.9,10240.0,71,263.869
2026-06-08T09:04:44.439606+00:00,scheduler,2,0,699.9,10240.0,45,40.864
2026-06-08T09:04:44.439606+00:00,scheduler,3,0,699.9,10240.0,35,27.402
2026-06-08T09:04:49.440248+00:00,scheduler,0,0,999.0,10240.0,35,23.06
2026-06-08T09:04:49.440248+00:00,scheduler,1,100,8813.9,10240.0,71,257.632
2026-06-08T09:04:49.440248+00:00,scheduler,2,0,699.9,10240.0,43,20.422
2026-06-08T09:04:49.440248+00:00,scheduler,3,0,699.9,10240.0,35,27.407
2026-06-08T09:04:54.440907+00:00,scheduler,0,0,999.0,10240.0,34,23.152
2026-06-08T09:04:54.440907+00:00,scheduler,1,100,8813.9,10240.0,71,258.41
2026-06-08T09:04:54.440907+00:00,scheduler,2,0,699.9,10240.0,42,20.596
2026-06-08T09:04:54.440907+00:00,scheduler,3,0,699.9,10240.0,35,27.288
2026-06-08T09:04:59.441611+00:00,scheduler,0,0,999.0,10240.0,34,23.028
2026-06-08T09:04:59.441611+00:00,scheduler,1,100,8813.9,10240.0,71,254.846
2026-06-08T09:04:59.441611+00:00,scheduler,2,0,699.9,10240.0,41,20.034
2026-06-08T09:04:59.441611+00:00,scheduler,3,0,699.9,10240.0,35,27.268
2026-06-08T09:05:04.442255+00:00,scheduler,0,0,999.0,10240.0,34,23.089
2026-06-08T09:05:04.442255+00:00,scheduler,1,100,8813.9,10240.0,72,255.265
2026-06-08T09:05:04.442255+00:00,scheduler,2,0,699.9,10240.0,40,20.259
2026-06-08T09:05:04.442255+00:00,scheduler,3,0,699.9,10240.0,35,27.265
2026-06-08T09:05:09.442894+00:00,scheduler,0,0,999.0,10240.0,34,23.06
2026-06-08T09:05:09.442894+00:00,scheduler,1,100,8813.9,10240.0,72,253.417
2026-06-08T09:05:09.442894+00:00,scheduler,2,0,699.9,10240.0,39,20.047
2026-06-08T09:05:09.442894+00:00,scheduler,3,0,699.9,10240.0,35,27.301
2026-06-08T09:05:14.443570+00:00,scheduler,0,0,999.0,10240.0,34,23.165
2026-06-08T09:05:14.443570+00:00,scheduler,1,100,8813.9,10240.0,72,253.207
2026-06-08T09:05:14.443570+00:00,scheduler,2,0,699.9,10240.0,39,19.795
2026-06-08T09:05:14.443570+00:00,scheduler,3,0,699.9,10240.0,34,27.15
2026-06-08T09:05:19.444184+00:00,scheduler,0,0,999.0,10240.0,34,23.038
2026-06-08T09:05:19.444184+00:00,scheduler,1,20,8813.9,10240.0,67,218.93
2026-06-08T09:05:19.444184+00:00,scheduler,2,0,699.9,10240.0,38,19.69
2026-06-08T09:05:19.444184+00:00,scheduler,3,0,699.9,10240.0,34,27.094
2026-06-08T09:05:24.444911+00:00,scheduler,0,0,999.0,10240.0,34,22.948
2026-06-08T09:05:24.444911+00:00,scheduler,1,9,8813.9,10240.0,59,106.888
2026-06-08T09:05:24.444911+00:00,scheduler,2,0,699.9,10240.0,38,19.693
2026-06-08T09:05:24.444911+00:00,scheduler,3,0,699.9,10240.0,34,27.239
2026-06-08T09:05:29.445662+00:00,scheduler,0,0,999.0,10240.0,34,23.039
2026-06-08T09:05:29.445662+00:00,scheduler,1,0,675.9,10240.0,58,111.566
2026-06-08T09:05:29.445662+00:00,scheduler,2,0,699.9,10240.0,38,19.494
2026-06-08T09:05:29.445662+00:00,scheduler,3,0,699.9,10240.0,34,27.208
2026-06-08T09:05:34.446339+00:00,scheduler,0,0,999.0,10240.0,34,22.979
2026-06-08T09:05:34.446339+00:00,scheduler,1,0,675.9,10240.0,57,104.619
2026-06-08T09:05:34.446339+00:00,scheduler,2,0,699.9,10240.0,37,19.365
2026-06-08T09:05:34.446339+00:00,scheduler,3,0,699.9,10240.0,34,27.14
2026-06-08T09:05:39.447041+00:00,scheduler,0,0,999.0,10240.0,34,22.962
2026-06-08T09:05:39.447041+00:00,scheduler,1,0,675.9,10240.0,57,104.235
2026-06-08T09:05:39.447041+00:00,scheduler,2,0,699.9,10240.0,37,19.415
2026-06-08T09:05:39.447041+00:00,scheduler,3,0,699.9,10240.0,34,27.093
2026-06-08T09:05:44.449933+00:00,scheduler,0,0,999.0,10240.0,34,22.926
2026-06-08T09:05:44.449933+00:00,scheduler,1,0,675.9,10240.0,51,54.451
2026-06-08T09:05:44.449933+00:00,scheduler,2,0,699.9,10240.0,37,19.406
2026-06-08T09:05:44.449933+00:00,scheduler,3,0,699.9,10240.0,34,27.206
2026-06-08T09:05:49.450796+00:00,scheduler,0,0,999.0,10240.0,34,22.926
2026-06-08T09:05:49.450796+00:00,scheduler,1,0,675.9,10240.0,48,25.41
2026-06-08T09:05:49.450796+00:00,scheduler,2,0,699.9,10240.0,37,19.527
2026-06-08T09:05:49.450796+00:00,scheduler,3,0,699.9,10240.0,34,27.247
2026-06-08T09:05:54.451493+00:00,scheduler,0,0,999.0,10240.0,34,22.826
2026-06-08T09:05:54.451493+00:00,scheduler,1,0,675.9,10240.0,47,25.198
2026-06-08T09:05:54.451493+00:00,scheduler,2,0,699.9,10240.0,36,19.549
2026-06-08T09:05:54.451493+00:00,scheduler,3,0,699.9,10240.0,34,27.288
2026-06-08T09:05:59.452180+00:00,scheduler,0,0,999.0,10240.0,34,22.916
2026-06-08T09:05:59.452180+00:00,scheduler,1,0,675.9,10240.0,46,25.197
2026-06-08T09:05:59.452180+00:00,scheduler,2,0,699.9,10240.0,36,19.517
2026-06-08T09:05:59.452180+00:00,scheduler,3,0,699.9,10240.0,34,27.142
2026-06-08T09:06:04.452925+00:00,scheduler,0,0,999.0,10240.0,34,23.066
2026-06-08T09:06:04.452925+00:00,scheduler,1,0,675.9,10240.0,45,24.963
2026-06-08T09:06:04.452925+00:00,scheduler,2,0,699.9,10240.0,36,19.311
2026-06-08T09:06:04.452925+00:00,scheduler,3,0,699.9,10240.0,34,27.06
2026-06-08T09:06:09.453653+00:00,scheduler,0,100,9021.0,10240.0,45,122.564
2026-06-08T09:06:09.453653+00:00,scheduler,1,0,675.9,10240.0,44,24.871
2026-06-08T09:06:09.453653+00:00,scheduler,2,0,699.9,10240.0,36,19.351
2026-06-08T09:06:09.453653+00:00,scheduler,3,0,699.9,10240.0,34,27.183
2026-06-08T09:06:14.454320+00:00,scheduler,0,46,8181.0,10240.0,41,111.794
2026-06-08T09:06:14.454320+00:00,scheduler,1,0,675.9,10240.0,44,25.075
2026-06-08T09:06:14.454320+00:00,scheduler,2,0,699.9,10240.0,36,19.553
2026-06-08T09:06:14.454320+00:00,scheduler,3,0,699.9,10240.0,34,27.124
2026-06-08T09:06:19.455035+00:00,scheduler,0,100,9137.0,10240.0,54,318.841
2026-06-08T09:06:19.455035+00:00,scheduler,1,0,675.9,10240.0,43,24.985
2026-06-08T09:06:19.455035+00:00,scheduler,2,0,699.9,10240.0,36,19.66
2026-06-08T09:06:19.455035+00:00,scheduler,3,0,699.9,10240.0,34,27.154
2026-06-08T09:06:24.455683+00:00,scheduler,0,100,9137.0,10240.0,55,319.115
2026-06-08T09:06:24.455683+00:00,scheduler,1,0,675.9,10240.0,43,25.153
2026-06-08T09:06:24.455683+00:00,scheduler,2,0,699.9,10240.0,36,19.744
2026-06-08T09:06:24.455683+00:00,scheduler,3,0,699.9,10240.0,34,27.257
2026-06-08T09:06:29.456415+00:00,scheduler,0,100,9137.0,10240.0,56,318.208
2026-06-08T09:06:29.456415+00:00,scheduler,1,0,675.9,10240.0,43,25.125
2026-06-08T09:06:29.456415+00:00,scheduler,2,0,699.9,10240.0,35,19.649
2026-06-08T09:06:29.456415+00:00,scheduler,3,0,699.9,10240.0,34,27.096
2026-06-08T09:06:34.457072+00:00,scheduler,0,100,9137.0,10240.0,58,319.248
2026-06-08T09:06:34.457072+00:00,scheduler,1,0,675.9,10240.0,42,25.092
2026-06-08T09:06:34.457072+00:00,scheduler,2,0,699.9,10240.0,35,19.626
2026-06-08T09:06:34.457072+00:00,scheduler,3,0,699.9,10240.0,34,27.222
2026-06-08T09:06:39.457798+00:00,scheduler,0,100,9137.0,10240.0,59,318.863
2026-06-08T09:06:39.457798+00:00,scheduler,1,10,8697.9,10240.0,53,119.762
2026-06-08T09:06:39.457798+00:00,scheduler,2,0,699.9,10240.0,35,19.399
2026-06-08T09:06:39.457798+00:00,scheduler,3,0,699.9,10240.0,34,27.184
2026-06-08T09:06:44.458493+00:00,scheduler,0,100,9137.0,10240.0,60,318.931
2026-06-08T09:06:44.458493+00:00,scheduler,1,100,8813.9,10240.0,70,300.279
2026-06-08T09:06:44.458493+00:00,scheduler,2,0,699.9,10240.0,35,19.496
2026-06-08T09:06:44.458493+00:00,scheduler,3,0,699.9,10240.0,34,27.285
2026-06-08T09:06:49.459158+00:00,scheduler,0,100,9137.0,10240.0,60,319.125
2026-06-08T09:06:49.459158+00:00,scheduler,1,100,8813.9,10240.0,70,265.755
2026-06-08T09:06:49.459158+00:00,scheduler,2,0,699.9,10240.0,35,19.594
2026-06-08T09:06:49.459158+00:00,scheduler,3,0,699.9,10240.0,34,27.322
2026-06-08T09:06:54.459714+00:00,scheduler,0,100,9137.0,10240.0,61,319.354
2026-06-08T09:06:54.459714+00:00,scheduler,1,100,8813.9,10240.0,70,264.526
2026-06-08T09:06:54.459714+00:00,scheduler,2,0,699.9,10240.0,35,19.393
2026-06-08T09:06:54.459714+00:00,scheduler,3,0,699.9,10240.0,34,27.289
2026-06-08T09:06:59.460393+00:00,scheduler,0,9,9137.0,10240.0,50,97.757
2026-06-08T09:06:59.460393+00:00,scheduler,1,100,8813.9,10240.0,70,257.833
2026-06-08T09:06:59.460393+00:00,scheduler,2,0,699.9,10240.0,35,19.546
2026-06-08T09:06:59.460393+00:00,scheduler,3,0,699.9,10240.0,34,27.372
2026-06-08T09:07:04.461120+00:00,scheduler,0,0,999.0,10240.0,51,115.828
2026-06-08T09:07:04.461120+00:00,scheduler,1,100,8813.9,10240.0,70,258.198
2026-06-08T09:07:04.461120+00:00,scheduler,2,0,699.9,10240.0,35,19.59
2026-06-08T09:07:04.461120+00:00,scheduler,3,0,699.9,10240.0,34,27.41
2026-06-08T09:07:09.461793+00:00,scheduler,0,0,999.0,10240.0,49,96.722
2026-06-08T09:07:09.461793+00:00,scheduler,1,100,8813.9,10240.0,71,257.821
2026-06-08T09:07:09.461793+00:00,scheduler,2,0,699.9,10240.0,35,19.604
2026-06-08T09:07:09.461793+00:00,scheduler,3,39,5321.9,10240.0,39,58.014
2026-06-08T09:07:14.462442+00:00,scheduler,0,0,999.0,10240.0,48,96.109
2026-06-08T09:07:14.462442+00:00,scheduler,1,100,8813.9,10240.0,71,257.992
2026-06-08T09:07:14.462442+00:00,scheduler,2,0,699.9,10240.0,35,19.428
2026-06-08T09:07:14.462442+00:00,scheduler,3,11,8741.9,10240.0,41,104.058
2026-06-08T09:07:19.463047+00:00,scheduler,0,0,999.0,10240.0,47,92.288
2026-06-08T09:07:19.463047+00:00,scheduler,1,100,8813.9,10240.0,71,258.013
2026-06-08T09:07:19.463047+00:00,scheduler,2,0,699.9,10240.0,35,19.501
2026-06-08T09:07:19.463047+00:00,scheduler,3,100,8857.9,10240.0,64,318.445
2026-06-08T09:07:24.463623+00:00,scheduler,0,0,999.0,10240.0,43,24.03
2026-06-08T09:07:24.463623+00:00,scheduler,1,100,8813.9,10240.0,71,251.56
2026-06-08T09:07:24.463623+00:00,scheduler,2,0,699.9,10240.0,35,19.613
2026-06-08T09:07:24.463623+00:00,scheduler,3,100,8857.9,10240.0,68,318.207
2026-06-08T09:07:29.464203+00:00,scheduler,0,0,999.0,10240.0,41,23.729
2026-06-08T09:07:29.464203+00:00,scheduler,1,10,8813.9,10240.0,59,107.346
2026-06-08T09:07:29.464203+00:00,scheduler,2,0,699.9,10240.0,35,19.455
2026-06-08T09:07:29.464203+00:00,scheduler,3,100,8857.9,10240.0,70,317.285
2026-06-08T09:07:34.464825+00:00,scheduler,0,0,999.0,10240.0,41,23.768
2026-06-08T09:07:34.464825+00:00,scheduler,1,0,675.9,10240.0,61,133.035
2026-06-08T09:07:34.464825+00:00,scheduler,2,0,699.9,10240.0,35,19.562
2026-06-08T09:07:34.464825+00:00,scheduler,3,100,8857.9,10240.0,70,318.404
2026-06-08T09:07:39.465675+00:00,scheduler,0,0,999.0,10240.0,40,23.742
2026-06-08T09:07:39.465675+00:00,scheduler,1,0,675.9,10240.0,57,104.54
2026-06-08T09:07:39.465675+00:00,scheduler,2,0,699.9,10240.0,34,19.503
2026-06-08T09:07:39.465675+00:00,scheduler,3,100,8857.9,10240.0,71,318.635
2026-06-08T09:07:44.466427+00:00,scheduler,0,0,999.0,10240.0,39,23.513
2026-06-08T09:07:44.466427+00:00,scheduler,1,0,675.9,10240.0,56,103.95
2026-06-08T09:07:44.466427+00:00,scheduler,2,0,699.9,10240.0,34,19.487
2026-06-08T09:07:44.466427+00:00,scheduler,3,100,8857.9,10240.0,72,318.271
2026-06-08T09:07:49.467098+00:00,scheduler,0,0,999.0,10240.0,39,23.598
2026-06-08T09:07:49.467098+00:00,scheduler,1,0,675.9,10240.0,56,103.63
2026-06-08T09:07:49.467098+00:00,scheduler,2,0,699.9,10240.0,34,19.467
2026-06-08T09:07:49.467098+00:00,scheduler,3,100,8857.9,10240.0,72,318.425
2026-06-08T09:07:54.467799+00:00,scheduler,0,0,999.0,10240.0,38,23.58
2026-06-08T09:07:54.467799+00:00,scheduler,1,0,675.9,10240.0,48,25.686
2026-06-08T09:07:54.467799+00:00,scheduler,2,0,699.9,10240.0,34,19.501
2026-06-08T09:07:54.467799+00:00,scheduler,3,100,8857.9,10240.0,73,318.431
2026-06-08T09:07:59.468528+00:00,scheduler,0,0,999.0,10240.0,38,23.403
2026-06-08T09:07:59.468528+00:00,scheduler,1,0,675.9,10240.0,47,25.35
2026-06-08T09:07:59.468528+00:00,scheduler,2,0,699.9,10240.0,34,19.36
2026-06-08T09:07:59.468528+00:00,scheduler,3,16,8857.9,10240.0,57,129.429
2026-06-08T09:08:04.469252+00:00,scheduler,0,0,999.0,10240.0,37,23.347
2026-06-08T09:08:04.469252+00:00,scheduler,1,0,675.9,10240.0,46,25.04
2026-06-08T09:08:04.469252+00:00,scheduler,2,0,699.9,10240.0,34,19.185
2026-06-08T09:08:04.469252+00:00,scheduler,3,4,783.9,10240.0,55,144.584
2026-06-08T09:08:09.469893+00:00,scheduler,0,0,999.0,10240.0,37,23.372
2026-06-08T09:08:09.469893+00:00,scheduler,1,0,675.9,10240.0,45,24.96
2026-06-08T09:08:09.469893+00:00,scheduler,2,0,699.9,10240.0,34,19.124
2026-06-08T09:08:09.469893+00:00,scheduler,3,0,699.9,10240.0,51,99.633
2026-06-08T09:08:14.470549+00:00,scheduler,0,0,999.0,10240.0,37,23.357
2026-06-08T09:08:14.470549+00:00,scheduler,1,0,675.9,10240.0,45,24.993
2026-06-08T09:08:14.470549+00:00,scheduler,2,0,699.9,10240.0,34,19.136
2026-06-08T09:08:14.470549+00:00,scheduler,3,0,699.9,10240.0,50,98.804
2026-06-08T09:08:19.471246+00:00,scheduler,0,0,999.0,10240.0,36,23.451
2026-06-08T09:08:19.471246+00:00,scheduler,1,0,675.9,10240.0,44,25.09
2026-06-08T09:08:19.471246+00:00,scheduler,2,0,699.9,10240.0,34,19.14
2026-06-08T09:08:19.471246+00:00,scheduler,3,0,699.9,10240.0,49,98.393
2026-06-08T09:08:24.471972+00:00,scheduler,0,0,999.0,10240.0,36,23.324
2026-06-08T09:08:24.471972+00:00,scheduler,1,0,675.9,10240.0,43,24.85
2026-06-08T09:08:24.471972+00:00,scheduler,2,0,699.9,10240.0,34,18.996
2026-06-08T09:08:24.471972+00:00,scheduler,3,0,699.9,10240.0,44,29.205
2026-06-08T09:08:29.472652+00:00,scheduler,0,0,999.0,10240.0,36,23.3
2026-06-08T09:08:29.472652+00:00,scheduler,1,0,675.9,10240.0,43,24.766
2026-06-08T09:08:29.472652+00:00,scheduler,2,0,699.9,10240.0,34,19.008
2026-06-08T09:08:29.472652+00:00,scheduler,3,0,699.9,10240.0,42,27.838
2026-06-08T09:08:34.473373+00:00,scheduler,0,11,9021.0,10240.0,42,111.174
2026-06-08T09:08:34.473373+00:00,scheduler,1,0,675.9,10240.0,43,24.871
2026-06-08T09:08:34.473373+00:00,scheduler,2,0,699.9,10240.0,34,19.139
2026-06-08T09:08:34.473373+00:00,scheduler,3,0,699.9,10240.0,40,27.896
2026-06-08T09:08:39.473985+00:00,scheduler,0,100,9137.0,10240.0,54,319.715
2026-06-08T09:08:39.473985+00:00,scheduler,1,0,675.9,10240.0,42,25.124
2026-06-08T09:08:39.473985+00:00,scheduler,2,0,699.9,10240.0,34,19.258
2026-06-08T09:08:39.473985+00:00,scheduler,3,0,699.9,10240.0,40,27.722
2026-06-08T09:08:44.474625+00:00,scheduler,0,100,9137.0,10240.0,55,318.653
2026-06-08T09:08:44.474625+00:00,scheduler,1,0,675.9,10240.0,42,25.087
2026-06-08T09:08:44.474625+00:00,scheduler,2,0,699.9,10240.0,34,19.514
2026-06-08T09:08:44.474625+00:00,scheduler,3,12,8721.9,10240.0,48,120.483
2026-06-08T09:08:49.475282+00:00,scheduler,0,100,9137.0,10240.0,57,318.358
2026-06-08T09:08:49.475282+00:00,scheduler,1,0,675.9,10240.0,42,25.105
2026-06-08T09:08:49.475282+00:00,scheduler,2,0,699.9,10240.0,34,19.487
2026-06-08T09:08:49.475282+00:00,scheduler,3,100,8837.9,10240.0,66,317.744
2026-06-08T09:08:54.475919+00:00,scheduler,0,100,9137.0,10240.0,58,317.369
2026-06-08T09:08:54.475919+00:00,scheduler,1,0,675.9,10240.0,41,25.104
2026-06-08T09:08:54.475919+00:00,scheduler,2,0,699.9,10240.0,34,19.424
2026-06-08T09:08:54.475919+00:00,scheduler,3,100,8837.9,10240.0,70,319.146
2026-06-08T09:08:59.476655+00:00,scheduler,0,100,9137.0,10240.0,59,318.525
2026-06-08T09:08:59.476655+00:00,scheduler,1,0,675.9,10240.0,41,25.03
2026-06-08T09:08:59.476655+00:00,scheduler,2,0,699.9,10240.0,34,19.383
2026-06-08T09:08:59.476655+00:00,scheduler,3,100,8837.9,10240.0,71,319.137
2026-06-08T09:09:04.477323+00:00,scheduler,0,100,9137.0,10240.0,60,318.854
2026-06-08T09:09:04.477323+00:00,scheduler,1,0,675.9,10240.0,41,24.94
2026-06-08T09:09:04.477323+00:00,scheduler,2,0,699.9,10240.0,34,19.36
2026-06-08T09:09:04.477323+00:00,scheduler,3,100,8837.9,10240.0,72,319.075
2026-06-08T09:09:09.478207+00:00,scheduler,0,100,9137.0,10240.0,61,319.117
2026-06-08T09:09:09.478207+00:00,scheduler,1,0,675.9,10240.0,41,24.968
2026-06-08T09:09:09.478207+00:00,scheduler,2,0,699.9,10240.0,34,19.541
2026-06-08T09:09:09.478207+00:00,scheduler,3,100,8837.9,10240.0,72,318.573
2026-06-08T09:09:14.478858+00:00,scheduler,0,100,9137.0,10240.0,61,318.531
2026-06-08T09:09:14.478858+00:00,scheduler,1,0,675.9,10240.0,41,24.883
2026-06-08T09:09:14.478858+00:00,scheduler,2,0,699.9,10240.0,34,19.298
2026-06-08T09:09:14.478858+00:00,scheduler,3,100,8837.9,10240.0,73,318.549
2026-06-08T09:09:19.479608+00:00,scheduler,0,9,9137.0,10240.0,51,111.711
2026-06-08T09:09:19.479608+00:00,scheduler,1,0,675.9,10240.0,40,24.942
2026-06-08T09:09:19.479608+00:00,scheduler,2,0,699.9,10240.0,34,19.233
2026-06-08T09:09:19.479608+00:00,scheduler,3,100,8837.9,10240.0,73,318.996
2026-06-08T09:09:24.480350+00:00,scheduler,0,0,999.0,10240.0,51,150.868
2026-06-08T09:09:24.480350+00:00,scheduler,1,0,675.9,10240.0,40,25.053
2026-06-08T09:09:24.480350+00:00,scheduler,2,9,8721.9,10240.0,42,162.273
2026-06-08T09:09:24.480350+00:00,scheduler,3,100,8837.9,10240.0,73,318.759
2026-06-08T09:09:29.481094+00:00,scheduler,0,0,999.0,10240.0,49,97.871
2026-06-08T09:09:29.481094+00:00,scheduler,1,0,675.9,10240.0,40,24.91
2026-06-08T09:09:29.481094+00:00,scheduler,2,10,8721.9,10240.0,40,90.976
2026-06-08T09:09:29.481094+00:00,scheduler,3,9,8837.9,10240.0,59,173.577
2026-06-08T09:09:34.481685+00:00,scheduler,0,0,999.0,10240.0,48,97.598
2026-06-08T09:09:34.481685+00:00,scheduler,1,0,675.9,10240.0,40,24.939
2026-06-08T09:09:34.481685+00:00,scheduler,2,100,8837.9,10240.0,59,319.013
2026-06-08T09:09:34.481685+00:00,scheduler,3,11,2979.9,10240.0,52,99.889
2026-06-08T09:09:39.482395+00:00,scheduler,0,0,999.0,10240.0,47,96.864
2026-06-08T09:09:39.482395+00:00,scheduler,1,0,675.9,10240.0,40,25.074
2026-06-08T09:09:39.482395+00:00,scheduler,2,100,8837.9,10240.0,63,319.321
2026-06-08T09:09:39.482395+00:00,scheduler,3,0,699.9,10240.0,51,99.005
2026-06-08T09:09:44.483016+00:00,scheduler,0,0,999.0,10240.0,43,23.859
2026-06-08T09:09:44.483016+00:00,scheduler,1,0,675.9,10240.0,40,24.938
2026-06-08T09:09:44.483016+00:00,scheduler,2,100,8837.9,10240.0,65,311.696
2026-06-08T09:09:44.483016+00:00,scheduler,3,0,699.9,10240.0,50,98.43
2026-06-08T09:09:49.483731+00:00,scheduler,0,0,999.0,10240.0,42,23.746
2026-06-08T09:09:49.483731+00:00,scheduler,1,0,675.9,10240.0,40,24.817
2026-06-08T09:09:49.483731+00:00,scheduler,2,100,8837.9,10240.0,65,303.788
2026-06-08T09:09:49.483731+00:00,scheduler,3,0,699.9,10240.0,49,98.073
2026-06-08T09:09:54.484417+00:00,scheduler,0,0,999.0,10240.0,40,23.711
2026-06-08T09:09:54.484417+00:00,scheduler,1,0,675.9,10240.0,39,25.057
2026-06-08T09:09:54.484417+00:00,scheduler,2,100,8837.9,10240.0,66,293.12
2026-06-08T09:09:54.484417+00:00,scheduler,3,0,699.9,10240.0,43,28.331
2026-06-08T09:09:59.485168+00:00,scheduler,0,0,999.0,10240.0,40,23.565
2026-06-08T09:09:59.485168+00:00,scheduler,1,0,675.9,10240.0,39,25.188
2026-06-08T09:09:59.485168+00:00,scheduler,2,100,8837.9,10240.0,67,288.319
2026-06-08T09:09:59.485168+00:00,scheduler,3,0,699.9,10240.0,41,28.005
2026-06-08T09:10:04.485798+00:00,scheduler,0,0,999.0,10240.0,39,23.585
2026-06-08T09:10:04.485798+00:00,scheduler,1,0,675.9,10240.0,39,25.065
2026-06-08T09:10:04.485798+00:00,scheduler,2,100,8837.9,10240.0,68,283.846
2026-06-08T09:10:04.485798+00:00,scheduler,3,0,699.9,10240.0,40,28.007
2026-06-08T09:10:09.488022+00:00,scheduler,0,0,999.0,10240.0,38,23.443
2026-06-08T09:10:09.488022+00:00,scheduler,1,0,675.9,10240.0,39,24.999
2026-06-08T09:10:09.488022+00:00,scheduler,2,100,8837.9,10240.0,68,285.092
2026-06-08T09:10:09.488022+00:00,scheduler,3,0,699.9,10240.0,39,27.695
2026-06-08T09:10:14.490214+00:00,scheduler,0,0,999.0,10240.0,38,23.474
2026-06-08T09:10:14.490214+00:00,scheduler,1,0,675.9,10240.0,39,24.898
2026-06-08T09:10:14.490214+00:00,scheduler,2,100,8837.9,10240.0,68,281.765
2026-06-08T09:10:14.490214+00:00,scheduler,3,0,699.9,10240.0,38,27.783
2026-06-08T09:10:19.492747+00:00,scheduler,0,0,999.0,10240.0,37,23.352
2026-06-08T09:10:19.492747+00:00,scheduler,1,0,675.9,10240.0,39,24.814
2026-06-08T09:10:19.492747+00:00,scheduler,2,10,8837.9,10240.0,52,96.784
2026-06-08T09:10:19.492747+00:00,scheduler,3,0,699.9,10240.0,38,27.666
2026-06-08T09:10:24.493450+00:00,scheduler,0,0,999.0,10240.0,37,23.215
2026-06-08T09:10:24.493450+00:00,scheduler,1,0,675.9,10240.0,39,24.569
2026-06-08T09:10:24.493450+00:00,scheduler,2,0,699.9,10240.0,51,106.982
2026-06-08T09:10:24.493450+00:00,scheduler,3,0,699.9,10240.0,37,27.674
2026-06-08T09:10:29.494140+00:00,scheduler,0,0,999.0,10240.0,36,23.243
2026-06-08T09:10:29.494140+00:00,scheduler,1,0,675.9,10240.0,39,24.657
2026-06-08T09:10:29.494140+00:00,scheduler,2,0,699.9,10240.0,50,93.658
2026-06-08T09:10:29.494140+00:00,scheduler,3,0,699.9,10240.0,37,27.522
2026-06-08T09:10:34.494785+00:00,scheduler,0,0,999.0,10240.0,36,23.239
2026-06-08T09:10:34.494785+00:00,scheduler,1,0,675.9,10240.0,39,24.76
2026-06-08T09:10:34.494785+00:00,scheduler,2,0,699.9,10240.0,49,94.177
2026-06-08T09:10:34.494785+00:00,scheduler,3,0,699.9,10240.0,36,27.456
2026-06-08T09:10:39.495432+00:00,scheduler,0,12,9021.0,10240.0,42,112.648
2026-06-08T09:10:39.495432+00:00,scheduler,1,0,675.9,10240.0,39,24.747
2026-06-08T09:10:39.495432+00:00,scheduler,2,0,699.9,10240.0,44,51.918
2026-06-08T09:10:39.495432+00:00,scheduler,3,0,699.9,10240.0,36,27.52
2026-06-08T09:10:44.496106+00:00,scheduler,0,100,9137.0,10240.0,53,283.626
2026-06-08T09:10:44.496106+00:00,scheduler,1,0,675.9,10240.0,39,24.668
2026-06-08T09:10:44.496106+00:00,scheduler,2,0,699.9,10240.0,42,20.275
2026-06-08T09:10:44.496106+00:00,scheduler,3,0,699.9,10240.0,36,27.636
2026-06-08T09:10:49.496808+00:00,scheduler,0,100,9137.0,10240.0,55,318.421
2026-06-08T09:10:49.496808+00:00,scheduler,1,0,675.9,10240.0,39,24.958
2026-06-08T09:10:49.496808+00:00,scheduler,2,0,699.9,10240.0,41,20.237
2026-06-08T09:10:49.496808+00:00,scheduler,3,93,8721.9,10240.0,45,120.931
2026-06-08T09:10:54.497422+00:00,scheduler,0,100,9137.0,10240.0,56,318.191
2026-06-08T09:10:54.497422+00:00,scheduler,1,0,675.9,10240.0,39,24.996
2026-06-08T09:10:54.497422+00:00,scheduler,2,0,699.9,10240.0,40,20.127
2026-06-08T09:10:54.497422+00:00,scheduler,3,36,4371.9,10240.0,44,114.523
2026-06-08T09:10:59.498117+00:00,scheduler,0,100,9137.0,10240.0,57,318.879
2026-06-08T09:10:59.498117+00:00,scheduler,1,0,675.9,10240.0,39,24.784
2026-06-08T09:10:59.498117+00:00,scheduler,2,0,699.9,10240.0,39,20.019
2026-06-08T09:10:59.498117+00:00,scheduler,3,100,8837.9,10240.0,66,319.12
2026-06-08T09:11:04.498854+00:00,scheduler,0,100,9137.0,10240.0,59,318.825
2026-06-08T09:11:04.498854+00:00,scheduler,1,0,675.9,10240.0,39,24.75
2026-06-08T09:11:04.498854+00:00,scheduler,2,0,699.9,10240.0,38,19.992
2026-06-08T09:11:04.498854+00:00,scheduler,3,100,8837.9,10240.0,69,318.988
2026-06-08T09:11:09.499751+00:00,scheduler,0,100,9137.0,10240.0,59,318.942
2026-06-08T09:11:09.499751+00:00,scheduler,1,0,675.9,10240.0,39,24.991
2026-06-08T09:11:09.499751+00:00,scheduler,2,0,699.9,10240.0,38,19.86
2026-06-08T09:11:09.499751+00:00,scheduler,3,100,8837.9,10240.0,70,319.265
2026-06-08T09:11:14.500445+00:00,scheduler,0,100,9137.0,10240.0,60,318.823
2026-06-08T09:11:14.500445+00:00,scheduler,1,0,675.9,10240.0,39,24.916
2026-06-08T09:11:14.500445+00:00,scheduler,2,0,1549.9,10240.0,37,19.713
2026-06-08T09:11:14.500445+00:00,scheduler,3,100,8837.9,10240.0,71,319.357
2026-06-08T09:11:19.500991+00:00,scheduler,0,100,9137.0,10240.0,61,318.881
2026-06-08T09:11:19.500991+00:00,scheduler,1,0,675.9,10240.0,39,24.882
2026-06-08T09:11:19.500991+00:00,scheduler,2,10,8721.9,10240.0,44,104.924
2026-06-08T09:11:19.500991+00:00,scheduler,3,100,8837.9,10240.0,72,319.625
2026-06-08T09:11:24.501609+00:00,scheduler,0,23,9137.0,10240.0,54,265.583
2026-06-08T09:11:24.501609+00:00,scheduler,1,0,675.9,10240.0,39,24.94
2026-06-08T09:11:24.501609+00:00,scheduler,2,38,8835.9,10240.0,46,115.826
2026-06-08T09:11:24.501609+00:00,scheduler,3,100,8837.9,10240.0,72,318.451
2026-06-08T09:11:29.502218+00:00,scheduler,0,9,6413.0,10240.0,50,97.376
2026-06-08T09:11:29.502218+00:00,scheduler,1,0,675.9,10240.0,39,25.038
2026-06-08T09:11:29.502218+00:00,scheduler,2,100,8837.9,10240.0,65,319.051
2026-06-08T09:11:29.502218+00:00,scheduler,3,100,8837.9,10240.0,72,317.916
2026-06-08T09:11:34.502795+00:00,scheduler,0,0,999.0,10240.0,49,101.597
2026-06-08T09:11:34.502795+00:00,scheduler,1,0,675.9,10240.0,38,24.805
2026-06-08T09:11:34.502795+00:00,scheduler,2,100,8837.9,10240.0,66,307.531
2026-06-08T09:11:34.502795+00:00,scheduler,3,100,8837.9,10240.0,73,319.26
2026-06-08T09:11:39.503433+00:00,scheduler,0,0,999.0,10240.0,48,97.352
2026-06-08T09:11:39.503433+00:00,scheduler,1,0,675.9,10240.0,38,24.724
2026-06-08T09:11:39.503433+00:00,scheduler,2,100,8837.9,10240.0,66,296.053
2026-06-08T09:11:39.503433+00:00,scheduler,3,10,8837.9,10240.0,54,103.074
2026-06-08T09:11:44.504244+00:00,scheduler,0,0,999.0,10240.0,47,97.152
2026-06-08T09:11:44.504244+00:00,scheduler,1,0,675.9,10240.0,38,24.943
2026-06-08T09:11:44.504244+00:00,scheduler,2,100,8837.9,10240.0,67,293.842
2026-06-08T09:11:44.504244+00:00,scheduler,3,0,699.9,10240.0,53,125.678
2026-06-08T09:11:49.504814+00:00,scheduler,0,0,999.0,10240.0,42,26.018
2026-06-08T09:11:49.504814+00:00,scheduler,1,0,675.9,10240.0,38,24.781
2026-06-08T09:11:49.504814+00:00,scheduler,2,100,8837.9,10240.0,67,284.554
2026-06-08T09:11:49.504814+00:00,scheduler,3,0,699.9,10240.0,50,98.933
2026-06-08T09:11:54.505457+00:00,scheduler,0,0,999.0,10240.0,41,24.071
2026-06-08T09:11:54.505457+00:00,scheduler,1,0,675.9,10240.0,38,24.749
2026-06-08T09:11:54.505457+00:00,scheduler,2,100,8837.9,10240.0,68,285.479
2026-06-08T09:11:54.505457+00:00,scheduler,3,0,699.9,10240.0,49,99.196
2026-06-08T09:11:59.506014+00:00,scheduler,0,0,999.0,10240.0,40,23.817
2026-06-08T09:11:59.506014+00:00,scheduler,1,93,8697.9,10240.0,56,126.707
2026-06-08T09:11:59.506014+00:00,scheduler,2,100,8837.9,10240.0,68,283.476
2026-06-08T09:11:59.506014+00:00,scheduler,3,0,699.9,10240.0,48,99.003
2026-06-08T09:12:04.508114+00:00,scheduler,0,0,999.0,10240.0,39,23.535
2026-06-08T09:12:04.508114+00:00,scheduler,1,9,8697.9,10240.0,48,99.587
2026-06-08T09:12:04.508114+00:00,scheduler,2,100,8837.9,10240.0,68,278.064
2026-06-08T09:12:04.508114+00:00,scheduler,3,0,699.9,10240.0,42,28.099
2026-06-08T09:12:09.508709+00:00,scheduler,0,0,999.0,10240.0,38,23.37
2026-06-08T09:12:09.508709+00:00,scheduler,1,100,8813.9,10240.0,65,207.14
2026-06-08T09:12:09.508709+00:00,scheduler,2,10,8837.9,10240.0,55,113.083
2026-06-08T09:12:09.508709+00:00,scheduler,3,0,699.9,10240.0,40,27.741
2026-06-08T09:12:14.509397+00:00,scheduler,0,0,999.0,10240.0,38,23.51
2026-06-08T09:12:14.509397+00:00,scheduler,1,100,8813.9,10240.0,69,284.706
2026-06-08T09:12:14.509397+00:00,scheduler,2,0,699.9,10240.0,54,122.898
2026-06-08T09:12:14.509397+00:00,scheduler,3,0,699.9,10240.0,39,27.841
2026-06-08T09:12:19.510107+00:00,scheduler,0,0,999.0,10240.0,37,23.55
2026-06-08T09:12:19.510107+00:00,scheduler,1,100,8813.9,10240.0,69,273.752
2026-06-08T09:12:19.510107+00:00,scheduler,2,0,699.9,10240.0,50,94.625
2026-06-08T09:12:19.510107+00:00,scheduler,3,0,699.9,10240.0,39,27.714
2026-06-08T09:12:24.510707+00:00,scheduler,0,0,999.0,10240.0,37,23.306
2026-06-08T09:12:24.510707+00:00,scheduler,1,100,8813.9,10240.0,69,267.78
2026-06-08T09:12:24.510707+00:00,scheduler,2,0,699.9,10240.0,49,95.168
2026-06-08T09:12:24.510707+00:00,scheduler,3,0,699.9,10240.0,38,27.831
2026-06-08T09:12:29.511409+00:00,scheduler,0,0,999.0,10240.0,36,23.47
2026-06-08T09:12:29.511409+00:00,scheduler,1,100,8813.9,10240.0,70,267.495
2026-06-08T09:12:29.511409+00:00,scheduler,2,0,699.9,10240.0,48,94.408
2026-06-08T09:12:29.511409+00:00,scheduler,3,0,699.9,10240.0,37,27.616
2026-06-08T09:12:34.512083+00:00,scheduler,0,0,999.0,10240.0,36,23.275
2026-06-08T09:12:34.512083+00:00,scheduler,1,100,8813.9,10240.0,70,263.685
2026-06-08T09:12:34.512083+00:00,scheduler,2,0,699.9,10240.0,42,20.603
2026-06-08T09:12:34.512083+00:00,scheduler,3,0,699.9,10240.0,37,27.527
2026-06-08T09:12:39.512753+00:00,scheduler,0,0,999.0,10240.0,36,23.247
2026-06-08T09:12:39.512753+00:00,scheduler,1,100,8813.9,10240.0,70,261.632
2026-06-08T09:12:39.512753+00:00,scheduler,2,0,699.9,10240.0,41,20.15
2026-06-08T09:12:39.512753+00:00,scheduler,3,0,699.9,10240.0,36,27.645
2026-06-08T09:12:44.513444+00:00,scheduler,0,0,999.0,10240.0,35,23.145
2026-06-08T09:12:44.513444+00:00,scheduler,1,100,8813.9,10240.0,70,257.383
2026-06-08T09:12:44.513444+00:00,scheduler,2,0,699.9,10240.0,40,19.921
2026-06-08T09:12:44.513444+00:00,scheduler,3,0,699.9,10240.0,36,27.578
2026-06-08T09:12:49.514191+00:00,scheduler,0,0,999.0,10240.0,35,23.019
2026-06-08T09:12:49.514191+00:00,scheduler,1,100,8813.9,10240.0,71,257.493
2026-06-08T09:12:49.514191+00:00,scheduler,2,0,699.9,10240.0,39,19.807
2026-06-08T09:12:49.514191+00:00,scheduler,3,0,699.9,10240.0,35,27.666
2026-06-08T09:12:54.514759+00:00,scheduler,0,0,999.0,10240.0,35,23.176
2026-06-08T09:12:54.514759+00:00,scheduler,1,5,8813.9,10240.0,61,132.362
2026-06-08T09:12:54.514759+00:00,scheduler,2,0,699.9,10240.0,38,19.476
2026-06-08T09:12:54.514759+00:00,scheduler,3,0,699.9,10240.0,35,27.316
2026-06-08T09:12:59.515403+00:00,scheduler,0,0,999.0,10240.0,35,23.066
2026-06-08T09:12:59.515403+00:00,scheduler,1,6,8813.9,10240.0,57,106.009
2026-06-08T09:12:59.515403+00:00,scheduler,2,0,699.9,10240.0,38,19.318
2026-06-08T09:12:59.515403+00:00,scheduler,3,0,699.9,10240.0,35,27.511
2026-06-08T09:13:04.610016+00:00,scheduler,0,0,999.0,10240.0,34,23.083
2026-06-08T09:13:04.610016+00:00,scheduler,1,0,8813.9,10240.0,56,104.961
2026-06-08T09:13:04.610016+00:00,scheduler,2,0,699.9,10240.0,37,19.298
2026-06-08T09:13:04.610016+00:00,scheduler,3,0,699.9,10240.0,34,27.326
2026-06-08T09:13:13.283499+00:00,scheduler,0,0,999.0,10240.0,34,23.149
2026-06-08T09:13:13.283499+00:00,scheduler,1,0,8813.9,10240.0,56,104.314
2026-06-08T09:13:13.283499+00:00,scheduler,2,0,699.9,10240.0,36,19.276
2026-06-08T09:13:13.283499+00:00,scheduler,3,0,699.9,10240.0,34,27.262
2026-06-08T09:13:21.136390+00:00,scheduler,0,0,999.0,10240.0,34,23.06
2026-06-08T09:13:21.136390+00:00,scheduler,1,0,8813.9,10240.0,55,104.033
2026-06-08T09:13:21.136390+00:00,scheduler,2,0,699.9,10240.0,36,19.201
2026-06-08T09:13:21.136390+00:00,scheduler,3,0,699.9,10240.0,34,27.312
2026-06-08T09:13:29.153546+00:00,scheduler,0,0,999.0,10240.0,34,31.238
2026-06-08T09:13:29.153546+00:00,scheduler,1,0,8813.9,10240.0,55,103.966
2026-06-08T09:13:29.153546+00:00,scheduler,2,0,699.9,10240.0,36,24.286
2026-06-08T09:13:29.153546+00:00,scheduler,3,0,699.9,10240.0,34,34.928
2026-06-08T09:13:34.169496+00:00,scheduler,0,0,699.9,10240.0,34,23.178
2026-06-08T09:13:34.169496+00:00,scheduler,1,0,376.8,10240.0,50,75.859
2026-06-08T09:13:34.169496+00:00,scheduler,2,0,400.8,10240.0,35,19.012
2026-06-08T09:13:34.169496+00:00,scheduler,3,0,400.8,10240.0,34,27.167
2026-06-08T09:13:39.170265+00:00,scheduler,0,0,699.9,10240.0,34,23.126
2026-06-08T09:13:39.170265+00:00,scheduler,1,0,376.8,10240.0,47,24.949
2026-06-08T09:13:39.170265+00:00,scheduler,2,0,400.8,10240.0,35,19.064
2026-06-08T09:13:39.170265+00:00,scheduler,3,0,400.8,10240.0,33,27.343
2026-06-08T09:13:44.170865+00:00,scheduler,0,0,699.9,10240.0,34,23.133
2026-06-08T09:13:44.170865+00:00,scheduler,1,0,376.8,10240.0,45,24.982
2026-06-08T09:13:44.170865+00:00,scheduler,2,0,400.8,10240.0,35,19.024
2026-06-08T09:13:44.170865+00:00,scheduler,3,0,400.8,10240.0,33,27.23
2026-06-08T09:13:49.171546+00:00,scheduler,0,0,700.0,10240.0,33,23.103
2026-06-08T09:13:49.171546+00:00,scheduler,1,0,376.9,10240.0,44,24.975
2026-06-08T09:13:49.171546+00:00,scheduler,2,0,400.9,10240.0,35,18.96
2026-06-08T09:13:49.171546+00:00,scheduler,3,0,400.8,10240.0,34,28.66
2026-06-08T09:13:54.172111+00:00,scheduler,0,0,700.0,10240.0,33,23.084
2026-06-08T09:13:54.172111+00:00,scheduler,1,0,376.9,10240.0,44,24.921
2026-06-08T09:13:54.172111+00:00,scheduler,2,0,400.9,10240.0,34,19.057
2026-06-08T09:13:54.172111+00:00,scheduler,3,0,400.8,10240.0,33,27.283
2026-06-08T09:13:59.172719+00:00,scheduler,0,0,700.0,10240.0,33,23.127
2026-06-08T09:13:59.172719+00:00,scheduler,1,0,376.9,10240.0,43,24.964
2026-06-08T09:13:59.172719+00:00,scheduler,2,0,400.9,10240.0,34,18.938
2026-06-08T09:13:59.172719+00:00,scheduler,3,0,400.8,10240.0,33,27.29
2026-06-08T09:14:04.173463+00:00,scheduler,0,0,700.0,10240.0,33,22.919
2026-06-08T09:14:04.173463+00:00,scheduler,1,0,376.9,10240.0,43,24.94
2026-06-08T09:14:04.173463+00:00,scheduler,2,0,400.9,10240.0,34,18.81
2026-06-08T09:14:04.173463+00:00,scheduler,3,0,400.8,10240.0,33,27.081
2026-06-08T09:14:09.174181+00:00,scheduler,0,0,700.0,10240.0,33,22.966
2026-06-08T09:14:09.174181+00:00,scheduler,1,0,376.9,10240.0,42,24.867
2026-06-08T09:14:09.174181+00:00,scheduler,2,0,400.9,10240.0,34,18.953
2026-06-08T09:14:09.174181+00:00,scheduler,3,0,400.8,10240.0,33,27.096
2026-06-08T09:14:14.174884+00:00,scheduler,0,0,700.0,10240.0,33,22.976
2026-06-08T09:14:14.174884+00:00,scheduler,1,0,376.9,10240.0,42,24.741
2026-06-08T09:14:14.174884+00:00,scheduler,2,0,400.9,10240.0,34,18.969
2026-06-08T09:14:14.174884+00:00,scheduler,3,0,400.8,10240.0,33,27.198
2026-06-08T09:14:19.175676+00:00,scheduler,0,0,700.0,10240.0,33,22.988
2026-06-08T09:14:19.175676+00:00,scheduler,1,0,376.9,10240.0,42,24.953
2026-06-08T09:14:19.175676+00:00,scheduler,2,0,400.9,10240.0,34,18.961
2026-06-08T09:14:19.175676+00:00,scheduler,3,0,400.8,10240.0,33,27.118
2026-06-08T09:14:24.176529+00:00,scheduler,0,0,700.0,10240.0,33,23.066
2026-06-08T09:14:24.176529+00:00,scheduler,1,0,376.9,10240.0,41,24.719
2026-06-08T09:14:24.176529+00:00,scheduler,2,0,400.9,10240.0,34,18.857
2026-06-08T09:14:24.176529+00:00,scheduler,3,0,400.8,10240.0,33,27.207
2026-06-08T09:14:29.177295+00:00,scheduler,0,0,700.0,10240.0,33,22.983
2026-06-08T09:14:29.177295+00:00,scheduler,1,0,376.9,10240.0,41,24.668
2026-06-08T09:14:29.177295+00:00,scheduler,2,0,400.9,10240.0,34,18.843
2026-06-08T09:14:29.177295+00:00,scheduler,3,0,400.8,10240.0,33,27.229
2026-06-08T09:14:34.177951+00:00,scheduler,0,0,700.0,10240.0,33,23.095
2026-06-08T09:14:34.177951+00:00,scheduler,1,0,376.9,10240.0,41,24.864
2026-06-08T09:14:34.177951+00:00,scheduler,2,0,400.9,10240.0,34,19.038
2026-06-08T09:14:34.177951+00:00,scheduler,3,0,400.8,10240.0,33,27.299
2026-06-08T09:14:39.178645+00:00,scheduler,0,0,921.1,10240.0,37,92.101
2026-06-08T09:14:39.178645+00:00,scheduler,1,0,376.9,10240.0,41,24.649
2026-06-08T09:14:39.178645+00:00,scheduler,2,0,400.9,10240.0,33,19.123
2026-06-08T09:14:39.178645+00:00,scheduler,3,0,621.9,10240.0,38,95.335
2026-06-08T09:14:44.179289+00:00,scheduler,0,0,921.1,10240.0,38,92.333
2026-06-08T09:14:44.179289+00:00,scheduler,1,0,598.0,10240.0,49,100.08
2026-06-08T09:14:44.179289+00:00,scheduler,2,0,400.9,10240.0,33,19.183
2026-06-08T09:14:44.179289+00:00,scheduler,3,0,843.1,10240.0,39,96.295
2026-06-08T09:14:49.180016+00:00,scheduler,0,0,1142.2,10240.0,38,93.063
2026-06-08T09:14:49.180016+00:00,scheduler,1,0,598.0,10240.0,50,100.866
2026-06-08T09:14:49.180016+00:00,scheduler,2,0,843.1,10240.0,38,89.243
2026-06-08T09:14:49.180016+00:00,scheduler,3,0,843.1,10240.0,40,96.526
2026-06-08T09:14:54.180843+00:00,scheduler,0,0,1142.2,10240.0,39,92.854
2026-06-08T09:14:54.180843+00:00,scheduler,1,0,598.0,10240.0,50,101.127
2026-06-08T09:14:54.180843+00:00,scheduler,2,0,843.1,10240.0,39,89.786
2026-06-08T09:14:54.180843+00:00,scheduler,3,0,843.1,10240.0,40,96.681
2026-06-08T09:14:59.181658+00:00,scheduler,0,0,1142.2,10240.0,39,92.643
2026-06-08T09:14:59.181658+00:00,scheduler,1,0,598.0,10240.0,44,26.448
2026-06-08T09:14:59.181658+00:00,scheduler,2,0,843.1,10240.0,40,90.036
2026-06-08T09:14:59.181658+00:00,scheduler,3,0,843.1,10240.0,36,65.4
2026-06-08T09:15:04.182311+00:00,scheduler,0,0,1142.2,10240.0,39,93.304
2026-06-08T09:15:04.182311+00:00,scheduler,1,0,597.9,10240.0,43,26.427
2026-06-08T09:15:04.182311+00:00,scheduler,2,0,843.1,10240.0,40,90.269
2026-06-08T09:15:04.182311+00:00,scheduler,3,0,843.1,10240.0,35,27.466
2026-06-08T09:15:09.183014+00:00,scheduler,0,0,1142.2,10240.0,35,23.179
2026-06-08T09:15:09.183014+00:00,scheduler,1,0,597.9,10240.0,41,24.739
2026-06-08T09:15:09.183014+00:00,scheduler,2,0,843.1,10240.0,35,19.187
2026-06-08T09:15:09.183014+00:00,scheduler,3,0,843.1,10240.0,34,27.381
2026-06-08T09:15:14.183639+00:00,scheduler,0,0,1142.2,10240.0,35,23.249
2026-06-08T09:15:14.183639+00:00,scheduler,1,0,597.9,10240.0,41,24.868
2026-06-08T09:15:14.183639+00:00,scheduler,2,0,843.1,10240.0,35,18.874
2026-06-08T09:15:14.183639+00:00,scheduler,3,0,1587.1,10240.0,34,27.221
2026-06-08T09:15:19.184333+00:00,scheduler,0,36,2566.2,10240.0,38,67.169
2026-06-08T09:15:19.184333+00:00,scheduler,1,0,597.9,10240.0,40,24.678
2026-06-08T09:15:19.184333+00:00,scheduler,2,0,843.1,10240.0,34,19.123
2026-06-08T09:15:19.184333+00:00,scheduler,3,0,2267.1,10240.0,40,96.682
2026-06-08T09:15:24.184945+00:00,scheduler,0,2,3982.2,10240.0,39,93.249
2026-06-08T09:15:24.184945+00:00,scheduler,1,0,597.9,10240.0,40,24.667
2026-06-08T09:15:24.184945+00:00,scheduler,2,0,843.1,10240.0,34,19.036
2026-06-08T09:15:24.184945+00:00,scheduler,3,3,3683.1,10240.0,41,96.831
2026-06-08T09:15:29.185618+00:00,scheduler,0,0,4846.2,10240.0,40,93.482
2026-06-08T09:15:29.185618+00:00,scheduler,1,0,597.9,10240.0,40,24.718
2026-06-08T09:15:29.185618+00:00,scheduler,2,0,843.1,10240.0,34,19.225
2026-06-08T09:15:29.185618+00:00,scheduler,3,0,4547.1,10240.0,41,96.889
2026-06-08T09:15:34.186410+00:00,scheduler,0,2,6262.2,10240.0,40,93.573
2026-06-08T09:15:34.186410+00:00,scheduler,1,0,597.9,10240.0,39,24.631
2026-06-08T09:15:34.186410+00:00,scheduler,2,0,843.1,10240.0,34,19.305
2026-06-08T09:15:34.186410+00:00,scheduler,3,2,5963.1,10240.0,41,97.11
2026-06-08T09:15:39.187092+00:00,scheduler,0,2,7562.2,10240.0,40,93.868
2026-06-08T09:15:39.187092+00:00,scheduler,1,0,597.9,10240.0,39,24.622
2026-06-08T09:15:39.187092+00:00,scheduler,2,0,843.1,10240.0,34,19.156
2026-06-08T09:15:39.187092+00:00,scheduler,3,2,7263.1,10240.0,42,97.126
2026-06-08T09:15:44.187853+00:00,scheduler,0,2,9157.4,10240.0,40,94.052
2026-06-08T09:15:44.187853+00:00,scheduler,1,0,597.9,10240.0,39,24.668
2026-06-08T09:15:44.187853+00:00,scheduler,2,0,843.1,10240.0,34,19.244
2026-06-08T09:15:44.187853+00:00,scheduler,3,3,8637.1,10240.0,42,97.183
2026-06-08T09:15:49.188548+00:00,scheduler,0,8,9459.4,10240.0,41,95.031
2026-06-08T09:15:49.188548+00:00,scheduler,1,0,597.9,10240.0,39,24.822
2026-06-08T09:15:49.188548+00:00,scheduler,2,0,2975.1,10240.0,35,21.14
2026-06-08T09:15:49.188548+00:00,scheduler,3,8,8939.1,10240.0,43,97.456
2026-06-08T09:15:54.189247+00:00,scheduler,0,3,1731.4,10240.0,42,107.952
2026-06-08T09:15:54.189247+00:00,scheduler,1,0,597.9,10240.0,39,24.866
2026-06-08T09:15:54.189247+00:00,scheduler,2,7,8939.1,10240.0,41,106.74
2026-06-08T09:15:54.189247+00:00,scheduler,3,3,1211.1,10240.0,44,108.579
2026-06-08T09:15:59.189931+00:00,scheduler,0,3,3181.4,10240.0,41,94.923
2026-06-08T09:15:59.189931+00:00,scheduler,1,0,597.9,10240.0,39,24.877
2026-06-08T09:15:59.189931+00:00,scheduler,2,8,1103.1,10240.0,40,91.092
2026-06-08T09:15:59.189931+00:00,scheduler,3,3,2661.1,10240.0,43,97.356
2026-06-08T09:16:04.190652+00:00,scheduler,0,3,4333.4,10240.0,41,94.864
2026-06-08T09:16:04.190652+00:00,scheduler,1,0,597.9,10240.0,39,24.708
2026-06-08T09:16:04.190652+00:00,scheduler,2,1,3813.1,10240.0,41,90.996
2026-06-08T09:16:04.190652+00:00,scheduler,3,4,3813.1,10240.0,43,97.223
2026-06-08T09:16:09.191386+00:00,scheduler,0,1,5503.4,10240.0,41,95.059
2026-06-08T09:16:09.191386+00:00,scheduler,1,0,597.9,10240.0,38,24.731
2026-06-08T09:16:09.191386+00:00,scheduler,2,3,4983.1,10240.0,41,91.036
2026-06-08T09:16:09.191386+00:00,scheduler,3,1,4983.1,10240.0,43,97.43
2026-06-08T09:16:14.192178+00:00,scheduler,0,3,6673.4,10240.0,41,95.025
2026-06-08T09:16:14.192178+00:00,scheduler,1,0,597.9,10240.0,38,24.786
2026-06-08T09:16:14.192178+00:00,scheduler,2,3,6153.1,10240.0,41,91.281
2026-06-08T09:16:14.192178+00:00,scheduler,3,3,6153.1,10240.0,43,97.556
2026-06-08T09:16:19.192829+00:00,scheduler,0,3,8149.4,10240.0,41,95.022
2026-06-08T09:16:19.192829+00:00,scheduler,1,0,597.9,10240.0,38,24.627
2026-06-08T09:16:19.192829+00:00,scheduler,2,3,7629.1,10240.0,41,91.168
2026-06-08T09:16:19.192829+00:00,scheduler,3,3,7629.1,10240.0,43,97.526
2026-06-08T09:16:24.193473+00:00,scheduler,0,100,9573.4,10240.0,54,319.034
2026-06-08T09:16:24.193473+00:00,scheduler,1,0,597.9,10240.0,38,24.627
2026-06-08T09:16:24.193473+00:00,scheduler,2,100,9053.1,10240.0,59,318.196
2026-06-08T09:16:24.193473+00:00,scheduler,3,100,9053.1,10240.0,64,318.052
2026-06-08T09:16:29.194124+00:00,scheduler,0,100,9575.4,10240.0,56,319.021
2026-06-08T09:16:29.194124+00:00,scheduler,1,0,597.9,10240.0,38,24.686
2026-06-08T09:16:29.194124+00:00,scheduler,2,100,9055.1,10240.0,64,319.352
2026-06-08T09:16:29.194124+00:00,scheduler,3,100,9055.1,10240.0,69,319.055
2026-06-08T09:16:34.194752+00:00,scheduler,0,100,9575.4,10240.0,57,318.518
2026-06-08T09:16:34.194752+00:00,scheduler,1,0,597.9,10240.0,38,24.779
2026-06-08T09:16:34.194752+00:00,scheduler,2,100,9055.1,10240.0,65,311.961
2026-06-08T09:16:34.194752+00:00,scheduler,3,100,9055.1,10240.0,70,319.121
2026-06-08T09:16:39.195321+00:00,scheduler,0,100,9575.4,10240.0,58,318.481
2026-06-08T09:16:39.195321+00:00,scheduler,1,0,597.9,10240.0,38,24.752
2026-06-08T09:16:39.195321+00:00,scheduler,2,100,9055.1,10240.0,66,298.188
2026-06-08T09:16:39.195321+00:00,scheduler,3,100,9055.1,10240.0,70,318.6
2026-06-08T09:16:44.195950+00:00,scheduler,0,100,9575.4,10240.0,59,318.523
2026-06-08T09:16:44.195950+00:00,scheduler,1,0,597.9,10240.0,38,24.651
2026-06-08T09:16:44.195950+00:00,scheduler,2,100,9055.1,10240.0,66,295.429
2026-06-08T09:16:44.195950+00:00,scheduler,3,100,9055.1,10240.0,71,318.949
2026-06-08T09:16:49.196634+00:00,scheduler,0,100,9575.4,10240.0,59,318.715
2026-06-08T09:16:49.196634+00:00,scheduler,1,0,597.9,10240.0,38,24.783
2026-06-08T09:16:49.196634+00:00,scheduler,2,100,9055.1,10240.0,67,286.837
2026-06-08T09:16:49.196634+00:00,scheduler,3,100,9055.1,10240.0,72,318.564
2026-06-08T09:16:54.197288+00:00,scheduler,0,100,9575.4,10240.0,60,318.924
2026-06-08T09:16:54.197288+00:00,scheduler,1,0,597.9,10240.0,38,24.836
2026-06-08T09:16:54.197288+00:00,scheduler,2,100,9055.1,10240.0,67,287.639
2026-06-08T09:16:54.197288+00:00,scheduler,3,100,9055.1,10240.0,72,318.535
2026-06-08T09:16:59.197842+00:00,scheduler,0,100,9575.4,10240.0,61,319.253
2026-06-08T09:16:59.197842+00:00,scheduler,1,0,597.9,10240.0,38,24.631
2026-06-08T09:16:59.197842+00:00,scheduler,2,100,9055.1,10240.0,68,280.189
2026-06-08T09:16:59.197842+00:00,scheduler,3,100,9055.1,10240.0,72,318.533
2026-06-08T09:17:04.198519+00:00,scheduler,0,9,9575.4,10240.0,52,117.969
2026-06-08T09:17:04.198519+00:00,scheduler,1,0,597.9,10240.0,37,24.798
2026-06-08T09:17:04.198519+00:00,scheduler,2,100,9055.1,10240.0,68,276.807
2026-06-08T09:17:04.198519+00:00,scheduler,3,8,9055.1,10240.0,59,190.076
2026-06-08T09:17:09.199132+00:00,scheduler,0,8,9575.4,10240.0,49,98.678
2026-06-08T09:17:09.199132+00:00,scheduler,1,0,597.9,10240.0,37,24.753
2026-06-08T09:17:09.199132+00:00,scheduler,2,7,9055.1,10240.0,52,97.035
2026-06-08T09:17:09.199132+00:00,scheduler,3,7,9055.1,10240.0,51,99.576
2026-06-08T09:17:14.203372+00:00,scheduler,0,56,4807.4,10240.0,50,136.28
2026-06-08T09:17:14.203372+00:00,scheduler,1,26,7841.9,10240.0,45,99.271
2026-06-08T09:17:14.203372+00:00,scheduler,2,51,923.1,10240.0,53,156.756
2026-06-08T09:17:14.203372+00:00,scheduler,3,53,4103.1,10240.0,53,159.625
2026-06-08T09:17:19.204013+00:00,scheduler,0,9,9539.4,10240.0,48,108.6
2026-06-08T09:17:19.204013+00:00,scheduler,1,9,8693.9,10240.0,47,100.402
2026-06-08T09:17:19.204013+00:00,scheduler,2,0,923.1,10240.0,49,93.602
2026-06-08T09:17:19.204013+00:00,scheduler,3,9,9019.1,10240.0,50,114.976
2026-06-08T09:17:24.204705+00:00,scheduler,0,7,9539.4,10240.0,47,96.45
2026-06-08T09:17:24.204705+00:00,scheduler,1,8,3405.9,10240.0,50,108.242
2026-06-08T09:17:24.204705+00:00,scheduler,2,0,923.1,10240.0,48,92.901
2026-06-08T09:17:24.204705+00:00,scheduler,3,49,3677.1,10240.0,50,108.583
2026-06-08T09:17:29.205294+00:00,scheduler,0,100,9653.4,10240.0,57,318.48
2026-06-08T09:17:29.205294+00:00,scheduler,1,100,8807.9,10240.0,69,296.201
2026-06-08T09:17:29.205294+00:00,scheduler,2,0,923.1,10240.0,48,92.454
2026-06-08T09:17:29.205294+00:00,scheduler,3,100,9133.1,10240.0,69,318.365
2026-06-08T09:17:34.205934+00:00,scheduler,0,100,9655.4,10240.0,59,318.48
2026-06-08T09:17:34.205934+00:00,scheduler,1,100,8809.9,10240.0,68,277.746
2026-06-08T09:17:34.205934+00:00,scheduler,2,33,7711.1,10240.0,46,93.634
2026-06-08T09:17:34.205934+00:00,scheduler,3,100,9135.1,10240.0,71,318.657
2026-06-08T09:17:39.206570+00:00,scheduler,0,100,9655.4,10240.0,59,318.511
2026-06-08T09:17:39.206570+00:00,scheduler,1,100,8809.9,10240.0,69,271.745
2026-06-08T09:17:39.206570+00:00,scheduler,2,11,9019.1,10240.0,47,92.656
2026-06-08T09:17:39.206570+00:00,scheduler,3,100,9135.1,10240.0,72,318.891
2026-06-08T09:17:44.207258+00:00,scheduler,0,100,9655.4,10240.0,60,319.132
2026-06-08T09:17:44.207258+00:00,scheduler,1,100,8809.9,10240.0,69,274.096
2026-06-08T09:17:44.207258+00:00,scheduler,2,32,9061.1,10240.0,48,117.153
2026-06-08T09:17:44.207258+00:00,scheduler,3,100,9135.1,10240.0,72,319.003
2026-06-08T09:17:49.207843+00:00,scheduler,0,100,9655.4,10240.0,60,318.857
2026-06-08T09:17:49.207843+00:00,scheduler,1,100,8809.9,10240.0,70,268.621
2026-06-08T09:17:49.207843+00:00,scheduler,2,100,9135.1,10240.0,66,318.745
2026-06-08T09:17:49.207843+00:00,scheduler,3,100,9135.1,10240.0,72,319.239
2026-06-08T09:17:54.208535+00:00,scheduler,0,100,9655.4,10240.0,61,317.542
2026-06-08T09:17:54.208535+00:00,scheduler,1,100,8809.9,10240.0,70,265.857
2026-06-08T09:17:54.208535+00:00,scheduler,2,100,9135.1,10240.0,67,299.997
2026-06-08T09:17:54.208535+00:00,scheduler,3,100,9135.1,10240.0,73,319.287
2026-06-08T09:17:59.209264+00:00,scheduler,0,100,9655.4,10240.0,61,318.317
2026-06-08T09:17:59.209264+00:00,scheduler,1,100,8809.9,10240.0,71,263.839
2026-06-08T09:17:59.209264+00:00,scheduler,2,100,9135.1,10240.0,67,292.814
2026-06-08T09:17:59.209264+00:00,scheduler,3,100,9135.1,10240.0,73,319.202
2026-06-08T09:18:04.209917+00:00,scheduler,0,100,9655.4,10240.0,61,318.492
2026-06-08T09:18:04.209917+00:00,scheduler,1,100,8809.9,10240.0,70,260.229
2026-06-08T09:18:04.209917+00:00,scheduler,2,100,9135.1,10240.0,67,292.805
2026-06-08T09:18:04.209917+00:00,scheduler,3,100,9135.1,10240.0,73,318.99
2026-06-08T09:18:09.210607+00:00,scheduler,0,8,9655.4,10240.0,53,172.693
2026-06-08T09:18:09.210607+00:00,scheduler,1,100,8809.9,10240.0,71,258.697
2026-06-08T09:18:09.210607+00:00,scheduler,2,100,9135.1,10240.0,67,286.746
2026-06-08T09:18:09.210607+00:00,scheduler,3,10,9135.1,10240.0,56,128.143
2026-06-08T09:18:14.211334+00:00,scheduler,0,10,9655.4,10240.0,50,97.218
2026-06-08T09:18:14.211334+00:00,scheduler,1,9,8809.9,10240.0,58,106.128
2026-06-08T09:18:14.211334+00:00,scheduler,2,100,9135.1,10240.0,68,285.407
2026-06-08T09:18:14.211334+00:00,scheduler,3,9,1211.1,10240.0,52,100.457
2026-06-08T09:18:19.221751+00:00,scheduler,0,3,2471.4,10240.0,49,98.413
2026-06-08T09:18:19.221751+00:00,scheduler,1,0,677.9,10240.0,60,131.862
2026-06-08T09:18:19.221751+00:00,scheduler,2,100,9135.1,10240.0,68,278.878
2026-06-08T09:18:19.221751+00:00,scheduler,3,10,9023.1,10240.0,53,161.919
2026-06-08T09:18:24.274137+00:00,scheduler,0,0,3723.4,10240.0,47,96.187
2026-06-08T09:18:24.274137+00:00,scheduler,1,0,677.9,10240.0,56,103.628
2026-06-08T09:18:24.274137+00:00,scheduler,2,0,9135.1,10240.0,59,149.924
2026-06-08T09:18:24.274137+00:00,scheduler,3,0,9023.1,10240.0,49,98.192
2026-06-08T10:20:05.659889+00:00,scheduler,0,0,400.8,10240.0,33,23.308
2026-06-08T10:20:05.659889+00:00,scheduler,1,0,376.8,10240.0,36,24.622
2026-06-08T10:20:05.659889+00:00,scheduler,2,0,400.8,10240.0,33,18.762
2026-06-08T10:20:05.659889+00:00,scheduler,3,0,400.8,10240.0,33,27.014
2026-06-08T10:20:10.862439+00:00,scheduler,0,0,400.8,10240.0,33,23.199
2026-06-08T10:20:10.862439+00:00,scheduler,1,0,376.8,10240.0,36,24.648
2026-06-08T10:20:10.862439+00:00,scheduler,2,0,400.8,10240.0,33,18.693
2026-06-08T10:20:10.862439+00:00,scheduler,3,0,400.8,10240.0,33,26.971
2026-06-08T10:20:15.885240+00:00,scheduler,0,0,400.8,10240.0,33,23.239
2026-06-08T10:20:15.885240+00:00,scheduler,1,0,376.8,10240.0,36,24.705
2026-06-08T10:20:15.885240+00:00,scheduler,2,0,400.8,10240.0,33,18.902
2026-06-08T10:20:15.885240+00:00,scheduler,3,0,400.8,10240.0,33,27.175
2026-06-08T10:20:20.885762+00:00,scheduler,0,0,400.8,10240.0,33,23.203
2026-06-08T10:20:20.885762+00:00,scheduler,1,0,376.8,10240.0,37,25.711
2026-06-08T10:20:20.885762+00:00,scheduler,2,0,400.8,10240.0,33,18.829
2026-06-08T10:20:20.885762+00:00,scheduler,3,0,400.8,10240.0,33,28.369
2026-06-08T10:20:25.886287+00:00,scheduler,0,0,400.8,10240.0,33,23.205
2026-06-08T10:20:25.886287+00:00,scheduler,1,0,376.8,10240.0,36,24.672
2026-06-08T10:20:25.886287+00:00,scheduler,2,0,400.8,10240.0,33,18.635
2026-06-08T10:20:25.886287+00:00,scheduler,3,0,400.8,10240.0,33,27.034
2026-06-08T10:20:30.886962+00:00,scheduler,0,0,400.8,10240.0,33,23.373
2026-06-08T10:20:30.886962+00:00,scheduler,1,0,376.8,10240.0,36,24.775
2026-06-08T10:20:30.886962+00:00,scheduler,2,0,400.8,10240.0,33,18.694
2026-06-08T10:20:30.886962+00:00,scheduler,3,0,400.8,10240.0,33,27.268
2026-06-08T10:20:35.887680+00:00,scheduler,0,0,400.8,10240.0,33,23.187
2026-06-08T10:20:35.887680+00:00,scheduler,1,0,376.8,10240.0,36,24.687
2026-06-08T10:20:35.887680+00:00,scheduler,2,0,400.8,10240.0,33,18.728
2026-06-08T10:20:35.887680+00:00,scheduler,3,0,400.8,10240.0,33,27.006
2026-06-08T10:20:40.888264+00:00,scheduler,0,0,400.8,10240.0,33,23.228
2026-06-08T10:20:40.888264+00:00,scheduler,1,0,376.8,10240.0,36,24.61
2026-06-08T10:20:40.888264+00:00,scheduler,2,0,400.8,10240.0,33,18.712
2026-06-08T10:20:40.888264+00:00,scheduler,3,0,400.8,10240.0,33,27.095
2026-06-08T10:20:45.888952+00:00,scheduler,0,0,400.8,10240.0,33,23.205
2026-06-08T10:20:45.888952+00:00,scheduler,1,0,376.8,10240.0,36,24.717
2026-06-08T10:20:45.888952+00:00,scheduler,2,0,400.8,10240.0,33,18.764
2026-06-08T10:20:45.888952+00:00,scheduler,3,0,400.8,10240.0,33,27.218
2026-06-08T10:20:50.889741+00:00,scheduler,0,0,400.8,10240.0,33,23.146
2026-06-08T10:20:50.889741+00:00,scheduler,1,0,376.8,10240.0,36,24.589
2026-06-08T10:20:50.889741+00:00,scheduler,2,0,400.8,10240.0,33,18.776
2026-06-08T10:20:50.889741+00:00,scheduler,3,0,400.8,10240.0,33,27.148
2026-06-08T10:20:55.890486+00:00,scheduler,0,0,400.8,10240.0,33,23.134
2026-06-08T10:20:55.890486+00:00,scheduler,1,0,376.8,10240.0,36,24.562
2026-06-08T10:20:55.890486+00:00,scheduler,2,0,621.9,10240.0,38,89.384
2026-06-08T10:20:55.890486+00:00,scheduler,3,0,621.9,10240.0,39,95.76
2026-06-08T10:21:00.891246+00:00,scheduler,0,0,400.8,10240.0,33,23.117
2026-06-08T10:21:00.891246+00:00,scheduler,1,0,376.8,10240.0,36,24.467
2026-06-08T10:21:00.891246+00:00,scheduler,2,0,621.9,10240.0,39,89.924
2026-06-08T10:21:00.891246+00:00,scheduler,3,0,621.9,10240.0,40,96.454
2026-06-08T10:21:05.892006+00:00,scheduler,0,0,400.8,10240.0,33,23.224
2026-06-08T10:21:05.892006+00:00,scheduler,1,0,376.8,10240.0,36,24.663
2026-06-08T10:21:05.892006+00:00,scheduler,2,0,621.9,10240.0,39,89.98
2026-06-08T10:21:05.892006+00:00,scheduler,3,0,621.9,10240.0,40,96.674
2026-06-08T10:21:10.892739+00:00,scheduler,0,0,400.8,10240.0,33,23.169
2026-06-08T10:21:10.892739+00:00,scheduler,1,0,376.8,10240.0,36,24.513
2026-06-08T10:21:10.892739+00:00,scheduler,2,0,621.9,10240.0,36,62.135
2026-06-08T10:21:10.892739+00:00,scheduler,3,0,621.9,10240.0,36,28.83
2026-06-08T10:21:15.893489+00:00,scheduler,0,0,400.8,10240.0,33,23.193
2026-06-08T10:21:15.893489+00:00,scheduler,1,0,597.9,10240.0,42,60.833
2026-06-08T10:21:15.893489+00:00,scheduler,2,0,621.9,10240.0,35,18.962
2026-06-08T10:21:15.893489+00:00,scheduler,3,0,621.9,10240.0,35,27.311
2026-06-08T10:21:20.894159+00:00,scheduler,0,0,621.9,10240.0,37,92.459
2026-06-08T10:21:20.894159+00:00,scheduler,1,0,597.9,10240.0,45,97.762
2026-06-08T10:21:20.894159+00:00,scheduler,2,0,621.9,10240.0,34,18.758
2026-06-08T10:21:20.894159+00:00,scheduler,3,0,621.9,10240.0,34,27.236
2026-06-08T10:21:25.894874+00:00,scheduler,0,0,621.9,10240.0,38,92.722
2026-06-08T10:21:25.894874+00:00,scheduler,1,0,597.9,10240.0,46,98.079
2026-06-08T10:21:25.894874+00:00,scheduler,2,0,621.9,10240.0,34,18.788
2026-06-08T10:21:25.894874+00:00,scheduler,3,0,621.9,10240.0,34,27.134
2026-06-08T10:21:30.895596+00:00,scheduler,0,0,621.9,10240.0,38,92.996
2026-06-08T10:21:30.895596+00:00,scheduler,1,0,597.9,10240.0,46,98.507
2026-06-08T10:21:30.895596+00:00,scheduler,2,0,621.9,10240.0,34,18.838
2026-06-08T10:21:30.895596+00:00,scheduler,3,0,621.9,10240.0,34,27.474
2026-06-08T10:21:35.896279+00:00,scheduler,0,0,621.9,10240.0,35,43.276
2026-06-08T10:21:35.896279+00:00,scheduler,1,0,597.9,10240.0,39,25.583
2026-06-08T10:21:35.896279+00:00,scheduler,2,0,621.9,10240.0,34,19.036
2026-06-08T10:21:35.896279+00:00,scheduler,3,3,1385.9,10240.0,40,96.703
2026-06-08T10:21:40.897075+00:00,scheduler,0,0,621.9,10240.0,34,23.435
2026-06-08T10:21:40.897075+00:00,scheduler,1,0,597.9,10240.0,38,24.718
2026-06-08T10:21:40.897075+00:00,scheduler,2,0,621.9,10240.0,34,18.838
2026-06-08T10:21:40.897075+00:00,scheduler,3,2,2733.9,10240.0,40,96.935
2026-06-08T10:21:45.897688+00:00,scheduler,0,0,621.9,10240.0,34,23.333
2026-06-08T10:21:45.897688+00:00,scheduler,1,0,597.9,10240.0,38,24.685
2026-06-08T10:21:45.897688+00:00,scheduler,2,0,621.9,10240.0,34,18.863
2026-06-08T10:21:45.897688+00:00,scheduler,3,0,3917.9,10240.0,41,96.793
2026-06-08T10:21:50.898241+00:00,scheduler,0,0,621.9,10240.0,34,23.314
2026-06-08T10:21:50.898241+00:00,scheduler,1,0,597.9,10240.0,37,24.596
2026-06-08T10:21:50.898241+00:00,scheduler,2,0,621.9,10240.0,34,19.197
2026-06-08T10:21:50.898241+00:00,scheduler,3,4,5401.9,10240.0,41,97.23
2026-06-08T10:21:55.898876+00:00,scheduler,0,0,621.9,10240.0,34,23.542
2026-06-08T10:21:55.898876+00:00,scheduler,1,0,597.9,10240.0,37,24.636
2026-06-08T10:21:55.898876+00:00,scheduler,2,0,621.9,10240.0,34,18.939
2026-06-08T10:21:55.898876+00:00,scheduler,3,2,6565.9,10240.0,42,97.427
2026-06-08T10:22:00.899464+00:00,scheduler,0,0,621.9,10240.0,34,23.307
2026-06-08T10:22:00.899464+00:00,scheduler,1,0,597.9,10240.0,37,24.716
2026-06-08T10:22:00.899464+00:00,scheduler,2,0,621.9,10240.0,34,18.909
2026-06-08T10:22:00.899464+00:00,scheduler,3,3,7981.9,10240.0,42,97.345
2026-06-08T10:22:05.900309+00:00,scheduler,0,0,621.9,10240.0,34,23.278
2026-06-08T10:22:05.900309+00:00,scheduler,1,0,597.9,10240.0,37,24.713
2026-06-08T10:22:05.900309+00:00,scheduler,2,0,621.9,10240.0,33,18.839
2026-06-08T10:22:05.900309+00:00,scheduler,3,9,8717.9,10240.0,43,103.385
2026-06-08T10:22:10.901018+00:00,scheduler,0,0,621.9,10240.0,34,23.416
2026-06-08T10:22:10.901018+00:00,scheduler,1,0,597.9,10240.0,37,24.584
2026-06-08T10:22:10.901018+00:00,scheduler,2,0,621.9,10240.0,33,18.897
2026-06-08T10:22:10.901018+00:00,scheduler,3,8,5397.9,10240.0,43,97.63
2026-06-08T10:22:15.901616+00:00,scheduler,0,0,621.9,10240.0,33,23.302
2026-06-08T10:22:15.901616+00:00,scheduler,1,0,597.9,10240.0,37,24.657
2026-06-08T10:22:15.901616+00:00,scheduler,2,0,621.9,10240.0,33,18.749
2026-06-08T10:22:15.901616+00:00,scheduler,3,3,2277.9,10240.0,43,97.581
2026-06-08T10:22:20.902348+00:00,scheduler,0,0,621.9,10240.0,33,23.327
2026-06-08T10:22:20.902348+00:00,scheduler,1,0,597.9,10240.0,37,24.738
2026-06-08T10:22:20.902348+00:00,scheduler,2,0,621.9,10240.0,33,18.672
2026-06-08T10:22:20.902348+00:00,scheduler,3,0,3375.9,10240.0,43,97.661
2026-06-08T10:22:25.903001+00:00,scheduler,0,0,621.9,10240.0,33,23.273
2026-06-08T10:22:25.903001+00:00,scheduler,1,0,597.9,10240.0,37,24.625
2026-06-08T10:22:25.903001+00:00,scheduler,2,0,621.9,10240.0,33,18.889
2026-06-08T10:22:25.903001+00:00,scheduler,3,0,4761.9,10240.0,43,97.827
2026-06-08T10:22:30.903714+00:00,scheduler,0,0,621.9,10240.0,33,23.382
2026-06-08T10:22:30.903714+00:00,scheduler,1,0,597.9,10240.0,37,24.558
2026-06-08T10:22:30.903714+00:00,scheduler,2,0,621.9,10240.0,33,18.741
2026-06-08T10:22:30.903714+00:00,scheduler,3,0,5769.9,10240.0,43,97.86
2026-06-08T10:22:35.904445+00:00,scheduler,0,0,621.9,10240.0,33,23.269
2026-06-08T10:22:35.904445+00:00,scheduler,1,0,597.9,10240.0,37,24.706
2026-06-08T10:22:35.904445+00:00,scheduler,2,0,621.9,10240.0,33,18.753
2026-06-08T10:22:35.904445+00:00,scheduler,3,3,7335.9,10240.0,44,97.963
2026-06-08T10:22:40.905145+00:00,scheduler,0,0,621.9,10240.0,33,23.241
2026-06-08T10:22:40.905145+00:00,scheduler,1,0,597.9,10240.0,37,24.632
2026-06-08T10:22:40.905145+00:00,scheduler,2,0,621.9,10240.0,33,18.957
2026-06-08T10:22:40.905145+00:00,scheduler,3,100,8831.9,10240.0,49,128.125
2026-06-08T10:22:45.905801+00:00,scheduler,0,0,621.9,10240.0,33,23.47
2026-06-08T10:22:45.905801+00:00,scheduler,1,0,597.9,10240.0,37,24.808
2026-06-08T10:22:45.905801+00:00,scheduler,2,0,621.9,10240.0,33,19.261
2026-06-08T10:22:45.905801+00:00,scheduler,3,100,8833.9,10240.0,68,318.586
2026-06-08T10:22:50.906433+00:00,scheduler,0,0,621.9,10240.0,33,23.336
2026-06-08T10:22:50.906433+00:00,scheduler,1,0,597.9,10240.0,37,24.953
2026-06-08T10:22:50.906433+00:00,scheduler,2,0,621.9,10240.0,33,19.398
2026-06-08T10:22:50.906433+00:00,scheduler,3,100,8833.9,10240.0,69,317.528
2026-06-08T10:22:55.907057+00:00,scheduler,0,0,621.9,10240.0,33,23.236
2026-06-08T10:22:55.907057+00:00,scheduler,1,0,597.9,10240.0,37,24.795
2026-06-08T10:22:55.907057+00:00,scheduler,2,0,621.9,10240.0,33,19.259
2026-06-08T10:22:55.907057+00:00,scheduler,3,100,8833.9,10240.0,70,318.583
2026-06-08T10:23:00.907678+00:00,scheduler,0,0,621.9,10240.0,33,23.406
2026-06-08T10:23:00.907678+00:00,scheduler,1,0,597.9,10240.0,37,24.846
2026-06-08T10:23:00.907678+00:00,scheduler,2,0,621.9,10240.0,33,19.41
2026-06-08T10:23:00.907678+00:00,scheduler,3,100,8833.9,10240.0,71,318.405
2026-06-08T10:23:05.908532+00:00,scheduler,0,0,621.9,10240.0,33,23.425
2026-06-08T10:23:05.908532+00:00,scheduler,1,0,597.9,10240.0,37,24.723
2026-06-08T10:23:05.908532+00:00,scheduler,2,0,621.9,10240.0,33,19.101
2026-06-08T10:23:05.908532+00:00,scheduler,3,100,8833.9,10240.0,72,318.741
2026-06-08T10:23:10.909185+00:00,scheduler,0,36,4469.9,10240.0,37,51.201
2026-06-08T10:23:10.909185+00:00,scheduler,1,0,597.9,10240.0,36,24.929
2026-06-08T10:23:10.909185+00:00,scheduler,2,32,3917.9,10240.0,37,49.062
2026-06-08T10:23:10.909185+00:00,scheduler,3,100,8833.9,10240.0,72,318.591
2026-06-08T10:23:15.910000+00:00,scheduler,0,6,8717.9,10240.0,38,93.628
2026-06-08T10:23:15.910000+00:00,scheduler,1,0,597.9,10240.0,36,24.708
2026-06-08T10:23:15.910000+00:00,scheduler,2,10,8717.9,10240.0,40,96.854
2026-06-08T10:23:15.910000+00:00,scheduler,3,100,8833.9,10240.0,73,318.412
2026-06-08T10:23:20.910709+00:00,scheduler,0,6,8717.9,10240.0,38,93.852
2026-06-08T10:23:20.910709+00:00,scheduler,1,0,597.9,10240.0,36,24.534
2026-06-08T10:23:20.910709+00:00,scheduler,2,34,4131.9,10240.0,42,106.332
2026-06-08T10:23:20.910709+00:00,scheduler,3,100,8833.9,10240.0,73,318.492
2026-06-08T10:23:25.911289+00:00,scheduler,0,100,8831.9,10240.0,51,318.878
2026-06-08T10:23:25.911289+00:00,scheduler,1,0,597.9,10240.0,36,24.724
2026-06-08T10:23:25.911289+00:00,scheduler,2,100,8831.9,10240.0,61,319.733
2026-06-08T10:23:25.911289+00:00,scheduler,3,11,8833.9,10240.0,53,100.075
2026-06-08T10:23:30.911851+00:00,scheduler,0,100,8833.9,10240.0,53,319.246
2026-06-08T10:23:30.911851+00:00,scheduler,1,8,8693.9,10240.0,48,122.139
2026-06-08T10:23:30.911851+00:00,scheduler,2,100,8833.9,10240.0,63,319.33
2026-06-08T10:23:30.911851+00:00,scheduler,3,0,701.9,10240.0,53,124.131
2026-06-08T10:23:35.912471+00:00,scheduler,0,100,8833.9,10240.0,55,318.956
2026-06-08T10:23:35.912471+00:00,scheduler,1,9,8693.9,10240.0,46,99.518
2026-06-08T10:23:35.912471+00:00,scheduler,2,100,8833.9,10240.0,64,310.203
2026-06-08T10:23:35.912471+00:00,scheduler,3,0,701.9,10240.0,50,98.54
2026-06-08T10:23:40.913129+00:00,scheduler,0,100,8833.9,10240.0,56,319.476
2026-06-08T10:23:40.913129+00:00,scheduler,1,100,8807.9,10240.0,66,318.98
2026-06-08T10:23:40.913129+00:00,scheduler,2,100,8833.9,10240.0,65,302.995
2026-06-08T10:23:40.913129+00:00,scheduler,3,0,701.9,10240.0,49,98.15
2026-06-08T10:23:45.913749+00:00,scheduler,0,100,8833.9,10240.0,57,318.436
2026-06-08T10:23:45.913749+00:00,scheduler,1,100,8809.9,10240.0,68,288.015
2026-06-08T10:23:45.913749+00:00,scheduler,2,100,8833.9,10240.0,66,296.532
2026-06-08T10:23:45.913749+00:00,scheduler,3,0,701.9,10240.0,48,97.85
2026-06-08T10:23:50.914432+00:00,scheduler,0,100,8833.9,10240.0,58,318.816
2026-06-08T10:23:50.914432+00:00,scheduler,1,100,8809.9,10240.0,68,280.043
2026-06-08T10:23:50.914432+00:00,scheduler,2,100,8833.9,10240.0,67,296.244
2026-06-08T10:23:50.914432+00:00,scheduler,3,0,701.9,10240.0,42,27.945
2026-06-08T10:23:55.915229+00:00,scheduler,0,100,8833.9,10240.0,59,318.482
2026-06-08T10:23:55.915229+00:00,scheduler,1,100,8809.9,10240.0,68,274.351
2026-06-08T10:23:55.915229+00:00,scheduler,2,100,8833.9,10240.0,67,285.769
2026-06-08T10:23:55.915229+00:00,scheduler,3,0,701.9,10240.0,41,28.131
2026-06-08T10:24:00.915891+00:00,scheduler,0,100,8833.9,10240.0,60,318.889
2026-06-08T10:24:00.915891+00:00,scheduler,1,100,8809.9,10240.0,69,272.937
2026-06-08T10:24:00.915891+00:00,scheduler,2,100,8833.9,10240.0,68,285.947
2026-06-08T10:24:00.915891+00:00,scheduler,3,0,701.9,10240.0,39,27.794
2026-06-08T10:24:05.916569+00:00,scheduler,0,9,8833.9,10240.0,52,136.181
2026-06-08T10:24:05.916569+00:00,scheduler,1,100,8809.9,10240.0,69,271.76
2026-06-08T10:24:05.916569+00:00,scheduler,2,9,8833.9,10240.0,57,127.188
2026-06-08T10:24:05.916569+00:00,scheduler,3,0,701.9,10240.0,38,27.571
2026-06-08T10:24:10.917269+00:00,scheduler,0,9,8833.9,10240.0,49,96.981
2026-06-08T10:24:10.917269+00:00,scheduler,1,100,8809.9,10240.0,70,266.018
2026-06-08T10:24:10.917269+00:00,scheduler,2,9,8833.9,10240.0,51,95.102
2026-06-08T10:24:10.917269+00:00,scheduler,3,0,701.9,10240.0,38,27.618
2026-06-08T10:24:15.917886+00:00,scheduler,0,0,701.9,10240.0,48,100.043
2026-06-08T10:24:15.917886+00:00,scheduler,1,100,8809.9,10240.0,70,261.425
2026-06-08T10:24:15.917886+00:00,scheduler,2,0,701.9,10240.0,50,97.204
2026-06-08T10:24:15.917886+00:00,scheduler,3,0,701.9,10240.0,37,27.636
2026-06-08T10:24:20.918542+00:00,scheduler,0,0,701.9,10240.0,47,97.093
2026-06-08T10:24:20.918542+00:00,scheduler,1,100,8809.9,10240.0,70,261.093
2026-06-08T10:24:20.918542+00:00,scheduler,2,0,701.9,10240.0,49,94.203
2026-06-08T10:24:20.918542+00:00,scheduler,3,0,701.9,10240.0,37,27.474
2026-06-08T10:24:25.919218+00:00,scheduler,0,0,701.9,10240.0,46,96.928
2026-06-08T10:24:25.919218+00:00,scheduler,1,9,8809.9,10240.0,57,106.765
2026-06-08T10:24:25.919218+00:00,scheduler,2,0,701.9,10240.0,48,93.701
2026-06-08T10:24:25.919218+00:00,scheduler,3,0,701.9,10240.0,36,27.564
2026-06-08T10:24:30.919900+00:00,scheduler,0,0,701.9,10240.0,42,50.177
2026-06-08T10:24:30.919900+00:00,scheduler,1,0,677.9,10240.0,59,148.387
2026-06-08T10:24:30.919900+00:00,scheduler,2,0,701.9,10240.0,44,27.443
2026-06-08T10:24:30.919900+00:00,scheduler,3,0,701.9,10240.0,36,27.435
2026-06-08T10:24:35.920630+00:00,scheduler,0,0,701.9,10240.0,41,23.879
2026-06-08T10:24:35.920630+00:00,scheduler,1,0,677.9,10240.0,55,104.39
2026-06-08T10:24:35.920630+00:00,scheduler,2,0,701.9,10240.0,41,19.771
2026-06-08T10:24:35.920630+00:00,scheduler,3,0,701.9,10240.0,35,27.427
2026-06-08T10:24:40.921287+00:00,scheduler,0,0,701.9,10240.0,40,23.616
2026-06-08T10:24:40.921287+00:00,scheduler,1,0,677.9,10240.0,55,103.926
2026-06-08T10:24:40.921287+00:00,scheduler,2,0,701.9,10240.0,40,19.705
2026-06-08T10:24:40.921287+00:00,scheduler,3,10,8721.9,10240.0,43,114.325
2026-06-08T10:24:45.921951+00:00,scheduler,0,0,701.9,10240.0,39,23.675
2026-06-08T10:24:45.921951+00:00,scheduler,1,0,677.9,10240.0,55,103.875
2026-06-08T10:24:45.921951+00:00,scheduler,2,0,701.9,10240.0,39,19.803
2026-06-08T10:24:45.921951+00:00,scheduler,3,32,2283.9,10240.0,44,104.067
2026-06-08T10:24:50.922689+00:00,scheduler,0,0,701.9,10240.0,38,23.621
2026-06-08T10:24:50.922689+00:00,scheduler,1,0,677.9,10240.0,47,25.952
2026-06-08T10:24:50.922689+00:00,scheduler,2,0,701.9,10240.0,38,19.909
2026-06-08T10:24:50.922689+00:00,scheduler,3,100,8837.9,10240.0,66,318.537
2026-06-08T10:24:55.923355+00:00,scheduler,0,0,701.9,10240.0,38,23.632
2026-06-08T10:24:55.923355+00:00,scheduler,1,0,677.9,10240.0,45,25.477
2026-06-08T10:24:55.923355+00:00,scheduler,2,0,701.9,10240.0,38,19.61
2026-06-08T10:24:55.923355+00:00,scheduler,3,100,8837.9,10240.0,68,318.074
2026-06-08T10:25:00.923975+00:00,scheduler,0,10,8721.9,10240.0,43,107.761
2026-06-08T10:25:00.923975+00:00,scheduler,1,0,677.9,10240.0,45,25.557
2026-06-08T10:25:00.923975+00:00,scheduler,2,36,7855.9,10240.0,42,91.648
2026-06-08T10:25:00.923975+00:00,scheduler,3,100,8837.9,10240.0,70,318.487
2026-06-08T10:25:05.924683+00:00,scheduler,0,47,3039.9,10240.0,43,101.844
2026-06-08T10:25:05.924683+00:00,scheduler,1,0,677.9,10240.0,44,25.356
2026-06-08T10:25:05.924683+00:00,scheduler,2,10,8721.9,10240.0,43,92.082
2026-06-08T10:25:05.924683+00:00,scheduler,3,100,8837.9,10240.0,70,318.536
2026-06-08T10:25:10.925324+00:00,scheduler,0,100,8837.9,10240.0,55,318.552
2026-06-08T10:25:10.925324+00:00,scheduler,1,0,677.9,10240.0,43,25.282
2026-06-08T10:25:10.925324+00:00,scheduler,2,100,8837.9,10240.0,60,319.845
2026-06-08T10:25:10.925324+00:00,scheduler,3,100,8837.9,10240.0,71,318.749
2026-06-08T10:25:15.926033+00:00,scheduler,0,100,8837.9,10240.0,56,318.983
2026-06-08T10:25:15.926033+00:00,scheduler,1,0,677.9,10240.0,43,25.177
2026-06-08T10:25:15.926033+00:00,scheduler,2,100,8837.9,10240.0,65,319.104
2026-06-08T10:25:15.926033+00:00,scheduler,3,100,8837.9,10240.0,71,318.079
2026-06-08T10:25:20.926645+00:00,scheduler,0,100,8837.9,10240.0,58,319.14
2026-06-08T10:25:20.926645+00:00,scheduler,1,0,677.9,10240.0,42,25.153
2026-06-08T10:25:20.926645+00:00,scheduler,2,100,8837.9,10240.0,66,307.367
2026-06-08T10:25:20.926645+00:00,scheduler,3,100,8837.9,10240.0,72,318.198
2026-06-08T10:25:25.927355+00:00,scheduler,0,100,8837.9,10240.0,58,318.027
2026-06-08T10:25:25.927355+00:00,scheduler,1,10,8697.9,10240.0,55,185.917
2026-06-08T10:25:25.927355+00:00,scheduler,2,100,8837.9,10240.0,66,295.792
2026-06-08T10:25:25.927355+00:00,scheduler,3,100,8837.9,10240.0,72,318.308
2026-06-08T10:25:30.928037+00:00,scheduler,0,100,8837.9,10240.0,59,318.659
2026-06-08T10:25:30.928037+00:00,scheduler,1,10,8697.9,10240.0,51,101.367
2026-06-08T10:25:30.928037+00:00,scheduler,2,100,8837.9,10240.0,67,289.899
2026-06-08T10:25:30.928037+00:00,scheduler,3,10,8837.9,10240.0,54,115.772
2026-06-08T10:25:35.928672+00:00,scheduler,0,100,8837.9,10240.0,60,319.056
2026-06-08T10:25:35.928672+00:00,scheduler,1,100,8813.9,10240.0,70,295.972
2026-06-08T10:25:35.928672+00:00,scheduler,2,100,8837.9,10240.0,67,285.211
2026-06-08T10:25:35.928672+00:00,scheduler,3,0,699.9,10240.0,53,154.64
2026-06-08T10:25:40.929230+00:00,scheduler,0,100,8837.9,10240.0,61,319.399
2026-06-08T10:25:40.929230+00:00,scheduler,1,100,8813.9,10240.0,70,269.486
2026-06-08T10:25:40.929230+00:00,scheduler,2,100,8837.9,10240.0,68,282.672
2026-06-08T10:25:40.929230+00:00,scheduler,3,0,699.9,10240.0,50,98.807
2026-06-08T10:25:45.929789+00:00,scheduler,0,100,8837.9,10240.0,61,318.004
2026-06-08T10:25:45.929789+00:00,scheduler,1,100,8813.9,10240.0,70,266.005
2026-06-08T10:25:45.929789+00:00,scheduler,2,100,8837.9,10240.0,68,281.207
2026-06-08T10:25:45.929789+00:00,scheduler,3,0,699.9,10240.0,49,99.025
2026-06-08T10:25:50.930403+00:00,scheduler,0,8,8837.9,10240.0,51,97.944
2026-06-08T10:25:50.930403+00:00,scheduler,1,100,8813.9,10240.0,70,261.603
2026-06-08T10:25:50.930403+00:00,scheduler,2,100,8837.9,10240.0,68,279.917
2026-06-08T10:25:50.930403+00:00,scheduler,3,0,699.9,10240.0,48,98.934
2026-06-08T10:25:55.930996+00:00,scheduler,0,0,699.9,10240.0,50,115.574
2026-06-08T10:25:55.930996+00:00,scheduler,1,100,8813.9,10240.0,70,259.371
2026-06-08T10:25:55.930996+00:00,scheduler,2,10,8837.9,10240.0,53,98.249
2026-06-08T10:25:55.930996+00:00,scheduler,3,0,699.9,10240.0,42,27.94
2026-06-08T10:26:00.931711+00:00,scheduler,0,0,699.9,10240.0,48,96.495
2026-06-08T10:26:00.931711+00:00,scheduler,1,100,8813.9,10240.0,71,258.131
2026-06-08T10:26:00.931711+00:00,scheduler,2,0,699.9,10240.0,53,120.731
2026-06-08T10:26:00.931711+00:00,scheduler,3,0,699.9,10240.0,41,27.752
2026-06-08T10:26:05.932327+00:00,scheduler,0,0,699.9,10240.0,47,96.302
2026-06-08T10:26:05.932327+00:00,scheduler,1,100,8813.9,10240.0,71,259.174
2026-06-08T10:26:05.932327+00:00,scheduler,2,0,699.9,10240.0,50,93.771
2026-06-08T10:26:05.932327+00:00,scheduler,3,0,699.9,10240.0,39,27.687
2026-06-08T10:26:10.932891+00:00,scheduler,0,0,699.9,10240.0,47,95.884
2026-06-08T10:26:10.932891+00:00,scheduler,1,100,8813.9,10240.0,71,258.751
2026-06-08T10:26:10.932891+00:00,scheduler,2,0,699.9,10240.0,49,93.181
2026-06-08T10:26:10.932891+00:00,scheduler,3,0,699.9,10240.0,39,27.544
2026-06-08T10:26:15.933503+00:00,scheduler,0,0,699.9,10240.0,42,24.085
2026-06-08T10:26:15.933503+00:00,scheduler,1,100,8813.9,10240.0,72,255.328
2026-06-08T10:26:15.933503+00:00,scheduler,2,0,699.9,10240.0,48,92.723
2026-06-08T10:26:15.933503+00:00,scheduler,3,0,699.9,10240.0,38,27.315
2026-06-08T10:26:20.934148+00:00,scheduler,0,0,699.9,10240.0,41,23.908
2026-06-08T10:26:20.934148+00:00,scheduler,1,9,8813.9,10240.0,59,107.547
2026-06-08T10:26:20.934148+00:00,scheduler,2,0,699.9,10240.0,42,19.994
2026-06-08T10:26:20.934148+00:00,scheduler,3,0,699.9,10240.0,37,27.224
2026-06-08T10:26:25.935014+00:00,scheduler,0,0,699.9,10240.0,40,23.735
2026-06-08T10:26:25.935014+00:00,scheduler,1,0,675.9,10240.0,61,132.095
2026-06-08T10:26:25.935014+00:00,scheduler,2,0,699.9,10240.0,41,19.952
2026-06-08T10:26:25.935014+00:00,scheduler,3,0,699.9,10240.0,37,27.242
2026-06-08T10:26:30.935632+00:00,scheduler,0,0,699.9,10240.0,39,23.786
2026-06-08T10:26:30.935632+00:00,scheduler,1,0,675.9,10240.0,57,104.841
2026-06-08T10:26:30.935632+00:00,scheduler,2,0,699.9,10240.0,40,19.706
2026-06-08T10:26:30.935632+00:00,scheduler,3,0,699.9,10240.0,36,27.268
2026-06-08T10:26:35.936276+00:00,scheduler,0,0,699.9,10240.0,38,23.612
2026-06-08T10:26:35.936276+00:00,scheduler,1,0,675.9,10240.0,56,104.773
2026-06-08T10:26:35.936276+00:00,scheduler,2,0,699.9,10240.0,39,19.282
2026-06-08T10:26:35.936276+00:00,scheduler,3,0,699.9,10240.0,36,27.134
2026-06-08T10:26:40.936968+00:00,scheduler,0,0,699.9,10240.0,37,23.554
2026-06-08T10:26:40.936968+00:00,scheduler,1,0,675.9,10240.0,56,104.368
2026-06-08T10:26:40.936968+00:00,scheduler,2,0,699.9,10240.0,38,19.344
2026-06-08T10:26:40.936968+00:00,scheduler,3,0,699.9,10240.0,35,27.276
2026-06-08T10:26:45.937625+00:00,scheduler,0,0,1441.9,10240.0,37,23.564
2026-06-08T10:26:45.937625+00:00,scheduler,1,0,675.9,10240.0,48,25.449
2026-06-08T10:26:45.937625+00:00,scheduler,2,0,699.9,10240.0,37,19.081
2026-06-08T10:26:45.937625+00:00,scheduler,3,0,699.9,10240.0,35,27.114
2026-06-08T10:26:50.938229+00:00,scheduler,0,10,8721.9,10240.0,42,104.526
2026-06-08T10:26:50.938229+00:00,scheduler,1,0,675.9,10240.0,46,25.639
2026-06-08T10:26:50.938229+00:00,scheduler,2,9,8721.9,10240.0,46,168.796
2026-06-08T10:26:50.938229+00:00,scheduler,3,10,8721.9,10240.0,43,111.401
2026-06-08T10:26:55.938929+00:00,scheduler,0,100,8837.9,10240.0,53,255.06
2026-06-08T10:26:55.938929+00:00,scheduler,1,0,675.9,10240.0,45,25.727
2026-06-08T10:26:55.938929+00:00,scheduler,2,9,3097.9,10240.0,43,92.189
2026-06-08T10:26:55.938929+00:00,scheduler,3,32,7107.9,10240.0,44,118.762
2026-06-08T10:27:00.939637+00:00,scheduler,0,100,8837.9,10240.0,55,318.402
2026-06-08T10:27:00.939637+00:00,scheduler,1,0,675.9,10240.0,45,25.539
2026-06-08T10:27:00.939637+00:00,scheduler,2,100,8837.9,10240.0,63,318.563
2026-06-08T10:27:00.939637+00:00,scheduler,3,100,8837.9,10240.0,67,318.73
2026-06-08T10:27:05.940264+00:00,scheduler,0,100,8837.9,10240.0,56,318.008
2026-06-08T10:27:05.940264+00:00,scheduler,1,0,675.9,10240.0,44,25.512
2026-06-08T10:27:05.940264+00:00,scheduler,2,100,8837.9,10240.0,66,318.581
2026-06-08T10:27:05.940264+00:00,scheduler,3,100,8837.9,10240.0,69,319.494
2026-06-08T10:27:10.940905+00:00,scheduler,0,100,8837.9,10240.0,58,317.942
2026-06-08T10:27:10.940905+00:00,scheduler,1,0,675.9,10240.0,43,25.568
2026-06-08T10:27:10.940905+00:00,scheduler,2,100,8837.9,10240.0,66,302.426
2026-06-08T10:27:10.940905+00:00,scheduler,3,100,8837.9,10240.0,70,319.338
2026-06-08T10:27:15.941497+00:00,scheduler,0,100,8837.9,10240.0,58,318.912
2026-06-08T10:27:15.941497+00:00,scheduler,1,0,675.9,10240.0,43,25.407
2026-06-08T10:27:15.941497+00:00,scheduler,2,100,8837.9,10240.0,67,296.653
2026-06-08T10:27:15.941497+00:00,scheduler,3,100,8837.9,10240.0,70,318.287
2026-06-08T10:27:20.942094+00:00,scheduler,0,100,8837.9,10240.0,59,318.852
2026-06-08T10:27:20.942094+00:00,scheduler,1,0,675.9,10240.0,42,25.345
2026-06-08T10:27:20.942094+00:00,scheduler,2,100,8837.9,10240.0,67,290.527
2026-06-08T10:27:20.942094+00:00,scheduler,3,100,8837.9,10240.0,71,319.26
2026-06-08T10:27:25.942762+00:00,scheduler,0,100,8837.9,10240.0,60,319.185
2026-06-08T10:27:25.942762+00:00,scheduler,1,0,675.9,10240.0,42,25.409
2026-06-08T10:27:25.942762+00:00,scheduler,2,100,8837.9,10240.0,68,286.416
2026-06-08T10:27:25.942762+00:00,scheduler,3,100,8837.9,10240.0,72,319.562
2026-06-08T10:27:30.943362+00:00,scheduler,0,100,8837.9,10240.0,61,318.771
2026-06-08T10:27:30.943362+00:00,scheduler,1,9,8697.9,10240.0,55,186.085
2026-06-08T10:27:30.943362+00:00,scheduler,2,100,8837.9,10240.0,68,281.171
2026-06-08T10:27:30.943362+00:00,scheduler,3,100,8837.9,10240.0,72,318.942
2026-06-08T10:27:35.944079+00:00,scheduler,0,9,8837.9,10240.0,56,287.112
2026-06-08T10:27:35.944079+00:00,scheduler,1,10,8697.9,10240.0,51,101.24
2026-06-08T10:27:35.944079+00:00,scheduler,2,100,8837.9,10240.0,68,281.232
2026-06-08T10:27:35.944079+00:00,scheduler,3,100,8837.9,10240.0,73,319.349
2026-06-08T10:27:40.944682+00:00,scheduler,0,9,8837.9,10240.0,50,97.569
2026-06-08T10:27:40.944682+00:00,scheduler,1,100,8813.9,10240.0,70,285.205
2026-06-08T10:27:40.944682+00:00,scheduler,2,14,8837.9,10240.0,60,186.523
2026-06-08T10:27:40.944682+00:00,scheduler,3,11,8837.9,10240.0,53,99.891
2026-06-08T10:27:45.945337+00:00,scheduler,0,0,699.9,10240.0,49,99.568
2026-06-08T10:27:45.945337+00:00,scheduler,1,100,8813.9,10240.0,70,266.077
2026-06-08T10:27:45.945337+00:00,scheduler,2,10,765.9,10240.0,52,96.193
2026-06-08T10:27:45.945337+00:00,scheduler,3,0,699.9,10240.0,53,124.688
2026-06-08T10:27:50.945867+00:00,scheduler,0,0,699.9,10240.0,48,96.929
2026-06-08T10:27:50.945867+00:00,scheduler,1,100,8813.9,10240.0,70,268.352
2026-06-08T10:27:50.945867+00:00,scheduler,2,0,699.9,10240.0,50,94.922
2026-06-08T10:27:50.945867+00:00,scheduler,3,0,699.9,10240.0,50,98.517
2026-06-08T10:27:55.946520+00:00,scheduler,0,0,699.9,10240.0,47,97.233
2026-06-08T10:27:55.946520+00:00,scheduler,1,100,8813.9,10240.0,70,264.555
2026-06-08T10:27:55.946520+00:00,scheduler,2,0,699.9,10240.0,49,93.634
2026-06-08T10:27:55.946520+00:00,scheduler,3,0,699.9,10240.0,49,98.249
2026-06-08T10:28:00.947122+00:00,scheduler,0,0,699.9,10240.0,42,31.576
2026-06-08T10:28:00.947122+00:00,scheduler,1,100,8813.9,10240.0,71,260.534
2026-06-08T10:28:00.947122+00:00,scheduler,2,0,699.9,10240.0,48,94.216
2026-06-08T10:28:00.947122+00:00,scheduler,3,0,699.9,10240.0,48,97.972
2026-06-08T10:28:05.947732+00:00,scheduler,0,0,699.9,10240.0,41,24.068
2026-06-08T10:28:05.947732+00:00,scheduler,1,100,8813.9,10240.0,71,260.738
2026-06-08T10:28:05.947732+00:00,scheduler,2,0,699.9,10240.0,44,21.743
2026-06-08T10:28:05.947732+00:00,scheduler,3,0,699.9,10240.0,41,27.673
2026-06-08T10:28:10.948427+00:00,scheduler,0,0,699.9,10240.0,40,23.888
2026-06-08T10:28:10.948427+00:00,scheduler,1,100,8813.9,10240.0,71,258.352
2026-06-08T10:28:10.948427+00:00,scheduler,2,0,699.9,10240.0,41,20.105
2026-06-08T10:28:10.948427+00:00,scheduler,3,0,699.9,10240.0,40,27.509
2026-06-08T10:28:15.948998+00:00,scheduler,0,0,699.9,10240.0,39,23.831
2026-06-08T10:28:15.948998+00:00,scheduler,1,100,8813.9,10240.0,71,253.209
2026-06-08T10:28:15.948998+00:00,scheduler,2,0,699.9,10240.0,40,20.053
2026-06-08T10:28:15.948998+00:00,scheduler,3,0,699.9,10240.0,39,27.42
2026-06-08T10:28:20.949691+00:00,scheduler,0,0,699.9,10240.0,38,23.543
2026-06-08T10:28:20.949691+00:00,scheduler,1,100,8813.9,10240.0,72,255.621
2026-06-08T10:28:20.949691+00:00,scheduler,2,0,699.9,10240.0,39,19.827
2026-06-08T10:28:20.949691+00:00,scheduler,3,0,699.9,10240.0,38,27.509
2026-06-08T10:28:25.950253+00:00,scheduler,0,0,699.9,10240.0,38,23.608
2026-06-08T10:28:25.950253+00:00,scheduler,1,9,8813.9,10240.0,59,107.645
2026-06-08T10:28:25.950253+00:00,scheduler,2,0,699.9,10240.0,38,19.785
2026-06-08T10:28:25.950253+00:00,scheduler,3,0,699.9,10240.0,37,27.365
2026-06-08T10:28:30.950871+00:00,scheduler,0,0,699.9,10240.0,37,23.977
2026-06-08T10:28:30.950871+00:00,scheduler,1,0,675.9,10240.0,58,116.332
2026-06-08T10:28:30.950871+00:00,scheduler,2,0,699.9,10240.0,38,19.414
2026-06-08T10:28:30.950871+00:00,scheduler,3,0,699.9,10240.0,37,27.361
2026-06-08T10:28:35.951562+00:00,scheduler,0,0,699.9,10240.0,37,23.697
2026-06-08T10:28:35.951562+00:00,scheduler,1,0,675.9,10240.0,57,105.555
2026-06-08T10:28:35.951562+00:00,scheduler,2,0,699.9,10240.0,37,19.474
2026-06-08T10:28:35.951562+00:00,scheduler,3,0,699.9,10240.0,36,27.279
2026-06-08T10:28:40.952226+00:00,scheduler,0,0,699.9,10240.0,36,23.726
2026-06-08T10:28:40.952226+00:00,scheduler,1,0,675.9,10240.0,56,105.072
2026-06-08T10:28:40.952226+00:00,scheduler,2,0,699.9,10240.0,37,19.378
2026-06-08T10:28:40.952226+00:00,scheduler,3,0,699.9,10240.0,36,27.235
2026-06-08T10:28:45.952860+00:00,scheduler,0,0,699.9,10240.0,36,23.593
2026-06-08T10:28:45.952860+00:00,scheduler,1,0,675.9,10240.0,50,63.032
2026-06-08T10:28:45.952860+00:00,scheduler,2,0,699.9,10240.0,36,19.543
2026-06-08T10:28:45.952860+00:00,scheduler,3,0,699.9,10240.0,35,27.378
2026-06-08T10:28:50.953466+00:00,scheduler,0,0,699.9,10240.0,35,23.637
2026-06-08T10:28:50.953466+00:00,scheduler,1,0,675.9,10240.0,47,25.245
2026-06-08T10:28:50.953466+00:00,scheduler,2,0,699.9,10240.0,36,19.313
2026-06-08T10:28:50.953466+00:00,scheduler,3,0,699.9,10240.0,35,27.181
2026-06-08T10:28:55.954104+00:00,scheduler,0,0,699.9,10240.0,35,23.452
2026-06-08T10:28:55.954104+00:00,scheduler,1,0,675.9,10240.0,46,25.31
2026-06-08T10:28:55.954104+00:00,scheduler,2,0,699.9,10240.0,36,19.279
2026-06-08T10:28:55.954104+00:00,scheduler,3,0,699.9,10240.0,35,27.178
2026-06-08T10:29:00.954740+00:00,scheduler,0,0,699.9,10240.0,35,23.375
2026-06-08T10:29:00.954740+00:00,scheduler,1,0,675.9,10240.0,45,25.461
2026-06-08T10:29:00.954740+00:00,scheduler,2,0,699.9,10240.0,35,19.238
2026-06-08T10:29:00.954740+00:00,scheduler,3,0,699.9,10240.0,35,27.304
2026-06-08T10:29:05.955368+00:00,scheduler,0,0,699.9,10240.0,35,23.553
2026-06-08T10:29:05.955368+00:00,scheduler,1,0,675.9,10240.0,44,25.143
2026-06-08T10:29:05.955368+00:00,scheduler,2,0,699.9,10240.0,35,19.062
2026-06-08T10:29:05.955368+00:00,scheduler,3,0,699.9,10240.0,34,27.167
2026-06-08T10:29:10.956048+00:00,scheduler,0,0,699.9,10240.0,35,23.319
2026-06-08T10:29:10.956048+00:00,scheduler,1,0,675.9,10240.0,44,25.061
2026-06-08T10:29:10.956048+00:00,scheduler,2,0,699.9,10240.0,35,19.112
2026-06-08T10:29:10.956048+00:00,scheduler,3,0,699.9,10240.0,34,27.103
2026-06-08T10:29:15.956633+00:00,scheduler,0,0,699.9,10240.0,34,23.317
2026-06-08T10:29:15.956633+00:00,scheduler,1,0,675.9,10240.0,43,25.155
2026-06-08T10:29:15.956633+00:00,scheduler,2,0,699.9,10240.0,35,19.253
2026-06-08T10:29:15.956633+00:00,scheduler,3,0,699.9,10240.0,34,27.337
2026-06-08T10:29:20.957335+00:00,scheduler,0,0,699.9,10240.0,34,23.346
2026-06-08T10:29:20.957335+00:00,scheduler,1,0,675.9,10240.0,43,25.099
2026-06-08T10:29:20.957335+00:00,scheduler,2,0,699.9,10240.0,35,19.248
2026-06-08T10:29:20.957335+00:00,scheduler,3,0,699.9,10240.0,34,27.209
2026-06-08T10:29:25.958131+00:00,scheduler,0,0,699.9,10240.0,34,23.513
2026-06-08T10:29:25.958131+00:00,scheduler,1,0,675.9,10240.0,42,24.931
2026-06-08T10:29:25.958131+00:00,scheduler,2,0,699.9,10240.0,34,19.061
2026-06-08T10:29:25.958131+00:00,scheduler,3,0,699.9,10240.0,34,27.144
2026-06-08T10:29:30.958761+00:00,scheduler,0,0,699.9,10240.0,34,23.269
2026-06-08T10:29:30.958761+00:00,scheduler,1,0,675.9,10240.0,42,24.876
2026-06-08T10:29:30.958761+00:00,scheduler,2,0,699.9,10240.0,34,19.122
2026-06-08T10:29:30.958761+00:00,scheduler,3,0,699.9,10240.0,34,27.286
2026-06-08T10:29:35.959410+00:00,scheduler,0,0,699.9,10240.0,34,23.298
2026-06-08T10:29:35.959410+00:00,scheduler,1,0,675.9,10240.0,41,25.019
2026-06-08T10:29:35.959410+00:00,scheduler,2,0,699.9,10240.0,34,19.158
2026-06-08T10:29:35.959410+00:00,scheduler,3,0,699.9,10240.0,34,27.037
2026-06-08T10:29:40.960105+00:00,scheduler,0,0,699.9,10240.0,34,23.32
2026-06-08T10:29:40.960105+00:00,scheduler,1,0,675.9,10240.0,41,24.851
2026-06-08T10:29:40.960105+00:00,scheduler,2,0,699.9,10240.0,34,19.097
2026-06-08T10:29:40.960105+00:00,scheduler,3,0,699.9,10240.0,34,27.102
2026-06-08T10:29:45.960843+00:00,scheduler,0,0,699.9,10240.0,34,23.242
2026-06-08T10:29:45.960843+00:00,scheduler,1,0,675.9,10240.0,41,24.997
2026-06-08T10:29:45.960843+00:00,scheduler,2,0,699.9,10240.0,34,18.964
2026-06-08T10:29:45.960843+00:00,scheduler,3,0,699.9,10240.0,34,27.095
2026-06-08T10:29:50.961470+00:00,scheduler,0,0,699.9,10240.0,34,23.265
2026-06-08T10:29:50.961470+00:00,scheduler,1,0,675.9,10240.0,40,24.838
2026-06-08T10:29:50.961470+00:00,scheduler,2,0,699.9,10240.0,34,19.036
2026-06-08T10:29:50.961470+00:00,scheduler,3,0,699.9,10240.0,33,27.147
2026-06-08T10:29:55.962260+00:00,scheduler,0,0,699.9,10240.0,34,23.379
2026-06-08T10:29:55.962260+00:00,scheduler,1,0,675.9,10240.0,40,24.862
2026-06-08T10:29:55.962260+00:00,scheduler,2,0,699.9,10240.0,34,19.026
2026-06-08T10:29:55.962260+00:00,scheduler,3,0,699.9,10240.0,33,27.097
2026-06-08T10:30:00.962980+00:00,scheduler,0,0,699.9,10240.0,34,23.253
2026-06-08T10:30:00.962980+00:00,scheduler,1,0,675.9,10240.0,40,24.975
2026-06-08T10:30:00.962980+00:00,scheduler,2,0,699.9,10240.0,34,18.945
2026-06-08T10:30:00.962980+00:00,scheduler,3,0,699.9,10240.0,33,27.074
2026-06-08T10:30:05.963630+00:00,scheduler,0,0,699.9,10240.0,34,23.287
2026-06-08T10:30:05.963630+00:00,scheduler,1,0,675.9,10240.0,40,24.87
2026-06-08T10:30:05.963630+00:00,scheduler,2,0,699.9,10240.0,34,19.103
2026-06-08T10:30:05.963630+00:00,scheduler,3,0,699.9,10240.0,33,27.043
2026-06-08T10:30:10.964296+00:00,scheduler,0,0,699.9,10240.0,33,23.258
2026-06-08T10:30:10.964296+00:00,scheduler,1,0,675.9,10240.0,39,24.771
2026-06-08T10:30:10.964296+00:00,scheduler,2,0,699.9,10240.0,34,19.036
2026-06-08T10:30:10.964296+00:00,scheduler,3,0,699.9,10240.0,33,26.994
2026-06-08T10:30:15.964999+00:00,scheduler,0,0,699.9,10240.0,33,23.305
2026-06-08T10:30:15.964999+00:00,scheduler,1,0,675.9,10240.0,39,24.905
2026-06-08T10:30:15.964999+00:00,scheduler,2,0,699.9,10240.0,34,18.879
2026-06-08T10:30:15.964999+00:00,scheduler,3,0,699.9,10240.0,33,26.986
2026-06-08T10:30:20.965726+00:00,scheduler,0,0,699.9,10240.0,33,23.259
2026-06-08T10:30:20.965726+00:00,scheduler,1,0,675.9,10240.0,39,24.806
2026-06-08T10:30:20.965726+00:00,scheduler,2,0,699.9,10240.0,34,18.942
2026-06-08T10:30:20.965726+00:00,scheduler,3,0,699.9,10240.0,33,26.997
2026-06-08T10:30:25.966444+00:00,scheduler,0,0,699.9,10240.0,33,23.255
2026-06-08T10:30:25.966444+00:00,scheduler,1,0,675.9,10240.0,39,24.834
2026-06-08T10:30:25.966444+00:00,scheduler,2,0,699.9,10240.0,33,19.161
2026-06-08T10:30:25.966444+00:00,scheduler,3,0,699.9,10240.0,33,26.893
2026-06-08T10:30:30.967269+00:00,scheduler,0,0,699.9,10240.0,33,23.301
2026-06-08T10:30:30.967269+00:00,scheduler,1,0,675.9,10240.0,39,24.825
2026-06-08T10:30:30.967269+00:00,scheduler,2,0,699.9,10240.0,33,19.14
2026-06-08T10:30:30.967269+00:00,scheduler,3,0,699.9,10240.0,33,27.031
2026-06-08T10:30:35.967869+00:00,scheduler,0,0,699.9,10240.0,33,23.217
2026-06-08T10:30:35.967869+00:00,scheduler,1,0,675.9,10240.0,39,24.884
2026-06-08T10:30:35.967869+00:00,scheduler,2,0,699.9,10240.0,33,19.107
2026-06-08T10:30:35.967869+00:00,scheduler,3,0,699.9,10240.0,33,27.092
2026-06-08T10:30:40.968633+00:00,scheduler,0,44,5429.9,10240.0,37,63.677
2026-06-08T10:30:40.968633+00:00,scheduler,1,0,675.9,10240.0,38,24.82
2026-06-08T10:30:40.968633+00:00,scheduler,2,0,699.9,10240.0,33,19.046
2026-06-08T10:30:40.968633+00:00,scheduler,3,0,699.9,10240.0,33,27.136
2026-06-08T10:30:45.969296+00:00,scheduler,0,10,8721.9,10240.0,38,93.534
2026-06-08T10:30:45.969296+00:00,scheduler,1,0,675.9,10240.0,38,24.696
2026-06-08T10:30:45.969296+00:00,scheduler,2,0,699.9,10240.0,33,18.907
2026-06-08T10:30:45.969296+00:00,scheduler,3,0,699.9,10240.0,33,27.101
2026-06-08T10:30:50.969978+00:00,scheduler,0,100,8837.9,10240.0,51,318.726
2026-06-08T10:30:50.969978+00:00,scheduler,1,0,675.9,10240.0,38,24.881
2026-06-08T10:30:50.969978+00:00,scheduler,2,0,699.9,10240.0,33,19.45
2026-06-08T10:30:50.969978+00:00,scheduler,3,0,699.9,10240.0,33,27.015
2026-06-08T10:30:55.970684+00:00,scheduler,0,100,8837.9,10240.0,53,318.655
2026-06-08T10:30:55.970684+00:00,scheduler,1,0,675.9,10240.0,38,24.899
2026-06-08T10:30:55.970684+00:00,scheduler,2,0,699.9,10240.0,33,19.348
2026-06-08T10:30:55.970684+00:00,scheduler,3,0,699.9,10240.0,33,27.276
2026-06-08T10:31:00.971332+00:00,scheduler,0,100,8837.9,10240.0,55,318.884
2026-06-08T10:31:00.971332+00:00,scheduler,1,0,675.9,10240.0,38,25.039
2026-06-08T10:31:00.971332+00:00,scheduler,2,0,699.9,10240.0,33,19.443
2026-06-08T10:31:00.971332+00:00,scheduler,3,0,699.9,10240.0,33,27.118
2026-06-08T10:31:05.971931+00:00,scheduler,0,100,8837.9,10240.0,56,318.512
2026-06-08T10:31:05.971931+00:00,scheduler,1,0,675.9,10240.0,38,24.98
2026-06-08T10:31:05.971931+00:00,scheduler,2,0,699.9,10240.0,33,19.557
2026-06-08T10:31:05.971931+00:00,scheduler,3,0,699.9,10240.0,33,27.112
2026-06-08T10:31:10.972697+00:00,scheduler,0,100,8837.9,10240.0,57,318.284
2026-06-08T10:31:10.972697+00:00,scheduler,1,0,675.9,10240.0,38,24.903
2026-06-08T10:31:10.972697+00:00,scheduler,2,0,699.9,10240.0,33,19.412
2026-06-08T10:31:10.972697+00:00,scheduler,3,0,699.9,10240.0,33,27.136
2026-06-08T10:31:15.973378+00:00,scheduler,0,100,8837.9,10240.0,58,318.602
2026-06-08T10:31:15.973378+00:00,scheduler,1,0,675.9,10240.0,38,24.959
2026-06-08T10:31:15.973378+00:00,scheduler,2,0,699.9,10240.0,33,19.366
2026-06-08T10:31:15.973378+00:00,scheduler,3,0,699.9,10240.0,33,27.199
2026-06-08T10:31:20.973985+00:00,scheduler,0,100,8837.9,10240.0,59,318.72
2026-06-08T10:31:20.973985+00:00,scheduler,1,45,7053.9,10240.0,46,84.923
2026-06-08T10:31:20.973985+00:00,scheduler,2,0,699.9,10240.0,33,19.239
2026-06-08T10:31:20.973985+00:00,scheduler,3,0,699.9,10240.0,33,27.206
2026-06-08T10:31:25.974563+00:00,scheduler,0,100,8837.9,10240.0,60,318.78
2026-06-08T10:31:25.974563+00:00,scheduler,1,10,8697.9,10240.0,48,99.71
2026-06-08T10:31:25.974563+00:00,scheduler,2,9,8721.9,10240.0,41,110.633
2026-06-08T10:31:25.974563+00:00,scheduler,3,0,699.9,10240.0,33,27.211
2026-06-08T10:31:30.975155+00:00,scheduler,0,18,8837.9,10240.0,52,117.276
2026-06-08T10:31:30.975155+00:00,scheduler,1,100,8813.9,10240.0,70,318.807
2026-06-08T10:31:30.975155+00:00,scheduler,2,45,995.9,10240.0,40,90.935
2026-06-08T10:31:30.975155+00:00,scheduler,3,0,699.9,10240.0,33,27.214
2026-06-08T10:31:35.975805+00:00,scheduler,0,87,765.9,10240.0,55,118.497
2026-06-08T10:31:35.975805+00:00,scheduler,1,100,8813.9,10240.0,68,279.692
2026-06-08T10:31:35.975805+00:00,scheduler,2,100,8837.9,10240.0,60,318.632
2026-06-08T10:31:35.975805+00:00,scheduler,3,0,699.9,10240.0,33,27.189
2026-06-08T10:31:40.976676+00:00,scheduler,0,0,699.9,10240.0,48,96.21
2026-06-08T10:31:40.976676+00:00,scheduler,1,100,8813.9,10240.0,68,274.331
2026-06-08T10:31:40.976676+00:00,scheduler,2,100,8837.9,10240.0,63,319.199
2026-06-08T10:31:40.976676+00:00,scheduler,3,0,699.9,10240.0,33,27.089
2026-06-08T10:31:45.977332+00:00,scheduler,0,0,699.9,10240.0,47,96.09
2026-06-08T10:31:45.977332+00:00,scheduler,1,100,8813.9,10240.0,69,271.635
2026-06-08T10:31:45.977332+00:00,scheduler,2,100,8837.9,10240.0,65,312.135
2026-06-08T10:31:45.977332+00:00,scheduler,3,0,699.9,10240.0,33,27.169
2026-06-08T10:31:50.978005+00:00,scheduler,0,0,699.9,10240.0,47,95.673
2026-06-08T10:31:50.978005+00:00,scheduler,1,100,8813.9,10240.0,69,270.741
2026-06-08T10:31:50.978005+00:00,scheduler,2,100,8837.9,10240.0,66,302.066
2026-06-08T10:31:50.978005+00:00,scheduler,3,0,699.9,10240.0,33,27.299
2026-06-08T10:31:55.978604+00:00,scheduler,0,0,699.9,10240.0,42,24.134
2026-06-08T10:31:55.978604+00:00,scheduler,1,100,8813.9,10240.0,69,267.508
2026-06-08T10:31:55.978604+00:00,scheduler,2,100,8837.9,10240.0,66,292.569
2026-06-08T10:31:55.978604+00:00,scheduler,3,0,699.9,10240.0,33,27.2
2026-06-08T10:32:00.979254+00:00,scheduler,0,0,699.9,10240.0,41,23.95
2026-06-08T10:32:00.979254+00:00,scheduler,1,100,8813.9,10240.0,70,263.499
2026-06-08T10:32:00.979254+00:00,scheduler,2,100,8837.9,10240.0,66,289.775
2026-06-08T10:32:00.979254+00:00,scheduler,3,0,699.9,10240.0,33,26.953
2026-06-08T10:32:05.979894+00:00,scheduler,0,0,699.9,10240.0,40,23.626
2026-06-08T10:32:05.979894+00:00,scheduler,1,100,8813.9,10240.0,70,264.465
2026-06-08T10:32:05.979894+00:00,scheduler,2,100,8837.9,10240.0,67,287.01
2026-06-08T10:32:05.979894+00:00,scheduler,3,0,699.9,10240.0,33,27.079
2026-06-08T10:32:10.980583+00:00,scheduler,0,0,699.9,10240.0,39,23.525
2026-06-08T10:32:10.980583+00:00,scheduler,1,100,8813.9,10240.0,71,263.012
2026-06-08T10:32:10.980583+00:00,scheduler,2,100,8837.9,10240.0,68,288.181
2026-06-08T10:32:10.980583+00:00,scheduler,3,0,699.9,10240.0,33,27.235
2026-06-08T10:32:15.981272+00:00,scheduler,0,0,699.9,10240.0,38,23.567
2026-06-08T10:32:15.981272+00:00,scheduler,1,9,8813.9,10240.0,57,106.368
2026-06-08T10:32:15.981272+00:00,scheduler,2,9,8837.9,10240.0,59,166.31
2026-06-08T10:32:15.981272+00:00,scheduler,3,30,6485.9,10240.0,38,96.111
2026-06-08T10:32:20.981905+00:00,scheduler,0,0,699.9,10240.0,38,23.421
2026-06-08T10:32:20.981905+00:00,scheduler,1,0,675.9,10240.0,57,114.826
2026-06-08T10:32:20.981905+00:00,scheduler,2,8,8837.9,10240.0,51,96.063
2026-06-08T10:32:20.981905+00:00,scheduler,3,10,8721.9,10240.0,40,96.59
2026-06-08T10:32:25.982515+00:00,scheduler,0,0,699.9,10240.0,37,23.38
2026-06-08T10:32:25.982515+00:00,scheduler,1,0,675.9,10240.0,55,104.39
2026-06-08T10:32:25.982515+00:00,scheduler,2,0,699.9,10240.0,50,98.784
2026-06-08T10:32:25.982515+00:00,scheduler,3,42,8835.9,10240.0,42,117.065
2026-06-08T10:32:30.983080+00:00,scheduler,0,0,699.9,10240.0,37,23.439
2026-06-08T10:32:30.983080+00:00,scheduler,1,0,675.9,10240.0,55,104.113
2026-06-08T10:32:30.983080+00:00,scheduler,2,0,699.9,10240.0,49,94.747
2026-06-08T10:32:30.983080+00:00,scheduler,3,100,8837.9,10240.0,66,318.11
2026-06-08T10:32:35.983691+00:00,scheduler,0,0,699.9,10240.0,36,23.235
2026-06-08T10:32:35.983691+00:00,scheduler,1,0,675.9,10240.0,51,87.961
2026-06-08T10:32:35.983691+00:00,scheduler,2,0,699.9,10240.0,48,94.471
2026-06-08T10:32:35.983691+00:00,scheduler,3,100,8837.9,10240.0,68,319.5
2026-06-08T10:32:40.984378+00:00,scheduler,0,0,699.9,10240.0,36,23.214
2026-06-08T10:32:40.984378+00:00,scheduler,1,0,675.9,10240.0,47,25.773
2026-06-08T10:32:40.984378+00:00,scheduler,2,0,699.9,10240.0,44,23.686
2026-06-08T10:32:40.984378+00:00,scheduler,3,100,8837.9,10240.0,69,318.79
2026-06-08T10:32:45.985059+00:00,scheduler,0,0,699.9,10240.0,36,23.351
2026-06-08T10:32:45.985059+00:00,scheduler,1,0,675.9,10240.0,45,25.383
2026-06-08T10:32:45.985059+00:00,scheduler,2,0,699.9,10240.0,41,20.275
2026-06-08T10:32:45.985059+00:00,scheduler,3,100,8837.9,10240.0,70,319.048
2026-06-08T10:32:50.985689+00:00,scheduler,0,0,699.9,10240.0,35,23.349
2026-06-08T10:32:50.985689+00:00,scheduler,1,0,675.9,10240.0,44,25.408
2026-06-08T10:32:50.985689+00:00,scheduler,2,0,699.9,10240.0,40,20.055
2026-06-08T10:32:50.985689+00:00,scheduler,3,100,8837.9,10240.0,71,319.009
2026-06-08T10:32:55.986276+00:00,scheduler,0,0,699.9,10240.0,35,23.165
2026-06-08T10:32:55.986276+00:00,scheduler,1,0,675.9,10240.0,44,25.123
2026-06-08T10:32:55.986276+00:00,scheduler,2,0,699.9,10240.0,39,20.194
2026-06-08T10:32:55.986276+00:00,scheduler,3,100,8837.9,10240.0,71,319.012
2026-06-08T10:33:00.986948+00:00,scheduler,0,11,8721.9,10240.0,41,111.147
2026-06-08T10:33:00.986948+00:00,scheduler,1,0,675.9,10240.0,43,25.152
2026-06-08T10:33:00.986948+00:00,scheduler,2,0,699.9,10240.0,38,19.981
2026-06-08T10:33:00.986948+00:00,scheduler,3,100,8837.9,10240.0,72,319.115
2026-06-08T10:33:05.987584+00:00,scheduler,0,100,8837.9,10240.0,50,172.133
2026-06-08T10:33:05.987584+00:00,scheduler,1,0,675.9,10240.0,42,25.275
2026-06-08T10:33:05.987584+00:00,scheduler,2,0,699.9,10240.0,38,19.628
2026-06-08T10:33:05.987584+00:00,scheduler,3,100,8837.9,10240.0,72,319.544
2026-06-08T10:33:10.988136+00:00,scheduler,0,100,8837.9,10240.0,54,319.218
2026-06-08T10:33:10.988136+00:00,scheduler,1,92,8677.9,10240.0,50,111.422
2026-06-08T10:33:10.988136+00:00,scheduler,2,9,8721.9,10240.0,48,155.109
2026-06-08T10:33:10.988136+00:00,scheduler,3,10,8837.9,10240.0,52,99.899
2026-06-08T10:33:15.988969+00:00,scheduler,0,100,8837.9,10240.0,56,319.317
2026-06-08T10:33:15.988969+00:00,scheduler,1,9,8137.9,10240.0,51,101.852
2026-06-08T10:33:15.988969+00:00,scheduler,2,9,8721.9,10240.0,44,92.337
2026-06-08T10:33:15.988969+00:00,scheduler,3,0,699.9,10240.0,52,124.96
2026-06-08T10:33:20.989702+00:00,scheduler,0,100,8837.9,10240.0,57,319.672
2026-06-08T10:33:20.989702+00:00,scheduler,1,100,8813.9,10240.0,70,295.294
2026-06-08T10:33:20.989702+00:00,scheduler,2,100,8837.9,10240.0,63,319.312
2026-06-08T10:33:20.989702+00:00,scheduler,3,0,699.9,10240.0,49,98.552
2026-06-08T10:33:25.990428+00:00,scheduler,0,100,8837.9,10240.0,58,318.962
2026-06-08T10:33:25.990428+00:00,scheduler,1,100,8813.9,10240.0,70,267.369
2026-06-08T10:33:25.990428+00:00,scheduler,2,100,8837.9,10240.0,66,319.187
2026-06-08T10:33:25.990428+00:00,scheduler,3,0,699.9,10240.0,48,99.09
2026-06-08T10:33:30.991130+00:00,scheduler,0,100,8837.9,10240.0,59,319.191
2026-06-08T10:33:30.991130+00:00,scheduler,1,100,8813.9,10240.0,70,268.389
2026-06-08T10:33:30.991130+00:00,scheduler,2,100,8837.9,10240.0,67,305.458
2026-06-08T10:33:30.991130+00:00,scheduler,3,0,699.9,10240.0,48,98.908
2026-06-08T10:33:35.991754+00:00,scheduler,0,100,8837.9,10240.0,59,319.197
2026-06-08T10:33:35.991754+00:00,scheduler,1,100,8813.9,10240.0,70,265.054
2026-06-08T10:33:35.991754+00:00,scheduler,2,100,8837.9,10240.0,67,295.863
2026-06-08T10:33:35.991754+00:00,scheduler,3,0,699.9,10240.0,41,28.011
2026-06-08T10:33:40.992434+00:00,scheduler,0,100,8837.9,10240.0,60,318.6
2026-06-08T10:33:40.992434+00:00,scheduler,1,100,8813.9,10240.0,70,259.926
2026-06-08T10:33:40.992434+00:00,scheduler,2,100,8837.9,10240.0,67,289.791
2026-06-08T10:33:40.992434+00:00,scheduler,3,0,699.9,10240.0,40,28.237
2026-06-08T10:33:45.993061+00:00,scheduler,0,100,8837.9,10240.0,61,318.841
2026-06-08T10:33:45.993061+00:00,scheduler,1,100,8813.9,10240.0,71,261.787
2026-06-08T10:33:45.993061+00:00,scheduler,2,100,8837.9,10240.0,67,285.03
2026-06-08T10:33:45.993061+00:00,scheduler,3,0,699.9,10240.0,39,27.91
2026-06-08T10:33:50.993733+00:00,scheduler,0,9,8837.9,10240.0,49,97.296
2026-06-08T10:33:50.993733+00:00,scheduler,1,100,8813.9,10240.0,71,263.573
2026-06-08T10:33:50.993733+00:00,scheduler,2,100,8837.9,10240.0,68,283.343
2026-06-08T10:33:50.993733+00:00,scheduler,3,0,699.9,10240.0,38,27.787
2026-06-08T10:33:55.994357+00:00,scheduler,0,0,699.9,10240.0,49,104.908
2026-06-08T10:33:55.994357+00:00,scheduler,1,100,8813.9,10240.0,71,258.839
2026-06-08T10:33:55.994357+00:00,scheduler,2,100,8837.9,10240.0,68,281.966
2026-06-08T10:33:55.994357+00:00,scheduler,3,0,699.9,10240.0,38,27.891
2026-06-08T10:34:00.995054+00:00,scheduler,0,0,699.9,10240.0,47,96.155
2026-06-08T10:34:00.995054+00:00,scheduler,1,100,8813.9,10240.0,71,256.514
2026-06-08T10:34:00.995054+00:00,scheduler,2,100,8837.9,10240.0,68,277.58
2026-06-08T10:34:00.995054+00:00,scheduler,3,0,699.9,10240.0,37,27.832
2026-06-08T10:34:05.995718+00:00,scheduler,0,0,699.9,10240.0,47,97.13
2026-06-08T10:34:05.995718+00:00,scheduler,1,9,8813.9,10240.0,59,107.045
2026-06-08T10:34:05.995718+00:00,scheduler,2,9,8837.9,10240.0,52,96.534
2026-06-08T10:34:05.995718+00:00,scheduler,3,0,699.9,10240.0,36,27.536
2026-06-08T10:34:10.996451+00:00,scheduler,0,0,699.9,10240.0,43,81.973
2026-06-08T10:34:10.996451+00:00,scheduler,1,0,675.9,10240.0,60,131.957
2026-06-08T10:34:10.996451+00:00,scheduler,2,0,699.9,10240.0,51,101.603
2026-06-08T10:34:10.996451+00:00,scheduler,3,34,8281.9,10240.0,42,97.949
2026-06-08T10:34:15.997408+00:00,scheduler,0,0,699.9,10240.0,41,23.798
2026-06-08T10:34:15.997408+00:00,scheduler,1,0,675.9,10240.0,57,105.204
2026-06-08T10:34:15.997408+00:00,scheduler,2,0,699.9,10240.0,49,93.353
2026-06-08T10:34:15.997408+00:00,scheduler,3,10,8721.9,10240.0,43,97.819
2026-06-08T10:34:20.998099+00:00,scheduler,0,0,699.9,10240.0,40,23.891
2026-06-08T10:34:20.998099+00:00,scheduler,1,0,675.9,10240.0,56,104.631
2026-06-08T10:34:20.998099+00:00,scheduler,2,0,699.9,10240.0,49,93.892
2026-06-08T10:34:20.998099+00:00,scheduler,3,100,8837.9,10240.0,64,319.134
2026-06-08T10:34:25.998798+00:00,scheduler,0,0,699.9,10240.0,39,23.692
2026-06-08T10:34:25.998798+00:00,scheduler,1,0,675.9,10240.0,56,104.107
2026-06-08T10:34:25.998798+00:00,scheduler,2,0,699.9,10240.0,44,46.5
2026-06-08T10:34:25.998798+00:00,scheduler,3,100,8837.9,10240.0,68,318.465
2026-06-08T10:34:30.999475+00:00,scheduler,0,0,699.9,10240.0,38,23.684
2026-06-08T10:34:30.999475+00:00,scheduler,1,0,675.9,10240.0,48,26.023
2026-06-08T10:34:30.999475+00:00,scheduler,2,0,699.9,10240.0,42,20.569
2026-06-08T10:34:30.999475+00:00,scheduler,3,100,8837.9,10240.0,70,318.177
2026-06-08T10:34:36.000053+00:00,scheduler,0,0,699.9,10240.0,38,23.536
2026-06-08T10:34:36.000053+00:00,scheduler,1,0,675.9,10240.0,46,25.673
2026-06-08T10:34:36.000053+00:00,scheduler,2,0,699.9,10240.0,40,19.922
2026-06-08T10:34:36.000053+00:00,scheduler,3,100,8837.9,10240.0,70,319.145
2026-06-08T10:34:41.000819+00:00,scheduler,0,0,699.9,10240.0,37,23.544
2026-06-08T10:34:41.000819+00:00,scheduler,1,0,675.9,10240.0,45,25.467
2026-06-08T10:34:41.000819+00:00,scheduler,2,0,699.9,10240.0,39,19.843
2026-06-08T10:34:41.000819+00:00,scheduler,3,100,8837.9,10240.0,71,319.45
2026-06-08T10:34:46.001756+00:00,scheduler,0,0,699.9,10240.0,37,23.571
2026-06-08T10:34:46.001756+00:00,scheduler,1,0,675.9,10240.0,44,25.606
2026-06-08T10:34:46.001756+00:00,scheduler,2,21,8721.9,10240.0,47,161.361
2026-06-08T10:34:46.001756+00:00,scheduler,3,100,8837.9,10240.0,71,318.568
2026-06-08T10:34:51.002611+00:00,scheduler,0,0,699.9,10240.0,36,23.539
2026-06-08T10:34:51.002611+00:00,scheduler,1,0,675.9,10240.0,44,25.483
2026-06-08T10:34:51.002611+00:00,scheduler,2,34,3831.9,10240.0,46,104.626
2026-06-08T10:34:51.002611+00:00,scheduler,3,100,8837.9,10240.0,72,318.366
2026-06-08T10:34:56.003185+00:00,scheduler,0,0,699.9,10240.0,36,23.564
2026-06-08T10:34:56.003185+00:00,scheduler,1,13,8697.9,10240.0,55,128.441
2026-06-08T10:34:56.003185+00:00,scheduler,2,100,8837.9,10240.0,65,319.0
2026-06-08T10:34:56.003185+00:00,scheduler,3,100,8837.9,10240.0,73,319.457
2026-06-08T10:35:01.003796+00:00,scheduler,0,0,699.9,10240.0,36,23.469
2026-06-08T10:35:01.003796+00:00,scheduler,1,100,8813.9,10240.0,70,243.493
2026-06-08T10:35:01.003796+00:00,scheduler,2,100,8837.9,10240.0,66,308.21
2026-06-08T10:35:01.003796+00:00,scheduler,3,14,8837.9,10240.0,59,208.2
2026-06-08T10:35:06.004480+00:00,scheduler,0,44,3441.9,10240.0,38,32.602
2026-06-08T10:35:06.004480+00:00,scheduler,1,100,8813.9,10240.0,70,268.754
2026-06-08T10:35:06.004480+00:00,scheduler,2,100,8837.9,10240.0,67,294.623
2026-06-08T10:35:06.004480+00:00,scheduler,3,9,8837.9,10240.0,51,99.785
2026-06-08T10:35:11.005182+00:00,scheduler,0,10,8721.9,10240.0,41,100.189
2026-06-08T10:35:11.005182+00:00,scheduler,1,100,8813.9,10240.0,70,264.441
2026-06-08T10:35:11.005182+00:00,scheduler,2,100,8837.9,10240.0,67,288.979
2026-06-08T10:35:11.005182+00:00,scheduler,3,0,699.9,10240.0,51,104.469
2026-06-08T10:35:16.005914+00:00,scheduler,0,100,8837.9,10240.0,53,318.883
2026-06-08T10:35:16.005914+00:00,scheduler,1,100,8813.9,10240.0,71,263.28
2026-06-08T10:35:16.005914+00:00,scheduler,2,100,8837.9,10240.0,67,286.702
2026-06-08T10:35:16.005914+00:00,scheduler,3,0,699.9,10240.0,49,98.231
2026-06-08T10:35:21.006515+00:00,scheduler,0,100,8837.9,10240.0,55,318.401
2026-06-08T10:35:21.006515+00:00,scheduler,1,100,8813.9,10240.0,71,263.249
2026-06-08T10:35:21.006515+00:00,scheduler,2,100,8837.9,10240.0,68,282.867
2026-06-08T10:35:21.006515+00:00,scheduler,3,0,699.9,10240.0,48,97.909
2026-06-08T10:35:26.007143+00:00,scheduler,0,100,8837.9,10240.0,56,318.791
2026-06-08T10:35:26.007143+00:00,scheduler,1,100,8813.9,10240.0,71,259.399
2026-06-08T10:35:26.007143+00:00,scheduler,2,100,8837.9,10240.0,68,282.955
2026-06-08T10:35:26.007143+00:00,scheduler,3,0,699.9,10240.0,43,35.631
2026-06-08T10:35:31.007867+00:00,scheduler,0,100,8837.9,10240.0,57,318.472
2026-06-08T10:35:31.007867+00:00,scheduler,1,100,8813.9,10240.0,71,258.452
2026-06-08T10:35:31.007867+00:00,scheduler,2,100,8837.9,10240.0,68,281.682
2026-06-08T10:35:31.007867+00:00,scheduler,3,0,699.9,10240.0,41,27.785
2026-06-08T10:35:36.008513+00:00,scheduler,0,100,8837.9,10240.0,58,318.891
2026-06-08T10:35:36.008513+00:00,scheduler,1,100,8813.9,10240.0,71,257.519
2026-06-08T10:35:36.008513+00:00,scheduler,2,18,8837.9,10240.0,59,143.148
2026-06-08T10:35:36.008513+00:00,scheduler,3,0,699.9,10240.0,40,27.822
2026-06-08T10:35:41.009135+00:00,scheduler,0,100,8837.9,10240.0,59,318.387
2026-06-08T10:35:41.009135+00:00,scheduler,1,100,8813.9,10240.0,71,252.797
2026-06-08T10:35:41.009135+00:00,scheduler,2,85,2979.9,10240.0,55,103.045
2026-06-08T10:35:41.009135+00:00,scheduler,3,0,699.9,10240.0,39,27.682
2026-06-08T10:35:46.009722+00:00,scheduler,0,100,8837.9,10240.0,60,318.351
2026-06-08T10:35:46.009722+00:00,scheduler,1,15,8813.9,10240.0,63,137.101
2026-06-08T10:35:46.009722+00:00,scheduler,2,0,699.9,10240.0,51,95.358
2026-06-08T10:35:46.009722+00:00,scheduler,3,0,699.9,10240.0,38,27.739
2026-06-08T10:35:51.010382+00:00,scheduler,0,100,8837.9,10240.0,60,318.123
2026-06-08T10:35:51.010382+00:00,scheduler,1,0,675.9,10240.0,61,153.757
2026-06-08T10:35:51.010382+00:00,scheduler,2,0,699.9,10240.0,49,93.881
2026-06-08T10:35:51.010382+00:00,scheduler,3,11,8721.9,10240.0,48,179.162
2026-06-08T10:35:56.011099+00:00,scheduler,0,19,8837.9,10240.0,52,117.988
2026-06-08T10:35:56.011099+00:00,scheduler,1,0,675.9,10240.0,57,104.63
2026-06-08T10:35:56.011099+00:00,scheduler,2,0,699.9,10240.0,48,93.307
2026-06-08T10:35:56.011099+00:00,scheduler,3,32,4065.9,10240.0,46,108.792
2026-06-08T10:36:01.011797+00:00,scheduler,0,0,765.9,10240.0,51,140.701
2026-06-08T10:36:01.011797+00:00,scheduler,1,0,675.9,10240.0,56,103.747
2026-06-08T10:36:01.011797+00:00,scheduler,2,0,699.9,10240.0,43,21.26
2026-06-08T10:36:01.011797+00:00,scheduler,3,100,8837.9,10240.0,67,318.703
2026-06-08T10:36:06.012615+00:00,scheduler,0,0,699.9,10240.0,48,97.044
2026-06-08T10:36:06.012615+00:00,scheduler,1,0,675.9,10240.0,56,103.361
2026-06-08T10:36:06.012615+00:00,scheduler,2,0,699.9,10240.0,41,20.436
2026-06-08T10:36:06.012615+00:00,scheduler,3,100,8837.9,10240.0,69,318.577
2026-06-08T10:36:11.013333+00:00,scheduler,0,0,699.9,10240.0,47,97.125
2026-06-08T10:36:11.013333+00:00,scheduler,1,0,675.9,10240.0,49,27.291
2026-06-08T10:36:11.013333+00:00,scheduler,2,0,699.9,10240.0,40,20.414
2026-06-08T10:36:11.013333+00:00,scheduler,3,100,8837.9,10240.0,70,318.541
2026-06-08T10:36:16.014249+00:00,scheduler,0,0,699.9,10240.0,47,96.749
2026-06-08T10:36:16.014249+00:00,scheduler,1,0,675.9,10240.0,46,25.778
2026-06-08T10:36:16.014249+00:00,scheduler,2,0,699.9,10240.0,39,19.945
2026-06-08T10:36:16.014249+00:00,scheduler,3,100,8837.9,10240.0,71,318.542
2026-06-08T10:36:21.015015+00:00,scheduler,0,0,699.9,10240.0,42,25.051
2026-06-08T10:36:21.015015+00:00,scheduler,1,0,675.9,10240.0,45,25.523
2026-06-08T10:36:21.015015+00:00,scheduler,2,0,699.9,10240.0,38,20.005
2026-06-08T10:36:21.015015+00:00,scheduler,3,100,8837.9,10240.0,72,318.777
2026-06-08T10:36:26.015715+00:00,scheduler,0,0,699.9,10240.0,41,24.135
2026-06-08T10:36:26.015715+00:00,scheduler,1,0,675.9,10240.0,45,25.291
2026-06-08T10:36:26.015715+00:00,scheduler,2,0,699.9,10240.0,38,19.837
2026-06-08T10:36:26.015715+00:00,scheduler,3,100,8837.9,10240.0,72,318.294
2026-06-08T10:36:31.016583+00:00,scheduler,0,0,699.9,10240.0,40,23.802
2026-06-08T10:36:31.016583+00:00,scheduler,1,0,675.9,10240.0,44,25.359
2026-06-08T10:36:31.016583+00:00,scheduler,2,0,699.9,10240.0,37,19.8
2026-06-08T10:36:31.016583+00:00,scheduler,3,100,8837.9,10240.0,72,318.994
2026-06-08T10:36:36.017256+00:00,scheduler,0,0,699.9,10240.0,39,23.775
2026-06-08T10:36:36.017256+00:00,scheduler,1,0,675.9,10240.0,44,25.261
2026-06-08T10:36:36.017256+00:00,scheduler,2,0,699.9,10240.0,37,19.716
2026-06-08T10:36:36.017256+00:00,scheduler,3,100,8837.9,10240.0,73,318.872
2026-06-08T10:36:41.018069+00:00,scheduler,0,0,699.9,10240.0,38,23.602
2026-06-08T10:36:41.018069+00:00,scheduler,1,0,675.9,10240.0,43,25.006
2026-06-08T10:36:41.018069+00:00,scheduler,2,0,699.9,10240.0,36,19.242
2026-06-08T10:36:41.018069+00:00,scheduler,3,11,8837.9,10240.0,54,108.526
2026-06-08T10:36:46.018831+00:00,scheduler,0,0,699.9,10240.0,38,23.766
2026-06-08T10:36:46.018831+00:00,scheduler,1,0,675.9,10240.0,43,24.909
2026-06-08T10:36:46.018831+00:00,scheduler,2,0,699.9,10240.0,36,19.294
2026-06-08T10:36:46.018831+00:00,scheduler,3,0,699.9,10240.0,53,126.308
2026-06-08T10:36:51.019470+00:00,scheduler,0,0,699.9,10240.0,37,23.542
2026-06-08T10:36:51.019470+00:00,scheduler,1,0,675.9,10240.0,42,24.867
2026-06-08T10:36:51.019470+00:00,scheduler,2,0,699.9,10240.0,36,19.155
2026-06-08T10:36:51.019470+00:00,scheduler,3,0,699.9,10240.0,50,99.325
2026-06-08T10:36:56.020086+00:00,scheduler,0,0,699.9,10240.0,37,23.466
2026-06-08T10:36:56.020086+00:00,scheduler,1,0,675.9,10240.0,42,24.727
2026-06-08T10:36:56.020086+00:00,scheduler,2,0,699.9,10240.0,36,19.174
2026-06-08T10:36:56.020086+00:00,scheduler,3,0,699.9,10240.0,49,99.659
2026-06-08T10:37:01.020709+00:00,scheduler,0,0,699.9,10240.0,36,23.536
2026-06-08T10:37:01.020709+00:00,scheduler,1,0,675.9,10240.0,42,24.87
2026-06-08T10:37:01.020709+00:00,scheduler,2,0,699.9,10240.0,35,19.173
2026-06-08T10:37:01.020709+00:00,scheduler,3,0,699.9,10240.0,48,99.567
2026-06-08T10:37:06.021442+00:00,scheduler,0,0,699.9,10240.0,36,23.495
2026-06-08T10:37:06.021442+00:00,scheduler,1,0,675.9,10240.0,41,24.804
2026-06-08T10:37:06.021442+00:00,scheduler,2,0,699.9,10240.0,35,19.456
2026-06-08T10:37:06.021442+00:00,scheduler,3,0,699.9,10240.0,42,28.023
2026-06-08T10:37:11.022029+00:00,scheduler,0,0,699.9,10240.0,36,23.504
2026-06-08T10:37:11.022029+00:00,scheduler,1,0,675.9,10240.0,41,24.693
2026-06-08T10:37:11.022029+00:00,scheduler,2,0,699.9,10240.0,35,19.243
2026-06-08T10:37:11.022029+00:00,scheduler,3,0,699.9,10240.0,41,27.748
2026-06-08T10:37:16.022670+00:00,scheduler,0,0,699.9,10240.0,35,23.403
2026-06-08T10:37:16.022670+00:00,scheduler,1,0,675.9,10240.0,41,24.809
2026-06-08T10:37:16.022670+00:00,scheduler,2,0,699.9,10240.0,35,19.357
2026-06-08T10:37:16.022670+00:00,scheduler,3,0,699.9,10240.0,39,27.79
2026-06-08T10:37:21.023359+00:00,scheduler,0,0,699.9,10240.0,35,23.329
2026-06-08T10:37:21.023359+00:00,scheduler,1,0,675.9,10240.0,40,24.718
2026-06-08T10:37:21.023359+00:00,scheduler,2,0,699.9,10240.0,35,19.084
2026-06-08T10:37:21.023359+00:00,scheduler,3,0,699.9,10240.0,39,27.641
2026-06-08T10:37:26.024058+00:00,scheduler,0,0,699.9,10240.0,35,23.39
2026-06-08T10:37:26.024058+00:00,scheduler,1,0,675.9,10240.0,40,24.745
2026-06-08T10:37:26.024058+00:00,scheduler,2,0,699.9,10240.0,34,19.224
2026-06-08T10:37:26.024058+00:00,scheduler,3,0,699.9,10240.0,38,27.585
2026-06-08T10:37:31.024767+00:00,scheduler,0,0,699.9,10240.0,35,23.311
2026-06-08T10:37:31.024767+00:00,scheduler,1,0,675.9,10240.0,40,24.796
2026-06-08T10:37:31.024767+00:00,scheduler,2,0,699.9,10240.0,34,19.293
2026-06-08T10:37:31.024767+00:00,scheduler,3,0,699.9,10240.0,37,27.586
2026-06-08T10:37:36.025418+00:00,scheduler,0,0,699.9,10240.0,35,23.285
2026-06-08T10:37:36.025418+00:00,scheduler,1,0,675.9,10240.0,40,24.658
2026-06-08T10:37:36.025418+00:00,scheduler,2,0,699.9,10240.0,34,19.108
2026-06-08T10:37:36.025418+00:00,scheduler,3,0,699.9,10240.0,37,27.488
2026-06-08T10:37:41.026138+00:00,scheduler,0,0,699.9,10240.0,34,23.409
2026-06-08T10:37:41.026138+00:00,scheduler,1,0,675.9,10240.0,40,24.675
2026-06-08T10:37:41.026138+00:00,scheduler,2,0,699.9,10240.0,34,19.06
2026-06-08T10:37:41.026138+00:00,scheduler,3,0,699.9,10240.0,36,27.383
2026-06-08T10:37:46.026854+00:00,scheduler,0,0,699.9,10240.0,34,23.356
2026-06-08T10:37:46.026854+00:00,scheduler,1,0,675.9,10240.0,39,24.808
2026-06-08T10:37:46.026854+00:00,scheduler,2,0,699.9,10240.0,34,19.11
2026-06-08T10:37:46.026854+00:00,scheduler,3,0,699.9,10240.0,36,27.267
2026-06-08T10:37:51.027632+00:00,scheduler,0,0,699.9,10240.0,34,23.236
2026-06-08T10:37:51.027632+00:00,scheduler,1,0,675.9,10240.0,39,24.8
2026-06-08T10:37:51.027632+00:00,scheduler,2,0,699.9,10240.0,34,19.142
2026-06-08T10:37:51.027632+00:00,scheduler,3,0,699.9,10240.0,36,27.186
2026-06-08T10:37:56.028352+00:00,scheduler,0,0,699.9,10240.0,34,23.218
2026-06-08T10:37:56.028352+00:00,scheduler,1,0,675.9,10240.0,39,24.721
2026-06-08T10:37:56.028352+00:00,scheduler,2,0,699.9,10240.0,34,19.014
2026-06-08T10:37:56.028352+00:00,scheduler,3,0,699.9,10240.0,35,27.31
2026-06-08T10:38:01.028919+00:00,scheduler,0,0,699.9,10240.0,34,23.275
2026-06-08T10:38:01.028919+00:00,scheduler,1,0,675.9,10240.0,39,24.602
2026-06-08T10:38:01.028919+00:00,scheduler,2,0,699.9,10240.0,34,19.015
2026-06-08T10:38:01.028919+00:00,scheduler,3,0,699.9,10240.0,35,27.22
2026-06-08T10:38:06.029585+00:00,scheduler,0,0,699.9,10240.0,34,23.032
2026-06-08T10:38:06.029585+00:00,scheduler,1,0,675.9,10240.0,39,24.742
2026-06-08T10:38:06.029585+00:00,scheduler,2,0,699.9,10240.0,34,18.998
2026-06-08T10:38:06.029585+00:00,scheduler,3,0,699.9,10240.0,35,27.481
2026-06-08T10:38:11.030229+00:00,scheduler,0,0,699.9,10240.0,34,23.036
2026-06-08T10:38:11.030229+00:00,scheduler,1,0,675.9,10240.0,39,24.689
2026-06-08T10:38:11.030229+00:00,scheduler,2,0,699.9,10240.0,34,19.069
2026-06-08T10:38:11.030229+00:00,scheduler,3,0,699.9,10240.0,35,27.326
2026-06-08T10:38:16.030999+00:00,scheduler,0,0,699.9,10240.0,34,23.162
2026-06-08T10:38:16.030999+00:00,scheduler,1,0,675.9,10240.0,39,24.648
2026-06-08T10:38:16.030999+00:00,scheduler,2,0,699.9,10240.0,34,19.048
2026-06-08T10:38:16.030999+00:00,scheduler,3,0,699.9,10240.0,35,27.213
2026-06-08T10:38:21.031620+00:00,scheduler,0,0,699.9,10240.0,34,23.04
2026-06-08T10:38:21.031620+00:00,scheduler,1,0,675.9,10240.0,38,24.711
2026-06-08T10:38:21.031620+00:00,scheduler,2,0,699.9,10240.0,34,19.072
2026-06-08T10:38:21.031620+00:00,scheduler,3,0,699.9,10240.0,34,27.186
2026-06-08T10:38:26.032230+00:00,scheduler,0,0,699.9,10240.0,34,23.1
2026-06-08T10:38:26.032230+00:00,scheduler,1,0,675.9,10240.0,38,24.666
2026-06-08T10:38:26.032230+00:00,scheduler,2,0,699.9,10240.0,34,19.098
2026-06-08T10:38:26.032230+00:00,scheduler,3,0,699.9,10240.0,34,27.122
2026-06-08T10:38:31.032819+00:00,scheduler,0,0,699.9,10240.0,34,23.221
2026-06-08T10:38:31.032819+00:00,scheduler,1,0,675.9,10240.0,38,24.608
2026-06-08T10:38:31.032819+00:00,scheduler,2,0,699.9,10240.0,33,19.032
2026-06-08T10:38:31.032819+00:00,scheduler,3,0,699.9,10240.0,34,27.157
2026-06-08T10:38:36.033519+00:00,scheduler,0,0,699.9,10240.0,33,23.202
2026-06-08T10:38:36.033519+00:00,scheduler,1,0,675.9,10240.0,38,24.617
2026-06-08T10:38:36.033519+00:00,scheduler,2,0,699.9,10240.0,33,19.025
2026-06-08T10:38:36.033519+00:00,scheduler,3,0,699.9,10240.0,34,27.111
2026-06-08T10:38:41.034316+00:00,scheduler,0,0,699.9,10240.0,33,23.161
2026-06-08T10:38:41.034316+00:00,scheduler,1,0,675.9,10240.0,38,24.756
2026-06-08T10:38:41.034316+00:00,scheduler,2,0,699.9,10240.0,33,18.974
2026-06-08T10:38:41.034316+00:00,scheduler,3,0,699.9,10240.0,34,27.278
2026-06-08T10:38:46.035043+00:00,scheduler,0,0,699.9,10240.0,33,23.046
2026-06-08T10:38:46.035043+00:00,scheduler,1,0,675.9,10240.0,38,24.618
2026-06-08T10:38:46.035043+00:00,scheduler,2,0,699.9,10240.0,33,18.857
2026-06-08T10:38:46.035043+00:00,scheduler,3,0,699.9,10240.0,34,27.127
2026-06-08T10:38:51.035765+00:00,scheduler,0,0,699.9,10240.0,33,23.194
2026-06-08T10:38:51.035765+00:00,scheduler,1,0,675.9,10240.0,38,24.617
2026-06-08T10:38:51.035765+00:00,scheduler,2,0,699.9,10240.0,33,18.882
2026-06-08T10:38:51.035765+00:00,scheduler,3,0,699.9,10240.0,34,27.167
2026-06-08T10:38:56.036423+00:00,scheduler,0,0,699.9,10240.0,33,23.162
2026-06-08T10:38:56.036423+00:00,scheduler,1,0,675.9,10240.0,38,24.692
2026-06-08T10:38:56.036423+00:00,scheduler,2,0,699.9,10240.0,33,18.9
2026-06-08T10:38:56.036423+00:00,scheduler,3,0,699.9,10240.0,34,27.074
2026-06-08T10:39:01.037040+00:00,scheduler,0,0,699.9,10240.0,33,23.109
2026-06-08T10:39:01.037040+00:00,scheduler,1,0,675.9,10240.0,38,24.576
2026-06-08T10:39:01.037040+00:00,scheduler,2,0,699.9,10240.0,33,19.003
2026-06-08T10:39:01.037040+00:00,scheduler,3,0,699.9,10240.0,34,26.984
2026-06-08T10:39:06.037684+00:00,scheduler,0,0,699.9,10240.0,33,23.251
2026-06-08T10:39:06.037684+00:00,scheduler,1,0,675.9,10240.0,38,24.584
2026-06-08T10:39:06.037684+00:00,scheduler,2,0,699.9,10240.0,33,19.122
2026-06-08T10:39:06.037684+00:00,scheduler,3,0,699.9,10240.0,34,27.382
2026-06-08T10:39:11.038531+00:00,scheduler,0,0,699.9,10240.0,33,23.152
2026-06-08T10:39:11.038531+00:00,scheduler,1,0,675.9,10240.0,38,24.674
2026-06-08T10:39:11.038531+00:00,scheduler,2,0,699.9,10240.0,33,19.08
2026-06-08T10:39:11.038531+00:00,scheduler,3,0,699.9,10240.0,34,27.213
2026-06-08T10:39:16.039150+00:00,scheduler,0,0,699.9,10240.0,33,23.068
2026-06-08T10:39:16.039150+00:00,scheduler,1,0,675.9,10240.0,37,24.625
2026-06-08T10:39:16.039150+00:00,scheduler,2,0,699.9,10240.0,33,19.078
2026-06-08T10:39:16.039150+00:00,scheduler,3,0,699.9,10240.0,33,27.209
2026-06-08T10:39:21.040927+00:00,scheduler,0,9,8721.9,10240.0,38,98.255
2026-06-08T10:39:21.040927+00:00,scheduler,1,0,675.9,10240.0,37,24.552
2026-06-08T10:39:21.040927+00:00,scheduler,2,0,699.9,10240.0,33,19.137
2026-06-08T10:39:21.040927+00:00,scheduler,3,0,699.9,10240.0,33,27.172
2026-06-08T10:39:26.041567+00:00,scheduler,0,48,6171.9,10240.0,40,108.842
2026-06-08T10:39:26.041567+00:00,scheduler,1,0,675.9,10240.0,37,24.542
2026-06-08T10:39:26.041567+00:00,scheduler,2,0,699.9,10240.0,33,19.007
2026-06-08T10:39:26.041567+00:00,scheduler,3,0,699.9,10240.0,33,26.993
2026-06-08T10:39:31.042270+00:00,scheduler,0,100,8837.9,10240.0,53,318.952
2026-06-08T10:39:31.042270+00:00,scheduler,1,0,675.9,10240.0,37,24.859
2026-06-08T10:39:31.042270+00:00,scheduler,2,0,699.9,10240.0,33,19.421
2026-06-08T10:39:31.042270+00:00,scheduler,3,0,699.9,10240.0,33,27.205
2026-06-08T10:39:36.042812+00:00,scheduler,0,100,8837.9,10240.0,54,318.451
2026-06-08T10:39:36.042812+00:00,scheduler,1,0,675.9,10240.0,37,24.738
2026-06-08T10:39:36.042812+00:00,scheduler,2,0,699.9,10240.0,33,19.507
2026-06-08T10:39:36.042812+00:00,scheduler,3,0,699.9,10240.0,33,27.152
2026-06-08T10:39:41.043388+00:00,scheduler,0,100,8837.9,10240.0,55,318.694
2026-06-08T10:39:41.043388+00:00,scheduler,1,0,675.9,10240.0,37,24.774
2026-06-08T10:39:41.043388+00:00,scheduler,2,0,699.9,10240.0,33,19.382
2026-06-08T10:39:41.043388+00:00,scheduler,3,0,699.9,10240.0,33,27.133
2026-06-08T10:39:46.044027+00:00,scheduler,0,100,8837.9,10240.0,57,318.311
2026-06-08T10:39:46.044027+00:00,scheduler,1,0,675.9,10240.0,37,24.807
2026-06-08T10:39:46.044027+00:00,scheduler,2,0,699.9,10240.0,33,19.349
2026-06-08T10:39:46.044027+00:00,scheduler,3,10,8721.9,10240.0,42,112.928
2026-06-08T10:39:51.044834+00:00,scheduler,0,100,8837.9,10240.0,58,319.215
2026-06-08T10:39:51.044834+00:00,scheduler,1,0,675.9,10240.0,37,24.717
2026-06-08T10:39:51.044834+00:00,scheduler,2,10,8721.9,10240.0,40,104.585
2026-06-08T10:39:51.044834+00:00,scheduler,3,10,4297.9,10240.0,40,96.705
2026-06-08T10:39:56.045566+00:00,scheduler,0,100,8837.9,10240.0,59,318.875
2026-06-08T10:39:56.045566+00:00,scheduler,1,0,675.9,10240.0,37,24.748
2026-06-08T10:39:56.045566+00:00,scheduler,2,39,2535.9,10240.0,41,96.249
2026-06-08T10:39:56.045566+00:00,scheduler,3,100,8837.9,10240.0,64,318.091
2026-06-08T10:40:01.046135+00:00,scheduler,0,100,8837.9,10240.0,60,319.055
2026-06-08T10:40:01.046135+00:00,scheduler,1,0,675.9,10240.0,37,24.816
2026-06-08T10:40:01.046135+00:00,scheduler,2,100,8837.9,10240.0,60,318.431
2026-06-08T10:40:01.046135+00:00,scheduler,3,100,8837.9,10240.0,68,318.058
2026-06-08T10:40:06.046715+00:00,scheduler,0,100,8837.9,10240.0,60,318.722
2026-06-08T10:40:06.046715+00:00,scheduler,1,0,675.9,10240.0,37,25.019
2026-06-08T10:40:06.046715+00:00,scheduler,2,100,8837.9,10240.0,63,319.006
2026-06-08T10:40:06.046715+00:00,scheduler,3,100,8837.9,10240.0,69,318.14
2026-06-08T10:40:11.047422+00:00,scheduler,0,10,8837.9,10240.0,50,97.453
2026-06-08T10:40:11.047422+00:00,scheduler,1,0,675.9,10240.0,37,24.728
2026-06-08T10:40:11.047422+00:00,scheduler,2,100,8837.9,10240.0,65,310.645
2026-06-08T10:40:11.047422+00:00,scheduler,3,100,8837.9,10240.0,70,318.863
2026-06-08T10:40:16.048027+00:00,scheduler,0,0,699.9,10240.0,50,114.574
2026-06-08T10:40:16.048027+00:00,scheduler,1,0,675.9,10240.0,37,24.85
2026-06-08T10:40:16.048027+00:00,scheduler,2,100,8837.9,10240.0,65,303.939
2026-06-08T10:40:16.048027+00:00,scheduler,3,100,8837.9,10240.0,71,318.577
2026-06-08T10:40:21.048698+00:00,scheduler,0,0,699.9,10240.0,48,96.053
2026-06-08T10:40:21.048698+00:00,scheduler,1,0,675.9,10240.0,37,24.795
2026-06-08T10:40:21.048698+00:00,scheduler,2,100,8837.9,10240.0,66,295.992
2026-06-08T10:40:21.048698+00:00,scheduler,3,100,8837.9,10240.0,71,319.024
2026-06-08T10:40:26.049659+00:00,scheduler,0,0,699.9,10240.0,47,95.879
2026-06-08T10:40:26.049659+00:00,scheduler,1,10,8697.9,10240.0,49,121.961
2026-06-08T10:40:26.049659+00:00,scheduler,2,100,8837.9,10240.0,67,289.747
2026-06-08T10:40:26.049659+00:00,scheduler,3,100,8837.9,10240.0,72,319.333
2026-06-08T10:40:31.050291+00:00,scheduler,0,0,699.9,10240.0,46,95.499
2026-06-08T10:40:31.050291+00:00,scheduler,1,100,8813.9,10240.0,68,318.727
2026-06-08T10:40:31.050291+00:00,scheduler,2,100,8837.9,10240.0,67,288.109
2026-06-08T10:40:31.050291+00:00,scheduler,3,100,8837.9,10240.0,72,318.878
2026-06-08T10:40:36.050905+00:00,scheduler,0,0,699.9,10240.0,42,23.979
2026-06-08T10:40:36.050905+00:00,scheduler,1,100,8813.9,10240.0,68,287.498
2026-06-08T10:40:36.050905+00:00,scheduler,2,100,8837.9,10240.0,67,280.933
2026-06-08T10:40:36.050905+00:00,scheduler,3,9,8837.9,10240.0,56,127.282
2026-06-08T10:40:41.051544+00:00,scheduler,0,0,699.9,10240.0,41,23.994
2026-06-08T10:40:41.051544+00:00,scheduler,1,100,8813.9,10240.0,68,279.034
2026-06-08T10:40:41.051544+00:00,scheduler,2,9,8837.9,10240.0,58,131.349
2026-06-08T10:40:41.051544+00:00,scheduler,3,100,765.9,10240.0,60,131.883
2026-06-08T10:40:46.052223+00:00,scheduler,0,0,699.9,10240.0,40,23.716
2026-06-08T10:40:46.052223+00:00,scheduler,1,100,8813.9,10240.0,69,276.86
2026-06-08T10:40:46.052223+00:00,scheduler,2,7,8837.9,10240.0,51,95.57
2026-06-08T10:40:46.052223+00:00,scheduler,3,0,699.9,10240.0,50,98.747
2026-06-08T10:40:51.052879+00:00,scheduler,0,0,699.9,10240.0,39,23.596
2026-06-08T10:40:51.052879+00:00,scheduler,1,100,8813.9,10240.0,69,271.019
2026-06-08T10:40:51.052879+00:00,scheduler,2,0,699.9,10240.0,51,99.501
2026-06-08T10:40:51.052879+00:00,scheduler,3,0,699.9,10240.0,49,98.405
2026-06-08T10:40:56.053506+00:00,scheduler,0,0,699.9,10240.0,38,23.507
2026-06-08T10:40:56.053506+00:00,scheduler,1,100,8813.9,10240.0,69,269.039
2026-06-08T10:40:56.053506+00:00,scheduler,2,0,699.9,10240.0,49,94.582
2026-06-08T10:40:56.053506+00:00,scheduler,3,0,699.9,10240.0,48,98.125
2026-06-08T10:41:01.054238+00:00,scheduler,0,0,699.9,10240.0,38,23.501
2026-06-08T10:41:01.054238+00:00,scheduler,1,100,8813.9,10240.0,70,264.14
2026-06-08T10:41:01.054238+00:00,scheduler,2,0,699.9,10240.0,48,94.106
2026-06-08T10:41:01.054238+00:00,scheduler,3,0,699.9,10240.0,43,29.745
2026-06-08T10:41:06.054883+00:00,scheduler,0,0,699.9,10240.0,37,23.357
2026-06-08T10:41:06.054883+00:00,scheduler,1,100,8813.9,10240.0,70,263.409
2026-06-08T10:41:06.054883+00:00,scheduler,2,0,699.9,10240.0,45,72.482
2026-06-08T10:41:06.054883+00:00,scheduler,3,0,699.9,10240.0,41,27.783
2026-06-08T10:41:11.055469+00:00,scheduler,0,0,699.9,10240.0,37,23.268
2026-06-08T10:41:11.055469+00:00,scheduler,1,100,8813.9,10240.0,71,261.985
2026-06-08T10:41:11.055469+00:00,scheduler,2,0,699.9,10240.0,42,20.249
2026-06-08T10:41:11.055469+00:00,scheduler,3,0,699.9,10240.0,40,27.935
2026-06-08T10:41:16.056622+00:00,scheduler,0,9,8721.9,10240.0,44,173.256
2026-06-08T10:41:16.056622+00:00,scheduler,1,10,8813.9,10240.0,58,106.533
2026-06-08T10:41:16.056622+00:00,scheduler,2,0,699.9,10240.0,41,19.752
2026-06-08T10:41:16.056622+00:00,scheduler,3,0,699.9,10240.0,39,27.566
2026-06-08T10:41:21.057274+00:00,scheduler,0,9,8721.9,10240.0,41,94.63
2026-06-08T10:41:21.057274+00:00,scheduler,1,0,675.9,10240.0,59,131.361
2026-06-08T10:41:21.057274+00:00,scheduler,2,0,699.9,10240.0,39,19.897
2026-06-08T10:41:21.057274+00:00,scheduler,3,43,8511.9,10240.0,45,110.103
2026-06-08T10:41:26.057973+00:00,scheduler,0,100,8837.9,10240.0,54,318.969
2026-06-08T10:41:26.057973+00:00,scheduler,1,0,675.9,10240.0,56,104.45
2026-06-08T10:41:26.057973+00:00,scheduler,2,0,699.9,10240.0,39,19.999
2026-06-08T10:41:26.057973+00:00,scheduler,3,11,8721.9,10240.0,45,98.185
2026-06-08T10:41:31.058613+00:00,scheduler,0,100,8837.9,10240.0,56,318.673
2026-06-08T10:41:31.058613+00:00,scheduler,1,0,675.9,10240.0,55,103.891
2026-06-08T10:41:31.058613+00:00,scheduler,2,41,4157.9,10240.0,41,39.089
2026-06-08T10:41:31.058613+00:00,scheduler,3,100,8837.9,10240.0,66,318.92
2026-06-08T10:41:36.060614+00:00,scheduler,0,100,8837.9,10240.0,57,319.31
2026-06-08T10:41:36.060614+00:00,scheduler,1,0,675.9,10240.0,55,103.744
2026-06-08T10:41:36.060614+00:00,scheduler,2,9,8721.9,10240.0,44,98.973
2026-06-08T10:41:36.060614+00:00,scheduler,3,100,8837.9,10240.0,69,319.12
2026-06-08T10:41:41.062592+00:00,scheduler,0,100,8837.9,10240.0,58,319.244
2026-06-08T10:41:41.062592+00:00,scheduler,1,0,675.9,10240.0,47,25.382
2026-06-08T10:41:41.062592+00:00,scheduler,2,100,8837.9,10240.0,61,319.68
2026-06-08T10:41:41.062592+00:00,scheduler,3,100,8837.9,10240.0,70,318.067
2026-06-08T10:41:46.063309+00:00,scheduler,0,100,8837.9,10240.0,59,318.722
2026-06-08T10:41:46.063309+00:00,scheduler,1,0,675.9,10240.0,46,25.4
2026-06-08T10:41:46.063309+00:00,scheduler,2,100,8837.9,10240.0,65,318.85
2026-06-08T10:41:46.063309+00:00,scheduler,3,100,8837.9,10240.0,71,319.377
2026-06-08T10:41:51.063959+00:00,scheduler,0,100,8837.9,10240.0,60,318.659
2026-06-08T10:41:51.063959+00:00,scheduler,1,0,675.9,10240.0,45,25.458
2026-06-08T10:41:51.063959+00:00,scheduler,2,100,8837.9,10240.0,66,303.868
2026-06-08T10:41:51.063959+00:00,scheduler,3,100,8837.9,10240.0,72,319.439
2026-06-08T10:41:56.064565+00:00,scheduler,0,100,8837.9,10240.0,60,319.27
2026-06-08T10:41:56.064565+00:00,scheduler,1,0,675.9,10240.0,44,25.279
2026-06-08T10:41:56.064565+00:00,scheduler,2,100,8837.9,10240.0,67,296.041
2026-06-08T10:41:56.064565+00:00,scheduler,3,100,8837.9,10240.0,72,318.964
2026-06-08T10:42:01.065248+00:00,scheduler,0,100,8837.9,10240.0,61,318.89
2026-06-08T10:42:01.065248+00:00,scheduler,1,0,675.9,10240.0,43,25.203
2026-06-08T10:42:01.065248+00:00,scheduler,2,100,8837.9,10240.0,67,293.145
2026-06-08T10:42:01.065248+00:00,scheduler,3,100,8837.9,10240.0,72,318.66
2026-06-08T10:42:06.067455+00:00,scheduler,0,10,8837.9,10240.0,51,111.973
2026-06-08T10:42:06.067455+00:00,scheduler,1,9,8697.9,10240.0,55,127.731
2026-06-08T10:42:06.067455+00:00,scheduler,2,100,8837.9,10240.0,68,288.386
2026-06-08T10:42:06.067455+00:00,scheduler,3,100,8837.9,10240.0,73,319.249
2026-06-08T10:42:11.068177+00:00,scheduler,0,2,699.9,10240.0,51,147.356
2026-06-08T10:42:11.068177+00:00,scheduler,1,100,8813.9,10240.0,70,284.33
2026-06-08T10:42:11.068177+00:00,scheduler,2,100,8837.9,10240.0,68,280.586
2026-06-08T10:42:11.068177+00:00,scheduler,3,9,8837.9,10240.0,57,127.92
2026-06-08T10:42:16.069056+00:00,scheduler,0,0,699.9,10240.0,48,96.283
2026-06-08T10:42:16.069056+00:00,scheduler,1,100,8813.9,10240.0,70,268.088
2026-06-08T10:42:16.069056+00:00,scheduler,2,100,8837.9,10240.0,68,279.966
2026-06-08T10:42:16.069056+00:00,scheduler,3,97,2979.9,10240.0,52,99.941
2026-06-08T10:42:21.069663+00:00,scheduler,0,0,699.9,10240.0,47,96.935
2026-06-08T10:42:21.069663+00:00,scheduler,1,100,8813.9,10240.0,70,265.286
2026-06-08T10:42:21.069663+00:00,scheduler,2,100,8837.9,10240.0,68,280.285
2026-06-08T10:42:21.069663+00:00,scheduler,3,0,699.9,10240.0,50,99.168
2026-06-08T10:42:26.070382+00:00,scheduler,0,0,699.9,10240.0,47,96.797
2026-06-08T10:42:26.070382+00:00,scheduler,1,100,8813.9,10240.0,70,258.735
2026-06-08T10:42:26.070382+00:00,scheduler,2,9,8837.9,10240.0,53,98.407
2026-06-08T10:42:26.070382+00:00,scheduler,3,0,699.9,10240.0,49,98.882
2026-06-08T10:42:31.071181+00:00,scheduler,0,0,699.9,10240.0,42,23.909
2026-06-08T10:42:31.071181+00:00,scheduler,1,100,8813.9,10240.0,71,259.655
2026-06-08T10:42:31.071181+00:00,scheduler,2,0,699.9,10240.0,52,107.357
2026-06-08T10:42:31.071181+00:00,scheduler,3,0,699.9,10240.0,49,99.179
2026-06-08T10:42:36.072147+00:00,scheduler,0,0,699.9,10240.0,41,23.845
2026-06-08T10:42:36.072147+00:00,scheduler,1,100,8813.9,10240.0,71,256.571
2026-06-08T10:42:36.072147+00:00,scheduler,2,0,699.9,10240.0,50,94.406
2026-06-08T10:42:36.072147+00:00,scheduler,3,0,699.9,10240.0,43,29.593
2026-06-08T10:42:41.072861+00:00,scheduler,0,0,699.9,10240.0,40,23.636
2026-06-08T10:42:41.072861+00:00,scheduler,1,100,8813.9,10240.0,71,257.196
2026-06-08T10:42:41.072861+00:00,scheduler,2,0,699.9,10240.0,49,93.78
2026-06-08T10:42:41.072861+00:00,scheduler,3,0,699.9,10240.0,41,27.787
2026-06-08T10:42:46.073578+00:00,scheduler,0,0,699.9,10240.0,39,23.545
2026-06-08T10:42:46.073578+00:00,scheduler,1,100,8813.9,10240.0,72,256.459
2026-06-08T10:42:46.073578+00:00,scheduler,2,0,699.9,10240.0,44,48.834
2026-06-08T10:42:46.073578+00:00,scheduler,3,0,699.9,10240.0,40,27.736
2026-06-08T10:42:51.074235+00:00,scheduler,0,0,699.9,10240.0,38,23.598
2026-06-08T10:42:51.074235+00:00,scheduler,1,100,8813.9,10240.0,71,252.5
2026-06-08T10:42:51.074235+00:00,scheduler,2,0,699.9,10240.0,42,20.59
2026-06-08T10:42:51.074235+00:00,scheduler,3,0,699.9,10240.0,39,27.847
2026-06-08T10:42:56.074950+00:00,scheduler,0,9,8721.9,10240.0,44,112.318
2026-06-08T10:42:56.074950+00:00,scheduler,1,9,8813.9,10240.0,59,107.044
2026-06-08T10:42:56.074950+00:00,scheduler,2,0,699.9,10240.0,41,20.074
2026-06-08T10:42:56.074950+00:00,scheduler,3,0,699.9,10240.0,38,27.567
2026-06-08T10:43:01.075700+00:00,scheduler,0,29,8151.9,10240.0,44,112.645
2026-06-08T10:43:01.075700+00:00,scheduler,1,0,675.9,10240.0,61,132.383
2026-06-08T10:43:01.075700+00:00,scheduler,2,0,699.9,10240.0,40,20.066
2026-06-08T10:43:01.075700+00:00,scheduler,3,34,6437.9,10240.0,42,97.773
2026-06-08T10:43:06.076424+00:00,scheduler,0,100,8837.9,10240.0,56,319.031
2026-06-08T10:43:06.076424+00:00,scheduler,1,0,675.9,10240.0,57,105.058
2026-06-08T10:43:06.076424+00:00,scheduler,2,0,699.9,10240.0,39,20.007
2026-06-08T10:43:06.076424+00:00,scheduler,3,11,8721.9,10240.0,44,98.51
2026-06-08T10:43:11.077080+00:00,scheduler,0,100,8837.9,10240.0,57,319.186
2026-06-08T10:43:11.077080+00:00,scheduler,1,0,675.9,10240.0,57,104.671
2026-06-08T10:43:11.077080+00:00,scheduler,2,10,8721.9,10240.0,47,116.592
2026-06-08T10:43:11.077080+00:00,scheduler,3,100,8837.9,10240.0,65,317.123
2026-06-08T10:43:16.077706+00:00,scheduler,0,100,8837.9,10240.0,58,319.391
2026-06-08T10:43:16.077706+00:00,scheduler,1,0,675.9,10240.0,56,104.363
2026-06-08T10:43:16.077706+00:00,scheduler,2,100,8837.9,10240.0,56,174.33
2026-06-08T10:43:16.077706+00:00,scheduler,3,100,8837.9,10240.0,69,318.277
2026-06-08T10:43:21.078414+00:00,scheduler,0,100,8837.9,10240.0,59,319.083
2026-06-08T10:43:21.078414+00:00,scheduler,1,0,675.9,10240.0,48,25.837
2026-06-08T10:43:21.078414+00:00,scheduler,2,100,8837.9,10240.0,65,318.616
2026-06-08T10:43:21.078414+00:00,scheduler,3,100,8837.9,10240.0,70,318.502
2026-06-08T10:43:26.079048+00:00,scheduler,0,100,8837.9,10240.0,60,319.163
2026-06-08T10:43:26.079048+00:00,scheduler,1,0,675.9,10240.0,46,25.457
2026-06-08T10:43:26.079048+00:00,scheduler,2,100,8837.9,10240.0,66,299.833
2026-06-08T10:43:26.079048+00:00,scheduler,3,100,8837.9,10240.0,71,318.593
2026-06-08T10:43:31.079720+00:00,scheduler,0,100,8837.9,10240.0,60,318.782
2026-06-08T10:43:31.079720+00:00,scheduler,1,0,675.9,10240.0,45,25.444
2026-06-08T10:43:31.079720+00:00,scheduler,2,100,8837.9,10240.0,67,298.343
2026-06-08T10:43:31.079720+00:00,scheduler,3,100,8837.9,10240.0,72,318.987
2026-06-08T10:43:36.080368+00:00,scheduler,0,100,8837.9,10240.0,61,318.649
2026-06-08T10:43:36.080368+00:00,scheduler,1,0,675.9,10240.0,45,25.507
2026-06-08T10:43:36.080368+00:00,scheduler,2,100,8837.9,10240.0,67,286.897
2026-06-08T10:43:36.080368+00:00,scheduler,3,100,8837.9,10240.0,72,318.884
2026-06-08T10:43:41.083186+00:00,scheduler,0,100,8837.9,10240.0,61,318.508
2026-06-08T10:43:41.083186+00:00,scheduler,1,0,675.9,10240.0,44,25.606
2026-06-08T10:43:41.083186+00:00,scheduler,2,100,8837.9,10240.0,68,286.686
2026-06-08T10:43:41.083186+00:00,scheduler,3,100,8837.9,10240.0,73,319.105
2026-06-08T10:43:46.083896+00:00,scheduler,0,10,8837.9,10240.0,50,97.719
2026-06-08T10:43:46.083896+00:00,scheduler,1,0,675.9,10240.0,43,25.396
2026-06-08T10:43:46.083896+00:00,scheduler,2,100,8837.9,10240.0,68,283.584
2026-06-08T10:43:46.083896+00:00,scheduler,3,100,8837.9,10240.0,73,319.251
2026-06-08T10:43:51.084593+00:00,scheduler,0,0,699.9,10240.0,49,103.271
2026-06-08T10:43:51.084593+00:00,scheduler,1,0,675.9,10240.0,43,25.409
2026-06-08T10:43:51.084593+00:00,scheduler,2,100,8837.9,10240.0,68,279.04
2026-06-08T10:43:51.084593+00:00,scheduler,3,18,8837.9,10240.0,58,143.653
2026-06-08T10:43:56.085170+00:00,scheduler,0,0,699.9,10240.0,48,96.643
2026-06-08T10:43:56.085170+00:00,scheduler,1,0,675.9,10240.0,42,25.248
2026-06-08T10:43:56.085170+00:00,scheduler,2,100,8837.9,10240.0,68,279.003
2026-06-08T10:43:56.085170+00:00,scheduler,3,100,2979.9,10240.0,53,103.089
2026-06-08T10:44:01.085853+00:00,scheduler,0,0,699.9,10240.0,47,97.081
2026-06-08T10:44:01.085853+00:00,scheduler,1,0,675.9,10240.0,42,25.224
2026-06-08T10:44:01.085853+00:00,scheduler,2,10,8837.9,10240.0,54,105.821
2026-06-08T10:44:01.085853+00:00,scheduler,3,0,699.9,10240.0,51,99.402
2026-06-08T10:44:06.086593+00:00,scheduler,0,0,699.9,10240.0,43,64.803
2026-06-08T10:44:06.086593+00:00,scheduler,1,0,675.9,10240.0,42,25.063
2026-06-08T10:44:06.086593+00:00,scheduler,2,0,699.9,10240.0,54,121.553
2026-06-08T10:44:06.086593+00:00,scheduler,3,0,699.9,10240.0,49,99.827
2026-06-08T10:44:11.087305+00:00,scheduler,0,0,699.9,10240.0,42,23.765
2026-06-08T10:44:11.087305+00:00,scheduler,1,0,675.9,10240.0,41,24.807
2026-06-08T10:44:11.087305+00:00,scheduler,2,0,699.9,10240.0,50,94.017
2026-06-08T10:44:11.087305+00:00,scheduler,3,0,699.9,10240.0,49,99.668
2026-06-08T10:44:16.088042+00:00,scheduler,0,0,699.9,10240.0,40,23.754
2026-06-08T10:44:16.088042+00:00,scheduler,1,0,675.9,10240.0,41,24.908
2026-06-08T10:44:16.088042+00:00,scheduler,2,0,699.9,10240.0,49,93.211
2026-06-08T10:44:16.088042+00:00,scheduler,3,0,699.9,10240.0,42,28.149
2026-06-08T10:44:21.088766+00:00,scheduler,0,0,699.9,10240.0,40,23.551
2026-06-08T10:44:21.088766+00:00,scheduler,1,0,675.9,10240.0,41,24.682
2026-06-08T10:44:21.088766+00:00,scheduler,2,0,699.9,10240.0,48,92.778
2026-06-08T10:44:21.088766+00:00,scheduler,3,0,699.9,10240.0,41,28.001
2026-06-08T10:44:26.089489+00:00,scheduler,0,0,699.9,10240.0,39,23.544
2026-06-08T10:44:26.089489+00:00,scheduler,1,10,8697.9,10240.0,53,127.454
2026-06-08T10:44:26.089489+00:00,scheduler,2,0,699.9,10240.0,42,20.419
2026-06-08T10:44:26.089489+00:00,scheduler,3,0,699.9,10240.0,40,27.849
2026-06-08T10:44:31.090258+00:00,scheduler,0,0,699.9,10240.0,38,23.461
2026-06-08T10:44:31.090258+00:00,scheduler,1,100,8813.9,10240.0,70,283.604
2026-06-08T10:44:31.090258+00:00,scheduler,2,0,699.9,10240.0,41,20.678
2026-06-08T10:44:31.090258+00:00,scheduler,3,0,699.9,10240.0,39,27.662
2026-06-08T10:44:36.090945+00:00,scheduler,0,0,699.9,10240.0,38,23.379
2026-06-08T10:44:36.090945+00:00,scheduler,1,100,8813.9,10240.0,70,268.975
2026-06-08T10:44:36.090945+00:00,scheduler,2,0,699.9,10240.0,40,20.257
2026-06-08T10:44:36.090945+00:00,scheduler,3,0,699.9,10240.0,38,27.615
2026-06-08T10:44:41.091720+00:00,scheduler,0,0,699.9,10240.0,37,23.246
2026-06-08T10:44:41.091720+00:00,scheduler,1,100,8813.9,10240.0,69,262.364
2026-06-08T10:44:41.091720+00:00,scheduler,2,0,699.9,10240.0,39,19.976
2026-06-08T10:44:41.091720+00:00,scheduler,3,0,699.9,10240.0,37,27.642
2026-06-08T10:44:46.092442+00:00,scheduler,0,0,699.9,10240.0,37,23.414
2026-06-08T10:44:46.092442+00:00,scheduler,1,100,8813.9,10240.0,70,261.715
2026-06-08T10:44:46.092442+00:00,scheduler,2,0,699.9,10240.0,38,19.905
2026-06-08T10:44:46.092442+00:00,scheduler,3,0,699.9,10240.0,37,27.531
2026-06-08T10:44:51.093351+00:00,scheduler,0,0,699.9,10240.0,36,23.328
2026-06-08T10:44:51.093351+00:00,scheduler,1,100,8813.9,10240.0,71,262.973
2026-06-08T10:44:51.093351+00:00,scheduler,2,0,699.9,10240.0,38,19.798
2026-06-08T10:44:51.093351+00:00,scheduler,3,0,699.9,10240.0,36,27.527
2026-06-08T10:44:56.094022+00:00,scheduler,0,0,699.9,10240.0,36,23.298
2026-06-08T10:44:56.094022+00:00,scheduler,1,100,8813.9,10240.0,71,258.429
2026-06-08T10:44:56.094022+00:00,scheduler,2,0,699.9,10240.0,37,19.58
2026-06-08T10:44:56.094022+00:00,scheduler,3,0,699.9,10240.0,36,27.511
2026-06-08T10:45:01.095070+00:00,scheduler,0,0,699.9,10240.0,36,23.282
2026-06-08T10:45:01.095070+00:00,scheduler,1,100,8813.9,10240.0,71,258.765
2026-06-08T10:45:01.095070+00:00,scheduler,2,0,699.9,10240.0,37,19.753
2026-06-08T10:45:01.095070+00:00,scheduler,3,0,699.9,10240.0,36,27.469
2026-06-08T10:45:06.095800+00:00,scheduler,0,0,699.9,10240.0,35,23.362
2026-06-08T10:45:06.095800+00:00,scheduler,1,100,8813.9,10240.0,71,257.36
2026-06-08T10:45:06.095800+00:00,scheduler,2,0,699.9,10240.0,36,19.669
2026-06-08T10:45:06.095800+00:00,scheduler,3,0,699.9,10240.0,35,27.571
2026-06-08T10:45:11.096534+00:00,scheduler,0,0,699.9,10240.0,35,23.064
2026-06-08T10:45:11.096534+00:00,scheduler,1,100,8813.9,10240.0,71,255.775
2026-06-08T10:45:11.096534+00:00,scheduler,2,0,699.9,10240.0,36,19.721
2026-06-08T10:45:11.096534+00:00,scheduler,3,0,699.9,10240.0,35,27.382
2026-06-08T10:45:16.097413+00:00,scheduler,0,0,699.9,10240.0,35,23.112
2026-06-08T10:45:16.097413+00:00,scheduler,1,9,8813.9,10240.0,59,106.99
2026-06-08T10:45:16.097413+00:00,scheduler,2,0,699.9,10240.0,36,19.31
2026-06-08T10:45:16.097413+00:00,scheduler,3,0,699.9,10240.0,35,27.333
2026-06-08T10:45:21.098117+00:00,scheduler,0,0,699.9,10240.0,35,23.167
2026-06-08T10:45:21.098117+00:00,scheduler,1,0,675.9,10240.0,58,115.51
2026-06-08T10:45:21.098117+00:00,scheduler,2,0,699.9,10240.0,36,19.193
2026-06-08T10:45:21.098117+00:00,scheduler,3,0,699.9,10240.0,35,27.242
2026-06-08T10:45:26.098849+00:00,scheduler,0,0,699.9,10240.0,35,23.08
2026-06-08T10:45:26.098849+00:00,scheduler,1,0,675.9,10240.0,57,104.678
2026-06-08T10:45:26.098849+00:00,scheduler,2,0,699.9,10240.0,35,19.38
2026-06-08T10:45:26.098849+00:00,scheduler,3,0,699.9,10240.0,35,27.406
2026-06-08T10:45:31.099501+00:00,scheduler,0,0,699.9,10240.0,34,23.138
2026-06-08T10:45:31.099501+00:00,scheduler,1,0,675.9,10240.0,56,104.417
2026-06-08T10:45:31.099501+00:00,scheduler,2,0,699.9,10240.0,35,19.352
2026-06-08T10:45:31.099501+00:00,scheduler,3,0,699.9,10240.0,34,27.405
2026-06-08T10:45:36.100223+00:00,scheduler,0,0,699.9,10240.0,34,23.181
2026-06-08T10:45:36.100223+00:00,scheduler,1,0,675.9,10240.0,52,98.692
2026-06-08T10:45:36.100223+00:00,scheduler,2,0,699.9,10240.0,35,19.284
2026-06-08T10:45:36.100223+00:00,scheduler,3,0,699.9,10240.0,34,27.275
2026-06-08T10:45:41.100883+00:00,scheduler,0,0,699.9,10240.0,34,23.232
2026-06-08T10:45:41.100883+00:00,scheduler,1,0,675.9,10240.0,47,25.248
2026-06-08T10:45:41.100883+00:00,scheduler,2,0,699.9,10240.0,35,19.453
2026-06-08T10:45:41.100883+00:00,scheduler,3,0,699.9,10240.0,34,27.259
2026-06-08T10:45:46.101759+00:00,scheduler,0,0,699.9,10240.0,34,23.171
2026-06-08T10:45:46.101759+00:00,scheduler,1,0,675.9,10240.0,46,25.152
2026-06-08T10:45:46.101759+00:00,scheduler,2,0,699.9,10240.0,35,19.412
2026-06-08T10:45:46.101759+00:00,scheduler,3,0,699.9,10240.0,34,27.284
2026-06-08T10:45:51.102537+00:00,scheduler,0,0,699.9,10240.0,34,23.089
2026-06-08T10:45:51.102537+00:00,scheduler,1,0,675.9,10240.0,45,25.086
2026-06-08T10:45:51.102537+00:00,scheduler,2,0,699.9,10240.0,35,19.296
2026-06-08T10:45:51.102537+00:00,scheduler,3,0,699.9,10240.0,34,27.307
2026-06-08T10:45:56.103294+00:00,scheduler,0,0,699.9,10240.0,34,23.201
2026-06-08T10:45:56.103294+00:00,scheduler,1,0,675.9,10240.0,44,25.003
2026-06-08T10:45:56.103294+00:00,scheduler,2,0,699.9,10240.0,34,19.348
2026-06-08T10:45:56.103294+00:00,scheduler,3,0,699.9,10240.0,34,27.321
2026-06-08T10:46:01.103930+00:00,scheduler,0,0,699.9,10240.0,34,23.137
2026-06-08T10:46:01.103930+00:00,scheduler,1,0,675.9,10240.0,44,25.04
2026-06-08T10:46:01.103930+00:00,scheduler,2,0,699.9,10240.0,34,19.177
2026-06-08T10:46:01.103930+00:00,scheduler,3,0,699.9,10240.0,34,27.302
2026-06-08T10:46:06.104665+00:00,scheduler,0,0,699.9,10240.0,34,23.005
2026-06-08T10:46:06.104665+00:00,scheduler,1,0,675.9,10240.0,43,24.93
2026-06-08T10:46:06.104665+00:00,scheduler,2,0,699.9,10240.0,34,18.938
2026-06-08T10:46:06.104665+00:00,scheduler,3,0,699.9,10240.0,34,27.125
2026-06-08T10:46:11.105391+00:00,scheduler,0,0,699.9,10240.0,34,23.037
2026-06-08T10:46:11.105391+00:00,scheduler,1,0,675.9,10240.0,42,24.999
2026-06-08T10:46:11.105391+00:00,scheduler,2,0,699.9,10240.0,34,19.023
2026-06-08T10:46:11.105391+00:00,scheduler,3,0,699.9,10240.0,34,27.156
2026-06-08T10:46:16.106192+00:00,scheduler,0,0,699.9,10240.0,34,23.154
2026-06-08T10:46:16.106192+00:00,scheduler,1,0,675.9,10240.0,42,24.895
2026-06-08T10:46:16.106192+00:00,scheduler,2,0,699.9,10240.0,34,19.279
2026-06-08T10:46:16.106192+00:00,scheduler,3,0,699.9,10240.0,33,27.205
2026-06-08T10:46:21.108621+00:00,scheduler,0,0,699.9,10240.0,34,23.046
2026-06-08T10:46:21.108621+00:00,scheduler,1,0,675.9,10240.0,42,25.037
2026-06-08T10:46:21.108621+00:00,scheduler,2,0,699.9,10240.0,34,19.219
2026-06-08T10:46:21.108621+00:00,scheduler,3,0,699.9,10240.0,33,27.019
2026-06-08T10:46:26.109446+00:00,scheduler,0,0,699.9,10240.0,34,23.055
2026-06-08T10:46:26.109446+00:00,scheduler,1,0,675.9,10240.0,41,24.857
2026-06-08T10:46:26.109446+00:00,scheduler,2,0,699.9,10240.0,34,19.212
2026-06-08T10:46:26.109446+00:00,scheduler,3,0,699.9,10240.0,33,27.125
2026-06-08T10:46:31.110172+00:00,scheduler,0,0,699.9,10240.0,33,23.026
2026-06-08T10:46:31.110172+00:00,scheduler,1,0,675.9,10240.0,41,24.831
2026-06-08T10:46:31.110172+00:00,scheduler,2,0,699.9,10240.0,34,19.289
2026-06-08T10:46:31.110172+00:00,scheduler,3,0,699.9,10240.0,33,27.182
2026-06-08T10:46:36.110754+00:00,scheduler,0,31,7989.9,10240.0,38,93.842
2026-06-08T10:46:36.110754+00:00,scheduler,1,0,675.9,10240.0,41,24.771
2026-06-08T10:46:36.110754+00:00,scheduler,2,0,699.9,10240.0,34,19.189
2026-06-08T10:46:36.110754+00:00,scheduler,3,0,699.9,10240.0,33,27.236
2026-06-08T10:46:41.111441+00:00,scheduler,0,11,7841.9,10240.0,39,93.365
2026-06-08T10:46:41.111441+00:00,scheduler,1,0,675.9,10240.0,40,25.034
2026-06-08T10:46:41.111441+00:00,scheduler,2,0,699.9,10240.0,34,19.164
2026-06-08T10:46:41.111441+00:00,scheduler,3,0,699.9,10240.0,33,27.195
2026-06-08T10:46:46.112113+00:00,scheduler,0,100,8837.9,10240.0,52,319.047
2026-06-08T10:46:46.112113+00:00,scheduler,1,0,675.9,10240.0,40,25.1
2026-06-08T10:46:46.112113+00:00,scheduler,2,0,699.9,10240.0,34,19.448
2026-06-08T10:46:46.112113+00:00,scheduler,3,0,699.9,10240.0,33,27.434
2026-06-08T10:46:51.112747+00:00,scheduler,0,100,8837.9,10240.0,54,319.189
2026-06-08T10:46:51.112747+00:00,scheduler,1,0,675.9,10240.0,40,25.118
2026-06-08T10:46:51.112747+00:00,scheduler,2,0,699.9,10240.0,34,19.563
2026-06-08T10:46:51.112747+00:00,scheduler,3,0,699.9,10240.0,33,27.455
2026-06-08T10:46:56.113510+00:00,scheduler,0,100,8837.9,10240.0,55,319.039
2026-06-08T10:46:56.113510+00:00,scheduler,1,0,675.9,10240.0,40,25.161
2026-06-08T10:46:56.113510+00:00,scheduler,2,0,699.9,10240.0,34,19.445
2026-06-08T10:46:56.113510+00:00,scheduler,3,0,699.9,10240.0,33,27.374
2026-06-08T10:47:01.114322+00:00,scheduler,0,100,8837.9,10240.0,56,319.104
2026-06-08T10:47:01.114322+00:00,scheduler,1,0,675.9,10240.0,39,25.038
2026-06-08T10:47:01.114322+00:00,scheduler,2,0,699.9,10240.0,34,19.442
2026-06-08T10:47:01.114322+00:00,scheduler,3,0,699.9,10240.0,33,27.477
2026-06-08T10:47:06.115150+00:00,scheduler,0,100,8837.9,10240.0,57,318.696
2026-06-08T10:47:06.115150+00:00,scheduler,1,0,675.9,10240.0,39,25.088
2026-06-08T10:47:06.115150+00:00,scheduler,2,0,699.9,10240.0,33,19.537
2026-06-08T10:47:06.115150+00:00,scheduler,3,0,699.9,10240.0,33,27.442
2026-06-08T10:47:11.115929+00:00,scheduler,0,100,8837.9,10240.0,58,318.619
2026-06-08T10:47:11.115929+00:00,scheduler,1,0,675.9,10240.0,39,25.103
2026-06-08T10:47:11.115929+00:00,scheduler,2,0,699.9,10240.0,33,19.562
2026-06-08T10:47:11.115929+00:00,scheduler,3,0,699.9,10240.0,33,27.425
2026-06-08T10:47:16.116628+00:00,scheduler,0,100,8837.9,10240.0,59,318.911
2026-06-08T10:47:16.116628+00:00,scheduler,1,0,675.9,10240.0,39,25.106
2026-06-08T10:47:16.116628+00:00,scheduler,2,0,699.9,10240.0,33,19.507
2026-06-08T10:47:16.116628+00:00,scheduler,3,0,699.9,10240.0,33,27.444
2026-06-08T10:47:21.117316+00:00,scheduler,0,100,8837.9,10240.0,60,318.945
2026-06-08T10:47:21.117316+00:00,scheduler,1,0,675.9,10240.0,39,24.852
2026-06-08T10:47:21.117316+00:00,scheduler,2,0,699.9,10240.0,33,19.566
2026-06-08T10:47:21.117316+00:00,scheduler,3,0,699.9,10240.0,33,27.2
2026-06-08T10:47:26.118004+00:00,scheduler,0,9,8837.9,10240.0,51,117.133
2026-06-08T10:47:26.118004+00:00,scheduler,1,0,675.9,10240.0,39,24.778
2026-06-08T10:47:26.118004+00:00,scheduler,2,0,699.9,10240.0,33,19.229
2026-06-08T10:47:26.118004+00:00,scheduler,3,0,699.9,10240.0,33,27.277
2026-06-08T10:47:31.118695+00:00,scheduler,0,0,699.9,10240.0,50,120.904
2026-06-08T10:47:31.118695+00:00,scheduler,1,0,675.9,10240.0,38,24.744
2026-06-08T10:47:31.118695+00:00,scheduler,2,0,699.9,10240.0,33,19.17
2026-06-08T10:47:31.118695+00:00,scheduler,3,0,699.9,10240.0,33,27.253
2026-06-08T10:47:36.119323+00:00,scheduler,0,0,699.9,10240.0,48,97.895
2026-06-08T10:47:36.119323+00:00,scheduler,1,0,675.9,10240.0,38,24.548
2026-06-08T10:47:36.119323+00:00,scheduler,2,0,699.9,10240.0,33,19.121
2026-06-08T10:47:36.119323+00:00,scheduler,3,0,699.9,10240.0,33,27.129
2026-06-08T10:47:41.120089+00:00,scheduler,0,0,699.9,10240.0,48,97.535
2026-06-08T10:47:41.120089+00:00,scheduler,1,0,675.9,10240.0,38,24.656
2026-06-08T10:47:41.120089+00:00,scheduler,2,0,699.9,10240.0,33,19.248
2026-06-08T10:47:41.120089+00:00,scheduler,3,0,699.9,10240.0,33,27.34
2026-06-08T10:47:46.120731+00:00,scheduler,0,0,699.9,10240.0,47,96.97
2026-06-08T10:47:46.120731+00:00,scheduler,1,9,8697.9,10240.0,51,168.007
2026-06-08T10:47:46.120731+00:00,scheduler,2,40,5137.9,10240.0,37,58.269
2026-06-08T10:47:46.120731+00:00,scheduler,3,0,699.9,10240.0,33,27.259
2026-06-08T10:47:51.121370+00:00,scheduler,0,0,699.9,10240.0,42,23.832
2026-06-08T10:47:51.121370+00:00,scheduler,1,10,8697.9,10240.0,48,99.364
2026-06-08T10:47:51.121370+00:00,scheduler,2,9,8721.9,10240.0,40,91.179
2026-06-08T10:47:51.121370+00:00,scheduler,3,0,699.9,10240.0,33,27.429
2026-06-08T10:47:56.122047+00:00,scheduler,0,0,699.9,10240.0,41,23.621
2026-06-08T10:47:56.122047+00:00,scheduler,1,100,8813.9,10240.0,68,318.009
2026-06-08T10:47:56.122047+00:00,scheduler,2,100,8835.9,10240.0,50,134.936
2026-06-08T10:47:56.122047+00:00,scheduler,3,0,699.9,10240.0,33,27.392
2026-06-08T10:48:01.122727+00:00,scheduler,0,0,699.9,10240.0,40,23.711
2026-06-08T10:48:01.122727+00:00,scheduler,1,100,8813.9,10240.0,68,281.513
2026-06-08T10:48:01.122727+00:00,scheduler,2,100,8837.9,10240.0,61,318.917
2026-06-08T10:48:01.122727+00:00,scheduler,3,0,699.9,10240.0,33,27.461
2026-06-08T10:48:06.123335+00:00,scheduler,0,0,699.9,10240.0,39,23.542
2026-06-08T10:48:06.123335+00:00,scheduler,1,100,8813.9,10240.0,69,277.747
2026-06-08T10:48:06.123335+00:00,scheduler,2,100,8837.9,10240.0,64,318.469
2026-06-08T10:48:06.123335+00:00,scheduler,3,0,699.9,10240.0,33,27.336
2026-06-08T10:48:11.123941+00:00,scheduler,0,0,699.9,10240.0,38,23.748
2026-06-08T10:48:11.123941+00:00,scheduler,1,100,8813.9,10240.0,69,269.418
2026-06-08T10:48:11.123941+00:00,scheduler,2,100,8837.9,10240.0,65,308.143
2026-06-08T10:48:11.123941+00:00,scheduler,3,0,699.9,10240.0,33,27.243
2026-06-08T10:48:16.124535+00:00,scheduler,0,0,699.9,10240.0,38,23.441
2026-06-08T10:48:16.124535+00:00,scheduler,1,100,8813.9,10240.0,69,266.278
2026-06-08T10:48:16.124535+00:00,scheduler,2,100,8837.9,10240.0,66,301.956
2026-06-08T10:48:16.124535+00:00,scheduler,3,0,699.9,10240.0,33,27.423
2026-06-08T10:48:21.125076+00:00,scheduler,0,0,699.9,10240.0,37,23.468
2026-06-08T10:48:21.125076+00:00,scheduler,1,100,8813.9,10240.0,69,262.604
2026-06-08T10:48:21.125076+00:00,scheduler,2,100,8837.9,10240.0,66,295.875
2026-06-08T10:48:21.125076+00:00,scheduler,3,0,699.9,10240.0,33,27.239
2026-06-08T10:48:26.127136+00:00,scheduler,0,0,699.9,10240.0,37,23.345
2026-06-08T10:48:26.127136+00:00,scheduler,1,100,8813.9,10240.0,70,263.253
2026-06-08T10:48:26.127136+00:00,scheduler,2,100,8837.9,10240.0,67,288.51
2026-06-08T10:48:26.127136+00:00,scheduler,3,10,8721.9,10240.0,41,116.223
2026-06-08T10:48:31.127733+00:00,scheduler,0,0,699.9,10240.0,37,23.321
2026-06-08T10:48:31.127733+00:00,scheduler,1,100,8813.9,10240.0,70,262.556
2026-06-08T10:48:31.127733+00:00,scheduler,2,100,8837.9,10240.0,68,287.739
2026-06-08T10:48:31.127733+00:00,scheduler,3,32,5235.9,10240.0,42,112.542
2026-06-08T10:48:36.128737+00:00,scheduler,0,10,8721.9,10240.0,43,172.903
2026-06-08T10:48:36.128737+00:00,scheduler,1,100,8813.9,10240.0,71,258.294
2026-06-08T10:48:36.128737+00:00,scheduler,2,100,8837.9,10240.0,67,282.798
2026-06-08T10:48:36.128737+00:00,scheduler,3,100,8837.9,10240.0,65,319.097
2026-06-08T10:48:41.129538+00:00,scheduler,0,43,5937.9,10240.0,43,105.858
2026-06-08T10:48:41.129538+00:00,scheduler,1,9,8813.9,10240.0,58,111.789
2026-06-08T10:48:41.129538+00:00,scheduler,2,9,8837.9,10240.0,53,99.09
2026-06-08T10:48:41.129538+00:00,scheduler,3,100,8837.9,10240.0,68,318.038
2026-06-08T10:48:46.130272+00:00,scheduler,0,100,8837.9,10240.0,55,319.138
2026-06-08T10:48:46.130272+00:00,scheduler,1,0,675.9,10240.0,60,164.291
2026-06-08T10:48:46.130272+00:00,scheduler,2,0,699.9,10240.0,53,120.636
2026-06-08T10:48:46.130272+00:00,scheduler,3,100,8837.9,10240.0,69,318.163
2026-06-08T10:48:51.130934+00:00,scheduler,0,100,8837.9,10240.0,56,318.328
2026-06-08T10:48:51.130934+00:00,scheduler,1,0,675.9,10240.0,56,104.636
2026-06-08T10:48:51.130934+00:00,scheduler,2,0,699.9,10240.0,50,93.578
2026-06-08T10:48:51.130934+00:00,scheduler,3,100,8837.9,10240.0,70,318.541
2026-06-08T10:48:56.131560+00:00,scheduler,0,100,8837.9,10240.0,57,318.609
2026-06-08T10:48:56.131560+00:00,scheduler,1,0,675.9,10240.0,55,104.316
2026-06-08T10:48:56.131560+00:00,scheduler,2,0,699.9,10240.0,49,93.086
2026-06-08T10:48:56.131560+00:00,scheduler,3,100,8837.9,10240.0,70,318.525
2026-06-08T10:49:01.132451+00:00,scheduler,0,100,8837.9,10240.0,58,318.588
2026-06-08T10:49:01.132451+00:00,scheduler,1,0,675.9,10240.0,55,103.921
2026-06-08T10:49:01.132451+00:00,scheduler,2,0,699.9,10240.0,48,93.88
2026-06-08T10:49:01.132451+00:00,scheduler,3,100,8837.9,10240.0,71,318.321
2026-06-08T10:49:06.133135+00:00,scheduler,0,100,8837.9,10240.0,59,319.08
2026-06-08T10:49:06.133135+00:00,scheduler,1,0,675.9,10240.0,48,25.891
2026-06-08T10:49:06.133135+00:00,scheduler,2,0,699.9,10240.0,43,20.787
2026-06-08T10:49:06.133135+00:00,scheduler,3,100,8837.9,10240.0,72,318.471
2026-06-08T10:49:11.133721+00:00,scheduler,0,100,8837.9,10240.0,60,318.997
2026-06-08T10:49:11.133721+00:00,scheduler,1,0,675.9,10240.0,46,25.764
2026-06-08T10:49:11.133721+00:00,scheduler,2,0,699.9,10240.0,41,20.204
2026-06-08T10:49:11.133721+00:00,scheduler,3,100,8837.9,10240.0,72,318.385
2026-06-08T10:49:16.134521+00:00,scheduler,0,100,8837.9,10240.0,60,318.264
2026-06-08T10:49:16.134521+00:00,scheduler,1,0,675.9,10240.0,45,25.301
2026-06-08T10:49:16.134521+00:00,scheduler,2,0,699.9,10240.0,40,20.113
2026-06-08T10:49:16.134521+00:00,scheduler,3,11,8837.9,10240.0,53,100.418
2026-06-08T10:49:21.135175+00:00,scheduler,0,100,8837.9,10240.0,61,318.377
2026-06-08T10:49:21.135175+00:00,scheduler,1,0,675.9,10240.0,44,25.299
2026-06-08T10:49:21.135175+00:00,scheduler,2,0,699.9,10240.0,39,20.166
2026-06-08T10:49:21.135175+00:00,scheduler,3,0,699.9,10240.0,53,124.418
2026-06-08T10:49:26.136026+00:00,scheduler,0,9,8837.9,10240.0,50,97.917
2026-06-08T10:49:26.136026+00:00,scheduler,1,0,675.9,10240.0,43,24.947
2026-06-08T10:49:26.136026+00:00,scheduler,2,0,699.9,10240.0,38,19.653
2026-06-08T10:49:26.136026+00:00,scheduler,3,0,699.9,10240.0,50,100.038
2026-06-08T10:49:31.136716+00:00,scheduler,0,0,699.9,10240.0,49,105.576
2026-06-08T10:49:31.136716+00:00,scheduler,1,43,4241.9,10240.0,48,48.222
2026-06-08T10:49:31.136716+00:00,scheduler,2,0,699.9,10240.0,38,19.39
2026-06-08T10:49:31.136716+00:00,scheduler,3,0,699.9,10240.0,49,99.836
2026-06-08T10:49:36.137366+00:00,scheduler,0,0,699.9,10240.0,48,97.731
2026-06-08T10:49:36.137366+00:00,scheduler,1,9,8697.9,10240.0,52,107.483
2026-06-08T10:49:36.137366+00:00,scheduler,2,0,699.9,10240.0,37,19.774
2026-06-08T10:49:36.137366+00:00,scheduler,3,0,699.9,10240.0,48,99.565
2026-06-08T10:49:41.138080+00:00,scheduler,0,0,699.9,10240.0,47,97.201
2026-06-08T10:49:41.138080+00:00,scheduler,1,100,8813.9,10240.0,71,318.764
2026-06-08T10:49:41.138080+00:00,scheduler,2,0,699.9,10240.0,37,19.616
2026-06-08T10:49:41.138080+00:00,scheduler,3,0,699.9,10240.0,42,28.186
2026-06-08T10:49:46.138698+00:00,scheduler,0,0,699.9,10240.0,45,92.859
2026-06-08T10:49:46.138698+00:00,scheduler,1,100,8813.9,10240.0,70,270.802
2026-06-08T10:49:46.138698+00:00,scheduler,2,0,699.9,10240.0,37,19.757
2026-06-08T10:49:46.138698+00:00,scheduler,3,0,699.9,10240.0,40,28.065
2026-06-08T10:49:51.139586+00:00,scheduler,0,0,699.9,10240.0,42,23.822
2026-06-08T10:49:51.139586+00:00,scheduler,1,100,8813.9,10240.0,70,260.717
2026-06-08T10:49:51.139586+00:00,scheduler,2,0,699.9,10240.0,36,19.544
2026-06-08T10:49:51.139586+00:00,scheduler,3,0,699.9,10240.0,39,28.054
2026-06-08T10:49:56.140282+00:00,scheduler,0,0,699.9,10240.0,41,23.808
2026-06-08T10:49:56.140282+00:00,scheduler,1,100,8813.9,10240.0,71,264.313
2026-06-08T10:49:56.140282+00:00,scheduler,2,0,699.9,10240.0,36,19.611
2026-06-08T10:49:56.140282+00:00,scheduler,3,0,699.9,10240.0,39,27.691
2026-06-08T10:50:01.140916+00:00,scheduler,0,0,699.9,10240.0,40,23.714
2026-06-08T10:50:01.140916+00:00,scheduler,1,100,8813.9,10240.0,71,260.552
2026-06-08T10:50:01.140916+00:00,scheduler,2,0,699.9,10240.0,36,19.415
2026-06-08T10:50:01.140916+00:00,scheduler,3,42,5817.9,10240.0,43,74.393
2026-06-08T10:50:06.141573+00:00,scheduler,0,0,699.9,10240.0,39,23.575
2026-06-08T10:50:06.141573+00:00,scheduler,1,100,8813.9,10240.0,71,257.899
2026-06-08T10:50:06.141573+00:00,scheduler,2,0,699.9,10240.0,35,19.484
2026-06-08T10:50:06.141573+00:00,scheduler,3,10,8721.9,10240.0,45,98.213
2026-06-08T10:50:11.142127+00:00,scheduler,0,0,699.9,10240.0,38,23.424
2026-06-08T10:50:11.142127+00:00,scheduler,1,100,8813.9,10240.0,71,257.482
2026-06-08T10:50:11.142127+00:00,scheduler,2,0,699.9,10240.0,35,19.749
2026-06-08T10:50:11.142127+00:00,scheduler,3,100,8837.9,10240.0,66,317.968
2026-06-08T10:50:16.142732+00:00,scheduler,0,0,699.9,10240.0,38,23.557
2026-06-08T10:50:16.142732+00:00,scheduler,1,100,8813.9,10240.0,72,256.841
2026-06-08T10:50:16.142732+00:00,scheduler,2,0,699.9,10240.0,35,19.457
2026-06-08T10:50:16.142732+00:00,scheduler,3,100,8837.9,10240.0,70,318.241
2026-06-08T10:50:21.143385+00:00,scheduler,0,0,699.9,10240.0,37,23.336
2026-06-08T10:50:21.143385+00:00,scheduler,1,100,8813.9,10240.0,71,255.122
2026-06-08T10:50:21.143385+00:00,scheduler,2,0,699.9,10240.0,35,19.646
2026-06-08T10:50:21.143385+00:00,scheduler,3,100,8837.9,10240.0,70,318.539
2026-06-08T10:50:26.143958+00:00,scheduler,0,0,1441.9,10240.0,37,23.355
2026-06-08T10:50:26.143958+00:00,scheduler,1,10,8813.9,10240.0,61,129.169
2026-06-08T10:50:26.143958+00:00,scheduler,2,0,699.9,10240.0,35,19.558
2026-06-08T10:50:26.143958+00:00,scheduler,3,100,8837.9,10240.0,71,318.766
2026-06-08T10:50:31.144540+00:00,scheduler,0,10,8721.9,10240.0,43,110.293
2026-06-08T10:50:31.144540+00:00,scheduler,1,0,675.9,10240.0,61,161.03
2026-06-08T10:50:31.144540+00:00,scheduler,2,0,699.9,10240.0,35,19.607
2026-06-08T10:50:31.144540+00:00,scheduler,3,100,8837.9,10240.0,72,319.38
2026-06-08T10:50:36.145189+00:00,scheduler,0,100,8837.9,10240.0,54,318.527
2026-06-08T10:50:36.145189+00:00,scheduler,1,0,675.9,10240.0,57,104.917
2026-06-08T10:50:36.145189+00:00,scheduler,2,0,699.9,10240.0,35,19.574
2026-06-08T10:50:36.145189+00:00,scheduler,3,100,8837.9,10240.0,72,318.888
2026-06-08T10:50:41.145892+00:00,scheduler,0,100,8837.9,10240.0,56,318.917
2026-06-08T10:50:41.145892+00:00,scheduler,1,0,675.9,10240.0,56,104.334
2026-06-08T10:50:41.145892+00:00,scheduler,2,11,8721.9,10240.0,43,112.096
2026-06-08T10:50:41.145892+00:00,scheduler,3,100,8837.9,10240.0,73,318.996
2026-06-08T10:50:46.146548+00:00,scheduler,0,100,8837.9,10240.0,57,318.719
2026-06-08T10:50:46.146548+00:00,scheduler,1,0,675.9,10240.0,56,103.874
2026-06-08T10:50:46.146548+00:00,scheduler,2,38,7575.9,10240.0,43,113.886
2026-06-08T10:50:46.146548+00:00,scheduler,3,100,8837.9,10240.0,73,319.089
2026-06-08T10:50:51.147246+00:00,scheduler,0,100,8837.9,10240.0,58,319.143
2026-06-08T10:50:51.147246+00:00,scheduler,1,0,675.9,10240.0,48,26.09
2026-06-08T10:50:51.147246+00:00,scheduler,2,100,8837.9,10240.0,62,318.697
2026-06-08T10:50:51.147246+00:00,scheduler,3,10,8837.9,10240.0,57,128.91
2026-06-08T10:50:56.147879+00:00,scheduler,0,100,8837.9,10240.0,59,319.432
2026-06-08T10:50:56.147879+00:00,scheduler,1,0,675.9,10240.0,46,25.831
2026-06-08T10:50:56.147879+00:00,scheduler,2,100,8837.9,10240.0,65,319.195
2026-06-08T10:50:56.147879+00:00,scheduler,3,32,765.9,10240.0,60,139.35
2026-06-08T10:51:01.148595+00:00,scheduler,0,100,8837.9,10240.0,60,319.118
2026-06-08T10:51:01.148595+00:00,scheduler,1,0,675.9,10240.0,46,25.427
2026-06-08T10:51:01.148595+00:00,scheduler,2,100,8837.9,10240.0,65,305.082
2026-06-08T10:51:01.148595+00:00,scheduler,3,0,699.9,10240.0,51,99.225
2026-06-08T10:51:06.149306+00:00,scheduler,0,100,8837.9,10240.0,60,319.111
2026-06-08T10:51:06.149306+00:00,scheduler,1,0,675.9,10240.0,45,25.372
2026-06-08T10:51:06.149306+00:00,scheduler,2,100,8837.9,10240.0,66,296.116
2026-06-08T10:51:06.149306+00:00,scheduler,3,0,699.9,10240.0,50,99.64
2026-06-08T10:51:11.149893+00:00,scheduler,0,100,8837.9,10240.0,61,319.806
2026-06-08T10:51:11.149893+00:00,scheduler,1,0,675.9,10240.0,44,25.247
2026-06-08T10:51:11.149893+00:00,scheduler,2,100,8837.9,10240.0,67,296.195
2026-06-08T10:51:11.149893+00:00,scheduler,3,0,699.9,10240.0,49,99.334
2026-06-08T10:51:16.150568+00:00,scheduler,0,10,8837.9,10240.0,52,117.448
2026-06-08T10:51:16.150568+00:00,scheduler,1,0,675.9,10240.0,43,25.407
2026-06-08T10:51:16.150568+00:00,scheduler,2,100,8837.9,10240.0,67,287.339
2026-06-08T10:51:16.150568+00:00,scheduler,3,0,699.9,10240.0,43,28.286
2026-06-08T10:51:21.151166+00:00,scheduler,0,2,699.9,10240.0,51,148.037
2026-06-08T10:51:21.151166+00:00,scheduler,1,0,675.9,10240.0,43,25.189
2026-06-08T10:51:21.151166+00:00,scheduler,2,100,8837.9,10240.0,67,284.932
2026-06-08T10:51:21.151166+00:00,scheduler,3,0,699.9,10240.0,41,27.999
2026-06-08T10:51:26.151878+00:00,scheduler,0,0,699.9,10240.0,48,96.445
2026-06-08T10:51:26.151878+00:00,scheduler,1,0,675.9,10240.0,42,25.174
2026-06-08T10:51:26.151878+00:00,scheduler,2,100,8837.9,10240.0,68,280.918
2026-06-08T10:51:26.151878+00:00,scheduler,3,0,699.9,10240.0,40,27.881
2026-06-08T10:51:31.152604+00:00,scheduler,0,0,699.9,10240.0,48,96.115
2026-06-08T10:51:31.152604+00:00,scheduler,1,0,675.9,10240.0,42,24.92
2026-06-08T10:51:31.152604+00:00,scheduler,2,10,8837.9,10240.0,55,115.254
2026-06-08T10:51:31.152604+00:00,scheduler,3,0,699.9,10240.0,39,27.711
2026-06-08T10:51:36.153340+00:00,scheduler,0,0,699.9,10240.0,47,95.846
2026-06-08T10:51:36.153340+00:00,scheduler,1,0,675.9,10240.0,42,24.886
2026-06-08T10:51:36.153340+00:00,scheduler,2,0,699.9,10240.0,53,121.387
2026-06-08T10:51:36.153340+00:00,scheduler,3,0,699.9,10240.0,38,27.538
2026-06-08T10:51:41.153961+00:00,scheduler,0,0,699.9,10240.0,42,23.93
2026-06-08T10:51:41.153961+00:00,scheduler,1,0,675.9,10240.0,41,24.991
2026-06-08T10:51:41.153961+00:00,scheduler,2,0,699.9,10240.0,50,94.123
2026-06-08T10:51:41.153961+00:00,scheduler,3,0,699.9,10240.0,38,27.456
2026-06-08T10:51:46.154682+00:00,scheduler,0,0,699.9,10240.0,41,23.666
2026-06-08T10:51:46.154682+00:00,scheduler,1,0,675.9,10240.0,41,24.864
2026-06-08T10:51:46.154682+00:00,scheduler,2,0,699.9,10240.0,49,94.506
2026-06-08T10:51:46.154682+00:00,scheduler,3,0,699.9,10240.0,37,27.453
2026-06-08T10:51:51.155303+00:00,scheduler,0,0,699.9,10240.0,40,23.897
2026-06-08T10:51:51.155303+00:00,scheduler,1,0,675.9,10240.0,41,24.796
2026-06-08T10:51:51.155303+00:00,scheduler,2,0,699.9,10240.0,48,94.06
2026-06-08T10:51:51.155303+00:00,scheduler,3,32,4061.9,10240.0,41,61.372
2026-06-08T10:51:56.155994+00:00,scheduler,0,0,699.9,10240.0,39,23.696
2026-06-08T10:51:56.155994+00:00,scheduler,1,0,675.9,10240.0,41,24.808
2026-06-08T10:51:56.155994+00:00,scheduler,2,0,699.9,10240.0,42,20.662
2026-06-08T10:51:56.155994+00:00,scheduler,3,10,8721.9,10240.0,44,116.868
2026-06-08T10:52:01.156694+00:00,scheduler,0,0,699.9,10240.0,38,23.657
2026-06-08T10:52:01.156694+00:00,scheduler,1,45,8527.9,10240.0,50,116.355
2026-06-08T10:52:01.156694+00:00,scheduler,2,0,699.9,10240.0,41,20.185
2026-06-08T10:52:01.156694+00:00,scheduler,3,100,8837.9,10240.0,63,318.511
2026-06-08T10:52:06.157638+00:00,scheduler,0,0,699.9,10240.0,38,23.597
2026-06-08T10:52:06.157638+00:00,scheduler,1,10,2593.9,10240.0,51,101.192
2026-06-08T10:52:06.157638+00:00,scheduler,2,0,699.9,10240.0,40,20.249
2026-06-08T10:52:06.157638+00:00,scheduler,3,100,8837.9,10240.0,69,318.439
2026-06-08T10:52:11.158526+00:00,scheduler,0,0,699.9,10240.0,37,23.63
2026-06-08T10:52:11.158526+00:00,scheduler,1,100,8813.9,10240.0,70,283.768
2026-06-08T10:52:11.158526+00:00,scheduler,2,0,699.9,10240.0,39,20.026
2026-06-08T10:52:11.158526+00:00,scheduler,3,100,8837.9,10240.0,70,319.182
2026-06-08T10:52:16.159333+00:00,scheduler,0,0,699.9,10240.0,37,23.441
2026-06-08T10:52:16.159333+00:00,scheduler,1,100,8813.9,10240.0,69,271.891
2026-06-08T10:52:16.159333+00:00,scheduler,2,0,699.9,10240.0,38,19.993
2026-06-08T10:52:16.159333+00:00,scheduler,3,100,8837.9,10240.0,71,319.224
2026-06-08T10:52:21.160097+00:00,scheduler,0,0,699.9,10240.0,36,23.641
2026-06-08T10:52:21.160097+00:00,scheduler,1,100,8813.9,10240.0,70,268.134
2026-06-08T10:52:21.160097+00:00,scheduler,2,0,699.9,10240.0,38,19.984
2026-06-08T10:52:21.160097+00:00,scheduler,3,100,8837.9,10240.0,71,319.143
2026-06-08T10:52:26.160737+00:00,scheduler,0,0,699.9,10240.0,36,23.513
2026-06-08T10:52:26.160737+00:00,scheduler,1,100,8813.9,10240.0,70,264.539
2026-06-08T10:52:26.160737+00:00,scheduler,2,0,699.9,10240.0,37,19.751
2026-06-08T10:52:26.160737+00:00,scheduler,3,100,8837.9,10240.0,72,318.258
2026-06-08T10:52:31.161365+00:00,scheduler,0,0,699.9,10240.0,36,23.446
2026-06-08T10:52:31.161365+00:00,scheduler,1,100,8813.9,10240.0,70,264.791
2026-06-08T10:52:31.161365+00:00,scheduler,2,0,699.9,10240.0,37,19.869
2026-06-08T10:52:31.161365+00:00,scheduler,3,100,8837.9,10240.0,72,318.868
2026-06-08T10:52:36.162055+00:00,scheduler,0,0,699.9,10240.0,35,23.551
2026-06-08T10:52:36.162055+00:00,scheduler,1,100,8813.9,10240.0,70,260.448
2026-06-08T10:52:36.162055+00:00,scheduler,2,0,699.9,10240.0,36,19.904
2026-06-08T10:52:36.162055+00:00,scheduler,3,100,8837.9,10240.0,73,318.904
2026-06-08T10:52:41.162709+00:00,scheduler,0,0,699.9,10240.0,35,23.439
2026-06-08T10:52:41.162709+00:00,scheduler,1,100,8813.9,10240.0,71,260.491
2026-06-08T10:52:41.162709+00:00,scheduler,2,0,699.9,10240.0,36,19.616
2026-06-08T10:52:41.162709+00:00,scheduler,3,13,8837.9,10240.0,62,263.482
2026-06-08T10:52:46.163279+00:00,scheduler,0,0,699.9,10240.0,35,23.309
2026-06-08T10:52:46.163279+00:00,scheduler,1,100,8813.9,10240.0,71,257.543
2026-06-08T10:52:46.163279+00:00,scheduler,2,0,1645.9,10240.0,36,19.545
2026-06-08T10:52:46.163279+00:00,scheduler,3,10,8837.9,10240.0,52,99.869
2026-06-08T10:52:51.163867+00:00,scheduler,0,0,699.9,10240.0,35,23.463
2026-06-08T10:52:51.163867+00:00,scheduler,1,100,8813.9,10240.0,71,253.699
2026-06-08T10:52:51.163867+00:00,scheduler,2,10,8721.9,10240.0,44,113.912
2026-06-08T10:52:51.163867+00:00,scheduler,3,0,699.9,10240.0,51,103.152
2026-06-08T10:52:56.165975+00:00,scheduler,0,0,699.9,10240.0,35,23.22
2026-06-08T10:52:56.165975+00:00,scheduler,1,10,8813.9,10240.0,58,106.693
2026-06-08T10:52:56.165975+00:00,scheduler,2,100,8837.9,10240.0,56,193.714
2026-06-08T10:52:56.165975+00:00,scheduler,3,0,699.9,10240.0,49,98.385
2026-06-08T10:53:01.166731+00:00,scheduler,0,0,699.9,10240.0,34,23.408
2026-06-08T10:53:01.166731+00:00,scheduler,1,0,675.9,10240.0,58,120.429
2026-06-08T10:53:01.166731+00:00,scheduler,2,100,8837.9,10240.0,64,318.87
2026-06-08T10:53:01.166731+00:00,scheduler,3,0,699.9,10240.0,49,98.118
2026-06-08T10:53:06.167431+00:00,scheduler,0,0,699.9,10240.0,34,23.324
2026-06-08T10:53:06.167431+00:00,scheduler,1,0,675.9,10240.0,56,104.523
2026-06-08T10:53:06.167431+00:00,scheduler,2,100,8837.9,10240.0,65,308.741
2026-06-08T10:53:06.167431+00:00,scheduler,3,0,699.9,10240.0,44,31.242
2026-06-08T10:53:11.168125+00:00,scheduler,0,0,699.9,10240.0,34,23.325
2026-06-08T10:53:11.168125+00:00,scheduler,1,0,675.9,10240.0,56,103.995
2026-06-08T10:53:11.168125+00:00,scheduler,2,100,8837.9,10240.0,66,300.839
2026-06-08T10:53:11.168125+00:00,scheduler,3,0,699.9,10240.0,41,27.998
2026-06-08T10:53:16.168967+00:00,scheduler,0,0,699.9,10240.0,34,23.268
2026-06-08T10:53:16.168967+00:00,scheduler,1,0,675.9,10240.0,51,81.944
2026-06-08T10:53:16.168967+00:00,scheduler,2,100,8837.9,10240.0,67,295.098
2026-06-08T10:53:16.168967+00:00,scheduler,3,0,699.9,10240.0,40,28.078
2026-06-08T10:53:21.169718+00:00,scheduler,0,0,699.9,10240.0,34,23.262
2026-06-08T10:53:21.169718+00:00,scheduler,1,0,675.9,10240.0,47,25.836
2026-06-08T10:53:21.169718+00:00,scheduler,2,100,8837.9,10240.0,67,293.249
2026-06-08T10:53:21.169718+00:00,scheduler,3,0,699.9,10240.0,39,28.013
2026-06-08T10:53:26.170314+00:00,scheduler,0,0,699.9,10240.0,34,23.245
2026-06-08T10:53:26.170314+00:00,scheduler,1,0,675.9,10240.0,46,25.526
2026-06-08T10:53:26.170314+00:00,scheduler,2,100,8837.9,10240.0,68,288.292
2026-06-08T10:53:26.170314+00:00,scheduler,3,0,699.9,10240.0,38,27.737
2026-06-08T10:53:31.171048+00:00,scheduler,0,0,699.9,10240.0,34,23.353
2026-06-08T10:53:31.171048+00:00,scheduler,1,0,675.9,10240.0,45,25.523
2026-06-08T10:53:31.171048+00:00,scheduler,2,100,8837.9,10240.0,67,283.395
2026-06-08T10:53:31.171048+00:00,scheduler,3,0,699.9,10240.0,38,27.696
2026-06-08T10:53:36.171899+00:00,scheduler,0,0,699.9,10240.0,34,23.323
2026-06-08T10:53:36.171899+00:00,scheduler,1,0,675.9,10240.0,44,25.297
2026-06-08T10:53:36.171899+00:00,scheduler,2,100,8837.9,10240.0,68,281.884
2026-06-08T10:53:36.171899+00:00,scheduler,3,0,699.9,10240.0,37,27.468
2026-06-08T10:53:41.172677+00:00,scheduler,0,0,699.9,10240.0,34,23.159
2026-06-08T10:53:41.172677+00:00,scheduler,1,0,675.9,10240.0,44,24.935
2026-06-08T10:53:41.172677+00:00,scheduler,2,9,8837.9,10240.0,53,99.331
2026-06-08T10:53:41.172677+00:00,scheduler,3,0,699.9,10240.0,37,27.452
2026-06-08T10:53:46.173454+00:00,scheduler,0,0,699.9,10240.0,34,23.164
2026-06-08T10:53:46.173454+00:00,scheduler,1,0,675.9,10240.0,43,24.996
2026-06-08T10:53:46.173454+00:00,scheduler,2,0,699.9,10240.0,53,119.644
2026-06-08T10:53:46.173454+00:00,scheduler,3,0,699.9,10240.0,36,27.44
2026-06-08T10:53:51.174271+00:00,scheduler,0,0,699.9,10240.0,34,23.219
2026-06-08T10:53:51.174271+00:00,scheduler,1,0,675.9,10240.0,43,24.876
2026-06-08T10:53:51.174271+00:00,scheduler,2,0,699.9,10240.0,50,93.962
2026-06-08T10:53:51.174271+00:00,scheduler,3,0,699.9,10240.0,36,27.428
2026-06-08T10:53:56.174958+00:00,scheduler,0,0,699.9,10240.0,34,23.096
2026-06-08T10:53:56.174958+00:00,scheduler,1,0,675.9,10240.0,42,24.961
2026-06-08T10:53:56.174958+00:00,scheduler,2,0,699.9,10240.0,49,93.329
2026-06-08T10:53:56.174958+00:00,scheduler,3,0,699.9,10240.0,36,27.428
2026-06-08T10:54:01.175589+00:00,scheduler,0,0,699.9,10240.0,33,23.058
2026-06-08T10:54:01.175589+00:00,scheduler,1,0,675.9,10240.0,42,24.904
2026-06-08T10:54:01.175589+00:00,scheduler,2,0,699.9,10240.0,47,87.421
2026-06-08T10:54:01.175589+00:00,scheduler,3,0,699.9,10240.0,35,27.323
2026-06-08T10:54:06.176173+00:00,scheduler,0,0,699.9,10240.0,33,23.192
2026-06-08T10:54:06.176173+00:00,scheduler,1,0,675.9,10240.0,41,24.863
2026-06-08T10:54:06.176173+00:00,scheduler,2,0,699.9,10240.0,42,20.357
2026-06-08T10:54:06.176173+00:00,scheduler,3,0,699.9,10240.0,35,27.336
2026-06-08T10:54:11.177111+00:00,scheduler,0,0,699.9,10240.0,33,23.152
2026-06-08T10:54:11.177111+00:00,scheduler,1,0,675.9,10240.0,41,24.934
2026-06-08T10:54:11.177111+00:00,scheduler,2,0,699.9,10240.0,41,19.904
2026-06-08T10:54:11.177111+00:00,scheduler,3,0,699.9,10240.0,35,27.498
2026-06-08T10:54:16.177874+00:00,scheduler,0,0,699.9,10240.0,33,23.192
2026-06-08T10:54:16.177874+00:00,scheduler,1,0,675.9,10240.0,41,24.79
2026-06-08T10:54:16.177874+00:00,scheduler,2,0,699.9,10240.0,40,19.705
2026-06-08T10:54:16.177874+00:00,scheduler,3,0,699.9,10240.0,35,27.35
2026-06-08T10:54:21.178691+00:00,scheduler,0,0,699.9,10240.0,33,23.125
2026-06-08T10:54:21.178691+00:00,scheduler,1,0,675.9,10240.0,40,24.762
2026-06-08T10:54:21.178691+00:00,scheduler,2,0,699.9,10240.0,39,19.536
2026-06-08T10:54:21.178691+00:00,scheduler,3,0,699.9,10240.0,35,27.326
2026-06-08T10:54:26.179575+00:00,scheduler,0,0,699.9,10240.0,33,23.219
2026-06-08T10:54:26.179575+00:00,scheduler,1,0,675.9,10240.0,40,25.075
2026-06-08T10:54:26.179575+00:00,scheduler,2,0,699.9,10240.0,38,19.502
2026-06-08T10:54:26.179575+00:00,scheduler,3,0,699.9,10240.0,34,27.324
2026-06-08T10:54:31.180378+00:00,scheduler,0,0,699.9,10240.0,33,23.123
2026-06-08T10:54:31.180378+00:00,scheduler,1,0,675.9,10240.0,40,24.804
2026-06-08T10:54:31.180378+00:00,scheduler,2,0,699.9,10240.0,38,19.438
2026-06-08T10:54:31.180378+00:00,scheduler,3,0,699.9,10240.0,34,27.301
2026-06-08T10:54:36.181152+00:00,scheduler,0,0,699.9,10240.0,33,23.113
2026-06-08T10:54:36.181152+00:00,scheduler,1,0,675.9,10240.0,40,24.825
2026-06-08T10:54:36.181152+00:00,scheduler,2,0,699.9,10240.0,37,19.538
2026-06-08T10:54:36.181152+00:00,scheduler,3,0,699.9,10240.0,34,27.279
2026-06-08T10:54:41.182028+00:00,scheduler,0,0,699.9,10240.0,33,23.139
2026-06-08T10:54:41.182028+00:00,scheduler,1,0,675.9,10240.0,40,24.741
2026-06-08T10:54:41.182028+00:00,scheduler,2,0,699.9,10240.0,37,19.266
2026-06-08T10:54:41.182028+00:00,scheduler,3,0,699.9,10240.0,34,27.343
2026-06-08T10:54:46.182753+00:00,scheduler,0,0,699.9,10240.0,33,23.034
2026-06-08T10:54:46.182753+00:00,scheduler,1,0,675.9,10240.0,39,24.639
2026-06-08T10:54:46.182753+00:00,scheduler,2,0,699.9,10240.0,37,19.28
2026-06-08T10:54:46.182753+00:00,scheduler,3,0,699.9,10240.0,34,27.24
2026-06-08T10:54:51.183456+00:00,scheduler,0,0,699.9,10240.0,33,23.061
2026-06-08T10:54:51.183456+00:00,scheduler,1,0,675.9,10240.0,39,24.815
2026-06-08T10:54:51.183456+00:00,scheduler,2,0,699.9,10240.0,36,19.282
2026-06-08T10:54:51.183456+00:00,scheduler,3,0,699.9,10240.0,34,27.162
2026-06-08T10:54:56.184228+00:00,scheduler,0,0,699.9,10240.0,33,23.068
2026-06-08T10:54:56.184228+00:00,scheduler,1,0,675.9,10240.0,39,24.65
2026-06-08T10:54:56.184228+00:00,scheduler,2,0,699.9,10240.0,36,19.225
2026-06-08T10:54:56.184228+00:00,scheduler,3,0,699.9,10240.0,34,27.222
2026-06-08T10:55:01.184933+00:00,scheduler,0,0,699.9,10240.0,33,23.145
2026-06-08T10:55:01.184933+00:00,scheduler,1,0,675.9,10240.0,39,24.72
2026-06-08T10:55:01.184933+00:00,scheduler,2,0,699.9,10240.0,36,19.171
2026-06-08T10:55:01.184933+00:00,scheduler,3,0,699.9,10240.0,34,27.281
2026-06-08T10:55:06.185666+00:00,scheduler,0,0,699.9,10240.0,33,22.994
2026-06-08T10:55:06.185666+00:00,scheduler,1,0,675.9,10240.0,39,24.694
2026-06-08T10:55:06.185666+00:00,scheduler,2,0,699.9,10240.0,36,19.265
2026-06-08T10:55:06.185666+00:00,scheduler,3,0,699.9,10240.0,34,27.229
2026-06-08T10:55:11.186340+00:00,scheduler,0,0,699.9,10240.0,33,23.064
2026-06-08T10:55:11.186340+00:00,scheduler,1,0,675.9,10240.0,39,24.836
2026-06-08T10:55:11.186340+00:00,scheduler,2,0,699.9,10240.0,35,19.369
2026-06-08T10:55:11.186340+00:00,scheduler,3,0,699.9,10240.0,34,27.151
2026-06-08T10:55:16.186990+00:00,scheduler,0,0,699.9,10240.0,33,23.217
2026-06-08T10:55:16.186990+00:00,scheduler,1,0,675.9,10240.0,39,24.718
2026-06-08T10:55:16.186990+00:00,scheduler,2,0,699.9,10240.0,35,19.321
2026-06-08T10:55:16.186990+00:00,scheduler,3,0,699.9,10240.0,33,27.301
2026-06-08T10:55:21.187637+00:00,scheduler,0,0,699.9,10240.0,33,23.092
2026-06-08T10:55:21.187637+00:00,scheduler,1,0,675.9,10240.0,39,24.711
2026-06-08T10:55:21.187637+00:00,scheduler,2,0,699.9,10240.0,35,19.057
2026-06-08T10:55:21.187637+00:00,scheduler,3,0,699.9,10240.0,33,27.142
2026-06-08T10:55:26.189773+00:00,scheduler,0,0,699.9,10240.0,33,23.152
2026-06-08T10:55:26.189773+00:00,scheduler,1,0,675.9,10240.0,38,24.742
2026-06-08T10:55:26.189773+00:00,scheduler,2,0,699.9,10240.0,35,19.2
2026-06-08T10:55:26.189773+00:00,scheduler,3,0,699.9,10240.0,33,27.222
2026-06-08T10:55:31.190523+00:00,scheduler,0,0,699.9,10240.0,33,23.223
2026-06-08T10:55:31.190523+00:00,scheduler,1,0,675.9,10240.0,38,24.859
2026-06-08T10:55:31.190523+00:00,scheduler,2,0,699.9,10240.0,35,19.194
2026-06-08T10:55:31.190523+00:00,scheduler,3,0,699.9,10240.0,33,27.339
2026-06-08T10:55:36.191168+00:00,scheduler,0,0,699.9,10240.0,33,23.028
2026-06-08T10:55:36.191168+00:00,scheduler,1,0,675.9,10240.0,38,24.707
2026-06-08T10:55:36.191168+00:00,scheduler,2,0,699.9,10240.0,35,19.165
2026-06-08T10:55:36.191168+00:00,scheduler,3,0,699.9,10240.0,33,27.268
2026-06-08T10:55:41.192005+00:00,scheduler,0,0,699.9,10240.0,33,22.921
2026-06-08T10:55:41.192005+00:00,scheduler,1,0,675.9,10240.0,38,24.771
2026-06-08T10:55:41.192005+00:00,scheduler,2,0,699.9,10240.0,35,19.239
2026-06-08T10:55:41.192005+00:00,scheduler,3,0,699.9,10240.0,33,27.33
2026-06-08T10:55:46.192859+00:00,scheduler,0,0,699.9,10240.0,33,22.903
2026-06-08T10:55:46.192859+00:00,scheduler,1,0,675.9,10240.0,38,24.673
2026-06-08T10:55:46.192859+00:00,scheduler,2,0,699.9,10240.0,34,19.138
2026-06-08T10:55:46.192859+00:00,scheduler,3,0,699.9,10240.0,33,27.259
2026-06-08T10:55:51.193644+00:00,scheduler,0,0,699.9,10240.0,33,23.185
2026-06-08T10:55:51.193644+00:00,scheduler,1,0,675.9,10240.0,38,24.652
2026-06-08T10:55:51.193644+00:00,scheduler,2,0,699.9,10240.0,34,19.299
2026-06-08T10:55:51.193644+00:00,scheduler,3,0,699.9,10240.0,33,27.281
2026-06-08T10:55:56.194429+00:00,scheduler,0,0,699.9,10240.0,33,23.227
2026-06-08T10:55:56.194429+00:00,scheduler,1,0,675.9,10240.0,38,24.723
2026-06-08T10:55:56.194429+00:00,scheduler,2,0,699.9,10240.0,34,19.135
2026-06-08T10:55:56.194429+00:00,scheduler,3,0,699.9,10240.0,33,27.255
2026-06-08T10:56:01.195242+00:00,scheduler,0,52,8721.9,10240.0,39,135.199
2026-06-08T10:56:01.195242+00:00,scheduler,1,13,8697.9,10240.0,50,123.862
2026-06-08T10:56:01.195242+00:00,scheduler,2,0,699.9,10240.0,34,19.389
2026-06-08T10:56:01.195242+00:00,scheduler,3,0,699.9,10240.0,33,27.153
2026-06-08T10:56:06.195885+00:00,scheduler,0,100,8837.9,10240.0,49,202.775
2026-06-08T10:56:06.195885+00:00,scheduler,1,100,8813.9,10240.0,53,145.292
2026-06-08T10:56:06.195885+00:00,scheduler,2,0,699.9,10240.0,34,19.582
2026-06-08T10:56:06.195885+00:00,scheduler,3,0,699.9,10240.0,33,27.227
2026-06-08T10:56:11.196588+00:00,scheduler,0,100,8837.9,10240.0,53,319.448
2026-06-08T10:56:11.196588+00:00,scheduler,1,100,8813.9,10240.0,69,288.552
2026-06-08T10:56:11.196588+00:00,scheduler,2,0,699.9,10240.0,34,19.531
2026-06-08T10:56:11.196588+00:00,scheduler,3,0,699.9,10240.0,33,27.298
2026-06-08T10:56:16.197250+00:00,scheduler,0,100,8837.9,10240.0,54,319.018
2026-06-08T10:56:16.197250+00:00,scheduler,1,100,8813.9,10240.0,68,277.57
2026-06-08T10:56:16.197250+00:00,scheduler,2,0,699.9,10240.0,34,19.39
2026-06-08T10:56:16.197250+00:00,scheduler,3,0,699.9,10240.0,33,27.335
2026-06-08T10:56:21.197854+00:00,scheduler,0,100,8837.9,10240.0,55,319.574
2026-06-08T10:56:21.197854+00:00,scheduler,1,100,8813.9,10240.0,69,271.298
2026-06-08T10:56:21.197854+00:00,scheduler,2,0,699.9,10240.0,34,19.52
2026-06-08T10:56:21.197854+00:00,scheduler,3,0,699.9,10240.0,33,27.537
2026-06-08T10:56:26.198489+00:00,scheduler,0,100,8837.9,10240.0,57,318.773
2026-06-08T10:56:26.198489+00:00,scheduler,1,100,8813.9,10240.0,69,268.553
2026-06-08T10:56:26.198489+00:00,scheduler,2,0,699.9,10240.0,34,19.573
2026-06-08T10:56:26.198489+00:00,scheduler,3,0,699.9,10240.0,33,27.524
2026-06-08T10:56:31.199038+00:00,scheduler,0,100,8837.9,10240.0,58,318.839
2026-06-08T10:56:31.199038+00:00,scheduler,1,100,8813.9,10240.0,69,268.126
2026-06-08T10:56:31.199038+00:00,scheduler,2,0,699.9,10240.0,34,19.411
2026-06-08T10:56:31.199038+00:00,scheduler,3,0,699.9,10240.0,33,27.234
2026-06-08T10:56:36.199667+00:00,scheduler,0,100,8837.9,10240.0,59,318.548
2026-06-08T10:56:36.199667+00:00,scheduler,1,100,8813.9,10240.0,70,268.573
2026-06-08T10:56:36.199667+00:00,scheduler,2,0,699.9,10240.0,34,19.461
2026-06-08T10:56:36.199667+00:00,scheduler,3,0,699.9,10240.0,33,27.344
2026-06-08T10:56:41.200490+00:00,scheduler,0,100,8837.9,10240.0,59,318.888
2026-06-08T10:56:41.200490+00:00,scheduler,1,100,8813.9,10240.0,70,263.297
2026-06-08T10:56:41.200490+00:00,scheduler,2,0,699.9,10240.0,34,19.767
2026-06-08T10:56:41.200490+00:00,scheduler,3,0,699.9,10240.0,33,27.483
2026-06-08T10:56:46.201077+00:00,scheduler,0,100,8837.9,10240.0,60,318.391
2026-06-08T10:56:46.201077+00:00,scheduler,1,100,8813.9,10240.0,71,264.233
2026-06-08T10:56:46.201077+00:00,scheduler,2,0,699.9,10240.0,34,19.504
2026-06-08T10:56:46.201077+00:00,scheduler,3,0,699.9,10240.0,33,27.407
2026-06-08T10:56:51.201718+00:00,scheduler,0,10,8837.9,10240.0,49,97.401
2026-06-08T10:56:51.201718+00:00,scheduler,1,9,8813.9,10240.0,61,133.819
2026-06-08T10:56:51.201718+00:00,scheduler,2,0,699.9,10240.0,34,19.442
2026-06-08T10:56:51.201718+00:00,scheduler,3,0,699.9,10240.0,33,27.276
2026-06-08T10:56:56.202490+00:00,scheduler,0,0,699.9,10240.0,48,99.981
2026-06-08T10:56:56.202490+00:00,scheduler,1,0,675.9,10240.0,60,164.345
2026-06-08T10:56:56.202490+00:00,scheduler,2,0,699.9,10240.0,33,19.342
2026-06-08T10:56:56.202490+00:00,scheduler,3,0,699.9,10240.0,33,27.312
2026-06-08T10:57:01.203242+00:00,scheduler,0,0,699.9,10240.0,48,97.314
2026-06-08T10:57:01.203242+00:00,scheduler,1,0,675.9,10240.0,56,104.905
2026-06-08T10:57:01.203242+00:00,scheduler,2,0,699.9,10240.0,33,19.257
2026-06-08T10:57:01.203242+00:00,scheduler,3,30,8701.9,10240.0,38,96.65
2026-06-08T10:57:06.203890+00:00,scheduler,0,0,699.9,10240.0,47,97.003
2026-06-08T10:57:06.203890+00:00,scheduler,1,0,675.9,10240.0,55,104.19
2026-06-08T10:57:06.203890+00:00,scheduler,2,0,699.9,10240.0,33,19.339
2026-06-08T10:57:06.203890+00:00,scheduler,3,80,2121.9,10240.0,41,98.065
2026-06-08T10:57:11.204554+00:00,scheduler,0,0,699.9,10240.0,43,27.78
2026-06-08T10:57:11.204554+00:00,scheduler,1,0,675.9,10240.0,55,103.795
2026-06-08T10:57:11.204554+00:00,scheduler,2,0,699.9,10240.0,33,19.431
2026-06-08T10:57:11.204554+00:00,scheduler,3,100,8837.9,10240.0,63,318.618
2026-06-08T10:57:16.205183+00:00,scheduler,0,0,699.9,10240.0,41,24.08
2026-06-08T10:57:16.205183+00:00,scheduler,1,0,675.9,10240.0,48,26.189
2026-06-08T10:57:16.205183+00:00,scheduler,2,0,699.9,10240.0,33,19.464
2026-06-08T10:57:16.205183+00:00,scheduler,3,100,8837.9,10240.0,67,318.697
2026-06-08T10:57:21.205814+00:00,scheduler,0,0,699.9,10240.0,40,23.875
2026-06-08T10:57:21.205814+00:00,scheduler,1,0,675.9,10240.0,46,25.882
2026-06-08T10:57:21.205814+00:00,scheduler,2,0,699.9,10240.0,33,19.279
2026-06-08T10:57:21.205814+00:00,scheduler,3,100,8837.9,10240.0,69,318.909
2026-06-08T10:57:26.206502+00:00,scheduler,0,0,699.9,10240.0,39,23.816
2026-06-08T10:57:26.206502+00:00,scheduler,1,0,1961.9,10240.0,45,25.476
2026-06-08T10:57:26.206502+00:00,scheduler,2,0,699.9,10240.0,33,19.283
2026-06-08T10:57:26.206502+00:00,scheduler,3,100,8837.9,10240.0,70,319.037
2026-06-08T10:57:31.207137+00:00,scheduler,0,0,699.9,10240.0,39,23.537
2026-06-08T10:57:31.207137+00:00,scheduler,1,10,8697.9,10240.0,55,126.221
2026-06-08T10:57:31.207137+00:00,scheduler,2,0,699.9,10240.0,33,19.509
2026-06-08T10:57:31.207137+00:00,scheduler,3,100,8837.9,10240.0,70,319.555
2026-06-08T10:57:36.207809+00:00,scheduler,0,0,699.9,10240.0,38,23.556
2026-06-08T10:57:36.207809+00:00,scheduler,1,100,8813.9,10240.0,71,298.457
2026-06-08T10:57:36.207809+00:00,scheduler,2,94,8721.9,10240.0,49,140.374
2026-06-08T10:57:36.207809+00:00,scheduler,3,100,8837.9,10240.0,71,318.961
2026-06-08T10:57:41.208523+00:00,scheduler,0,0,699.9,10240.0,37,23.412
2026-06-08T10:57:41.208523+00:00,scheduler,1,100,8813.9,10240.0,70,265.58
2026-06-08T10:57:41.208523+00:00,scheduler,2,8,1203.9,10240.0,40,91.116
2026-06-08T10:57:41.208523+00:00,scheduler,3,100,8837.9,10240.0,72,319.255
2026-06-08T10:57:46.209144+00:00,scheduler,0,0,699.9,10240.0,37,23.515
2026-06-08T10:57:46.209144+00:00,scheduler,1,100,8813.9,10240.0,70,263.735
2026-06-08T10:57:46.209144+00:00,scheduler,2,100,8837.9,10240.0,60,318.645
2026-06-08T10:57:46.209144+00:00,scheduler,3,100,8837.9,10240.0,72,318.381
2026-06-08T10:57:51.209717+00:00,scheduler,0,0,699.9,10240.0,37,23.679
2026-06-08T10:57:51.209717+00:00,scheduler,1,100,8813.9,10240.0,71,262.633
2026-06-08T10:57:51.209717+00:00,scheduler,2,100,8837.9,10240.0,63,319.16
2026-06-08T10:57:51.209717+00:00,scheduler,3,10,8837.9,10240.0,54,122.616
2026-06-08T10:57:56.210311+00:00,scheduler,0,0,699.9,10240.0,36,23.521
2026-06-08T10:57:56.210311+00:00,scheduler,1,100,8813.9,10240.0,71,258.655
2026-06-08T10:57:56.210311+00:00,scheduler,2,100,8837.9,10240.0,65,313.21
2026-06-08T10:57:56.210311+00:00,scheduler,3,0,699.9,10240.0,53,155.805
2026-06-08T10:58:01.210840+00:00,scheduler,0,13,8721.9,10240.0,42,111.297
2026-06-08T10:58:01.210840+00:00,scheduler,1,100,8813.9,10240.0,71,258.679
2026-06-08T10:58:01.210840+00:00,scheduler,2,100,8837.9,10240.0,65,303.207
2026-06-08T10:58:01.210840+00:00,scheduler,3,0,699.9,10240.0,50,98.874
2026-06-08T10:58:06.211647+00:00,scheduler,0,100,8837.9,10240.0,54,319.231
2026-06-08T10:58:06.211647+00:00,scheduler,1,100,8813.9,10240.0,71,259.156
2026-06-08T10:58:06.211647+00:00,scheduler,2,100,8837.9,10240.0,66,300.335
2026-06-08T10:58:06.211647+00:00,scheduler,3,0,699.9,10240.0,49,99.216
2026-06-08T10:58:11.212237+00:00,scheduler,0,100,8837.9,10240.0,56,319.113
2026-06-08T10:58:11.212237+00:00,scheduler,1,100,8813.9,10240.0,71,254.915
2026-06-08T10:58:11.212237+00:00,scheduler,2,100,8837.9,10240.0,67,296.499
2026-06-08T10:58:11.212237+00:00,scheduler,3,0,699.9,10240.0,48,98.905
2026-06-08T10:58:16.212821+00:00,scheduler,0,100,8837.9,10240.0,57,318.471
2026-06-08T10:58:16.212821+00:00,scheduler,1,100,8813.9,10240.0,71,254.531
2026-06-08T10:58:16.212821+00:00,scheduler,2,100,8837.9,10240.0,67,289.316
2026-06-08T10:58:16.212821+00:00,scheduler,3,0,699.9,10240.0,42,28.424
2026-06-08T10:58:21.213447+00:00,scheduler,0,100,8837.9,10240.0,58,318.629
2026-06-08T10:58:21.213447+00:00,scheduler,1,11,8813.9,10240.0,59,107.395
2026-06-08T10:58:21.213447+00:00,scheduler,2,100,8837.9,10240.0,68,286.577
2026-06-08T10:58:21.213447+00:00,scheduler,3,0,699.9,10240.0,41,27.914
2026-06-08T10:58:26.214091+00:00,scheduler,0,100,8837.9,10240.0,59,318.452
2026-06-08T10:58:26.214091+00:00,scheduler,1,0,675.9,10240.0,60,131.333
2026-06-08T10:58:26.214091+00:00,scheduler,2,10,8837.9,10240.0,58,144.832
2026-06-08T10:58:26.214091+00:00,scheduler,3,0,699.9,10240.0,39,27.962
2026-06-08T10:58:31.214677+00:00,scheduler,0,100,8837.9,10240.0,60,318.613
2026-06-08T10:58:31.214677+00:00,scheduler,1,0,675.9,10240.0,57,105.166
2026-06-08T10:58:31.214677+00:00,scheduler,2,10,767.9,10240.0,51,95.562
2026-06-08T10:58:31.214677+00:00,scheduler,3,0,699.9,10240.0,39,27.922
2026-06-08T10:58:36.215359+00:00,scheduler,0,100,8837.9,10240.0,60,318.995
2026-06-08T10:58:36.215359+00:00,scheduler,1,0,675.9,10240.0,56,104.758
2026-06-08T10:58:36.215359+00:00,scheduler,2,0,699.9,10240.0,50,97.439
2026-06-08T10:58:36.215359+00:00,scheduler,3,0,699.9,10240.0,38,27.739
2026-06-08T10:58:41.215949+00:00,scheduler,0,100,8837.9,10240.0,60,318.708
2026-06-08T10:58:41.215949+00:00,scheduler,1,0,675.9,10240.0,56,104.269
2026-06-08T10:58:41.215949+00:00,scheduler,2,0,699.9,10240.0,49,94.803
2026-06-08T10:58:41.215949+00:00,scheduler,3,0,699.9,10240.0,37,27.611
2026-06-08T10:58:46.216516+00:00,scheduler,0,9,8837.9,10240.0,51,109.946
2026-06-08T10:58:46.216516+00:00,scheduler,1,0,675.9,10240.0,47,25.314
2026-06-08T10:58:46.216516+00:00,scheduler,2,0,699.9,10240.0,48,94.166
2026-06-08T10:58:46.216516+00:00,scheduler,3,0,699.9,10240.0,37,27.71
2026-06-08T10:58:51.217158+00:00,scheduler,0,0,699.9,10240.0,50,116.643
2026-06-08T10:58:51.217158+00:00,scheduler,1,0,675.9,10240.0,46,25.41
2026-06-08T10:58:51.217158+00:00,scheduler,2,0,699.9,10240.0,44,38.779
2026-06-08T10:58:51.217158+00:00,scheduler,3,0,699.9,10240.0,36,27.551
2026-06-08T10:58:56.217934+00:00,scheduler,0,0,699.9,10240.0,48,96.725
2026-06-08T10:58:56.217934+00:00,scheduler,1,0,675.9,10240.0,45,25.009
2026-06-08T10:58:56.217934+00:00,scheduler,2,0,699.9,10240.0,41,20.099
2026-06-08T10:58:56.217934+00:00,scheduler,3,0,699.9,10240.0,36,27.476
2026-06-08T10:59:01.218595+00:00,scheduler,0,0,699.9,10240.0,47,96.312
2026-06-08T10:59:01.218595+00:00,scheduler,1,0,675.9,10240.0,44,24.975
2026-06-08T10:59:01.218595+00:00,scheduler,2,0,699.9,10240.0,40,19.666
2026-06-08T10:59:01.218595+00:00,scheduler,3,0,699.9,10240.0,36,27.452
2026-06-08T10:59:06.219455+00:00,scheduler,0,0,699.9,10240.0,47,95.862
2026-06-08T10:59:06.219455+00:00,scheduler,1,0,675.9,10240.0,44,24.931
2026-06-08T10:59:06.219455+00:00,scheduler,2,0,699.9,10240.0,39,19.884
2026-06-08T10:59:06.219455+00:00,scheduler,3,0,699.9,10240.0,35,27.369
2026-06-08T10:59:11.220119+00:00,scheduler,0,0,699.9,10240.0,42,23.955
2026-06-08T10:59:11.220119+00:00,scheduler,1,0,675.9,10240.0,43,25.015
2026-06-08T10:59:11.220119+00:00,scheduler,2,0,699.9,10240.0,39,19.4
2026-06-08T10:59:11.220119+00:00,scheduler,3,0,699.9,10240.0,35,27.225
2026-06-08T10:59:16.221044+00:00,scheduler,0,0,699.9,10240.0,41,23.835
2026-06-08T10:59:16.221044+00:00,scheduler,1,0,675.9,10240.0,43,24.881
2026-06-08T10:59:16.221044+00:00,scheduler,2,56,8721.9,10240.0,47,162.904
2026-06-08T10:59:16.221044+00:00,scheduler,3,0,699.9,10240.0,35,27.307
2026-06-08T10:59:21.221649+00:00,scheduler,0,0,699.9,10240.0,40,23.815
2026-06-08T10:59:21.221649+00:00,scheduler,1,0,675.9,10240.0,42,24.778
2026-06-08T10:59:21.221649+00:00,scheduler,2,40,8835.9,10240.0,47,117.214
2026-06-08T10:59:21.221649+00:00,scheduler,3,0,699.9,10240.0,35,27.389
2026-06-08T10:59:26.222273+00:00,scheduler,0,0,699.9,10240.0,39,23.754
2026-06-08T10:59:26.222273+00:00,scheduler,1,0,675.9,10240.0,42,25.096
2026-06-08T10:59:26.222273+00:00,scheduler,2,100,8837.9,10240.0,65,318.385
2026-06-08T10:59:26.222273+00:00,scheduler,3,11,8721.9,10240.0,43,118.459
2026-06-08T10:59:31.222917+00:00,scheduler,0,0,699.9,10240.0,38,23.539
2026-06-08T10:59:31.222917+00:00,scheduler,1,0,675.9,10240.0,42,25.393
2026-06-08T10:59:31.222917+00:00,scheduler,2,100,8837.9,10240.0,66,303.057
2026-06-08T10:59:31.222917+00:00,scheduler,3,100,8837.9,10240.0,56,193.13
2026-06-08T10:59:36.223630+00:00,scheduler,0,0,699.9,10240.0,38,23.473
2026-06-08T10:59:36.223630+00:00,scheduler,1,0,675.9,10240.0,42,25.059
2026-06-08T10:59:36.223630+00:00,scheduler,2,100,8837.9,10240.0,66,295.428
2026-06-08T10:59:36.223630+00:00,scheduler,3,100,8837.9,10240.0,67,318.227
2026-06-08T10:59:41.224189+00:00,scheduler,0,0,699.9,10240.0,37,23.505
2026-06-08T10:59:41.224189+00:00,scheduler,1,0,675.9,10240.0,41,25.264
2026-06-08T10:59:41.224189+00:00,scheduler,2,100,8837.9,10240.0,67,292.916
2026-06-08T10:59:41.224189+00:00,scheduler,3,100,8837.9,10240.0,69,317.888
2026-06-08T10:59:46.224873+00:00,scheduler,0,0,699.9,10240.0,37,23.435
2026-06-08T10:59:46.224873+00:00,scheduler,1,0,675.9,10240.0,41,25.139
2026-06-08T10:59:46.224873+00:00,scheduler,2,100,8837.9,10240.0,68,286.529
2026-06-08T10:59:46.224873+00:00,scheduler,3,100,8837.9,10240.0,70,318.395
2026-06-08T10:59:51.225628+00:00,scheduler,0,0,699.9,10240.0,36,23.418
2026-06-08T10:59:51.225628+00:00,scheduler,1,47,8677.9,10240.0,50,116.008
2026-06-08T10:59:51.225628+00:00,scheduler,2,100,8837.9,10240.0,68,286.919
2026-06-08T10:59:51.225628+00:00,scheduler,3,100,8837.9,10240.0,70,318.461
2026-06-08T10:59:56.226168+00:00,scheduler,0,0,699.9,10240.0,36,23.356
2026-06-08T10:59:56.226168+00:00,scheduler,1,33,2781.9,10240.0,52,107.113
2026-06-08T10:59:56.226168+00:00,scheduler,2,100,8837.9,10240.0,68,281.643
2026-06-08T10:59:56.226168+00:00,scheduler,3,100,8837.9,10240.0,71,318.653
2026-06-08T11:00:01.226861+00:00,scheduler,0,13,8721.9,10240.0,42,111.864
2026-06-08T11:00:01.226861+00:00,scheduler,1,100,8813.9,10240.0,70,288.779
2026-06-08T11:00:01.226861+00:00,scheduler,2,100,8837.9,10240.0,68,279.605
2026-06-08T11:00:01.226861+00:00,scheduler,3,100,8837.9,10240.0,72,319.217
2026-06-08T11:00:06.227459+00:00,scheduler,0,100,8837.9,10240.0,53,258.19
2026-06-08T11:00:06.227459+00:00,scheduler,1,100,8813.9,10240.0,70,274.728
2026-06-08T11:00:06.227459+00:00,scheduler,2,10,8837.9,10240.0,55,117.658
2026-06-08T11:00:06.227459+00:00,scheduler,3,100,8837.9,10240.0,72,319.028
2026-06-08T11:00:11.228288+00:00,scheduler,0,100,8837.9,10240.0,55,318.873
2026-06-08T11:00:11.228288+00:00,scheduler,1,100,8813.9,10240.0,70,268.308
2026-06-08T11:00:11.228288+00:00,scheduler,2,0,699.9,10240.0,54,151.01
2026-06-08T11:00:11.228288+00:00,scheduler,3,100,8837.9,10240.0,73,319.041
2026-06-08T11:00:16.228897+00:00,scheduler,0,100,8837.9,10240.0,56,318.558
2026-06-08T11:00:16.228897+00:00,scheduler,1,100,8813.9,10240.0,70,263.935
2026-06-08T11:00:16.228897+00:00,scheduler,2,0,699.9,10240.0,50,94.1
2026-06-08T11:00:16.228897+00:00,scheduler,3,10,8837.9,10240.0,52,99.867
2026-06-08T11:00:21.229585+00:00,scheduler,0,100,8837.9,10240.0,57,318.605
2026-06-08T11:00:21.229585+00:00,scheduler,1,100,8813.9,10240.0,70,258.923
2026-06-08T11:00:21.229585+00:00,scheduler,2,0,699.9,10240.0,49,93.382
2026-06-08T11:00:21.229585+00:00,scheduler,3,0,699.9,10240.0,51,110.993
2026-06-08T11:00:26.230265+00:00,scheduler,0,100,8837.9,10240.0,58,318.209
2026-06-08T11:00:26.230265+00:00,scheduler,1,100,8813.9,10240.0,70,257.659
2026-06-08T11:00:26.230265+00:00,scheduler,2,0,699.9,10240.0,48,93.053
2026-06-08T11:00:26.230265+00:00,scheduler,3,0,699.9,10240.0,49,98.648
2026-06-08T11:00:31.230908+00:00,scheduler,0,100,8837.9,10240.0,59,318.939
2026-06-08T11:00:31.230908+00:00,scheduler,1,100,8813.9,10240.0,71,258.068
2026-06-08T11:00:31.230908+00:00,scheduler,2,0,699.9,10240.0,43,21.283
2026-06-08T11:00:31.230908+00:00,scheduler,3,0,699.9,10240.0,48,99.096
2026-06-08T11:00:36.231615+00:00,scheduler,0,100,8837.9,10240.0,60,318.885
2026-06-08T11:00:36.231615+00:00,scheduler,1,100,8813.9,10240.0,71,258.346
2026-06-08T11:00:36.231615+00:00,scheduler,2,0,699.9,10240.0,41,20.482
2026-06-08T11:00:36.231615+00:00,scheduler,3,0,699.9,10240.0,44,68.108
2026-06-08T11:00:41.232214+00:00,scheduler,0,100,8837.9,10240.0,60,318.76
2026-06-08T11:00:41.232214+00:00,scheduler,1,100,8813.9,10240.0,71,258.972
2026-06-08T11:00:41.232214+00:00,scheduler,2,0,699.9,10240.0,40,20.23
2026-06-08T11:00:41.232214+00:00,scheduler,3,0,699.9,10240.0,41,27.932
2026-06-08T11:00:46.233039+00:00,scheduler,0,25,8837.9,10240.0,55,276.159
2026-06-08T11:00:46.233039+00:00,scheduler,1,10,8813.9,10240.0,58,105.963
2026-06-08T11:00:46.233039+00:00,scheduler,2,0,699.9,10240.0,39,20.118
2026-06-08T11:00:46.233039+00:00,scheduler,3,0,699.9,10240.0,40,27.873
2026-06-08T11:00:51.233683+00:00,scheduler,0,10,6401.9,10240.0,50,98.761
2026-06-08T11:00:51.233683+00:00,scheduler,1,0,675.9,10240.0,58,115.515
2026-06-08T11:00:51.233683+00:00,scheduler,2,0,699.9,10240.0,38,19.758
2026-06-08T11:00:51.233683+00:00,scheduler,3,0,699.9,10240.0,39,27.653
2026-06-08T11:00:56.234464+00:00,scheduler,0,0,699.9,10240.0,49,101.443
2026-06-08T11:00:56.234464+00:00,scheduler,1,0,675.9,10240.0,56,104.07
2026-06-08T11:00:56.234464+00:00,scheduler,2,0,699.9,10240.0,38,19.593
2026-06-08T11:00:56.234464+00:00,scheduler,3,0,699.9,10240.0,38,27.537
2026-06-08T11:01:01.235166+00:00,scheduler,0,0,699.9,10240.0,48,96.153
2026-06-08T11:01:01.235166+00:00,scheduler,1,0,675.9,10240.0,56,103.375
2026-06-08T11:01:01.235166+00:00,scheduler,2,0,699.9,10240.0,37,19.649
2026-06-08T11:01:01.235166+00:00,scheduler,3,0,699.9,10240.0,37,27.451
2026-06-08T11:01:06.235914+00:00,scheduler,0,0,699.9,10240.0,47,95.821
2026-06-08T11:01:06.235914+00:00,scheduler,1,0,675.9,10240.0,51,80.021
2026-06-08T11:01:06.235914+00:00,scheduler,2,0,699.9,10240.0,37,19.53
2026-06-08T11:01:06.235914+00:00,scheduler,3,0,699.9,10240.0,37,27.339
2026-06-08T11:01:11.236680+00:00,scheduler,0,0,699.9,10240.0,43,42.46
2026-06-08T11:01:11.236680+00:00,scheduler,1,0,675.9,10240.0,47,25.166
2026-06-08T11:01:11.236680+00:00,scheduler,2,0,699.9,10240.0,36,19.296
2026-06-08T11:01:11.236680+00:00,scheduler,3,0,699.9,10240.0,36,27.505
2026-06-08T11:01:16.237424+00:00,scheduler,0,0,699.9,10240.0,41,24.116
2026-06-08T11:01:16.237424+00:00,scheduler,1,0,675.9,10240.0,46,25.135
2026-06-08T11:01:16.237424+00:00,scheduler,2,0,699.9,10240.0,36,19.135
2026-06-08T11:01:16.237424+00:00,scheduler,3,0,699.9,10240.0,36,27.377
2026-06-08T11:01:21.238126+00:00,scheduler,0,0,699.9,10240.0,40,23.769
2026-06-08T11:01:21.238126+00:00,scheduler,1,0,675.9,10240.0,45,25.211
2026-06-08T11:01:21.238126+00:00,scheduler,2,0,699.9,10240.0,36,19.255
2026-06-08T11:01:21.238126+00:00,scheduler,3,0,699.9,10240.0,36,27.282
2026-06-08T11:01:26.238867+00:00,scheduler,0,0,699.9,10240.0,39,23.615
2026-06-08T11:01:26.238867+00:00,scheduler,1,0,675.9,10240.0,44,25.05
2026-06-08T11:01:26.238867+00:00,scheduler,2,0,699.9,10240.0,36,19.267
2026-06-08T11:01:26.238867+00:00,scheduler,3,0,699.9,10240.0,35,27.507
2026-06-08T11:01:31.239561+00:00,scheduler,0,0,699.9,10240.0,38,23.44
2026-06-08T11:01:31.239561+00:00,scheduler,1,0,675.9,10240.0,44,24.982
2026-06-08T11:01:31.239561+00:00,scheduler,2,0,699.9,10240.0,35,19.31
2026-06-08T11:01:31.239561+00:00,scheduler,3,0,699.9,10240.0,35,27.318
2026-06-08T11:01:36.240255+00:00,scheduler,0,0,699.9,10240.0,38,23.588
2026-06-08T11:01:36.240255+00:00,scheduler,1,0,675.9,10240.0,43,25.1
2026-06-08T11:01:36.240255+00:00,scheduler,2,0,699.9,10240.0,35,19.306
2026-06-08T11:01:36.240255+00:00,scheduler,3,0,699.9,10240.0,35,27.325
2026-06-08T11:01:41.240999+00:00,scheduler,0,0,699.9,10240.0,37,23.417
2026-06-08T11:01:41.240999+00:00,scheduler,1,0,675.9,10240.0,43,24.833
2026-06-08T11:01:41.240999+00:00,scheduler,2,0,699.9,10240.0,35,19.381
2026-06-08T11:01:41.240999+00:00,scheduler,3,0,699.9,10240.0,35,27.304
2026-06-08T11:01:46.241764+00:00,scheduler,0,0,699.9,10240.0,37,23.411
2026-06-08T11:01:46.241764+00:00,scheduler,1,0,675.9,10240.0,42,24.821
2026-06-08T11:01:46.241764+00:00,scheduler,2,0,699.9,10240.0,35,19.308
2026-06-08T11:01:46.241764+00:00,scheduler,3,0,699.9,10240.0,34,27.279
2026-06-08T11:01:51.242575+00:00,scheduler,0,0,699.9,10240.0,36,23.516
2026-06-08T11:01:51.242575+00:00,scheduler,1,0,675.9,10240.0,42,24.819
2026-06-08T11:01:51.242575+00:00,scheduler,2,0,699.9,10240.0,35,19.193
2026-06-08T11:01:51.242575+00:00,scheduler,3,0,699.9,10240.0,34,27.294
2026-06-08T11:01:56.243285+00:00,scheduler,0,0,699.9,10240.0,36,23.314
2026-06-08T11:01:56.243285+00:00,scheduler,1,0,675.9,10240.0,42,25.087
2026-06-08T11:01:56.243285+00:00,scheduler,2,13,8721.9,10240.0,43,113.236
2026-06-08T11:01:56.243285+00:00,scheduler,3,0,699.9,10240.0,34,27.341
2026-06-08T11:02:01.243851+00:00,scheduler,0,0,699.9,10240.0,36,23.518
2026-06-08T11:02:01.243851+00:00,scheduler,1,0,675.9,10240.0,41,24.899
2026-06-08T11:02:01.243851+00:00,scheduler,2,100,8837.9,10240.0,53,155.392
2026-06-08T11:02:01.243851+00:00,scheduler,3,0,699.9,10240.0,34,27.276
2026-06-08T11:02:06.244448+00:00,scheduler,0,0,699.9,10240.0,36,23.41
2026-06-08T11:02:06.244448+00:00,scheduler,1,0,675.9,10240.0,41,25.233
2026-06-08T11:02:06.244448+00:00,scheduler,2,100,8837.9,10240.0,63,319.188
2026-06-08T11:02:06.244448+00:00,scheduler,3,0,699.9,10240.0,34,27.286
2026-06-08T11:02:11.245126+00:00,scheduler,0,0,699.9,10240.0,35,23.303
2026-06-08T11:02:11.245126+00:00,scheduler,1,0,675.9,10240.0,41,25.354
2026-06-08T11:02:11.245126+00:00,scheduler,2,100,8837.9,10240.0,65,319.024
2026-06-08T11:02:11.245126+00:00,scheduler,3,0,699.9,10240.0,34,27.519
2026-06-08T11:02:16.245849+00:00,scheduler,0,0,699.9,10240.0,35,23.464
2026-06-08T11:02:16.245849+00:00,scheduler,1,0,675.9,10240.0,41,25.136
2026-06-08T11:02:16.245849+00:00,scheduler,2,100,8837.9,10240.0,65,306.425
2026-06-08T11:02:16.245849+00:00,scheduler,3,0,699.9,10240.0,34,27.219
2026-06-08T11:02:21.246702+00:00,scheduler,0,0,699.9,10240.0,35,23.404
2026-06-08T11:02:21.246702+00:00,scheduler,1,0,675.9,10240.0,40,25.066
2026-06-08T11:02:21.246702+00:00,scheduler,2,100,8837.9,10240.0,66,297.604
2026-06-08T11:02:21.246702+00:00,scheduler,3,0,699.9,10240.0,34,27.285
2026-06-08T11:02:26.247302+00:00,scheduler,0,0,699.9,10240.0,35,23.377
2026-06-08T11:02:26.247302+00:00,scheduler,1,0,675.9,10240.0,40,25.117
2026-06-08T11:02:26.247302+00:00,scheduler,2,100,8837.9,10240.0,67,295.403
2026-06-08T11:02:26.247302+00:00,scheduler,3,0,699.9,10240.0,34,27.395
2026-06-08T11:02:31.247933+00:00,scheduler,0,0,699.9,10240.0,35,23.285
2026-06-08T11:02:31.247933+00:00,scheduler,1,0,675.9,10240.0,40,25.186
2026-06-08T11:02:31.247933+00:00,scheduler,2,100,8837.9,10240.0,67,285.331
2026-06-08T11:02:31.247933+00:00,scheduler,3,0,699.9,10240.0,34,27.248
2026-06-08T11:02:36.248644+00:00,scheduler,0,0,699.9,10240.0,34,23.179
2026-06-08T11:02:36.248644+00:00,scheduler,1,0,675.9,10240.0,40,24.97
2026-06-08T11:02:36.248644+00:00,scheduler,2,100,8837.9,10240.0,68,286.306
2026-06-08T11:02:36.248644+00:00,scheduler,3,0,699.9,10240.0,34,27.244
2026-06-08T11:02:41.249241+00:00,scheduler,0,0,699.9,10240.0,34,23.202
2026-06-08T11:02:41.249241+00:00,scheduler,1,0,675.9,10240.0,39,24.967
2026-06-08T11:02:41.249241+00:00,scheduler,2,100,8837.9,10240.0,68,284.493
2026-06-08T11:02:41.249241+00:00,scheduler,3,0,699.9,10240.0,33,27.247
2026-06-08T11:02:46.249823+00:00,scheduler,0,0,699.9,10240.0,34,23.118
2026-06-08T11:02:46.249823+00:00,scheduler,1,0,675.9,10240.0,39,24.9
2026-06-08T11:02:46.249823+00:00,scheduler,2,10,8837.9,10240.0,53,99.449
2026-06-08T11:02:46.249823+00:00,scheduler,3,0,699.9,10240.0,33,27.169
2026-06-08T11:02:51.250536+00:00,scheduler,0,0,699.9,10240.0,34,23.267
2026-06-08T11:02:51.250536+00:00,scheduler,1,0,675.9,10240.0,39,24.8
2026-06-08T11:02:51.250536+00:00,scheduler,2,0,699.9,10240.0,54,121.364
2026-06-08T11:02:51.250536+00:00,scheduler,3,0,699.9,10240.0,33,27.18
2026-06-08T11:02:56.251285+00:00,scheduler,0,0,699.9,10240.0,34,23.105
2026-06-08T11:02:56.251285+00:00,scheduler,1,0,675.9,10240.0,39,24.766
2026-06-08T11:02:56.251285+00:00,scheduler,2,0,699.9,10240.0,50,93.898
2026-06-08T11:02:56.251285+00:00,scheduler,3,0,699.9,10240.0,33,27.311
2026-06-08T11:03:01.251965+00:00,scheduler,0,0,699.9,10240.0,34,23.08
2026-06-08T11:03:01.251965+00:00,scheduler,1,0,675.9,10240.0,39,24.743
2026-06-08T11:03:01.251965+00:00,scheduler,2,0,699.9,10240.0,49,94.518
2026-06-08T11:03:01.251965+00:00,scheduler,3,0,699.9,10240.0,33,27.168
2026-06-08T11:03:06.252638+00:00,scheduler,0,0,699.9,10240.0,34,23.094
2026-06-08T11:03:06.252638+00:00,scheduler,1,0,675.9,10240.0,39,24.805
2026-06-08T11:03:06.252638+00:00,scheduler,2,0,699.9,10240.0,48,93.963
2026-06-08T11:03:06.252638+00:00,scheduler,3,0,699.9,10240.0,33,27.272
2026-06-08T11:03:11.253324+00:00,scheduler,0,36,4265.9,10240.0,37,40.531
2026-06-08T11:03:11.253324+00:00,scheduler,1,0,675.9,10240.0,39,24.662
2026-06-08T11:03:11.253324+00:00,scheduler,2,0,699.9,10240.0,43,20.428
2026-06-08T11:03:11.253324+00:00,scheduler,3,0,699.9,10240.0,33,27.314
2026-06-08T11:03:16.253982+00:00,scheduler,0,9,8721.9,10240.0,39,93.508
2026-06-08T11:03:16.253982+00:00,scheduler,1,0,675.9,10240.0,38,24.672
2026-06-08T11:03:16.253982+00:00,scheduler,2,0,699.9,10240.0,41,19.738
2026-06-08T11:03:16.253982+00:00,scheduler,3,0,699.9,10240.0,33,27.294
2026-06-08T11:03:21.254860+00:00,scheduler,0,33,7107.9,10240.0,40,111.027
2026-06-08T11:03:21.254860+00:00,scheduler,1,0,675.9,10240.0,38,24.81
2026-06-08T11:03:21.254860+00:00,scheduler,2,0,699.9,10240.0,40,19.907
2026-06-08T11:03:21.254860+00:00,scheduler,3,0,699.9,10240.0,33,27.291
2026-06-08T11:03:26.255648+00:00,scheduler,0,100,8837.9,10240.0,53,318.452
2026-06-08T11:03:26.255648+00:00,scheduler,1,0,675.9,10240.0,38,24.861
2026-06-08T11:03:26.255648+00:00,scheduler,2,0,699.9,10240.0,39,20.042
2026-06-08T11:03:26.255648+00:00,scheduler,3,0,699.9,10240.0,33,27.373
2026-06-08T11:03:31.257698+00:00,scheduler,0,100,8837.9,10240.0,55,318.667
2026-06-08T11:03:31.257698+00:00,scheduler,1,0,675.9,10240.0,38,24.927
2026-06-08T11:03:31.257698+00:00,scheduler,2,0,699.9,10240.0,39,20.004
2026-06-08T11:03:31.257698+00:00,scheduler,3,0,699.9,10240.0,33,27.355
2026-06-08T11:03:36.259585+00:00,scheduler,0,100,8837.9,10240.0,56,318.787
2026-06-08T11:03:36.259585+00:00,scheduler,1,0,675.9,10240.0,38,25.102
2026-06-08T11:03:36.259585+00:00,scheduler,2,0,699.9,10240.0,38,19.873
2026-06-08T11:03:36.259585+00:00,scheduler,3,0,699.9,10240.0,33,27.354
2026-06-08T11:03:41.261576+00:00,scheduler,0,100,8837.9,10240.0,57,318.937
2026-06-08T11:03:41.261576+00:00,scheduler,1,0,675.9,10240.0,38,25.046
2026-06-08T11:03:41.261576+00:00,scheduler,2,0,699.9,10240.0,37,19.67
2026-06-08T11:03:41.261576+00:00,scheduler,3,0,699.9,10240.0,33,27.353
2026-06-08T11:03:46.262282+00:00,scheduler,0,100,8837.9,10240.0,58,319.208
2026-06-08T11:03:46.262282+00:00,scheduler,1,0,675.9,10240.0,38,25.009
2026-06-08T11:03:46.262282+00:00,scheduler,2,0,699.9,10240.0,37,19.674
2026-06-08T11:03:46.262282+00:00,scheduler,3,0,699.9,10240.0,33,27.453
2026-06-08T11:03:51.262979+00:00,scheduler,0,100,8837.9,10240.0,59,318.994
2026-06-08T11:03:51.262979+00:00,scheduler,1,0,675.9,10240.0,38,24.983
2026-06-08T11:03:51.262979+00:00,scheduler,2,0,699.9,10240.0,37,19.845
2026-06-08T11:03:51.262979+00:00,scheduler,3,0,699.9,10240.0,33,27.364
2026-06-08T11:03:56.263693+00:00,scheduler,0,100,8837.9,10240.0,60,319.017
2026-06-08T11:03:56.263693+00:00,scheduler,1,0,675.9,10240.0,38,24.856
2026-06-08T11:03:56.263693+00:00,scheduler,2,0,699.9,10240.0,36,19.782
2026-06-08T11:03:56.263693+00:00,scheduler,3,0,699.9,10240.0,33,27.413
2026-06-08T11:04:01.264311+00:00,scheduler,0,100,8837.9,10240.0,61,319.234
2026-06-08T11:04:01.264311+00:00,scheduler,1,0,675.9,10240.0,38,24.932
2026-06-08T11:04:01.264311+00:00,scheduler,2,0,699.9,10240.0,36,19.624
2026-06-08T11:04:01.264311+00:00,scheduler,3,0,699.9,10240.0,33,27.428
2026-06-08T11:04:06.265019+00:00,scheduler,0,9,8837.9,10240.0,50,97.63
2026-06-08T11:04:06.265019+00:00,scheduler,1,0,675.9,10240.0,38,24.794
2026-06-08T11:04:06.265019+00:00,scheduler,2,0,699.9,10240.0,36,19.236
2026-06-08T11:04:06.265019+00:00,scheduler,3,0,699.9,10240.0,33,27.113
2026-06-08T11:04:11.265691+00:00,scheduler,0,0,699.9,10240.0,50,115.269
2026-06-08T11:04:11.265691+00:00,scheduler,1,0,675.9,10240.0,38,24.796
2026-06-08T11:04:11.265691+00:00,scheduler,2,0,699.9,10240.0,36,19.195
2026-06-08T11:04:11.265691+00:00,scheduler,3,0,699.9,10240.0,33,27.02
2026-06-08T11:04:16.266364+00:00,scheduler,0,0,699.9,10240.0,48,96.24
2026-06-08T11:04:16.266364+00:00,scheduler,1,0,675.9,10240.0,38,24.692
2026-06-08T11:04:16.266364+00:00,scheduler,2,0,699.9,10240.0,35,19.152
2026-06-08T11:04:16.266364+00:00,scheduler,3,0,699.9,10240.0,33,27.158
2026-06-08T11:04:21.267083+00:00,scheduler,0,0,699.9,10240.0,47,95.756
2026-06-08T11:04:21.267083+00:00,scheduler,1,0,675.9,10240.0,38,24.769
2026-06-08T11:04:21.267083+00:00,scheduler,2,0,699.9,10240.0,35,19.151
2026-06-08T11:04:21.267083+00:00,scheduler,3,0,699.9,10240.0,33,27.121
2026-06-08T11:04:26.267940+00:00,scheduler,0,0,699.9,10240.0,47,93.456
2026-06-08T11:04:26.267940+00:00,scheduler,1,0,675.9,10240.0,38,24.737
2026-06-08T11:04:26.267940+00:00,scheduler,2,0,699.9,10240.0,35,19.121
2026-06-08T11:04:26.267940+00:00,scheduler,3,0,699.9,10240.0,33,27.167
2026-06-08T11:04:31.268707+00:00,scheduler,0,0,699.9,10240.0,42,23.965
2026-06-08T11:04:31.268707+00:00,scheduler,1,0,675.9,10240.0,38,24.741
2026-06-08T11:04:31.268707+00:00,scheduler,2,0,699.9,10240.0,35,19.16
2026-06-08T11:04:31.268707+00:00,scheduler,3,0,699.9,10240.0,33,27.212
2026-06-08T11:04:36.269474+00:00,scheduler,0,0,699.9,10240.0,40,23.702
2026-06-08T11:04:36.269474+00:00,scheduler,1,0,675.9,10240.0,37,24.664
2026-06-08T11:04:36.269474+00:00,scheduler,2,0,699.9,10240.0,35,18.972
2026-06-08T11:04:36.269474+00:00,scheduler,3,0,699.9,10240.0,33,27.19
2026-06-08T11:04:41.270231+00:00,scheduler,0,0,699.9,10240.0,40,23.501
2026-06-08T11:04:41.270231+00:00,scheduler,1,0,675.9,10240.0,37,24.603
2026-06-08T11:04:41.270231+00:00,scheduler,2,0,699.9,10240.0,35,19.182
2026-06-08T11:04:41.270231+00:00,scheduler,3,0,699.9,10240.0,33,27.012
2026-06-08T11:04:46.270865+00:00,scheduler,0,0,699.9,10240.0,39,23.543
2026-06-08T11:04:46.270865+00:00,scheduler,1,0,675.9,10240.0,37,24.789
2026-06-08T11:04:46.270865+00:00,scheduler,2,0,699.9,10240.0,35,19.022
2026-06-08T11:04:46.270865+00:00,scheduler,3,0,699.9,10240.0,33,27.084
2026-06-08T11:04:51.271482+00:00,scheduler,0,0,699.9,10240.0,38,23.532
2026-06-08T11:04:51.271482+00:00,scheduler,1,0,675.9,10240.0,37,24.65
2026-06-08T11:04:51.271482+00:00,scheduler,2,0,699.9,10240.0,34,19.408
2026-06-08T11:04:51.271482+00:00,scheduler,3,0,699.9,10240.0,33,27.17
2026-06-08T11:04:56.272177+00:00,scheduler,0,0,699.9,10240.0,38,23.36
2026-06-08T11:04:56.272177+00:00,scheduler,1,0,675.9,10240.0,37,24.668
2026-06-08T11:04:56.272177+00:00,scheduler,2,0,699.9,10240.0,34,19.28
2026-06-08T11:04:56.272177+00:00,scheduler,3,0,699.9,10240.0,33,27.244
2026-06-08T11:05:01.272861+00:00,scheduler,0,0,699.9,10240.0,37,23.208
2026-06-08T11:05:01.272861+00:00,scheduler,1,0,675.9,10240.0,37,24.751
2026-06-08T11:05:01.272861+00:00,scheduler,2,0,699.9,10240.0,34,19.062
2026-06-08T11:05:01.272861+00:00,scheduler,3,0,699.9,10240.0,33,27.045
2026-06-08T11:05:06.273579+00:00,scheduler,0,0,699.9,10240.0,37,23.282
2026-06-08T11:05:06.273579+00:00,scheduler,1,0,675.9,10240.0,37,24.696
2026-06-08T11:05:06.273579+00:00,scheduler,2,0,699.9,10240.0,34,19.278
2026-06-08T11:05:06.273579+00:00,scheduler,3,0,699.9,10240.0,33,26.945
2026-06-08T11:05:11.274343+00:00,scheduler,0,0,699.9,10240.0,37,23.42
2026-06-08T11:05:11.274343+00:00,scheduler,1,0,675.9,10240.0,37,24.718
2026-06-08T11:05:11.274343+00:00,scheduler,2,0,699.9,10240.0,34,19.043
2026-06-08T11:05:11.274343+00:00,scheduler,3,0,699.9,10240.0,33,27.024
2026-06-08T11:05:16.275016+00:00,scheduler,0,9,8721.9,10240.0,42,111.908
2026-06-08T11:05:16.275016+00:00,scheduler,1,0,675.9,10240.0,37,24.72
2026-06-08T11:05:16.275016+00:00,scheduler,2,0,699.9,10240.0,34,19.264
2026-06-08T11:05:16.275016+00:00,scheduler,3,0,699.9,10240.0,33,27.133
2026-06-08T11:05:21.275637+00:00,scheduler,0,30,6171.9,10240.0,43,110.776
2026-06-08T11:05:21.275637+00:00,scheduler,1,0,675.9,10240.0,37,24.793
2026-06-08T11:05:21.275637+00:00,scheduler,2,50,3973.9,10240.0,36,33.253
2026-06-08T11:05:21.275637+00:00,scheduler,3,0,699.9,10240.0,33,27.241
2026-06-08T11:05:26.276333+00:00,scheduler,0,100,8837.9,10240.0,55,319.239
2026-06-08T11:05:26.276333+00:00,scheduler,1,0,675.9,10240.0,37,24.917
2026-06-08T11:05:26.276333+00:00,scheduler,2,11,8721.9,10240.0,40,91.174
2026-06-08T11:05:26.276333+00:00,scheduler,3,0,699.9,10240.0,33,27.405
2026-06-08T11:05:31.276878+00:00,scheduler,0,100,8837.9,10240.0,56,319.177
2026-06-08T11:05:31.276878+00:00,scheduler,1,0,675.9,10240.0,37,24.964
2026-06-08T11:05:31.276878+00:00,scheduler,2,100,8837.9,10240.0,56,251.525
2026-06-08T11:05:31.276878+00:00,scheduler,3,0,699.9,10240.0,33,27.337
2026-06-08T11:05:36.277587+00:00,scheduler,0,100,8837.9,10240.0,57,318.092
2026-06-08T11:05:36.277587+00:00,scheduler,1,0,675.9,10240.0,37,25.087
2026-06-08T11:05:36.277587+00:00,scheduler,2,100,8837.9,10240.0,62,318.842
2026-06-08T11:05:36.277587+00:00,scheduler,3,0,699.9,10240.0,33,27.211
2026-06-08T11:05:41.278607+00:00,scheduler,0,100,8837.9,10240.0,58,319.505
2026-06-08T11:05:41.278607+00:00,scheduler,1,0,675.9,10240.0,37,24.983
2026-06-08T11:05:41.278607+00:00,scheduler,2,100,8837.9,10240.0,65,318.331
2026-06-08T11:05:41.278607+00:00,scheduler,3,0,699.9,10240.0,33,27.315
2026-06-08T11:05:46.279301+00:00,scheduler,0,100,8837.9,10240.0,59,318.905
2026-06-08T11:05:46.279301+00:00,scheduler,1,0,675.9,10240.0,37,24.915
2026-06-08T11:05:46.279301+00:00,scheduler,2,100,8837.9,10240.0,65,303.56
2026-06-08T11:05:46.279301+00:00,scheduler,3,0,699.9,10240.0,33,27.372
2026-06-08T11:05:51.279936+00:00,scheduler,0,100,8837.9,10240.0,60,319.334
2026-06-08T11:05:51.279936+00:00,scheduler,1,0,675.9,10240.0,37,24.894
2026-06-08T11:05:51.279936+00:00,scheduler,2,100,8837.9,10240.0,66,298.622
2026-06-08T11:05:51.279936+00:00,scheduler,3,0,699.9,10240.0,33,27.278
2026-06-08T11:05:56.280644+00:00,scheduler,0,100,8837.9,10240.0,60,319.771
2026-06-08T11:05:56.280644+00:00,scheduler,1,0,675.9,10240.0,37,24.986
2026-06-08T11:05:56.280644+00:00,scheduler,2,100,8837.9,10240.0,66,292.155
2026-06-08T11:05:56.280644+00:00,scheduler,3,0,699.9,10240.0,33,27.244
2026-06-08T11:06:01.281402+00:00,scheduler,0,100,8837.9,10240.0,61,318.646
2026-06-08T11:06:01.281402+00:00,scheduler,1,0,675.9,10240.0,37,24.834
2026-06-08T11:06:01.281402+00:00,scheduler,2,100,8837.9,10240.0,67,291.215
2026-06-08T11:06:01.281402+00:00,scheduler,3,0,699.9,10240.0,33,27.444
2026-06-08T11:06:06.282071+00:00,scheduler,0,10,8837.9,10240.0,50,97.734
2026-06-08T11:06:06.282071+00:00,scheduler,1,0,675.9,10240.0,37,24.787
2026-06-08T11:06:06.282071+00:00,scheduler,2,100,8837.9,10240.0,68,286.046
2026-06-08T11:06:06.282071+00:00,scheduler,3,0,699.9,10240.0,33,27.225
2026-06-08T11:06:11.282724+00:00,scheduler,0,0,699.9,10240.0,50,115.522
2026-06-08T11:06:11.282724+00:00,scheduler,1,46,8447.9,10240.0,46,112.157
2026-06-08T11:06:11.282724+00:00,scheduler,2,100,8837.9,10240.0,68,282.476
2026-06-08T11:06:11.282724+00:00,scheduler,3,0,699.9,10240.0,33,27.417
2026-06-08T11:06:16.283349+00:00,scheduler,0,0,699.9,10240.0,48,96.461
2026-06-08T11:06:16.283349+00:00,scheduler,1,11,8697.9,10240.0,47,100.087
2026-06-08T11:06:16.283349+00:00,scheduler,2,9,8837.9,10240.0,53,98.146
2026-06-08T11:06:16.283349+00:00,scheduler,3,0,699.9,10240.0,33,27.466
2026-06-08T11:06:21.284066+00:00,scheduler,0,0,699.9,10240.0,47,96.127
2026-06-08T11:06:21.284066+00:00,scheduler,1,100,8813.9,10240.0,69,318.478
2026-06-08T11:06:21.284066+00:00,scheduler,2,0,699.9,10240.0,53,120.629
2026-06-08T11:06:21.284066+00:00,scheduler,3,0,699.9,10240.0,33,27.263
2026-06-08T11:06:26.286658+00:00,scheduler,0,0,699.9,10240.0,47,96.652
2026-06-08T11:06:26.286658+00:00,scheduler,1,100,8813.9,10240.0,68,280.347
2026-06-08T11:06:26.286658+00:00,scheduler,2,0,699.9,10240.0,50,93.884
2026-06-08T11:06:26.286658+00:00,scheduler,3,0,699.9,10240.0,33,27.281
2026-06-08T11:06:31.287549+00:00,scheduler,0,0,699.9,10240.0,42,23.861
2026-06-08T11:06:31.287549+00:00,scheduler,1,100,8813.9,10240.0,68,275.512
2026-06-08T11:06:31.287549+00:00,scheduler,2,0,699.9,10240.0,49,93.086
2026-06-08T11:06:31.287549+00:00,scheduler,3,0,699.9,10240.0,33,27.333
2026-06-08T11:06:36.289631+00:00,scheduler,0,0,699.9,10240.0,41,23.598
2026-06-08T11:06:36.289631+00:00,scheduler,1,100,8813.9,10240.0,69,270.459
2026-06-08T11:06:36.289631+00:00,scheduler,2,0,699.9,10240.0,48,94.042
2026-06-08T11:06:36.289631+00:00,scheduler,3,0,699.9,10240.0,33,27.374
2026-06-08T11:06:41.290237+00:00,scheduler,0,0,699.9,10240.0,40,23.575
2026-06-08T11:06:41.290237+00:00,scheduler,1,100,8813.9,10240.0,69,270.991
2026-06-08T11:06:41.290237+00:00,scheduler,2,0,699.9,10240.0,42,20.745
2026-06-08T11:06:41.290237+00:00,scheduler,3,0,699.9,10240.0,33,27.249
2026-06-08T11:06:46.292231+00:00,scheduler,0,0,699.9,10240.0,39,23.676
2026-06-08T11:06:46.292231+00:00,scheduler,1,100,8813.9,10240.0,70,268.954
2026-06-08T11:06:46.292231+00:00,scheduler,2,0,699.9,10240.0,41,20.389
2026-06-08T11:06:46.292231+00:00,scheduler,3,0,699.9,10240.0,33,27.433
2026-06-08T11:06:51.292833+00:00,scheduler,0,0,699.9,10240.0,38,23.472
2026-06-08T11:06:51.292833+00:00,scheduler,1,100,8813.9,10240.0,70,263.402
2026-06-08T11:06:51.292833+00:00,scheduler,2,0,699.9,10240.0,40,19.957
2026-06-08T11:06:51.292833+00:00,scheduler,3,0,699.9,10240.0,33,27.349
2026-06-08T11:06:56.293718+00:00,scheduler,0,0,699.9,10240.0,38,23.226
2026-06-08T11:06:56.293718+00:00,scheduler,1,100,8813.9,10240.0,70,264.671
2026-06-08T11:06:56.293718+00:00,scheduler,2,0,699.9,10240.0,39,19.89
2026-06-08T11:06:56.293718+00:00,scheduler,3,0,699.9,10240.0,33,27.312
2026-06-08T11:07:01.294370+00:00,scheduler,0,0,699.9,10240.0,37,23.319
2026-06-08T11:07:01.294370+00:00,scheduler,1,100,8813.9,10240.0,71,256.76
2026-06-08T11:07:01.294370+00:00,scheduler,2,0,699.9,10240.0,38,19.928
2026-06-08T11:07:01.294370+00:00,scheduler,3,0,699.9,10240.0,33,27.194
2026-06-08T11:07:06.295083+00:00,scheduler,0,30,8721.9,10240.0,41,95.181
2026-06-08T11:07:06.295083+00:00,scheduler,1,9,8813.9,10240.0,57,106.065
2026-06-08T11:07:06.295083+00:00,scheduler,2,10,8721.9,10240.0,46,115.226
2026-06-08T11:07:06.295083+00:00,scheduler,3,0,699.9,10240.0,33,27.226
2026-06-08T11:07:11.295662+00:00,scheduler,0,10,995.9,10240.0,42,94.91
2026-06-08T11:07:11.295662+00:00,scheduler,1,0,675.9,10240.0,57,117.316
2026-06-08T11:07:11.295662+00:00,scheduler,2,35,8835.9,10240.0,46,116.457
2026-06-08T11:07:11.295662+00:00,scheduler,3,0,699.9,10240.0,33,27.32
2026-06-08T11:07:16.296333+00:00,scheduler,0,100,8837.9,10240.0,55,319.053
2026-06-08T11:07:16.296333+00:00,scheduler,1,0,675.9,10240.0,56,104.315
2026-06-08T11:07:16.296333+00:00,scheduler,2,100,8837.9,10240.0,65,319.47
2026-06-08T11:07:16.296333+00:00,scheduler,3,0,699.9,10240.0,33,27.284
2026-06-08T11:07:21.297023+00:00,scheduler,0,100,8837.9,10240.0,56,319.108
2026-06-08T11:07:21.297023+00:00,scheduler,1,0,675.9,10240.0,55,104.085
2026-06-08T11:07:21.297023+00:00,scheduler,2,100,8837.9,10240.0,66,307.561
2026-06-08T11:07:21.297023+00:00,scheduler,3,0,699.9,10240.0,33,27.184
2026-06-08T11:07:26.297686+00:00,scheduler,0,100,8837.9,10240.0,57,318.49
2026-06-08T11:07:26.297686+00:00,scheduler,1,0,675.9,10240.0,51,89.182
2026-06-08T11:07:26.297686+00:00,scheduler,2,100,8837.9,10240.0,66,296.478
2026-06-08T11:07:26.297686+00:00,scheduler,3,0,699.9,10240.0,33,27.294
2026-06-08T11:07:31.298360+00:00,scheduler,0,100,8837.9,10240.0,58,318.601
2026-06-08T11:07:31.298360+00:00,scheduler,1,0,675.9,10240.0,47,25.43
2026-06-08T11:07:31.298360+00:00,scheduler,2,100,8837.9,10240.0,67,293.522
2026-06-08T11:07:31.298360+00:00,scheduler,3,0,699.9,10240.0,33,27.248
2026-06-08T11:07:36.299014+00:00,scheduler,0,100,8837.9,10240.0,59,318.803
2026-06-08T11:07:36.299014+00:00,scheduler,1,0,675.9,10240.0,45,25.398
2026-06-08T11:07:36.299014+00:00,scheduler,2,100,8837.9,10240.0,68,291.254
2026-06-08T11:07:36.299014+00:00,scheduler,3,0,699.9,10240.0,33,27.339
2026-06-08T11:07:41.299704+00:00,scheduler,0,100,8837.9,10240.0,59,318.277
2026-06-08T11:07:41.299704+00:00,scheduler,1,0,675.9,10240.0,45,25.342
2026-06-08T11:07:41.299704+00:00,scheduler,2,100,8837.9,10240.0,67,281.975
2026-06-08T11:07:41.299704+00:00,scheduler,3,0,699.9,10240.0,33,27.323
2026-06-08T11:07:46.300330+00:00,scheduler,0,100,8837.9,10240.0,60,318.912
2026-06-08T11:07:46.300330+00:00,scheduler,1,0,675.9,10240.0,44,25.284
2026-06-08T11:07:46.300330+00:00,scheduler,2,100,8837.9,10240.0,68,279.614
2026-06-08T11:07:46.300330+00:00,scheduler,3,0,699.9,10240.0,33,27.464
2026-06-08T11:07:51.300958+00:00,scheduler,0,100,8837.9,10240.0,61,318.262
2026-06-08T11:07:51.300958+00:00,scheduler,1,0,675.9,10240.0,43,25.372
2026-06-08T11:07:51.300958+00:00,scheduler,2,100,8837.9,10240.0,68,278.542
2026-06-08T11:07:51.300958+00:00,scheduler,3,0,699.9,10240.0,33,27.283
2026-06-08T11:07:56.301667+00:00,scheduler,0,9,8837.9,10240.0,52,117.333
2026-06-08T11:07:56.301667+00:00,scheduler,1,0,675.9,10240.0,43,25.1
2026-06-08T11:07:56.301667+00:00,scheduler,2,9,8837.9,10240.0,55,118.665
2026-06-08T11:07:56.301667+00:00,scheduler,3,0,699.9,10240.0,33,27.363
2026-06-08T11:08:01.302256+00:00,scheduler,0,0,699.9,10240.0,51,147.297
2026-06-08T11:08:01.302256+00:00,scheduler,1,11,3417.9,10240.0,44,26.983
2026-06-08T11:08:01.302256+00:00,scheduler,2,0,699.9,10240.0,54,155.975
2026-06-08T11:08:01.302256+00:00,scheduler,3,0,699.9,10240.0,33,27.448
2026-06-08T11:08:06.302925+00:00,scheduler,0,0,699.9,10240.0,48,97.691
2026-06-08T11:08:06.302925+00:00,scheduler,1,11,8697.9,10240.0,52,116.37
2026-06-08T11:08:06.302925+00:00,scheduler,2,0,699.9,10240.0,50,94.299
2026-06-08T11:08:06.302925+00:00,scheduler,3,0,699.9,10240.0,33,27.41
2026-06-08T11:08:11.303611+00:00,scheduler,0,0,699.9,10240.0,47,97.327
2026-06-08T11:08:11.303611+00:00,scheduler,1,100,8813.9,10240.0,70,297.027
2026-06-08T11:08:11.303611+00:00,scheduler,2,0,699.9,10240.0,49,94.973
2026-06-08T11:08:11.303611+00:00,scheduler,3,0,699.9,10240.0,33,27.39
2026-06-08T11:08:16.304436+00:00,scheduler,0,0,699.9,10240.0,47,97.0
2026-06-08T11:08:16.304436+00:00,scheduler,1,100,8813.9,10240.0,70,266.705
2026-06-08T11:08:16.304436+00:00,scheduler,2,0,699.9,10240.0,49,94.486
2026-06-08T11:08:16.304436+00:00,scheduler,3,0,699.9,10240.0,33,27.391
2026-06-08T11:08:21.305267+00:00,scheduler,0,0,699.9,10240.0,42,23.986
2026-06-08T11:08:21.305267+00:00,scheduler,1,100,8813.9,10240.0,70,264.155
2026-06-08T11:08:21.305267+00:00,scheduler,2,0,699.9,10240.0,43,20.406
2026-06-08T11:08:21.305267+00:00,scheduler,3,0,699.9,10240.0,33,27.276
2026-06-08T11:08:26.305928+00:00,scheduler,0,0,699.9,10240.0,41,23.973
2026-06-08T11:08:26.305928+00:00,scheduler,1,100,8813.9,10240.0,70,264.831
2026-06-08T11:08:26.305928+00:00,scheduler,2,0,699.9,10240.0,41,20.179
2026-06-08T11:08:26.305928+00:00,scheduler,3,0,699.9,10240.0,33,27.241
2026-06-08T11:08:31.306693+00:00,scheduler,0,0,699.9,10240.0,40,23.756
2026-06-08T11:08:31.306693+00:00,scheduler,1,100,8813.9,10240.0,71,261.649
2026-06-08T11:08:31.306693+00:00,scheduler,2,0,699.9,10240.0,40,19.952
2026-06-08T11:08:31.306693+00:00,scheduler,3,0,699.9,10240.0,33,27.189
2026-06-08T11:08:36.307422+00:00,scheduler,0,0,699.9,10240.0,39,23.609
2026-06-08T11:08:36.307422+00:00,scheduler,1,100,8813.9,10240.0,71,257.878
2026-06-08T11:08:36.307422+00:00,scheduler,2,0,699.9,10240.0,39,19.874
2026-06-08T11:08:36.307422+00:00,scheduler,3,0,699.9,10240.0,33,27.377
2026-06-08T11:08:41.308060+00:00,scheduler,0,0,699.9,10240.0,38,23.64
2026-06-08T11:08:41.308060+00:00,scheduler,1,100,8813.9,10240.0,71,258.435
2026-06-08T11:08:41.308060+00:00,scheduler,2,0,699.9,10240.0,38,19.893
2026-06-08T11:08:41.308060+00:00,scheduler,3,0,699.9,10240.0,33,27.372
2026-06-08T11:08:46.308807+00:00,scheduler,0,0,699.9,10240.0,38,23.697
2026-06-08T11:08:46.308807+00:00,scheduler,1,100,8813.9,10240.0,72,259.169
2026-06-08T11:08:46.308807+00:00,scheduler,2,0,699.9,10240.0,38,19.636
2026-06-08T11:08:46.308807+00:00,scheduler,3,0,699.9,10240.0,33,27.4
2026-06-08T11:08:51.309538+00:00,scheduler,0,0,699.9,10240.0,37,23.516
2026-06-08T11:08:51.309538+00:00,scheduler,1,100,8813.9,10240.0,71,255.141
2026-06-08T11:08:51.309538+00:00,scheduler,2,0,699.9,10240.0,38,19.511
2026-06-08T11:08:51.309538+00:00,scheduler,3,0,699.9,10240.0,33,27.431
2026-06-08T11:08:56.310246+00:00,scheduler,0,0,699.9,10240.0,37,23.526
2026-06-08T11:08:56.310246+00:00,scheduler,1,9,8813.9,10240.0,59,107.671
2026-06-08T11:08:56.310246+00:00,scheduler,2,0,699.9,10240.0,37,19.468
2026-06-08T11:08:56.310246+00:00,scheduler,3,0,699.9,10240.0,33,27.314
2026-06-08T11:09:01.311013+00:00,scheduler,0,0,699.9,10240.0,36,23.524
2026-06-08T11:09:01.311013+00:00,scheduler,1,0,675.9,10240.0,61,132.427
2026-06-08T11:09:01.311013+00:00,scheduler,2,0,699.9,10240.0,37,19.287
2026-06-08T11:09:01.311013+00:00,scheduler,3,0,699.9,10240.0,33,27.255
2026-06-08T11:09:06.311679+00:00,scheduler,0,0,699.9,10240.0,36,23.395
2026-06-08T11:09:06.311679+00:00,scheduler,1,0,675.9,10240.0,57,105.086
2026-06-08T11:09:06.311679+00:00,scheduler,2,0,699.9,10240.0,36,19.121
2026-06-08T11:09:06.311679+00:00,scheduler,3,0,699.9,10240.0,33,27.329
2026-06-08T11:09:11.312385+00:00,scheduler,0,0,699.9,10240.0,36,23.559
2026-06-08T11:09:11.312385+00:00,scheduler,1,0,675.9,10240.0,56,104.546
2026-06-08T11:09:11.312385+00:00,scheduler,2,0,699.9,10240.0,36,19.1
2026-06-08T11:09:11.312385+00:00,scheduler,3,0,699.9,10240.0,33,27.528
2026-06-08T11:09:16.312955+00:00,scheduler,0,0,699.9,10240.0,36,23.324
2026-06-08T11:09:16.312955+00:00,scheduler,1,0,675.9,10240.0,56,103.877
2026-06-08T11:09:16.312955+00:00,scheduler,2,10,8721.9,10240.0,44,113.963
2026-06-08T11:09:16.312955+00:00,scheduler,3,0,699.9,10240.0,33,27.396
2026-06-08T11:09:21.313659+00:00,scheduler,0,0,699.9,10240.0,35,23.358
2026-06-08T11:09:21.313659+00:00,scheduler,1,0,675.9,10240.0,48,25.091
2026-06-08T11:09:21.313659+00:00,scheduler,2,35,8835.9,10240.0,45,115.075
2026-06-08T11:09:21.313659+00:00,scheduler,3,0,699.9,10240.0,33,27.143
2026-06-08T11:09:26.314266+00:00,scheduler,0,0,699.9,10240.0,35,23.523
2026-06-08T11:09:26.314266+00:00,scheduler,1,0,675.9,10240.0,46,25.337
2026-06-08T11:09:26.314266+00:00,scheduler,2,100,8837.9,10240.0,64,319.362
2026-06-08T11:09:26.314266+00:00,scheduler,3,0,699.9,10240.0,33,27.347
2026-06-08T11:09:31.315004+00:00,scheduler,0,0,699.9,10240.0,35,23.415
2026-06-08T11:09:31.315004+00:00,scheduler,1,0,675.9,10240.0,45,25.678
2026-06-08T11:09:31.315004+00:00,scheduler,2,100,8837.9,10240.0,65,311.644
2026-06-08T11:09:31.315004+00:00,scheduler,3,0,699.9,10240.0,33,27.349
2026-06-08T11:09:36.315609+00:00,scheduler,0,0,699.9,10240.0,35,23.47
2026-06-08T11:09:36.315609+00:00,scheduler,1,0,675.9,10240.0,45,25.303
2026-06-08T11:09:36.315609+00:00,scheduler,2,100,8837.9,10240.0,66,305.01
2026-06-08T11:09:36.315609+00:00,scheduler,3,0,699.9,10240.0,33,27.359
2026-06-08T11:09:41.316175+00:00,scheduler,0,0,699.9,10240.0,35,23.306
2026-06-08T11:09:41.316175+00:00,scheduler,1,0,675.9,10240.0,44,25.345
2026-06-08T11:09:41.316175+00:00,scheduler,2,100,8837.9,10240.0,67,296.486
2026-06-08T11:09:41.316175+00:00,scheduler,3,0,699.9,10240.0,33,27.497
2026-06-08T11:09:46.316804+00:00,scheduler,0,0,699.9,10240.0,35,23.528
2026-06-08T11:09:46.316804+00:00,scheduler,1,0,675.9,10240.0,43,25.146
2026-06-08T11:09:46.316804+00:00,scheduler,2,100,8837.9,10240.0,67,292.153
2026-06-08T11:09:46.316804+00:00,scheduler,3,0,699.9,10240.0,33,27.352
2026-06-08T11:09:51.317601+00:00,scheduler,0,0,699.9,10240.0,34,23.388
2026-06-08T11:09:51.317601+00:00,scheduler,1,0,675.9,10240.0,43,25.06
2026-06-08T11:09:51.317601+00:00,scheduler,2,100,8837.9,10240.0,67,287.407
2026-06-08T11:09:51.317601+00:00,scheduler,3,0,699.9,10240.0,33,27.293
2026-06-08T11:09:56.318240+00:00,scheduler,0,0,699.9,10240.0,34,23.32
2026-06-08T11:09:56.318240+00:00,scheduler,1,0,675.9,10240.0,42,24.991
2026-06-08T11:09:56.318240+00:00,scheduler,2,100,8837.9,10240.0,68,281.318
2026-06-08T11:09:56.318240+00:00,scheduler,3,0,699.9,10240.0,33,27.272
2026-06-08T11:10:01.318821+00:00,scheduler,0,0,699.9,10240.0,34,23.337
2026-06-08T11:10:01.318821+00:00,scheduler,1,0,2533.9,10240.0,42,24.971
2026-06-08T11:10:01.318821+00:00,scheduler,2,100,8837.9,10240.0,68,282.119
2026-06-08T11:10:01.318821+00:00,scheduler,3,0,699.9,10240.0,33,27.285
2026-06-08T11:10:06.319603+00:00,scheduler,0,0,699.9,10240.0,34,23.273
2026-06-08T11:10:06.319603+00:00,scheduler,1,10,8697.9,10240.0,53,122.306
2026-06-08T11:10:06.319603+00:00,scheduler,2,10,8837.9,10240.0,55,110.71
2026-06-08T11:10:06.319603+00:00,scheduler,3,0,699.9,10240.0,33,27.097
2026-06-08T11:10:11.320230+00:00,scheduler,0,0,699.9,10240.0,34,23.188
2026-06-08T11:10:11.320230+00:00,scheduler,1,100,8813.9,10240.0,70,294.503
2026-06-08T11:10:11.320230+00:00,scheduler,2,0,699.9,10240.0,54,121.211
2026-06-08T11:10:11.320230+00:00,scheduler,3,0,699.9,10240.0,33,27.263
2026-06-08T11:10:16.320881+00:00,scheduler,0,0,699.9,10240.0,34,23.228
2026-06-08T11:10:16.320881+00:00,scheduler,1,100,8813.9,10240.0,70,269.557
2026-06-08T11:10:16.320881+00:00,scheduler,2,0,699.9,10240.0,50,94.231
2026-06-08T11:10:16.320881+00:00,scheduler,3,0,699.9,10240.0,33,27.284
2026-06-08T11:10:21.321529+00:00,scheduler,0,0,699.9,10240.0,34,23.252
2026-06-08T11:10:21.321529+00:00,scheduler,1,100,8813.9,10240.0,69,263.915
2026-06-08T11:10:21.321529+00:00,scheduler,2,0,699.9,10240.0,49,93.32
2026-06-08T11:10:21.321529+00:00,scheduler,3,0,699.9,10240.0,33,27.076
2026-06-08T11:10:26.322140+00:00,scheduler,0,0,699.9,10240.0,34,23.232
2026-06-08T11:10:26.322140+00:00,scheduler,1,100,8813.9,10240.0,70,267.565
2026-06-08T11:10:26.322140+00:00,scheduler,2,0,699.9,10240.0,48,92.928
2026-06-08T11:10:26.322140+00:00,scheduler,3,0,699.9,10240.0,33,27.21
2026-06-08T11:10:31.322806+00:00,scheduler,0,0,699.9,10240.0,34,23.246
2026-06-08T11:10:31.322806+00:00,scheduler,1,100,8813.9,10240.0,71,264.441
2026-06-08T11:10:31.322806+00:00,scheduler,2,0,699.9,10240.0,43,20.489
2026-06-08T11:10:31.322806+00:00,scheduler,3,0,699.9,10240.0,33,27.156
2026-06-08T11:10:36.323456+00:00,scheduler,0,0,699.9,10240.0,34,23.458
2026-06-08T11:10:36.323456+00:00,scheduler,1,100,8813.9,10240.0,71,259.256
2026-06-08T11:10:36.323456+00:00,scheduler,2,0,699.9,10240.0,41,20.189
2026-06-08T11:10:36.323456+00:00,scheduler,3,0,699.9,10240.0,33,27.335
2026-06-08T11:10:41.324095+00:00,scheduler,0,0,699.9,10240.0,34,23.345
2026-06-08T11:10:41.324095+00:00,scheduler,1,100,8813.9,10240.0,71,258.445
2026-06-08T11:10:41.324095+00:00,scheduler,2,0,699.9,10240.0,40,20.331
2026-06-08T11:10:41.324095+00:00,scheduler,3,0,699.9,10240.0,33,27.225
2026-06-08T11:10:46.324738+00:00,scheduler,0,0,699.9,10240.0,34,23.388
2026-06-08T11:10:46.324738+00:00,scheduler,1,100,8813.9,10240.0,71,258.963
2026-06-08T11:10:46.324738+00:00,scheduler,2,0,699.9,10240.0,39,19.956
2026-06-08T11:10:46.324738+00:00,scheduler,3,0,699.9,10240.0,33,27.127
2026-06-08T11:10:51.325563+00:00,scheduler,0,0,699.9,10240.0,33,23.332
2026-06-08T11:10:51.325563+00:00,scheduler,1,100,8813.9,10240.0,71,254.769
2026-06-08T11:10:51.325563+00:00,scheduler,2,0,699.9,10240.0,39,19.996
2026-06-08T11:10:51.325563+00:00,scheduler,3,0,699.9,10240.0,33,27.205
2026-06-08T11:10:56.326252+00:00,scheduler,0,0,699.9,10240.0,33,23.384
2026-06-08T11:10:56.326252+00:00,scheduler,1,10,8813.9,10240.0,59,107.272
2026-06-08T11:10:56.326252+00:00,scheduler,2,0,699.9,10240.0,38,19.628
2026-06-08T11:10:56.326252+00:00,scheduler,3,0,699.9,10240.0,33,27.081
2026-06-08T11:11:01.326924+00:00,scheduler,0,0,699.9,10240.0,33,23.148
2026-06-08T11:11:01.326924+00:00,scheduler,1,0,675.9,10240.0,58,117.794
2026-06-08T11:11:01.326924+00:00,scheduler,2,0,699.9,10240.0,38,19.538
2026-06-08T11:11:01.326924+00:00,scheduler,3,0,699.9,10240.0,33,27.099
2026-06-08T11:11:06.327591+00:00,scheduler,0,0,699.9,10240.0,33,23.194
2026-06-08T11:11:06.327591+00:00,scheduler,1,0,675.9,10240.0,56,104.507
2026-06-08T11:11:06.327591+00:00,scheduler,2,0,699.9,10240.0,37,19.66
2026-06-08T11:11:06.327591+00:00,scheduler,3,0,699.9,10240.0,33,27.144
2026-06-08T11:11:11.328258+00:00,scheduler,0,0,699.9,10240.0,33,23.33
2026-06-08T11:11:11.328258+00:00,scheduler,1,0,675.9,10240.0,56,104.058
2026-06-08T11:11:11.328258+00:00,scheduler,2,0,699.9,10240.0,37,19.424
2026-06-08T11:11:11.328258+00:00,scheduler,3,0,699.9,10240.0,33,27.135
2026-06-08T11:11:16.329026+00:00,scheduler,0,0,699.9,10240.0,33,23.278
2026-06-08T11:11:16.329026+00:00,scheduler,1,0,675.9,10240.0,51,84.238
2026-06-08T11:11:16.329026+00:00,scheduler,2,0,699.9,10240.0,36,19.456
2026-06-08T11:11:16.329026+00:00,scheduler,3,0,699.9,10240.0,33,27.195
2026-06-08T11:11:21.329968+00:00,scheduler,0,0,699.9,10240.0,33,23.24
2026-06-08T11:11:21.329968+00:00,scheduler,1,0,675.9,10240.0,47,25.358
2026-06-08T11:11:21.329968+00:00,scheduler,2,0,699.9,10240.0,36,19.315
2026-06-08T11:11:21.329968+00:00,scheduler,3,0,699.9,10240.0,33,27.119
2026-06-08T11:11:26.330823+00:00,scheduler,0,92,8721.9,10240.0,43,110.09
2026-06-08T11:11:26.330823+00:00,scheduler,1,0,675.9,10240.0,46,25.05
2026-06-08T11:11:26.330823+00:00,scheduler,2,0,699.9,10240.0,36,19.543
2026-06-08T11:11:26.330823+00:00,scheduler,3,0,699.9,10240.0,33,27.217
2026-06-08T11:11:31.331539+00:00,scheduler,0,9,1095.9,10240.0,38,93.582
2026-06-08T11:11:31.331539+00:00,scheduler,1,0,675.9,10240.0,45,25.117
2026-06-08T11:11:31.331539+00:00,scheduler,2,0,699.9,10240.0,36,19.34
2026-06-08T11:11:31.331539+00:00,scheduler,3,10,8721.9,10240.0,43,154.05
2026-06-08T11:11:36.332227+00:00,scheduler,0,100,8837.9,10240.0,52,318.342
2026-06-08T11:11:36.332227+00:00,scheduler,1,0,675.9,10240.0,44,25.26
2026-06-08T11:11:36.332227+00:00,scheduler,2,0,699.9,10240.0,35,19.698
2026-06-08T11:11:36.332227+00:00,scheduler,3,32,7809.9,10240.0,42,116.133
2026-06-08T11:11:41.332839+00:00,scheduler,0,100,8837.9,10240.0,54,318.022
2026-06-08T11:11:41.332839+00:00,scheduler,1,0,675.9,10240.0,43,25.429
2026-06-08T11:11:41.332839+00:00,scheduler,2,0,699.9,10240.0,35,19.702
2026-06-08T11:11:41.332839+00:00,scheduler,3,100,8837.9,10240.0,65,318.44
2026-06-08T11:11:46.333556+00:00,scheduler,0,100,8837.9,10240.0,55,318.584
2026-06-08T11:11:46.333556+00:00,scheduler,1,0,675.9,10240.0,43,25.271
2026-06-08T11:11:46.333556+00:00,scheduler,2,0,699.9,10240.0,35,19.739
2026-06-08T11:11:46.333556+00:00,scheduler,3,100,8837.9,10240.0,68,318.539
2026-06-08T11:11:51.334163+00:00,scheduler,0,100,8837.9,10240.0,56,318.946
2026-06-08T11:11:51.334163+00:00,scheduler,1,0,675.9,10240.0,42,25.115
2026-06-08T11:11:51.334163+00:00,scheduler,2,0,699.9,10240.0,35,19.689
2026-06-08T11:11:51.334163+00:00,scheduler,3,100,8837.9,10240.0,69,318.11
2026-06-08T11:11:56.334841+00:00,scheduler,0,100,8837.9,10240.0,57,318.489
2026-06-08T11:11:56.334841+00:00,scheduler,1,0,675.9,10240.0,42,25.087
2026-06-08T11:11:56.334841+00:00,scheduler,2,0,699.9,10240.0,35,19.581
2026-06-08T11:11:56.334841+00:00,scheduler,3,100,8837.9,10240.0,69,317.744
2026-06-08T11:12:01.335658+00:00,scheduler,0,100,8837.9,10240.0,58,318.664
2026-06-08T11:12:01.335658+00:00,scheduler,1,0,675.9,10240.0,41,25.297
2026-06-08T11:12:01.335658+00:00,scheduler,2,0,699.9,10240.0,35,19.58
2026-06-08T11:12:01.335658+00:00,scheduler,3,100,8837.9,10240.0,70,318.432
2026-06-08T11:12:06.336391+00:00,scheduler,0,100,8837.9,10240.0,59,318.569
2026-06-08T11:12:06.336391+00:00,scheduler,1,0,675.9,10240.0,41,25.052
2026-06-08T11:12:06.336391+00:00,scheduler,2,0,699.9,10240.0,34,19.663
2026-06-08T11:12:06.336391+00:00,scheduler,3,100,8837.9,10240.0,71,318.276
2026-06-08T11:12:11.337071+00:00,scheduler,0,100,8837.9,10240.0,60,318.906
2026-06-08T11:12:11.337071+00:00,scheduler,1,0,675.9,10240.0,41,25.089
2026-06-08T11:12:11.337071+00:00,scheduler,2,0,699.9,10240.0,34,19.632
2026-06-08T11:12:11.337071+00:00,scheduler,3,100,8837.9,10240.0,71,317.594
2026-06-08T11:12:16.337701+00:00,scheduler,0,9,8837.9,10240.0,51,115.282
2026-06-08T11:12:16.337701+00:00,scheduler,1,0,675.9,10240.0,40,25.007
2026-06-08T11:12:16.337701+00:00,scheduler,2,0,699.9,10240.0,34,19.715
2026-06-08T11:12:16.337701+00:00,scheduler,3,100,8837.9,10240.0,72,318.36
2026-06-08T11:12:21.338393+00:00,scheduler,0,2,699.9,10240.0,50,147.646
2026-06-08T11:12:21.338393+00:00,scheduler,1,0,675.9,10240.0,40,24.938
2026-06-08T11:12:21.338393+00:00,scheduler,2,0,699.9,10240.0,34,19.495
2026-06-08T11:12:21.338393+00:00,scheduler,3,10,8837.9,10240.0,52,100.177
2026-06-08T11:12:26.339057+00:00,scheduler,0,0,699.9,10240.0,48,96.753
2026-06-08T11:12:26.339057+00:00,scheduler,1,0,675.9,10240.0,40,24.752
2026-06-08T11:12:26.339057+00:00,scheduler,2,0,699.9,10240.0,34,19.527
2026-06-08T11:12:26.339057+00:00,scheduler,3,0,699.9,10240.0,53,125.577
2026-06-08T11:12:31.339794+00:00,scheduler,0,0,699.9,10240.0,47,96.352
2026-06-08T11:12:31.339794+00:00,scheduler,1,0,675.9,10240.0,40,24.651
2026-06-08T11:12:31.339794+00:00,scheduler,2,0,699.9,10240.0,34,19.277
2026-06-08T11:12:31.339794+00:00,scheduler,3,0,699.9,10240.0,50,99.348
2026-06-08T11:12:36.340397+00:00,scheduler,0,0,699.9,10240.0,47,96.06
2026-06-08T11:12:36.340397+00:00,scheduler,1,0,675.9,10240.0,39,24.828
2026-06-08T11:12:36.340397+00:00,scheduler,2,0,699.9,10240.0,34,19.286
2026-06-08T11:12:36.340397+00:00,scheduler,3,0,699.9,10240.0,49,99.887
2026-06-08T11:12:41.341024+00:00,scheduler,0,0,699.9,10240.0,42,23.973
2026-06-08T11:12:41.341024+00:00,scheduler,1,0,675.9,10240.0,39,24.612
2026-06-08T11:12:41.341024+00:00,scheduler,2,0,699.9,10240.0,34,19.444
2026-06-08T11:12:41.341024+00:00,scheduler,3,0,699.9,10240.0,48,99.605
2026-06-08T11:12:46.341876+00:00,scheduler,0,0,699.9,10240.0,41,24.128
2026-06-08T11:12:46.341876+00:00,scheduler,1,0,675.9,10240.0,39,24.64
2026-06-08T11:12:46.341876+00:00,scheduler,2,0,699.9,10240.0,34,19.151
2026-06-08T11:12:46.341876+00:00,scheduler,3,0,699.9,10240.0,41,27.913
2026-06-08T11:12:51.342765+00:00,scheduler,0,0,699.9,10240.0,40,23.886
2026-06-08T11:12:51.342765+00:00,scheduler,1,0,675.9,10240.0,39,24.784
2026-06-08T11:12:51.342765+00:00,scheduler,2,0,699.9,10240.0,34,19.186
2026-06-08T11:12:51.342765+00:00,scheduler,3,0,699.9,10240.0,40,27.964
2026-06-08T11:12:56.343587+00:00,scheduler,0,0,699.9,10240.0,39,23.751
2026-06-08T11:12:56.343587+00:00,scheduler,1,0,675.9,10240.0,39,24.739
2026-06-08T11:12:56.343587+00:00,scheduler,2,0,699.9,10240.0,34,19.265
2026-06-08T11:12:56.343587+00:00,scheduler,3,0,699.9,10240.0,39,27.55
2026-06-08T11:13:01.344298+00:00,scheduler,0,0,699.9,10240.0,38,23.651
2026-06-08T11:13:01.344298+00:00,scheduler,1,0,675.9,10240.0,39,24.634
2026-06-08T11:13:01.344298+00:00,scheduler,2,0,699.9,10240.0,34,19.261
2026-06-08T11:13:01.344298+00:00,scheduler,3,0,699.9,10240.0,38,27.723
2026-06-08T11:13:06.344929+00:00,scheduler,0,0,699.9,10240.0,38,23.691
2026-06-08T11:13:06.344929+00:00,scheduler,1,0,675.9,10240.0,39,24.606
2026-06-08T11:13:06.344929+00:00,scheduler,2,0,699.9,10240.0,34,19.18
2026-06-08T11:13:06.344929+00:00,scheduler,3,0,699.9,10240.0,38,27.466
2026-06-08T11:13:11.345632+00:00,scheduler,0,92,8721.9,10240.0,52,167.069
2026-06-08T11:13:11.345632+00:00,scheduler,1,0,675.9,10240.0,39,24.864
2026-06-08T11:13:11.345632+00:00,scheduler,2,40,6525.9,10240.0,38,56.12
2026-06-08T11:13:11.345632+00:00,scheduler,3,0,699.9,10240.0,37,27.5
2026-06-08T11:13:16.346288+00:00,scheduler,0,48,4767.9,10240.0,43,102.101
2026-06-08T11:13:16.346288+00:00,scheduler,1,0,675.9,10240.0,39,24.675
2026-06-08T11:13:16.346288+00:00,scheduler,2,9,8721.9,10240.0,40,91.099
2026-06-08T11:13:16.346288+00:00,scheduler,3,0,699.9,10240.0,37,27.492
2026-06-08T11:13:21.348443+00:00,scheduler,0,100,8837.9,10240.0,55,318.596
2026-06-08T11:13:21.348443+00:00,scheduler,1,0,675.9,10240.0,38,24.723
2026-06-08T11:13:21.348443+00:00,scheduler,2,100,8837.9,10240.0,50,135.337
2026-06-08T11:13:21.348443+00:00,scheduler,3,0,699.9,10240.0,36,27.519
2026-06-08T11:13:26.349061+00:00,scheduler,0,100,8837.9,10240.0,56,318.735
2026-06-08T11:13:26.349061+00:00,scheduler,1,0,675.9,10240.0,38,24.645
2026-06-08T11:13:26.349061+00:00,scheduler,2,100,8837.9,10240.0,62,318.855
2026-06-08T11:13:26.349061+00:00,scheduler,3,0,699.9,10240.0,36,27.336
2026-06-08T11:13:31.349733+00:00,scheduler,0,100,8837.9,10240.0,58,319.076
2026-06-08T11:13:31.349733+00:00,scheduler,1,0,675.9,10240.0,38,24.808
2026-06-08T11:13:31.349733+00:00,scheduler,2,100,8837.9,10240.0,64,319.0
2026-06-08T11:13:31.349733+00:00,scheduler,3,0,699.9,10240.0,36,27.47
2026-06-08T11:13:36.350357+00:00,scheduler,0,100,8837.9,10240.0,59,319.242
2026-06-08T11:13:36.350357+00:00,scheduler,1,0,675.9,10240.0,38,24.763
2026-06-08T11:13:36.350357+00:00,scheduler,2,100,8837.9,10240.0,65,310.139
2026-06-08T11:13:36.350357+00:00,scheduler,3,0,699.9,10240.0,35,27.4
2026-06-08T11:13:41.351017+00:00,scheduler,0,100,8837.9,10240.0,59,318.494
2026-06-08T11:13:41.351017+00:00,scheduler,1,0,675.9,10240.0,38,24.729
2026-06-08T11:13:41.351017+00:00,scheduler,2,100,8837.9,10240.0,66,299.997
2026-06-08T11:13:41.351017+00:00,scheduler,3,0,699.9,10240.0,35,27.273
2026-06-08T11:13:46.351723+00:00,scheduler,0,100,8837.9,10240.0,60,318.339
2026-06-08T11:13:46.351723+00:00,scheduler,1,0,675.9,10240.0,38,24.87
2026-06-08T11:13:46.351723+00:00,scheduler,2,100,8837.9,10240.0,66,296.028
2026-06-08T11:13:46.351723+00:00,scheduler,3,0,699.9,10240.0,35,27.572
2026-06-08T11:13:51.352410+00:00,scheduler,0,100,8837.9,10240.0,61,318.949
2026-06-08T11:13:51.352410+00:00,scheduler,1,0,675.9,10240.0,38,24.801
2026-06-08T11:13:51.352410+00:00,scheduler,2,100,8837.9,10240.0,67,290.389
2026-06-08T11:13:51.352410+00:00,scheduler,3,0,699.9,10240.0,35,27.37
2026-06-08T11:13:56.353056+00:00,scheduler,0,100,8837.9,10240.0,61,319.558
2026-06-08T11:13:56.353056+00:00,scheduler,1,0,675.9,10240.0,38,24.678
2026-06-08T11:13:56.353056+00:00,scheduler,2,100,8837.9,10240.0,67,285.193
2026-06-08T11:13:56.353056+00:00,scheduler,3,0,699.9,10240.0,35,27.254
2026-06-08T11:14:01.353747+00:00,scheduler,0,9,8837.9,10240.0,51,97.885
2026-06-08T11:14:01.353747+00:00,scheduler,1,0,675.9,10240.0,38,24.769
2026-06-08T11:14:01.353747+00:00,scheduler,2,100,8837.9,10240.0,68,284.418
2026-06-08T11:14:01.353747+00:00,scheduler,3,0,699.9,10240.0,34,27.278
2026-06-08T11:14:06.354433+00:00,scheduler,0,0,699.9,10240.0,51,115.548
2026-06-08T11:14:06.354433+00:00,scheduler,1,0,675.9,10240.0,38,24.85
2026-06-08T11:14:06.354433+00:00,scheduler,2,10,8837.9,10240.0,53,99.432
2026-06-08T11:14:06.354433+00:00,scheduler,3,0,699.9,10240.0,34,27.225
2026-06-08T11:14:11.355154+00:00,scheduler,0,0,699.9,10240.0,49,96.773
2026-06-08T11:14:11.355154+00:00,scheduler,1,0,675.9,10240.0,38,24.708
2026-06-08T11:14:11.355154+00:00,scheduler,2,0,699.9,10240.0,53,120.193
2026-06-08T11:14:11.355154+00:00,scheduler,3,0,699.9,10240.0,34,27.206
2026-06-08T11:14:16.355926+00:00,scheduler,0,0,699.9,10240.0,48,96.322
2026-06-08T11:14:16.355926+00:00,scheduler,1,0,675.9,10240.0,38,24.589
2026-06-08T11:14:16.355926+00:00,scheduler,2,0,699.9,10240.0,50,93.448
2026-06-08T11:14:16.355926+00:00,scheduler,3,0,699.9,10240.0,34,27.159
2026-06-08T11:14:21.356733+00:00,scheduler,0,0,699.9,10240.0,47,95.783
2026-06-08T11:14:21.356733+00:00,scheduler,1,0,675.9,10240.0,38,24.682
2026-06-08T11:14:21.356733+00:00,scheduler,2,0,699.9,10240.0,49,92.957
2026-06-08T11:14:21.356733+00:00,scheduler,3,0,699.9,10240.0,34,27.386
2026-06-08T11:14:26.357463+00:00,scheduler,0,0,699.9,10240.0,42,23.868
2026-06-08T11:14:26.357463+00:00,scheduler,1,0,675.9,10240.0,38,24.582
2026-06-08T11:14:26.357463+00:00,scheduler,2,0,699.9,10240.0,48,92.523
2026-06-08T11:14:26.357463+00:00,scheduler,3,0,699.9,10240.0,34,27.14
2026-06-08T11:14:31.358301+00:00,scheduler,0,0,699.9,10240.0,41,23.774
2026-06-08T11:14:31.358301+00:00,scheduler,1,0,675.9,10240.0,38,24.672
2026-06-08T11:14:31.358301+00:00,scheduler,2,0,699.9,10240.0,42,19.983
2026-06-08T11:14:31.358301+00:00,scheduler,3,0,699.9,10240.0,34,27.32
2026-06-08T11:14:36.359173+00:00,scheduler,0,0,699.9,10240.0,40,23.7
2026-06-08T11:14:36.359173+00:00,scheduler,1,0,675.9,10240.0,38,24.766
2026-06-08T11:14:36.359173+00:00,scheduler,2,0,699.9,10240.0,41,19.682
2026-06-08T11:14:36.359173+00:00,scheduler,3,0,699.9,10240.0,34,27.199
2026-06-08T11:14:41.359932+00:00,scheduler,0,0,699.9,10240.0,39,23.525
2026-06-08T11:14:41.359932+00:00,scheduler,1,0,675.9,10240.0,38,24.683
2026-06-08T11:14:41.359932+00:00,scheduler,2,0,699.9,10240.0,40,19.536
2026-06-08T11:14:41.359932+00:00,scheduler,3,0,699.9,10240.0,34,27.183
2026-06-08T11:14:46.360835+00:00,scheduler,0,0,699.9,10240.0,38,23.68
2026-06-08T11:14:46.360835+00:00,scheduler,1,0,675.9,10240.0,38,24.629
2026-06-08T11:14:46.360835+00:00,scheduler,2,0,699.9,10240.0,39,19.241
2026-06-08T11:14:46.360835+00:00,scheduler,3,0,699.9,10240.0,34,27.43
2026-06-08T11:14:51.361661+00:00,scheduler,0,0,699.9,10240.0,38,23.48
2026-06-08T11:14:51.361661+00:00,scheduler,1,0,675.9,10240.0,38,24.593
2026-06-08T11:14:51.361661+00:00,scheduler,2,0,699.9,10240.0,39,19.106
2026-06-08T11:14:51.361661+00:00,scheduler,3,0,699.9,10240.0,34,27.169
2026-06-08T11:14:56.362451+00:00,scheduler,0,0,699.9,10240.0,37,23.48
2026-06-08T11:14:56.362451+00:00,scheduler,1,0,675.9,10240.0,38,24.714
2026-06-08T11:14:56.362451+00:00,scheduler,2,0,699.9,10240.0,38,19.112
2026-06-08T11:14:56.362451+00:00,scheduler,3,0,699.9,10240.0,33,27.169
2026-06-08T11:15:01.363252+00:00,scheduler,0,0,699.9,10240.0,37,23.6
2026-06-08T11:15:01.363252+00:00,scheduler,1,0,675.9,10240.0,38,24.631
2026-06-08T11:15:01.363252+00:00,scheduler,2,0,699.9,10240.0,37,19.031
2026-06-08T11:15:01.363252+00:00,scheduler,3,0,699.9,10240.0,33,27.233
2026-06-08T11:15:06.363968+00:00,scheduler,0,0,699.9,10240.0,36,23.293
2026-06-08T11:15:06.363968+00:00,scheduler,1,0,675.9,10240.0,38,24.601
2026-06-08T11:15:06.363968+00:00,scheduler,2,0,699.9,10240.0,37,18.963
2026-06-08T11:15:06.363968+00:00,scheduler,3,0,699.9,10240.0,33,27.105
2026-06-08T11:15:11.364771+00:00,scheduler,0,0,699.9,10240.0,36,23.575
2026-06-08T11:15:11.364771+00:00,scheduler,1,0,675.9,10240.0,38,24.7
2026-06-08T11:15:11.364771+00:00,scheduler,2,0,699.9,10240.0,36,18.916
2026-06-08T11:15:11.364771+00:00,scheduler,3,0,699.9,10240.0,33,27.208
2026-06-08T11:15:16.365571+00:00,scheduler,0,0,699.9,10240.0,36,23.432
2026-06-08T11:15:16.365571+00:00,scheduler,1,0,675.9,10240.0,38,24.641
2026-06-08T11:15:16.365571+00:00,scheduler,2,0,699.9,10240.0,36,18.859
2026-06-08T11:15:16.365571+00:00,scheduler,3,0,699.9,10240.0,33,27.164
2026-06-08T11:15:21.366488+00:00,scheduler,0,0,699.9,10240.0,36,23.222
2026-06-08T11:15:21.366488+00:00,scheduler,1,0,675.9,10240.0,38,24.614
2026-06-08T11:15:21.366488+00:00,scheduler,2,0,699.9,10240.0,36,18.791
2026-06-08T11:15:21.366488+00:00,scheduler,3,0,699.9,10240.0,33,27.183
2026-06-08T11:15:26.367269+00:00,scheduler,0,0,699.9,10240.0,35,23.364
2026-06-08T11:15:26.367269+00:00,scheduler,1,0,675.9,10240.0,38,24.52
2026-06-08T11:15:26.367269+00:00,scheduler,2,0,699.9,10240.0,36,18.69
2026-06-08T11:15:26.367269+00:00,scheduler,3,0,699.9,10240.0,33,27.137
2026-06-08T11:15:31.367957+00:00,scheduler,0,0,699.9,10240.0,35,23.333
2026-06-08T11:15:31.367957+00:00,scheduler,1,0,675.9,10240.0,38,24.743
2026-06-08T11:15:31.367957+00:00,scheduler,2,0,699.9,10240.0,35,18.871
2026-06-08T11:15:31.367957+00:00,scheduler,3,0,699.9,10240.0,33,27.203
2026-06-08T11:15:36.368695+00:00,scheduler,0,0,1441.9,10240.0,35,23.246
2026-06-08T11:15:36.368695+00:00,scheduler,1,0,675.9,10240.0,38,24.621
2026-06-08T11:15:36.368695+00:00,scheduler,2,0,699.9,10240.0,35,19.108
2026-06-08T11:15:36.368695+00:00,scheduler,3,0,699.9,10240.0,33,27.209
2026-06-08T11:15:41.369437+00:00,scheduler,0,11,8721.9,10240.0,41,109.878
2026-06-08T11:15:41.369437+00:00,scheduler,1,0,675.9,10240.0,37,24.628
2026-06-08T11:15:41.369437+00:00,scheduler,2,0,699.9,10240.0,35,19.007
2026-06-08T11:15:41.369437+00:00,scheduler,3,0,699.9,10240.0,33,27.284
2026-06-08T11:15:46.370241+00:00,scheduler,0,100,8837.9,10240.0,53,318.341
2026-06-08T11:15:46.370241+00:00,scheduler,1,9,8697.9,10240.0,49,121.029
2026-06-08T11:15:46.370241+00:00,scheduler,2,0,699.9,10240.0,35,19.301
2026-06-08T11:15:46.370241+00:00,scheduler,3,10,8721.9,10240.0,43,175.68
2026-06-08T11:15:51.370919+00:00,scheduler,0,100,8837.9,10240.0,55,319.038
2026-06-08T11:15:51.370919+00:00,scheduler,1,9,1845.9,10240.0,47,99.314
2026-06-08T11:15:51.370919+00:00,scheduler,2,0,699.9,10240.0,35,19.518
2026-06-08T11:15:51.370919+00:00,scheduler,3,93,8837.9,10240.0,50,134.616
2026-06-08T11:15:56.371593+00:00,scheduler,0,100,8837.9,10240.0,56,318.015
2026-06-08T11:15:56.371593+00:00,scheduler,1,100,8813.9,10240.0,68,296.049
2026-06-08T11:15:56.371593+00:00,scheduler,2,0,699.9,10240.0,35,19.394
2026-06-08T11:15:56.371593+00:00,scheduler,3,100,8837.9,10240.0,66,318.762
2026-06-08T11:16:01.372110+00:00,scheduler,0,100,8837.9,10240.0,57,319.502
2026-06-08T11:16:01.372110+00:00,scheduler,1,100,8813.9,10240.0,68,283.546
2026-06-08T11:16:01.372110+00:00,scheduler,2,0,699.9,10240.0,35,19.438
2026-06-08T11:16:01.372110+00:00,scheduler,3,100,8837.9,10240.0,68,318.773
2026-06-08T11:16:06.373971+00:00,scheduler,0,100,8837.9,10240.0,58,319.392
2026-06-08T11:16:06.373971+00:00,scheduler,1,100,8813.9,10240.0,68,275.005
2026-06-08T11:16:06.373971+00:00,scheduler,2,0,699.9,10240.0,34,19.509
2026-06-08T11:16:06.373971+00:00,scheduler,3,100,8837.9,10240.0,69,318.947
2026-06-08T11:16:11.374598+00:00,scheduler,0,100,8837.9,10240.0,59,319.001
2026-06-08T11:16:11.374598+00:00,scheduler,1,100,8813.9,10240.0,69,271.15
2026-06-08T11:16:11.374598+00:00,scheduler,2,0,699.9,10240.0,34,19.272
2026-06-08T11:16:11.374598+00:00,scheduler,3,100,8837.9,10240.0,70,319.291
2026-06-08T11:16:16.375248+00:00,scheduler,0,100,8837.9,10240.0,60,319.596
2026-06-08T11:16:16.375248+00:00,scheduler,1,100,8813.9,10240.0,69,270.627
2026-06-08T11:16:16.375248+00:00,scheduler,2,0,699.9,10240.0,34,19.304
2026-06-08T11:16:16.375248+00:00,scheduler,3,100,8837.9,10240.0,71,318.864
2026-06-08T11:16:21.375928+00:00,scheduler,0,100,8837.9,10240.0,60,318.851
2026-06-08T11:16:21.375928+00:00,scheduler,1,100,8813.9,10240.0,70,268.581
2026-06-08T11:16:21.375928+00:00,scheduler,2,0,699.9,10240.0,34,19.37
2026-06-08T11:16:21.375928+00:00,scheduler,3,100,8837.9,10240.0,71,318.982
2026-06-08T11:16:26.376536+00:00,scheduler,0,9,8837.9,10240.0,52,117.943
2026-06-08T11:16:26.376536+00:00,scheduler,1,100,8813.9,10240.0,70,262.142
2026-06-08T11:16:26.376536+00:00,scheduler,2,0,699.9,10240.0,34,19.298
2026-06-08T11:16:26.376536+00:00,scheduler,3,100,8837.9,10240.0,72,318.678
2026-06-08T11:16:31.377092+00:00,scheduler,0,100,765.9,10240.0,50,98.069
2026-06-08T11:16:31.377092+00:00,scheduler,1,100,8813.9,10240.0,70,262.879
2026-06-08T11:16:31.377092+00:00,scheduler,2,41,8721.9,10240.0,42,153.184
2026-06-08T11:16:31.377092+00:00,scheduler,3,100,8837.9,10240.0,72,318.052
2026-06-08T11:16:36.377745+00:00,scheduler,0,0,699.9,10240.0,48,96.834
2026-06-08T11:16:36.377745+00:00,scheduler,1,100,8813.9,10240.0,71,262.151
2026-06-08T11:16:36.377745+00:00,scheduler,2,9,1167.9,10240.0,41,90.71
2026-06-08T11:16:36.377745+00:00,scheduler,3,10,8837.9,10240.0,52,99.925
2026-06-08T11:16:41.378460+00:00,scheduler,0,0,699.9,10240.0,48,96.092
2026-06-08T11:16:41.378460+00:00,scheduler,1,10,8813.9,10240.0,57,105.864
2026-06-08T11:16:41.378460+00:00,scheduler,2,100,8837.9,10240.0,60,318.704
2026-06-08T11:16:41.378460+00:00,scheduler,3,0,699.9,10240.0,53,125.109
2026-06-08T11:16:46.379108+00:00,scheduler,0,0,699.9,10240.0,47,96.857
2026-06-08T11:16:46.379108+00:00,scheduler,1,0,675.9,10240.0,57,112.588
2026-06-08T11:16:46.379108+00:00,scheduler,2,100,8837.9,10240.0,63,319.406
2026-06-08T11:16:46.379108+00:00,scheduler,3,0,699.9,10240.0,49,98.743
2026-06-08T11:16:51.379788+00:00,scheduler,0,0,699.9,10240.0,42,24.078
2026-06-08T11:16:51.379788+00:00,scheduler,1,0,675.9,10240.0,56,104.365
2026-06-08T11:16:51.379788+00:00,scheduler,2,100,8837.9,10240.0,65,310.209
2026-06-08T11:16:51.379788+00:00,scheduler,3,0,699.9,10240.0,49,98.538
2026-06-08T11:16:56.380438+00:00,scheduler,0,0,699.9,10240.0,41,23.891
2026-06-08T11:16:56.380438+00:00,scheduler,1,0,675.9,10240.0,55,103.944
2026-06-08T11:16:56.380438+00:00,scheduler,2,100,8837.9,10240.0,66,303.319
2026-06-08T11:16:56.380438+00:00,scheduler,3,0,699.9,10240.0,48,99.092
2026-06-08T11:17:01.381061+00:00,scheduler,0,0,699.9,10240.0,40,23.682
2026-06-08T11:17:01.381061+00:00,scheduler,1,0,675.9,10240.0,51,96.434
2026-06-08T11:17:01.381061+00:00,scheduler,2,100,8837.9,10240.0,66,300.209
2026-06-08T11:17:01.381061+00:00,scheduler,3,0,699.9,10240.0,42,28.019
2026-06-08T11:17:06.381763+00:00,scheduler,0,0,699.9,10240.0,39,23.55
2026-06-08T11:17:06.381763+00:00,scheduler,1,0,675.9,10240.0,46,25.811
2026-06-08T11:17:06.381763+00:00,scheduler,2,100,8837.9,10240.0,67,289.857
2026-06-08T11:17:06.381763+00:00,scheduler,3,0,699.9,10240.0,40,27.947
2026-06-08T11:17:11.382544+00:00,scheduler,0,0,699.9,10240.0,38,23.758
2026-06-08T11:17:11.382544+00:00,scheduler,1,0,675.9,10240.0,45,25.677
2026-06-08T11:17:11.382544+00:00,scheduler,2,100,8837.9,10240.0,67,291.286
2026-06-08T11:17:11.382544+00:00,scheduler,3,0,699.9,10240.0,40,27.665
2026-06-08T11:17:16.383155+00:00,scheduler,0,0,699.9,10240.0,38,23.554
2026-06-08T11:17:16.383155+00:00,scheduler,1,0,675.9,10240.0,45,25.437
2026-06-08T11:17:16.383155+00:00,scheduler,2,100,8837.9,10240.0,68,286.985
2026-06-08T11:17:16.383155+00:00,scheduler,3,0,699.9,10240.0,39,27.927
2026-06-08T11:17:21.383851+00:00,scheduler,0,0,699.9,10240.0,37,23.457
2026-06-08T11:17:21.383851+00:00,scheduler,1,0,675.9,10240.0,44,25.383
2026-06-08T11:17:21.383851+00:00,scheduler,2,13,8837.9,10240.0,60,210.092
2026-06-08T11:17:21.383851+00:00,scheduler,3,0,699.9,10240.0,38,27.842
2026-06-08T11:17:26.385753+00:00,scheduler,0,0,699.9,10240.0,37,23.471
2026-06-08T11:17:26.385753+00:00,scheduler,1,0,675.9,10240.0,43,25.079
2026-06-08T11:17:26.385753+00:00,scheduler,2,8,8837.9,10240.0,51,95.328
2026-06-08T11:17:26.385753+00:00,scheduler,3,0,699.9,10240.0,37,27.935
2026-06-08T11:17:31.386468+00:00,scheduler,0,0,699.9,10240.0,37,23.566
2026-06-08T11:17:31.386468+00:00,scheduler,1,0,675.9,10240.0,43,24.893
2026-06-08T11:17:31.386468+00:00,scheduler,2,0,699.9,10240.0,51,103.699
2026-06-08T11:17:31.386468+00:00,scheduler,3,0,699.9,10240.0,37,27.488
2026-06-08T11:17:36.387407+00:00,scheduler,0,0,699.9,10240.0,36,23.68
2026-06-08T11:17:36.387407+00:00,scheduler,1,0,675.9,10240.0,42,24.892
2026-06-08T11:17:36.387407+00:00,scheduler,2,0,699.9,10240.0,49,93.306
2026-06-08T11:17:36.387407+00:00,scheduler,3,0,699.9,10240.0,36,27.678
2026-06-08T11:17:41.388115+00:00,scheduler,0,0,699.9,10240.0,36,23.531
2026-06-08T11:17:41.388115+00:00,scheduler,1,0,675.9,10240.0,42,25.03
2026-06-08T11:17:41.388115+00:00,scheduler,2,0,699.9,10240.0,48,93.614
2026-06-08T11:17:41.388115+00:00,scheduler,3,0,699.9,10240.0,36,27.529
2026-06-08T11:17:46.388903+00:00,scheduler,0,0,699.9,10240.0,36,23.397
2026-06-08T11:17:46.388903+00:00,scheduler,1,0,675.9,10240.0,42,24.95
2026-06-08T11:17:46.388903+00:00,scheduler,2,0,699.9,10240.0,45,84.435
2026-06-08T11:17:46.388903+00:00,scheduler,3,0,699.9,10240.0,36,27.539
2026-06-08T11:17:51.389610+00:00,scheduler,0,0,699.9,10240.0,35,23.485
2026-06-08T11:17:51.389610+00:00,scheduler,1,0,675.9,10240.0,41,24.903
2026-06-08T11:17:51.389610+00:00,scheduler,2,0,699.9,10240.0,42,20.048
2026-06-08T11:17:51.389610+00:00,scheduler,3,0,699.9,10240.0,35,27.495
2026-06-08T11:17:56.390353+00:00,scheduler,0,0,699.9,10240.0,35,23.447
2026-06-08T11:17:56.390353+00:00,scheduler,1,0,675.9,10240.0,41,25.113
2026-06-08T11:17:56.390353+00:00,scheduler,2,0,699.9,10240.0,41,19.623
2026-06-08T11:17:56.390353+00:00,scheduler,3,0,699.9,10240.0,35,27.579
2026-06-08T11:18:01.390967+00:00,scheduler,0,0,699.9,10240.0,35,23.489
2026-06-08T11:18:01.390967+00:00,scheduler,1,0,675.9,10240.0,41,24.797
2026-06-08T11:18:01.390967+00:00,scheduler,2,0,699.9,10240.0,40,19.373
2026-06-08T11:18:01.390967+00:00,scheduler,3,0,699.9,10240.0,35,27.496
2026-06-08T11:18:06.391693+00:00,scheduler,0,0,699.9,10240.0,35,23.567
2026-06-08T11:18:06.391693+00:00,scheduler,1,0,675.9,10240.0,40,24.893
2026-06-08T11:18:06.391693+00:00,scheduler,2,0,699.9,10240.0,39,19.565
2026-06-08T11:18:06.391693+00:00,scheduler,3,0,699.9,10240.0,35,27.475
2026-06-08T11:18:11.392444+00:00,scheduler,0,0,699.9,10240.0,35,23.381
2026-06-08T11:18:11.392444+00:00,scheduler,1,0,675.9,10240.0,40,24.847
2026-06-08T11:18:11.392444+00:00,scheduler,2,0,699.9,10240.0,38,19.391
2026-06-08T11:18:11.392444+00:00,scheduler,3,0,699.9,10240.0,35,27.582
2026-06-08T11:18:16.393175+00:00,scheduler,0,0,699.9,10240.0,35,23.36
2026-06-08T11:18:16.393175+00:00,scheduler,1,0,675.9,10240.0,40,24.779
2026-06-08T11:18:16.393175+00:00,scheduler,2,0,699.9,10240.0,38,19.263
2026-06-08T11:18:16.393175+00:00,scheduler,3,52,6001.9,10240.0,38,49.359
2026-06-08T11:18:21.393840+00:00,scheduler,0,0,699.9,10240.0,35,23.353
2026-06-08T11:18:21.393840+00:00,scheduler,1,0,675.9,10240.0,40,24.97
2026-06-08T11:18:21.393840+00:00,scheduler,2,0,699.9,10240.0,37,19.235
2026-06-08T11:18:21.393840+00:00,scheduler,3,76,1977.9,10240.0,42,107.828
2026-06-08T11:18:26.394428+00:00,scheduler,0,0,699.9,10240.0,34,23.479
2026-06-08T11:18:26.394428+00:00,scheduler,1,0,675.9,10240.0,40,25.127
2026-06-08T11:18:26.394428+00:00,scheduler,2,0,699.9,10240.0,37,19.449
2026-06-08T11:18:26.394428+00:00,scheduler,3,100,8837.9,10240.0,64,317.502
2026-06-08T11:18:31.395041+00:00,scheduler,0,0,699.9,10240.0,34,23.353
2026-06-08T11:18:31.395041+00:00,scheduler,1,31,8677.9,10240.0,47,100.75
2026-06-08T11:18:31.395041+00:00,scheduler,2,33,4109.9,10240.0,39,30.303
2026-06-08T11:18:31.395041+00:00,scheduler,3,100,8837.9,10240.0,68,318.796
2026-06-08T11:18:36.395764+00:00,scheduler,0,0,699.9,10240.0,34,23.377
2026-06-08T11:18:36.395764+00:00,scheduler,1,9,8697.9,10240.0,49,100.708
2026-06-08T11:18:36.395764+00:00,scheduler,2,10,8721.9,10240.0,44,106.244
2026-06-08T11:18:36.395764+00:00,scheduler,3,100,8837.9,10240.0,69,318.025
2026-06-08T11:18:41.396377+00:00,scheduler,0,0,699.9,10240.0,34,23.44
2026-06-08T11:18:41.396377+00:00,scheduler,1,100,8813.9,10240.0,70,315.172
2026-06-08T11:18:41.396377+00:00,scheduler,2,100,8837.9,10240.0,61,319.779
2026-06-08T11:18:41.396377+00:00,scheduler,3,100,8837.9,10240.0,70,318.52
2026-06-08T11:18:46.396977+00:00,scheduler,0,0,699.9,10240.0,34,23.334
2026-06-08T11:18:46.396977+00:00,scheduler,1,100,8813.9,10240.0,69,274.408
2026-06-08T11:18:46.396977+00:00,scheduler,2,100,8837.9,10240.0,65,318.53
2026-06-08T11:18:46.396977+00:00,scheduler,3,100,8837.9,10240.0,71,318.772
2026-06-08T11:18:51.398928+00:00,scheduler,0,0,699.9,10240.0,34,23.293
2026-06-08T11:18:51.398928+00:00,scheduler,1,100,8813.9,10240.0,69,271.221
2026-06-08T11:18:51.398928+00:00,scheduler,2,100,8837.9,10240.0,65,306.838
2026-06-08T11:18:51.398928+00:00,scheduler,3,100,8837.9,10240.0,72,318.954
2026-06-08T11:18:56.399643+00:00,scheduler,0,0,699.9,10240.0,34,23.258
2026-06-08T11:18:56.399643+00:00,scheduler,1,100,8813.9,10240.0,69,267.807
2026-06-08T11:18:56.399643+00:00,scheduler,2,100,8837.9,10240.0,67,300.205
2026-06-08T11:18:56.399643+00:00,scheduler,3,100,8837.9,10240.0,72,318.994
2026-06-08T11:19:01.400206+00:00,scheduler,0,0,699.9,10240.0,34,23.347
2026-06-08T11:19:01.400206+00:00,scheduler,1,100,8813.9,10240.0,70,265.662
2026-06-08T11:19:01.400206+00:00,scheduler,2,100,8837.9,10240.0,67,288.554
2026-06-08T11:19:01.400206+00:00,scheduler,3,100,8837.9,10240.0,73,319.154
2026-06-08T11:19:06.400823+00:00,scheduler,0,0,699.9,10240.0,34,23.289
2026-06-08T11:19:06.400823+00:00,scheduler,1,100,8813.9,10240.0,70,264.921
2026-06-08T11:19:06.400823+00:00,scheduler,2,100,8837.9,10240.0,67,286.603
2026-06-08T11:19:06.400823+00:00,scheduler,3,9,8837.9,10240.0,55,126.024
2026-06-08T11:19:11.401487+00:00,scheduler,0,0,699.9,10240.0,34,23.254
2026-06-08T11:19:11.401487+00:00,scheduler,1,100,8813.9,10240.0,70,257.335
2026-06-08T11:19:11.401487+00:00,scheduler,2,100,8837.9,10240.0,68,286.521
2026-06-08T11:19:11.401487+00:00,scheduler,3,0,699.9,10240.0,54,142.861
2026-06-08T11:19:16.402149+00:00,scheduler,0,0,699.9,10240.0,34,23.386
2026-06-08T11:19:16.402149+00:00,scheduler,1,100,8813.9,10240.0,70,257.38
2026-06-08T11:19:16.402149+00:00,scheduler,2,100,8837.9,10240.0,68,281.596
2026-06-08T11:19:16.402149+00:00,scheduler,3,0,699.9,10240.0,50,99.343
2026-06-08T11:19:21.402836+00:00,scheduler,0,0,699.9,10240.0,34,23.382
2026-06-08T11:19:21.402836+00:00,scheduler,1,100,8813.9,10240.0,71,260.641
2026-06-08T11:19:21.402836+00:00,scheduler,2,100,8837.9,10240.0,68,278.383
2026-06-08T11:19:21.402836+00:00,scheduler,3,0,699.9,10240.0,49,99.685
2026-06-08T11:19:26.403533+00:00,scheduler,0,0,699.9,10240.0,34,23.293
2026-06-08T11:19:26.403533+00:00,scheduler,1,9,8813.9,10240.0,58,106.983
2026-06-08T11:19:26.403533+00:00,scheduler,2,10,8837.9,10240.0,53,97.599
2026-06-08T11:19:26.403533+00:00,scheduler,3,0,699.9,10240.0,49,99.684
2026-06-08T11:19:31.404249+00:00,scheduler,0,0,699.9,10240.0,34,23.244
2026-06-08T11:19:31.404249+00:00,scheduler,1,0,675.9,10240.0,60,131.595
2026-06-08T11:19:31.404249+00:00,scheduler,2,0,699.9,10240.0,52,106.921
2026-06-08T11:19:31.404249+00:00,scheduler,3,0,699.9,10240.0,43,28.62
2026-06-08T11:19:36.405054+00:00,scheduler,0,0,699.9,10240.0,34,23.253
2026-06-08T11:19:36.405054+00:00,scheduler,1,0,675.9,10240.0,56,104.912
2026-06-08T11:19:36.405054+00:00,scheduler,2,0,699.9,10240.0,50,93.527
2026-06-08T11:19:36.405054+00:00,scheduler,3,0,699.9,10240.0,41,28.029
2026-06-08T11:19:41.405867+00:00,scheduler,0,0,699.9,10240.0,34,23.273
2026-06-08T11:19:41.405867+00:00,scheduler,1,0,675.9,10240.0,56,104.445
2026-06-08T11:19:41.405867+00:00,scheduler,2,0,699.9,10240.0,49,92.876
2026-06-08T11:19:41.405867+00:00,scheduler,3,0,699.9,10240.0,40,27.974
2026-06-08T11:19:46.406593+00:00,scheduler,0,0,699.9,10240.0,33,23.269
2026-06-08T11:19:46.406593+00:00,scheduler,1,0,675.9,10240.0,55,104.181
2026-06-08T11:19:46.406593+00:00,scheduler,2,0,699.9,10240.0,45,62.273
2026-06-08T11:19:46.406593+00:00,scheduler,3,0,699.9,10240.0,39,27.899
2026-06-08T11:19:51.407260+00:00,scheduler,0,0,699.9,10240.0,33,23.299
2026-06-08T11:19:51.407260+00:00,scheduler,1,0,675.9,10240.0,48,25.42
2026-06-08T11:19:51.407260+00:00,scheduler,2,0,699.9,10240.0,42,20.003
2026-06-08T11:19:51.407260+00:00,scheduler,3,0,699.9,10240.0,39,27.582
2026-06-08T11:19:56.407950+00:00,scheduler,0,0,699.9,10240.0,33,23.251
2026-06-08T11:19:56.407950+00:00,scheduler,1,0,675.9,10240.0,46,25.183
2026-06-08T11:19:56.407950+00:00,scheduler,2,0,699.9,10240.0,41,19.642
2026-06-08T11:19:56.407950+00:00,scheduler,3,0,699.9,10240.0,38,27.551
2026-06-08T11:20:01.408667+00:00,scheduler,0,0,699.9,10240.0,33,22.931
2026-06-08T11:20:01.408667+00:00,scheduler,1,0,675.9,10240.0,45,25.144
2026-06-08T11:20:01.408667+00:00,scheduler,2,0,699.9,10240.0,40,19.484
2026-06-08T11:20:01.408667+00:00,scheduler,3,0,699.9,10240.0,37,27.575
2026-06-08T11:20:06.409292+00:00,scheduler,0,11,8721.9,10240.0,40,110.325
2026-06-08T11:20:06.409292+00:00,scheduler,1,0,675.9,10240.0,44,24.99
2026-06-08T11:20:06.409292+00:00,scheduler,2,0,699.9,10240.0,39,19.449
2026-06-08T11:20:06.409292+00:00,scheduler,3,0,699.9,10240.0,37,27.305
2026-06-08T11:20:11.410075+00:00,scheduler,0,100,8837.9,10240.0,52,317.809
2026-06-08T11:20:11.410075+00:00,scheduler,1,0,675.9,10240.0,44,25.2
2026-06-08T11:20:11.410075+00:00,scheduler,2,0,699.9,10240.0,38,19.564
2026-06-08T11:20:11.410075+00:00,scheduler,3,0,699.9,10240.0,36,27.605
2026-06-08T11:20:16.410969+00:00,scheduler,0,100,8837.9,10240.0,54,319.259
2026-06-08T11:20:16.410969+00:00,scheduler,1,0,675.9,10240.0,43,25.635
2026-06-08T11:20:16.410969+00:00,scheduler,2,0,699.9,10240.0,38,19.652
2026-06-08T11:20:16.410969+00:00,scheduler,3,0,699.9,10240.0,36,27.498
2026-06-08T11:20:21.411650+00:00,scheduler,0,100,8837.9,10240.0,55,317.942
2026-06-08T11:20:21.411650+00:00,scheduler,1,0,675.9,10240.0,42,25.351
2026-06-08T11:20:21.411650+00:00,scheduler,2,0,699.9,10240.0,38,19.599
2026-06-08T11:20:21.411650+00:00,scheduler,3,0,699.9,10240.0,36,27.443
2026-06-08T11:20:26.412350+00:00,scheduler,0,100,8837.9,10240.0,56,318.158
2026-06-08T11:20:26.412350+00:00,scheduler,1,0,675.9,10240.0,42,25.314
2026-06-08T11:20:26.412350+00:00,scheduler,2,0,699.9,10240.0,37,19.451
2026-06-08T11:20:26.412350+00:00,scheduler,3,0,699.9,10240.0,35,27.452
2026-06-08T11:20:31.413082+00:00,scheduler,0,100,8837.9,10240.0,57,318.297
2026-06-08T11:20:31.413082+00:00,scheduler,1,0,675.9,10240.0,42,25.402
2026-06-08T11:20:31.413082+00:00,scheduler,2,0,699.9,10240.0,37,19.473
2026-06-08T11:20:31.413082+00:00,scheduler,3,0,699.9,10240.0,35,27.588
2026-06-08T11:20:36.413754+00:00,scheduler,0,100,8837.9,10240.0,58,318.931
2026-06-08T11:20:36.413754+00:00,scheduler,1,0,675.9,10240.0,41,25.118
2026-06-08T11:20:36.413754+00:00,scheduler,2,0,699.9,10240.0,36,19.218
2026-06-08T11:20:36.413754+00:00,scheduler,3,0,699.9,10240.0,35,27.452
2026-06-08T11:20:41.414370+00:00,scheduler,0,100,8837.9,10240.0,59,318.767
2026-06-08T11:20:41.414370+00:00,scheduler,1,0,675.9,10240.0,41,25.189
2026-06-08T11:20:41.414370+00:00,scheduler,2,0,699.9,10240.0,36,19.327
2026-06-08T11:20:41.414370+00:00,scheduler,3,0,699.9,10240.0,35,27.453
2026-06-08T11:20:46.414992+00:00,scheduler,0,100,8837.9,10240.0,60,319.354
2026-06-08T11:20:46.414992+00:00,scheduler,1,0,675.9,10240.0,41,25.264
2026-06-08T11:20:46.414992+00:00,scheduler,2,0,699.9,10240.0,36,19.327
2026-06-08T11:20:46.414992+00:00,scheduler,3,39,7853.9,10240.0,40,97.176
2026-06-08T11:20:51.415632+00:00,scheduler,0,9,8837.9,10240.0,52,118.254
2026-06-08T11:20:51.415632+00:00,scheduler,1,44,7297.9,10240.0,49,72.638
2026-06-08T11:20:51.415632+00:00,scheduler,2,0,699.9,10240.0,36,19.368
2026-06-08T11:20:51.415632+00:00,scheduler,3,31,3903.9,10240.0,43,110.931
2026-06-08T11:20:56.416266+00:00,scheduler,0,9,785.9,10240.0,49,97.221
2026-06-08T11:20:56.416266+00:00,scheduler,1,9,8697.9,10240.0,50,101.705
2026-06-08T11:20:56.416266+00:00,scheduler,2,0,699.9,10240.0,36,19.324
2026-06-08T11:20:56.416266+00:00,scheduler,3,100,8837.9,10240.0,65,318.555
2026-06-08T11:21:01.416859+00:00,scheduler,0,0,699.9,10240.0,48,99.476
2026-06-08T11:21:01.416859+00:00,scheduler,1,100,8813.9,10240.0,69,294.538
2026-06-08T11:21:01.416859+00:00,scheduler,2,0,699.9,10240.0,35,19.257
2026-06-08T11:21:01.416859+00:00,scheduler,3,100,8837.9,10240.0,68,318.219
2026-06-08T11:21:06.417593+00:00,scheduler,0,0,699.9,10240.0,47,96.99
2026-06-08T11:21:06.417593+00:00,scheduler,1,100,8813.9,10240.0,69,272.594
2026-06-08T11:21:06.417593+00:00,scheduler,2,0,699.9,10240.0,35,19.33
2026-06-08T11:21:06.417593+00:00,scheduler,3,100,8837.9,10240.0,69,318.551
2026-06-08T11:21:11.418229+00:00,scheduler,0,0,699.9,10240.0,47,96.639
2026-06-08T11:21:11.418229+00:00,scheduler,1,100,8813.9,10240.0,69,267.455
2026-06-08T11:21:11.418229+00:00,scheduler,2,0,699.9,10240.0,35,19.252
2026-06-08T11:21:11.418229+00:00,scheduler,3,100,8837.9,10240.0,70,318.519
2026-06-08T11:21:16.418936+00:00,scheduler,0,0,699.9,10240.0,43,35.65
2026-06-08T11:21:16.418936+00:00,scheduler,1,100,8813.9,10240.0,70,268.19
2026-06-08T11:21:16.418936+00:00,scheduler,2,0,699.9,10240.0,35,19.222
2026-06-08T11:21:16.418936+00:00,scheduler,3,100,8837.9,10240.0,71,318.306
2026-06-08T11:21:21.419600+00:00,scheduler,0,0,699.9,10240.0,41,23.914
2026-06-08T11:21:21.419600+00:00,scheduler,1,100,8813.9,10240.0,70,263.035
2026-06-08T11:21:21.419600+00:00,scheduler,2,0,699.9,10240.0,35,19.228
2026-06-08T11:21:21.419600+00:00,scheduler,3,100,8837.9,10240.0,71,318.304
2026-06-08T11:21:26.420225+00:00,scheduler,0,0,699.9,10240.0,40,23.695
2026-06-08T11:21:26.420225+00:00,scheduler,1,100,8813.9,10240.0,71,259.828
2026-06-08T11:21:26.420225+00:00,scheduler,2,0,699.9,10240.0,35,19.345
2026-06-08T11:21:26.420225+00:00,scheduler,3,100,8837.9,10240.0,72,318.549
2026-06-08T11:21:31.420825+00:00,scheduler,0,0,699.9,10240.0,39,23.572
2026-06-08T11:21:31.420825+00:00,scheduler,1,100,8813.9,10240.0,71,258.52
2026-06-08T11:21:31.420825+00:00,scheduler,2,0,699.9,10240.0,35,19.124
2026-06-08T11:21:31.420825+00:00,scheduler,3,100,8837.9,10240.0,72,318.274
2026-06-08T11:21:36.421591+00:00,scheduler,0,0,699.9,10240.0,39,23.445
2026-06-08T11:21:36.421591+00:00,scheduler,1,100,8813.9,10240.0,71,258.626
2026-06-08T11:21:36.421591+00:00,scheduler,2,0,699.9,10240.0,34,19.11
2026-06-08T11:21:36.421591+00:00,scheduler,3,10,8837.9,10240.0,54,115.947
2026-06-08T11:21:41.422225+00:00,scheduler,0,0,699.9,10240.0,38,23.586
2026-06-08T11:21:41.422225+00:00,scheduler,1,100,8813.9,10240.0,71,259.694
2026-06-08T11:21:41.422225+00:00,scheduler,2,0,699.9,10240.0,34,19.146
2026-06-08T11:21:41.422225+00:00,scheduler,3,0,699.9,10240.0,53,126.89
2026-06-08T11:21:46.422861+00:00,scheduler,0,0,699.9,10240.0,38,23.397
2026-06-08T11:21:46.422861+00:00,scheduler,1,10,8813.9,10240.0,58,106.441
2026-06-08T11:21:46.422861+00:00,scheduler,2,0,699.9,10240.0,34,18.707
2026-06-08T11:21:46.422861+00:00,scheduler,3,0,699.9,10240.0,50,99.747
2026-06-08T11:21:51.423462+00:00,scheduler,0,0,699.9,10240.0,37,23.483
2026-06-08T11:21:51.423462+00:00,scheduler,1,0,675.9,10240.0,58,117.827
2026-06-08T11:21:51.423462+00:00,scheduler,2,0,699.9,10240.0,34,18.851
2026-06-08T11:21:51.423462+00:00,scheduler,3,0,699.9,10240.0,49,99.344
2026-06-08T11:21:56.424110+00:00,scheduler,0,0,699.9,10240.0,37,23.412
2026-06-08T11:21:56.424110+00:00,scheduler,1,0,675.9,10240.0,56,104.468
2026-06-08T11:21:56.424110+00:00,scheduler,2,0,699.9,10240.0,34,18.856
2026-06-08T11:21:56.424110+00:00,scheduler,3,0,699.9,10240.0,49,100.011
2026-06-08T11:22:01.424784+00:00,scheduler,0,0,699.9,10240.0,36,23.276
2026-06-08T11:22:01.424784+00:00,scheduler,1,0,675.9,10240.0,56,104.217
2026-06-08T11:22:01.424784+00:00,scheduler,2,0,699.9,10240.0,34,18.691
2026-06-08T11:22:01.424784+00:00,scheduler,3,0,699.9,10240.0,42,28.016
2026-06-08T11:22:06.425550+00:00,scheduler,0,0,699.9,10240.0,36,23.283
2026-06-08T11:22:06.425550+00:00,scheduler,1,0,675.9,10240.0,53,92.712
2026-06-08T11:22:06.425550+00:00,scheduler,2,0,699.9,10240.0,34,18.707
2026-06-08T11:22:06.425550+00:00,scheduler,3,0,699.9,10240.0,41,27.923
2026-06-08T11:22:11.426293+00:00,scheduler,0,0,699.9,10240.0,36,23.215
2026-06-08T11:22:11.426293+00:00,scheduler,1,0,675.9,10240.0,47,25.185
2026-06-08T11:22:11.426293+00:00,scheduler,2,0,699.9,10240.0,34,18.463
2026-06-08T11:22:11.426293+00:00,scheduler,3,0,699.9,10240.0,40,27.884
2026-06-08T11:22:16.426950+00:00,scheduler,0,33,8721.9,10240.0,45,172.216
2026-06-08T11:22:16.426950+00:00,scheduler,1,0,675.9,10240.0,46,25.182
2026-06-08T11:22:16.426950+00:00,scheduler,2,0,699.9,10240.0,34,18.631
2026-06-08T11:22:16.426950+00:00,scheduler,3,0,699.9,10240.0,39,27.603
2026-06-08T11:22:21.427475+00:00,scheduler,0,46,8835.9,10240.0,42,112.93
2026-06-08T11:22:21.427475+00:00,scheduler,1,0,675.9,10240.0,45,24.833
2026-06-08T11:22:21.427475+00:00,scheduler,2,0,699.9,10240.0,34,18.674
2026-06-08T11:22:21.427475+00:00,scheduler,3,0,699.9,10240.0,38,27.473
2026-06-08T11:22:26.428091+00:00,scheduler,0,100,8837.9,10240.0,55,319.131
2026-06-08T11:22:26.428091+00:00,scheduler,1,0,675.9,10240.0,44,25.657
2026-06-08T11:22:26.428091+00:00,scheduler,2,0,699.9,10240.0,34,19.108
2026-06-08T11:22:26.428091+00:00,scheduler,3,0,699.9,10240.0,38,27.663
2026-06-08T11:22:31.428816+00:00,scheduler,0,100,8837.9,10240.0,56,318.924
2026-06-08T11:22:31.428816+00:00,scheduler,1,0,675.9,10240.0,44,25.438
2026-06-08T11:22:31.428816+00:00,scheduler,2,0,699.9,10240.0,34,19.26
2026-06-08T11:22:31.428816+00:00,scheduler,3,0,699.9,10240.0,37,27.592
2026-06-08T11:22:36.429639+00:00,scheduler,0,100,8837.9,10240.0,57,318.635
2026-06-08T11:22:36.429639+00:00,scheduler,1,0,675.9,10240.0,43,25.208
2026-06-08T11:22:36.429639+00:00,scheduler,2,0,699.9,10240.0,34,19.186
2026-06-08T11:22:36.429639+00:00,scheduler,3,0,699.9,10240.0,37,27.586
2026-06-08T11:22:41.430320+00:00,scheduler,0,100,8837.9,10240.0,58,319.179
2026-06-08T11:22:41.430320+00:00,scheduler,1,0,675.9,10240.0,43,25.267
2026-06-08T11:22:41.430320+00:00,scheduler,2,0,699.9,10240.0,34,19.228
2026-06-08T11:22:41.430320+00:00,scheduler,3,0,699.9,10240.0,36,27.687
2026-06-08T11:22:46.430920+00:00,scheduler,0,100,8837.9,10240.0,59,318.994
2026-06-08T11:22:46.430920+00:00,scheduler,1,0,675.9,10240.0,42,25.285
2026-06-08T11:22:46.430920+00:00,scheduler,2,0,699.9,10240.0,34,19.003
2026-06-08T11:22:46.430920+00:00,scheduler,3,0,699.9,10240.0,36,27.513
2026-06-08T11:22:51.431658+00:00,scheduler,0,100,8837.9,10240.0,60,318.963
2026-06-08T11:22:51.431658+00:00,scheduler,1,0,675.9,10240.0,42,25.141
2026-06-08T11:22:51.431658+00:00,scheduler,2,0,699.9,10240.0,34,19.148
2026-06-08T11:22:51.431658+00:00,scheduler,3,0,699.9,10240.0,36,27.551
2026-06-08T11:22:56.432319+00:00,scheduler,0,100,8837.9,10240.0,60,318.896
2026-06-08T11:22:56.432319+00:00,scheduler,1,0,675.9,10240.0,42,25.076
2026-06-08T11:22:56.432319+00:00,scheduler,2,0,699.9,10240.0,34,19.077
2026-06-08T11:22:56.432319+00:00,scheduler,3,0,699.9,10240.0,36,27.543
2026-06-08T11:23:01.432957+00:00,scheduler,0,100,8837.9,10240.0,61,318.394
2026-06-08T11:23:01.432957+00:00,scheduler,1,0,675.9,10240.0,41,25.233
2026-06-08T11:23:01.432957+00:00,scheduler,2,0,699.9,10240.0,34,19.003
2026-06-08T11:23:01.432957+00:00,scheduler,3,0,699.9,10240.0,35,27.481
2026-06-08T11:23:06.433630+00:00,scheduler,0,9,8837.9,10240.0,50,98.311
2026-06-08T11:23:06.433630+00:00,scheduler,1,0,675.9,10240.0,41,24.836
2026-06-08T11:23:06.433630+00:00,scheduler,2,0,699.9,10240.0,34,18.758
2026-06-08T11:23:06.433630+00:00,scheduler,3,0,699.9,10240.0,35,27.446
2026-06-08T11:23:11.434288+00:00,scheduler,0,0,699.9,10240.0,49,105.408
2026-06-08T11:23:11.434288+00:00,scheduler,1,0,675.9,10240.0,41,24.851
2026-06-08T11:23:11.434288+00:00,scheduler,2,0,699.9,10240.0,34,18.705
2026-06-08T11:23:11.434288+00:00,scheduler,3,0,699.9,10240.0,35,27.425
2026-06-08T11:23:16.435037+00:00,scheduler,0,0,699.9,10240.0,48,98.049
2026-06-08T11:23:16.435037+00:00,scheduler,1,0,675.9,10240.0,40,24.807
2026-06-08T11:23:16.435037+00:00,scheduler,2,0,699.9,10240.0,34,18.567
2026-06-08T11:23:16.435037+00:00,scheduler,3,0,699.9,10240.0,35,27.342
2026-06-08T11:23:21.435928+00:00,scheduler,0,0,699.9,10240.0,48,97.602
2026-06-08T11:23:21.435928+00:00,scheduler,1,0,675.9,10240.0,40,24.785
2026-06-08T11:23:21.435928+00:00,scheduler,2,0,699.9,10240.0,34,18.774
2026-06-08T11:23:21.435928+00:00,scheduler,3,0,699.9,10240.0,35,27.377
2026-06-08T11:23:26.436700+00:00,scheduler,0,0,699.9,10240.0,43,55.415
2026-06-08T11:23:26.436700+00:00,scheduler,1,0,675.9,10240.0,40,24.836
2026-06-08T11:23:26.436700+00:00,scheduler,2,0,699.9,10240.0,34,18.768
2026-06-08T11:23:26.436700+00:00,scheduler,3,0,699.9,10240.0,35,27.385
2026-06-08T11:23:31.437410+00:00,scheduler,0,0,699.9,10240.0,42,23.898
2026-06-08T11:23:31.437410+00:00,scheduler,1,0,675.9,10240.0,40,24.881
2026-06-08T11:23:31.437410+00:00,scheduler,2,0,699.9,10240.0,34,18.707
2026-06-08T11:23:31.437410+00:00,scheduler,3,0,699.9,10240.0,34,27.305
2026-06-08T11:23:36.438196+00:00,scheduler,0,0,699.9,10240.0,41,23.754
2026-06-08T11:23:36.438196+00:00,scheduler,1,0,675.9,10240.0,40,24.831
2026-06-08T11:23:36.438196+00:00,scheduler,2,0,699.9,10240.0,34,18.749
2026-06-08T11:23:36.438196+00:00,scheduler,3,0,699.9,10240.0,34,27.257
2026-06-08T11:23:41.438776+00:00,scheduler,0,0,699.9,10240.0,40,23.555
2026-06-08T11:23:41.438776+00:00,scheduler,1,0,675.9,10240.0,39,24.726
2026-06-08T11:23:41.438776+00:00,scheduler,2,0,699.9,10240.0,33,18.826
2026-06-08T11:23:41.438776+00:00,scheduler,3,0,699.9,10240.0,34,27.212
2026-06-08T11:23:46.439465+00:00,scheduler,0,0,699.9,10240.0,39,23.617
2026-06-08T11:23:46.439465+00:00,scheduler,1,0,675.9,10240.0,39,24.775
2026-06-08T11:23:46.439465+00:00,scheduler,2,0,699.9,10240.0,34,18.83
2026-06-08T11:23:46.439465+00:00,scheduler,3,0,699.9,10240.0,34,27.145
2026-06-08T11:23:51.440171+00:00,scheduler,0,0,699.9,10240.0,39,23.394
2026-06-08T11:23:51.440171+00:00,scheduler,1,0,675.9,10240.0,39,24.777
2026-06-08T11:23:51.440171+00:00,scheduler,2,0,699.9,10240.0,33,18.725
2026-06-08T11:23:51.440171+00:00,scheduler,3,0,699.9,10240.0,34,27.032
2026-06-08T11:23:56.442427+00:00,scheduler,0,0,699.9,10240.0,38,23.416
2026-06-08T11:23:56.442427+00:00,scheduler,1,0,675.9,10240.0,39,24.701
2026-06-08T11:23:56.442427+00:00,scheduler,2,0,699.9,10240.0,34,18.846
2026-06-08T11:23:56.442427+00:00,scheduler,3,0,699.9,10240.0,34,27.023
2026-06-08T11:24:01.442986+00:00,scheduler,0,0,699.9,10240.0,38,23.328
2026-06-08T11:24:01.442986+00:00,scheduler,1,0,675.9,10240.0,39,24.747
2026-06-08T11:24:01.442986+00:00,scheduler,2,0,699.9,10240.0,33,18.652
2026-06-08T11:24:01.442986+00:00,scheduler,3,0,699.9,10240.0,34,27.156
2026-06-08T11:24:06.443536+00:00,scheduler,0,0,699.9,10240.0,37,23.183
2026-06-08T11:24:06.443536+00:00,scheduler,1,0,675.9,10240.0,39,24.876
2026-06-08T11:24:06.443536+00:00,scheduler,2,0,699.9,10240.0,33,18.758
2026-06-08T11:24:06.443536+00:00,scheduler,3,0,699.9,10240.0,34,27.173
2026-06-08T11:24:11.444310+00:00,scheduler,0,0,699.9,10240.0,37,23.39
2026-06-08T11:24:11.444310+00:00,scheduler,1,0,675.9,10240.0,39,24.686
2026-06-08T11:24:11.444310+00:00,scheduler,2,0,699.9,10240.0,33,18.723
2026-06-08T11:24:11.444310+00:00,scheduler,3,0,699.9,10240.0,34,27.09
2026-06-08T11:24:16.445095+00:00,scheduler,0,0,699.9,10240.0,36,23.431
2026-06-08T11:24:16.445095+00:00,scheduler,1,0,675.9,10240.0,39,24.725
2026-06-08T11:24:16.445095+00:00,scheduler,2,0,699.9,10240.0,33,18.725
2026-06-08T11:24:16.445095+00:00,scheduler,3,0,699.9,10240.0,34,27.228
2026-06-08T11:24:21.445906+00:00,scheduler,0,94,8721.9,10240.0,44,130.051
2026-06-08T11:24:21.445906+00:00,scheduler,1,0,675.9,10240.0,39,24.685
2026-06-08T11:24:21.445906+00:00,scheduler,2,0,699.9,10240.0,33,18.721
2026-06-08T11:24:21.445906+00:00,scheduler,3,0,699.9,10240.0,34,27.054
2026-06-08T11:24:26.446660+00:00,scheduler,0,31,6639.9,10240.0,42,111.507
2026-06-08T11:24:26.446660+00:00,scheduler,1,0,675.9,10240.0,38,24.88
2026-06-08T11:24:26.446660+00:00,scheduler,2,0,699.9,10240.0,33,18.806
2026-06-08T11:24:26.446660+00:00,scheduler,3,0,699.9,10240.0,34,27.101
2026-06-08T11:24:31.447232+00:00,scheduler,0,100,8837.9,10240.0,55,318.362
2026-06-08T11:24:31.447232+00:00,scheduler,1,0,675.9,10240.0,38,24.885
2026-06-08T11:24:31.447232+00:00,scheduler,2,0,699.9,10240.0,33,19.204
2026-06-08T11:24:31.447232+00:00,scheduler,3,0,699.9,10240.0,34,27.182
2026-06-08T11:24:36.448038+00:00,scheduler,0,100,8837.9,10240.0,56,319.215
2026-06-08T11:24:36.448038+00:00,scheduler,1,0,675.9,10240.0,38,24.772
2026-06-08T11:24:36.448038+00:00,scheduler,2,0,699.9,10240.0,33,19.166
2026-06-08T11:24:36.448038+00:00,scheduler,3,0,699.9,10240.0,34,27.162
2026-06-08T11:24:41.448765+00:00,scheduler,0,100,8837.9,10240.0,57,319.605
2026-06-08T11:24:41.448765+00:00,scheduler,1,0,675.9,10240.0,38,24.965
2026-06-08T11:24:41.448765+00:00,scheduler,2,0,699.9,10240.0,33,19.077
2026-06-08T11:24:41.448765+00:00,scheduler,3,0,699.9,10240.0,34,27.136
2026-06-08T11:24:46.449510+00:00,scheduler,0,100,8837.9,10240.0,58,318.759
2026-06-08T11:24:46.449510+00:00,scheduler,1,0,675.9,10240.0,38,24.844
2026-06-08T11:24:46.449510+00:00,scheduler,2,0,699.9,10240.0,33,18.996
2026-06-08T11:24:46.449510+00:00,scheduler,3,0,699.9,10240.0,34,27.21
2026-06-08T11:24:51.450252+00:00,scheduler,0,100,8837.9,10240.0,59,319.0
2026-06-08T11:24:51.450252+00:00,scheduler,1,0,675.9,10240.0,38,24.798
2026-06-08T11:24:51.450252+00:00,scheduler,2,0,699.9,10240.0,33,19.12
2026-06-08T11:24:51.450252+00:00,scheduler,3,0,699.9,10240.0,34,27.196
2026-06-08T11:24:56.452307+00:00,scheduler,0,100,8837.9,10240.0,60,318.872
2026-06-08T11:24:56.452307+00:00,scheduler,1,0,675.9,10240.0,38,24.929
2026-06-08T11:24:56.452307+00:00,scheduler,2,0,699.9,10240.0,33,19.047
2026-06-08T11:24:56.452307+00:00,scheduler,3,0,699.9,10240.0,34,27.285
2026-06-08T11:25:01.454161+00:00,scheduler,0,100,8837.9,10240.0,61,318.733
2026-06-08T11:25:01.454161+00:00,scheduler,1,0,675.9,10240.0,38,24.979
2026-06-08T11:25:01.454161+00:00,scheduler,2,0,699.9,10240.0,33,18.953
2026-06-08T11:25:01.454161+00:00,scheduler,3,0,699.9,10240.0,33,27.173
2026-06-08T11:25:06.454897+00:00,scheduler,0,100,8837.9,10240.0,61,318.607
2026-06-08T11:25:06.454897+00:00,scheduler,1,0,675.9,10240.0,38,24.847
2026-06-08T11:25:06.454897+00:00,scheduler,2,0,699.9,10240.0,33,19.11
2026-06-08T11:25:06.454897+00:00,scheduler,3,0,699.9,10240.0,33,27.182
2026-06-08T11:25:11.455724+00:00,scheduler,0,9,8837.9,10240.0,51,98.18
2026-06-08T11:25:11.455724+00:00,scheduler,1,0,675.9,10240.0,38,24.662
2026-06-08T11:25:11.455724+00:00,scheduler,2,0,699.9,10240.0,33,18.763
2026-06-08T11:25:11.455724+00:00,scheduler,3,0,699.9,10240.0,33,27.243
2026-06-08T11:25:16.456590+00:00,scheduler,0,0,699.9,10240.0,51,116.02
2026-06-08T11:25:16.456590+00:00,scheduler,1,0,675.9,10240.0,38,24.767
2026-06-08T11:25:16.456590+00:00,scheduler,2,0,699.9,10240.0,33,18.616
2026-06-08T11:25:16.456590+00:00,scheduler,3,0,699.9,10240.0,33,27.061
2026-06-08T11:25:21.457307+00:00,scheduler,0,0,699.9,10240.0,48,96.768
2026-06-08T11:25:21.457307+00:00,scheduler,1,0,675.9,10240.0,38,24.658
2026-06-08T11:25:21.457307+00:00,scheduler,2,0,699.9,10240.0,33,18.785
2026-06-08T11:25:21.457307+00:00,scheduler,3,0,699.9,10240.0,33,27.346
2026-06-08T11:25:26.458268+00:00,scheduler,0,0,699.9,10240.0,48,97.444
2026-06-08T11:25:26.458268+00:00,scheduler,1,0,675.9,10240.0,38,24.625
2026-06-08T11:25:26.458268+00:00,scheduler,2,0,699.9,10240.0,33,18.673
2026-06-08T11:25:26.458268+00:00,scheduler,3,0,699.9,10240.0,33,27.132
2026-06-08T11:25:31.459056+00:00,scheduler,0,0,699.9,10240.0,47,97.015
2026-06-08T11:25:31.459056+00:00,scheduler,1,0,675.9,10240.0,38,24.79
2026-06-08T11:25:31.459056+00:00,scheduler,2,39,8721.9,10240.0,40,109.341
2026-06-08T11:25:31.459056+00:00,scheduler,3,0,699.9,10240.0,33,27.187
2026-06-08T11:25:36.459780+00:00,scheduler,0,0,699.9,10240.0,42,23.839
2026-06-08T11:25:36.459780+00:00,scheduler,1,0,675.9,10240.0,37,24.681
2026-06-08T11:25:36.459780+00:00,scheduler,2,10,8721.9,10240.0,40,90.908
2026-06-08T11:25:36.459780+00:00,scheduler,3,0,699.9,10240.0,33,27.079
2026-06-08T11:25:41.460454+00:00,scheduler,0,0,699.9,10240.0,41,23.618
2026-06-08T11:25:41.460454+00:00,scheduler,1,0,675.9,10240.0,37,24.96
2026-06-08T11:25:41.460454+00:00,scheduler,2,100,8837.9,10240.0,59,318.569
2026-06-08T11:25:41.460454+00:00,scheduler,3,0,699.9,10240.0,33,27.288
2026-06-08T11:25:46.462705+00:00,scheduler,0,0,699.9,10240.0,40,23.684
2026-06-08T11:25:46.462705+00:00,scheduler,1,0,675.9,10240.0,37,24.891
2026-06-08T11:25:46.462705+00:00,scheduler,2,100,8837.9,10240.0,63,319.528
2026-06-08T11:25:46.462705+00:00,scheduler,3,0,699.9,10240.0,33,27.28
2026-06-08T11:25:51.463317+00:00,scheduler,0,0,699.9,10240.0,39,23.58
2026-06-08T11:25:51.463317+00:00,scheduler,1,0,675.9,10240.0,37,25.066
2026-06-08T11:25:51.463317+00:00,scheduler,2,100,8837.9,10240.0,64,314.98
2026-06-08T11:25:51.463317+00:00,scheduler,3,0,699.9,10240.0,33,27.306
2026-06-08T11:25:56.464006+00:00,scheduler,0,0,699.9,10240.0,39,23.433
2026-06-08T11:25:56.464006+00:00,scheduler,1,0,675.9,10240.0,37,24.893
2026-06-08T11:25:56.464006+00:00,scheduler,2,100,8837.9,10240.0,65,308.714
2026-06-08T11:25:56.464006+00:00,scheduler,3,0,699.9,10240.0,33,27.333
2026-06-08T11:26:01.464736+00:00,scheduler,0,0,699.9,10240.0,38,23.45
2026-06-08T11:26:01.464736+00:00,scheduler,1,0,675.9,10240.0,37,24.858
2026-06-08T11:26:01.464736+00:00,scheduler,2,100,8837.9,10240.0,65,297.322
2026-06-08T11:26:01.464736+00:00,scheduler,3,0,699.9,10240.0,33,27.318
2026-06-08T11:26:06.465429+00:00,scheduler,0,0,699.9,10240.0,37,23.312
2026-06-08T11:26:06.465429+00:00,scheduler,1,0,675.9,10240.0,37,24.886
2026-06-08T11:26:06.465429+00:00,scheduler,2,100,8837.9,10240.0,66,292.354
2026-06-08T11:26:06.465429+00:00,scheduler,3,0,699.9,10240.0,33,27.267
2026-06-08T11:26:11.467623+00:00,scheduler,0,0,699.9,10240.0,37,23.336
2026-06-08T11:26:11.467623+00:00,scheduler,1,0,675.9,10240.0,37,24.872
2026-06-08T11:26:11.467623+00:00,scheduler,2,100,8837.9,10240.0,67,286.234
2026-06-08T11:26:11.467623+00:00,scheduler,3,0,699.9,10240.0,33,27.389
2026-06-08T11:26:16.469457+00:00,scheduler,0,0,699.9,10240.0,37,23.285
2026-06-08T11:26:16.469457+00:00,scheduler,1,0,675.9,10240.0,37,24.891
2026-06-08T11:26:16.469457+00:00,scheduler,2,100,8837.9,10240.0,67,281.824
2026-06-08T11:26:16.469457+00:00,scheduler,3,0,699.9,10240.0,33,27.313
2026-06-08T11:26:21.471969+00:00,scheduler,0,0,699.9,10240.0,36,23.414
2026-06-08T11:26:21.471969+00:00,scheduler,1,0,675.9,10240.0,37,24.753
2026-06-08T11:26:21.471969+00:00,scheduler,2,13,8837.9,10240.0,61,234.978
2026-06-08T11:26:21.471969+00:00,scheduler,3,0,699.9,10240.0,33,27.371
2026-06-08T11:26:26.475393+00:00,scheduler,0,0,699.9,10240.0,36,23.253
2026-06-08T11:26:26.475393+00:00,scheduler,1,0,675.9,10240.0,37,24.702
2026-06-08T11:26:26.475393+00:00,scheduler,2,9,8837.9,10240.0,52,95.977
2026-06-08T11:26:26.475393+00:00,scheduler,3,0,699.9,10240.0,33,27.267
2026-06-08T11:26:31.475938+00:00,scheduler,0,0,699.9,10240.0,36,23.196
2026-06-08T11:26:31.475938+00:00,scheduler,1,0,675.9,10240.0,37,24.59
2026-06-08T11:26:31.475938+00:00,scheduler,2,0,699.9,10240.0,51,104.228
2026-06-08T11:26:31.475938+00:00,scheduler,3,0,699.9,10240.0,33,27.359
2026-06-08T11:26:36.476541+00:00,scheduler,0,0,699.9,10240.0,36,23.298
2026-06-08T11:26:36.476541+00:00,scheduler,1,0,675.9,10240.0,37,24.595
2026-06-08T11:26:36.476541+00:00,scheduler,2,0,699.9,10240.0,49,93.662
2026-06-08T11:26:36.476541+00:00,scheduler,3,0,699.9,10240.0,33,27.106
2026-06-08T11:26:41.478582+00:00,scheduler,0,0,699.9,10240.0,35,23.167
2026-06-08T11:26:41.478582+00:00,scheduler,1,0,675.9,10240.0,37,24.703
2026-06-08T11:26:41.478582+00:00,scheduler,2,0,699.9,10240.0,49,92.991
2026-06-08T11:26:41.478582+00:00,scheduler,3,0,699.9,10240.0,33,27.354
2026-06-08T11:26:46.479351+00:00,scheduler,0,0,699.9,10240.0,35,23.047
2026-06-08T11:26:46.479351+00:00,scheduler,1,0,675.9,10240.0,37,24.621
2026-06-08T11:26:46.479351+00:00,scheduler,2,0,699.9,10240.0,44,57.102
2026-06-08T11:26:46.479351+00:00,scheduler,3,0,699.9,10240.0,33,27.258
2026-06-08T11:26:51.480000+00:00,scheduler,0,0,699.9,10240.0,35,23.079
2026-06-08T11:26:51.480000+00:00,scheduler,1,0,675.9,10240.0,37,24.628
2026-06-08T11:26:51.480000+00:00,scheduler,2,0,699.9,10240.0,42,19.964
2026-06-08T11:26:51.480000+00:00,scheduler,3,0,699.9,10240.0,33,27.117
2026-06-08T11:26:56.480679+00:00,scheduler,0,0,699.9,10240.0,35,23.342
2026-06-08T11:26:56.480679+00:00,scheduler,1,0,675.9,10240.0,37,24.758
2026-06-08T11:26:56.480679+00:00,scheduler,2,0,699.9,10240.0,41,19.824
2026-06-08T11:26:56.480679+00:00,scheduler,3,0,699.9,10240.0,33,27.027
2026-06-08T11:27:01.481278+00:00,scheduler,0,0,699.9,10240.0,35,23.187
2026-06-08T11:27:01.481278+00:00,scheduler,1,0,675.9,10240.0,37,24.616
2026-06-08T11:27:01.481278+00:00,scheduler,2,0,699.9,10240.0,40,19.723
2026-06-08T11:27:01.481278+00:00,scheduler,3,0,699.9,10240.0,33,27.164
2026-06-08T11:27:06.481978+00:00,scheduler,0,0,699.9,10240.0,35,23.277
2026-06-08T11:27:06.481978+00:00,scheduler,1,0,675.9,10240.0,37,24.633
2026-06-08T11:27:06.481978+00:00,scheduler,2,0,699.9,10240.0,39,19.457
2026-06-08T11:27:06.481978+00:00,scheduler,3,0,699.9,10240.0,33,27.164
2026-06-08T11:27:11.482674+00:00,scheduler,0,0,699.9,10240.0,35,23.25
2026-06-08T11:27:11.482674+00:00,scheduler,1,0,675.9,10240.0,37,24.695
2026-06-08T11:27:11.482674+00:00,scheduler,2,0,699.9,10240.0,38,19.458
2026-06-08T11:27:11.482674+00:00,scheduler,3,0,699.9,10240.0,33,27.011
2026-06-08T11:27:16.483342+00:00,scheduler,0,0,699.9,10240.0,34,23.064
2026-06-08T11:27:16.483342+00:00,scheduler,1,0,675.9,10240.0,37,24.791
2026-06-08T11:27:16.483342+00:00,scheduler,2,0,699.9,10240.0,38,19.092
2026-06-08T11:27:16.483342+00:00,scheduler,3,0,699.9,10240.0,33,26.965
2026-06-08T11:27:21.484101+00:00,scheduler,0,0,699.9,10240.0,34,23.169
2026-06-08T11:27:21.484101+00:00,scheduler,1,0,675.9,10240.0,37,24.582
2026-06-08T11:27:21.484101+00:00,scheduler,2,0,699.9,10240.0,38,19.144
2026-06-08T11:27:21.484101+00:00,scheduler,3,0,699.9,10240.0,33,27.055
2026-06-08T11:27:26.484886+00:00,scheduler,0,0,699.9,10240.0,34,23.277
2026-06-08T11:27:26.484886+00:00,scheduler,1,0,675.9,10240.0,37,24.606
2026-06-08T11:27:26.484886+00:00,scheduler,2,0,699.9,10240.0,37,19.211
2026-06-08T11:27:26.484886+00:00,scheduler,3,0,699.9,10240.0,33,26.994
2026-06-08T11:27:31.485554+00:00,scheduler,0,0,699.9,10240.0,34,23.138
2026-06-08T11:27:31.485554+00:00,scheduler,1,0,675.9,10240.0,37,24.666
2026-06-08T11:27:31.485554+00:00,scheduler,2,0,699.9,10240.0,37,19.058
2026-06-08T11:27:31.485554+00:00,scheduler,3,0,699.9,10240.0,33,27.06
2026-06-08T11:27:36.486280+00:00,scheduler,0,0,699.9,10240.0,34,23.043
2026-06-08T11:27:36.486280+00:00,scheduler,1,0,675.9,10240.0,37,24.592
2026-06-08T11:27:36.486280+00:00,scheduler,2,0,699.9,10240.0,36,19.093
2026-06-08T11:27:36.486280+00:00,scheduler,3,0,699.9,10240.0,33,26.952
2026-06-08T11:27:41.486994+00:00,scheduler,0,0,699.9,10240.0,34,23.065
2026-06-08T11:27:41.486994+00:00,scheduler,1,0,675.9,10240.0,37,24.607
2026-06-08T11:27:41.486994+00:00,scheduler,2,0,699.9,10240.0,36,19.065
2026-06-08T11:27:41.486994+00:00,scheduler,3,0,699.9,10240.0,33,27.033
2026-06-08T11:27:46.489013+00:00,scheduler,0,0,699.9,10240.0,34,23.165
2026-06-08T11:27:46.489013+00:00,scheduler,1,0,675.9,10240.0,37,24.626
2026-06-08T11:27:46.489013+00:00,scheduler,2,0,699.9,10240.0,36,19.221
2026-06-08T11:27:46.489013+00:00,scheduler,3,0,699.9,10240.0,33,27.115
2026-06-08T11:27:51.489712+00:00,scheduler,0,0,699.9,10240.0,34,23.01
2026-06-08T11:27:51.489712+00:00,scheduler,1,0,675.9,10240.0,37,24.747
2026-06-08T11:27:51.489712+00:00,scheduler,2,0,699.9,10240.0,36,19.068
2026-06-08T11:27:51.489712+00:00,scheduler,3,0,699.9,10240.0,33,27.084
2026-06-08T11:27:56.490410+00:00,scheduler,0,0,699.9,10240.0,34,23.054
2026-06-08T11:27:56.490410+00:00,scheduler,1,0,675.9,10240.0,37,24.614
2026-06-08T11:27:56.490410+00:00,scheduler,2,0,699.9,10240.0,36,18.955
2026-06-08T11:27:56.490410+00:00,scheduler,3,0,699.9,10240.0,33,27.092
2026-06-08T11:28:01.491061+00:00,scheduler,0,0,699.9,10240.0,34,23.164
2026-06-08T11:28:01.491061+00:00,scheduler,1,0,675.9,10240.0,37,24.623
2026-06-08T11:28:01.491061+00:00,scheduler,2,0,699.9,10240.0,35,18.994
2026-06-08T11:28:01.491061+00:00,scheduler,3,0,699.9,10240.0,33,27.069
2026-06-08T11:28:06.491706+00:00,scheduler,0,0,699.9,10240.0,34,23.212
2026-06-08T11:28:06.491706+00:00,scheduler,1,0,675.9,10240.0,37,24.75
2026-06-08T11:28:06.491706+00:00,scheduler,2,0,699.9,10240.0,35,18.906
2026-06-08T11:28:06.491706+00:00,scheduler,3,0,699.9,10240.0,33,26.94
2026-06-08T11:28:11.492428+00:00,scheduler,0,0,699.9,10240.0,34,23.012
2026-06-08T11:28:11.492428+00:00,scheduler,1,0,675.9,10240.0,37,24.713
2026-06-08T11:28:11.492428+00:00,scheduler,2,0,699.9,10240.0,35,18.764
2026-06-08T11:28:11.492428+00:00,scheduler,3,0,699.9,10240.0,33,27.174
2026-06-08T11:28:16.493072+00:00,scheduler,0,0,699.9,10240.0,34,23.057
2026-06-08T11:28:16.493072+00:00,scheduler,1,0,675.9,10240.0,37,24.696
2026-06-08T11:28:16.493072+00:00,scheduler,2,0,699.9,10240.0,35,18.959
2026-06-08T11:28:16.493072+00:00,scheduler,3,0,699.9,10240.0,33,27.106
2026-06-08T11:28:21.493723+00:00,scheduler,0,0,699.9,10240.0,34,23.206
2026-06-08T11:28:21.493723+00:00,scheduler,1,0,675.9,10240.0,37,24.794
2026-06-08T11:28:21.493723+00:00,scheduler,2,0,699.9,10240.0,35,18.921
2026-06-08T11:28:21.493723+00:00,scheduler,3,0,699.9,10240.0,33,27.128
2026-06-08T11:28:26.494506+00:00,scheduler,0,0,699.9,10240.0,34,23.007
2026-06-08T11:28:26.494506+00:00,scheduler,1,0,675.9,10240.0,37,24.657
2026-06-08T11:28:26.494506+00:00,scheduler,2,0,699.9,10240.0,35,18.898
2026-06-08T11:28:26.494506+00:00,scheduler,3,0,699.9,10240.0,33,27.14
2026-06-08T11:28:31.495578+00:00,scheduler,0,0,699.9,10240.0,34,22.942
2026-06-08T11:28:31.495578+00:00,scheduler,1,0,675.9,10240.0,37,24.617
2026-06-08T11:28:31.495578+00:00,scheduler,2,32,3537.9,10240.0,39,90.032
2026-06-08T11:28:31.495578+00:00,scheduler,3,0,699.9,10240.0,33,27.237
2026-06-08T11:28:36.496182+00:00,scheduler,0,0,699.9,10240.0,34,23.061
2026-06-08T11:28:36.496182+00:00,scheduler,1,0,675.9,10240.0,37,24.625
2026-06-08T11:28:36.496182+00:00,scheduler,2,10,8721.9,10240.0,42,105.354
2026-06-08T11:28:36.496182+00:00,scheduler,3,0,699.9,10240.0,33,27.193
2026-06-08T11:28:41.496951+00:00,scheduler,0,0,699.9,10240.0,34,23.052
2026-06-08T11:28:41.496951+00:00,scheduler,1,0,675.9,10240.0,37,24.773
2026-06-08T11:28:41.496951+00:00,scheduler,2,32,8835.9,10240.0,50,154.341
2026-06-08T11:28:41.496951+00:00,scheduler,3,0,699.9,10240.0,33,27.063
2026-06-08T11:28:46.497685+00:00,scheduler,0,0,699.9,10240.0,34,23.117
2026-06-08T11:28:46.497685+00:00,scheduler,1,0,675.9,10240.0,37,24.729
2026-06-08T11:28:46.497685+00:00,scheduler,2,100,8837.9,10240.0,63,318.775
2026-06-08T11:28:46.497685+00:00,scheduler,3,0,699.9,10240.0,33,27.332
2026-06-08T11:28:51.498316+00:00,scheduler,0,0,699.9,10240.0,34,23.1
2026-06-08T11:28:51.498316+00:00,scheduler,1,0,675.9,10240.0,37,24.867
2026-06-08T11:28:51.498316+00:00,scheduler,2,100,8837.9,10240.0,65,318.877
2026-06-08T11:28:51.498316+00:00,scheduler,3,0,699.9,10240.0,33,27.286
2026-06-08T11:28:56.498904+00:00,scheduler,0,0,699.9,10240.0,33,22.964
2026-06-08T11:28:56.498904+00:00,scheduler,1,0,675.9,10240.0,37,25.01
2026-06-08T11:28:56.498904+00:00,scheduler,2,100,8837.9,10240.0,66,305.504
2026-06-08T11:28:56.498904+00:00,scheduler,3,0,699.9,10240.0,33,27.246
2026-06-08T11:29:01.500895+00:00,scheduler,0,0,699.9,10240.0,34,23.052
2026-06-08T11:29:01.500895+00:00,scheduler,1,0,675.9,10240.0,37,24.728
2026-06-08T11:29:01.500895+00:00,scheduler,2,100,8837.9,10240.0,66,295.295
2026-06-08T11:29:01.500895+00:00,scheduler,3,0,699.9,10240.0,33,27.249
2026-06-08T11:29:06.502950+00:00,scheduler,0,0,699.9,10240.0,33,23.001
2026-06-08T11:29:06.502950+00:00,scheduler,1,0,675.9,10240.0,37,24.684
2026-06-08T11:29:06.502950+00:00,scheduler,2,100,8837.9,10240.0,67,288.074
2026-06-08T11:29:06.502950+00:00,scheduler,3,0,699.9,10240.0,33,27.202
2026-06-08T11:29:11.503640+00:00,scheduler,0,0,699.9,10240.0,33,23.027
2026-06-08T11:29:11.503640+00:00,scheduler,1,0,675.9,10240.0,37,24.74
2026-06-08T11:29:11.503640+00:00,scheduler,2,100,8837.9,10240.0,67,282.291
2026-06-08T11:29:11.503640+00:00,scheduler,3,0,699.9,10240.0,33,27.099
2026-06-08T11:29:16.505711+00:00,scheduler,0,0,699.9,10240.0,33,22.985
2026-06-08T11:29:16.505711+00:00,scheduler,1,0,675.9,10240.0,37,24.843
2026-06-08T11:29:16.505711+00:00,scheduler,2,100,8837.9,10240.0,68,284.553
2026-06-08T11:29:16.505711+00:00,scheduler,3,0,699.9,10240.0,33,27.233
2026-06-08T11:29:21.506316+00:00,scheduler,0,0,699.9,10240.0,33,22.994
2026-06-08T11:29:21.506316+00:00,scheduler,1,0,675.9,10240.0,37,24.758
2026-06-08T11:29:21.506316+00:00,scheduler,2,100,8837.9,10240.0,68,284.23
2026-06-08T11:29:21.506316+00:00,scheduler,3,0,699.9,10240.0,33,27.326
2026-06-08T11:29:26.506880+00:00,scheduler,0,0,699.9,10240.0,33,23.038
2026-06-08T11:29:26.506880+00:00,scheduler,1,0,675.9,10240.0,37,24.637
2026-06-08T11:29:26.506880+00:00,scheduler,2,9,8837.9,10240.0,54,99.807
2026-06-08T11:29:26.506880+00:00,scheduler,3,0,699.9,10240.0,33,27.142
2026-06-08T11:29:31.507441+00:00,scheduler,0,0,699.9,10240.0,33,22.914
2026-06-08T11:29:31.507441+00:00,scheduler,1,0,675.9,10240.0,37,24.739
2026-06-08T11:29:31.507441+00:00,scheduler,2,0,699.9,10240.0,54,121.112
2026-06-08T11:29:31.507441+00:00,scheduler,3,0,699.9,10240.0,33,27.111
2026-06-08T11:29:36.508142+00:00,scheduler,0,0,699.9,10240.0,33,22.895
2026-06-08T11:29:36.508142+00:00,scheduler,1,0,675.9,10240.0,37,24.561
2026-06-08T11:29:36.508142+00:00,scheduler,2,0,699.9,10240.0,50,93.919
2026-06-08T11:29:36.508142+00:00,scheduler,3,0,699.9,10240.0,33,27.163
2026-06-08T11:29:41.508798+00:00,scheduler,0,0,699.9,10240.0,33,23.028
2026-06-08T11:29:41.508798+00:00,scheduler,1,0,675.9,10240.0,37,24.597
2026-06-08T11:29:41.508798+00:00,scheduler,2,0,699.9,10240.0,49,93.352
2026-06-08T11:29:41.508798+00:00,scheduler,3,0,699.9,10240.0,33,27.076
2026-06-08T11:29:46.509390+00:00,scheduler,0,0,699.9,10240.0,33,22.96
2026-06-08T11:29:46.509390+00:00,scheduler,1,0,675.9,10240.0,37,24.753
2026-06-08T11:29:46.509390+00:00,scheduler,2,0,699.9,10240.0,49,93.005
2026-06-08T11:29:46.509390+00:00,scheduler,3,0,699.9,10240.0,33,27.119
2026-06-08T11:29:51.509986+00:00,scheduler,0,0,699.9,10240.0,33,22.92
2026-06-08T11:29:51.509986+00:00,scheduler,1,0,675.9,10240.0,37,24.655
2026-06-08T11:29:51.509986+00:00,scheduler,2,0,699.9,10240.0,43,20.484
2026-06-08T11:29:51.509986+00:00,scheduler,3,0,699.9,10240.0,33,27.07
2026-06-08T11:29:56.510591+00:00,scheduler,0,0,699.9,10240.0,33,23.011
2026-06-08T11:29:56.510591+00:00,scheduler,1,0,675.9,10240.0,37,24.567
2026-06-08T11:29:56.510591+00:00,scheduler,2,0,699.9,10240.0,41,20.019
2026-06-08T11:29:56.510591+00:00,scheduler,3,0,699.9,10240.0,33,27.081
2026-06-08T11:30:01.511127+00:00,scheduler,0,0,699.9,10240.0,33,22.985
2026-06-08T11:30:01.511127+00:00,scheduler,1,27,2921.9,10240.0,42,48.561
2026-06-08T11:30:01.511127+00:00,scheduler,2,0,699.9,10240.0,40,19.938
2026-06-08T11:30:01.511127+00:00,scheduler,3,0,699.9,10240.0,33,26.978
2026-06-08T11:30:06.511840+00:00,scheduler,0,0,699.9,10240.0,33,22.934
2026-06-08T11:30:06.511840+00:00,scheduler,1,10,8697.9,10240.0,49,122.055
2026-06-08T11:30:06.511840+00:00,scheduler,2,0,699.9,10240.0,40,20.101
2026-06-08T11:30:06.511840+00:00,scheduler,3,10,8721.9,10240.0,45,168.81
2026-06-08T11:30:11.512432+00:00,scheduler,0,0,699.9,10240.0,33,22.881
2026-06-08T11:30:11.512432+00:00,scheduler,1,100,8813.9,10240.0,69,319.128
2026-06-08T11:30:11.512432+00:00,scheduler,2,0,699.9,10240.0,39,20.046
2026-06-08T11:30:11.512432+00:00,scheduler,3,99,2625.9,10240.0,41,98.116
2026-06-08T11:30:16.514483+00:00,scheduler,0,0,699.9,10240.0,33,22.893
2026-06-08T11:30:16.514483+00:00,scheduler,1,100,8813.9,10240.0,68,285.323
2026-06-08T11:30:16.514483+00:00,scheduler,2,10,8721.9,10240.0,47,115.978
2026-06-08T11:30:16.514483+00:00,scheduler,3,100,8837.9,10240.0,64,319.138
2026-06-08T11:30:21.515057+00:00,scheduler,0,0,699.9,10240.0,33,22.964
2026-06-08T11:30:21.515057+00:00,scheduler,1,100,8813.9,10240.0,68,279.313
2026-06-08T11:30:21.515057+00:00,scheduler,2,40,6405.9,10240.0,47,116.592
2026-06-08T11:30:21.515057+00:00,scheduler,3,100,8837.9,10240.0,68,319.204
2026-06-08T11:30:26.515678+00:00,scheduler,0,0,699.9,10240.0,33,23.09
2026-06-08T11:30:26.515678+00:00,scheduler,1,100,8813.9,10240.0,69,278.131
2026-06-08T11:30:26.515678+00:00,scheduler,2,100,8837.9,10240.0,65,319.365
2026-06-08T11:30:26.515678+00:00,scheduler,3,100,8837.9,10240.0,69,319.204
2026-06-08T11:30:31.516289+00:00,scheduler,0,10,8721.9,10240.0,39,109.199
2026-06-08T11:30:31.516289+00:00,scheduler,1,100,8813.9,10240.0,69,267.434
2026-06-08T11:30:31.516289+00:00,scheduler,2,100,8837.9,10240.0,67,308.141
2026-06-08T11:30:31.516289+00:00,scheduler,3,100,8837.9,10240.0,70,318.982
2026-06-08T11:30:36.516875+00:00,scheduler,0,100,8837.9,10240.0,52,318.906
2026-06-08T11:30:36.516875+00:00,scheduler,1,100,8813.9,10240.0,70,273.002
2026-06-08T11:30:36.516875+00:00,scheduler,2,100,8837.9,10240.0,67,299.762
2026-06-08T11:30:36.516875+00:00,scheduler,3,100,8837.9,10240.0,70,318.091
2026-06-08T11:30:41.517477+00:00,scheduler,0,100,8837.9,10240.0,53,319.139
2026-06-08T11:30:41.517477+00:00,scheduler,1,100,8813.9,10240.0,70,269.0
2026-06-08T11:30:41.517477+00:00,scheduler,2,100,8837.9,10240.0,67,293.986
2026-06-08T11:30:41.517477+00:00,scheduler,3,100,8837.9,10240.0,71,318.437
2026-06-08T11:30:46.518123+00:00,scheduler,0,100,8837.9,10240.0,55,318.636
2026-06-08T11:30:46.518123+00:00,scheduler,1,100,8813.9,10240.0,70,267.757
2026-06-08T11:30:46.518123+00:00,scheduler,2,100,8837.9,10240.0,68,290.394
2026-06-08T11:30:46.518123+00:00,scheduler,3,100,8837.9,10240.0,72,318.892
2026-06-08T11:30:51.520015+00:00,scheduler,0,100,8837.9,10240.0,56,317.965
2026-06-08T11:30:51.520015+00:00,scheduler,1,100,8813.9,10240.0,70,262.277
2026-06-08T11:30:51.520015+00:00,scheduler,2,100,8837.9,10240.0,68,287.346
2026-06-08T11:30:51.520015+00:00,scheduler,3,100,8837.9,10240.0,72,318.779
2026-06-08T11:30:56.520737+00:00,scheduler,0,100,8837.9,10240.0,57,319.036
2026-06-08T11:30:56.520737+00:00,scheduler,1,10,8813.9,10240.0,57,105.763
2026-06-08T11:30:56.520737+00:00,scheduler,2,100,8837.9,10240.0,68,280.592
2026-06-08T11:30:56.520737+00:00,scheduler,3,10,8837.9,10240.0,56,127.522
2026-06-08T11:31:01.521374+00:00,scheduler,0,100,8837.9,10240.0,58,318.142
2026-06-08T11:31:01.521374+00:00,scheduler,1,0,675.9,10240.0,59,130.375
2026-06-08T11:31:01.521374+00:00,scheduler,2,100,8837.9,10240.0,69,280.666
2026-06-08T11:31:01.521374+00:00,scheduler,3,76,765.9,10240.0,51,142.056
2026-06-08T11:31:06.521994+00:00,scheduler,0,100,8837.9,10240.0,59,318.179
2026-06-08T11:31:06.521994+00:00,scheduler,1,0,675.9,10240.0,56,104.043
2026-06-08T11:31:06.521994+00:00,scheduler,2,8,8837.9,10240.0,56,117.19
2026-06-08T11:31:06.521994+00:00,scheduler,3,0,699.9,10240.0,50,99.254
2026-06-08T11:31:11.522682+00:00,scheduler,0,100,8837.9,10240.0,60,318.604
2026-06-08T11:31:11.522682+00:00,scheduler,1,0,675.9,10240.0,55,103.67
2026-06-08T11:31:11.522682+00:00,scheduler,2,47,765.9,10240.0,56,140.97
2026-06-08T11:31:11.522682+00:00,scheduler,3,0,699.9,10240.0,49,99.344
2026-06-08T11:31:16.524664+00:00,scheduler,0,11,8837.9,10240.0,52,117.281
2026-06-08T11:31:16.524664+00:00,scheduler,1,0,675.9,10240.0,55,103.34
2026-06-08T11:31:16.524664+00:00,scheduler,2,0,699.9,10240.0,51,95.262
2026-06-08T11:31:16.524664+00:00,scheduler,3,0,699.9,10240.0,48,99.361
2026-06-08T11:31:21.525407+00:00,scheduler,0,78,699.9,10240.0,50,145.528
2026-06-08T11:31:21.525407+00:00,scheduler,1,0,675.9,10240.0,47,25.347
2026-06-08T11:31:21.525407+00:00,scheduler,2,0,699.9,10240.0,50,93.225
2026-06-08T11:31:21.525407+00:00,scheduler,3,0,699.9,10240.0,43,29.038
2026-06-08T11:31:26.526004+00:00,scheduler,0,0,699.9,10240.0,48,97.348
2026-06-08T11:31:26.526004+00:00,scheduler,1,0,675.9,10240.0,46,25.014
2026-06-08T11:31:26.526004+00:00,scheduler,2,0,699.9,10240.0,49,92.782
2026-06-08T11:31:26.526004+00:00,scheduler,3,0,699.9,10240.0,41,27.763
2026-06-08T11:31:31.526675+00:00,scheduler,0,0,699.9,10240.0,47,97.217
2026-06-08T11:31:31.526675+00:00,scheduler,1,0,675.9,10240.0,45,24.963
2026-06-08T11:31:31.526675+00:00,scheduler,2,0,699.9,10240.0,44,22.028
2026-06-08T11:31:31.526675+00:00,scheduler,3,0,699.9,10240.0,40,27.707
2026-06-08T11:31:36.527531+00:00,scheduler,0,0,699.9,10240.0,47,96.805
2026-06-08T11:31:36.527531+00:00,scheduler,1,0,675.9,10240.0,44,24.937
2026-06-08T11:31:36.527531+00:00,scheduler,2,0,699.9,10240.0,42,19.873
2026-06-08T11:31:36.527531+00:00,scheduler,3,0,699.9,10240.0,39,27.642
2026-06-08T11:31:41.528175+00:00,scheduler,0,0,699.9,10240.0,42,23.764
2026-06-08T11:31:41.528175+00:00,scheduler,1,29,3513.9,10240.0,49,53.618
2026-06-08T11:31:41.528175+00:00,scheduler,2,0,699.9,10240.0,40,19.701
2026-06-08T11:31:41.528175+00:00,scheduler,3,0,699.9,10240.0,38,27.598
2026-06-08T11:31:46.528733+00:00,scheduler,0,0,699.9,10240.0,41,23.633
2026-06-08T11:31:46.528733+00:00,scheduler,1,10,8697.9,10240.0,55,128.067
2026-06-08T11:31:46.528733+00:00,scheduler,2,0,699.9,10240.0,40,19.529
2026-06-08T11:31:46.528733+00:00,scheduler,3,0,699.9,10240.0,37,27.503
2026-06-08T11:31:51.529311+00:00,scheduler,0,0,699.9,10240.0,40,23.523
2026-06-08T11:31:51.529311+00:00,scheduler,1,100,8813.9,10240.0,71,302.34
2026-06-08T11:31:51.529311+00:00,scheduler,2,0,699.9,10240.0,39,19.786
2026-06-08T11:31:51.529311+00:00,scheduler,3,0,699.9,10240.0,37,27.498
2026-06-08T11:31:56.531327+00:00,scheduler,0,0,699.9,10240.0,39,23.408
2026-06-08T11:31:56.531327+00:00,scheduler,1,100,8813.9,10240.0,70,269.047
2026-06-08T11:31:56.531327+00:00,scheduler,2,0,699.9,10240.0,38,19.83
2026-06-08T11:31:56.531327+00:00,scheduler,3,0,699.9,10240.0,37,27.519
2026-06-08T11:32:01.532090+00:00,scheduler,0,0,699.9,10240.0,38,23.563
2026-06-08T11:32:01.532090+00:00,scheduler,1,100,8813.9,10240.0,70,259.529
2026-06-08T11:32:01.532090+00:00,scheduler,2,0,699.9,10240.0,38,19.827
2026-06-08T11:32:01.532090+00:00,scheduler,3,10,8721.9,10240.0,45,118.74
2026-06-08T11:32:06.532683+00:00,scheduler,0,0,699.9,10240.0,38,23.444
2026-06-08T11:32:06.532683+00:00,scheduler,1,100,8813.9,10240.0,71,264.429
2026-06-08T11:32:06.532683+00:00,scheduler,2,0,699.9,10240.0,37,19.581
2026-06-08T11:32:06.532683+00:00,scheduler,3,100,8837.9,10240.0,63,319.333
2026-06-08T11:32:11.533295+00:00,scheduler,0,0,699.9,10240.0,37,23.346
2026-06-08T11:32:11.533295+00:00,scheduler,1,100,8813.9,10240.0,71,258.857
2026-06-08T11:32:11.533295+00:00,scheduler,2,0,699.9,10240.0,37,19.595
2026-06-08T11:32:11.533295+00:00,scheduler,3,100,8837.9,10240.0,68,318.583
2026-06-08T11:32:16.533950+00:00,scheduler,0,36,7465.9,10240.0,41,95.215
2026-06-08T11:32:16.533950+00:00,scheduler,1,100,8813.9,10240.0,71,257.261
2026-06-08T11:32:16.533950+00:00,scheduler,2,0,699.9,10240.0,36,19.666
2026-06-08T11:32:16.533950+00:00,scheduler,3,100,8837.9,10240.0,70,319.017
2026-06-08T11:32:21.534627+00:00,scheduler,0,33,3831.9,10240.0,43,107.503
2026-06-08T11:32:21.534627+00:00,scheduler,1,100,8813.9,10240.0,71,256.824
2026-06-08T11:32:21.534627+00:00,scheduler,2,0,699.9,10240.0,36,19.46
2026-06-08T11:32:21.534627+00:00,scheduler,3,100,8837.9,10240.0,71,319.247
2026-06-08T11:32:26.535258+00:00,scheduler,0,100,8837.9,10240.0,55,318.897
2026-06-08T11:32:26.535258+00:00,scheduler,1,100,8813.9,10240.0,71,257.024
2026-06-08T11:32:26.535258+00:00,scheduler,2,0,699.9,10240.0,36,19.505
2026-06-08T11:32:26.535258+00:00,scheduler,3,100,8837.9,10240.0,71,319.078
2026-06-08T11:32:31.535853+00:00,scheduler,0,100,8837.9,10240.0,56,318.91
2026-06-08T11:32:31.535853+00:00,scheduler,1,100,8813.9,10240.0,71,251.289
2026-06-08T11:32:31.535853+00:00,scheduler,2,0,699.9,10240.0,36,19.698
2026-06-08T11:32:31.535853+00:00,scheduler,3,100,8837.9,10240.0,72,319.566
2026-06-08T11:32:36.538025+00:00,scheduler,0,100,8837.9,10240.0,57,318.654
2026-06-08T11:32:36.538025+00:00,scheduler,1,9,8813.9,10240.0,59,106.812
2026-06-08T11:32:36.538025+00:00,scheduler,2,0,699.9,10240.0,35,19.528
2026-06-08T11:32:36.538025+00:00,scheduler,3,100,8837.9,10240.0,72,318.779
2026-06-08T11:32:41.538635+00:00,scheduler,0,100,8837.9,10240.0,58,318.73
2026-06-08T11:32:41.538635+00:00,scheduler,1,0,675.9,10240.0,61,132.179
2026-06-08T11:32:41.538635+00:00,scheduler,2,0,699.9,10240.0,35,19.539
2026-06-08T11:32:41.538635+00:00,scheduler,3,100,8837.9,10240.0,73,319.07
2026-06-08T11:32:46.539325+00:00,scheduler,0,100,8837.9,10240.0,59,318.787
2026-06-08T11:32:46.539325+00:00,scheduler,1,0,675.9,10240.0,57,104.381
2026-06-08T11:32:46.539325+00:00,scheduler,2,0,699.9,10240.0,35,19.787
2026-06-08T11:32:46.539325+00:00,scheduler,3,100,8837.9,10240.0,62,258.926
2026-06-08T11:32:51.539905+00:00,scheduler,0,100,8837.9,10240.0,60,318.19
2026-06-08T11:32:51.539905+00:00,scheduler,1,0,675.9,10240.0,56,104.034
2026-06-08T11:32:51.539905+00:00,scheduler,2,0,699.9,10240.0,35,19.534
2026-06-08T11:32:51.539905+00:00,scheduler,3,11,8837.9,10240.0,52,100.013
2026-06-08T11:32:56.540857+00:00,scheduler,0,100,8837.9,10240.0,61,318.404
2026-06-08T11:32:56.540857+00:00,scheduler,1,0,675.9,10240.0,56,103.359
2026-06-08T11:32:56.540857+00:00,scheduler,2,0,699.9,10240.0,35,19.457
2026-06-08T11:32:56.540857+00:00,scheduler,3,0,699.9,10240.0,51,104.878
2026-06-08T11:33:01.541473+00:00,scheduler,0,100,8837.9,10240.0,61,318.479
2026-06-08T11:33:01.541473+00:00,scheduler,1,0,675.9,10240.0,47,25.89
2026-06-08T11:33:01.541473+00:00,scheduler,2,0,699.9,10240.0,35,19.559
2026-06-08T11:33:01.541473+00:00,scheduler,3,0,699.9,10240.0,50,98.952
2026-06-08T11:33:06.542301+00:00,scheduler,0,9,8837.9,10240.0,51,98.267
2026-06-08T11:33:06.542301+00:00,scheduler,1,0,675.9,10240.0,46,25.156
2026-06-08T11:33:06.542301+00:00,scheduler,2,0,699.9,10240.0,35,19.271
2026-06-08T11:33:06.542301+00:00,scheduler,3,0,699.9,10240.0,49,99.697
2026-06-08T11:33:11.542989+00:00,scheduler,0,0,699.9,10240.0,51,114.19
2026-06-08T11:33:11.542989+00:00,scheduler,1,0,675.9,10240.0,45,25.018
2026-06-08T11:33:11.542989+00:00,scheduler,2,0,699.9,10240.0,34,19.126
2026-06-08T11:33:11.542989+00:00,scheduler,3,0,699.9,10240.0,44,49.346
2026-06-08T11:33:16.543711+00:00,scheduler,0,0,699.9,10240.0,48,97.76
2026-06-08T11:33:16.543711+00:00,scheduler,1,0,675.9,10240.0,45,25.23
2026-06-08T11:33:16.543711+00:00,scheduler,2,0,699.9,10240.0,34,19.058
2026-06-08T11:33:16.543711+00:00,scheduler,3,0,699.9,10240.0,42,28.049
2026-06-08T11:33:21.544297+00:00,scheduler,0,0,699.9,10240.0,47,97.365
2026-06-08T11:33:21.544297+00:00,scheduler,1,0,675.9,10240.0,44,25.019
2026-06-08T11:33:21.544297+00:00,scheduler,2,0,699.9,10240.0,34,19.257
2026-06-08T11:33:21.544297+00:00,scheduler,3,0,699.9,10240.0,40,27.758
2026-06-08T11:33:26.545069+00:00,scheduler,0,0,699.9,10240.0,47,96.981
2026-06-08T11:33:26.545069+00:00,scheduler,1,11,8697.9,10240.0,56,128.679
2026-06-08T11:33:26.545069+00:00,scheduler,2,0,699.9,10240.0,34,19.183
2026-06-08T11:33:26.545069+00:00,scheduler,3,0,699.9,10240.0,39,27.786
2026-06-08T11:33:31.545892+00:00,scheduler,0,0,699.9,10240.0,42,23.839
2026-06-08T11:33:31.545892+00:00,scheduler,1,100,8813.9,10240.0,70,279.285
2026-06-08T11:33:31.545892+00:00,scheduler,2,0,699.9,10240.0,34,19.437
2026-06-08T11:33:31.545892+00:00,scheduler,3,0,699.9,10240.0,38,27.723
2026-06-08T11:33:36.546509+00:00,scheduler,0,0,699.9,10240.0,41,23.664
2026-06-08T11:33:36.546509+00:00,scheduler,1,100,8813.9,10240.0,71,268.376
2026-06-08T11:33:36.546509+00:00,scheduler,2,0,699.9,10240.0,34,19.508
2026-06-08T11:33:36.546509+00:00,scheduler,3,0,699.9,10240.0,38,27.596
2026-06-08T11:33:41.547233+00:00,scheduler,0,0,699.9,10240.0,40,23.619
2026-06-08T11:33:41.547233+00:00,scheduler,1,100,8813.9,10240.0,71,262.958
2026-06-08T11:33:41.547233+00:00,scheduler,2,0,699.9,10240.0,34,19.511
2026-06-08T11:33:41.547233+00:00,scheduler,3,0,699.9,10240.0,37,27.49
2026-06-08T11:33:46.547887+00:00,scheduler,0,0,699.9,10240.0,39,23.368
2026-06-08T11:33:46.547887+00:00,scheduler,1,100,8813.9,10240.0,70,257.451
2026-06-08T11:33:46.547887+00:00,scheduler,2,0,699.9,10240.0,34,19.308
2026-06-08T11:33:46.547887+00:00,scheduler,3,0,699.9,10240.0,37,27.307
2026-06-08T11:33:51.548613+00:00,scheduler,0,0,699.9,10240.0,38,23.387
2026-06-08T11:33:51.548613+00:00,scheduler,1,100,8813.9,10240.0,71,257.297
2026-06-08T11:33:51.548613+00:00,scheduler,2,0,699.9,10240.0,34,19.242
2026-06-08T11:33:51.548613+00:00,scheduler,3,0,699.9,10240.0,36,27.365
2026-06-08T11:33:56.549365+00:00,scheduler,0,0,699.9,10240.0,38,23.284
2026-06-08T11:33:56.549365+00:00,scheduler,1,100,8813.9,10240.0,71,256.729
2026-06-08T11:33:56.549365+00:00,scheduler,2,0,699.9,10240.0,34,19.434
2026-06-08T11:33:56.549365+00:00,scheduler,3,0,699.9,10240.0,36,27.456
2026-06-08T11:34:01.550034+00:00,scheduler,0,0,699.9,10240.0,37,23.359
2026-06-08T11:34:01.550034+00:00,scheduler,1,100,8813.9,10240.0,71,256.156
2026-06-08T11:34:01.550034+00:00,scheduler,2,0,699.9,10240.0,34,19.24
2026-06-08T11:34:01.550034+00:00,scheduler,3,0,699.9,10240.0,36,27.261
2026-06-08T11:34:06.550811+00:00,scheduler,0,0,699.9,10240.0,37,23.217
2026-06-08T11:34:06.550811+00:00,scheduler,1,100,8813.9,10240.0,71,250.836
2026-06-08T11:34:06.550811+00:00,scheduler,2,0,699.9,10240.0,34,19.416
2026-06-08T11:34:06.550811+00:00,scheduler,3,53,8721.9,10240.0,44,119.174
2026-06-08T11:34:11.551519+00:00,scheduler,0,0,3789.9,10240.0,41,53.341
2026-06-08T11:34:11.551519+00:00,scheduler,1,100,8813.9,10240.0,72,256.0
2026-06-08T11:34:11.551519+00:00,scheduler,2,0,699.9,10240.0,34,19.602
2026-06-08T11:34:11.551519+00:00,scheduler,3,41,7881.9,10240.0,45,118.004
2026-06-08T11:34:16.552188+00:00,scheduler,0,52,4767.9,10240.0,43,114.514
2026-06-08T11:34:16.552188+00:00,scheduler,1,9,8813.9,10240.0,59,106.884
2026-06-08T11:34:16.552188+00:00,scheduler,2,0,699.9,10240.0,34,19.558
2026-06-08T11:34:16.552188+00:00,scheduler,3,100,8837.9,10240.0,68,319.149
2026-06-08T11:34:21.552874+00:00,scheduler,0,100,8837.9,10240.0,55,318.678
2026-06-08T11:34:21.552874+00:00,scheduler,1,0,675.9,10240.0,61,132.57
2026-06-08T11:34:21.552874+00:00,scheduler,2,0,699.9,10240.0,34,19.439
2026-06-08T11:34:21.552874+00:00,scheduler,3,100,8837.9,10240.0,69,317.974
2026-06-08T11:34:26.553582+00:00,scheduler,0,100,8837.9,10240.0,56,318.612
2026-06-08T11:34:26.553582+00:00,scheduler,1,0,675.9,10240.0,57,105.134
2026-06-08T11:34:26.553582+00:00,scheduler,2,0,699.9,10240.0,34,19.359
2026-06-08T11:34:26.553582+00:00,scheduler,3,100,8837.9,10240.0,70,318.555
2026-06-08T11:34:31.554180+00:00,scheduler,0,100,8837.9,10240.0,57,318.722
2026-06-08T11:34:31.554180+00:00,scheduler,1,0,675.9,10240.0,56,104.504
2026-06-08T11:34:31.554180+00:00,scheduler,2,0,699.9,10240.0,34,19.526
2026-06-08T11:34:31.554180+00:00,scheduler,3,100,8837.9,10240.0,71,318.321
2026-06-08T11:34:36.554927+00:00,scheduler,0,100,8837.9,10240.0,58,318.777
2026-06-08T11:34:36.554927+00:00,scheduler,1,0,675.9,10240.0,56,104.127
2026-06-08T11:34:36.554927+00:00,scheduler,2,0,699.9,10240.0,34,19.386
2026-06-08T11:34:36.554927+00:00,scheduler,3,100,8837.9,10240.0,71,318.423
2026-06-08T11:34:41.555619+00:00,scheduler,0,100,8837.9,10240.0,59,318.996
2026-06-08T11:34:41.555619+00:00,scheduler,1,0,675.9,10240.0,48,25.796
2026-06-08T11:34:41.555619+00:00,scheduler,2,0,699.9,10240.0,34,19.4
2026-06-08T11:34:41.555619+00:00,scheduler,3,100,8837.9,10240.0,72,318.556
2026-06-08T11:34:46.556298+00:00,scheduler,0,100,8837.9,10240.0,60,319.109
2026-06-08T11:34:46.556298+00:00,scheduler,1,0,675.9,10240.0,46,25.504
2026-06-08T11:34:46.556298+00:00,scheduler,2,0,699.9,10240.0,33,19.604
2026-06-08T11:34:46.556298+00:00,scheduler,3,100,8837.9,10240.0,72,318.683
2026-06-08T11:34:51.556947+00:00,scheduler,0,100,8837.9,10240.0,61,318.269
2026-06-08T11:34:51.556947+00:00,scheduler,1,0,675.9,10240.0,45,25.374
2026-06-08T11:34:51.556947+00:00,scheduler,2,0,699.9,10240.0,33,19.48
2026-06-08T11:34:51.556947+00:00,scheduler,3,100,8837.9,10240.0,73,318.491
2026-06-08T11:34:56.557645+00:00,scheduler,0,100,8837.9,10240.0,61,319.164
2026-06-08T11:34:56.557645+00:00,scheduler,1,0,675.9,10240.0,45,25.29
2026-06-08T11:34:56.557645+00:00,scheduler,2,0,699.9,10240.0,33,19.315
2026-06-08T11:34:56.557645+00:00,scheduler,3,9,8837.9,10240.0,53,100.225
2026-06-08T11:35:01.558261+00:00,scheduler,0,9,8837.9,10240.0,50,98.234
2026-06-08T11:35:01.558261+00:00,scheduler,1,0,675.9,10240.0,44,25.076
2026-06-08T11:35:01.558261+00:00,scheduler,2,0,699.9,10240.0,33,19.1
2026-06-08T11:35:01.558261+00:00,scheduler,3,0,699.9,10240.0,53,125.025
2026-06-08T11:35:06.558943+00:00,scheduler,0,0,699.9,10240.0,51,116.018
2026-06-08T11:35:06.558943+00:00,scheduler,1,0,675.9,10240.0,43,24.982
2026-06-08T11:35:06.558943+00:00,scheduler,2,0,699.9,10240.0,33,19.19
2026-06-08T11:35:06.558943+00:00,scheduler,3,0,699.9,10240.0,50,99.313
2026-06-08T11:35:11.559747+00:00,scheduler,0,0,699.9,10240.0,48,96.92
2026-06-08T11:35:11.559747+00:00,scheduler,1,0,675.9,10240.0,43,24.873
2026-06-08T11:35:11.559747+00:00,scheduler,2,0,699.9,10240.0,33,19.009
2026-06-08T11:35:11.559747+00:00,scheduler,3,0,699.9,10240.0,49,99.993
2026-06-08T11:35:16.560525+00:00,scheduler,0,0,699.9,10240.0,47,96.385
2026-06-08T11:35:16.560525+00:00,scheduler,1,0,675.9,10240.0,42,24.816
2026-06-08T11:35:16.560525+00:00,scheduler,2,0,699.9,10240.0,33,18.948
2026-06-08T11:35:16.560525+00:00,scheduler,3,0,699.9,10240.0,46,89.266
2026-06-08T11:35:21.561155+00:00,scheduler,0,0,699.9,10240.0,44,87.327
2026-06-08T11:35:21.561155+00:00,scheduler,1,0,675.9,10240.0,42,24.79
2026-06-08T11:35:21.561155+00:00,scheduler,2,0,699.9,10240.0,33,18.91
2026-06-08T11:35:21.561155+00:00,scheduler,3,0,699.9,10240.0,42,27.875
2026-06-08T11:35:26.561867+00:00,scheduler,0,0,699.9,10240.0,42,23.774
2026-06-08T11:35:26.561867+00:00,scheduler,1,0,675.9,10240.0,42,24.66
2026-06-08T11:35:26.561867+00:00,scheduler,2,0,699.9,10240.0,33,19.166
2026-06-08T11:35:26.561867+00:00,scheduler,3,0,699.9,10240.0,41,27.732
2026-06-08T11:35:31.562521+00:00,scheduler,0,0,699.9,10240.0,41,23.598
2026-06-08T11:35:31.562521+00:00,scheduler,1,0,675.9,10240.0,41,24.697
2026-06-08T11:35:31.562521+00:00,scheduler,2,0,699.9,10240.0,33,18.975
2026-06-08T11:35:31.562521+00:00,scheduler,3,0,699.9,10240.0,40,27.521
2026-06-08T11:35:36.563247+00:00,scheduler,0,0,699.9,10240.0,40,23.722
2026-06-08T11:35:36.563247+00:00,scheduler,1,0,675.9,10240.0,41,24.738
2026-06-08T11:35:36.563247+00:00,scheduler,2,0,699.9,10240.0,33,18.768
2026-06-08T11:35:36.563247+00:00,scheduler,3,0,699.9,10240.0,39,27.462
2026-06-08T11:35:41.563865+00:00,scheduler,0,0,699.9,10240.0,39,23.668
2026-06-08T11:35:41.563865+00:00,scheduler,1,0,675.9,10240.0,41,24.664
2026-06-08T11:35:41.563865+00:00,scheduler,2,0,699.9,10240.0,33,19.125
2026-06-08T11:35:41.563865+00:00,scheduler,3,0,699.9,10240.0,38,27.286
2026-06-08T11:35:46.564710+00:00,scheduler,0,0,699.9,10240.0,39,23.522
2026-06-08T11:35:46.564710+00:00,scheduler,1,0,675.9,10240.0,41,24.64
2026-06-08T11:35:46.564710+00:00,scheduler,2,0,699.9,10240.0,33,18.88
2026-06-08T11:35:46.564710+00:00,scheduler,3,0,699.9,10240.0,38,27.278
2026-06-08T11:35:51.565604+00:00,scheduler,0,0,699.9,10240.0,38,23.577
2026-06-08T11:35:51.565604+00:00,scheduler,1,0,675.9,10240.0,40,24.763
2026-06-08T11:35:51.565604+00:00,scheduler,2,0,699.9,10240.0,33,18.887
2026-06-08T11:35:51.565604+00:00,scheduler,3,0,699.9,10240.0,37,27.415
2026-06-08T11:35:56.567452+00:00,scheduler,0,0,699.9,10240.0,37,23.455
2026-06-08T11:35:56.567452+00:00,scheduler,1,0,675.9,10240.0,40,24.65
2026-06-08T11:35:56.567452+00:00,scheduler,2,0,699.9,10240.0,33,19.038
2026-06-08T11:35:56.567452+00:00,scheduler,3,0,699.9,10240.0,36,27.314
2026-06-08T11:36:01.568069+00:00,scheduler,0,0,699.9,10240.0,37,23.205
2026-06-08T11:36:01.568069+00:00,scheduler,1,0,675.9,10240.0,40,24.614
2026-06-08T11:36:01.568069+00:00,scheduler,2,0,699.9,10240.0,33,19.09
2026-06-08T11:36:01.568069+00:00,scheduler,3,0,699.9,10240.0,36,27.237
2026-06-08T11:36:06.568711+00:00,scheduler,0,0,699.9,10240.0,37,23.344
2026-06-08T11:36:06.568711+00:00,scheduler,1,0,675.9,10240.0,40,24.601
2026-06-08T11:36:06.568711+00:00,scheduler,2,0,699.9,10240.0,33,19.001
2026-06-08T11:36:06.568711+00:00,scheduler,3,0,699.9,10240.0,36,27.298
2026-06-08T11:36:11.569286+00:00,scheduler,0,0,699.9,10240.0,36,23.244
2026-06-08T11:36:11.569286+00:00,scheduler,1,0,675.9,10240.0,40,24.688
2026-06-08T11:36:11.569286+00:00,scheduler,2,0,699.9,10240.0,33,18.987
2026-06-08T11:36:11.569286+00:00,scheduler,3,0,699.9,10240.0,36,27.16
2026-06-08T11:36:16.569946+00:00,scheduler,0,0,699.9,10240.0,36,23.142
2026-06-08T11:36:16.569946+00:00,scheduler,1,0,675.9,10240.0,40,24.619
2026-06-08T11:36:16.569946+00:00,scheduler,2,0,699.9,10240.0,33,19.268
2026-06-08T11:36:16.569946+00:00,scheduler,3,0,699.9,10240.0,35,27.181
2026-06-08T11:36:21.572249+00:00,scheduler,0,0,699.9,10240.0,36,23.065
2026-06-08T11:36:21.572249+00:00,scheduler,1,0,675.9,10240.0,39,24.638
2026-06-08T11:36:21.572249+00:00,scheduler,2,0,699.9,10240.0,33,19.068
2026-06-08T11:36:21.572249+00:00,scheduler,3,0,699.9,10240.0,35,27.115
2026-06-08T11:36:26.572834+00:00,scheduler,0,0,699.9,10240.0,35,23.14
2026-06-08T11:36:26.572834+00:00,scheduler,1,0,675.9,10240.0,39,24.741
2026-06-08T11:36:26.572834+00:00,scheduler,2,33,8721.9,10240.0,48,135.319
2026-06-08T11:36:26.572834+00:00,scheduler,3,0,699.9,10240.0,35,27.242
2026-06-08T11:36:31.574671+00:00,scheduler,0,0,699.9,10240.0,35,23.254
2026-06-08T11:36:31.574671+00:00,scheduler,1,0,675.9,10240.0,39,24.593
2026-06-08T11:36:31.574671+00:00,scheduler,2,10,8721.9,10240.0,40,90.873
2026-06-08T11:36:31.574671+00:00,scheduler,3,0,699.9,10240.0,35,27.217
2026-06-08T11:36:36.575346+00:00,scheduler,0,0,699.9,10240.0,35,23.143
2026-06-08T11:36:36.575346+00:00,scheduler,1,0,675.9,10240.0,39,24.667
2026-06-08T11:36:36.575346+00:00,scheduler,2,100,8837.9,10240.0,57,318.443
2026-06-08T11:36:36.575346+00:00,scheduler,3,0,699.9,10240.0,35,27.026
2026-06-08T11:36:41.575905+00:00,scheduler,0,0,699.9,10240.0,35,23.171
2026-06-08T11:36:41.575905+00:00,scheduler,1,0,675.9,10240.0,39,24.882
2026-06-08T11:36:41.575905+00:00,scheduler,2,100,8837.9,10240.0,62,319.216
2026-06-08T11:36:41.575905+00:00,scheduler,3,0,699.9,10240.0,34,27.345
2026-06-08T11:36:46.578844+00:00,scheduler,0,0,699.9,10240.0,35,23.292
2026-06-08T11:36:46.578844+00:00,scheduler,1,0,675.9,10240.0,39,25.012
2026-06-08T11:36:46.578844+00:00,scheduler,2,100,8837.9,10240.0,64,318.539
2026-06-08T11:36:46.578844+00:00,scheduler,3,0,699.9,10240.0,34,27.201
2026-06-08T11:36:51.580783+00:00,scheduler,0,0,699.9,10240.0,35,23.096
2026-06-08T11:36:51.580783+00:00,scheduler,1,0,675.9,10240.0,39,24.726
2026-06-08T11:36:51.580783+00:00,scheduler,2,100,8837.9,10240.0,65,307.205
2026-06-08T11:36:51.580783+00:00,scheduler,3,0,699.9,10240.0,34,27.297
2026-06-08T11:36:56.582808+00:00,scheduler,0,0,699.9,10240.0,35,23.157
2026-06-08T11:36:56.582808+00:00,scheduler,1,0,675.9,10240.0,39,24.866
2026-06-08T11:36:56.582808+00:00,scheduler,2,100,8837.9,10240.0,66,299.84
2026-06-08T11:36:56.582808+00:00,scheduler,3,0,699.9,10240.0,34,27.191
2026-06-08T11:37:01.584726+00:00,scheduler,0,0,699.9,10240.0,34,23.089
2026-06-08T11:37:01.584726+00:00,scheduler,1,0,675.9,10240.0,38,24.965
2026-06-08T11:37:01.584726+00:00,scheduler,2,100,8837.9,10240.0,66,297.069
2026-06-08T11:37:01.584726+00:00,scheduler,3,0,699.9,10240.0,34,27.212
2026-06-08T11:37:06.585435+00:00,scheduler,0,0,699.9,10240.0,34,23.492
2026-06-08T11:37:06.585435+00:00,scheduler,1,0,675.9,10240.0,38,24.744
2026-06-08T11:37:06.585435+00:00,scheduler,2,100,8837.9,10240.0,67,290.56
2026-06-08T11:37:06.585435+00:00,scheduler,3,0,699.9,10240.0,34,27.171
2026-06-08T11:37:11.586022+00:00,scheduler,0,0,699.9,10240.0,34,23.182
2026-06-08T11:37:11.586022+00:00,scheduler,1,0,675.9,10240.0,38,24.703
2026-06-08T11:37:11.586022+00:00,scheduler,2,100,8837.9,10240.0,67,284.296
2026-06-08T11:37:11.586022+00:00,scheduler,3,0,699.9,10240.0,34,27.119
2026-06-08T11:37:16.587927+00:00,scheduler,0,0,699.9,10240.0,34,23.319
2026-06-08T11:37:16.587927+00:00,scheduler,1,0,675.9,10240.0,38,24.813
2026-06-08T11:37:16.587927+00:00,scheduler,2,100,8837.9,10240.0,68,281.304
2026-06-08T11:37:16.587927+00:00,scheduler,3,0,699.9,10240.0,34,27.163
2026-06-08T11:37:21.591018+00:00,scheduler,0,0,699.9,10240.0,34,23.156
2026-06-08T11:37:21.591018+00:00,scheduler,1,0,675.9,10240.0,38,24.66
2026-06-08T11:37:21.591018+00:00,scheduler,2,8,8837.9,10240.0,52,96.594
2026-06-08T11:37:21.591018+00:00,scheduler,3,0,699.9,10240.0,34,27.022
2026-06-08T11:37:26.591729+00:00,scheduler,0,0,699.9,10240.0,34,23.235
2026-06-08T11:37:26.591729+00:00,scheduler,1,0,675.9,10240.0,38,24.825
2026-06-08T11:37:26.591729+00:00,scheduler,2,0,699.9,10240.0,53,120.291
2026-06-08T11:37:26.591729+00:00,scheduler,3,10,8721.9,10240.0,42,115.852
2026-06-08T11:37:31.592398+00:00,scheduler,0,0,699.9,10240.0,34,23.201
2026-06-08T11:37:31.592398+00:00,scheduler,1,0,675.9,10240.0,38,24.659
2026-06-08T11:37:31.592398+00:00,scheduler,2,0,699.9,10240.0,50,93.831
2026-06-08T11:37:31.592398+00:00,scheduler,3,100,8837.9,10240.0,61,311.623
2026-06-08T11:37:36.592993+00:00,scheduler,0,0,699.9,10240.0,34,23.219
2026-06-08T11:37:36.592993+00:00,scheduler,1,0,675.9,10240.0,38,24.961
2026-06-08T11:37:36.592993+00:00,scheduler,2,0,699.9,10240.0,49,93.37
2026-06-08T11:37:36.592993+00:00,scheduler,3,100,8837.9,10240.0,67,318.865
2026-06-08T11:37:41.594922+00:00,scheduler,0,0,699.9,10240.0,34,23.284
2026-06-08T11:37:41.594922+00:00,scheduler,1,0,675.9,10240.0,38,24.894
2026-06-08T11:37:41.594922+00:00,scheduler,2,0,699.9,10240.0,48,88.3
2026-06-08T11:37:41.594922+00:00,scheduler,3,100,8837.9,10240.0,69,317.795
2026-06-08T11:37:46.595907+00:00,scheduler,0,0,699.9,10240.0,34,23.229
2026-06-08T11:37:46.595907+00:00,scheduler,1,0,675.9,10240.0,38,24.742
2026-06-08T11:37:46.595907+00:00,scheduler,2,0,699.9,10240.0,42,20.881
2026-06-08T11:37:46.595907+00:00,scheduler,3,100,8837.9,10240.0,69,317.04
2026-06-08T11:37:51.596521+00:00,scheduler,0,0,699.9,10240.0,34,23.288
2026-06-08T11:37:51.596521+00:00,scheduler,1,0,675.9,10240.0,38,24.838
2026-06-08T11:37:51.596521+00:00,scheduler,2,0,699.9,10240.0,41,20.388
2026-06-08T11:37:51.596521+00:00,scheduler,3,100,8837.9,10240.0,70,318.548
2026-06-08T11:37:56.597125+00:00,scheduler,0,0,699.9,10240.0,34,23.307
2026-06-08T11:37:56.597125+00:00,scheduler,1,0,675.9,10240.0,38,24.753
2026-06-08T11:37:56.597125+00:00,scheduler,2,0,699.9,10240.0,40,20.347
2026-06-08T11:37:56.597125+00:00,scheduler,3,100,8837.9,10240.0,71,318.381
2026-06-08T11:38:01.597767+00:00,scheduler,0,0,699.9,10240.0,34,23.258
2026-06-08T11:38:01.597767+00:00,scheduler,1,0,675.9,10240.0,38,24.772
2026-06-08T11:38:01.597767+00:00,scheduler,2,0,699.9,10240.0,39,20.063
2026-06-08T11:38:01.597767+00:00,scheduler,3,100,8837.9,10240.0,71,318.314
2026-06-08T11:38:06.598469+00:00,scheduler,0,0,699.9,10240.0,34,23.496
2026-06-08T11:38:06.598469+00:00,scheduler,1,0,675.9,10240.0,38,24.913
2026-06-08T11:38:06.598469+00:00,scheduler,2,0,699.9,10240.0,39,19.962
2026-06-08T11:38:06.598469+00:00,scheduler,3,100,8837.9,10240.0,72,318.126
2026-06-08T11:38:11.599144+00:00,scheduler,0,92,8721.9,10240.0,41,157.36
2026-06-08T11:38:11.599144+00:00,scheduler,1,0,675.9,10240.0,38,24.872
2026-06-08T11:38:11.599144+00:00,scheduler,2,0,699.9,10240.0,38,20.103
2026-06-08T11:38:11.599144+00:00,scheduler,3,100,8837.9,10240.0,66,302.122
2026-06-08T11:38:16.599760+00:00,scheduler,0,34,8151.9,10240.0,40,111.854
2026-06-08T11:38:16.599760+00:00,scheduler,1,0,675.9,10240.0,38,24.535
2026-06-08T11:38:16.599760+00:00,scheduler,2,0,699.9,10240.0,38,19.886
2026-06-08T11:38:16.599760+00:00,scheduler,3,10,8837.9,10240.0,52,100.242
2026-06-08T11:38:21.601781+00:00,scheduler,0,100,8837.9,10240.0,53,319.078
2026-06-08T11:38:21.601781+00:00,scheduler,1,0,675.9,10240.0,38,24.714
2026-06-08T11:38:21.601781+00:00,scheduler,2,0,699.9,10240.0,37,20.11
2026-06-08T11:38:21.601781+00:00,scheduler,3,0,699.9,10240.0,51,106.023
2026-06-08T11:38:26.602622+00:00,scheduler,0,100,8837.9,10240.0,54,319.329
2026-06-08T11:38:26.602622+00:00,scheduler,1,0,675.9,10240.0,37,24.883
2026-06-08T11:38:26.602622+00:00,scheduler,2,10,8721.9,10240.0,45,119.863
2026-06-08T11:38:26.602622+00:00,scheduler,3,0,699.9,10240.0,49,98.514
2026-06-08T11:38:31.603252+00:00,scheduler,0,100,8837.9,10240.0,56,319.069
2026-06-08T11:38:31.603252+00:00,scheduler,1,0,675.9,10240.0,37,24.733
2026-06-08T11:38:31.603252+00:00,scheduler,2,96,3075.9,10240.0,45,101.792
2026-06-08T11:38:31.603252+00:00,scheduler,3,0,699.9,10240.0,49,98.485
2026-06-08T11:38:36.604008+00:00,scheduler,0,100,8837.9,10240.0,57,318.696
2026-06-08T11:38:36.604008+00:00,scheduler,1,0,675.9,10240.0,37,24.731
2026-06-08T11:38:36.604008+00:00,scheduler,2,100,8837.9,10240.0,63,318.507
2026-06-08T11:38:36.604008+00:00,scheduler,3,0,699.9,10240.0,44,35.773
2026-06-08T11:38:41.604591+00:00,scheduler,0,100,8837.9,10240.0,58,318.951
2026-06-08T11:38:41.604591+00:00,scheduler,1,0,675.9,10240.0,37,24.844
2026-06-08T11:38:41.604591+00:00,scheduler,2,100,8837.9,10240.0,66,318.8
2026-06-08T11:38:41.604591+00:00,scheduler,3,0,699.9,10240.0,42,27.929
2026-06-08T11:38:46.605172+00:00,scheduler,0,100,8837.9,10240.0,59,319.053
2026-06-08T11:38:46.605172+00:00,scheduler,1,0,675.9,10240.0,37,24.627
2026-06-08T11:38:46.605172+00:00,scheduler,2,100,8837.9,10240.0,66,301.205
2026-06-08T11:38:46.605172+00:00,scheduler,3,0,699.9,10240.0,40,27.9
2026-06-08T11:38:51.605696+00:00,scheduler,0,100,8837.9,10240.0,60,319.146
2026-06-08T11:38:51.605696+00:00,scheduler,1,0,675.9,10240.0,37,24.632
2026-06-08T11:38:51.605696+00:00,scheduler,2,100,8837.9,10240.0,67,295.618
2026-06-08T11:38:51.605696+00:00,scheduler,3,0,699.9,10240.0,39,27.656
2026-06-08T11:38:56.606333+00:00,scheduler,0,100,8837.9,10240.0,60,317.891
2026-06-08T11:38:56.606333+00:00,scheduler,1,0,675.9,10240.0,37,24.65
2026-06-08T11:38:56.606333+00:00,scheduler,2,100,8837.9,10240.0,67,293.397
2026-06-08T11:38:56.606333+00:00,scheduler,3,0,699.9,10240.0,38,27.918
2026-06-08T11:39:01.606884+00:00,scheduler,0,8,8837.9,10240.0,50,97.586
2026-06-08T11:39:01.606884+00:00,scheduler,1,0,675.9,10240.0,37,24.671
2026-06-08T11:39:01.606884+00:00,scheduler,2,100,8837.9,10240.0,68,286.879
2026-06-08T11:39:01.606884+00:00,scheduler,3,0,699.9,10240.0,38,27.587
2026-06-08T11:39:06.607699+00:00,scheduler,0,0,699.9,10240.0,49,105.007
2026-06-08T11:39:06.607699+00:00,scheduler,1,0,675.9,10240.0,37,24.788
2026-06-08T11:39:06.607699+00:00,scheduler,2,100,8837.9,10240.0,67,282.635
2026-06-08T11:39:06.607699+00:00,scheduler,3,0,699.9,10240.0,37,27.622
2026-06-08T11:39:11.608336+00:00,scheduler,0,0,699.9,10240.0,48,96.161
2026-06-08T11:39:11.608336+00:00,scheduler,1,0,675.9,10240.0,37,24.804
2026-06-08T11:39:11.608336+00:00,scheduler,2,100,8837.9,10240.0,68,283.853
2026-06-08T11:39:11.608336+00:00,scheduler,3,0,699.9,10240.0,37,27.406
2026-06-08T11:39:16.609014+00:00,scheduler,0,0,699.9,10240.0,47,96.66
2026-06-08T11:39:16.609014+00:00,scheduler,1,0,675.9,10240.0,37,24.612
2026-06-08T11:39:16.609014+00:00,scheduler,2,17,8837.9,10240.0,58,130.345
2026-06-08T11:39:16.609014+00:00,scheduler,3,0,699.9,10240.0,37,27.379
2026-06-08T11:39:21.609670+00:00,scheduler,0,0,699.9,10240.0,43,67.424
2026-06-08T11:39:21.609670+00:00,scheduler,1,0,675.9,10240.0,37,24.521
2026-06-08T11:39:21.609670+00:00,scheduler,2,9,8837.9,10240.0,52,96.008
2026-06-08T11:39:21.609670+00:00,scheduler,3,0,699.9,10240.0,36,27.445
2026-06-08T11:39:26.610289+00:00,scheduler,0,0,699.9,10240.0,42,24.128
2026-06-08T11:39:26.610289+00:00,scheduler,1,0,675.9,10240.0,37,24.657
2026-06-08T11:39:26.610289+00:00,scheduler,2,0,699.9,10240.0,51,99.044
2026-06-08T11:39:26.610289+00:00,scheduler,3,0,699.9,10240.0,36,27.275
2026-06-08T11:39:31.610923+00:00,scheduler,0,0,699.9,10240.0,41,23.555
2026-06-08T11:39:31.610923+00:00,scheduler,1,0,675.9,10240.0,37,24.549
2026-06-08T11:39:31.610923+00:00,scheduler,2,0,699.9,10240.0,50,93.35
2026-06-08T11:39:31.610923+00:00,scheduler,3,26,8281.9,10240.0,41,98.092
2026-06-08T11:39:36.611550+00:00,scheduler,0,0,699.9,10240.0,40,23.728
2026-06-08T11:39:36.611550+00:00,scheduler,1,0,675.9,10240.0,37,24.588
2026-06-08T11:39:36.611550+00:00,scheduler,2,0,699.9,10240.0,49,92.859
2026-06-08T11:39:36.611550+00:00,scheduler,3,10,995.9,10240.0,43,98.552
2026-06-08T11:39:41.612151+00:00,scheduler,0,0,699.9,10240.0,39,23.704
2026-06-08T11:39:41.612151+00:00,scheduler,1,0,675.9,10240.0,37,24.658
2026-06-08T11:39:41.612151+00:00,scheduler,2,0,699.9,10240.0,44,22.557
2026-06-08T11:39:41.612151+00:00,scheduler,3,100,8837.9,10240.0,65,319.054
2026-06-08T11:39:46.612746+00:00,scheduler,0,0,2169.9,10240.0,41,32.329
2026-06-08T11:39:46.612746+00:00,scheduler,1,0,675.9,10240.0,37,24.876
2026-06-08T11:39:46.612746+00:00,scheduler,2,0,699.9,10240.0,42,20.314
2026-06-08T11:39:46.612746+00:00,scheduler,3,100,8837.9,10240.0,69,319.367
2026-06-08T11:39:51.613258+00:00,scheduler,0,13,8721.9,10240.0,44,111.859
2026-06-08T11:39:51.613258+00:00,scheduler,1,0,675.9,10240.0,37,24.769
2026-06-08T11:39:51.613258+00:00,scheduler,2,0,699.9,10240.0,40,20.278
2026-06-08T11:39:51.613258+00:00,scheduler,3,100,8837.9,10240.0,70,319.333
2026-06-08T11:39:56.613958+00:00,scheduler,0,100,8837.9,10240.0,55,319.138
2026-06-08T11:39:56.613958+00:00,scheduler,1,0,675.9,10240.0,37,24.848
2026-06-08T11:39:56.613958+00:00,scheduler,2,0,699.9,10240.0,40,19.992
2026-06-08T11:39:56.613958+00:00,scheduler,3,100,8837.9,10240.0,70,319.315
2026-06-08T11:40:01.614564+00:00,scheduler,0,100,8837.9,10240.0,57,319.296
2026-06-08T11:40:01.614564+00:00,scheduler,1,0,675.9,10240.0,37,24.933
2026-06-08T11:40:01.614564+00:00,scheduler,2,0,699.9,10240.0,39,19.781
2026-06-08T11:40:01.614564+00:00,scheduler,3,100,8837.9,10240.0,71,318.929
2026-06-08T11:40:06.615253+00:00,scheduler,0,100,8837.9,10240.0,58,319.702
2026-06-08T11:40:06.615253+00:00,scheduler,1,0,675.9,10240.0,37,24.809
2026-06-08T11:40:06.615253+00:00,scheduler,2,0,699.9,10240.0,38,19.778
2026-06-08T11:40:06.615253+00:00,scheduler,3,100,8837.9,10240.0,71,318.429
2026-06-08T11:40:11.615904+00:00,scheduler,0,100,8837.9,10240.0,59,319.167
2026-06-08T11:40:11.615904+00:00,scheduler,1,0,675.9,10240.0,37,24.765
2026-06-08T11:40:11.615904+00:00,scheduler,2,0,699.9,10240.0,38,19.702
2026-06-08T11:40:11.615904+00:00,scheduler,3,100,8837.9,10240.0,72,318.721
2026-06-08T11:40:16.616554+00:00,scheduler,0,100,8837.9,10240.0,60,318.952
2026-06-08T11:40:16.616554+00:00,scheduler,1,0,675.9,10240.0,37,24.742
2026-06-08T11:40:16.616554+00:00,scheduler,2,0,699.9,10240.0,37,19.781
2026-06-08T11:40:16.616554+00:00,scheduler,3,100,8837.9,10240.0,72,318.847
2026-06-08T11:40:21.617222+00:00,scheduler,0,100,8837.9,10240.0,60,319.09
2026-06-08T11:40:21.617222+00:00,scheduler,1,8,8697.9,10240.0,54,157.674
2026-06-08T11:40:21.617222+00:00,scheduler,2,0,699.9,10240.0,37,19.509
2026-06-08T11:40:21.617222+00:00,scheduler,3,10,8837.9,10240.0,57,128.456
2026-06-08T11:40:26.617806+00:00,scheduler,0,100,8837.9,10240.0,61,318.673
2026-06-08T11:40:26.617806+00:00,scheduler,1,9,8697.9,10240.0,47,100.094
2026-06-08T11:40:26.617806+00:00,scheduler,2,0,699.9,10240.0,37,19.568
2026-06-08T11:40:26.617806+00:00,scheduler,3,10,2979.9,10240.0,52,105.529
2026-06-08T11:40:31.618341+00:00,scheduler,0,100,8837.9,10240.0,61,318.819
2026-06-08T11:40:31.618341+00:00,scheduler,1,100,8813.9,10240.0,68,311.24
2026-06-08T11:40:31.618341+00:00,scheduler,2,0,699.9,10240.0,36,19.547
2026-06-08T11:40:31.618341+00:00,scheduler,3,0,699.9,10240.0,50,99.189
2026-06-08T11:40:36.618988+00:00,scheduler,0,19,8837.9,10240.0,52,117.707
2026-06-08T11:40:36.618988+00:00,scheduler,1,100,8813.9,10240.0,68,283.164
2026-06-08T11:40:36.618988+00:00,scheduler,2,0,699.9,10240.0,36,19.852
2026-06-08T11:40:36.618988+00:00,scheduler,3,0,699.9,10240.0,49,98.682
2026-06-08T11:40:41.619603+00:00,scheduler,0,60,699.9,10240.0,51,145.527
2026-06-08T11:40:41.619603+00:00,scheduler,1,100,8813.9,10240.0,68,274.855
2026-06-08T11:40:41.619603+00:00,scheduler,2,0,699.9,10240.0,36,19.676
2026-06-08T11:40:41.619603+00:00,scheduler,3,0,699.9,10240.0,49,98.364
2026-06-08T11:40:46.620238+00:00,scheduler,0,0,699.9,10240.0,49,96.646
2026-06-08T11:40:46.620238+00:00,scheduler,1,100,8813.9,10240.0,69,270.676
2026-06-08T11:40:46.620238+00:00,scheduler,2,0,699.9,10240.0,36,19.643
2026-06-08T11:40:46.620238+00:00,scheduler,3,0,699.9,10240.0,43,28.367
2026-06-08T11:40:51.620894+00:00,scheduler,0,0,699.9,10240.0,48,97.263
2026-06-08T11:40:51.620894+00:00,scheduler,1,100,8813.9,10240.0,69,271.088
2026-06-08T11:40:51.620894+00:00,scheduler,2,0,699.9,10240.0,35,19.555
2026-06-08T11:40:51.620894+00:00,scheduler,3,0,699.9,10240.0,41,28.256
2026-06-08T11:40:56.621576+00:00,scheduler,0,0,699.9,10240.0,47,96.785
2026-06-08T11:40:56.621576+00:00,scheduler,1,100,8813.9,10240.0,69,264.112
2026-06-08T11:40:56.621576+00:00,scheduler,2,13,8721.9,10240.0,44,113.833
2026-06-08T11:40:56.621576+00:00,scheduler,3,0,699.9,10240.0,40,27.903
2026-06-08T11:41:01.622239+00:00,scheduler,0,0,699.9,10240.0,42,24.067
2026-06-08T11:41:01.622239+00:00,scheduler,1,100,8813.9,10240.0,70,263.837
2026-06-08T11:41:01.622239+00:00,scheduler,2,42,5469.9,10240.0,44,109.822
2026-06-08T11:41:01.622239+00:00,scheduler,3,0,699.9,10240.0,39,27.797
2026-06-08T11:41:06.622858+00:00,scheduler,0,0,699.9,10240.0,41,23.821
2026-06-08T11:41:06.622858+00:00,scheduler,1,100,8813.9,10240.0,71,265.075
2026-06-08T11:41:06.622858+00:00,scheduler,2,100,8837.9,10240.0,62,318.877
2026-06-08T11:41:06.622858+00:00,scheduler,3,0,699.9,10240.0,38,27.616
2026-06-08T11:41:11.623518+00:00,scheduler,0,0,699.9,10240.0,40,23.734
2026-06-08T11:41:11.623518+00:00,scheduler,1,100,8813.9,10240.0,71,262.244
2026-06-08T11:41:11.623518+00:00,scheduler,2,100,8837.9,10240.0,65,319.414
2026-06-08T11:41:11.623518+00:00,scheduler,3,0,699.9,10240.0,38,27.798
2026-06-08T11:41:16.624228+00:00,scheduler,0,0,699.9,10240.0,39,23.615
2026-06-08T11:41:16.624228+00:00,scheduler,1,10,8813.9,10240.0,58,106.139
2026-06-08T11:41:16.624228+00:00,scheduler,2,100,8837.9,10240.0,65,305.003
2026-06-08T11:41:16.624228+00:00,scheduler,3,0,699.9,10240.0,37,27.462
2026-06-08T11:41:21.624855+00:00,scheduler,0,0,699.9,10240.0,39,23.605
2026-06-08T11:41:21.624855+00:00,scheduler,1,0,675.9,10240.0,57,114.88
2026-06-08T11:41:21.624855+00:00,scheduler,2,100,8837.9,10240.0,66,295.65
2026-06-08T11:41:21.624855+00:00,scheduler,3,0,699.9,10240.0,37,27.763
2026-06-08T11:41:26.625627+00:00,scheduler,0,0,699.9,10240.0,38,23.803
2026-06-08T11:41:26.625627+00:00,scheduler,1,0,675.9,10240.0,56,103.989
2026-06-08T11:41:26.625627+00:00,scheduler,2,100,8837.9,10240.0,67,296.524
2026-06-08T11:41:26.625627+00:00,scheduler,3,0,699.9,10240.0,36,27.504
2026-06-08T11:41:31.626246+00:00,scheduler,0,0,699.9,10240.0,37,23.423
2026-06-08T11:41:31.626246+00:00,scheduler,1,0,675.9,10240.0,55,103.889
2026-06-08T11:41:31.626246+00:00,scheduler,2,100,8837.9,10240.0,67,291.054
2026-06-08T11:41:31.626246+00:00,scheduler,3,0,699.9,10240.0,36,27.568
2026-06-08T11:41:36.627017+00:00,scheduler,0,36,5429.9,10240.0,41,92.548
2026-06-08T11:41:36.627017+00:00,scheduler,1,0,675.9,10240.0,50,68.215
2026-06-08T11:41:36.627017+00:00,scheduler,2,100,8837.9,10240.0,68,288.934
2026-06-08T11:41:36.627017+00:00,scheduler,3,0,699.9,10240.0,36,27.394
2026-06-08T11:41:41.627568+00:00,scheduler,0,97,4605.9,10240.0,43,114.607
2026-06-08T11:41:41.627568+00:00,scheduler,1,0,675.9,10240.0,47,25.885
2026-06-08T11:41:41.627568+00:00,scheduler,2,100,8837.9,10240.0,68,284.941
2026-06-08T11:41:41.627568+00:00,scheduler,3,0,699.9,10240.0,35,27.474
2026-06-08T11:41:46.628442+00:00,scheduler,0,100,8837.9,10240.0,55,318.363
2026-06-08T11:41:46.628442+00:00,scheduler,1,0,675.9,10240.0,46,25.593
2026-06-08T11:41:46.628442+00:00,scheduler,2,19,8837.9,10240.0,55,123.448
2026-06-08T11:41:46.628442+00:00,scheduler,3,0,699.9,10240.0,35,27.485
2026-06-08T11:41:51.629024+00:00,scheduler,0,100,8837.9,10240.0,56,318.572
2026-06-08T11:41:51.629024+00:00,scheduler,1,0,675.9,10240.0,45,25.676
2026-06-08T11:41:51.629024+00:00,scheduler,2,0,699.9,10240.0,54,154.575
2026-06-08T11:41:51.629024+00:00,scheduler,3,0,699.9,10240.0,35,27.301
2026-06-08T11:41:56.629640+00:00,scheduler,0,100,8837.9,10240.0,57,318.583
2026-06-08T11:41:56.629640+00:00,scheduler,1,31,8677.9,10240.0,52,105.381
2026-06-08T11:41:56.629640+00:00,scheduler,2,0,699.9,10240.0,50,94.64
2026-06-08T11:41:56.629640+00:00,scheduler,3,0,699.9,10240.0,35,27.476
2026-06-08T11:42:01.630245+00:00,scheduler,0,100,8837.9,10240.0,58,318.818
2026-06-08T11:42:01.630245+00:00,scheduler,1,11,2151.9,10240.0,55,109.136
2026-06-08T11:42:01.630245+00:00,scheduler,2,0,699.9,10240.0,49,93.53
2026-06-08T11:42:01.630245+00:00,scheduler,3,0,699.9,10240.0,34,27.573
2026-06-08T11:42:06.630844+00:00,scheduler,0,100,8837.9,10240.0,59,318.936
2026-06-08T11:42:06.630844+00:00,scheduler,1,100,8813.9,10240.0,71,277.684
2026-06-08T11:42:06.630844+00:00,scheduler,2,0,699.9,10240.0,48,92.973
2026-06-08T11:42:06.630844+00:00,scheduler,3,0,699.9,10240.0,34,27.526
2026-06-08T11:42:11.631499+00:00,scheduler,0,100,8837.9,10240.0,60,319.248
2026-06-08T11:42:11.631499+00:00,scheduler,1,100,8813.9,10240.0,70,267.276
2026-06-08T11:42:11.631499+00:00,scheduler,2,0,699.9,10240.0,43,20.939
2026-06-08T11:42:11.631499+00:00,scheduler,3,94,8721.9,10240.0,43,156.923
2026-06-08T11:42:16.632046+00:00,scheduler,0,100,8837.9,10240.0,60,318.222
2026-06-08T11:42:16.632046+00:00,scheduler,1,100,8813.9,10240.0,71,263.647
2026-06-08T11:42:16.632046+00:00,scheduler,2,0,699.9,10240.0,41,20.461
2026-06-08T11:42:16.632046+00:00,scheduler,3,35,6711.9,10240.0,43,116.821
2026-06-08T11:42:21.632597+00:00,scheduler,0,100,8837.9,10240.0,61,318.489
2026-06-08T11:42:21.632597+00:00,scheduler,1,100,8813.9,10240.0,70,258.573
2026-06-08T11:42:21.632597+00:00,scheduler,2,0,699.9,10240.0,40,20.277
2026-06-08T11:42:21.632597+00:00,scheduler,3,100,8837.9,10240.0,66,318.926
2026-06-08T11:42:26.633244+00:00,scheduler,0,9,8837.9,10240.0,50,97.482
2026-06-08T11:42:26.633244+00:00,scheduler,1,100,8813.9,10240.0,71,258.158
2026-06-08T11:42:26.633244+00:00,scheduler,2,0,699.9,10240.0,39,20.271
2026-06-08T11:42:26.633244+00:00,scheduler,3,100,8837.9,10240.0,68,318.874
2026-06-08T11:42:31.633895+00:00,scheduler,0,0,699.9,10240.0,50,115.5
2026-06-08T11:42:31.633895+00:00,scheduler,1,100,8813.9,10240.0,71,258.336
2026-06-08T11:42:31.633895+00:00,scheduler,2,0,699.9,10240.0,39,19.908
2026-06-08T11:42:31.633895+00:00,scheduler,3,100,8837.9,10240.0,70,319.4
2026-06-08T11:42:36.634665+00:00,scheduler,0,0,699.9,10240.0,48,96.289
2026-06-08T11:42:36.634665+00:00,scheduler,1,100,8813.9,10240.0,71,253.533
2026-06-08T11:42:36.634665+00:00,scheduler,2,0,699.9,10240.0,38,19.904
2026-06-08T11:42:36.634665+00:00,scheduler,3,100,8837.9,10240.0,70,318.45
2026-06-08T11:42:41.635332+00:00,scheduler,0,0,699.9,10240.0,47,95.768
2026-06-08T11:42:41.635332+00:00,scheduler,1,100,8813.9,10240.0,72,256.695
2026-06-08T11:42:41.635332+00:00,scheduler,2,0,699.9,10240.0,37,19.755
2026-06-08T11:42:41.635332+00:00,scheduler,3,100,8837.9,10240.0,71,318.568
2026-06-08T11:42:46.636008+00:00,scheduler,0,0,699.9,10240.0,47,95.655
2026-06-08T11:42:46.636008+00:00,scheduler,1,100,8813.9,10240.0,72,255.034
2026-06-08T11:42:46.636008+00:00,scheduler,2,0,699.9,10240.0,37,19.639
2026-06-08T11:42:46.636008+00:00,scheduler,3,100,8837.9,10240.0,71,318.047
2026-06-08T11:42:51.636651+00:00,scheduler,0,0,699.9,10240.0,42,23.798
2026-06-08T11:42:51.636651+00:00,scheduler,1,10,8813.9,10240.0,59,106.857
2026-06-08T11:42:51.636651+00:00,scheduler,2,0,699.9,10240.0,37,19.803
2026-06-08T11:42:51.636651+00:00,scheduler,3,100,8837.9,10240.0,72,318.625
2026-06-08T11:42:56.637269+00:00,scheduler,0,0,699.9,10240.0,41,23.945
2026-06-08T11:42:56.637269+00:00,scheduler,1,0,675.9,10240.0,58,111.476
2026-06-08T11:42:56.637269+00:00,scheduler,2,0,699.9,10240.0,36,19.632
2026-06-08T11:42:56.637269+00:00,scheduler,3,100,8837.9,10240.0,72,318.262
2026-06-08T11:43:01.637889+00:00,scheduler,0,0,699.9,10240.0,40,23.713
2026-06-08T11:43:01.637889+00:00,scheduler,1,0,675.9,10240.0,57,105.16
2026-06-08T11:43:01.637889+00:00,scheduler,2,0,699.9,10240.0,36,19.315
2026-06-08T11:43:01.637889+00:00,scheduler,3,9,8837.9,10240.0,53,100.395
2026-06-08T11:43:06.638690+00:00,scheduler,0,0,699.9,10240.0,39,23.49
2026-06-08T11:43:06.638690+00:00,scheduler,1,0,675.9,10240.0,56,104.799
2026-06-08T11:43:06.638690+00:00,scheduler,2,0,699.9,10240.0,36,19.304
2026-06-08T11:43:06.638690+00:00,scheduler,3,0,699.9,10240.0,53,125.67
2026-06-08T11:43:11.639342+00:00,scheduler,0,0,699.9,10240.0,38,23.502
2026-06-08T11:43:11.639342+00:00,scheduler,1,0,675.9,10240.0,50,65.491
2026-06-08T11:43:11.639342+00:00,scheduler,2,0,699.9,10240.0,35,19.224
2026-06-08T11:43:11.639342+00:00,scheduler,3,0,699.9,10240.0,50,99.255
2026-06-08T11:43:16.640001+00:00,scheduler,0,0,699.9,10240.0,38,23.505
2026-06-08T11:43:16.640001+00:00,scheduler,1,0,675.9,10240.0,48,25.843
2026-06-08T11:43:16.640001+00:00,scheduler,2,0,699.9,10240.0,35,18.994
2026-06-08T11:43:16.640001+00:00,scheduler,3,0,699.9,10240.0,49,99.915
2026-06-08T11:43:21.640690+00:00,scheduler,0,0,699.9,10240.0,37,23.359
2026-06-08T11:43:21.640690+00:00,scheduler,1,0,675.9,10240.0,46,25.14
2026-06-08T11:43:21.640690+00:00,scheduler,2,0,699.9,10240.0,35,18.979
2026-06-08T11:43:21.640690+00:00,scheduler,3,0,699.9,10240.0,48,99.741
2026-06-08T11:43:26.641464+00:00,scheduler,0,0,699.9,10240.0,37,23.314
2026-06-08T11:43:26.641464+00:00,scheduler,1,0,675.9,10240.0,45,25.03
2026-06-08T11:43:26.641464+00:00,scheduler,2,0,699.9,10240.0,35,19.078
2026-06-08T11:43:26.641464+00:00,scheduler,3,0,699.9,10240.0,42,28.17
2026-06-08T11:43:31.642176+00:00,scheduler,0,0,699.9,10240.0,36,23.371
2026-06-08T11:43:31.642176+00:00,scheduler,1,0,675.9,10240.0,45,24.946
2026-06-08T11:43:31.642176+00:00,scheduler,2,0,699.9,10240.0,35,18.817
2026-06-08T11:43:31.642176+00:00,scheduler,3,0,699.9,10240.0,40,27.772
2026-06-08T11:43:36.642923+00:00,scheduler,0,0,699.9,10240.0,36,23.269
2026-06-08T11:43:36.642923+00:00,scheduler,1,0,675.9,10240.0,44,24.946
2026-06-08T11:43:36.642923+00:00,scheduler,2,0,699.9,10240.0,35,18.924
2026-06-08T11:43:36.642923+00:00,scheduler,3,0,699.9,10240.0,39,27.706
2026-06-08T11:43:41.643588+00:00,scheduler,0,0,699.9,10240.0,36,23.31
2026-06-08T11:43:41.643588+00:00,scheduler,1,0,675.9,10240.0,44,25.121
2026-06-08T11:43:41.643588+00:00,scheduler,2,0,699.9,10240.0,35,19.319
2026-06-08T11:43:41.643588+00:00,scheduler,3,0,699.9,10240.0,39,27.566
2026-06-08T11:43:46.644240+00:00,scheduler,0,0,699.9,10240.0,35,23.188
2026-06-08T11:43:46.644240+00:00,scheduler,1,0,1525.9,10240.0,45,27.521
2026-06-08T11:43:46.644240+00:00,scheduler,2,0,699.9,10240.0,34,19.189
2026-06-08T11:43:46.644240+00:00,scheduler,3,0,699.9,10240.0,38,27.476
2026-06-08T11:43:51.644846+00:00,scheduler,0,0,699.9,10240.0,35,23.261
2026-06-08T11:43:51.644846+00:00,scheduler,1,13,8697.9,10240.0,54,127.155
2026-06-08T11:43:51.644846+00:00,scheduler,2,0,699.9,10240.0,34,19.167
2026-06-08T11:43:51.644846+00:00,scheduler,3,0,699.9,10240.0,37,27.499
2026-06-08T11:43:56.645503+00:00,scheduler,0,0,699.9,10240.0,35,23.091
2026-06-08T11:43:56.645503+00:00,scheduler,1,100,8813.9,10240.0,70,272.209
2026-06-08T11:43:56.645503+00:00,scheduler,2,0,699.9,10240.0,34,19.158
2026-06-08T11:43:56.645503+00:00,scheduler,3,0,699.9,10240.0,37,27.563
2026-06-08T11:44:01.646081+00:00,scheduler,0,0,699.9,10240.0,35,23.364
2026-06-08T11:44:01.646081+00:00,scheduler,1,100,8813.9,10240.0,70,271.816
2026-06-08T11:44:01.646081+00:00,scheduler,2,0,699.9,10240.0,34,19.45
2026-06-08T11:44:01.646081+00:00,scheduler,3,0,699.9,10240.0,36,27.467
2026-06-08T11:44:06.646873+00:00,scheduler,0,0,699.9,10240.0,35,23.166
2026-06-08T11:44:06.646873+00:00,scheduler,1,100,8813.9,10240.0,70,267.319
2026-06-08T11:44:06.646873+00:00,scheduler,2,0,699.9,10240.0,34,19.216
2026-06-08T11:44:06.646873+00:00,scheduler,3,0,699.9,10240.0,36,27.554
2026-06-08T11:44:11.647464+00:00,scheduler,0,0,699.9,10240.0,35,23.182
2026-06-08T11:44:11.647464+00:00,scheduler,1,100,8813.9,10240.0,70,263.763
2026-06-08T11:44:11.647464+00:00,scheduler,2,0,699.9,10240.0,34,19.388
2026-06-08T11:44:11.647464+00:00,scheduler,3,0,699.9,10240.0,36,27.527
2026-06-08T11:44:16.648040+00:00,scheduler,0,0,699.9,10240.0,35,23.317
2026-06-08T11:44:16.648040+00:00,scheduler,1,100,8813.9,10240.0,71,261.627
2026-06-08T11:44:16.648040+00:00,scheduler,2,0,699.9,10240.0,34,19.324
2026-06-08T11:44:16.648040+00:00,scheduler,3,0,699.9,10240.0,35,27.456
2026-06-08T11:44:21.648661+00:00,scheduler,0,0,699.9,10240.0,34,23.146
2026-06-08T11:44:21.648661+00:00,scheduler,1,100,8813.9,10240.0,71,260.455
2026-06-08T11:44:21.648661+00:00,scheduler,2,0,699.9,10240.0,34,19.294
2026-06-08T11:44:21.648661+00:00,scheduler,3,0,699.9,10240.0,35,27.491
2026-06-08T11:44:26.651664+00:00,scheduler,0,0,699.9,10240.0,34,23.212
2026-06-08T11:44:26.651664+00:00,scheduler,1,100,8813.9,10240.0,71,260.205
2026-06-08T11:44:26.651664+00:00,scheduler,2,0,699.9,10240.0,34,19.288
2026-06-08T11:44:26.651664+00:00,scheduler,3,0,699.9,10240.0,35,27.368
2026-06-08T11:44:31.654672+00:00,scheduler,0,0,699.9,10240.0,34,23.36
2026-06-08T11:44:31.654672+00:00,scheduler,1,100,8813.9,10240.0,71,258.496
2026-06-08T11:44:31.654672+00:00,scheduler,2,0,699.9,10240.0,34,19.2
2026-06-08T11:44:31.654672+00:00,scheduler,3,0,699.9,10240.0,35,27.237
2026-06-08T11:44:36.659565+00:00,scheduler,0,0,699.9,10240.0,34,23.244
2026-06-08T11:44:36.659565+00:00,scheduler,1,100,8813.9,10240.0,71,258.624
2026-06-08T11:44:36.659565+00:00,scheduler,2,0,699.9,10240.0,34,19.275
2026-06-08T11:44:36.659565+00:00,scheduler,3,0,699.9,10240.0,35,27.211
2026-06-08T11:44:41.660205+00:00,scheduler,0,0,699.9,10240.0,34,23.301
2026-06-08T11:44:41.660205+00:00,scheduler,1,9,8813.9,10240.0,61,131.376
2026-06-08T11:44:41.660205+00:00,scheduler,2,0,699.9,10240.0,34,19.162
2026-06-08T11:44:41.660205+00:00,scheduler,3,0,699.9,10240.0,34,27.253
2026-06-08T11:44:46.661072+00:00,scheduler,0,18,8721.9,10240.0,40,111.32
2026-06-08T11:44:46.661072+00:00,scheduler,1,45,675.9,10240.0,61,158.56
2026-06-08T11:44:46.661072+00:00,scheduler,2,0,699.9,10240.0,34,19.231
2026-06-08T11:44:46.661072+00:00,scheduler,3,0,699.9,10240.0,34,27.389
2026-06-08T11:44:51.661772+00:00,scheduler,0,100,8837.9,10240.0,52,315.788
2026-06-08T11:44:51.661772+00:00,scheduler,1,0,675.9,10240.0,57,104.361
2026-06-08T11:44:51.661772+00:00,scheduler,2,0,699.9,10240.0,34,19.602
2026-06-08T11:44:51.661772+00:00,scheduler,3,0,699.9,10240.0,34,27.294
2026-06-08T11:44:56.662461+00:00,scheduler,0,100,8837.9,10240.0,54,318.387
2026-06-08T11:44:56.662461+00:00,scheduler,1,0,675.9,10240.0,56,103.543
2026-06-08T11:44:56.662461+00:00,scheduler,2,0,699.9,10240.0,34,19.47
2026-06-08T11:44:56.662461+00:00,scheduler,3,0,699.9,10240.0,34,27.256
2026-06-08T11:45:01.663127+00:00,scheduler,0,100,8837.9,10240.0,55,318.602
2026-06-08T11:45:01.663127+00:00,scheduler,1,0,675.9,10240.0,55,103.179
2026-06-08T11:45:01.663127+00:00,scheduler,2,0,699.9,10240.0,34,19.494
2026-06-08T11:45:01.663127+00:00,scheduler,3,0,699.9,10240.0,34,27.169
2026-06-08T11:45:06.663956+00:00,scheduler,0,100,8837.9,10240.0,56,319.083
2026-06-08T11:45:06.663956+00:00,scheduler,1,0,675.9,10240.0,47,25.749
2026-06-08T11:45:06.663956+00:00,scheduler,2,0,699.9,10240.0,34,19.433
2026-06-08T11:45:06.663956+00:00,scheduler,3,0,699.9,10240.0,34,27.414
2026-06-08T11:45:11.664525+00:00,scheduler,0,100,8837.9,10240.0,57,319.117
2026-06-08T11:45:11.664525+00:00,scheduler,1,0,675.9,10240.0,46,25.284
2026-06-08T11:45:11.664525+00:00,scheduler,2,0,699.9,10240.0,33,19.512
2026-06-08T11:45:11.664525+00:00,scheduler,3,32,8721.9,10240.0,49,156.285
2026-06-08T11:45:16.665068+00:00,scheduler,0,100,8837.9,10240.0,58,318.642
2026-06-08T11:45:16.665068+00:00,scheduler,1,0,675.9,10240.0,45,25.147
2026-06-08T11:45:16.665068+00:00,scheduler,2,0,699.9,10240.0,33,19.429
2026-06-08T11:45:16.665068+00:00,scheduler,3,34,6171.9,10240.0,43,117.747
2026-06-08T11:45:21.665627+00:00,scheduler,0,100,8837.9,10240.0,59,319.207
2026-06-08T11:45:21.665627+00:00,scheduler,1,0,675.9,10240.0,44,25.266
2026-06-08T11:45:21.665627+00:00,scheduler,2,0,699.9,10240.0,33,19.423
2026-06-08T11:45:21.665627+00:00,scheduler,3,100,8837.9,10240.0,66,318.955
2026-06-08T11:45:26.666384+00:00,scheduler,0,100,8837.9,10240.0,60,319.205
2026-06-08T11:45:26.666384+00:00,scheduler,1,0,675.9,10240.0,43,25.24
2026-06-08T11:45:26.666384+00:00,scheduler,2,0,699.9,10240.0,33,19.4
2026-06-08T11:45:26.666384+00:00,scheduler,3,100,8837.9,10240.0,68,318.651
2026-06-08T11:45:31.666984+00:00,scheduler,0,9,8837.9,10240.0,52,117.443
2026-06-08T11:45:31.666984+00:00,scheduler,1,0,675.9,10240.0,43,25.373
2026-06-08T11:45:31.666984+00:00,scheduler,2,0,699.9,10240.0,33,19.399
2026-06-08T11:45:31.666984+00:00,scheduler,3,100,8837.9,10240.0,69,319.101
2026-06-08T11:45:36.667520+00:00,scheduler,0,100,763.9,10240.0,51,140.815
2026-06-08T11:45:36.667520+00:00,scheduler,1,0,675.9,10240.0,42,25.079
2026-06-08T11:45:36.667520+00:00,scheduler,2,0,699.9,10240.0,33,19.33
2026-06-08T11:45:36.667520+00:00,scheduler,3,100,8837.9,10240.0,70,319.545
2026-06-08T11:45:41.668082+00:00,scheduler,0,0,699.9,10240.0,48,96.739
2026-06-08T11:45:41.668082+00:00,scheduler,1,0,675.9,10240.0,42,25.036
2026-06-08T11:45:41.668082+00:00,scheduler,2,0,699.9,10240.0,33,19.311
2026-06-08T11:45:41.668082+00:00,scheduler,3,100,8837.9,10240.0,71,318.009
2026-06-08T11:45:46.668695+00:00,scheduler,0,0,699.9,10240.0,48,96.33
2026-06-08T11:45:46.668695+00:00,scheduler,1,0,675.9,10240.0,41,25.204
2026-06-08T11:45:46.668695+00:00,scheduler,2,0,699.9,10240.0,33,19.449
2026-06-08T11:45:46.668695+00:00,scheduler,3,100,8837.9,10240.0,71,317.865
2026-06-08T11:45:51.669254+00:00,scheduler,0,0,699.9,10240.0,47,96.013
2026-06-08T11:45:51.669254+00:00,scheduler,1,0,675.9,10240.0,41,24.955
2026-06-08T11:45:51.669254+00:00,scheduler,2,0,699.9,10240.0,33,19.301
2026-06-08T11:45:51.669254+00:00,scheduler,3,100,8837.9,10240.0,72,318.493
2026-06-08T11:45:56.669815+00:00,scheduler,0,0,699.9,10240.0,42,24.208
2026-06-08T11:45:56.669815+00:00,scheduler,1,0,675.9,10240.0,41,25.043
2026-06-08T11:45:56.669815+00:00,scheduler,2,0,699.9,10240.0,33,19.335
2026-06-08T11:45:56.669815+00:00,scheduler,3,100,8837.9,10240.0,73,318.281
2026-06-08T11:46:01.670423+00:00,scheduler,0,0,699.9,10240.0,41,23.853
2026-06-08T11:46:01.670423+00:00,scheduler,1,0,675.9,10240.0,40,24.749
2026-06-08T11:46:01.670423+00:00,scheduler,2,0,2945.9,10240.0,36,38.17
2026-06-08T11:46:01.670423+00:00,scheduler,3,10,8837.9,10240.0,53,100.614
2026-06-08T11:46:06.670999+00:00,scheduler,0,0,699.9,10240.0,40,23.661
2026-06-08T11:46:06.670999+00:00,scheduler,1,0,675.9,10240.0,40,24.774
2026-06-08T11:46:06.670999+00:00,scheduler,2,10,8721.9,10240.0,40,91.349
2026-06-08T11:46:06.670999+00:00,scheduler,3,0,699.9,10240.0,53,126.119
2026-06-08T11:46:11.671590+00:00,scheduler,0,0,699.9,10240.0,39,23.673
2026-06-08T11:46:11.671590+00:00,scheduler,1,0,675.9,10240.0,40,24.772
2026-06-08T11:46:11.671590+00:00,scheduler,2,34,8835.9,10240.0,48,131.478
2026-06-08T11:46:11.671590+00:00,scheduler,3,0,699.9,10240.0,50,99.096
2026-06-08T11:46:16.672342+00:00,scheduler,0,0,699.9,10240.0,39,23.631
2026-06-08T11:46:16.672342+00:00,scheduler,1,0,675.9,10240.0,40,24.871
2026-06-08T11:46:16.672342+00:00,scheduler,2,100,8837.9,10240.0,61,318.85
2026-06-08T11:46:16.672342+00:00,scheduler,3,0,699.9,10240.0,49,98.552
2026-06-08T11:46:21.673057+00:00,scheduler,0,0,699.9,10240.0,38,23.568
2026-06-08T11:46:21.673057+00:00,scheduler,1,0,675.9,10240.0,40,25.085
2026-06-08T11:46:21.673057+00:00,scheduler,2,100,8837.9,10240.0,64,318.832
2026-06-08T11:46:21.673057+00:00,scheduler,3,0,699.9,10240.0,48,99.523
2026-06-08T11:46:26.673658+00:00,scheduler,0,0,699.9,10240.0,37,23.573
2026-06-08T11:46:26.673658+00:00,scheduler,1,0,675.9,10240.0,39,24.926
2026-06-08T11:46:26.673658+00:00,scheduler,2,100,8837.9,10240.0,65,313.437
2026-06-08T11:46:26.673658+00:00,scheduler,3,0,699.9,10240.0,42,27.929
2026-06-08T11:46:31.674428+00:00,scheduler,0,0,699.9,10240.0,37,23.534
2026-06-08T11:46:31.674428+00:00,scheduler,1,0,675.9,10240.0,39,24.859
2026-06-08T11:46:31.674428+00:00,scheduler,2,100,8837.9,10240.0,65,299.996
2026-06-08T11:46:31.674428+00:00,scheduler,3,0,699.9,10240.0,41,27.801
2026-06-08T11:46:36.674935+00:00,scheduler,0,0,699.9,10240.0,37,23.515
2026-06-08T11:46:36.674935+00:00,scheduler,1,0,675.9,10240.0,39,24.963
2026-06-08T11:46:36.674935+00:00,scheduler,2,100,8837.9,10240.0,66,299.916
2026-06-08T11:46:36.674935+00:00,scheduler,3,0,699.9,10240.0,40,27.814
2026-06-08T11:46:41.675557+00:00,scheduler,0,0,699.9,10240.0,36,23.812
2026-06-08T11:46:41.675557+00:00,scheduler,1,0,675.9,10240.0,39,24.865
2026-06-08T11:46:41.675557+00:00,scheduler,2,100,8837.9,10240.0,67,290.588
2026-06-08T11:46:41.675557+00:00,scheduler,3,0,699.9,10240.0,39,27.6
2026-06-08T11:46:46.676132+00:00,scheduler,0,0,699.9,10240.0,36,23.453
2026-06-08T11:46:46.676132+00:00,scheduler,1,0,675.9,10240.0,39,24.849
2026-06-08T11:46:46.676132+00:00,scheduler,2,100,8837.9,10240.0,67,287.093
2026-06-08T11:46:46.676132+00:00,scheduler,3,0,699.9,10240.0,38,27.862
2026-06-08T11:46:51.676808+00:00,scheduler,0,0,1441.9,10240.0,36,23.468
2026-06-08T11:46:51.676808+00:00,scheduler,1,0,675.9,10240.0,39,24.897
2026-06-08T11:46:51.676808+00:00,scheduler,2,100,8837.9,10240.0,67,281.004
2026-06-08T11:46:51.676808+00:00,scheduler,3,36,7165.9,10240.0,43,98.241
2026-06-08T11:46:56.677416+00:00,scheduler,0,9,3219.9,10240.0,42,113.397
2026-06-08T11:46:56.677416+00:00,scheduler,1,0,675.9,10240.0,39,25.074
2026-06-08T11:46:56.677416+00:00,scheduler,2,9,8837.9,10240.0,53,98.992
2026-06-08T11:46:56.677416+00:00,scheduler,3,93,2913.9,10240.0,46,112.717
2026-06-08T11:47:01.678099+00:00,scheduler,0,100,8837.9,10240.0,54,318.947
2026-06-08T11:47:01.678099+00:00,scheduler,1,0,675.9,10240.0,39,25.007
2026-06-08T11:47:01.678099+00:00,scheduler,2,0,699.9,10240.0,53,120.771
2026-06-08T11:47:01.678099+00:00,scheduler,3,100,8837.9,10240.0,67,318.368
2026-06-08T11:47:06.678691+00:00,scheduler,0,100,8837.9,10240.0,56,319.552
2026-06-08T11:47:06.678691+00:00,scheduler,1,0,675.9,10240.0,39,25.002
2026-06-08T11:47:06.678691+00:00,scheduler,2,0,699.9,10240.0,49,93.891
2026-06-08T11:47:06.678691+00:00,scheduler,3,100,8837.9,10240.0,69,317.101
2026-06-08T11:47:11.679340+00:00,scheduler,0,100,8837.9,10240.0,57,319.464
2026-06-08T11:47:11.679340+00:00,scheduler,1,0,675.9,10240.0,38,25.028
2026-06-08T11:47:11.679340+00:00,scheduler,2,0,699.9,10240.0,49,93.119
2026-06-08T11:47:11.679340+00:00,scheduler,3,100,8837.9,10240.0,70,318.538
2026-06-08T11:47:16.679979+00:00,scheduler,0,100,8837.9,10240.0,58,319.374
2026-06-08T11:47:16.679979+00:00,scheduler,1,0,675.9,10240.0,38,24.788
2026-06-08T11:47:16.679979+00:00,scheduler,2,0,699.9,10240.0,48,94.094
2026-06-08T11:47:16.679979+00:00,scheduler,3,100,8837.9,10240.0,71,318.626
2026-06-08T11:47:21.680565+00:00,scheduler,0,100,8837.9,10240.0,58,318.279
2026-06-08T11:47:21.680565+00:00,scheduler,1,0,675.9,10240.0,38,24.961
2026-06-08T11:47:21.680565+00:00,scheduler,2,0,699.9,10240.0,42,21.062
2026-06-08T11:47:21.680565+00:00,scheduler,3,100,8837.9,10240.0,71,318.547
2026-06-08T11:47:26.681289+00:00,scheduler,0,100,8837.9,10240.0,59,318.312
2026-06-08T11:47:26.681289+00:00,scheduler,1,0,675.9,10240.0,38,24.988
2026-06-08T11:47:26.681289+00:00,scheduler,2,0,699.9,10240.0,41,20.656
2026-06-08T11:47:26.681289+00:00,scheduler,3,100,8837.9,10240.0,72,318.423
2026-06-08T11:47:31.681829+00:00,scheduler,0,100,8837.9,10240.0,60,318.578
2026-06-08T11:47:31.681829+00:00,scheduler,1,0,675.9,10240.0,38,25.054
2026-06-08T11:47:31.681829+00:00,scheduler,2,0,699.9,10240.0,40,20.262
2026-06-08T11:47:31.681829+00:00,scheduler,3,100,8837.9,10240.0,72,318.451
2026-06-08T11:47:36.682589+00:00,scheduler,0,100,8837.9,10240.0,61,318.691
2026-06-08T11:47:36.682589+00:00,scheduler,1,0,675.9,10240.0,38,24.898
2026-06-08T11:47:36.682589+00:00,scheduler,2,0,699.9,10240.0,39,20.192
2026-06-08T11:47:36.682589+00:00,scheduler,3,100,8837.9,10240.0,73,318.472
2026-06-08T11:47:41.683246+00:00,scheduler,0,10,8837.9,10240.0,50,97.966
2026-06-08T11:47:41.683246+00:00,scheduler,1,0,675.9,10240.0,38,24.808
2026-06-08T11:47:41.683246+00:00,scheduler,2,0,699.9,10240.0,38,19.934
2026-06-08T11:47:41.683246+00:00,scheduler,3,10,8837.9,10240.0,54,118.877
2026-06-08T11:47:46.683919+00:00,scheduler,0,0,699.9,10240.0,50,115.707
2026-06-08T11:47:46.683919+00:00,scheduler,1,0,675.9,10240.0,38,24.919
2026-06-08T11:47:46.683919+00:00,scheduler,2,0,699.9,10240.0,38,19.852
2026-06-08T11:47:46.683919+00:00,scheduler,3,0,699.9,10240.0,54,143.649
2026-06-08T11:47:51.684623+00:00,scheduler,0,0,699.9,10240.0,48,97.806
2026-06-08T11:47:51.684623+00:00,scheduler,1,0,675.9,10240.0,38,24.717
2026-06-08T11:47:51.684623+00:00,scheduler,2,0,699.9,10240.0,37,19.677
2026-06-08T11:47:51.684623+00:00,scheduler,3,0,699.9,10240.0,50,99.702
2026-06-08T11:47:56.685189+00:00,scheduler,0,0,699.9,10240.0,47,97.427
2026-06-08T11:47:56.685189+00:00,scheduler,1,0,675.9,10240.0,38,24.661
2026-06-08T11:47:56.685189+00:00,scheduler,2,0,699.9,10240.0,37,19.752
2026-06-08T11:47:56.685189+00:00,scheduler,3,0,699.9,10240.0,49,99.452
2026-06-08T11:48:01.685787+00:00,scheduler,0,0,699.9,10240.0,47,97.053
2026-06-08T11:48:01.685787+00:00,scheduler,1,0,675.9,10240.0,38,24.766
2026-06-08T11:48:01.685787+00:00,scheduler,2,0,699.9,10240.0,36,19.67
2026-06-08T11:48:01.685787+00:00,scheduler,3,0,699.9,10240.0,48,99.754
2026-06-08T11:48:06.686695+00:00,scheduler,0,0,699.9,10240.0,41,23.774
2026-06-08T11:48:06.686695+00:00,scheduler,1,0,675.9,10240.0,38,24.695
2026-06-08T11:48:06.686695+00:00,scheduler,2,10,8721.9,10240.0,45,114.551
2026-06-08T11:48:06.686695+00:00,scheduler,3,0,699.9,10240.0,42,28.219
2026-06-08T11:48:11.687382+00:00,scheduler,0,0,699.9,10240.0,41,23.644
2026-06-08T11:48:11.687382+00:00,scheduler,1,0,675.9,10240.0,38,24.743
2026-06-08T11:48:11.687382+00:00,scheduler,2,35,6873.9,10240.0,45,115.47
2026-06-08T11:48:11.687382+00:00,scheduler,3,0,699.9,10240.0,41,27.844
2026-06-08T11:48:16.688020+00:00,scheduler,0,0,699.9,10240.0,40,23.679
2026-06-08T11:48:16.688020+00:00,scheduler,1,0,675.9,10240.0,38,24.826
2026-06-08T11:48:16.688020+00:00,scheduler,2,100,8837.9,10240.0,63,319.157
2026-06-08T11:48:16.688020+00:00,scheduler,3,0,699.9,10240.0,40,27.888
2026-06-08T11:48:21.688779+00:00,scheduler,0,0,699.9,10240.0,39,23.619
2026-06-08T11:48:21.688779+00:00,scheduler,1,0,675.9,10240.0,38,25.018
2026-06-08T11:48:21.688779+00:00,scheduler,2,100,8837.9,10240.0,65,317.362
2026-06-08T11:48:21.688779+00:00,scheduler,3,0,699.9,10240.0,39,28.004
2026-06-08T11:48:26.689344+00:00,scheduler,0,0,699.9,10240.0,38,23.551
2026-06-08T11:48:26.689344+00:00,scheduler,1,0,675.9,10240.0,38,24.851
2026-06-08T11:48:26.689344+00:00,scheduler,2,100,8837.9,10240.0,66,303.067
2026-06-08T11:48:26.689344+00:00,scheduler,3,0,699.9,10240.0,38,27.692
2026-06-08T11:48:31.689897+00:00,scheduler,0,0,699.9,10240.0,38,23.481
2026-06-08T11:48:31.689897+00:00,scheduler,1,0,675.9,10240.0,38,24.845
2026-06-08T11:48:31.689897+00:00,scheduler,2,100,8837.9,10240.0,67,296.133
2026-06-08T11:48:31.689897+00:00,scheduler,3,0,699.9,10240.0,37,27.753
2026-06-08T11:48:36.690512+00:00,scheduler,0,0,699.9,10240.0,37,23.439
2026-06-08T11:48:36.690512+00:00,scheduler,1,0,675.9,10240.0,38,24.792
2026-06-08T11:48:36.690512+00:00,scheduler,2,100,8837.9,10240.0,67,294.092
2026-06-08T11:48:36.690512+00:00,scheduler,3,0,699.9,10240.0,37,27.535
2026-06-08T11:48:41.691239+00:00,scheduler,0,0,699.9,10240.0,37,23.416
2026-06-08T11:48:41.691239+00:00,scheduler,1,0,675.9,10240.0,38,24.78
2026-06-08T11:48:41.691239+00:00,scheduler,2,100,8837.9,10240.0,68,288.508
2026-06-08T11:48:41.691239+00:00,scheduler,3,0,699.9,10240.0,36,27.629
2026-06-08T11:48:46.692030+00:00,scheduler,0,0,699.9,10240.0,36,23.277
2026-06-08T11:48:46.692030+00:00,scheduler,1,0,675.9,10240.0,38,24.701
2026-06-08T11:48:46.692030+00:00,scheduler,2,100,8837.9,10240.0,68,285.949
2026-06-08T11:48:46.692030+00:00,scheduler,3,0,699.9,10240.0,36,27.761
2026-06-08T11:48:51.692659+00:00,scheduler,0,0,699.9,10240.0,36,23.389
2026-06-08T11:48:51.692659+00:00,scheduler,1,0,675.9,10240.0,38,24.839
2026-06-08T11:48:51.692659+00:00,scheduler,2,100,8837.9,10240.0,68,282.007
2026-06-08T11:48:51.692659+00:00,scheduler,3,0,699.9,10240.0,36,27.556
2026-06-08T11:48:56.693240+00:00,scheduler,0,10,8721.9,10240.0,42,112.277
2026-06-08T11:48:56.693240+00:00,scheduler,1,0,675.9,10240.0,38,24.76
2026-06-08T11:48:56.693240+00:00,scheduler,2,15,8837.9,10240.0,55,118.586
2026-06-08T11:48:56.693240+00:00,scheduler,3,0,699.9,10240.0,35,27.555
2026-06-08T11:49:01.693855+00:00,scheduler,0,100,8837.9,10240.0,53,318.696
2026-06-08T11:49:01.693855+00:00,scheduler,1,0,675.9,10240.0,38,24.721
2026-06-08T11:49:01.693855+00:00,scheduler,2,0,699.9,10240.0,54,152.66
2026-06-08T11:49:01.693855+00:00,scheduler,3,0,699.9,10240.0,35,27.366
2026-06-08T11:49:06.694485+00:00,scheduler,0,100,8837.9,10240.0,55,319.131
2026-06-08T11:49:06.694485+00:00,scheduler,1,0,675.9,10240.0,37,24.783
2026-06-08T11:49:06.694485+00:00,scheduler,2,0,699.9,10240.0,50,94.349
2026-06-08T11:49:06.694485+00:00,scheduler,3,0,699.9,10240.0,35,27.578
2026-06-08T11:49:11.695331+00:00,scheduler,0,100,8837.9,10240.0,56,319.624
2026-06-08T11:49:11.695331+00:00,scheduler,1,0,675.9,10240.0,37,24.733
2026-06-08T11:49:11.695331+00:00,scheduler,2,0,699.9,10240.0,49,93.542
2026-06-08T11:49:11.695331+00:00,scheduler,3,0,699.9,10240.0,35,27.468
2026-06-08T11:49:16.696249+00:00,scheduler,0,100,8837.9,10240.0,57,318.636
2026-06-08T11:49:16.696249+00:00,scheduler,1,0,675.9,10240.0,37,24.638
2026-06-08T11:49:16.696249+00:00,scheduler,2,0,699.9,10240.0,48,93.156
2026-06-08T11:49:16.696249+00:00,scheduler,3,0,699.9,10240.0,34,27.393
2026-06-08T11:49:21.696843+00:00,scheduler,0,100,8837.9,10240.0,58,318.711
2026-06-08T11:49:21.696843+00:00,scheduler,1,0,675.9,10240.0,37,24.865
2026-06-08T11:49:21.696843+00:00,scheduler,2,0,699.9,10240.0,43,20.624
2026-06-08T11:49:21.696843+00:00,scheduler,3,0,699.9,10240.0,34,27.471
2026-06-08T11:49:26.697558+00:00,scheduler,0,100,8837.9,10240.0,59,318.755
2026-06-08T11:49:26.697558+00:00,scheduler,1,0,675.9,10240.0,37,24.927
2026-06-08T11:49:26.697558+00:00,scheduler,2,0,699.9,10240.0,41,20.272
2026-06-08T11:49:26.697558+00:00,scheduler,3,0,699.9,10240.0,34,27.33
2026-06-08T11:49:31.698479+00:00,scheduler,0,100,8837.9,10240.0,60,318.992
2026-06-08T11:49:31.698479+00:00,scheduler,1,0,675.9,10240.0,37,24.767
2026-06-08T11:49:31.698479+00:00,scheduler,2,0,699.9,10240.0,40,19.984
2026-06-08T11:49:31.698479+00:00,scheduler,3,0,699.9,10240.0,34,27.303
2026-06-08T11:49:36.699418+00:00,scheduler,0,100,8837.9,10240.0,60,318.667
2026-06-08T11:49:36.699418+00:00,scheduler,1,0,675.9,10240.0,37,24.788
2026-06-08T11:49:36.699418+00:00,scheduler,2,0,699.9,10240.0,39,19.842
2026-06-08T11:49:36.699418+00:00,scheduler,3,0,699.9,10240.0,34,27.365
2026-06-08T11:49:41.700218+00:00,scheduler,0,17,8837.9,10240.0,52,116.291
2026-06-08T11:49:41.700218+00:00,scheduler,1,0,675.9,10240.0,37,24.619
2026-06-08T11:49:41.700218+00:00,scheduler,2,0,699.9,10240.0,38,19.657
2026-06-08T11:49:41.700218+00:00,scheduler,3,0,699.9,10240.0,34,27.246
2026-06-08T11:49:46.700880+00:00,scheduler,0,8,2979.9,10240.0,50,99.896
2026-06-08T11:49:46.700880+00:00,scheduler,1,0,675.9,10240.0,37,24.661
2026-06-08T11:49:46.700880+00:00,scheduler,2,0,699.9,10240.0,38,19.197
2026-06-08T11:49:46.700880+00:00,scheduler,3,0,699.9,10240.0,34,27.316
2026-06-08T11:49:51.701590+00:00,scheduler,0,0,699.9,10240.0,48,96.867
2026-06-08T11:49:51.701590+00:00,scheduler,1,0,675.9,10240.0,37,24.59
2026-06-08T11:49:51.701590+00:00,scheduler,2,0,699.9,10240.0,37,19.22
2026-06-08T11:49:51.701590+00:00,scheduler,3,0,699.9,10240.0,34,27.304
2026-06-08T11:49:56.702261+00:00,scheduler,0,0,699.9,10240.0,47,96.526
2026-06-08T11:49:56.702261+00:00,scheduler,1,0,675.9,10240.0,37,24.556
2026-06-08T11:49:56.702261+00:00,scheduler,2,0,699.9,10240.0,37,19.3
2026-06-08T11:49:56.702261+00:00,scheduler,3,0,699.9,10240.0,34,27.25
2026-06-08T11:50:01.702872+00:00,scheduler,0,0,699.9,10240.0,47,96.283
2026-06-08T11:50:01.702872+00:00,scheduler,1,0,675.9,10240.0,37,24.688
2026-06-08T11:50:01.702872+00:00,scheduler,2,0,699.9,10240.0,37,19.327
2026-06-08T11:50:01.702872+00:00,scheduler,3,0,699.9,10240.0,34,27.085
2026-06-08T11:50:06.703453+00:00,scheduler,0,0,699.9,10240.0,42,24.875
2026-06-08T11:50:06.703453+00:00,scheduler,1,0,675.9,10240.0,37,24.581
2026-06-08T11:50:06.703453+00:00,scheduler,2,0,699.9,10240.0,36,18.988
2026-06-08T11:50:06.703453+00:00,scheduler,3,0,699.9,10240.0,33,27.225
2026-06-08T11:50:11.704071+00:00,scheduler,0,0,699.9,10240.0,41,24.02
2026-06-08T11:50:11.704071+00:00,scheduler,1,0,675.9,10240.0,37,24.66
2026-06-08T11:50:11.704071+00:00,scheduler,2,0,699.9,10240.0,36,19.063
2026-06-08T11:50:11.704071+00:00,scheduler,3,0,699.9,10240.0,33,27.076
2026-06-08T11:50:16.704987+00:00,scheduler,0,0,699.9,10240.0,40,23.724
2026-06-08T11:50:16.704987+00:00,scheduler,1,0,675.9,10240.0,37,24.712
2026-06-08T11:50:16.704987+00:00,scheduler,2,0,699.9,10240.0,36,18.967
2026-06-08T11:50:16.704987+00:00,scheduler,3,0,699.9,10240.0,33,27.088
2026-06-08T11:50:21.705585+00:00,scheduler,0,0,699.9,10240.0,39,23.736
2026-06-08T11:50:21.705585+00:00,scheduler,1,0,675.9,10240.0,37,24.725
2026-06-08T11:50:21.705585+00:00,scheduler,2,0,699.9,10240.0,35,19.018
2026-06-08T11:50:21.705585+00:00,scheduler,3,11,8721.9,10240.0,42,115.575
2026-06-08T11:50:26.706167+00:00,scheduler,0,0,699.9,10240.0,38,23.683
2026-06-08T11:50:26.706167+00:00,scheduler,1,0,675.9,10240.0,37,24.843
2026-06-08T11:50:26.706167+00:00,scheduler,2,0,699.9,10240.0,35,19.48
2026-06-08T11:50:26.706167+00:00,scheduler,3,100,8837.9,10240.0,62,318.577
2026-06-08T11:50:31.706745+00:00,scheduler,0,0,699.9,10240.0,38,23.617
2026-06-08T11:50:31.706745+00:00,scheduler,1,0,675.9,10240.0,37,24.806
2026-06-08T11:50:31.706745+00:00,scheduler,2,0,699.9,10240.0,35,19.401
2026-06-08T11:50:31.706745+00:00,scheduler,3,100,8837.9,10240.0,67,318.098
2026-06-08T11:50:36.707511+00:00,scheduler,0,0,699.9,10240.0,37,23.513
2026-06-08T11:50:36.707511+00:00,scheduler,1,0,675.9,10240.0,37,24.813
2026-06-08T11:50:36.707511+00:00,scheduler,2,0,3585.9,10240.0,38,41.484
2026-06-08T11:50:36.707511+00:00,scheduler,3,100,8837.9,10240.0,69,318.192
2026-06-08T11:50:41.708392+00:00,scheduler,0,0,699.9,10240.0,37,23.445
2026-06-08T11:50:41.708392+00:00,scheduler,1,0,675.9,10240.0,37,24.761
2026-06-08T11:50:41.708392+00:00,scheduler,2,10,8721.9,10240.0,42,105.085
2026-06-08T11:50:41.708392+00:00,scheduler,3,100,8837.9,10240.0,69,318.348
2026-06-08T11:50:46.708951+00:00,scheduler,0,0,699.9,10240.0,37,23.427
2026-06-08T11:50:46.708951+00:00,scheduler,1,0,675.9,10240.0,37,24.817
2026-06-08T11:50:46.708951+00:00,scheduler,2,100,8837.9,10240.0,58,292.224
2026-06-08T11:50:46.708951+00:00,scheduler,3,100,8837.9,10240.0,70,318.375
2026-06-08T11:50:51.709531+00:00,scheduler,0,0,699.9,10240.0,36,23.281
2026-06-08T11:50:51.709531+00:00,scheduler,1,0,675.9,10240.0,37,24.878
2026-06-08T11:50:51.709531+00:00,scheduler,2,100,8837.9,10240.0,63,319.042
2026-06-08T11:50:51.709531+00:00,scheduler,3,100,8837.9,10240.0,71,318.793
2026-06-08T11:50:56.710057+00:00,scheduler,0,0,699.9,10240.0,36,23.223
2026-06-08T11:50:56.710057+00:00,scheduler,1,0,675.9,10240.0,37,24.715
2026-06-08T11:50:56.710057+00:00,scheduler,2,100,8837.9,10240.0,64,316.251
2026-06-08T11:50:56.710057+00:00,scheduler,3,100,8837.9,10240.0,71,318.652
2026-06-08T11:51:01.710677+00:00,scheduler,0,0,699.9,10240.0,36,23.417
2026-06-08T11:51:01.710677+00:00,scheduler,1,0,675.9,10240.0,37,24.84
2026-06-08T11:51:01.710677+00:00,scheduler,2,100,8837.9,10240.0,66,308.284
2026-06-08T11:51:01.710677+00:00,scheduler,3,100,8837.9,10240.0,72,318.227
2026-06-08T11:51:06.711271+00:00,scheduler,0,0,699.9,10240.0,36,23.38
2026-06-08T11:51:06.711271+00:00,scheduler,1,0,675.9,10240.0,37,24.88
2026-06-08T11:51:06.711271+00:00,scheduler,2,100,8837.9,10240.0,66,298.061
2026-06-08T11:51:06.711271+00:00,scheduler,3,10,8837.9,10240.0,57,128.322
2026-06-08T11:51:11.711950+00:00,scheduler,0,0,699.9,10240.0,35,23.278
2026-06-08T11:51:11.711950+00:00,scheduler,1,0,675.9,10240.0,37,25.005
2026-06-08T11:51:11.711950+00:00,scheduler,2,100,8837.9,10240.0,67,294.058
2026-06-08T11:51:11.711950+00:00,scheduler,3,19,765.9,10240.0,56,138.863
2026-06-08T11:51:16.712537+00:00,scheduler,0,0,699.9,10240.0,35,23.313
2026-06-08T11:51:16.712537+00:00,scheduler,1,0,675.9,10240.0,37,24.908
2026-06-08T11:51:16.712537+00:00,scheduler,2,100,8837.9,10240.0,67,291.671
2026-06-08T11:51:16.712537+00:00,scheduler,3,0,699.9,10240.0,50,98.936
2026-06-08T11:51:21.713186+00:00,scheduler,0,0,699.9,10240.0,35,23.348
2026-06-08T11:51:21.713186+00:00,scheduler,1,0,675.9,10240.0,37,24.722
2026-06-08T11:51:21.713186+00:00,scheduler,2,100,8837.9,10240.0,68,287.152
2026-06-08T11:51:21.713186+00:00,scheduler,3,0,699.9,10240.0,49,98.617
2026-06-08T11:51:26.715350+00:00,scheduler,0,0,699.9,10240.0,35,23.243
2026-06-08T11:51:26.715350+00:00,scheduler,1,0,675.9,10240.0,37,24.824
2026-06-08T11:51:26.715350+00:00,scheduler,2,100,8837.9,10240.0,68,280.466
2026-06-08T11:51:26.715350+00:00,scheduler,3,0,699.9,10240.0,48,98.365
2026-06-08T11:51:31.715967+00:00,scheduler,0,0,699.9,10240.0,35,23.195
2026-06-08T11:51:31.715967+00:00,scheduler,1,0,675.9,10240.0,37,24.521
2026-06-08T11:51:31.715967+00:00,scheduler,2,10,8837.9,10240.0,53,97.02
2026-06-08T11:51:31.715967+00:00,scheduler,3,0,699.9,10240.0,44,29.099
2026-06-08T11:51:36.716968+00:00,scheduler,0,0,699.9,10240.0,35,23.177
2026-06-08T11:51:36.716968+00:00,scheduler,1,0,675.9,10240.0,37,24.631
2026-06-08T11:51:36.716968+00:00,scheduler,2,0,699.9,10240.0,51,104.382
2026-06-08T11:51:36.716968+00:00,scheduler,3,0,699.9,10240.0,41,27.959
2026-06-08T11:51:41.717584+00:00,scheduler,0,0,699.9,10240.0,34,23.293
2026-06-08T11:51:41.717584+00:00,scheduler,1,0,675.9,10240.0,37,24.751
2026-06-08T11:51:41.717584+00:00,scheduler,2,0,699.9,10240.0,50,93.738
2026-06-08T11:51:41.717584+00:00,scheduler,3,0,699.9,10240.0,40,27.704
2026-06-08T11:51:46.718223+00:00,scheduler,0,0,699.9,10240.0,34,23.074
2026-06-08T11:51:46.718223+00:00,scheduler,1,0,675.9,10240.0,37,24.747
2026-06-08T11:51:46.718223+00:00,scheduler,2,0,699.9,10240.0,49,93.992
2026-06-08T11:51:46.718223+00:00,scheduler,3,0,699.9,10240.0,39,27.719
2026-06-08T11:51:51.718810+00:00,scheduler,0,0,699.9,10240.0,34,23.045
2026-06-08T11:51:51.718810+00:00,scheduler,1,0,675.9,10240.0,37,24.679
2026-06-08T11:51:51.718810+00:00,scheduler,2,0,699.9,10240.0,44,61.601
2026-06-08T11:51:51.718810+00:00,scheduler,3,0,699.9,10240.0,38,27.617
2026-06-08T11:51:56.719393+00:00,scheduler,0,0,699.9,10240.0,34,23.194
2026-06-08T11:51:56.719393+00:00,scheduler,1,0,675.9,10240.0,37,24.626
2026-06-08T11:51:56.719393+00:00,scheduler,2,0,699.9,10240.0,42,19.983
2026-06-08T11:51:56.719393+00:00,scheduler,3,0,699.9,10240.0,38,27.635
2026-06-08T11:52:01.720152+00:00,scheduler,0,0,699.9,10240.0,34,22.995
2026-06-08T11:52:01.720152+00:00,scheduler,1,0,675.9,10240.0,37,24.725
2026-06-08T11:52:01.720152+00:00,scheduler,2,0,699.9,10240.0,41,19.788
2026-06-08T11:52:01.720152+00:00,scheduler,3,0,699.9,10240.0,37,27.55
2026-06-08T11:52:06.720744+00:00,scheduler,0,0,699.9,10240.0,34,23.101
2026-06-08T11:52:06.720744+00:00,scheduler,1,9,8697.9,10240.0,50,122.908
2026-06-08T11:52:06.720744+00:00,scheduler,2,0,699.9,10240.0,40,19.601
2026-06-08T11:52:06.720744+00:00,scheduler,3,0,699.9,10240.0,37,27.389
2026-06-08T11:52:11.721343+00:00,scheduler,0,0,699.9,10240.0,34,23.243
2026-06-08T11:52:11.721343+00:00,scheduler,1,100,8813.9,10240.0,69,318.373
2026-06-08T11:52:11.721343+00:00,scheduler,2,0,699.9,10240.0,39,20.069
2026-06-08T11:52:11.721343+00:00,scheduler,3,0,699.9,10240.0,36,27.356
2026-06-08T11:52:16.722037+00:00,scheduler,0,0,699.9,10240.0,34,23.384
2026-06-08T11:52:16.722037+00:00,scheduler,1,100,8813.9,10240.0,68,283.207
2026-06-08T11:52:16.722037+00:00,scheduler,2,0,699.9,10240.0,38,19.768
2026-06-08T11:52:16.722037+00:00,scheduler,3,0,699.9,10240.0,36,27.456
2026-06-08T11:52:21.722761+00:00,scheduler,0,0,699.9,10240.0,34,23.145
2026-06-08T11:52:21.722761+00:00,scheduler,1,100,8813.9,10240.0,68,277.169
2026-06-08T11:52:21.722761+00:00,scheduler,2,0,699.9,10240.0,38,19.799
2026-06-08T11:52:21.722761+00:00,scheduler,3,0,699.9,10240.0,36,27.471
2026-06-08T11:52:26.723481+00:00,scheduler,0,0,699.9,10240.0,34,23.106
2026-06-08T11:52:26.723481+00:00,scheduler,1,100,8813.9,10240.0,69,274.755
2026-06-08T11:52:26.723481+00:00,scheduler,2,0,699.9,10240.0,37,19.597
2026-06-08T11:52:26.723481+00:00,scheduler,3,0,699.9,10240.0,35,27.509
2026-06-08T11:52:31.724061+00:00,scheduler,0,0,699.9,10240.0,34,23.201
2026-06-08T11:52:31.724061+00:00,scheduler,1,100,8813.9,10240.0,69,270.941
2026-06-08T11:52:31.724061+00:00,scheduler,2,0,699.9,10240.0,37,19.676
2026-06-08T11:52:31.724061+00:00,scheduler,3,0,699.9,10240.0,35,27.39
2026-06-08T11:52:36.724762+00:00,scheduler,0,0,699.9,10240.0,34,23.002
2026-06-08T11:52:36.724762+00:00,scheduler,1,100,8813.9,10240.0,69,268.43
2026-06-08T11:52:36.724762+00:00,scheduler,2,0,699.9,10240.0,37,19.418
2026-06-08T11:52:36.724762+00:00,scheduler,3,0,699.9,10240.0,35,27.475
2026-06-08T11:52:41.725504+00:00,scheduler,0,0,699.9,10240.0,33,23.175
2026-06-08T11:52:41.725504+00:00,scheduler,1,100,8813.9,10240.0,70,267.681
2026-06-08T11:52:41.725504+00:00,scheduler,2,0,699.9,10240.0,36,19.553
2026-06-08T11:52:41.725504+00:00,scheduler,3,0,699.9,10240.0,35,27.5
2026-06-08T11:52:46.726156+00:00,scheduler,0,0,699.9,10240.0,33,23.374
2026-06-08T11:52:46.726156+00:00,scheduler,1,100,8813.9,10240.0,70,261.275
2026-06-08T11:52:46.726156+00:00,scheduler,2,0,699.9,10240.0,36,19.396
2026-06-08T11:52:46.726156+00:00,scheduler,3,0,699.9,10240.0,35,27.672
2026-06-08T11:52:51.726771+00:00,scheduler,0,0,699.9,10240.0,33,23.289
2026-06-08T11:52:51.726771+00:00,scheduler,1,100,8813.9,10240.0,71,263.451
2026-06-08T11:52:51.726771+00:00,scheduler,2,0,699.9,10240.0,36,19.279
2026-06-08T11:52:51.726771+00:00,scheduler,3,0,699.9,10240.0,34,27.382
2026-06-08T11:52:56.727536+00:00,scheduler,0,0,699.9,10240.0,33,23.195
2026-06-08T11:52:56.727536+00:00,scheduler,1,9,8813.9,10240.0,58,106.615
2026-06-08T11:52:56.727536+00:00,scheduler,2,0,699.9,10240.0,36,19.194
2026-06-08T11:52:56.727536+00:00,scheduler,3,0,699.9,10240.0,34,27.456
2026-06-08T11:53:01.728140+00:00,scheduler,0,0,699.9,10240.0,33,23.318
2026-06-08T11:53:01.728140+00:00,scheduler,1,0,675.9,10240.0,59,131.453
2026-06-08T11:53:01.728140+00:00,scheduler,2,0,699.9,10240.0,35,19.045
2026-06-08T11:53:01.728140+00:00,scheduler,3,0,699.9,10240.0,34,27.3
2026-06-08T11:53:06.728846+00:00,scheduler,0,0,699.9,10240.0,33,23.228
2026-06-08T11:53:06.728846+00:00,scheduler,1,0,675.9,10240.0,56,104.455
2026-06-08T11:53:06.728846+00:00,scheduler,2,0,699.9,10240.0,35,19.008
2026-06-08T11:53:06.728846+00:00,scheduler,3,0,699.9,10240.0,34,27.4
2026-06-08T11:53:11.729472+00:00,scheduler,0,0,699.9,10240.0,33,23.225
2026-06-08T11:53:11.729472+00:00,scheduler,1,0,675.9,10240.0,55,104.073
2026-06-08T11:53:11.729472+00:00,scheduler,2,0,699.9,10240.0,35,19.116
2026-06-08T11:53:11.729472+00:00,scheduler,3,0,699.9,10240.0,34,27.273
2026-06-08T11:53:16.730188+00:00,scheduler,0,0,699.9,10240.0,33,23.343
2026-06-08T11:53:16.730188+00:00,scheduler,1,0,675.9,10240.0,55,102.813
2026-06-08T11:53:16.730188+00:00,scheduler,2,0,699.9,10240.0,35,19.056
2026-06-08T11:53:16.730188+00:00,scheduler,3,0,699.9,10240.0,34,27.251
2026-06-08T11:53:21.730832+00:00,scheduler,0,0,699.9,10240.0,33,23.212
2026-06-08T11:53:21.730832+00:00,scheduler,1,0,675.9,10240.0,47,25.364
2026-06-08T11:53:21.730832+00:00,scheduler,2,0,699.9,10240.0,35,18.869
2026-06-08T11:53:21.730832+00:00,scheduler,3,0,699.9,10240.0,34,27.387
2026-06-08T11:53:26.731580+00:00,scheduler,0,0,699.9,10240.0,33,23.253
2026-06-08T11:53:26.731580+00:00,scheduler,1,0,675.9,10240.0,46,25.07
2026-06-08T11:53:26.731580+00:00,scheduler,2,0,699.9,10240.0,35,18.867
2026-06-08T11:53:26.731580+00:00,scheduler,3,0,699.9,10240.0,34,27.412
2026-06-08T11:53:31.732248+00:00,scheduler,0,0,699.9,10240.0,33,23.087
2026-06-08T11:53:31.732248+00:00,scheduler,1,0,675.9,10240.0,45,25.55
2026-06-08T11:53:31.732248+00:00,scheduler,2,0,699.9,10240.0,34,18.937
2026-06-08T11:53:31.732248+00:00,scheduler,3,0,699.9,10240.0,34,27.218
2026-06-08T11:53:36.732955+00:00,scheduler,0,0,699.9,10240.0,33,23.26
2026-06-08T11:53:36.732955+00:00,scheduler,1,0,675.9,10240.0,44,25.064
2026-06-08T11:53:36.732955+00:00,scheduler,2,0,699.9,10240.0,34,18.766
2026-06-08T11:53:36.732955+00:00,scheduler,3,0,699.9,10240.0,34,27.122
2026-06-08T11:53:41.733610+00:00,scheduler,0,36,8721.9,10240.0,43,110.454
2026-06-08T11:53:41.733610+00:00,scheduler,1,0,675.9,10240.0,43,24.873
2026-06-08T11:53:41.733610+00:00,scheduler,2,0,699.9,10240.0,34,18.891
2026-06-08T11:53:41.733610+00:00,scheduler,3,0,699.9,10240.0,33,27.352
2026-06-08T11:53:46.734270+00:00,scheduler,0,10,5545.9,10240.0,38,93.434
2026-06-08T11:53:46.734270+00:00,scheduler,1,0,675.9,10240.0,43,24.765
2026-06-08T11:53:46.734270+00:00,scheduler,2,0,699.9,10240.0,34,18.865
2026-06-08T11:53:46.734270+00:00,scheduler,3,0,699.9,10240.0,33,27.068
2026-06-08T11:53:51.734856+00:00,scheduler,0,100,8837.9,10240.0,52,318.313
2026-06-08T11:53:51.734856+00:00,scheduler,1,0,675.9,10240.0,42,25.33
2026-06-08T11:53:51.734856+00:00,scheduler,2,0,699.9,10240.0,34,19.531
2026-06-08T11:53:51.734856+00:00,scheduler,3,0,699.9,10240.0,33,27.294
2026-06-08T11:53:56.735718+00:00,scheduler,0,100,8837.9,10240.0,54,317.998
2026-06-08T11:53:56.735718+00:00,scheduler,1,0,675.9,10240.0,42,25.284
2026-06-08T11:53:56.735718+00:00,scheduler,2,0,699.9,10240.0,34,19.447
2026-06-08T11:53:56.735718+00:00,scheduler,3,46,8721.9,10240.0,42,117.492
2026-06-08T11:54:01.736252+00:00,scheduler,0,100,8837.9,10240.0,55,318.499
2026-06-08T11:54:01.736252+00:00,scheduler,1,0,675.9,10240.0,41,25.193
2026-06-08T11:54:01.736252+00:00,scheduler,2,0,699.9,10240.0,34,19.424
2026-06-08T11:54:01.736252+00:00,scheduler,3,100,8837.9,10240.0,62,318.914
2026-06-08T11:54:06.736884+00:00,scheduler,0,100,8837.9,10240.0,56,318.695
2026-06-08T11:54:06.736884+00:00,scheduler,1,0,675.9,10240.0,41,25.096
2026-06-08T11:54:06.736884+00:00,scheduler,2,0,699.9,10240.0,34,19.359
2026-06-08T11:54:06.736884+00:00,scheduler,3,100,8837.9,10240.0,67,319.337
2026-06-08T11:54:11.737569+00:00,scheduler,0,100,8837.9,10240.0,57,318.428
2026-06-08T11:54:11.737569+00:00,scheduler,1,0,675.9,10240.0,41,25.24
2026-06-08T11:54:11.737569+00:00,scheduler,2,0,699.9,10240.0,34,19.426
2026-06-08T11:54:11.737569+00:00,scheduler,3,100,8837.9,10240.0,68,318.362
2026-06-08T11:54:16.738175+00:00,scheduler,0,100,8837.9,10240.0,58,318.417
2026-06-08T11:54:16.738175+00:00,scheduler,1,8,8697.9,10240.0,53,184.989
2026-06-08T11:54:16.738175+00:00,scheduler,2,0,699.9,10240.0,34,19.389
2026-06-08T11:54:16.738175+00:00,scheduler,3,100,8837.9,10240.0,69,319.286
2026-06-08T11:54:21.738830+00:00,scheduler,0,100,8837.9,10240.0,59,318.626
2026-06-08T11:54:21.738830+00:00,scheduler,1,43,8523.9,10240.0,53,126.599
2026-06-08T11:54:21.738830+00:00,scheduler,2,0,699.9,10240.0,34,19.295
2026-06-08T11:54:21.738830+00:00,scheduler,3,100,8837.9,10240.0,70,319.143
2026-06-08T11:54:26.739450+00:00,scheduler,0,100,8837.9,10240.0,60,318.886
2026-06-08T11:54:26.739450+00:00,scheduler,1,100,8813.9,10240.0,69,278.348
2026-06-08T11:54:26.739450+00:00,scheduler,2,0,699.9,10240.0,34,19.448
2026-06-08T11:54:26.739450+00:00,scheduler,3,100,8837.9,10240.0,71,318.863
2026-06-08T11:54:31.740054+00:00,scheduler,0,10,8837.9,10240.0,51,114.296
2026-06-08T11:54:31.740054+00:00,scheduler,1,100,8813.9,10240.0,69,273.276
2026-06-08T11:54:31.740054+00:00,scheduler,2,0,699.9,10240.0,34,19.347
2026-06-08T11:54:31.740054+00:00,scheduler,3,100,8837.9,10240.0,71,318.705
2026-06-08T11:54:36.740675+00:00,scheduler,0,33,763.9,10240.0,52,136.53
2026-06-08T11:54:36.740675+00:00,scheduler,1,100,8813.9,10240.0,69,268.003
2026-06-08T11:54:36.740675+00:00,scheduler,2,0,699.9,10240.0,34,19.311
2026-06-08T11:54:36.740675+00:00,scheduler,3,100,8837.9,10240.0,72,318.658
2026-06-08T11:54:41.741326+00:00,scheduler,0,0,699.9,10240.0,48,96.254
2026-06-08T11:54:41.741326+00:00,scheduler,1,100,8813.9,10240.0,70,264.287
2026-06-08T11:54:41.741326+00:00,scheduler,2,0,699.9,10240.0,34,19.344
2026-06-08T11:54:41.741326+00:00,scheduler,3,9,8837.9,10240.0,58,171.359
2026-06-08T11:54:46.741948+00:00,scheduler,0,0,699.9,10240.0,47,95.868
2026-06-08T11:54:46.741948+00:00,scheduler,1,100,8813.9,10240.0,70,264.396
2026-06-08T11:54:46.741948+00:00,scheduler,2,0,699.9,10240.0,33,19.277
2026-06-08T11:54:46.741948+00:00,scheduler,3,10,4493.9,10240.0,51,99.548
2026-06-08T11:54:51.742684+00:00,scheduler,0,0,699.9,10240.0,47,95.678
2026-06-08T11:54:51.742684+00:00,scheduler,1,100,8813.9,10240.0,71,265.089
2026-06-08T11:54:51.742684+00:00,scheduler,2,0,699.9,10240.0,33,19.193
2026-06-08T11:54:51.742684+00:00,scheduler,3,0,699.9,10240.0,50,99.244
2026-06-08T11:54:56.743495+00:00,scheduler,0,0,699.9,10240.0,42,24.795
2026-06-08T11:54:56.743495+00:00,scheduler,1,100,8813.9,10240.0,70,262.667
2026-06-08T11:54:56.743495+00:00,scheduler,2,0,699.9,10240.0,33,19.02
2026-06-08T11:54:56.743495+00:00,scheduler,3,0,699.9,10240.0,49,99.668
2026-06-08T11:55:01.744224+00:00,scheduler,0,0,699.9,10240.0,41,23.948
2026-06-08T11:55:01.744224+00:00,scheduler,1,100,8813.9,10240.0,71,259.737
2026-06-08T11:55:01.744224+00:00,scheduler,2,0,699.9,10240.0,33,19.327
2026-06-08T11:55:01.744224+00:00,scheduler,3,0,699.9,10240.0,48,99.222
2026-06-08T11:55:06.744928+00:00,scheduler,0,0,699.9,10240.0,40,23.666
2026-06-08T11:55:06.744928+00:00,scheduler,1,20,8813.9,10240.0,63,137.275
2026-06-08T11:55:06.744928+00:00,scheduler,2,0,2509.9,10240.0,35,23.093
2026-06-08T11:55:06.744928+00:00,scheduler,3,0,699.9,10240.0,42,28.143
2026-06-08T11:55:11.745545+00:00,scheduler,0,0,699.9,10240.0,39,23.552
2026-06-08T11:55:11.745545+00:00,scheduler,1,9,2955.9,10240.0,57,106.066
2026-06-08T11:55:11.745545+00:00,scheduler,2,10,8721.9,10240.0,41,106.681
2026-06-08T11:55:11.745545+00:00,scheduler,3,0,699.9,10240.0,41,27.935
2026-06-08T11:55:16.746122+00:00,scheduler,0,0,699.9,10240.0,38,23.493
2026-06-08T11:55:16.746122+00:00,scheduler,1,0,675.9,10240.0,57,104.913
2026-06-08T11:55:16.746122+00:00,scheduler,2,100,8837.9,10240.0,58,317.734
2026-06-08T11:55:16.746122+00:00,scheduler,3,0,699.9,10240.0,40,27.76
2026-06-08T11:55:21.746762+00:00,scheduler,0,0,699.9,10240.0,38,23.393
2026-06-08T11:55:21.746762+00:00,scheduler,1,0,675.9,10240.0,56,104.202
2026-06-08T11:55:21.746762+00:00,scheduler,2,100,8837.9,10240.0,62,318.651
2026-06-08T11:55:21.746762+00:00,scheduler,3,0,699.9,10240.0,39,27.906
2026-06-08T11:55:26.747498+00:00,scheduler,0,13,8721.9,10240.0,44,111.788
2026-06-08T11:55:26.747498+00:00,scheduler,1,0,675.9,10240.0,55,103.752
2026-06-08T11:55:26.747498+00:00,scheduler,2,100,8837.9,10240.0,64,318.69
2026-06-08T11:55:26.747498+00:00,scheduler,3,0,699.9,10240.0,38,27.611
2026-06-08T11:55:31.748171+00:00,scheduler,0,100,8837.9,10240.0,54,317.531
2026-06-08T11:55:31.748171+00:00,scheduler,1,0,675.9,10240.0,48,26.012
2026-06-08T11:55:31.748171+00:00,scheduler,2,100,8837.9,10240.0,65,310.329
2026-06-08T11:55:31.748171+00:00,scheduler,3,0,699.9,10240.0,37,27.551
2026-06-08T11:55:36.748859+00:00,scheduler,0,100,8837.9,10240.0,56,318.888
2026-06-08T11:55:36.748859+00:00,scheduler,1,0,675.9,10240.0,46,25.611
2026-06-08T11:55:36.748859+00:00,scheduler,2,100,8837.9,10240.0,66,302.748
2026-06-08T11:55:36.748859+00:00,scheduler,3,40,8721.9,10240.0,49,178.364
2026-06-08T11:55:41.749425+00:00,scheduler,0,100,8837.9,10240.0,57,318.867
2026-06-08T11:55:41.749425+00:00,scheduler,1,0,675.9,10240.0,45,25.319
2026-06-08T11:55:41.749425+00:00,scheduler,2,100,8837.9,10240.0,66,296.424
2026-06-08T11:55:41.749425+00:00,scheduler,3,100,8837.9,10240.0,62,261.177
2026-06-08T11:55:46.750113+00:00,scheduler,0,100,8837.9,10240.0,58,319.3
2026-06-08T11:55:46.750113+00:00,scheduler,1,0,675.9,10240.0,44,25.345
2026-06-08T11:55:46.750113+00:00,scheduler,2,100,8837.9,10240.0,67,291.134
2026-06-08T11:55:46.750113+00:00,scheduler,3,100,8837.9,10240.0,68,318.362
2026-06-08T11:55:51.750689+00:00,scheduler,0,100,8837.9,10240.0,59,319.092
2026-06-08T11:55:51.750689+00:00,scheduler,1,0,675.9,10240.0,44,25.151
2026-06-08T11:55:51.750689+00:00,scheduler,2,100,8837.9,10240.0,67,287.238
2026-06-08T11:55:51.750689+00:00,scheduler,3,100,8837.9,10240.0,70,318.73
2026-06-08T11:55:56.751313+00:00,scheduler,0,100,8837.9,10240.0,60,319.168
2026-06-08T11:55:56.751313+00:00,scheduler,1,0,675.9,10240.0,43,25.223
2026-06-08T11:55:56.751313+00:00,scheduler,2,100,8837.9,10240.0,68,286.001
2026-06-08T11:55:56.751313+00:00,scheduler,3,100,8837.9,10240.0,70,318.516
2026-06-08T11:56:01.751957+00:00,scheduler,0,100,8837.9,10240.0,60,318.975
2026-06-08T11:56:01.751957+00:00,scheduler,1,0,675.9,10240.0,42,25.322
2026-06-08T11:56:01.751957+00:00,scheduler,2,10,8837.9,10240.0,51,95.966
2026-06-08T11:56:01.751957+00:00,scheduler,3,100,8837.9,10240.0,71,318.883
2026-06-08T11:56:06.752662+00:00,scheduler,0,100,8837.9,10240.0,61,319.3
2026-06-08T11:56:06.752662+00:00,scheduler,1,0,675.9,10240.0,42,25.126
2026-06-08T11:56:06.752662+00:00,scheduler,2,0,699.9,10240.0,50,101.296
2026-06-08T11:56:06.752662+00:00,scheduler,3,100,8837.9,10240.0,71,318.493
2026-06-08T11:56:11.753332+00:00,scheduler,0,10,8837.9,10240.0,53,180.703
2026-06-08T11:56:11.753332+00:00,scheduler,1,0,675.9,10240.0,42,25.089
2026-06-08T11:56:11.753332+00:00,scheduler,2,0,699.9,10240.0,49,93.646
2026-06-08T11:56:11.753332+00:00,scheduler,3,100,8837.9,10240.0,72,318.892
2026-06-08T11:56:16.753955+00:00,scheduler,0,10,827.9,10240.0,50,97.287
2026-06-08T11:56:16.753955+00:00,scheduler,1,0,675.9,10240.0,41,25.233
2026-06-08T11:56:16.753955+00:00,scheduler,2,0,699.9,10240.0,48,93.291
2026-06-08T11:56:16.753955+00:00,scheduler,3,100,8837.9,10240.0,73,319.252
2026-06-08T11:56:21.754701+00:00,scheduler,0,0,699.9,10240.0,49,96.555
2026-06-08T11:56:21.754701+00:00,scheduler,1,0,675.9,10240.0,41,25.049
2026-06-08T11:56:21.754701+00:00,scheduler,2,0,699.9,10240.0,44,27.78
2026-06-08T11:56:21.754701+00:00,scheduler,3,100,8837.9,10240.0,73,319.292
2026-06-08T11:56:26.755412+00:00,scheduler,0,0,699.9,10240.0,48,96.27
2026-06-08T11:56:26.755412+00:00,scheduler,1,0,675.9,10240.0,41,24.811
2026-06-08T11:56:26.755412+00:00,scheduler,2,0,699.9,10240.0,41,20.053
2026-06-08T11:56:26.755412+00:00,scheduler,3,11,8837.9,10240.0,52,100.347
2026-06-08T11:56:31.756248+00:00,scheduler,0,0,699.9,10240.0,47,95.782
2026-06-08T11:56:31.756248+00:00,scheduler,1,0,675.9,10240.0,41,24.879
2026-06-08T11:56:31.756248+00:00,scheduler,2,0,699.9,10240.0,40,19.795
2026-06-08T11:56:31.756248+00:00,scheduler,3,0,699.9,10240.0,51,106.107
2026-06-08T11:56:36.756924+00:00,scheduler,0,0,699.9,10240.0,42,24.047
2026-06-08T11:56:36.756924+00:00,scheduler,1,0,675.9,10240.0,40,24.736
2026-06-08T11:56:36.756924+00:00,scheduler,2,0,699.9,10240.0,39,19.565
2026-06-08T11:56:36.756924+00:00,scheduler,3,0,699.9,10240.0,49,99.242
2026-06-08T11:56:41.757624+00:00,scheduler,0,0,699.9,10240.0,41,23.924
2026-06-08T11:56:41.757624+00:00,scheduler,1,0,675.9,10240.0,40,24.801
2026-06-08T11:56:41.757624+00:00,scheduler,2,0,699.9,10240.0,39,19.502
2026-06-08T11:56:41.757624+00:00,scheduler,3,0,699.9,10240.0,49,98.811
2026-06-08T11:56:46.758315+00:00,scheduler,0,0,699.9,10240.0,40,23.653
2026-06-08T11:56:46.758315+00:00,scheduler,1,0,675.9,10240.0,40,24.859
2026-06-08T11:56:46.758315+00:00,scheduler,2,0,699.9,10240.0,38,19.327
2026-06-08T11:56:46.758315+00:00,scheduler,3,0,699.9,10240.0,44,34.319
2026-06-08T11:56:51.758946+00:00,scheduler,0,0,699.9,10240.0,39,23.58
2026-06-08T11:56:51.758946+00:00,scheduler,1,0,675.9,10240.0,40,24.709
2026-06-08T11:56:51.758946+00:00,scheduler,2,0,2993.9,10240.0,40,39.651
2026-06-08T11:56:51.758946+00:00,scheduler,3,0,699.9,10240.0,41,27.758
2026-06-08T11:56:56.759677+00:00,scheduler,0,0,699.9,10240.0,38,23.45
2026-06-08T11:56:56.759677+00:00,scheduler,1,0,675.9,10240.0,40,24.732
2026-06-08T11:56:56.759677+00:00,scheduler,2,10,8721.9,10240.0,46,115.023
2026-06-08T11:56:56.759677+00:00,scheduler,3,0,699.9,10240.0,40,27.928
2026-06-08T11:57:01.760312+00:00,scheduler,0,0,699.9,10240.0,38,23.396
2026-06-08T11:57:01.760312+00:00,scheduler,1,0,675.9,10240.0,40,24.934
2026-06-08T11:57:01.760312+00:00,scheduler,2,100,8837.9,10240.0,61,318.418
2026-06-08T11:57:01.760312+00:00,scheduler,3,0,699.9,10240.0,39,27.725
2026-06-08T11:57:06.760879+00:00,scheduler,0,0,699.9,10240.0,37,23.425
2026-06-08T11:57:06.760879+00:00,scheduler,1,0,1417.9,10240.0,40,25.053
2026-06-08T11:57:06.760879+00:00,scheduler,2,100,8837.9,10240.0,65,318.958
2026-06-08T11:57:06.760879+00:00,scheduler,3,0,699.9,10240.0,38,27.925
2026-06-08T11:57:11.761498+00:00,scheduler,0,0,699.9,10240.0,37,23.188
2026-06-08T11:57:11.761498+00:00,scheduler,1,10,8697.9,10240.0,52,125.353
2026-06-08T11:57:11.761498+00:00,scheduler,2,100,8837.9,10240.0,66,307.778
2026-06-08T11:57:11.761498+00:00,scheduler,3,0,699.9,10240.0,38,27.591
2026-06-08T11:57:16.762178+00:00,scheduler,0,0,699.9,10240.0,37,23.327
2026-06-08T11:57:16.762178+00:00,scheduler,1,100,8813.9,10240.0,70,313.675
2026-06-08T11:57:16.762178+00:00,scheduler,2,100,8837.9,10240.0,66,296.933
2026-06-08T11:57:16.762178+00:00,scheduler,3,10,8721.9,10240.0,46,155.157
2026-06-08T11:57:21.762834+00:00,scheduler,0,9,8721.9,10240.0,43,172.109
2026-06-08T11:57:21.762834+00:00,scheduler,1,100,8813.9,10240.0,69,281.563
2026-06-08T11:57:21.762834+00:00,scheduler,2,100,8837.9,10240.0,67,290.954
2026-06-08T11:57:21.762834+00:00,scheduler,3,100,8837.9,10240.0,65,318.613
2026-06-08T11:57:26.763549+00:00,scheduler,0,48,6639.9,10240.0,43,108.213
2026-06-08T11:57:26.763549+00:00,scheduler,1,100,8813.9,10240.0,69,270.521
2026-06-08T11:57:26.763549+00:00,scheduler,2,100,8837.9,10240.0,68,290.974
2026-06-08T11:57:26.763549+00:00,scheduler,3,100,8837.9,10240.0,69,318.921
2026-06-08T11:57:31.764240+00:00,scheduler,0,100,8837.9,10240.0,55,319.529
2026-06-08T11:57:31.764240+00:00,scheduler,1,100,8813.9,10240.0,69,267.525
2026-06-08T11:57:31.764240+00:00,scheduler,2,100,8837.9,10240.0,68,286.396
2026-06-08T11:57:31.764240+00:00,scheduler,3,100,8837.9,10240.0,70,318.859
2026-06-08T11:57:36.764834+00:00,scheduler,0,100,8837.9,10240.0,56,318.862
2026-06-08T11:57:36.764834+00:00,scheduler,1,100,8813.9,10240.0,70,269.114
2026-06-08T11:57:36.764834+00:00,scheduler,2,100,8837.9,10240.0,68,284.627
2026-06-08T11:57:36.764834+00:00,scheduler,3,100,8837.9,10240.0,71,319.371
2026-06-08T11:57:41.765524+00:00,scheduler,0,100,8837.9,10240.0,57,318.826
2026-06-08T11:57:41.765524+00:00,scheduler,1,100,8813.9,10240.0,70,263.383
2026-06-08T11:57:41.765524+00:00,scheduler,2,100,8837.9,10240.0,68,282.35
2026-06-08T11:57:41.765524+00:00,scheduler,3,100,8837.9,10240.0,71,318.521
2026-06-08T11:57:46.766125+00:00,scheduler,0,100,8837.9,10240.0,58,319.49
2026-06-08T11:57:46.766125+00:00,scheduler,1,100,8813.9,10240.0,70,263.431
2026-06-08T11:57:46.766125+00:00,scheduler,2,10,8837.9,10240.0,53,97.026
2026-06-08T11:57:46.766125+00:00,scheduler,3,100,8837.9,10240.0,72,318.606
2026-06-08T11:57:51.766685+00:00,scheduler,0,100,8837.9,10240.0,59,318.871
2026-06-08T11:57:51.766685+00:00,scheduler,1,100,8813.9,10240.0,70,259.088
2026-06-08T11:57:51.766685+00:00,scheduler,2,0,699.9,10240.0,52,104.745
2026-06-08T11:57:51.766685+00:00,scheduler,3,100,8837.9,10240.0,72,317.584
2026-06-08T11:57:56.767340+00:00,scheduler,0,100,8837.9,10240.0,60,318.554
2026-06-08T11:57:56.767340+00:00,scheduler,1,100,8813.9,10240.0,71,259.429
2026-06-08T11:57:56.767340+00:00,scheduler,2,0,699.9,10240.0,50,93.797
2026-06-08T11:57:56.767340+00:00,scheduler,3,100,8837.9,10240.0,72,318.526
2026-06-08T11:58:01.768040+00:00,scheduler,0,100,8837.9,10240.0,60,318.984
2026-06-08T11:58:01.768040+00:00,scheduler,1,10,8813.9,10240.0,58,106.71
2026-06-08T11:58:01.768040+00:00,scheduler,2,0,699.9,10240.0,49,93.943
2026-06-08T11:58:01.768040+00:00,scheduler,3,56,8837.9,10240.0,60,225.081
2026-06-08T11:58:06.768769+00:00,scheduler,0,100,8837.9,10240.0,61,319.207
2026-06-08T11:58:06.768769+00:00,scheduler,1,0,675.9,10240.0,60,132.315
2026-06-08T11:58:06.768769+00:00,scheduler,2,0,699.9,10240.0,45,79.267
2026-06-08T11:58:06.768769+00:00,scheduler,3,10,3197.9,10240.0,52,100.012
2026-06-08T11:58:11.769468+00:00,scheduler,0,9,8837.9,10240.0,50,97.507
2026-06-08T11:58:11.769468+00:00,scheduler,1,0,675.9,10240.0,56,104.262
2026-06-08T11:58:11.769468+00:00,scheduler,2,0,699.9,10240.0,42,20.391
2026-06-08T11:58:11.769468+00:00,scheduler,3,0,699.9,10240.0,50,99.441
2026-06-08T11:58:16.770162+00:00,scheduler,0,0,699.9,10240.0,50,115.251
2026-06-08T11:58:16.770162+00:00,scheduler,1,0,675.9,10240.0,56,103.606
2026-06-08T11:58:16.770162+00:00,scheduler,2,0,699.9,10240.0,41,20.156
2026-06-08T11:58:16.770162+00:00,scheduler,3,0,699.9,10240.0,49,99.463
2026-06-08T11:58:21.770896+00:00,scheduler,0,0,699.9,10240.0,48,96.206
2026-06-08T11:58:21.770896+00:00,scheduler,1,0,675.9,10240.0,55,103.416
2026-06-08T11:58:21.770896+00:00,scheduler,2,0,699.9,10240.0,40,19.672
2026-06-08T11:58:21.770896+00:00,scheduler,3,0,699.9,10240.0,48,99.42
2026-06-08T11:58:26.771559+00:00,scheduler,0,0,699.9,10240.0,47,97.19
2026-06-08T11:58:26.771559+00:00,scheduler,1,0,675.9,10240.0,48,25.553
2026-06-08T11:58:26.771559+00:00,scheduler,2,0,699.9,10240.0,39,19.45
2026-06-08T11:58:26.771559+00:00,scheduler,3,0,699.9,10240.0,42,28.135
2026-06-08T11:58:31.772287+00:00,scheduler,0,0,699.9,10240.0,46,94.595
2026-06-08T11:58:31.772287+00:00,scheduler,1,0,675.9,10240.0,46,25.128
2026-06-08T11:58:31.772287+00:00,scheduler,2,0,699.9,10240.0,38,19.227
2026-06-08T11:58:31.772287+00:00,scheduler,3,0,699.9,10240.0,41,27.715
2026-06-08T11:58:36.772888+00:00,scheduler,0,0,699.9,10240.0,41,24.081
2026-06-08T11:58:36.772888+00:00,scheduler,1,0,675.9,10240.0,45,24.962
2026-06-08T11:58:36.772888+00:00,scheduler,2,0,699.9,10240.0,38,19.436
2026-06-08T11:58:36.772888+00:00,scheduler,3,0,699.9,10240.0,40,27.579
2026-06-08T11:58:41.773579+00:00,scheduler,0,0,699.9,10240.0,40,23.787
2026-06-08T11:58:41.773579+00:00,scheduler,1,0,675.9,10240.0,45,25.502
2026-06-08T11:58:41.773579+00:00,scheduler,2,0,699.9,10240.0,37,19.162
2026-06-08T11:58:41.773579+00:00,scheduler,3,0,699.9,10240.0,39,27.542
2026-06-08T11:58:46.774260+00:00,scheduler,0,0,699.9,10240.0,40,23.632
2026-06-08T11:58:46.774260+00:00,scheduler,1,0,675.9,10240.0,44,25.031
2026-06-08T11:58:46.774260+00:00,scheduler,2,0,699.9,10240.0,37,19.194
2026-06-08T11:58:46.774260+00:00,scheduler,3,0,699.9,10240.0,38,27.514
2026-06-08T11:58:51.774843+00:00,scheduler,0,0,699.9,10240.0,39,23.534
2026-06-08T11:58:51.774843+00:00,scheduler,1,0,675.9,10240.0,43,24.889
2026-06-08T11:58:51.774843+00:00,scheduler,2,0,699.9,10240.0,36,19.122
2026-06-08T11:58:51.774843+00:00,scheduler,3,0,699.9,10240.0,37,27.582
2026-06-08T11:58:56.775417+00:00,scheduler,0,0,699.9,10240.0,38,23.475
2026-06-08T11:58:56.775417+00:00,scheduler,1,0,675.9,10240.0,43,24.914
2026-06-08T11:58:56.775417+00:00,scheduler,2,0,699.9,10240.0,36,18.978
2026-06-08T11:58:56.775417+00:00,scheduler,3,0,699.9,10240.0,37,27.281
2026-06-08T11:59:01.776016+00:00,scheduler,0,0,699.9,10240.0,37,23.331
2026-06-08T11:59:01.776016+00:00,scheduler,1,0,675.9,10240.0,43,24.966
2026-06-08T11:59:01.776016+00:00,scheduler,2,0,699.9,10240.0,36,18.962
2026-06-08T11:59:01.776016+00:00,scheduler,3,0,699.9,10240.0,36,27.308
2026-06-08T11:59:06.776628+00:00,scheduler,0,0,699.9,10240.0,37,23.392
2026-06-08T11:59:06.776628+00:00,scheduler,1,0,675.9,10240.0,42,24.963
2026-06-08T11:59:06.776628+00:00,scheduler,2,14,8721.9,10240.0,44,114.691
2026-06-08T11:59:06.776628+00:00,scheduler,3,0,699.9,10240.0,36,27.26
2026-06-08T11:59:11.777262+00:00,scheduler,0,0,699.9,10240.0,37,23.366
2026-06-08T11:59:11.777262+00:00,scheduler,1,0,675.9,10240.0,42,25.039
2026-06-08T11:59:11.777262+00:00,scheduler,2,100,8837.9,10240.0,60,318.929
2026-06-08T11:59:11.777262+00:00,scheduler,3,0,699.9,10240.0,36,27.328
2026-06-08T11:59:16.777820+00:00,scheduler,0,0,699.9,10240.0,36,23.505
2026-06-08T11:59:16.777820+00:00,scheduler,1,0,675.9,10240.0,41,25.228
2026-06-08T11:59:16.777820+00:00,scheduler,2,100,8837.9,10240.0,64,318.37
2026-06-08T11:59:16.777820+00:00,scheduler,3,0,699.9,10240.0,35,27.292
2026-06-08T11:59:21.778516+00:00,scheduler,0,0,699.9,10240.0,36,23.266
2026-06-08T11:59:21.778516+00:00,scheduler,1,0,675.9,10240.0,41,25.166
2026-06-08T11:59:21.778516+00:00,scheduler,2,100,8837.9,10240.0,66,310.942
2026-06-08T11:59:21.778516+00:00,scheduler,3,0,699.9,10240.0,35,27.269
2026-06-08T11:59:26.779182+00:00,scheduler,0,0,699.9,10240.0,36,23.129
2026-06-08T11:59:26.779182+00:00,scheduler,1,0,675.9,10240.0,41,25.118
2026-06-08T11:59:26.779182+00:00,scheduler,2,100,8837.9,10240.0,66,302.674
2026-06-08T11:59:26.779182+00:00,scheduler,3,0,699.9,10240.0,35,27.351
2026-06-08T11:59:31.779818+00:00,scheduler,0,0,699.9,10240.0,35,23.258
2026-06-08T11:59:31.779818+00:00,scheduler,1,0,675.9,10240.0,41,25.041
2026-06-08T11:59:31.779818+00:00,scheduler,2,100,8837.9,10240.0,66,296.397
2026-06-08T11:59:31.779818+00:00,scheduler,3,0,699.9,10240.0,35,27.277
2026-06-08T11:59:36.780411+00:00,scheduler,0,0,699.9,10240.0,35,23.188
2026-06-08T11:59:36.780411+00:00,scheduler,1,0,675.9,10240.0,40,25.067
2026-06-08T11:59:36.780411+00:00,scheduler,2,100,8837.9,10240.0,67,295.677
2026-06-08T11:59:36.780411+00:00,scheduler,3,0,699.9,10240.0,34,27.224
2026-06-08T11:59:41.781026+00:00,scheduler,0,0,699.9,10240.0,35,23.184
2026-06-08T11:59:41.781026+00:00,scheduler,1,0,675.9,10240.0,40,24.9
2026-06-08T11:59:41.781026+00:00,scheduler,2,100,8837.9,10240.0,68,290.651
2026-06-08T11:59:41.781026+00:00,scheduler,3,0,699.9,10240.0,34,27.397
2026-06-08T11:59:46.781710+00:00,scheduler,0,0,699.9,10240.0,35,23.146
2026-06-08T11:59:46.781710+00:00,scheduler,1,0,675.9,10240.0,40,24.869
2026-06-08T11:59:46.781710+00:00,scheduler,2,100,8837.9,10240.0,68,282.564
2026-06-08T11:59:46.781710+00:00,scheduler,3,0,699.9,10240.0,34,27.437
2026-06-08T11:59:51.782334+00:00,scheduler,0,0,699.9,10240.0,35,23.11
2026-06-08T11:59:51.782334+00:00,scheduler,1,0,675.9,10240.0,40,25.135
2026-06-08T11:59:51.782334+00:00,scheduler,2,100,8837.9,10240.0,68,283.972
2026-06-08T11:59:51.782334+00:00,scheduler,3,0,699.9,10240.0,34,27.308
2026-06-08T11:59:56.782928+00:00,scheduler,0,0,699.9,10240.0,34,23.114
2026-06-08T11:59:56.782928+00:00,scheduler,1,0,675.9,10240.0,40,24.668
2026-06-08T11:59:56.782928+00:00,scheduler,2,10,8837.9,10240.0,52,96.374
2026-06-08T11:59:56.782928+00:00,scheduler,3,0,699.9,10240.0,34,27.511
2026-06-08T12:00:01.783633+00:00,scheduler,0,0,699.9,10240.0,34,23.038
2026-06-08T12:00:01.783633+00:00,scheduler,1,0,675.9,10240.0,39,24.597
2026-06-08T12:00:01.783633+00:00,scheduler,2,0,699.9,10240.0,51,106.664
2026-06-08T12:00:01.783633+00:00,scheduler,3,0,699.9,10240.0,34,27.38
2026-06-08T12:00:06.784288+00:00,scheduler,0,0,699.9,10240.0,34,23.159
2026-06-08T12:00:06.784288+00:00,scheduler,1,0,675.9,10240.0,39,24.714
2026-06-08T12:00:06.784288+00:00,scheduler,2,0,699.9,10240.0,49,93.394
2026-06-08T12:00:06.784288+00:00,scheduler,3,0,699.9,10240.0,34,27.215
2026-06-08T12:00:11.784902+00:00,scheduler,0,0,699.9,10240.0,34,22.939
2026-06-08T12:00:11.784902+00:00,scheduler,1,0,675.9,10240.0,39,24.696
2026-06-08T12:00:11.784902+00:00,scheduler,2,0,699.9,10240.0,49,93.713
2026-06-08T12:00:11.784902+00:00,scheduler,3,0,699.9,10240.0,34,27.18
2026-06-08T12:00:16.785586+00:00,scheduler,0,0,699.9,10240.0,34,23.119
2026-06-08T12:00:16.785586+00:00,scheduler,1,0,675.9,10240.0,39,24.686
2026-06-08T12:00:16.785586+00:00,scheduler,2,0,699.9,10240.0,48,90.564
2026-06-08T12:00:16.785586+00:00,scheduler,3,0,699.9,10240.0,34,27.123
2026-06-08T12:00:21.786322+00:00,scheduler,0,0,699.9,10240.0,34,23.18
2026-06-08T12:00:21.786322+00:00,scheduler,1,0,675.9,10240.0,39,24.791
2026-06-08T12:00:21.786322+00:00,scheduler,2,0,699.9,10240.0,42,20.121
2026-06-08T12:00:21.786322+00:00,scheduler,3,0,699.9,10240.0,33,27.26
2026-06-08T12:00:26.787105+00:00,scheduler,0,0,699.9,10240.0,34,22.994
2026-06-08T12:00:26.787105+00:00,scheduler,1,0,675.9,10240.0,39,24.631
2026-06-08T12:00:26.787105+00:00,scheduler,2,0,699.9,10240.0,41,19.668
2026-06-08T12:00:26.787105+00:00,scheduler,3,0,699.9,10240.0,33,27.059
2026-06-08T12:00:31.787816+00:00,scheduler,0,0,699.9,10240.0,34,22.916
2026-06-08T12:00:31.787816+00:00,scheduler,1,0,675.9,10240.0,39,24.66
2026-06-08T12:00:31.787816+00:00,scheduler,2,0,699.9,10240.0,40,19.419
2026-06-08T12:00:31.787816+00:00,scheduler,3,0,699.9,10240.0,33,27.225
2026-06-08T12:00:36.788573+00:00,scheduler,0,0,699.9,10240.0,34,22.848
2026-06-08T12:00:36.788573+00:00,scheduler,1,0,675.9,10240.0,38,24.589
2026-06-08T12:00:36.788573+00:00,scheduler,2,0,699.9,10240.0,39,19.761
2026-06-08T12:00:36.788573+00:00,scheduler,3,0,699.9,10240.0,33,27.259
2026-06-08T12:00:41.789221+00:00,scheduler,0,0,699.9,10240.0,34,23.058
2026-06-08T12:00:41.789221+00:00,scheduler,1,0,675.9,10240.0,38,24.707
2026-06-08T12:00:41.789221+00:00,scheduler,2,0,699.9,10240.0,38,19.407
2026-06-08T12:00:41.789221+00:00,scheduler,3,0,699.9,10240.0,33,27.285
2026-06-08T12:00:46.789806+00:00,scheduler,0,0,699.9,10240.0,33,22.943
2026-06-08T12:00:46.789806+00:00,scheduler,1,0,675.9,10240.0,38,24.587
2026-06-08T12:00:46.789806+00:00,scheduler,2,0,699.9,10240.0,38,19.207
2026-06-08T12:00:46.789806+00:00,scheduler,3,0,699.9,10240.0,33,27.207
2026-06-08T12:00:51.790577+00:00,scheduler,0,0,699.9,10240.0,33,22.944
2026-06-08T12:00:51.790577+00:00,scheduler,1,0,675.9,10240.0,38,24.595
2026-06-08T12:00:51.790577+00:00,scheduler,2,0,699.9,10240.0,37,19.385
2026-06-08T12:00:51.790577+00:00,scheduler,3,0,699.9,10240.0,33,27.315
2026-06-08T12:00:56.791245+00:00,scheduler,0,0,699.9,10240.0,33,23.118
2026-06-08T12:00:56.791245+00:00,scheduler,1,0,675.9,10240.0,38,24.686
2026-06-08T12:00:56.791245+00:00,scheduler,2,0,699.9,10240.0,37,19.156
2026-06-08T12:00:56.791245+00:00,scheduler,3,0,699.9,10240.0,33,27.277
2026-06-08T12:01:01.791935+00:00,scheduler,0,0,699.9,10240.0,33,22.99
2026-06-08T12:01:01.791935+00:00,scheduler,1,0,675.9,10240.0,38,24.579
2026-06-08T12:01:01.791935+00:00,scheduler,2,0,699.9,10240.0,36,19.03
2026-06-08T12:01:01.791935+00:00,scheduler,3,0,699.9,10240.0,33,27.255
2026-06-08T12:01:06.792593+00:00,scheduler,0,0,699.9,10240.0,33,22.928
2026-06-08T12:01:06.792593+00:00,scheduler,1,0,675.9,10240.0,38,24.517
2026-06-08T12:01:06.792593+00:00,scheduler,2,0,699.9,10240.0,36,19.035
2026-06-08T12:01:06.792593+00:00,scheduler,3,0,699.9,10240.0,33,27.217
2026-06-08T12:01:11.793222+00:00,scheduler,0,0,699.9,10240.0,33,23.047
2026-06-08T12:01:11.793222+00:00,scheduler,1,0,675.9,10240.0,38,24.635
2026-06-08T12:01:11.793222+00:00,scheduler,2,0,699.9,10240.0,36,18.821
2026-06-08T12:01:11.793222+00:00,scheduler,3,0,699.9,10240.0,33,27.372
2026-06-08T12:01:16.793829+00:00,scheduler,0,0,699.9,10240.0,33,23.003
2026-06-08T12:01:16.793829+00:00,scheduler,1,0,675.9,10240.0,38,24.525
2026-06-08T12:01:16.793829+00:00,scheduler,2,0,699.9,10240.0,35,18.867
2026-06-08T12:01:16.793829+00:00,scheduler,3,0,699.9,10240.0,33,27.213
2026-06-08T12:01:21.794439+00:00,scheduler,0,0,699.9,10240.0,33,22.931
2026-06-08T12:01:21.794439+00:00,scheduler,1,0,675.9,10240.0,38,24.598
2026-06-08T12:01:21.794439+00:00,scheduler,2,0,699.9,10240.0,35,18.948
2026-06-08T12:01:21.794439+00:00,scheduler,3,0,699.9,10240.0,33,27.262
2026-06-08T12:01:26.795032+00:00,scheduler,0,79,8721.9,10240.0,41,170.235
2026-06-08T12:01:26.795032+00:00,scheduler,1,0,675.9,10240.0,38,24.492
2026-06-08T12:01:26.795032+00:00,scheduler,2,0,699.9,10240.0,35,19.069
2026-06-08T12:01:26.795032+00:00,scheduler,3,0,699.9,10240.0,33,27.168
2026-06-08T12:01:31.795608+00:00,scheduler,0,100,8837.9,10240.0,50,243.726
2026-06-08T12:01:31.795608+00:00,scheduler,1,0,675.9,10240.0,38,24.717
2026-06-08T12:01:31.795608+00:00,scheduler,2,0,699.9,10240.0,35,18.907
2026-06-08T12:01:31.795608+00:00,scheduler,3,0,699.9,10240.0,33,27.578
2026-06-08T12:01:36.796114+00:00,scheduler,0,100,8837.9,10240.0,53,318.792
2026-06-08T12:01:36.796114+00:00,scheduler,1,0,675.9,10240.0,38,24.748
2026-06-08T12:01:36.796114+00:00,scheduler,2,0,699.9,10240.0,35,19.289
2026-06-08T12:01:36.796114+00:00,scheduler,3,0,699.9,10240.0,33,27.364
2026-06-08T12:01:41.796665+00:00,scheduler,0,100,8837.9,10240.0,54,318.723
2026-06-08T12:01:41.796665+00:00,scheduler,1,0,675.9,10240.0,37,24.737
2026-06-08T12:01:41.796665+00:00,scheduler,2,0,699.9,10240.0,35,19.288
2026-06-08T12:01:41.796665+00:00,scheduler,3,0,699.9,10240.0,33,27.4
2026-06-08T12:01:46.797233+00:00,scheduler,0,100,8837.9,10240.0,55,318.716
2026-06-08T12:01:46.797233+00:00,scheduler,1,0,675.9,10240.0,37,24.891
2026-06-08T12:01:46.797233+00:00,scheduler,2,0,699.9,10240.0,35,19.163
2026-06-08T12:01:46.797233+00:00,scheduler,3,0,699.9,10240.0,33,27.456
2026-06-08T12:01:51.797773+00:00,scheduler,0,100,8837.9,10240.0,57,318.965
2026-06-08T12:01:51.797773+00:00,scheduler,1,0,675.9,10240.0,37,24.809
2026-06-08T12:01:51.797773+00:00,scheduler,2,0,699.9,10240.0,34,19.102
2026-06-08T12:01:51.797773+00:00,scheduler,3,0,699.9,10240.0,33,27.269
2026-06-08T12:01:56.798388+00:00,scheduler,0,100,8837.9,10240.0,58,319.232
2026-06-08T12:01:56.798388+00:00,scheduler,1,35,4153.9,10240.0,43,50.378
2026-06-08T12:01:56.798388+00:00,scheduler,2,0,699.9,10240.0,34,19.381
2026-06-08T12:01:56.798388+00:00,scheduler,3,0,699.9,10240.0,33,27.212
2026-06-08T12:02:01.798972+00:00,scheduler,0,100,8837.9,10240.0,59,318.566
2026-06-08T12:02:01.798972+00:00,scheduler,1,10,8697.9,10240.0,49,121.58
2026-06-08T12:02:01.798972+00:00,scheduler,2,0,699.9,10240.0,34,19.211
2026-06-08T12:02:01.798972+00:00,scheduler,3,0,699.9,10240.0,33,27.422
2026-06-08T12:02:06.799510+00:00,scheduler,0,100,8837.9,10240.0,59,318.487
2026-06-08T12:02:06.799510+00:00,scheduler,1,100,8813.9,10240.0,68,315.667
2026-06-08T12:02:06.799510+00:00,scheduler,2,0,699.9,10240.0,34,19.255
2026-06-08T12:02:06.799510+00:00,scheduler,3,0,699.9,10240.0,33,27.263
2026-06-08T12:02:11.800217+00:00,scheduler,0,100,8837.9,10240.0,54,278.835
2026-06-08T12:02:11.800217+00:00,scheduler,1,100,8813.9,10240.0,68,282.655
2026-06-08T12:02:11.800217+00:00,scheduler,2,0,699.9,10240.0,34,19.187
2026-06-08T12:02:11.800217+00:00,scheduler,3,0,699.9,10240.0,33,27.125
2026-06-08T12:02:16.800878+00:00,scheduler,0,9,8837.9,10240.0,49,97.085
2026-06-08T12:02:16.800878+00:00,scheduler,1,100,8813.9,10240.0,68,275.122
2026-06-08T12:02:16.800878+00:00,scheduler,2,0,699.9,10240.0,34,19.305
2026-06-08T12:02:16.800878+00:00,scheduler,3,0,699.9,10240.0,33,26.992
2026-06-08T12:02:21.801535+00:00,scheduler,0,0,699.9,10240.0,48,104.903
2026-06-08T12:02:21.801535+00:00,scheduler,1,100,8813.9,10240.0,68,270.752
2026-06-08T12:02:21.801535+00:00,scheduler,2,0,699.9,10240.0,34,19.204
2026-06-08T12:02:21.801535+00:00,scheduler,3,0,699.9,10240.0,33,27.332
2026-06-08T12:02:26.802145+00:00,scheduler,0,0,699.9,10240.0,47,95.986
2026-06-08T12:02:26.802145+00:00,scheduler,1,100,8813.9,10240.0,69,271.47
2026-06-08T12:02:26.802145+00:00,scheduler,2,0,699.9,10240.0,34,19.209
2026-06-08T12:02:26.802145+00:00,scheduler,3,0,699.9,10240.0,33,27.26
2026-06-08T12:02:31.802683+00:00,scheduler,0,0,699.9,10240.0,47,95.573
2026-06-08T12:02:31.802683+00:00,scheduler,1,100,8813.9,10240.0,69,268.784
2026-06-08T12:02:31.802683+00:00,scheduler,2,0,699.9,10240.0,34,19.641
2026-06-08T12:02:31.802683+00:00,scheduler,3,0,699.9,10240.0,33,27.094
2026-06-08T12:02:36.803285+00:00,scheduler,0,0,699.9,10240.0,43,62.38
2026-06-08T12:02:36.803285+00:00,scheduler,1,100,8813.9,10240.0,70,267.51
2026-06-08T12:02:36.803285+00:00,scheduler,2,0,699.9,10240.0,34,19.427
2026-06-08T12:02:36.803285+00:00,scheduler,3,0,699.9,10240.0,33,27.292
2026-06-08T12:02:41.804080+00:00,scheduler,0,0,699.9,10240.0,41,23.907
2026-06-08T12:02:41.804080+00:00,scheduler,1,100,8813.9,10240.0,70,262.63
2026-06-08T12:02:41.804080+00:00,scheduler,2,0,699.9,10240.0,34,19.225
2026-06-08T12:02:41.804080+00:00,scheduler,3,0,699.9,10240.0,33,27.115
2026-06-08T12:02:46.804725+00:00,scheduler,0,0,699.9,10240.0,40,23.642
2026-06-08T12:02:46.804725+00:00,scheduler,1,100,8813.9,10240.0,70,262.152
2026-06-08T12:02:46.804725+00:00,scheduler,2,0,699.9,10240.0,34,19.089
2026-06-08T12:02:46.804725+00:00,scheduler,3,0,699.9,10240.0,33,27.089
2026-06-08T12:02:51.805357+00:00,scheduler,0,0,699.9,10240.0,39,23.539
2026-06-08T12:02:51.805357+00:00,scheduler,1,9,8813.9,10240.0,57,106.215
2026-06-08T12:02:51.805357+00:00,scheduler,2,0,699.9,10240.0,34,19.004
2026-06-08T12:02:51.805357+00:00,scheduler,3,0,699.9,10240.0,33,26.852
2026-06-08T12:02:56.805944+00:00,scheduler,0,0,699.9,10240.0,39,23.523
2026-06-08T12:02:56.805944+00:00,scheduler,1,0,675.9,10240.0,57,116.892
2026-06-08T12:02:56.805944+00:00,scheduler,2,0,699.9,10240.0,34,18.943
2026-06-08T12:02:56.805944+00:00,scheduler,3,0,699.9,10240.0,33,27.185
2026-06-08T12:03:01.806750+00:00,scheduler,0,0,699.9,10240.0,38,23.406
2026-06-08T12:03:01.806750+00:00,scheduler,1,0,675.9,10240.0,55,104.231
2026-06-08T12:03:01.806750+00:00,scheduler,2,0,699.9,10240.0,34,18.879
2026-06-08T12:03:01.806750+00:00,scheduler,3,0,699.9,10240.0,33,27.092
2026-06-08T12:03:06.807404+00:00,scheduler,0,0,699.9,10240.0,38,23.274
2026-06-08T12:03:06.807404+00:00,scheduler,1,0,675.9,10240.0,55,103.42
2026-06-08T12:03:06.807404+00:00,scheduler,2,0,699.9,10240.0,34,18.851
2026-06-08T12:03:06.807404+00:00,scheduler,3,0,699.9,10240.0,33,27.064
2026-06-08T12:03:11.808079+00:00,scheduler,0,41,8721.9,10240.0,43,112.531
2026-06-08T12:03:11.808079+00:00,scheduler,1,0,675.9,10240.0,50,80.216
2026-06-08T12:03:11.808079+00:00,scheduler,2,0,699.9,10240.0,33,18.989
2026-06-08T12:03:11.808079+00:00,scheduler,3,0,699.9,10240.0,33,27.156
2026-06-08T12:03:16.808810+00:00,scheduler,0,100,8837.9,10240.0,54,319.111
2026-06-08T12:03:16.808810+00:00,scheduler,1,0,675.9,10240.0,46,25.444
2026-06-08T12:03:16.808810+00:00,scheduler,2,0,699.9,10240.0,33,19.097
2026-06-08T12:03:16.808810+00:00,scheduler,3,0,699.9,10240.0,33,27.136
2026-06-08T12:03:21.809497+00:00,scheduler,0,100,8837.9,10240.0,56,319.188
2026-06-08T12:03:21.809497+00:00,scheduler,1,0,675.9,10240.0,45,25.339
2026-06-08T12:03:21.809497+00:00,scheduler,2,0,699.9,10240.0,33,19.201
2026-06-08T12:03:21.809497+00:00,scheduler,3,0,699.9,10240.0,33,27.155
2026-06-08T12:03:26.810045+00:00,scheduler,0,100,8837.9,10240.0,57,318.527
2026-06-08T12:03:26.810045+00:00,scheduler,1,0,675.9,10240.0,44,25.241
2026-06-08T12:03:26.810045+00:00,scheduler,2,0,699.9,10240.0,33,19.372
2026-06-08T12:03:26.810045+00:00,scheduler,3,0,699.9,10240.0,33,27.105
2026-06-08T12:03:31.810608+00:00,scheduler,0,100,8837.9,10240.0,58,319.499
2026-06-08T12:03:31.810608+00:00,scheduler,1,0,2145.9,10240.0,46,30.36
2026-06-08T12:03:31.810608+00:00,scheduler,2,0,699.9,10240.0,33,19.261
2026-06-08T12:03:31.810608+00:00,scheduler,3,0,699.9,10240.0,33,27.322
2026-06-08T12:03:36.811236+00:00,scheduler,0,100,8837.9,10240.0,59,318.901
2026-06-08T12:03:36.811236+00:00,scheduler,1,10,8697.9,10240.0,55,127.945
2026-06-08T12:03:36.811236+00:00,scheduler,2,0,699.9,10240.0,33,19.271
2026-06-08T12:03:36.811236+00:00,scheduler,3,0,699.9,10240.0,33,27.197
2026-06-08T12:03:41.811877+00:00,scheduler,0,100,8837.9,10240.0,60,318.897
2026-06-08T12:03:41.811877+00:00,scheduler,1,100,8813.9,10240.0,71,308.667
2026-06-08T12:03:41.811877+00:00,scheduler,2,0,699.9,10240.0,33,19.394
2026-06-08T12:03:41.811877+00:00,scheduler,3,0,699.9,10240.0,33,27.331
2026-06-08T12:03:46.812453+00:00,scheduler,0,100,8837.9,10240.0,60,318.72
2026-06-08T12:03:46.812453+00:00,scheduler,1,100,8813.9,10240.0,70,266.958
2026-06-08T12:03:46.812453+00:00,scheduler,2,0,699.9,10240.0,33,19.269
2026-06-08T12:03:46.812453+00:00,scheduler,3,0,699.9,10240.0,33,27.332
2026-06-08T12:03:51.813064+00:00,scheduler,0,100,8837.9,10240.0,61,318.647
2026-06-08T12:03:51.813064+00:00,scheduler,1,100,8813.9,10240.0,70,265.05
2026-06-08T12:03:51.813064+00:00,scheduler,2,0,699.9,10240.0,33,19.116
2026-06-08T12:03:51.813064+00:00,scheduler,3,0,699.9,10240.0,33,27.208
2026-06-08T12:03:56.813655+00:00,scheduler,0,13,8837.9,10240.0,53,118.216
2026-06-08T12:03:56.813655+00:00,scheduler,1,100,8813.9,10240.0,70,263.943
2026-06-08T12:03:56.813655+00:00,scheduler,2,0,3101.9,10240.0,36,28.984
2026-06-08T12:03:56.813655+00:00,scheduler,3,46,8721.9,10240.0,41,117.008
2026-06-08T12:04:01.814248+00:00,scheduler,0,10,765.9,10240.0,56,117.556
2026-06-08T12:04:01.814248+00:00,scheduler,1,100,8813.9,10240.0,70,263.666
2026-06-08T12:04:01.814248+00:00,scheduler,2,10,8721.9,10240.0,41,111.233
2026-06-08T12:04:01.814248+00:00,scheduler,3,100,8837.9,10240.0,61,319.52
2026-06-08T12:04:06.814882+00:00,scheduler,0,0,699.9,10240.0,49,97.335
2026-06-08T12:04:06.814882+00:00,scheduler,1,100,8813.9,10240.0,71,258.837
2026-06-08T12:04:06.814882+00:00,scheduler,2,100,8837.9,10240.0,59,319.242
2026-06-08T12:04:06.814882+00:00,scheduler,3,100,8837.9,10240.0,66,318.896
2026-06-08T12:04:11.815439+00:00,scheduler,0,0,699.9,10240.0,48,96.936
2026-06-08T12:04:11.815439+00:00,scheduler,1,100,8813.9,10240.0,71,260.087
2026-06-08T12:04:11.815439+00:00,scheduler,2,100,8837.9,10240.0,62,319.132
2026-06-08T12:04:11.815439+00:00,scheduler,3,100,8837.9,10240.0,68,318.849
2026-06-08T12:04:16.816035+00:00,scheduler,0,0,699.9,10240.0,47,96.589
2026-06-08T12:04:16.816035+00:00,scheduler,1,100,8813.9,10240.0,71,258.364
2026-06-08T12:04:16.816035+00:00,scheduler,2,100,8837.9,10240.0,64,318.64
2026-06-08T12:04:16.816035+00:00,scheduler,3,100,8837.9,10240.0,69,319.063
2026-06-08T12:04:21.816700+00:00,scheduler,0,0,699.9,10240.0,42,24.366
2026-06-08T12:04:21.816700+00:00,scheduler,1,100,8813.9,10240.0,71,255.689
2026-06-08T12:04:21.816700+00:00,scheduler,2,100,8837.9,10240.0,65,305.596
2026-06-08T12:04:21.816700+00:00,scheduler,3,100,8837.9,10240.0,70,318.886
2026-06-08T12:04:26.817336+00:00,scheduler,0,0,699.9,10240.0,41,23.942
2026-06-08T12:04:26.817336+00:00,scheduler,1,10,8813.9,10240.0,59,106.477
2026-06-08T12:04:26.817336+00:00,scheduler,2,100,8837.9,10240.0,66,300.471
2026-06-08T12:04:26.817336+00:00,scheduler,3,100,8837.9,10240.0,71,319.0
2026-06-08T12:04:31.817968+00:00,scheduler,0,0,699.9,10240.0,40,23.752
2026-06-08T12:04:31.817968+00:00,scheduler,1,0,675.9,10240.0,60,132.616
2026-06-08T12:04:31.817968+00:00,scheduler,2,100,8837.9,10240.0,66,295.812
2026-06-08T12:04:31.817968+00:00,scheduler,3,100,8837.9,10240.0,71,318.631
2026-06-08T12:04:36.818586+00:00,scheduler,0,0,699.9,10240.0,39,23.524
2026-06-08T12:04:36.818586+00:00,scheduler,1,0,675.9,10240.0,56,104.512
2026-06-08T12:04:36.818586+00:00,scheduler,2,100,8837.9,10240.0,67,293.215
2026-06-08T12:04:36.818586+00:00,scheduler,3,100,8837.9,10240.0,72,319.744
2026-06-08T12:04:41.819338+00:00,scheduler,0,0,699.9,10240.0,39,23.515
2026-06-08T12:04:41.819338+00:00,scheduler,1,0,675.9,10240.0,56,103.988
2026-06-08T12:04:41.819338+00:00,scheduler,2,100,8837.9,10240.0,67,286.367
2026-06-08T12:04:41.819338+00:00,scheduler,3,10,8837.9,10240.0,58,206.94
2026-06-08T12:04:46.819990+00:00,scheduler,0,0,699.9,10240.0,38,23.396
2026-06-08T12:04:46.819990+00:00,scheduler,1,0,675.9,10240.0,55,103.544
2026-06-08T12:04:46.819990+00:00,scheduler,2,100,8837.9,10240.0,60,235.599
2026-06-08T12:04:46.819990+00:00,scheduler,3,10,1091.9,10240.0,51,99.581
2026-06-08T12:04:51.820734+00:00,scheduler,0,0,699.9,10240.0,37,23.459
2026-06-08T12:04:51.820734+00:00,scheduler,1,0,675.9,10240.0,47,25.439
2026-06-08T12:04:51.820734+00:00,scheduler,2,9,8837.9,10240.0,51,95.599
2026-06-08T12:04:51.820734+00:00,scheduler,3,0,699.9,10240.0,50,103.448
2026-06-08T12:04:56.821300+00:00,scheduler,0,0,699.9,10240.0,37,23.363
2026-06-08T12:04:56.821300+00:00,scheduler,1,0,675.9,10240.0,46,25.107
2026-06-08T12:04:56.821300+00:00,scheduler,2,0,699.9,10240.0,50,98.455
2026-06-08T12:04:56.821300+00:00,scheduler,3,0,699.9,10240.0,49,99.889
2026-06-08T12:05:01.821858+00:00,scheduler,0,0,699.9,10240.0,37,23.241
2026-06-08T12:05:01.821858+00:00,scheduler,1,0,675.9,10240.0,45,25.072
2026-06-08T12:05:01.821858+00:00,scheduler,2,0,699.9,10240.0,49,93.212
2026-06-08T12:05:01.821858+00:00,scheduler,3,0,699.9,10240.0,48,99.585
2026-06-08T12:05:06.822517+00:00,scheduler,0,0,699.9,10240.0,36,23.314
2026-06-08T12:05:06.822517+00:00,scheduler,1,0,675.9,10240.0,44,24.906
2026-06-08T12:05:06.822517+00:00,scheduler,2,0,699.9,10240.0,48,92.608
2026-06-08T12:05:06.822517+00:00,scheduler,3,0,699.9,10240.0,43,55.449
2026-06-08T12:05:11.823069+00:00,scheduler,0,0,699.9,10240.0,36,23.193
2026-06-08T12:05:11.823069+00:00,scheduler,1,0,675.9,10240.0,44,24.85
2026-06-08T12:05:11.823069+00:00,scheduler,2,0,699.9,10240.0,44,41.946
2026-06-08T12:05:11.823069+00:00,scheduler,3,0,699.9,10240.0,41,27.668
2026-06-08T12:05:16.823646+00:00,scheduler,0,0,1501.9,10240.0,36,23.147
2026-06-08T12:05:16.823646+00:00,scheduler,1,0,675.9,10240.0,43,24.939
2026-06-08T12:05:16.823646+00:00,scheduler,2,0,699.9,10240.0,41,19.811
2026-06-08T12:05:16.823646+00:00,scheduler,3,0,699.9,10240.0,39,27.546
2026-06-08T12:05:21.824172+00:00,scheduler,0,10,2553.9,10240.0,42,113.191
2026-06-08T12:05:21.824172+00:00,scheduler,1,0,675.9,10240.0,42,24.763
2026-06-08T12:05:21.824172+00:00,scheduler,2,0,699.9,10240.0,40,19.35
2026-06-08T12:05:21.824172+00:00,scheduler,3,0,699.9,10240.0,39,27.751
2026-06-08T12:05:26.824816+00:00,scheduler,0,100,8837.9,10240.0,54,318.59
2026-06-08T12:05:26.824816+00:00,scheduler,1,0,675.9,10240.0,42,24.999
2026-06-08T12:05:26.824816+00:00,scheduler,2,0,699.9,10240.0,39,19.948
2026-06-08T12:05:26.824816+00:00,scheduler,3,0,699.9,10240.0,38,27.747
2026-06-08T12:05:31.825445+00:00,scheduler,0,100,8837.9,10240.0,55,319.312
2026-06-08T12:05:31.825445+00:00,scheduler,1,0,675.9,10240.0,42,25.017
2026-06-08T12:05:31.825445+00:00,scheduler,2,0,699.9,10240.0,39,19.56
2026-06-08T12:05:31.825445+00:00,scheduler,3,0,699.9,10240.0,37,27.411
2026-06-08T12:05:36.826036+00:00,scheduler,0,100,8837.9,10240.0,56,317.854
2026-06-08T12:05:36.826036+00:00,scheduler,1,0,675.9,10240.0,41,25.004
2026-06-08T12:05:36.826036+00:00,scheduler,2,0,699.9,10240.0,38,19.639
2026-06-08T12:05:36.826036+00:00,scheduler,3,0,699.9,10240.0,37,27.63
2026-06-08T12:05:41.826744+00:00,scheduler,0,100,8837.9,10240.0,57,318.728
2026-06-08T12:05:41.826744+00:00,scheduler,1,21,4473.9,10240.0,47,58.257
2026-06-08T12:05:41.826744+00:00,scheduler,2,0,699.9,10240.0,37,19.492
2026-06-08T12:05:41.826744+00:00,scheduler,3,51,6641.9,10240.0,42,61.188
2026-06-08T12:05:46.827323+00:00,scheduler,0,100,8837.9,10240.0,58,318.507
2026-06-08T12:05:46.827323+00:00,scheduler,1,9,2727.9,10240.0,54,129.045
2026-06-08T12:05:46.827323+00:00,scheduler,2,0,699.9,10240.0,37,19.443
2026-06-08T12:05:46.827323+00:00,scheduler,3,42,8835.9,10240.0,45,120.593
2026-06-08T12:05:51.827888+00:00,scheduler,0,100,8837.9,10240.0,59,318.612
2026-06-08T12:05:51.827888+00:00,scheduler,1,100,8813.9,10240.0,70,282.893
2026-06-08T12:05:51.827888+00:00,scheduler,2,0,699.9,10240.0,37,19.428
2026-06-08T12:05:51.827888+00:00,scheduler,3,100,8837.9,10240.0,68,319.404
2026-06-08T12:05:56.828703+00:00,scheduler,0,100,8837.9,10240.0,60,318.671
2026-06-08T12:05:56.828703+00:00,scheduler,1,100,8813.9,10240.0,69,272.356
2026-06-08T12:05:56.828703+00:00,scheduler,2,0,699.9,10240.0,36,19.559
2026-06-08T12:05:56.828703+00:00,scheduler,3,100,8837.9,10240.0,70,318.953
2026-06-08T12:06:01.829264+00:00,scheduler,0,100,8837.9,10240.0,60,318.792
2026-06-08T12:06:01.829264+00:00,scheduler,1,100,8813.9,10240.0,70,268.298
2026-06-08T12:06:01.829264+00:00,scheduler,2,0,699.9,10240.0,36,19.318
2026-06-08T12:06:01.829264+00:00,scheduler,3,100,8837.9,10240.0,70,318.79
2026-06-08T12:06:06.831164+00:00,scheduler,0,9,8837.9,10240.0,50,104.803
2026-06-08T12:06:06.831164+00:00,scheduler,1,100,8813.9,10240.0,70,268.334
2026-06-08T12:06:06.831164+00:00,scheduler,2,0,699.9,10240.0,36,19.222
2026-06-08T12:06:06.831164+00:00,scheduler,3,100,8837.9,10240.0,71,319.471
2026-06-08T12:06:11.838683+00:00,scheduler,0,0,699.9,10240.0,50,115.153
2026-06-08T12:06:11.838683+00:00,scheduler,1,100,8813.9,10240.0,70,263.886
2026-06-08T12:06:11.838683+00:00,scheduler,2,0,699.9,10240.0,35,19.358
2026-06-08T12:06:11.838683+00:00,scheduler,3,100,8837.9,10240.0,71,318.384
2026-06-08T12:06:16.839359+00:00,scheduler,0,0,699.9,10240.0,48,96.248
2026-06-08T12:06:16.839359+00:00,scheduler,1,100,8813.9,10240.0,71,263.714
2026-06-08T12:06:16.839359+00:00,scheduler,2,0,699.9,10240.0,35,19.257
2026-06-08T12:06:16.839359+00:00,scheduler,3,100,8837.9,10240.0,72,318.191
2026-06-08T12:06:21.839955+00:00,scheduler,0,0,699.9,10240.0,47,95.712
2026-06-08T12:06:21.839955+00:00,scheduler,1,100,8813.9,10240.0,70,259.542
2026-06-08T12:06:21.839955+00:00,scheduler,2,0,699.9,10240.0,35,19.298
2026-06-08T12:06:21.839955+00:00,scheduler,3,100,8837.9,10240.0,72,318.015
2026-06-08T12:06:26.840616+00:00,scheduler,0,0,699.9,10240.0,46,95.579
2026-06-08T12:06:26.840616+00:00,scheduler,1,100,8813.9,10240.0,71,258.805
2026-06-08T12:06:26.840616+00:00,scheduler,2,0,699.9,10240.0,35,19.322
2026-06-08T12:06:26.840616+00:00,scheduler,3,100,8837.9,10240.0,73,318.029
2026-06-08T12:06:31.841185+00:00,scheduler,0,0,699.9,10240.0,41,23.834
2026-06-08T12:06:31.841185+00:00,scheduler,1,100,8813.9,10240.0,71,259.228
2026-06-08T12:06:31.841185+00:00,scheduler,2,10,8721.9,10240.0,43,113.195
2026-06-08T12:06:31.841185+00:00,scheduler,3,10,8837.9,10240.0,52,100.298
2026-06-08T12:06:36.841740+00:00,scheduler,0,0,699.9,10240.0,41,23.802
2026-06-08T12:06:36.841740+00:00,scheduler,1,9,8813.9,10240.0,58,106.703
2026-06-08T12:06:36.841740+00:00,scheduler,2,100,8837.9,10240.0,60,319.157
2026-06-08T12:06:36.841740+00:00,scheduler,3,0,699.9,10240.0,51,112.698
2026-06-08T12:06:41.842407+00:00,scheduler,0,0,699.9,10240.0,39,23.737
2026-06-08T12:06:41.842407+00:00,scheduler,1,0,675.9,10240.0,58,115.386
2026-06-08T12:06:41.842407+00:00,scheduler,2,100,8837.9,10240.0,63,319.234
2026-06-08T12:06:41.842407+00:00,scheduler,3,0,699.9,10240.0,50,98.496
2026-06-08T12:06:46.843009+00:00,scheduler,0,0,699.9,10240.0,39,23.584
2026-06-08T12:06:46.843009+00:00,scheduler,1,0,675.9,10240.0,56,104.49
2026-06-08T12:06:46.843009+00:00,scheduler,2,100,8837.9,10240.0,65,310.296
2026-06-08T12:06:46.843009+00:00,scheduler,3,0,699.9,10240.0,49,98.198
2026-06-08T12:06:51.843614+00:00,scheduler,0,0,699.9,10240.0,38,23.432
2026-06-08T12:06:51.843614+00:00,scheduler,1,0,675.9,10240.0,56,104.21
2026-06-08T12:06:51.843614+00:00,scheduler,2,100,8837.9,10240.0,66,302.587
2026-06-08T12:06:51.843614+00:00,scheduler,3,0,699.9,10240.0,44,76.522
2026-06-08T12:06:56.844240+00:00,scheduler,0,0,699.9,10240.0,38,23.436
2026-06-08T12:06:56.844240+00:00,scheduler,1,0,675.9,10240.0,50,57.269
2026-06-08T12:06:56.844240+00:00,scheduler,2,100,8837.9,10240.0,67,299.015
2026-06-08T12:06:56.844240+00:00,scheduler,3,0,699.9,10240.0,42,27.991
2026-06-08T12:07:01.844800+00:00,scheduler,0,0,699.9,10240.0,37,23.431
2026-06-08T12:07:01.844800+00:00,scheduler,1,0,675.9,10240.0,47,25.614
2026-06-08T12:07:01.844800+00:00,scheduler,2,100,8837.9,10240.0,67,293.441
2026-06-08T12:07:01.844800+00:00,scheduler,3,0,699.9,10240.0,40,28.101
2026-06-08T12:07:06.845396+00:00,scheduler,0,0,699.9,10240.0,37,23.374
2026-06-08T12:07:06.845396+00:00,scheduler,1,0,675.9,10240.0,46,25.649
2026-06-08T12:07:06.845396+00:00,scheduler,2,100,8837.9,10240.0,67,288.126
2026-06-08T12:07:06.845396+00:00,scheduler,3,0,699.9,10240.0,39,27.698
2026-06-08T12:07:11.847823+00:00,scheduler,0,0,699.9,10240.0,36,23.413
2026-06-08T12:07:11.847823+00:00,scheduler,1,0,675.9,10240.0,45,25.637
2026-06-08T12:07:11.847823+00:00,scheduler,2,100,8837.9,10240.0,68,288.872
2026-06-08T12:07:11.847823+00:00,scheduler,3,0,699.9,10240.0,38,27.944
2026-06-08T12:07:16.848380+00:00,scheduler,0,0,699.9,10240.0,36,23.306
2026-06-08T12:07:16.848380+00:00,scheduler,1,0,675.9,10240.0,44,25.224
2026-06-08T12:07:16.848380+00:00,scheduler,2,100,8837.9,10240.0,65,277.264
2026-06-08T12:07:16.848380+00:00,scheduler,3,0,699.9,10240.0,38,27.785
2026-06-08T12:07:21.848895+00:00,scheduler,0,0,699.9,10240.0,36,23.225
2026-06-08T12:07:21.848895+00:00,scheduler,1,0,675.9,10240.0,44,24.82
2026-06-08T12:07:21.848895+00:00,scheduler,2,10,8837.9,10240.0,52,95.934
2026-06-08T12:07:21.848895+00:00,scheduler,3,0,699.9,10240.0,37,27.543
2026-06-08T12:07:26.849475+00:00,scheduler,0,0,699.9,10240.0,35,23.29
2026-06-08T12:07:26.849475+00:00,scheduler,1,0,675.9,10240.0,43,24.793
2026-06-08T12:07:26.849475+00:00,scheduler,2,0,699.9,10240.0,51,100.08
2026-06-08T12:07:26.849475+00:00,scheduler,3,0,699.9,10240.0,37,27.594
2026-06-08T12:07:31.851252+00:00,scheduler,0,0,699.9,10240.0,35,23.362
2026-06-08T12:07:31.851252+00:00,scheduler,1,0,675.9,10240.0,43,25.019
2026-06-08T12:07:31.851252+00:00,scheduler,2,0,699.9,10240.0,49,93.109
2026-06-08T12:07:31.851252+00:00,scheduler,3,0,699.9,10240.0,36,27.821
2026-06-08T12:07:36.852901+00:00,scheduler,0,0,699.9,10240.0,35,23.188
2026-06-08T12:07:36.852901+00:00,scheduler,1,0,675.9,10240.0,42,24.958
2026-06-08T12:07:36.852901+00:00,scheduler,2,0,699.9,10240.0,48,92.647
2026-06-08T12:07:36.852901+00:00,scheduler,3,49,8701.9,10240.0,43,123.209
2026-06-08T12:07:41.853451+00:00,scheduler,0,0,699.9,10240.0,35,23.213
2026-06-08T12:07:41.853451+00:00,scheduler,1,0,675.9,10240.0,42,25.111
2026-06-08T12:07:41.853451+00:00,scheduler,2,0,699.9,10240.0,44,32.784
2026-06-08T12:07:41.853451+00:00,scheduler,3,30,8837.9,10240.0,54,163.614
2026-06-08T12:07:46.855233+00:00,scheduler,0,0,699.9,10240.0,35,23.231
2026-06-08T12:07:46.855233+00:00,scheduler,1,0,675.9,10240.0,41,25.15
2026-06-08T12:07:46.855233+00:00,scheduler,2,0,699.9,10240.0,42,20.242
2026-06-08T12:07:46.855233+00:00,scheduler,3,100,8837.9,10240.0,68,318.049
2026-06-08T12:07:51.855731+00:00,scheduler,0,0,699.9,10240.0,35,23.249
2026-06-08T12:07:51.855731+00:00,scheduler,1,0,675.9,10240.0,41,25.175
2026-06-08T12:07:51.855731+00:00,scheduler,2,0,699.9,10240.0,40,19.92
2026-06-08T12:07:51.855731+00:00,scheduler,3,100,8837.9,10240.0,69,318.98
2026-06-08T12:07:56.857556+00:00,scheduler,0,0,699.9,10240.0,34,23.164
2026-06-08T12:07:56.857556+00:00,scheduler,1,0,675.9,10240.0,41,25.247
2026-06-08T12:07:56.857556+00:00,scheduler,2,0,699.9,10240.0,39,19.911
2026-06-08T12:07:56.857556+00:00,scheduler,3,100,8837.9,10240.0,70,318.305
2026-06-08T12:08:01.859126+00:00,scheduler,0,0,699.9,10240.0,34,23.221
2026-06-08T12:08:01.859126+00:00,scheduler,1,0,675.9,10240.0,40,25.33
2026-06-08T12:08:01.859126+00:00,scheduler,2,0,699.9,10240.0,39,19.843
2026-06-08T12:08:01.859126+00:00,scheduler,3,100,8837.9,10240.0,71,318.365
2026-06-08T12:08:06.859740+00:00,scheduler,0,0,699.9,10240.0,34,23.12
2026-06-08T12:08:06.859740+00:00,scheduler,1,0,675.9,10240.0,40,25.271
2026-06-08T12:08:06.859740+00:00,scheduler,2,0,699.9,10240.0,38,19.743
2026-06-08T12:08:06.859740+00:00,scheduler,3,100,8837.9,10240.0,72,318.643
2026-06-08T12:08:11.860318+00:00,scheduler,0,0,699.9,10240.0,34,23.218
2026-06-08T12:08:11.860318+00:00,scheduler,1,0,675.9,10240.0,40,25.337
2026-06-08T12:08:11.860318+00:00,scheduler,2,0,699.9,10240.0,38,19.581
2026-06-08T12:08:11.860318+00:00,scheduler,3,100,8837.9,10240.0,72,318.945
2026-06-08T12:08:16.863247+00:00,scheduler,0,0,699.9,10240.0,34,23.224
2026-06-08T12:08:16.863247+00:00,scheduler,1,0,675.9,10240.0,40,25.259
2026-06-08T12:08:16.863247+00:00,scheduler,2,0,699.9,10240.0,37,19.536
2026-06-08T12:08:16.863247+00:00,scheduler,3,100,8837.9,10240.0,72,318.607
2026-06-08T12:08:21.869462+00:00,scheduler,0,0,699.9,10240.0,34,23.214
2026-06-08T12:08:21.869462+00:00,scheduler,1,0,675.9,10240.0,40,25.099
2026-06-08T12:08:21.869462+00:00,scheduler,2,0,699.9,10240.0,37,19.412
2026-06-08T12:08:21.869462+00:00,scheduler,3,100,8837.9,10240.0,73,318.808
2026-06-08T12:08:26.871010+00:00,scheduler,0,0,699.9,10240.0,34,23.301
2026-06-08T12:08:26.871010+00:00,scheduler,1,0,675.9,10240.0,39,24.845
2026-06-08T12:08:26.871010+00:00,scheduler,2,0,699.9,10240.0,36,19.292
2026-06-08T12:08:26.871010+00:00,scheduler,3,9,8837.9,10240.0,52,100.266
2026-06-08T12:08:31.873228+00:00,scheduler,0,0,699.9,10240.0,34,23.178
2026-06-08T12:08:31.873228+00:00,scheduler,1,0,675.9,10240.0,39,24.906
2026-06-08T12:08:31.873228+00:00,scheduler,2,0,699.9,10240.0,36,19.061
2026-06-08T12:08:31.873228+00:00,scheduler,3,0,699.9,10240.0,53,125.843
2026-06-08T12:08:36.873902+00:00,scheduler,0,0,699.9,10240.0,34,23.066
2026-06-08T12:08:36.873902+00:00,scheduler,1,0,675.9,10240.0,39,24.732
2026-06-08T12:08:36.873902+00:00,scheduler,2,0,699.9,10240.0,36,18.95
2026-06-08T12:08:36.873902+00:00,scheduler,3,0,699.9,10240.0,50,99.35
2026-06-08T12:08:41.874471+00:00,scheduler,0,0,699.9,10240.0,34,23.209
2026-06-08T12:08:41.874471+00:00,scheduler,1,0,675.9,10240.0,39,24.727
2026-06-08T12:08:41.874471+00:00,scheduler,2,0,699.9,10240.0,36,18.838
2026-06-08T12:08:41.874471+00:00,scheduler,3,0,699.9,10240.0,49,98.974
2026-06-08T12:08:46.875167+00:00,scheduler,0,0,699.9,10240.0,34,23.048
2026-06-08T12:08:46.875167+00:00,scheduler,1,0,675.9,10240.0,39,24.932
2026-06-08T12:08:46.875167+00:00,scheduler,2,0,699.9,10240.0,35,18.949
2026-06-08T12:08:46.875167+00:00,scheduler,3,0,699.9,10240.0,48,99.451
2026-06-08T12:08:51.875891+00:00,scheduler,0,0,699.9,10240.0,34,23.075
2026-06-08T12:08:51.875891+00:00,scheduler,1,0,675.9,10240.0,39,24.713
2026-06-08T12:08:51.875891+00:00,scheduler,2,30,5865.9,10240.0,39,90.712
2026-06-08T12:08:51.875891+00:00,scheduler,3,0,699.9,10240.0,42,27.8
2026-06-08T12:08:56.876712+00:00,scheduler,0,0,699.9,10240.0,33,23.091
2026-06-08T12:08:56.876712+00:00,scheduler,1,0,675.9,10240.0,39,24.743
2026-06-08T12:08:56.876712+00:00,scheduler,2,10,2445.9,10240.0,44,115.817
2026-06-08T12:08:56.876712+00:00,scheduler,3,0,699.9,10240.0,40,27.832
2026-06-08T12:09:01.877321+00:00,scheduler,0,0,699.9,10240.0,33,23.253
2026-06-08T12:09:01.877321+00:00,scheduler,1,0,675.9,10240.0,38,25.102
2026-06-08T12:09:01.877321+00:00,scheduler,2,100,8837.9,10240.0,61,319.51
2026-06-08T12:09:01.877321+00:00,scheduler,3,0,699.9,10240.0,39,27.836
2026-06-08T12:09:06.877999+00:00,scheduler,0,0,699.9,10240.0,33,23.146
2026-06-08T12:09:06.877999+00:00,scheduler,1,0,675.9,10240.0,38,25.054
2026-06-08T12:09:06.877999+00:00,scheduler,2,100,8837.9,10240.0,64,319.061
2026-06-08T12:09:06.877999+00:00,scheduler,3,0,699.9,10240.0,39,27.689
2026-06-08T12:09:11.878717+00:00,scheduler,0,0,699.9,10240.0,33,23.131
2026-06-08T12:09:11.878717+00:00,scheduler,1,0,675.9,10240.0,38,24.949
2026-06-08T12:09:11.878717+00:00,scheduler,2,100,8837.9,10240.0,65,308.543
2026-06-08T12:09:11.878717+00:00,scheduler,3,0,699.9,10240.0,38,27.639
2026-06-08T12:09:16.879471+00:00,scheduler,0,0,699.9,10240.0,33,23.191
2026-06-08T12:09:16.879471+00:00,scheduler,1,0,675.9,10240.0,38,24.902
2026-06-08T12:09:16.879471+00:00,scheduler,2,100,8837.9,10240.0,66,305.872
2026-06-08T12:09:16.879471+00:00,scheduler,3,0,699.9,10240.0,37,27.705
2026-06-08T12:09:21.880154+00:00,scheduler,0,0,699.9,10240.0,33,23.072
2026-06-08T12:09:21.880154+00:00,scheduler,1,0,675.9,10240.0,38,24.923
2026-06-08T12:09:21.880154+00:00,scheduler,2,100,8837.9,10240.0,67,299.042
2026-06-08T12:09:21.880154+00:00,scheduler,3,0,699.9,10240.0,37,27.782
2026-06-08T12:09:26.880949+00:00,scheduler,0,0,699.9,10240.0,33,23.054
2026-06-08T12:09:26.880949+00:00,scheduler,1,0,675.9,10240.0,38,24.855
2026-06-08T12:09:26.880949+00:00,scheduler,2,100,8837.9,10240.0,67,294.174
2026-06-08T12:09:26.880949+00:00,scheduler,3,0,699.9,10240.0,36,27.712
2026-06-08T12:09:31.881601+00:00,scheduler,0,0,699.9,10240.0,33,23.198
2026-06-08T12:09:31.881601+00:00,scheduler,1,10,8697.9,10240.0,50,173.236
2026-06-08T12:09:31.881601+00:00,scheduler,2,100,8837.9,10240.0,67,285.997
2026-06-08T12:09:31.881601+00:00,scheduler,3,0,699.9,10240.0,36,27.493
2026-06-08T12:09:36.882245+00:00,scheduler,0,0,699.9,10240.0,33,23.177
2026-06-08T12:09:36.882245+00:00,scheduler,1,38,4041.9,10240.0,50,115.007
2026-06-08T12:09:36.882245+00:00,scheduler,2,100,8837.9,10240.0,67,283.715
2026-06-08T12:09:36.882245+00:00,scheduler,3,0,699.9,10240.0,36,27.41
2026-06-08T12:09:41.882835+00:00,scheduler,0,0,699.9,10240.0,33,23.148
2026-06-08T12:09:41.882835+00:00,scheduler,1,100,8813.9,10240.0,69,296.33
2026-06-08T12:09:41.882835+00:00,scheduler,2,18,8837.9,10240.0,59,166.566
2026-06-08T12:09:41.882835+00:00,scheduler,3,0,699.9,10240.0,35,27.39
2026-06-08T12:09:46.883495+00:00,scheduler,0,0,699.9,10240.0,33,23.239
2026-06-08T12:09:46.883495+00:00,scheduler,1,100,8813.9,10240.0,68,277.007
2026-06-08T12:09:46.883495+00:00,scheduler,2,9,993.9,10240.0,51,95.927
2026-06-08T12:09:46.883495+00:00,scheduler,3,0,699.9,10240.0,35,27.493
2026-06-08T12:09:51.884151+00:00,scheduler,0,0,699.9,10240.0,33,23.293
2026-06-08T12:09:51.884151+00:00,scheduler,1,100,8813.9,10240.0,69,276.372
2026-06-08T12:09:51.884151+00:00,scheduler,2,0,699.9,10240.0,50,94.479
2026-06-08T12:09:51.884151+00:00,scheduler,3,0,699.9,10240.0,35,27.399
2026-06-08T12:09:56.884814+00:00,scheduler,0,0,699.9,10240.0,33,23.209
2026-06-08T12:09:56.884814+00:00,scheduler,1,100,8813.9,10240.0,69,271.233
2026-06-08T12:09:56.884814+00:00,scheduler,2,0,699.9,10240.0,49,93.141
2026-06-08T12:09:56.884814+00:00,scheduler,3,0,699.9,10240.0,35,27.355
2026-06-08T12:10:01.885421+00:00,scheduler,0,0,699.9,10240.0,33,23.112
2026-06-08T12:10:01.885421+00:00,scheduler,1,100,8813.9,10240.0,69,268.681
2026-06-08T12:10:01.885421+00:00,scheduler,2,0,699.9,10240.0,48,93.011
2026-06-08T12:10:01.885421+00:00,scheduler,3,0,699.9,10240.0,34,27.513
2026-06-08T12:10:06.885995+00:00,scheduler,0,0,699.9,10240.0,33,23.184
2026-06-08T12:10:06.885995+00:00,scheduler,1,100,8813.9,10240.0,70,267.872
2026-06-08T12:10:06.885995+00:00,scheduler,2,0,699.9,10240.0,43,20.862
2026-06-08T12:10:06.885995+00:00,scheduler,3,0,699.9,10240.0,34,27.342
2026-06-08T12:10:11.886699+00:00,scheduler,0,0,699.9,10240.0,33,23.17
2026-06-08T12:10:11.886699+00:00,scheduler,1,100,8813.9,10240.0,70,265.775
2026-06-08T12:10:11.886699+00:00,scheduler,2,0,699.9,10240.0,41,19.996
2026-06-08T12:10:11.886699+00:00,scheduler,3,0,699.9,10240.0,34,27.376
2026-06-08T12:10:16.887454+00:00,scheduler,0,0,699.9,10240.0,33,23.104
2026-06-08T12:10:16.887454+00:00,scheduler,1,100,8813.9,10240.0,71,262.406
2026-06-08T12:10:16.887454+00:00,scheduler,2,0,699.9,10240.0,40,19.662
2026-06-08T12:10:16.887454+00:00,scheduler,3,0,699.9,10240.0,34,27.368
2026-06-08T12:10:21.888077+00:00,scheduler,0,0,699.9,10240.0,33,23.206
2026-06-08T12:10:21.888077+00:00,scheduler,1,100,8813.9,10240.0,67,239.136
2026-06-08T12:10:21.888077+00:00,scheduler,2,0,699.9,10240.0,39,19.531
2026-06-08T12:10:21.888077+00:00,scheduler,3,0,699.9,10240.0,34,27.322
2026-06-08T12:10:26.888706+00:00,scheduler,0,0,699.9,10240.0,33,23.212
2026-06-08T12:10:26.888706+00:00,scheduler,1,9,8813.9,10240.0,57,105.948
2026-06-08T12:10:26.888706+00:00,scheduler,2,0,699.9,10240.0,38,19.181
2026-06-08T12:10:26.888706+00:00,scheduler,3,0,699.9,10240.0,34,27.332
2026-06-08T12:10:31.890807+00:00,scheduler,0,0,699.9,10240.0,33,23.16
2026-06-08T12:10:31.890807+00:00,scheduler,1,0,675.9,10240.0,57,114.886
2026-06-08T12:10:31.890807+00:00,scheduler,2,0,699.9,10240.0,38,18.991
2026-06-08T12:10:31.890807+00:00,scheduler,3,0,699.9,10240.0,34,27.169
2026-06-08T12:10:36.892701+00:00,scheduler,0,0,699.9,10240.0,33,23.107
2026-06-08T12:10:36.892701+00:00,scheduler,1,0,675.9,10240.0,56,103.931
2026-06-08T12:10:36.892701+00:00,scheduler,2,0,699.9,10240.0,37,19.068
2026-06-08T12:10:36.892701+00:00,scheduler,3,0,699.9,10240.0,34,27.215
2026-06-08T12:10:41.893389+00:00,scheduler,0,0,1441.9,10240.0,33,23.215
2026-06-08T12:10:41.893389+00:00,scheduler,1,0,675.9,10240.0,55,103.387
2026-06-08T12:10:41.893389+00:00,scheduler,2,0,699.9,10240.0,37,19.094
2026-06-08T12:10:41.893389+00:00,scheduler,3,0,699.9,10240.0,34,27.107
2026-06-08T12:10:46.893992+00:00,scheduler,0,9,8721.9,10240.0,38,93.214
2026-06-08T12:10:46.893992+00:00,scheduler,1,0,675.9,10240.0,50,82.356
2026-06-08T12:10:46.893992+00:00,scheduler,2,0,699.9,10240.0,37,18.985
2026-06-08T12:10:46.893992+00:00,scheduler,3,0,699.9,10240.0,33,27.172
2026-06-08T12:10:51.894694+00:00,scheduler,0,38,8837.9,10240.0,50,204.06
2026-06-08T12:10:51.894694+00:00,scheduler,1,0,675.9,10240.0,47,25.512
2026-06-08T12:10:51.894694+00:00,scheduler,2,0,699.9,10240.0,36,18.988
2026-06-08T12:10:51.894694+00:00,scheduler,3,0,699.9,10240.0,33,27.376
2026-06-08T12:10:56.895255+00:00,scheduler,0,100,8837.9,10240.0,53,318.567
2026-06-08T12:10:56.895255+00:00,scheduler,1,0,675.9,10240.0,45,25.276
2026-06-08T12:10:56.895255+00:00,scheduler,2,0,699.9,10240.0,36,19.457
2026-06-08T12:10:56.895255+00:00,scheduler,3,0,699.9,10240.0,33,27.41
2026-06-08T12:11:01.895786+00:00,scheduler,0,100,8837.9,10240.0,54,317.981
2026-06-08T12:11:01.895786+00:00,scheduler,1,0,675.9,10240.0,44,25.466
2026-06-08T12:11:01.895786+00:00,scheduler,2,0,699.9,10240.0,36,19.385
2026-06-08T12:11:01.895786+00:00,scheduler,3,0,699.9,10240.0,33,27.5
2026-06-08T12:11:06.896401+00:00,scheduler,0,100,8837.9,10240.0,55,318.461
2026-06-08T12:11:06.896401+00:00,scheduler,1,0,675.9,10240.0,44,25.174
2026-06-08T12:11:06.896401+00:00,scheduler,2,0,699.9,10240.0,35,19.382
2026-06-08T12:11:06.896401+00:00,scheduler,3,0,699.9,10240.0,33,27.19
2026-06-08T12:11:11.896900+00:00,scheduler,0,100,8837.9,10240.0,56,318.726
2026-06-08T12:11:11.896900+00:00,scheduler,1,0,675.9,10240.0,43,25.535
2026-06-08T12:11:11.896900+00:00,scheduler,2,0,699.9,10240.0,35,19.421
2026-06-08T12:11:11.896900+00:00,scheduler,3,0,699.9,10240.0,33,27.369
2026-06-08T12:11:16.897465+00:00,scheduler,0,100,8837.9,10240.0,58,319.096
2026-06-08T12:11:16.897465+00:00,scheduler,1,0,675.9,10240.0,43,25.17
2026-06-08T12:11:16.897465+00:00,scheduler,2,0,699.9,10240.0,35,19.565
2026-06-08T12:11:16.897465+00:00,scheduler,3,0,699.9,10240.0,33,27.409
2026-06-08T12:11:21.898012+00:00,scheduler,0,100,8837.9,10240.0,59,318.947
2026-06-08T12:11:21.898012+00:00,scheduler,1,0,675.9,10240.0,42,25.319
2026-06-08T12:11:21.898012+00:00,scheduler,2,0,699.9,10240.0,35,19.36
2026-06-08T12:11:21.898012+00:00,scheduler,3,0,699.9,10240.0,33,27.184
2026-06-08T12:11:26.898593+00:00,scheduler,0,100,8837.9,10240.0,59,319.123
2026-06-08T12:11:26.898593+00:00,scheduler,1,0,675.9,10240.0,42,25.102
2026-06-08T12:11:26.898593+00:00,scheduler,2,0,699.9,10240.0,35,19.48
2026-06-08T12:11:26.898593+00:00,scheduler,3,0,699.9,10240.0,33,27.437
2026-06-08T12:11:31.899124+00:00,scheduler,0,100,8837.9,10240.0,60,319.202
2026-06-08T12:11:31.899124+00:00,scheduler,1,0,675.9,10240.0,41,25.056
2026-06-08T12:11:31.899124+00:00,scheduler,2,0,699.9,10240.0,35,19.276
2026-06-08T12:11:31.899124+00:00,scheduler,3,0,699.9,10240.0,33,27.351
2026-06-08T12:11:36.899683+00:00,scheduler,0,10,8837.9,10240.0,49,97.411
2026-06-08T12:11:36.899683+00:00,scheduler,1,0,675.9,10240.0,41,24.938
2026-06-08T12:11:36.899683+00:00,scheduler,2,0,699.9,10240.0,35,18.793
2026-06-08T12:11:36.899683+00:00,scheduler,3,0,699.9,10240.0,33,27.217
2026-06-08T12:11:41.900250+00:00,scheduler,0,0,699.9,10240.0,48,101.673
2026-06-08T12:11:41.900250+00:00,scheduler,1,0,675.9,10240.0,41,24.771
2026-06-08T12:11:41.900250+00:00,scheduler,2,0,699.9,10240.0,34,18.806
2026-06-08T12:11:41.900250+00:00,scheduler,3,0,699.9,10240.0,33,27.221
2026-06-08T12:11:46.900897+00:00,scheduler,0,0,699.9,10240.0,47,96.057
2026-06-08T12:11:46.900897+00:00,scheduler,1,0,675.9,10240.0,40,24.783
2026-06-08T12:11:46.900897+00:00,scheduler,2,0,699.9,10240.0,34,18.731
2026-06-08T12:11:46.900897+00:00,scheduler,3,0,699.9,10240.0,33,27.078
2026-06-08T12:11:51.901616+00:00,scheduler,0,0,699.9,10240.0,47,96.89
2026-06-08T12:11:51.901616+00:00,scheduler,1,13,8697.9,10240.0,52,126.5
2026-06-08T12:11:51.901616+00:00,scheduler,2,0,699.9,10240.0,34,18.934
2026-06-08T12:11:51.901616+00:00,scheduler,3,0,699.9,10240.0,33,27.19
2026-06-08T12:11:56.902158+00:00,scheduler,0,0,699.9,10240.0,46,90.041
2026-06-08T12:11:56.902158+00:00,scheduler,1,100,8813.9,10240.0,70,318.907
2026-06-08T12:11:56.902158+00:00,scheduler,2,0,699.9,10240.0,34,19.169
2026-06-08T12:11:56.902158+00:00,scheduler,3,0,699.9,10240.0,33,27.178
2026-06-08T12:12:01.902700+00:00,scheduler,0,0,699.9,10240.0,41,23.924
2026-06-08T12:12:01.902700+00:00,scheduler,1,100,8813.9,10240.0,69,281.22
2026-06-08T12:12:01.902700+00:00,scheduler,2,0,699.9,10240.0,34,19.166
2026-06-08T12:12:01.902700+00:00,scheduler,3,0,699.9,10240.0,33,27.354
2026-06-08T12:12:06.904596+00:00,scheduler,0,0,699.9,10240.0,40,23.429
2026-06-08T12:12:06.904596+00:00,scheduler,1,100,8813.9,10240.0,69,272.815
2026-06-08T12:12:06.904596+00:00,scheduler,2,0,699.9,10240.0,34,19.343
2026-06-08T12:12:06.904596+00:00,scheduler,3,9,8721.9,10240.0,42,166.294
2026-06-08T12:12:11.905144+00:00,scheduler,0,0,699.9,10240.0,39,23.649
2026-06-08T12:12:11.905144+00:00,scheduler,1,100,8813.9,10240.0,69,269.376
2026-06-08T12:12:11.905144+00:00,scheduler,2,0,699.9,10240.0,34,19.211
2026-06-08T12:12:11.905144+00:00,scheduler,3,10,2031.9,10240.0,40,98.075
2026-06-08T12:12:16.905745+00:00,scheduler,0,0,699.9,10240.0,39,23.516
2026-06-08T12:12:16.905745+00:00,scheduler,1,100,8813.9,10240.0,69,266.238
2026-06-08T12:12:16.905745+00:00,scheduler,2,0,699.9,10240.0,34,19.483
2026-06-08T12:12:16.905745+00:00,scheduler,3,100,8837.9,10240.0,63,318.181
2026-06-08T12:12:21.907624+00:00,scheduler,0,0,699.9,10240.0,38,23.546
2026-06-08T12:12:21.907624+00:00,scheduler,1,100,8813.9,10240.0,70,264.242
2026-06-08T12:12:21.907624+00:00,scheduler,2,0,699.9,10240.0,34,19.281
2026-06-08T12:12:21.907624+00:00,scheduler,3,100,8837.9,10240.0,67,317.749
2026-06-08T12:12:26.908184+00:00,scheduler,0,0,699.9,10240.0,37,23.502
2026-06-08T12:12:26.908184+00:00,scheduler,1,100,8813.9,10240.0,71,264.795
2026-06-08T12:12:26.908184+00:00,scheduler,2,0,699.9,10240.0,34,19.295
2026-06-08T12:12:26.908184+00:00,scheduler,3,100,8837.9,10240.0,69,318.11
2026-06-08T12:12:31.908764+00:00,scheduler,0,0,699.9,10240.0,37,23.456
2026-06-08T12:12:31.908764+00:00,scheduler,1,100,8813.9,10240.0,71,260.362
2026-06-08T12:12:31.908764+00:00,scheduler,2,0,699.9,10240.0,34,19.319
2026-06-08T12:12:31.908764+00:00,scheduler,3,100,8837.9,10240.0,69,318.474
2026-06-08T12:12:36.909361+00:00,scheduler,0,0,699.9,10240.0,37,23.474
2026-06-08T12:12:36.909361+00:00,scheduler,1,100,8813.9,10240.0,71,257.959
2026-06-08T12:12:36.909361+00:00,scheduler,2,0,699.9,10240.0,34,19.418
2026-06-08T12:12:36.909361+00:00,scheduler,3,100,8837.9,10240.0,70,318.54
2026-06-08T12:12:41.909880+00:00,scheduler,0,0,1597.9,10240.0,36,23.332
2026-06-08T12:12:41.909880+00:00,scheduler,1,9,8813.9,10240.0,59,109.961
2026-06-08T12:12:41.909880+00:00,scheduler,2,0,699.9,10240.0,34,19.193
2026-06-08T12:12:41.909880+00:00,scheduler,3,100,8837.9,10240.0,71,318.631
2026-06-08T12:12:46.910461+00:00,scheduler,0,10,8721.9,10240.0,42,110.963
2026-06-08T12:12:46.910461+00:00,scheduler,1,0,675.9,10240.0,60,131.917
2026-06-08T12:12:46.910461+00:00,scheduler,2,0,699.9,10240.0,34,19.281
2026-06-08T12:12:46.910461+00:00,scheduler,3,100,8837.9,10240.0,71,318.645
2026-06-08T12:12:51.912240+00:00,scheduler,0,32,8837.9,10240.0,52,171.542
2026-06-08T12:12:51.912240+00:00,scheduler,1,0,675.9,10240.0,56,104.059
2026-06-08T12:12:51.912240+00:00,scheduler,2,0,699.9,10240.0,33,19.155
2026-06-08T12:12:51.912240+00:00,scheduler,3,100,8837.9,10240.0,72,318.596
2026-06-08T12:12:56.913785+00:00,scheduler,0,100,8837.9,10240.0,55,319.062
2026-06-08T12:12:56.913785+00:00,scheduler,1,0,675.9,10240.0,55,103.338
2026-06-08T12:12:56.913785+00:00,scheduler,2,0,699.9,10240.0,33,19.193
2026-06-08T12:12:56.913785+00:00,scheduler,3,11,8837.9,10240.0,55,123.107
2026-06-08T12:13:01.914464+00:00,scheduler,0,100,8837.9,10240.0,56,318.805
2026-06-08T12:13:01.914464+00:00,scheduler,1,0,675.9,10240.0,55,103.014
2026-06-08T12:13:01.914464+00:00,scheduler,2,48,8701.9,10240.0,40,99.666
2026-06-08T12:13:01.914464+00:00,scheduler,3,100,763.9,10240.0,55,146.826
2026-06-08T12:13:06.915001+00:00,scheduler,0,100,8837.9,10240.0,57,318.588
2026-06-08T12:13:06.915001+00:00,scheduler,1,0,675.9,10240.0,47,25.873
2026-06-08T12:13:06.915001+00:00,scheduler,2,41,8837.9,10240.0,47,124.655
2026-06-08T12:13:06.915001+00:00,scheduler,3,0,699.9,10240.0,50,99.054
2026-06-08T12:13:11.915570+00:00,scheduler,0,100,8837.9,10240.0,58,318.793
2026-06-08T12:13:11.915570+00:00,scheduler,1,0,675.9,10240.0,46,25.599
2026-06-08T12:13:11.915570+00:00,scheduler,2,100,8837.9,10240.0,61,318.674
2026-06-08T12:13:11.915570+00:00,scheduler,3,0,699.9,10240.0,49,99.291
2026-06-08T12:13:16.916122+00:00,scheduler,0,100,8837.9,10240.0,59,318.708
2026-06-08T12:13:16.916122+00:00,scheduler,1,0,675.9,10240.0,45,25.293
2026-06-08T12:13:16.916122+00:00,scheduler,2,100,8837.9,10240.0,63,318.391
2026-06-08T12:13:16.916122+00:00,scheduler,3,0,699.9,10240.0,48,99.15
2026-06-08T12:13:21.916693+00:00,scheduler,0,100,8837.9,10240.0,60,318.317
2026-06-08T12:13:21.916693+00:00,scheduler,1,0,675.9,10240.0,44,25.452
2026-06-08T12:13:21.916693+00:00,scheduler,2,100,8837.9,10240.0,64,313.596
2026-06-08T12:13:21.916693+00:00,scheduler,3,0,699.9,10240.0,43,29.218
2026-06-08T12:13:26.918620+00:00,scheduler,0,100,8837.9,10240.0,60,318.17
2026-06-08T12:13:26.918620+00:00,scheduler,1,0,675.9,10240.0,43,25.179
2026-06-08T12:13:26.918620+00:00,scheduler,2,100,8837.9,10240.0,65,302.503
2026-06-08T12:13:26.918620+00:00,scheduler,3,0,699.9,10240.0,41,27.926
2026-06-08T12:13:31.919172+00:00,scheduler,0,100,8837.9,10240.0,61,318.452
2026-06-08T12:13:31.919172+00:00,scheduler,1,0,675.9,10240.0,43,25.217
2026-06-08T12:13:31.919172+00:00,scheduler,2,100,8837.9,10240.0,66,293.913
2026-06-08T12:13:31.919172+00:00,scheduler,3,0,699.9,10240.0,40,27.665
2026-06-08T12:13:36.919738+00:00,scheduler,0,9,8837.9,10240.0,50,97.248
2026-06-08T12:13:36.919738+00:00,scheduler,1,0,675.9,10240.0,42,25.127
2026-06-08T12:13:36.919738+00:00,scheduler,2,100,8837.9,10240.0,67,290.092
2026-06-08T12:13:36.919738+00:00,scheduler,3,6,2945.9,10240.0,43,52.427
2026-06-08T12:13:41.920236+00:00,scheduler,0,0,699.9,10240.0,49,105.073
2026-06-08T12:13:41.920236+00:00,scheduler,1,0,675.9,10240.0,42,25.039
2026-06-08T12:13:41.920236+00:00,scheduler,2,100,8837.9,10240.0,67,291.95
2026-06-08T12:13:41.920236+00:00,scheduler,3,13,8721.9,10240.0,47,118.868
2026-06-08T12:13:46.920814+00:00,scheduler,0,0,699.9,10240.0,48,97.107
2026-06-08T12:13:46.920814+00:00,scheduler,1,0,675.9,10240.0,41,25.012
2026-06-08T12:13:46.920814+00:00,scheduler,2,100,8837.9,10240.0,68,287.561
2026-06-08T12:13:46.920814+00:00,scheduler,3,100,8837.9,10240.0,64,272.783
2026-06-08T12:13:51.921398+00:00,scheduler,0,0,699.9,10240.0,47,96.814
2026-06-08T12:13:51.921398+00:00,scheduler,1,0,675.9,10240.0,41,24.984
2026-06-08T12:13:51.921398+00:00,scheduler,2,10,8837.9,10240.0,53,98.222
2026-06-08T12:13:51.921398+00:00,scheduler,3,100,8837.9,10240.0,69,318.972
2026-06-08T12:13:56.922072+00:00,scheduler,0,0,699.9,10240.0,47,63.546
2026-06-08T12:13:56.922072+00:00,scheduler,1,0,675.9,10240.0,41,24.913
2026-06-08T12:13:56.922072+00:00,scheduler,2,0,699.9,10240.0,53,120.846
2026-06-08T12:13:56.922072+00:00,scheduler,3,100,8837.9,10240.0,70,318.384
2026-06-08T12:14:01.922750+00:00,scheduler,0,0,699.9,10240.0,42,23.835
2026-06-08T12:14:01.922750+00:00,scheduler,1,0,675.9,10240.0,41,24.911
2026-06-08T12:14:01.922750+00:00,scheduler,2,0,699.9,10240.0,49,94.648
2026-06-08T12:14:01.922750+00:00,scheduler,3,100,8837.9,10240.0,71,319.05
2026-06-08T12:14:06.923341+00:00,scheduler,0,0,699.9,10240.0,41,23.665
2026-06-08T12:14:06.923341+00:00,scheduler,1,100,8697.9,10240.0,54,157.914
2026-06-08T12:14:06.923341+00:00,scheduler,2,0,699.9,10240.0,49,94.209
2026-06-08T12:14:06.923341+00:00,scheduler,3,100,8837.9,10240.0,71,318.269
2026-06-08T12:14:11.923949+00:00,scheduler,0,0,699.9,10240.0,40,23.639
2026-06-08T12:14:11.923949+00:00,scheduler,1,93,4041.9,10240.0,52,118.07
2026-06-08T12:14:11.923949+00:00,scheduler,2,0,699.9,10240.0,48,94.119
2026-06-08T12:14:11.923949+00:00,scheduler,3,100,8837.9,10240.0,72,319.342
2026-06-08T12:14:16.924502+00:00,scheduler,0,0,699.9,10240.0,39,23.708
2026-06-08T12:14:16.924502+00:00,scheduler,1,100,8813.9,10240.0,70,287.236
2026-06-08T12:14:16.924502+00:00,scheduler,2,0,699.9,10240.0,42,20.639
2026-06-08T12:14:16.924502+00:00,scheduler,3,100,8837.9,10240.0,73,319.223
2026-06-08T12:14:21.925025+00:00,scheduler,0,0,699.9,10240.0,38,23.59
2026-06-08T12:14:21.925025+00:00,scheduler,1,100,8813.9,10240.0,69,273.959
2026-06-08T12:14:21.925025+00:00,scheduler,2,0,699.9,10240.0,41,20.069
2026-06-08T12:14:21.925025+00:00,scheduler,3,100,8837.9,10240.0,73,318.723
2026-06-08T12:14:26.925552+00:00,scheduler,0,0,699.9,10240.0,38,23.413
2026-06-08T12:14:26.925552+00:00,scheduler,1,100,8813.9,10240.0,69,266.247
2026-06-08T12:14:26.925552+00:00,scheduler,2,0,699.9,10240.0,40,19.831
2026-06-08T12:14:26.925552+00:00,scheduler,3,100,8837.9,10240.0,73,318.957
2026-06-08T12:14:31.926081+00:00,scheduler,0,0,699.9,10240.0,37,23.527
2026-06-08T12:14:31.926081+00:00,scheduler,1,100,8813.9,10240.0,70,264.979
2026-06-08T12:14:31.926081+00:00,scheduler,2,0,699.9,10240.0,39,19.909
2026-06-08T12:14:31.926081+00:00,scheduler,3,10,8837.9,10240.0,52,100.036
2026-06-08T12:14:36.926658+00:00,scheduler,0,31,8721.9,10240.0,41,105.51
2026-06-08T12:14:36.926658+00:00,scheduler,1,100,8813.9,10240.0,70,259.343
2026-06-08T12:14:36.926658+00:00,scheduler,2,0,699.9,10240.0,38,19.731
2026-06-08T12:14:36.926658+00:00,scheduler,3,0,699.9,10240.0,52,110.694
2026-06-08T12:14:41.927239+00:00,scheduler,0,95,3435.9,10240.0,43,102.463
2026-06-08T12:14:41.927239+00:00,scheduler,1,100,8813.9,10240.0,70,261.386
2026-06-08T12:14:41.927239+00:00,scheduler,2,0,699.9,10240.0,38,19.687
2026-06-08T12:14:41.927239+00:00,scheduler,3,0,699.9,10240.0,50,98.584
2026-06-08T12:14:46.927788+00:00,scheduler,0,100,8837.9,10240.0,54,318.577
2026-06-08T12:14:46.927788+00:00,scheduler,1,100,8813.9,10240.0,71,260.738
2026-06-08T12:14:46.927788+00:00,scheduler,2,51,8721.9,10240.0,46,116.557
2026-06-08T12:14:46.927788+00:00,scheduler,3,0,699.9,10240.0,49,98.042
2026-06-08T12:14:51.928367+00:00,scheduler,0,100,8837.9,10240.0,56,318.694
2026-06-08T12:14:51.928367+00:00,scheduler,1,100,8813.9,10240.0,71,259.672
2026-06-08T12:14:51.928367+00:00,scheduler,2,100,8837.9,10240.0,62,318.8
2026-06-08T12:14:51.928367+00:00,scheduler,3,0,699.9,10240.0,45,85.004
2026-06-08T12:14:56.930796+00:00,scheduler,0,100,8837.9,10240.0,57,318.628
2026-06-08T12:14:56.930796+00:00,scheduler,1,100,8813.9,10240.0,71,256.56
2026-06-08T12:14:56.930796+00:00,scheduler,2,100,8837.9,10240.0,65,319.03
2026-06-08T12:14:56.930796+00:00,scheduler,3,0,699.9,10240.0,41,28.008
2026-06-08T12:15:01.931379+00:00,scheduler,0,100,8837.9,10240.0,58,318.651
2026-06-08T12:15:01.931379+00:00,scheduler,1,10,8813.9,10240.0,58,106.114
2026-06-08T12:15:01.931379+00:00,scheduler,2,100,8837.9,10240.0,66,305.026
2026-06-08T12:15:01.931379+00:00,scheduler,3,0,699.9,10240.0,40,27.856
2026-06-08T12:15:06.933209+00:00,scheduler,0,100,8837.9,10240.0,59,319.102
2026-06-08T12:15:06.933209+00:00,scheduler,1,0,675.9,10240.0,57,110.673
2026-06-08T12:15:06.933209+00:00,scheduler,2,100,8837.9,10240.0,66,296.717
2026-06-08T12:15:06.933209+00:00,scheduler,3,0,699.9,10240.0,39,27.698
2026-06-08T12:15:11.933810+00:00,scheduler,0,100,8837.9,10240.0,60,318.779
2026-06-08T12:15:11.933810+00:00,scheduler,1,0,675.9,10240.0,56,104.427
2026-06-08T12:15:11.933810+00:00,scheduler,2,100,8837.9,10240.0,67,291.945
2026-06-08T12:15:11.933810+00:00,scheduler,3,0,699.9,10240.0,38,27.424
2026-06-08T12:15:16.938732+00:00,scheduler,0,100,8837.9,10240.0,60,319.232
2026-06-08T12:15:16.938732+00:00,scheduler,1,0,675.9,10240.0,56,103.867
2026-06-08T12:15:16.938732+00:00,scheduler,2,100,8837.9,10240.0,67,288.523
2026-06-08T12:15:16.938732+00:00,scheduler,3,0,699.9,10240.0,38,27.456
2026-06-08T12:15:21.939316+00:00,scheduler,0,100,8837.9,10240.0,61,318.667
2026-06-08T12:15:21.939316+00:00,scheduler,1,0,675.9,10240.0,50,29.109
2026-06-08T12:15:21.939316+00:00,scheduler,2,100,8837.9,10240.0,68,286.603
2026-06-08T12:15:21.939316+00:00,scheduler,3,0,699.9,10240.0,37,27.486
2026-06-08T12:15:26.941219+00:00,scheduler,0,18,8837.9,10240.0,50,103.265
2026-06-08T12:15:26.941219+00:00,scheduler,1,0,675.9,10240.0,47,25.826
2026-06-08T12:15:26.941219+00:00,scheduler,2,100,8837.9,10240.0,68,286.463
2026-06-08T12:15:26.941219+00:00,scheduler,3,0,699.9,10240.0,36,27.516
2026-06-08T12:15:31.946238+00:00,scheduler,0,90,699.9,10240.0,50,145.964
2026-06-08T12:15:31.946238+00:00,scheduler,1,0,675.9,10240.0,46,25.458
2026-06-08T12:15:31.946238+00:00,scheduler,2,100,8837.9,10240.0,68,284.475
2026-06-08T12:15:31.946238+00:00,scheduler,3,0,699.9,10240.0,36,27.462
2026-06-08T12:15:36.946798+00:00,scheduler,0,0,699.9,10240.0,48,96.288
2026-06-08T12:15:36.946798+00:00,scheduler,1,0,675.9,10240.0,45,25.142
2026-06-08T12:15:36.946798+00:00,scheduler,2,8,8837.9,10240.0,52,96.059
2026-06-08T12:15:36.946798+00:00,scheduler,3,0,5273.9,10240.0,40,46.736
2026-06-08T12:15:41.948707+00:00,scheduler,0,0,699.9,10240.0,47,96.002
2026-06-08T12:15:41.948707+00:00,scheduler,1,0,675.9,10240.0,44,25.306
2026-06-08T12:15:41.948707+00:00,scheduler,2,0,699.9,10240.0,51,106.678
2026-06-08T12:15:41.948707+00:00,scheduler,3,13,8721.9,10240.0,43,100.054
2026-06-08T12:15:46.949220+00:00,scheduler,0,0,699.9,10240.0,46,95.579
2026-06-08T12:15:46.949220+00:00,scheduler,1,0,675.9,10240.0,43,25.377
2026-06-08T12:15:46.949220+00:00,scheduler,2,0,699.9,10240.0,49,93.867
2026-06-08T12:15:46.949220+00:00,scheduler,3,100,8837.9,10240.0,64,318.817
2026-06-08T12:15:51.949755+00:00,scheduler,0,0,699.9,10240.0,42,23.828
2026-06-08T12:15:51.949755+00:00,scheduler,1,0,675.9,10240.0,43,25.296
2026-06-08T12:15:51.949755+00:00,scheduler,2,0,699.9,10240.0,49,94.102
2026-06-08T12:15:51.949755+00:00,scheduler,3,100,8837.9,10240.0,69,318.809
2026-06-08T12:15:56.952706+00:00,scheduler,0,0,699.9,10240.0,40,23.887
2026-06-08T12:15:56.952706+00:00,scheduler,1,0,675.9,10240.0,43,25.292
2026-06-08T12:15:56.952706+00:00,scheduler,2,0,699.9,10240.0,44,46.322
2026-06-08T12:15:56.952706+00:00,scheduler,3,100,8837.9,10240.0,70,319.064
2026-06-08T12:16:01.954629+00:00,scheduler,0,0,699.9,10240.0,40,23.529
2026-06-08T12:16:01.954629+00:00,scheduler,1,0,675.9,10240.0,42,25.409
2026-06-08T12:16:01.954629+00:00,scheduler,2,0,699.9,10240.0,41,20.373
2026-06-08T12:16:01.954629+00:00,scheduler,3,100,8837.9,10240.0,70,318.915
2026-06-08T12:16:06.958226+00:00,scheduler,0,0,699.9,10240.0,39,23.758
2026-06-08T12:16:06.958226+00:00,scheduler,1,0,675.9,10240.0,42,25.478
2026-06-08T12:16:06.958226+00:00,scheduler,2,0,699.9,10240.0,40,19.872
2026-06-08T12:16:06.958226+00:00,scheduler,3,100,8837.9,10240.0,71,318.854
2026-06-08T12:16:11.960271+00:00,scheduler,0,0,699.9,10240.0,38,23.69
2026-06-08T12:16:11.960271+00:00,scheduler,1,0,675.9,10240.0,42,25.13
2026-06-08T12:16:11.960271+00:00,scheduler,2,0,699.9,10240.0,39,19.881
2026-06-08T12:16:11.960271+00:00,scheduler,3,100,8837.9,10240.0,71,318.936
2026-06-08T12:16:16.960801+00:00,scheduler,0,0,699.9,10240.0,37,23.498
2026-06-08T12:16:16.960801+00:00,scheduler,1,0,675.9,10240.0,41,25.225
2026-06-08T12:16:16.960801+00:00,scheduler,2,0,699.9,10240.0,39,19.794
2026-06-08T12:16:16.960801+00:00,scheduler,3,100,8837.9,10240.0,72,318.511
2026-06-08T12:16:21.961378+00:00,scheduler,0,0,699.9,10240.0,37,23.383
2026-06-08T12:16:21.961378+00:00,scheduler,1,0,675.9,10240.0,41,25.35
2026-06-08T12:16:21.961378+00:00,scheduler,2,0,699.9,10240.0,38,19.802
2026-06-08T12:16:21.961378+00:00,scheduler,3,100,8837.9,10240.0,72,318.631
2026-06-08T12:16:26.963329+00:00,scheduler,0,0,699.9,10240.0,37,23.446
2026-06-08T12:16:26.963329+00:00,scheduler,1,0,675.9,10240.0,41,25.085
2026-06-08T12:16:26.963329+00:00,scheduler,2,0,699.9,10240.0,37,19.617
2026-06-08T12:16:26.963329+00:00,scheduler,3,10,8837.9,10240.0,57,129.576
2026-06-08T12:16:31.963877+00:00,scheduler,0,0,699.9,10240.0,36,23.297
2026-06-08T12:16:31.963877+00:00,scheduler,1,0,675.9,10240.0,41,25.014
2026-06-08T12:16:31.963877+00:00,scheduler,2,9,8721.9,10240.0,46,115.557
2026-06-08T12:16:31.963877+00:00,scheduler,3,11,2979.9,10240.0,51,99.818
2026-06-08T12:16:36.965877+00:00,scheduler,0,0,699.9,10240.0,36,23.364
2026-06-08T12:16:36.965877+00:00,scheduler,1,0,675.9,10240.0,40,25.092
2026-06-08T12:16:36.965877+00:00,scheduler,2,100,8837.9,10240.0,59,241.216
2026-06-08T12:16:36.965877+00:00,scheduler,3,0,699.9,10240.0,50,99.21
2026-06-08T12:16:41.966584+00:00,scheduler,0,0,699.9,10240.0,36,23.202
2026-06-08T12:16:41.966584+00:00,scheduler,1,0,675.9,10240.0,40,25.11
2026-06-08T12:16:41.966584+00:00,scheduler,2,100,8837.9,10240.0,64,318.191
2026-06-08T12:16:41.966584+00:00,scheduler,3,0,699.9,10240.0,49,98.509
2026-06-08T12:16:46.967224+00:00,scheduler,0,0,699.9,10240.0,35,23.202
2026-06-08T12:16:46.967224+00:00,scheduler,1,0,675.9,10240.0,40,25.132
2026-06-08T12:16:46.967224+00:00,scheduler,2,100,8837.9,10240.0,66,308.424
2026-06-08T12:16:46.967224+00:00,scheduler,3,0,699.9,10240.0,48,98.954
2026-06-08T12:16:51.967767+00:00,scheduler,0,0,699.9,10240.0,35,23.208
2026-06-08T12:16:51.967767+00:00,scheduler,1,0,675.9,10240.0,40,25.009
2026-06-08T12:16:51.967767+00:00,scheduler,2,100,8837.9,10240.0,66,304.036
2026-06-08T12:16:51.967767+00:00,scheduler,3,0,699.9,10240.0,43,29.595
2026-06-08T12:16:56.968361+00:00,scheduler,0,0,699.9,10240.0,35,23.125
2026-06-08T12:16:56.968361+00:00,scheduler,1,0,675.9,10240.0,40,25.153
2026-06-08T12:16:56.968361+00:00,scheduler,2,100,8837.9,10240.0,67,296.819
2026-06-08T12:16:56.968361+00:00,scheduler,3,0,699.9,10240.0,41,27.828
2026-06-08T12:17:01.970133+00:00,scheduler,0,0,699.9,10240.0,35,23.037
2026-06-08T12:17:01.970133+00:00,scheduler,1,0,675.9,10240.0,40,24.988
2026-06-08T12:17:01.970133+00:00,scheduler,2,100,8837.9,10240.0,67,290.568
2026-06-08T12:17:01.970133+00:00,scheduler,3,0,699.9,10240.0,39,27.673
2026-06-08T12:17:06.970675+00:00,scheduler,0,0,699.9,10240.0,35,23.191
2026-06-08T12:17:06.970675+00:00,scheduler,1,0,675.9,10240.0,39,24.945
2026-06-08T12:17:06.970675+00:00,scheduler,2,100,8837.9,10240.0,67,285.136
2026-06-08T12:17:06.970675+00:00,scheduler,3,0,699.9,10240.0,39,27.664
2026-06-08T12:17:11.971180+00:00,scheduler,0,0,699.9,10240.0,34,23.007
2026-06-08T12:17:11.971180+00:00,scheduler,1,0,675.9,10240.0,39,25.124
2026-06-08T12:17:11.971180+00:00,scheduler,2,100,8837.9,10240.0,68,283.282
2026-06-08T12:17:11.971180+00:00,scheduler,3,0,699.9,10240.0,38,27.694
2026-06-08T12:17:16.974019+00:00,scheduler,0,0,699.9,10240.0,34,23.087
2026-06-08T12:17:16.974019+00:00,scheduler,1,0,675.9,10240.0,39,25.013
2026-06-08T12:17:16.974019+00:00,scheduler,2,100,8837.9,10240.0,68,283.022
2026-06-08T12:17:16.974019+00:00,scheduler,3,0,699.9,10240.0,37,27.425
2026-06-08T12:17:21.974562+00:00,scheduler,0,0,699.9,10240.0,34,22.966
2026-06-08T12:17:21.974562+00:00,scheduler,1,0,675.9,10240.0,39,24.657
2026-06-08T12:17:21.974562+00:00,scheduler,2,9,8837.9,10240.0,53,98.22
2026-06-08T12:17:21.974562+00:00,scheduler,3,0,699.9,10240.0,37,27.351
2026-06-08T12:17:26.976555+00:00,scheduler,0,0,699.9,10240.0,34,23.08
2026-06-08T12:17:26.976555+00:00,scheduler,1,0,675.9,10240.0,39,24.67
2026-06-08T12:17:26.976555+00:00,scheduler,2,0,699.9,10240.0,53,119.748
2026-06-08T12:17:26.976555+00:00,scheduler,3,0,699.9,10240.0,36,27.658
2026-06-08T12:17:31.977128+00:00,scheduler,0,0,699.9,10240.0,34,22.961
2026-06-08T12:17:31.977128+00:00,scheduler,1,0,1417.9,10240.0,39,24.89
2026-06-08T12:17:31.977128+00:00,scheduler,2,0,699.9,10240.0,50,93.472
2026-06-08T12:17:31.977128+00:00,scheduler,3,0,699.9,10240.0,36,27.391
2026-06-08T12:17:36.979114+00:00,scheduler,0,0,699.9,10240.0,34,23.173
2026-06-08T12:17:36.979114+00:00,scheduler,1,10,8697.9,10240.0,50,122.653
2026-06-08T12:17:36.979114+00:00,scheduler,2,0,699.9,10240.0,49,92.874
2026-06-08T12:17:36.979114+00:00,scheduler,3,0,699.9,10240.0,35,27.256
2026-06-08T12:17:41.979704+00:00,scheduler,0,0,699.9,10240.0,34,23.086
2026-06-08T12:17:41.979704+00:00,scheduler,1,10,1323.9,10240.0,48,99.837
2026-06-08T12:17:41.979704+00:00,scheduler,2,0,699.9,10240.0,48,92.556
2026-06-08T12:17:41.979704+00:00,scheduler,3,0,699.9,10240.0,35,27.312
2026-06-08T12:17:46.980243+00:00,scheduler,0,0,699.9,10240.0,34,23.163
2026-06-08T12:17:46.980243+00:00,scheduler,1,100,8813.9,10240.0,69,297.498
2026-06-08T12:17:46.980243+00:00,scheduler,2,0,699.9,10240.0,42,20.471
2026-06-08T12:17:46.980243+00:00,scheduler,3,0,699.9,10240.0,35,27.382
2026-06-08T12:17:51.980926+00:00,scheduler,0,0,699.9,10240.0,34,23.046
2026-06-08T12:17:51.980926+00:00,scheduler,1,100,8813.9,10240.0,69,278.952
2026-06-08T12:17:51.980926+00:00,scheduler,2,0,699.9,10240.0,41,20.138
2026-06-08T12:17:51.980926+00:00,scheduler,3,0,699.9,10240.0,35,27.199
2026-06-08T12:17:56.981548+00:00,scheduler,0,0,699.9,10240.0,33,22.947
2026-06-08T12:17:56.981548+00:00,scheduler,1,100,8813.9,10240.0,69,273.778
2026-06-08T12:17:56.981548+00:00,scheduler,2,0,699.9,10240.0,40,19.792
2026-06-08T12:17:56.981548+00:00,scheduler,3,0,699.9,10240.0,35,27.294
2026-06-08T12:18:01.982094+00:00,scheduler,0,0,699.9,10240.0,33,23.1
2026-06-08T12:18:01.982094+00:00,scheduler,1,100,8813.9,10240.0,69,267.815
2026-06-08T12:18:01.982094+00:00,scheduler,2,0,699.9,10240.0,39,19.654
2026-06-08T12:18:01.982094+00:00,scheduler,3,0,699.9,10240.0,34,27.475
2026-06-08T12:18:06.983081+00:00,scheduler,0,0,699.9,10240.0,33,23.054
2026-06-08T12:18:06.983081+00:00,scheduler,1,100,8813.9,10240.0,70,267.741
2026-06-08T12:18:06.983081+00:00,scheduler,2,0,699.9,10240.0,38,19.557
2026-06-08T12:18:06.983081+00:00,scheduler,3,0,699.9,10240.0,34,27.293
2026-06-08T12:18:11.983719+00:00,scheduler,0,0,699.9,10240.0,33,23.032
2026-06-08T12:18:11.983719+00:00,scheduler,1,100,8813.9,10240.0,70,261.104
2026-06-08T12:18:11.983719+00:00,scheduler,2,0,699.9,10240.0,38,19.756
2026-06-08T12:18:11.983719+00:00,scheduler,3,0,699.9,10240.0,34,27.238
2026-06-08T12:18:16.984248+00:00,scheduler,0,0,699.9,10240.0,33,23.069
2026-06-08T12:18:16.984248+00:00,scheduler,1,100,8813.9,10240.0,70,259.103
2026-06-08T12:18:16.984248+00:00,scheduler,2,0,699.9,10240.0,37,19.617
2026-06-08T12:18:16.984248+00:00,scheduler,3,0,699.9,10240.0,34,27.377
2026-06-08T12:18:21.988283+00:00,scheduler,0,0,699.9,10240.0,33,23.16
2026-06-08T12:18:21.988283+00:00,scheduler,1,100,8813.9,10240.0,71,260.08
2026-06-08T12:18:21.988283+00:00,scheduler,2,0,699.9,10240.0,37,19.42
2026-06-08T12:18:21.988283+00:00,scheduler,3,0,699.9,10240.0,34,27.205
2026-06-08T12:18:26.988900+00:00,scheduler,0,0,699.9,10240.0,33,23.084
2026-06-08T12:18:26.988900+00:00,scheduler,1,100,8813.9,10240.0,71,259.025
2026-06-08T12:18:26.988900+00:00,scheduler,2,0,699.9,10240.0,36,19.363
2026-06-08T12:18:26.988900+00:00,scheduler,3,0,699.9,10240.0,34,27.117
2026-06-08T12:18:31.990781+00:00,scheduler,0,0,699.9,10240.0,33,23.065
2026-06-08T12:18:31.990781+00:00,scheduler,1,9,8813.9,10240.0,57,106.438
2026-06-08T12:18:31.990781+00:00,scheduler,2,0,699.9,10240.0,36,19.183
2026-06-08T12:18:31.990781+00:00,scheduler,3,0,699.9,10240.0,34,27.092
2026-06-08T12:18:36.991463+00:00,scheduler,0,0,699.9,10240.0,33,22.909
2026-06-08T12:18:36.991463+00:00,scheduler,1,27,6181.9,10240.0,60,132.899
2026-06-08T12:18:36.991463+00:00,scheduler,2,0,699.9,10240.0,36,19.137
2026-06-08T12:18:36.991463+00:00,scheduler,3,0,699.9,10240.0,34,27.251
2026-06-08T12:18:41.993347+00:00,scheduler,0,0,699.9,10240.0,33,22.962
2026-06-08T12:18:41.993347+00:00,scheduler,1,9,8697.9,10240.0,57,105.473
2026-06-08T12:18:41.993347+00:00,scheduler,2,0,699.9,10240.0,35,18.904
2026-06-08T12:18:41.993347+00:00,scheduler,3,0,699.9,10240.0,33,27.012
2026-06-08T12:18:46.995307+00:00,scheduler,0,0,699.9,10240.0,33,23.054
2026-06-08T12:18:46.995307+00:00,scheduler,1,100,8813.9,10240.0,72,270.555
2026-06-08T12:18:46.995307+00:00,scheduler,2,0,699.9,10240.0,35,19.007
2026-06-08T12:18:46.995307+00:00,scheduler,3,0,699.9,10240.0,33,27.071
2026-06-08T12:18:51.995874+00:00,scheduler,0,0,699.9,10240.0,33,23.121
2026-06-08T12:18:51.995874+00:00,scheduler,1,100,8813.9,10240.0,71,265.335
2026-06-08T12:18:51.995874+00:00,scheduler,2,0,699.9,10240.0,35,19.171
2026-06-08T12:18:51.995874+00:00,scheduler,3,0,699.9,10240.0,33,27.288
2026-06-08T12:18:56.996492+00:00,scheduler,0,0,699.9,10240.0,33,23.2
2026-06-08T12:18:56.996492+00:00,scheduler,1,100,8813.9,10240.0,71,257.482
2026-06-08T12:18:56.996492+00:00,scheduler,2,0,699.9,10240.0,35,19.27
2026-06-08T12:18:56.996492+00:00,scheduler,3,0,699.9,10240.0,33,27.131
2026-06-08T12:19:01.998339+00:00,scheduler,0,0,699.9,10240.0,33,23.161
2026-06-08T12:19:01.998339+00:00,scheduler,1,100,8813.9,10240.0,71,257.536
2026-06-08T12:19:01.998339+00:00,scheduler,2,0,699.9,10240.0,35,19.209
2026-06-08T12:19:01.998339+00:00,scheduler,3,0,699.9,10240.0,33,27.211
2026-06-08T12:19:06.998871+00:00,scheduler,0,0,699.9,10240.0,33,23.124
2026-06-08T12:19:06.998871+00:00,scheduler,1,100,8813.9,10240.0,71,257.406
2026-06-08T12:19:06.998871+00:00,scheduler,2,0,699.9,10240.0,35,19.223
2026-06-08T12:19:06.998871+00:00,scheduler,3,0,699.9,10240.0,33,27.285
2026-06-08T12:19:12.000706+00:00,scheduler,0,0,699.9,10240.0,33,23.101
2026-06-08T12:19:12.000706+00:00,scheduler,1,100,8813.9,10240.0,71,254.276
2026-06-08T12:19:12.000706+00:00,scheduler,2,0,699.9,10240.0,34,19.276
2026-06-08T12:19:12.000706+00:00,scheduler,3,0,699.9,10240.0,33,27.443
2026-06-08T12:19:17.002651+00:00,scheduler,0,0,699.9,10240.0,33,23.158
2026-06-08T12:19:17.002651+00:00,scheduler,1,100,8813.9,10240.0,71,255.294
2026-06-08T12:19:17.002651+00:00,scheduler,2,0,699.9,10240.0,34,19.154
2026-06-08T12:19:17.002651+00:00,scheduler,3,0,699.9,10240.0,33,27.401
2026-06-08T12:19:22.003250+00:00,scheduler,0,0,699.9,10240.0,33,23.061
2026-06-08T12:19:22.003250+00:00,scheduler,1,100,8813.9,10240.0,72,255.456
2026-06-08T12:19:22.003250+00:00,scheduler,2,0,699.9,10240.0,34,19.127
2026-06-08T12:19:22.003250+00:00,scheduler,3,0,699.9,10240.0,33,27.289
2026-06-08T12:19:27.005247+00:00,scheduler,0,0,699.9,10240.0,33,23.087
2026-06-08T12:19:27.005247+00:00,scheduler,1,100,8813.9,10240.0,72,255.451
2026-06-08T12:19:27.005247+00:00,scheduler,2,0,699.9,10240.0,34,19.086
2026-06-08T12:19:27.005247+00:00,scheduler,3,0,699.9,10240.0,33,27.321
2026-06-08T12:19:32.005988+00:00,scheduler,0,0,699.9,10240.0,33,23.127
2026-06-08T12:19:32.005988+00:00,scheduler,1,9,8813.9,10240.0,63,137.856
2026-06-08T12:19:32.005988+00:00,scheduler,2,0,699.9,10240.0,34,19.058
2026-06-08T12:19:32.005988+00:00,scheduler,3,0,699.9,10240.0,33,27.15
2026-06-08T12:19:37.009288+00:00,scheduler,0,0,699.9,10240.0,33,23.09
2026-06-08T12:19:37.009288+00:00,scheduler,1,9,741.9,10240.0,61,130.873
2026-06-08T12:19:37.009288+00:00,scheduler,2,0,699.9,10240.0,34,18.98
2026-06-08T12:19:37.009288+00:00,scheduler,3,0,699.9,10240.0,33,27.19
2026-06-08T12:19:42.010747+00:00,scheduler,0,0,699.9,10240.0,33,23.144
2026-06-08T12:19:42.010747+00:00,scheduler,1,21,8697.9,10240.0,60,133.071
2026-06-08T12:19:42.010747+00:00,scheduler,2,0,699.9,10240.0,34,19.131
2026-06-08T12:19:42.010747+00:00,scheduler,3,0,699.9,10240.0,33,27.189
2026-06-08T12:19:47.011236+00:00,scheduler,0,0,699.9,10240.0,33,23.146
2026-06-08T12:19:47.011236+00:00,scheduler,1,51,6615.9,10240.0,59,125.167
2026-06-08T12:19:47.011236+00:00,scheduler,2,0,699.9,10240.0,34,19.203
2026-06-08T12:19:47.011236+00:00,scheduler,3,0,699.9,10240.0,33,27.117
2026-06-08T12:19:52.011829+00:00,scheduler,0,0,699.9,10240.0,33,23.008
2026-06-08T12:19:52.011829+00:00,scheduler,1,100,8813.9,10240.0,71,264.876
2026-06-08T12:19:52.011829+00:00,scheduler,2,0,699.9,10240.0,34,19.35
2026-06-08T12:19:52.011829+00:00,scheduler,3,0,699.9,10240.0,33,27.214
2026-06-08T12:19:57.014488+00:00,scheduler,0,0,699.9,10240.0,33,23.001
2026-06-08T12:19:57.014488+00:00,scheduler,1,100,8813.9,10240.0,71,261.068
2026-06-08T12:19:57.014488+00:00,scheduler,2,0,699.9,10240.0,34,19.042
2026-06-08T12:19:57.014488+00:00,scheduler,3,0,699.9,10240.0,33,27.131
2026-06-08T12:20:02.015017+00:00,scheduler,0,0,699.9,10240.0,33,23.06
2026-06-08T12:20:02.015017+00:00,scheduler,1,100,8813.9,10240.0,71,257.574
2026-06-08T12:20:02.015017+00:00,scheduler,2,0,699.9,10240.0,34,19.033
2026-06-08T12:20:02.015017+00:00,scheduler,3,0,699.9,10240.0,33,27.332
2026-06-08T12:20:07.015587+00:00,scheduler,0,0,699.9,10240.0,33,23.107
2026-06-08T12:20:07.015587+00:00,scheduler,1,100,8813.9,10240.0,71,255.705
2026-06-08T12:20:07.015587+00:00,scheduler,2,0,699.9,10240.0,34,19.17
2026-06-08T12:20:07.015587+00:00,scheduler,3,0,699.9,10240.0,33,27.214
2026-06-08T12:20:12.016222+00:00,scheduler,0,0,699.9,10240.0,33,23.051
2026-06-08T12:20:12.016222+00:00,scheduler,1,100,8813.9,10240.0,71,255.871
2026-06-08T12:20:12.016222+00:00,scheduler,2,0,699.9,10240.0,34,19.092
2026-06-08T12:20:12.016222+00:00,scheduler,3,0,699.9,10240.0,33,27.11
2026-06-08T12:20:17.016847+00:00,scheduler,0,0,699.9,10240.0,33,23.112
2026-06-08T12:20:17.016847+00:00,scheduler,1,100,8813.9,10240.0,71,256.153
2026-06-08T12:20:17.016847+00:00,scheduler,2,0,699.9,10240.0,34,18.964
2026-06-08T12:20:17.016847+00:00,scheduler,3,0,699.9,10240.0,33,27.213
2026-06-08T12:20:22.017484+00:00,scheduler,0,0,699.9,10240.0,33,23.184
2026-06-08T12:20:22.017484+00:00,scheduler,1,100,8813.9,10240.0,71,255.404
2026-06-08T12:20:22.017484+00:00,scheduler,2,0,699.9,10240.0,34,19.096
2026-06-08T12:20:22.017484+00:00,scheduler,3,0,699.9,10240.0,33,27.187
2026-06-08T12:20:27.018279+00:00,scheduler,0,0,699.9,10240.0,33,22.911
2026-06-08T12:20:27.018279+00:00,scheduler,1,100,8813.9,10240.0,71,255.54
2026-06-08T12:20:27.018279+00:00,scheduler,2,0,699.9,10240.0,34,19.105
2026-06-08T12:20:27.018279+00:00,scheduler,3,0,699.9,10240.0,33,27.206
2026-06-08T12:20:32.018866+00:00,scheduler,0,0,699.9,10240.0,33,23.054
2026-06-08T12:20:32.018866+00:00,scheduler,1,100,8813.9,10240.0,72,255.473
2026-06-08T12:20:32.018866+00:00,scheduler,2,0,699.9,10240.0,33,19.046
2026-06-08T12:20:32.018866+00:00,scheduler,3,0,699.9,10240.0,33,27.174
2026-06-08T12:20:37.019485+00:00,scheduler,0,0,699.9,10240.0,33,23.063
2026-06-08T12:20:37.019485+00:00,scheduler,1,10,8813.9,10240.0,58,106.666
2026-06-08T12:20:37.019485+00:00,scheduler,2,0,699.9,10240.0,33,18.797
2026-06-08T12:20:37.019485+00:00,scheduler,3,0,699.9,10240.0,33,27.093
2026-06-08T12:20:42.020064+00:00,scheduler,0,0,699.9,10240.0,33,23.088
2026-06-08T12:20:42.020064+00:00,scheduler,1,0,675.9,10240.0,57,111.122
2026-06-08T12:20:42.020064+00:00,scheduler,2,0,699.9,10240.0,33,18.712
2026-06-08T12:20:42.020064+00:00,scheduler,3,0,699.9,10240.0,33,27.096
2026-06-08T12:20:47.020664+00:00,scheduler,0,0,699.9,10240.0,33,22.962
2026-06-08T12:20:47.020664+00:00,scheduler,1,0,675.9,10240.0,56,104.854
2026-06-08T12:20:47.020664+00:00,scheduler,2,0,699.9,10240.0,33,18.871
2026-06-08T12:20:47.020664+00:00,scheduler,3,0,699.9,10240.0,33,27.086
2026-06-08T12:20:52.021243+00:00,scheduler,0,0,699.9,10240.0,33,22.992
2026-06-08T12:20:52.021243+00:00,scheduler,1,0,675.9,10240.0,56,104.442
2026-06-08T12:20:52.021243+00:00,scheduler,2,0,699.9,10240.0,33,18.721
2026-06-08T12:20:52.021243+00:00,scheduler,3,0,699.9,10240.0,33,27.222
2026-06-08T12:20:57.021911+00:00,scheduler,0,0,699.9,10240.0,33,23.056
2026-06-08T12:20:57.021911+00:00,scheduler,1,0,675.9,10240.0,49,41.258
2026-06-08T12:20:57.021911+00:00,scheduler,2,0,699.9,10240.0,33,18.75
2026-06-08T12:20:57.021911+00:00,scheduler,3,0,699.9,10240.0,33,27.104
2026-06-08T12:21:02.022492+00:00,scheduler,0,0,699.9,10240.0,33,23.027
2026-06-08T12:21:02.022492+00:00,scheduler,1,0,675.9,10240.0,46,25.137
2026-06-08T12:21:02.022492+00:00,scheduler,2,0,699.9,10240.0,33,18.775
2026-06-08T12:21:02.022492+00:00,scheduler,3,0,699.9,10240.0,33,27.08
2026-06-08T12:21:07.023058+00:00,scheduler,0,0,699.9,10240.0,33,23.033
2026-06-08T12:21:07.023058+00:00,scheduler,1,0,675.9,10240.0,45,24.997
2026-06-08T12:21:07.023058+00:00,scheduler,2,0,699.9,10240.0,33,18.873
2026-06-08T12:21:07.023058+00:00,scheduler,3,0,699.9,10240.0,33,27.117
2026-06-08T12:21:12.023652+00:00,scheduler,0,0,400.8,10240.0,33,24.423
2026-06-08T12:21:12.023652+00:00,scheduler,1,0,675.9,10240.0,44,24.953
2026-06-08T12:21:12.023652+00:00,scheduler,2,0,699.9,10240.0,33,18.818
2026-06-08T12:21:12.023652+00:00,scheduler,3,0,699.9,10240.0,33,27.06
2026-06-08T12:21:17.027258+00:00,scheduler,0,0,400.8,10240.0,33,22.978
2026-06-08T12:21:17.027258+00:00,scheduler,1,0,675.9,10240.0,44,24.885
2026-06-08T12:21:17.027258+00:00,scheduler,2,0,699.9,10240.0,33,18.734
2026-06-08T12:21:17.027258+00:00,scheduler,3,0,699.9,10240.0,33,27.053
2026-06-08T12:21:22.027818+00:00,scheduler,0,0,400.8,10240.0,33,23.008
2026-06-08T12:21:22.027818+00:00,scheduler,1,0,675.9,10240.0,43,24.886
2026-06-08T12:21:22.027818+00:00,scheduler,2,0,699.9,10240.0,33,18.772
2026-06-08T12:21:22.027818+00:00,scheduler,3,0,699.9,10240.0,33,27.245
2026-06-08T12:21:27.028398+00:00,scheduler,0,0,400.8,10240.0,33,23.013
2026-06-08T12:21:27.028398+00:00,scheduler,1,0,675.9,10240.0,42,24.923
2026-06-08T12:21:27.028398+00:00,scheduler,2,0,699.9,10240.0,33,18.781
2026-06-08T12:21:27.028398+00:00,scheduler,3,0,699.9,10240.0,33,27.031
2026-06-08T12:21:32.029025+00:00,scheduler,0,0,400.8,10240.0,33,22.984
2026-06-08T12:21:32.029025+00:00,scheduler,1,0,675.9,10240.0,42,24.743
2026-06-08T12:21:32.029025+00:00,scheduler,2,0,699.9,10240.0,33,18.791
2026-06-08T12:21:32.029025+00:00,scheduler,3,0,699.9,10240.0,33,26.994
2026-06-08T12:21:37.029600+00:00,scheduler,0,0,400.8,10240.0,33,23.04
2026-06-08T12:21:37.029600+00:00,scheduler,1,0,675.9,10240.0,41,24.777
2026-06-08T12:21:37.029600+00:00,scheduler,2,0,400.8,10240.0,33,19.314
2026-06-08T12:21:37.029600+00:00,scheduler,3,0,699.9,10240.0,33,27.023
2026-06-08T12:21:42.030217+00:00,scheduler,0,0,400.8,10240.0,33,23.061
2026-06-08T12:21:42.030217+00:00,scheduler,1,0,675.9,10240.0,41,24.847
2026-06-08T12:21:42.030217+00:00,scheduler,2,0,400.8,10240.0,33,18.846
2026-06-08T12:21:42.030217+00:00,scheduler,3,0,699.9,10240.0,33,27.112
2026-06-08T12:21:47.030816+00:00,scheduler,0,0,400.8,10240.0,33,23.223
2026-06-08T12:21:47.030816+00:00,scheduler,1,0,675.9,10240.0,41,24.785
2026-06-08T12:21:47.030816+00:00,scheduler,2,0,400.8,10240.0,33,18.75
2026-06-08T12:21:47.030816+00:00,scheduler,3,0,699.9,10240.0,33,27.045
2026-06-08T12:21:52.031377+00:00,scheduler,0,0,400.8,10240.0,33,23.07
2026-06-08T12:21:52.031377+00:00,scheduler,1,0,675.9,10240.0,40,24.76
2026-06-08T12:21:52.031377+00:00,scheduler,2,0,400.8,10240.0,33,18.854
2026-06-08T12:21:52.031377+00:00,scheduler,3,0,400.8,10240.0,33,27.503
2026-06-08T12:21:57.031893+00:00,scheduler,0,0,400.8,10240.0,33,23.033
2026-06-08T12:21:57.031893+00:00,scheduler,1,0,675.9,10240.0,40,24.757
2026-06-08T12:21:57.031893+00:00,scheduler,2,0,400.8,10240.0,33,18.73
2026-06-08T12:21:57.031893+00:00,scheduler,3,0,400.8,10240.0,33,27.154
2026-06-08T12:22:02.032445+00:00,scheduler,0,0,400.8,10240.0,33,23.063
2026-06-08T12:22:02.032445+00:00,scheduler,1,0,675.9,10240.0,40,24.845
2026-06-08T12:22:02.032445+00:00,scheduler,2,0,400.8,10240.0,33,18.745
2026-06-08T12:22:02.032445+00:00,scheduler,3,0,400.8,10240.0,33,27.104
2026-06-08T12:22:07.032960+00:00,scheduler,0,0,400.8,10240.0,33,23.079
2026-06-08T12:22:07.032960+00:00,scheduler,1,0,675.9,10240.0,39,24.678
2026-06-08T12:22:07.032960+00:00,scheduler,2,0,400.8,10240.0,33,18.87
2026-06-08T12:22:07.032960+00:00,scheduler,3,0,400.8,10240.0,33,27.057
2026-06-08T12:22:12.033582+00:00,scheduler,0,0,400.8,10240.0,33,23.07
2026-06-08T12:22:12.033582+00:00,scheduler,1,0,675.9,10240.0,39,24.72
2026-06-08T12:22:12.033582+00:00,scheduler,2,0,400.8,10240.0,33,18.704
2026-06-08T12:22:12.033582+00:00,scheduler,3,0,400.8,10240.0,33,27.123
2026-06-08T12:22:17.034349+00:00,scheduler,0,0,400.8,10240.0,33,23.088
2026-06-08T12:22:17.034349+00:00,scheduler,1,0,675.9,10240.0,39,24.793
2026-06-08T12:22:17.034349+00:00,scheduler,2,0,400.8,10240.0,33,18.676
2026-06-08T12:22:17.034349+00:00,scheduler,3,0,400.8,10240.0,33,27.057
2026-06-08T12:22:22.260350+00:00,scheduler,0,0,400.8,10240.0,33,23.0
2026-06-08T12:22:22.260350+00:00,scheduler,1,0,675.9,10240.0,39,24.843
2026-06-08T12:22:22.260350+00:00,scheduler,2,0,400.8,10240.0,33,18.83
2026-06-08T12:22:22.260350+00:00,scheduler,3,0,400.8,10240.0,33,26.987
2026-06-08T12:22:27.274935+00:00,scheduler,0,0,400.8,10240.0,33,23.105
2026-06-08T12:22:27.274935+00:00,scheduler,1,0,675.9,10240.0,39,24.597
2026-06-08T12:22:27.274935+00:00,scheduler,2,0,400.8,10240.0,33,18.827
2026-06-08T12:22:27.274935+00:00,scheduler,3,0,400.8,10240.0,33,26.929
2026-06-08T12:22:32.275584+00:00,scheduler,0,0,400.8,10240.0,33,23.026
2026-06-08T12:22:32.275584+00:00,scheduler,1,0,675.9,10240.0,39,24.68
2026-06-08T12:22:32.275584+00:00,scheduler,2,0,400.8,10240.0,33,18.842
2026-06-08T12:22:32.275584+00:00,scheduler,3,0,400.8,10240.0,33,27.094
2026-06-08T12:22:37.276146+00:00,scheduler,0,0,400.8,10240.0,33,23.05
2026-06-08T12:22:37.276146+00:00,scheduler,1,0,675.9,10240.0,38,24.67
2026-06-08T12:22:37.276146+00:00,scheduler,2,0,400.8,10240.0,33,18.774
2026-06-08T12:22:37.276146+00:00,scheduler,3,0,400.8,10240.0,33,26.929
2026-06-08T12:22:42.276717+00:00,scheduler,0,0,400.8,10240.0,33,23.054
2026-06-08T12:22:42.276717+00:00,scheduler,1,0,675.9,10240.0,38,24.827
2026-06-08T12:22:42.276717+00:00,scheduler,2,0,400.8,10240.0,33,18.825
2026-06-08T12:22:42.276717+00:00,scheduler,3,0,400.8,10240.0,33,26.905
2026-06-08T12:22:47.277426+00:00,scheduler,0,0,400.8,10240.0,33,22.967
2026-06-08T12:22:47.277426+00:00,scheduler,1,0,675.9,10240.0,38,24.695
2026-06-08T12:22:47.277426+00:00,scheduler,2,0,400.8,10240.0,33,18.921
2026-06-08T12:22:47.277426+00:00,scheduler,3,0,400.8,10240.0,33,26.91
2026-06-08T12:22:52.277992+00:00,scheduler,0,0,400.8,10240.0,33,22.989
2026-06-08T12:22:52.277992+00:00,scheduler,1,0,675.9,10240.0,38,24.687
2026-06-08T12:22:52.277992+00:00,scheduler,2,0,400.8,10240.0,33,18.737
2026-06-08T12:22:52.277992+00:00,scheduler,3,0,400.8,10240.0,33,26.949
2026-06-08T12:22:57.278633+00:00,scheduler,0,0,400.8,10240.0,33,23.13
2026-06-08T12:22:57.278633+00:00,scheduler,1,0,675.9,10240.0,38,24.811
2026-06-08T12:22:57.278633+00:00,scheduler,2,0,400.8,10240.0,33,18.633
2026-06-08T12:22:57.278633+00:00,scheduler,3,0,400.8,10240.0,33,26.997
2026-06-08T12:23:02.279236+00:00,scheduler,0,0,400.8,10240.0,33,22.93
2026-06-08T12:23:02.279236+00:00,scheduler,1,0,675.9,10240.0,38,24.624
2026-06-08T12:23:02.279236+00:00,scheduler,2,0,400.8,10240.0,33,18.663
2026-06-08T12:23:02.279236+00:00,scheduler,3,0,400.8,10240.0,33,27.046
2026-06-08T12:23:07.279846+00:00,scheduler,0,0,400.8,10240.0,33,22.943
2026-06-08T12:23:07.279846+00:00,scheduler,1,0,675.9,10240.0,38,24.592
2026-06-08T12:23:07.279846+00:00,scheduler,2,0,400.8,10240.0,33,18.734
2026-06-08T12:23:07.279846+00:00,scheduler,3,0,400.8,10240.0,33,26.965
2026-06-08T12:23:12.280460+00:00,scheduler,0,0,400.8,10240.0,33,22.978
2026-06-08T12:23:12.280460+00:00,scheduler,1,0,675.9,10240.0,38,24.735
2026-06-08T12:23:12.280460+00:00,scheduler,2,0,400.8,10240.0,33,18.744
2026-06-08T12:23:12.280460+00:00,scheduler,3,0,400.8,10240.0,33,26.763
2026-06-08T12:23:17.281073+00:00,scheduler,0,0,400.8,10240.0,33,23.023
2026-06-08T12:23:17.281073+00:00,scheduler,1,0,675.9,10240.0,38,24.712
2026-06-08T12:23:17.281073+00:00,scheduler,2,0,400.8,10240.0,33,18.776
2026-06-08T12:23:17.281073+00:00,scheduler,3,0,400.8,10240.0,33,26.814
2026-06-08T12:23:22.281627+00:00,scheduler,0,0,400.8,10240.0,33,22.895
2026-06-08T12:23:22.281627+00:00,scheduler,1,0,675.9,10240.0,37,24.626
2026-06-08T12:23:22.281627+00:00,scheduler,2,0,400.8,10240.0,33,18.874
2026-06-08T12:23:22.281627+00:00,scheduler,3,0,400.8,10240.0,33,26.934
2026-06-08T12:23:27.282236+00:00,scheduler,0,0,400.8,10240.0,33,22.95
2026-06-08T12:23:27.282236+00:00,scheduler,1,0,675.9,10240.0,37,24.601
2026-06-08T12:23:27.282236+00:00,scheduler,2,0,400.8,10240.0,33,18.742
2026-06-08T12:23:27.282236+00:00,scheduler,3,0,400.8,10240.0,33,27.096
2026-06-08T12:23:32.282775+00:00,scheduler,0,0,400.8,10240.0,33,23.138
2026-06-08T12:23:32.282775+00:00,scheduler,1,0,675.9,10240.0,37,24.564
2026-06-08T12:23:32.282775+00:00,scheduler,2,0,400.8,10240.0,33,18.694
2026-06-08T12:23:32.282775+00:00,scheduler,3,0,400.8,10240.0,33,26.873
2026-06-08T12:23:37.283488+00:00,scheduler,0,0,400.8,10240.0,33,22.948
2026-06-08T12:23:37.283488+00:00,scheduler,1,0,675.9,10240.0,37,24.721
2026-06-08T12:23:37.283488+00:00,scheduler,2,0,400.8,10240.0,33,18.89
2026-06-08T12:23:37.283488+00:00,scheduler,3,0,400.8,10240.0,33,27.044
2026-06-08T12:23:42.284003+00:00,scheduler,0,0,400.8,10240.0,33,22.925
2026-06-08T12:23:42.284003+00:00,scheduler,1,0,675.9,10240.0,37,24.564
2026-06-08T12:23:42.284003+00:00,scheduler,2,0,400.8,10240.0,33,18.753
2026-06-08T12:23:42.284003+00:00,scheduler,3,0,400.8,10240.0,33,27.083
2026-06-08T12:23:47.284692+00:00,scheduler,0,0,400.8,10240.0,33,22.969
2026-06-08T12:23:47.284692+00:00,scheduler,1,0,675.9,10240.0,37,24.666
2026-06-08T12:23:47.284692+00:00,scheduler,2,0,400.8,10240.0,33,18.82
2026-06-08T12:23:47.284692+00:00,scheduler,3,0,400.8,10240.0,33,26.991
2026-06-08T12:23:52.285269+00:00,scheduler,0,0,400.8,10240.0,33,23.145
2026-06-08T12:23:52.285269+00:00,scheduler,1,0,675.9,10240.0,37,24.729
2026-06-08T12:23:52.285269+00:00,scheduler,2,0,400.8,10240.0,33,18.861
2026-06-08T12:23:52.285269+00:00,scheduler,3,0,400.8,10240.0,33,27.016
2026-06-08T12:23:57.285851+00:00,scheduler,0,0,400.8,10240.0,33,22.994
2026-06-08T12:23:57.285851+00:00,scheduler,1,0,675.9,10240.0,37,24.601
2026-06-08T12:23:57.285851+00:00,scheduler,2,0,400.8,10240.0,33,18.83
2026-06-08T12:23:57.285851+00:00,scheduler,3,0,400.8,10240.0,33,27.027
2026-06-08T12:24:02.286419+00:00,scheduler,0,0,400.8,10240.0,33,22.974
2026-06-08T12:24:02.286419+00:00,scheduler,1,0,675.9,10240.0,37,24.579
2026-06-08T12:24:02.286419+00:00,scheduler,2,0,400.8,10240.0,33,18.72
2026-06-08T12:24:02.286419+00:00,scheduler,3,0,400.8,10240.0,33,27.044
2026-06-08T12:24:07.287021+00:00,scheduler,0,0,400.8,10240.0,33,23.137
2026-06-08T12:24:07.287021+00:00,scheduler,1,0,675.9,10240.0,37,24.544
2026-06-08T12:24:07.287021+00:00,scheduler,2,0,400.8,10240.0,33,18.619
2026-06-08T12:24:07.287021+00:00,scheduler,3,0,400.8,10240.0,33,26.979
2026-06-08T12:24:12.287612+00:00,scheduler,0,0,400.8,10240.0,33,22.913
2026-06-08T12:24:12.287612+00:00,scheduler,1,0,675.9,10240.0,37,24.678
2026-06-08T12:24:12.287612+00:00,scheduler,2,0,400.8,10240.0,33,18.72
2026-06-08T12:24:12.287612+00:00,scheduler,3,0,400.8,10240.0,33,27.09
2026-06-08T12:24:17.288241+00:00,scheduler,0,0,400.8,10240.0,33,23.016
2026-06-08T12:24:17.288241+00:00,scheduler,1,0,675.9,10240.0,37,24.518
2026-06-08T12:24:17.288241+00:00,scheduler,2,0,400.8,10240.0,33,18.622
2026-06-08T12:24:17.288241+00:00,scheduler,3,0,400.8,10240.0,33,26.997
2026-06-08T12:24:22.288871+00:00,scheduler,0,0,400.8,10240.0,33,22.994
2026-06-08T12:24:22.288871+00:00,scheduler,1,0,675.9,10240.0,37,24.585
2026-06-08T12:24:22.288871+00:00,scheduler,2,0,400.8,10240.0,33,18.718
2026-06-08T12:24:22.288871+00:00,scheduler,3,0,400.8,10240.0,33,26.948
2026-06-08T12:24:27.289761+00:00,scheduler,0,0,400.8,10240.0,33,23.039
2026-06-08T12:24:27.289761+00:00,scheduler,1,0,675.9,10240.0,37,24.65
2026-06-08T12:24:27.289761+00:00,scheduler,2,0,400.8,10240.0,33,18.849
2026-06-08T12:24:27.289761+00:00,scheduler,3,0,400.8,10240.0,33,27.084
2026-06-08T12:24:32.290352+00:00,scheduler,0,0,400.8,10240.0,33,23.086
2026-06-08T12:24:32.290352+00:00,scheduler,1,0,376.8,10240.0,38,25.695
2026-06-08T12:24:32.290352+00:00,scheduler,2,0,400.8,10240.0,33,18.955
2026-06-08T12:24:32.290352+00:00,scheduler,3,0,400.8,10240.0,33,26.989
2026-06-08T12:24:37.290931+00:00,scheduler,0,0,400.8,10240.0,33,23.007
2026-06-08T12:24:37.290931+00:00,scheduler,1,0,376.8,10240.0,37,24.559
2026-06-08T12:24:37.290931+00:00,scheduler,2,0,400.8,10240.0,33,18.797
2026-06-08T12:24:37.290931+00:00,scheduler,3,0,400.8,10240.0,33,27.113
2026-06-08T12:24:42.291533+00:00,scheduler,0,0,400.8,10240.0,33,22.954
2026-06-08T12:24:42.291533+00:00,scheduler,1,0,376.8,10240.0,37,24.661
2026-06-08T12:24:42.291533+00:00,scheduler,2,0,400.8,10240.0,33,18.721
2026-06-08T12:24:42.291533+00:00,scheduler,3,0,400.8,10240.0,33,26.937
2026-06-08T12:24:47.292235+00:00,scheduler,0,0,400.8,10240.0,33,22.882
2026-06-08T12:24:47.292235+00:00,scheduler,1,0,376.8,10240.0,37,24.583
2026-06-08T12:24:47.292235+00:00,scheduler,2,0,400.8,10240.0,33,18.817
2026-06-08T12:24:47.292235+00:00,scheduler,3,0,400.8,10240.0,33,27.003
2026-06-08T12:24:52.292825+00:00,scheduler,0,0,400.8,10240.0,33,23.013
2026-06-08T12:24:52.292825+00:00,scheduler,1,0,376.8,10240.0,37,24.568
2026-06-08T12:24:52.292825+00:00,scheduler,2,0,400.8,10240.0,33,18.823
2026-06-08T12:24:52.292825+00:00,scheduler,3,0,400.8,10240.0,33,27.01
2026-06-08T12:24:57.293463+00:00,scheduler,0,0,400.8,10240.0,33,22.852
2026-06-08T12:24:57.293463+00:00,scheduler,1,0,376.8,10240.0,37,24.694
2026-06-08T12:24:57.293463+00:00,scheduler,2,0,400.8,10240.0,33,18.816
2026-06-08T12:24:57.293463+00:00,scheduler,3,0,400.8,10240.0,33,26.927
2026-06-08T12:25:02.294076+00:00,scheduler,0,0,400.8,10240.0,33,22.907
2026-06-08T12:25:02.294076+00:00,scheduler,1,0,376.8,10240.0,37,24.524
2026-06-08T12:25:02.294076+00:00,scheduler,2,0,400.8,10240.0,33,18.769
2026-06-08T12:25:02.294076+00:00,scheduler,3,0,400.8,10240.0,33,27.008
2026-06-08T12:25:07.294712+00:00,scheduler,0,0,400.8,10240.0,33,22.854
2026-06-08T12:25:07.294712+00:00,scheduler,1,0,376.8,10240.0,36,24.562
2026-06-08T12:25:07.294712+00:00,scheduler,2,0,400.8,10240.0,33,18.634
2026-06-08T12:25:07.294712+00:00,scheduler,3,0,400.8,10240.0,33,27.066
2026-06-08T12:25:12.295358+00:00,scheduler,0,0,400.8,10240.0,33,22.936
2026-06-08T12:25:12.295358+00:00,scheduler,1,0,376.8,10240.0,36,24.457
2026-06-08T12:25:12.295358+00:00,scheduler,2,0,400.8,10240.0,33,18.794
2026-06-08T12:25:12.295358+00:00,scheduler,3,0,400.8,10240.0,33,27.176
2026-06-08T12:25:17.296080+00:00,scheduler,0,0,400.8,10240.0,33,22.825
2026-06-08T12:25:17.296080+00:00,scheduler,1,0,376.8,10240.0,36,24.624
2026-06-08T12:25:17.296080+00:00,scheduler,2,0,400.8,10240.0,33,18.71
2026-06-08T12:25:17.296080+00:00,scheduler,3,0,400.8,10240.0,33,26.989
2026-06-08T12:25:22.296712+00:00,scheduler,0,0,400.8,10240.0,33,23.01
2026-06-08T12:25:22.296712+00:00,scheduler,1,0,376.8,10240.0,36,24.495
2026-06-08T12:25:22.296712+00:00,scheduler,2,0,400.8,10240.0,33,18.644
2026-06-08T12:25:22.296712+00:00,scheduler,3,0,400.8,10240.0,33,26.815
2026-06-08T12:25:27.297353+00:00,scheduler,0,0,400.8,10240.0,33,22.872
2026-06-08T12:25:27.297353+00:00,scheduler,1,0,376.8,10240.0,36,24.478
2026-06-08T12:25:27.297353+00:00,scheduler,2,0,400.8,10240.0,33,18.823
2026-06-08T12:25:27.297353+00:00,scheduler,3,0,400.8,10240.0,33,27.001
2026-06-08T12:25:32.297951+00:00,scheduler,0,0,400.8,10240.0,33,22.985
2026-06-08T12:25:32.297951+00:00,scheduler,1,0,376.8,10240.0,36,24.622
2026-06-08T12:25:32.297951+00:00,scheduler,2,0,400.8,10240.0,33,18.976
2026-06-08T12:25:32.297951+00:00,scheduler,3,0,400.8,10240.0,33,26.847
2026-06-08T12:25:37.298658+00:00,scheduler,0,0,400.8,10240.0,33,22.919
2026-06-08T12:25:37.298658+00:00,scheduler,1,0,376.8,10240.0,36,24.552
2026-06-08T12:25:37.298658+00:00,scheduler,2,0,400.8,10240.0,33,18.835
2026-06-08T12:25:37.298658+00:00,scheduler,3,0,400.8,10240.0,33,26.893
2026-06-08T12:25:42.299438+00:00,scheduler,0,0,400.8,10240.0,33,23.062
2026-06-08T12:25:42.299438+00:00,scheduler,1,0,376.8,10240.0,36,24.509
2026-06-08T12:25:42.299438+00:00,scheduler,2,0,400.8,10240.0,33,18.823
2026-06-08T12:25:42.299438+00:00,scheduler,3,0,400.8,10240.0,33,27.099
2026-06-08T12:25:47.300053+00:00,scheduler,0,0,400.8,10240.0,33,22.912
2026-06-08T12:25:47.300053+00:00,scheduler,1,0,376.8,10240.0,36,24.65
2026-06-08T12:25:47.300053+00:00,scheduler,2,0,400.8,10240.0,33,19.047
2026-06-08T12:25:47.300053+00:00,scheduler,3,0,400.8,10240.0,33,26.872
2026-06-08T12:25:52.300661+00:00,scheduler,0,0,400.8,10240.0,33,22.991
2026-06-08T12:25:52.300661+00:00,scheduler,1,0,376.8,10240.0,36,24.555
2026-06-08T12:25:52.300661+00:00,scheduler,2,0,400.8,10240.0,33,18.842
2026-06-08T12:25:52.300661+00:00,scheduler,3,0,400.8,10240.0,33,26.789
2026-06-08T12:25:57.301272+00:00,scheduler,0,0,400.8,10240.0,33,23.23
2026-06-08T12:25:57.301272+00:00,scheduler,1,0,376.8,10240.0,36,24.586
2026-06-08T12:25:57.301272+00:00,scheduler,2,0,400.8,10240.0,33,18.742
2026-06-08T12:25:57.301272+00:00,scheduler,3,0,400.8,10240.0,33,26.962
2026-06-08T12:26:02.302001+00:00,scheduler,0,0,400.8,10240.0,33,23.013
2026-06-08T12:26:02.302001+00:00,scheduler,1,0,376.8,10240.0,36,24.595
2026-06-08T12:26:02.302001+00:00,scheduler,2,0,400.8,10240.0,33,18.907
2026-06-08T12:26:02.302001+00:00,scheduler,3,0,400.8,10240.0,33,27.003
2026-06-08T12:26:07.306164+00:00,scheduler,0,0,400.8,10240.0,33,22.999
2026-06-08T12:26:07.306164+00:00,scheduler,1,0,376.8,10240.0,36,24.685
2026-06-08T12:26:07.306164+00:00,scheduler,2,0,400.8,10240.0,33,18.808
2026-06-08T12:26:07.306164+00:00,scheduler,3,0,400.8,10240.0,33,26.827
2026-06-08T12:26:12.306800+00:00,scheduler,0,0,400.8,10240.0,33,22.98
2026-06-08T12:26:12.306800+00:00,scheduler,1,0,376.8,10240.0,36,24.598
2026-06-08T12:26:12.306800+00:00,scheduler,2,0,400.8,10240.0,33,18.903
2026-06-08T12:26:12.306800+00:00,scheduler,3,0,400.8,10240.0,33,27.018
2026-06-08T12:26:17.307434+00:00,scheduler,0,0,400.8,10240.0,33,23.095
2026-06-08T12:26:17.307434+00:00,scheduler,1,0,376.8,10240.0,36,24.59
2026-06-08T12:26:17.307434+00:00,scheduler,2,0,400.8,10240.0,33,18.845
2026-06-08T12:26:17.307434+00:00,scheduler,3,0,400.8,10240.0,33,27.051
2026-06-08T12:26:22.307999+00:00,scheduler,0,0,400.8,10240.0,33,22.944
2026-06-08T12:26:22.307999+00:00,scheduler,1,0,376.8,10240.0,36,24.718
2026-06-08T12:26:22.307999+00:00,scheduler,2,0,400.8,10240.0,33,18.92
2026-06-08T12:26:22.307999+00:00,scheduler,3,0,400.8,10240.0,33,26.96
2026-06-08T12:26:27.308657+00:00,scheduler,0,0,400.8,10240.0,33,22.9
2026-06-08T12:26:27.308657+00:00,scheduler,1,0,376.8,10240.0,36,24.569
2026-06-08T12:26:27.308657+00:00,scheduler,2,0,400.8,10240.0,33,18.923
2026-06-08T12:26:27.308657+00:00,scheduler,3,0,400.8,10240.0,33,26.97
2026-06-08T12:26:32.309424+00:00,scheduler,0,0,400.8,10240.0,33,22.922
2026-06-08T12:26:32.309424+00:00,scheduler,1,0,376.8,10240.0,36,24.567
2026-06-08T12:26:32.309424+00:00,scheduler,2,0,400.8,10240.0,33,18.866
2026-06-08T12:26:32.309424+00:00,scheduler,3,0,400.8,10240.0,33,27.126
2026-06-08T12:26:37.310035+00:00,scheduler,0,0,400.8,10240.0,33,22.916
2026-06-08T12:26:37.310035+00:00,scheduler,1,0,376.8,10240.0,36,24.567
2026-06-08T12:26:37.310035+00:00,scheduler,2,0,400.8,10240.0,33,19.055
2026-06-08T12:26:37.310035+00:00,scheduler,3,0,400.8,10240.0,33,26.982
2026-06-08T12:26:42.310660+00:00,scheduler,0,0,400.8,10240.0,33,23.027
2026-06-08T12:26:42.310660+00:00,scheduler,1,0,376.8,10240.0,36,24.663
2026-06-08T12:26:42.310660+00:00,scheduler,2,0,400.8,10240.0,33,18.996
2026-06-08T12:26:42.310660+00:00,scheduler,3,0,400.8,10240.0,33,26.963
2026-06-08T12:26:47.311491+00:00,scheduler,0,0,400.8,10240.0,33,23.196
2026-06-08T12:26:47.311491+00:00,scheduler,1,0,376.8,10240.0,36,24.516
2026-06-08T12:26:47.311491+00:00,scheduler,2,0,400.8,10240.0,33,18.917
2026-06-08T12:26:47.311491+00:00,scheduler,3,0,400.8,10240.0,33,26.94
2026-06-08T12:26:52.312086+00:00,scheduler,0,0,400.8,10240.0,33,22.993
2026-06-08T12:26:52.312086+00:00,scheduler,1,0,376.8,10240.0,36,24.637
2026-06-08T12:26:52.312086+00:00,scheduler,2,0,400.8,10240.0,33,18.941
2026-06-08T12:26:52.312086+00:00,scheduler,3,0,400.8,10240.0,33,27.09
2026-06-08T12:26:57.312750+00:00,scheduler,0,0,400.8,10240.0,33,23.005
2026-06-08T12:26:57.312750+00:00,scheduler,1,0,376.8,10240.0,36,24.695
2026-06-08T12:26:57.312750+00:00,scheduler,2,0,400.8,10240.0,33,19.044
2026-06-08T12:26:57.312750+00:00,scheduler,3,0,400.8,10240.0,33,26.934
2026-06-08T12:27:02.313424+00:00,scheduler,0,0,400.8,10240.0,33,22.92
2026-06-08T12:27:02.313424+00:00,scheduler,1,0,376.8,10240.0,36,24.555
2026-06-08T12:27:02.313424+00:00,scheduler,2,0,400.8,10240.0,33,18.931
2026-06-08T12:27:02.313424+00:00,scheduler,3,0,400.8,10240.0,33,26.88
2026-06-08T12:27:07.314020+00:00,scheduler,0,0,400.8,10240.0,33,23.152
2026-06-08T12:27:07.314020+00:00,scheduler,1,0,376.8,10240.0,36,24.582
2026-06-08T12:27:07.314020+00:00,scheduler,2,0,400.8,10240.0,33,18.847
2026-06-08T12:27:07.314020+00:00,scheduler,3,0,400.8,10240.0,33,27.041
2026-06-08T12:27:12.314694+00:00,scheduler,0,0,400.8,10240.0,33,22.883
2026-06-08T12:27:12.314694+00:00,scheduler,1,0,376.8,10240.0,36,24.684
2026-06-08T12:27:12.314694+00:00,scheduler,2,0,400.8,10240.0,33,18.919
2026-06-08T12:27:12.314694+00:00,scheduler,3,0,400.8,10240.0,33,26.992
2026-06-08T12:27:17.315282+00:00,scheduler,0,0,400.8,10240.0,33,23.013
2026-06-08T12:27:17.315282+00:00,scheduler,1,0,376.8,10240.0,36,24.609
2026-06-08T12:27:17.315282+00:00,scheduler,2,0,400.8,10240.0,33,18.843
2026-06-08T12:27:17.315282+00:00,scheduler,3,0,400.8,10240.0,33,27.163
2026-06-08T12:27:22.315944+00:00,scheduler,0,0,400.8,10240.0,33,23.027
2026-06-08T12:27:22.315944+00:00,scheduler,1,0,376.8,10240.0,36,24.578
2026-06-08T12:27:22.315944+00:00,scheduler,2,0,400.8,10240.0,33,18.858
2026-06-08T12:27:22.315944+00:00,scheduler,3,0,400.8,10240.0,33,27.203
2026-06-08T12:27:27.316559+00:00,scheduler,0,0,400.8,10240.0,33,22.944
2026-06-08T12:27:27.316559+00:00,scheduler,1,0,376.8,10240.0,36,24.543
2026-06-08T12:27:27.316559+00:00,scheduler,2,0,400.8,10240.0,33,19.066
2026-06-08T12:27:27.316559+00:00,scheduler,3,0,400.8,10240.0,33,27.062
2026-06-08T12:27:32.317309+00:00,scheduler,0,0,400.8,10240.0,33,22.991
2026-06-08T12:27:32.317309+00:00,scheduler,1,0,376.8,10240.0,36,24.736
2026-06-08T12:27:32.317309+00:00,scheduler,2,0,400.8,10240.0,33,18.879
2026-06-08T12:27:32.317309+00:00,scheduler,3,0,400.8,10240.0,33,27.023
2026-06-08T12:27:37.317985+00:00,scheduler,0,0,400.8,10240.0,33,22.989
2026-06-08T12:27:37.317985+00:00,scheduler,1,0,376.8,10240.0,36,24.665
2026-06-08T12:27:37.317985+00:00,scheduler,2,0,400.8,10240.0,33,18.91
2026-06-08T12:27:37.317985+00:00,scheduler,3,0,400.8,10240.0,33,27.021
2026-06-08T12:27:42.318555+00:00,scheduler,0,0,400.8,10240.0,33,23.105
2026-06-08T12:27:42.318555+00:00,scheduler,1,0,376.8,10240.0,36,24.583
2026-06-08T12:27:42.318555+00:00,scheduler,2,0,400.8,10240.0,33,18.826
2026-06-08T12:27:42.318555+00:00,scheduler,3,0,400.8,10240.0,33,27.144
2026-06-08T12:27:47.319239+00:00,scheduler,0,0,400.8,10240.0,33,23.021
2026-06-08T12:27:47.319239+00:00,scheduler,1,0,376.8,10240.0,36,24.741
2026-06-08T12:27:47.319239+00:00,scheduler,2,0,400.8,10240.0,33,19.072
2026-06-08T12:27:47.319239+00:00,scheduler,3,0,400.8,10240.0,33,27.039
2026-06-08T12:27:52.319755+00:00,scheduler,0,0,400.8,10240.0,33,22.872
2026-06-08T12:27:52.319755+00:00,scheduler,1,0,376.8,10240.0,36,24.575
2026-06-08T12:27:52.319755+00:00,scheduler,2,0,400.8,10240.0,33,18.907
2026-06-08T12:27:52.319755+00:00,scheduler,3,0,400.8,10240.0,33,27.048
2026-06-08T12:27:57.320347+00:00,scheduler,0,0,400.8,10240.0,33,22.909
2026-06-08T12:27:57.320347+00:00,scheduler,1,0,376.8,10240.0,36,24.597
2026-06-08T12:27:57.320347+00:00,scheduler,2,0,400.8,10240.0,33,18.873
2026-06-08T12:27:57.320347+00:00,scheduler,3,0,400.8,10240.0,33,27.133
2026-06-08T12:28:02.320904+00:00,scheduler,0,0,400.8,10240.0,33,23.009
2026-06-08T12:28:02.320904+00:00,scheduler,1,0,376.8,10240.0,36,24.598
2026-06-08T12:28:02.320904+00:00,scheduler,2,0,400.8,10240.0,33,18.882
2026-06-08T12:28:02.320904+00:00,scheduler,3,0,400.8,10240.0,33,26.956
2026-06-08T12:28:07.321622+00:00,scheduler,0,0,400.8,10240.0,33,22.859
2026-06-08T12:28:07.321622+00:00,scheduler,1,0,376.8,10240.0,36,24.677
2026-06-08T12:28:07.321622+00:00,scheduler,2,0,400.8,10240.0,33,18.897
2026-06-08T12:28:07.321622+00:00,scheduler,3,0,400.8,10240.0,33,26.893
2026-06-08T12:28:12.322273+00:00,scheduler,0,0,400.8,10240.0,33,22.897
2026-06-08T12:28:12.322273+00:00,scheduler,1,0,376.8,10240.0,36,24.574
2026-06-08T12:28:12.322273+00:00,scheduler,2,0,400.8,10240.0,33,19.088
2026-06-08T12:28:12.322273+00:00,scheduler,3,0,400.8,10240.0,33,27.037
2026-06-08T12:28:17.322885+00:00,scheduler,0,0,400.8,10240.0,33,22.861
2026-06-08T12:28:17.322885+00:00,scheduler,1,0,376.8,10240.0,36,24.548
2026-06-08T12:28:17.322885+00:00,scheduler,2,0,400.8,10240.0,33,19.179
2026-06-08T12:28:17.322885+00:00,scheduler,3,0,400.8,10240.0,33,27.172
2026-06-08T12:28:22.323564+00:00,scheduler,0,0,400.8,10240.0,33,22.8
2026-06-08T12:28:22.323564+00:00,scheduler,1,0,376.8,10240.0,36,24.708
2026-06-08T12:28:22.323564+00:00,scheduler,2,0,400.8,10240.0,33,19.02
2026-06-08T12:28:22.323564+00:00,scheduler,3,0,400.8,10240.0,33,27.11
2026-06-08T12:28:27.324343+00:00,scheduler,0,0,400.8,10240.0,33,22.761
2026-06-08T12:28:27.324343+00:00,scheduler,1,0,376.8,10240.0,36,24.554
2026-06-08T12:28:27.324343+00:00,scheduler,2,0,400.8,10240.0,33,18.93
2026-06-08T12:28:27.324343+00:00,scheduler,3,0,400.8,10240.0,33,27.036
2026-06-08T12:28:32.325123+00:00,scheduler,0,0,400.8,10240.0,33,22.981
2026-06-08T12:28:32.325123+00:00,scheduler,1,0,376.8,10240.0,36,24.51
2026-06-08T12:28:32.325123+00:00,scheduler,2,0,400.8,10240.0,33,18.939
2026-06-08T12:28:32.325123+00:00,scheduler,3,0,400.8,10240.0,33,27.29
2026-06-08T12:28:37.325927+00:00,scheduler,0,0,400.8,10240.0,33,22.964
2026-06-08T12:28:37.325927+00:00,scheduler,1,0,376.8,10240.0,36,24.653
2026-06-08T12:28:37.325927+00:00,scheduler,2,0,400.8,10240.0,33,19.03
2026-06-08T12:28:37.325927+00:00,scheduler,3,0,400.8,10240.0,33,27.049
2026-06-08T12:28:42.326660+00:00,scheduler,0,0,400.8,10240.0,33,22.915
2026-06-08T12:28:42.326660+00:00,scheduler,1,0,376.8,10240.0,36,24.589
2026-06-08T12:28:42.326660+00:00,scheduler,2,0,400.8,10240.0,33,18.937
2026-06-08T12:28:42.326660+00:00,scheduler,3,0,400.8,10240.0,33,27.09
2026-06-08T12:28:47.327356+00:00,scheduler,0,0,400.8,10240.0,33,23.047
2026-06-08T12:28:47.327356+00:00,scheduler,1,0,376.8,10240.0,36,24.565
2026-06-08T12:28:47.327356+00:00,scheduler,2,0,400.8,10240.0,33,18.888
2026-06-08T12:28:47.327356+00:00,scheduler,3,0,400.8,10240.0,33,27.138
2026-06-08T12:28:52.328052+00:00,scheduler,0,0,400.8,10240.0,33,22.969
2026-06-08T12:28:52.328052+00:00,scheduler,1,0,376.8,10240.0,36,24.606
2026-06-08T12:28:52.328052+00:00,scheduler,2,0,400.8,10240.0,33,18.959
2026-06-08T12:28:52.328052+00:00,scheduler,3,0,400.8,10240.0,33,27.032
2026-06-08T12:28:57.328878+00:00,scheduler,0,0,400.8,10240.0,33,22.951
2026-06-08T12:28:57.328878+00:00,scheduler,1,0,376.8,10240.0,36,24.651
2026-06-08T12:28:57.328878+00:00,scheduler,2,0,400.8,10240.0,33,18.782
2026-06-08T12:28:57.328878+00:00,scheduler,3,0,400.8,10240.0,33,27.123
2026-06-08T12:29:02.329621+00:00,scheduler,0,0,400.8,10240.0,33,23.469
2026-06-08T12:29:02.329621+00:00,scheduler,1,0,376.8,10240.0,36,24.633
2026-06-08T12:29:02.329621+00:00,scheduler,2,0,400.8,10240.0,33,18.849
2026-06-08T12:29:02.329621+00:00,scheduler,3,0,400.8,10240.0,33,27.1
2026-06-08T12:29:07.330271+00:00,scheduler,0,0,400.8,10240.0,33,22.942
2026-06-08T12:29:07.330271+00:00,scheduler,1,0,376.8,10240.0,36,24.926
2026-06-08T12:29:07.330271+00:00,scheduler,2,0,400.8,10240.0,33,18.82
2026-06-08T12:29:07.330271+00:00,scheduler,3,0,400.8,10240.0,33,27.129
2026-06-08T12:29:12.330935+00:00,scheduler,0,0,400.8,10240.0,33,22.957
2026-06-08T12:29:12.330935+00:00,scheduler,1,0,376.8,10240.0,36,24.654
2026-06-08T12:29:12.330935+00:00,scheduler,2,0,400.8,10240.0,33,18.668
2026-06-08T12:29:12.330935+00:00,scheduler,3,0,400.8,10240.0,33,27.011
2026-06-08T12:29:17.331584+00:00,scheduler,0,0,400.8,10240.0,33,23.155
2026-06-08T12:29:17.331584+00:00,scheduler,1,0,376.8,10240.0,37,26.269
2026-06-08T12:29:17.331584+00:00,scheduler,2,0,400.8,10240.0,33,18.659
2026-06-08T12:29:17.331584+00:00,scheduler,3,0,400.8,10240.0,33,27.106
2026-06-08T12:29:22.332273+00:00,scheduler,0,0,400.8,10240.0,33,23.015
2026-06-08T12:29:22.332273+00:00,scheduler,1,0,376.8,10240.0,36,24.569
2026-06-08T12:29:22.332273+00:00,scheduler,2,0,400.8,10240.0,33,18.717
2026-06-08T12:29:22.332273+00:00,scheduler,3,0,400.8,10240.0,33,27.087
2026-06-08T12:29:27.333077+00:00,scheduler,0,0,400.8,10240.0,33,23.241
2026-06-08T12:29:27.333077+00:00,scheduler,1,0,376.8,10240.0,36,24.747
2026-06-08T12:29:27.333077+00:00,scheduler,2,0,400.8,10240.0,33,18.562
2026-06-08T12:29:27.333077+00:00,scheduler,3,0,400.8,10240.0,33,27.162
2026-06-08T12:29:32.333868+00:00,scheduler,0,0,400.8,10240.0,33,23.054
2026-06-08T12:29:32.333868+00:00,scheduler,1,0,376.8,10240.0,36,24.76
2026-06-08T12:29:32.333868+00:00,scheduler,2,0,400.8,10240.0,34,19.604
2026-06-08T12:29:32.333868+00:00,scheduler,3,0,400.8,10240.0,33,27.067
2026-06-08T12:29:37.334536+00:00,scheduler,0,0,400.8,10240.0,33,22.976
2026-06-08T12:29:37.334536+00:00,scheduler,1,0,376.8,10240.0,36,24.706
2026-06-08T12:29:37.334536+00:00,scheduler,2,0,400.8,10240.0,33,18.895
2026-06-08T12:29:37.334536+00:00,scheduler,3,0,400.8,10240.0,33,27.056
2026-06-08T12:29:42.335264+00:00,scheduler,0,0,400.8,10240.0,33,23.134
2026-06-08T12:29:42.335264+00:00,scheduler,1,0,376.8,10240.0,36,24.601
2026-06-08T12:29:42.335264+00:00,scheduler,2,0,400.8,10240.0,33,18.781
2026-06-08T12:29:42.335264+00:00,scheduler,3,0,400.8,10240.0,33,27.087
2026-06-08T12:29:47.335875+00:00,scheduler,0,0,400.8,10240.0,33,23.214
2026-06-08T12:29:47.335875+00:00,scheduler,1,0,376.8,10240.0,36,24.731
2026-06-08T12:29:47.335875+00:00,scheduler,2,0,400.8,10240.0,33,18.694
2026-06-08T12:29:47.335875+00:00,scheduler,3,0,400.8,10240.0,33,27.103
2026-06-08T12:29:52.336524+00:00,scheduler,0,0,400.8,10240.0,33,23.131
2026-06-08T12:29:52.336524+00:00,scheduler,1,0,376.8,10240.0,36,24.672
2026-06-08T12:29:52.336524+00:00,scheduler,2,0,400.8,10240.0,33,18.66
2026-06-08T12:29:52.336524+00:00,scheduler,3,0,400.8,10240.0,33,27.19
2026-06-08T12:29:57.337131+00:00,scheduler,0,0,400.8,10240.0,33,23.066
2026-06-08T12:29:57.337131+00:00,scheduler,1,0,376.8,10240.0,36,24.677
2026-06-08T12:29:57.337131+00:00,scheduler,2,0,400.8,10240.0,33,18.694
2026-06-08T12:29:57.337131+00:00,scheduler,3,0,400.8,10240.0,33,27.158
2026-06-08T12:30:02.337837+00:00,scheduler,0,0,400.8,10240.0,33,23.046
2026-06-08T12:30:02.337837+00:00,scheduler,1,0,376.8,10240.0,36,24.817
2026-06-08T12:30:02.337837+00:00,scheduler,2,0,400.8,10240.0,33,18.581
2026-06-08T12:30:02.337837+00:00,scheduler,3,0,400.8,10240.0,33,27.07
2026-06-08T12:30:07.338513+00:00,scheduler,0,0,400.8,10240.0,33,22.987
2026-06-08T12:30:07.338513+00:00,scheduler,1,0,376.8,10240.0,36,24.687
2026-06-08T12:30:07.338513+00:00,scheduler,2,0,400.8,10240.0,33,18.71
2026-06-08T12:30:07.338513+00:00,scheduler,3,0,400.8,10240.0,33,27.15
2026-06-08T12:30:12.339169+00:00,scheduler,0,0,400.8,10240.0,33,22.995
2026-06-08T12:30:12.339169+00:00,scheduler,1,0,376.8,10240.0,36,24.662
2026-06-08T12:30:12.339169+00:00,scheduler,2,0,400.8,10240.0,33,18.778
2026-06-08T12:30:12.339169+00:00,scheduler,3,0,400.8,10240.0,33,26.951
2026-06-08T12:30:17.339893+00:00,scheduler,0,0,400.8,10240.0,33,22.812
2026-06-08T12:30:17.339893+00:00,scheduler,1,0,376.8,10240.0,36,24.567
2026-06-08T12:30:17.339893+00:00,scheduler,2,0,400.8,10240.0,33,18.436
2026-06-08T12:30:17.339893+00:00,scheduler,3,0,400.8,10240.0,33,26.986
2026-06-08T12:30:22.340594+00:00,scheduler,0,0,400.8,10240.0,33,23.017
2026-06-08T12:30:22.340594+00:00,scheduler,1,0,376.8,10240.0,36,24.802
2026-06-08T12:30:22.340594+00:00,scheduler,2,0,400.8,10240.0,33,18.621
2026-06-08T12:30:22.340594+00:00,scheduler,3,0,400.8,10240.0,33,27.134
2026-06-08T12:30:27.341307+00:00,scheduler,0,0,400.8,10240.0,33,22.955
2026-06-08T12:30:27.341307+00:00,scheduler,1,0,376.8,10240.0,36,24.649
2026-06-08T12:30:27.341307+00:00,scheduler,2,0,400.8,10240.0,33,18.749
2026-06-08T12:30:27.341307+00:00,scheduler,3,0,400.8,10240.0,33,26.931
2026-06-08T12:30:32.341979+00:00,scheduler,0,0,400.8,10240.0,33,22.754
2026-06-08T12:30:32.341979+00:00,scheduler,1,0,376.8,10240.0,36,24.696
2026-06-08T12:30:32.341979+00:00,scheduler,2,0,400.8,10240.0,33,18.632
2026-06-08T12:30:32.341979+00:00,scheduler,3,0,400.8,10240.0,33,26.989
2026-06-08T12:30:37.342706+00:00,scheduler,0,0,400.8,10240.0,33,23.064
2026-06-08T12:30:37.342706+00:00,scheduler,1,0,376.8,10240.0,36,24.736
2026-06-08T12:30:37.342706+00:00,scheduler,2,0,400.8,10240.0,33,18.787
2026-06-08T12:30:37.342706+00:00,scheduler,3,0,400.8,10240.0,33,26.851
2026-06-08T12:30:42.343324+00:00,scheduler,0,0,400.8,10240.0,33,23.01
2026-06-08T12:30:42.343324+00:00,scheduler,1,0,376.8,10240.0,36,24.668
2026-06-08T12:30:42.343324+00:00,scheduler,2,0,400.8,10240.0,33,18.785
2026-06-08T12:30:42.343324+00:00,scheduler,3,0,400.8,10240.0,33,27.068
2026-06-08T12:30:47.343950+00:00,scheduler,0,0,400.8,10240.0,33,22.994
2026-06-08T12:30:47.343950+00:00,scheduler,1,0,376.8,10240.0,36,24.679
2026-06-08T12:30:47.343950+00:00,scheduler,2,0,400.8,10240.0,33,18.867
2026-06-08T12:30:47.343950+00:00,scheduler,3,0,400.8,10240.0,33,27.09
2026-06-08T12:30:52.344634+00:00,scheduler,0,0,400.8,10240.0,33,22.956
2026-06-08T12:30:52.344634+00:00,scheduler,1,0,376.8,10240.0,36,24.729
2026-06-08T12:30:52.344634+00:00,scheduler,2,0,400.8,10240.0,33,18.776
2026-06-08T12:30:52.344634+00:00,scheduler,3,0,400.8,10240.0,33,26.932
2026-06-08T12:30:57.345304+00:00,scheduler,0,0,400.8,10240.0,33,23.067
2026-06-08T12:30:57.345304+00:00,scheduler,1,0,376.8,10240.0,36,24.849
2026-06-08T12:30:57.345304+00:00,scheduler,2,0,400.8,10240.0,33,18.658
2026-06-08T12:30:57.345304+00:00,scheduler,3,0,400.8,10240.0,33,27.056
2026-06-08T12:31:02.345848+00:00,scheduler,0,0,400.8,10240.0,33,22.962
2026-06-08T12:31:02.345848+00:00,scheduler,1,0,376.8,10240.0,36,24.684
2026-06-08T12:31:02.345848+00:00,scheduler,2,0,400.8,10240.0,33,18.701
2026-06-08T12:31:02.345848+00:00,scheduler,3,0,400.8,10240.0,33,27.069
2026-06-08T12:31:07.346453+00:00,scheduler,0,0,400.8,10240.0,33,22.859
2026-06-08T12:31:07.346453+00:00,scheduler,1,0,376.8,10240.0,36,24.653
2026-06-08T12:31:07.346453+00:00,scheduler,2,0,400.8,10240.0,33,18.68
2026-06-08T12:31:07.346453+00:00,scheduler,3,0,400.8,10240.0,33,27.209
2026-06-08T12:31:12.347072+00:00,scheduler,0,0,400.8,10240.0,33,23.025
2026-06-08T12:31:12.347072+00:00,scheduler,1,0,376.8,10240.0,36,24.737
2026-06-08T12:31:12.347072+00:00,scheduler,2,0,400.8,10240.0,33,18.73
2026-06-08T12:31:12.347072+00:00,scheduler,3,0,400.8,10240.0,33,27.151
2026-06-08T12:31:17.347817+00:00,scheduler,0,0,400.8,10240.0,33,22.963
2026-06-08T12:31:17.347817+00:00,scheduler,1,0,376.8,10240.0,36,24.672
2026-06-08T12:31:17.347817+00:00,scheduler,2,0,400.8,10240.0,33,18.694
2026-06-08T12:31:17.347817+00:00,scheduler,3,0,400.8,10240.0,33,27.126
2026-06-08T12:31:22.348608+00:00,scheduler,0,0,400.8,10240.0,33,22.923
2026-06-08T12:31:22.348608+00:00,scheduler,1,0,376.8,10240.0,36,24.668
2026-06-08T12:31:22.348608+00:00,scheduler,2,0,400.8,10240.0,33,18.93
2026-06-08T12:31:22.348608+00:00,scheduler,3,0,400.8,10240.0,33,27.122
2026-06-08T12:31:27.349307+00:00,scheduler,0,0,400.8,10240.0,33,23.096
2026-06-08T12:31:27.349307+00:00,scheduler,1,0,376.8,10240.0,36,24.709
2026-06-08T12:31:27.349307+00:00,scheduler,2,0,400.8,10240.0,33,18.803
2026-06-08T12:31:27.349307+00:00,scheduler,3,0,400.8,10240.0,33,26.98
2026-06-08T12:31:32.349942+00:00,scheduler,0,0,400.8,10240.0,33,23.007
2026-06-08T12:31:32.349942+00:00,scheduler,1,0,376.8,10240.0,36,24.713
2026-06-08T12:31:32.349942+00:00,scheduler,2,0,400.8,10240.0,33,18.698
2026-06-08T12:31:32.349942+00:00,scheduler,3,0,400.8,10240.0,33,27.109
2026-06-08T12:31:37.350513+00:00,scheduler,0,0,400.8,10240.0,33,23.043
2026-06-08T12:31:37.350513+00:00,scheduler,1,0,376.8,10240.0,36,24.685
2026-06-08T12:31:37.350513+00:00,scheduler,2,0,400.8,10240.0,33,18.765
2026-06-08T12:31:37.350513+00:00,scheduler,3,0,400.8,10240.0,33,27.113
2026-06-08T12:31:42.351163+00:00,scheduler,0,0,400.8,10240.0,33,23.045
2026-06-08T12:31:42.351163+00:00,scheduler,1,0,376.8,10240.0,36,24.593
2026-06-08T12:31:42.351163+00:00,scheduler,2,0,400.8,10240.0,33,18.75
2026-06-08T12:31:42.351163+00:00,scheduler,3,0,400.8,10240.0,33,27.015
2026-06-08T12:31:47.351927+00:00,scheduler,0,0,400.8,10240.0,33,23.202
2026-06-08T12:31:47.351927+00:00,scheduler,1,0,376.8,10240.0,36,24.84
2026-06-08T12:31:47.351927+00:00,scheduler,2,0,400.8,10240.0,33,18.643
2026-06-08T12:31:47.351927+00:00,scheduler,3,0,400.8,10240.0,33,27.161
2026-06-08T12:31:52.352649+00:00,scheduler,0,0,400.8,10240.0,33,23.062
2026-06-08T12:31:52.352649+00:00,scheduler,1,0,376.8,10240.0,36,24.72
2026-06-08T12:31:52.352649+00:00,scheduler,2,0,400.8,10240.0,33,18.894
2026-06-08T12:31:52.352649+00:00,scheduler,3,0,400.8,10240.0,33,26.934
2026-06-08T12:31:57.353359+00:00,scheduler,0,0,400.8,10240.0,33,22.916
2026-06-08T12:31:57.353359+00:00,scheduler,1,0,376.8,10240.0,36,24.699
2026-06-08T12:31:57.353359+00:00,scheduler,2,0,400.8,10240.0,33,18.762
2026-06-08T12:31:57.353359+00:00,scheduler,3,0,400.8,10240.0,33,26.995
2026-06-08T12:32:02.353930+00:00,scheduler,0,0,400.8,10240.0,33,23.068
2026-06-08T12:32:02.353930+00:00,scheduler,1,0,376.8,10240.0,36,24.842
2026-06-08T12:32:02.353930+00:00,scheduler,2,0,400.8,10240.0,33,18.722
2026-06-08T12:32:02.353930+00:00,scheduler,3,0,400.8,10240.0,33,26.963
2026-06-08T12:32:07.354848+00:00,scheduler,0,0,400.8,10240.0,33,22.982
2026-06-08T12:32:07.354848+00:00,scheduler,1,0,376.8,10240.0,36,24.686
2026-06-08T12:32:07.354848+00:00,scheduler,2,0,400.8,10240.0,33,18.761
2026-06-08T12:32:07.354848+00:00,scheduler,3,0,400.8,10240.0,33,27.101
2026-06-08T12:32:12.355514+00:00,scheduler,0,0,400.8,10240.0,33,23.079
2026-06-08T12:32:12.355514+00:00,scheduler,1,0,376.8,10240.0,36,24.702
2026-06-08T12:32:12.355514+00:00,scheduler,2,0,400.8,10240.0,33,18.764
2026-06-08T12:32:12.355514+00:00,scheduler,3,0,400.8,10240.0,33,31.339
2026-06-08T12:32:17.356112+00:00,scheduler,0,0,400.8,10240.0,33,23.015
2026-06-08T12:32:17.356112+00:00,scheduler,1,0,376.8,10240.0,36,24.651
2026-06-08T12:32:17.356112+00:00,scheduler,2,0,400.8,10240.0,33,18.659
2026-06-08T12:32:17.356112+00:00,scheduler,3,0,400.8,10240.0,33,26.961
2026-06-08T12:32:22.356773+00:00,scheduler,0,0,400.8,10240.0,33,23.079
2026-06-08T12:32:22.356773+00:00,scheduler,1,0,376.8,10240.0,36,24.753
2026-06-08T12:32:22.356773+00:00,scheduler,2,0,400.8,10240.0,33,18.62
2026-06-08T12:32:22.356773+00:00,scheduler,3,0,400.8,10240.0,33,27.097
2026-06-08T12:32:27.357335+00:00,scheduler,0,0,400.8,10240.0,33,22.929
2026-06-08T12:32:27.357335+00:00,scheduler,1,0,376.8,10240.0,36,24.682
2026-06-08T12:32:27.357335+00:00,scheduler,2,0,400.8,10240.0,33,18.761
2026-06-08T12:32:27.357335+00:00,scheduler,3,0,400.8,10240.0,33,27.184
2026-06-08T12:32:32.359241+00:00,scheduler,0,0,400.8,10240.0,33,23.002
2026-06-08T12:32:32.359241+00:00,scheduler,1,0,376.8,10240.0,36,24.689
2026-06-08T12:32:32.359241+00:00,scheduler,2,0,400.8,10240.0,33,18.811
2026-06-08T12:32:32.359241+00:00,scheduler,3,0,400.8,10240.0,33,27.063
2026-06-08T12:32:37.359801+00:00,scheduler,0,0,400.8,10240.0,33,23.08
2026-06-08T12:32:37.359801+00:00,scheduler,1,0,376.8,10240.0,36,24.776
2026-06-08T12:32:37.359801+00:00,scheduler,2,0,400.8,10240.0,33,18.562
2026-06-08T12:32:37.359801+00:00,scheduler,3,0,400.8,10240.0,33,27.078
2026-06-08T12:32:42.360513+00:00,scheduler,0,0,400.8,10240.0,33,22.979
2026-06-08T12:32:42.360513+00:00,scheduler,1,0,376.8,10240.0,36,24.656
2026-06-08T12:32:42.360513+00:00,scheduler,2,0,400.8,10240.0,33,18.533
2026-06-08T12:32:42.360513+00:00,scheduler,3,0,400.8,10240.0,33,27.043
2026-06-08T12:32:47.361141+00:00,scheduler,0,0,400.8,10240.0,33,23.07
2026-06-08T12:32:47.361141+00:00,scheduler,1,0,376.8,10240.0,36,24.681
2026-06-08T12:32:47.361141+00:00,scheduler,2,0,400.8,10240.0,33,18.628
2026-06-08T12:32:47.361141+00:00,scheduler,3,0,400.8,10240.0,33,27.122
2026-06-08T12:32:52.361725+00:00,scheduler,0,0,400.8,10240.0,33,23.109
2026-06-08T12:32:52.361725+00:00,scheduler,1,0,376.8,10240.0,36,24.66
2026-06-08T12:32:52.361725+00:00,scheduler,2,0,400.8,10240.0,33,18.576
2026-06-08T12:32:52.361725+00:00,scheduler,3,0,400.8,10240.0,33,26.971
2026-06-08T12:32:57.362261+00:00,scheduler,0,0,400.8,10240.0,33,23.125
2026-06-08T12:32:57.362261+00:00,scheduler,1,0,376.8,10240.0,36,24.78
2026-06-08T12:32:57.362261+00:00,scheduler,2,0,400.8,10240.0,33,18.649
2026-06-08T12:32:57.362261+00:00,scheduler,3,0,400.8,10240.0,33,26.903
2026-06-08T12:33:02.362838+00:00,scheduler,0,0,400.8,10240.0,33,22.97
2026-06-08T12:33:02.362838+00:00,scheduler,1,0,376.8,10240.0,36,24.645
2026-06-08T12:33:02.362838+00:00,scheduler,2,0,400.8,10240.0,33,18.714
2026-06-08T12:33:02.362838+00:00,scheduler,3,0,400.8,10240.0,33,26.968
2026-06-08T12:33:07.363530+00:00,scheduler,0,0,400.8,10240.0,33,22.962
2026-06-08T12:33:07.363530+00:00,scheduler,1,0,376.8,10240.0,36,24.621
2026-06-08T12:33:07.363530+00:00,scheduler,2,0,621.9,10240.0,37,89.109
2026-06-08T12:33:07.363530+00:00,scheduler,3,0,400.8,10240.0,33,26.909
2026-06-08T12:33:12.364261+00:00,scheduler,0,0,621.9,10240.0,36,42.274
2026-06-08T12:33:12.364261+00:00,scheduler,1,0,376.8,10240.0,36,24.744
2026-06-08T12:33:12.364261+00:00,scheduler,2,0,621.9,10240.0,38,89.602
2026-06-08T12:33:12.364261+00:00,scheduler,3,0,400.8,10240.0,33,26.887
2026-06-08T12:33:17.364867+00:00,scheduler,0,0,621.9,10240.0,37,92.034
2026-06-08T12:33:17.364867+00:00,scheduler,1,0,376.8,10240.0,36,24.654
2026-06-08T12:33:17.364867+00:00,scheduler,2,0,621.9,10240.0,39,89.795
2026-06-08T12:33:17.364867+00:00,scheduler,3,0,621.9,10240.0,39,95.74
2026-06-08T12:33:22.365444+00:00,scheduler,0,0,621.9,10240.0,38,92.357
2026-06-08T12:33:22.365444+00:00,scheduler,1,0,597.9,10240.0,44,97.619
2026-06-08T12:33:22.365444+00:00,scheduler,2,0,621.9,10240.0,40,89.772
2026-06-08T12:33:22.365444+00:00,scheduler,3,0,621.9,10240.0,40,96.064
2026-06-08T12:33:27.366042+00:00,scheduler,0,0,621.9,10240.0,38,92.609
2026-06-08T12:33:27.366042+00:00,scheduler,1,0,597.9,10240.0,45,98.277
2026-06-08T12:33:27.366042+00:00,scheduler,2,0,621.9,10240.0,35,19.201
2026-06-08T12:33:27.366042+00:00,scheduler,3,0,621.9,10240.0,40,96.321
2026-06-08T12:33:32.366683+00:00,scheduler,0,0,621.9,10240.0,35,23.455
2026-06-08T12:33:32.366683+00:00,scheduler,1,0,597.9,10240.0,46,98.438
2026-06-08T12:33:32.366683+00:00,scheduler,2,0,621.9,10240.0,34,18.919
2026-06-08T12:33:32.366683+00:00,scheduler,3,0,621.9,10240.0,36,42.591
2026-06-08T12:33:37.367284+00:00,scheduler,0,0,621.9,10240.0,34,23.063
2026-06-08T12:33:37.367284+00:00,scheduler,1,0,597.9,10240.0,40,60.284
2026-06-08T12:33:37.367284+00:00,scheduler,2,0,621.9,10240.0,34,18.777
2026-06-08T12:33:37.367284+00:00,scheduler,3,0,621.9,10240.0,35,27.229
2026-06-08T12:33:42.367822+00:00,scheduler,0,0,621.9,10240.0,34,23.1
2026-06-08T12:33:42.367822+00:00,scheduler,1,0,597.9,10240.0,38,24.868
2026-06-08T12:33:42.367822+00:00,scheduler,2,0,621.9,10240.0,34,19.085
2026-06-08T12:33:42.367822+00:00,scheduler,3,0,621.9,10240.0,34,27.048
2026-06-08T12:33:47.368599+00:00,scheduler,0,0,621.9,10240.0,34,23.088
2026-06-08T12:33:47.368599+00:00,scheduler,1,0,597.9,10240.0,38,24.781
2026-06-08T12:33:47.368599+00:00,scheduler,2,0,1365.9,10240.0,35,18.959
2026-06-08T12:33:47.368599+00:00,scheduler,3,0,621.9,10240.0,34,26.928
2026-06-08T12:33:52.369277+00:00,scheduler,0,0,621.9,10240.0,34,23.05
2026-06-08T12:33:52.369277+00:00,scheduler,1,0,597.9,10240.0,37,24.602
2026-06-08T12:33:52.369277+00:00,scheduler,2,0,1365.9,10240.0,39,90.004
2026-06-08T12:33:52.369277+00:00,scheduler,3,0,621.9,10240.0,34,27.192
2026-06-08T12:33:57.369890+00:00,scheduler,0,0,621.9,10240.0,34,23.026
2026-06-08T12:33:57.369890+00:00,scheduler,1,0,597.9,10240.0,37,24.645
2026-06-08T12:33:57.369890+00:00,scheduler,2,2,2045.9,10240.0,40,90.161
2026-06-08T12:33:57.369890+00:00,scheduler,3,0,621.9,10240.0,34,27.049
2026-06-08T12:34:02.370500+00:00,scheduler,0,0,621.9,10240.0,34,23.058
2026-06-08T12:34:02.370500+00:00,scheduler,1,0,597.9,10240.0,37,24.741
2026-06-08T12:34:02.370500+00:00,scheduler,2,0,2733.9,10240.0,40,90.404
2026-06-08T12:34:02.370500+00:00,scheduler,3,0,621.9,10240.0,34,26.983
2026-06-08T12:34:07.371142+00:00,scheduler,0,0,621.9,10240.0,34,23.134
2026-06-08T12:34:07.371142+00:00,scheduler,1,0,597.9,10240.0,37,24.637
2026-06-08T12:34:07.371142+00:00,scheduler,2,1,3209.9,10240.0,41,90.711
2026-06-08T12:34:07.371142+00:00,scheduler,3,0,1365.9,10240.0,34,27.069
2026-06-08T12:34:12.371772+00:00,scheduler,0,0,621.9,10240.0,33,22.997
2026-06-08T12:34:12.371772+00:00,scheduler,1,0,597.9,10240.0,37,24.725
2026-06-08T12:34:12.371772+00:00,scheduler,2,0,3597.9,10240.0,41,90.744
2026-06-08T12:34:12.371772+00:00,scheduler,3,0,3597.9,10240.0,40,96.349
2026-06-08T12:34:17.372370+00:00,scheduler,0,0,621.9,10240.0,33,22.87
2026-06-08T12:34:17.372370+00:00,scheduler,1,0,597.9,10240.0,37,24.724
2026-06-08T12:34:17.372370+00:00,scheduler,2,0,4141.9,10240.0,41,90.995
2026-06-08T12:34:17.372370+00:00,scheduler,3,0,4141.9,10240.0,40,96.548
2026-06-08T12:34:22.372974+00:00,scheduler,0,0,621.9,10240.0,33,23.006
2026-06-08T12:34:22.372974+00:00,scheduler,1,0,597.9,10240.0,37,24.664
2026-06-08T12:34:22.372974+00:00,scheduler,2,1,4529.9,10240.0,42,90.963
2026-06-08T12:34:22.372974+00:00,scheduler,3,0,4529.9,10240.0,41,96.78
2026-06-08T12:34:27.373881+00:00,scheduler,0,0,621.9,10240.0,33,22.979
2026-06-08T12:34:27.373881+00:00,scheduler,1,0,597.9,10240.0,37,24.745
2026-06-08T12:34:27.373881+00:00,scheduler,2,2,5013.9,10240.0,42,91.172
2026-06-08T12:34:27.373881+00:00,scheduler,3,2,5013.9,10240.0,41,97.037
2026-06-08T12:34:32.374474+00:00,scheduler,0,0,621.9,10240.0,33,23.077
2026-06-08T12:34:32.374474+00:00,scheduler,1,0,597.9,10240.0,37,24.613
2026-06-08T12:34:32.374474+00:00,scheduler,2,2,5673.9,10240.0,42,91.273
2026-06-08T12:34:32.374474+00:00,scheduler,3,2,5673.9,10240.0,42,97.083
2026-06-08T12:34:37.375172+00:00,scheduler,0,0,621.9,10240.0,33,22.928
2026-06-08T12:34:37.375172+00:00,scheduler,1,33,3485.9,10240.0,42,49.869
2026-06-08T12:34:37.375172+00:00,scheduler,2,2,6225.9,10240.0,42,91.447
2026-06-08T12:34:37.375172+00:00,scheduler,3,2,6225.9,10240.0,42,97.247
2026-06-08T12:34:42.375767+00:00,scheduler,0,0,621.9,10240.0,33,22.961
2026-06-08T12:34:42.375767+00:00,scheduler,1,21,8325.9,10240.0,46,98.83
2026-06-08T12:34:42.375767+00:00,scheduler,2,24,8349.9,10240.0,42,91.794
2026-06-08T12:34:42.375767+00:00,scheduler,3,19,8349.9,10240.0,42,97.423
2026-06-08T12:34:47.376427+00:00,scheduler,0,0,621.9,10240.0,33,22.837
2026-06-08T12:34:47.376427+00:00,scheduler,1,9,8713.9,10240.0,47,100.402
2026-06-08T12:34:47.376427+00:00,scheduler,2,11,8717.9,10240.0,43,92.061
2026-06-08T12:34:47.376427+00:00,scheduler,3,9,8717.9,10240.0,43,97.594
2026-06-08T12:34:52.378470+00:00,scheduler,0,0,621.9,10240.0,33,23.005
2026-06-08T12:34:52.378470+00:00,scheduler,1,28,6863.9,10240.0,50,124.445
2026-06-08T12:34:52.378470+00:00,scheduler,2,32,6867.9,10240.0,45,115.312
2026-06-08T12:34:52.378470+00:00,scheduler,3,34,6633.9,10240.0,45,119.205
2026-06-08T12:34:57.379245+00:00,scheduler,0,0,621.9,10240.0,33,23.177
2026-06-08T12:34:57.379245+00:00,scheduler,1,100,8829.9,10240.0,68,292.405
2026-06-08T12:34:57.379245+00:00,scheduler,2,100,8833.9,10240.0,63,318.308
2026-06-08T12:34:57.379245+00:00,scheduler,3,100,8833.9,10240.0,67,318.874
2026-06-08T12:35:02.379962+00:00,scheduler,0,0,621.9,10240.0,33,23.018
2026-06-08T12:35:02.379962+00:00,scheduler,1,100,8829.9,10240.0,68,282.336
2026-06-08T12:35:02.379962+00:00,scheduler,2,100,8833.9,10240.0,66,317.761
2026-06-08T12:35:02.379962+00:00,scheduler,3,100,8833.9,10240.0,69,318.778
2026-06-08T12:35:07.380613+00:00,scheduler,0,0,621.9,10240.0,33,23.003
2026-06-08T12:35:07.380613+00:00,scheduler,1,100,8829.9,10240.0,69,277.766
2026-06-08T12:35:07.380613+00:00,scheduler,2,100,8833.9,10240.0,66,301.882
2026-06-08T12:35:07.380613+00:00,scheduler,3,100,8833.9,10240.0,70,319.372
2026-06-08T12:35:12.381216+00:00,scheduler,0,0,621.9,10240.0,33,23.045
2026-06-08T12:35:12.381216+00:00,scheduler,1,100,8829.9,10240.0,68,271.018
2026-06-08T12:35:12.381216+00:00,scheduler,2,100,8833.9,10240.0,67,298.137
2026-06-08T12:35:12.381216+00:00,scheduler,3,100,8833.9,10240.0,71,319.391
2026-06-08T12:35:17.381837+00:00,scheduler,0,0,621.9,10240.0,33,23.016
2026-06-08T12:35:17.381837+00:00,scheduler,1,100,8829.9,10240.0,69,273.198
2026-06-08T12:35:17.381837+00:00,scheduler,2,100,8833.9,10240.0,67,293.428
2026-06-08T12:35:17.381837+00:00,scheduler,3,100,8833.9,10240.0,71,319.033
2026-06-08T12:35:22.382439+00:00,scheduler,0,0,621.9,10240.0,33,23.002
2026-06-08T12:35:22.382439+00:00,scheduler,1,100,8829.9,10240.0,69,271.089
2026-06-08T12:35:22.382439+00:00,scheduler,2,100,8833.9,10240.0,67,284.516
2026-06-08T12:35:22.382439+00:00,scheduler,3,100,8833.9,10240.0,72,319.031
2026-06-08T12:35:27.383270+00:00,scheduler,0,0,621.9,10240.0,33,23.092
2026-06-08T12:35:27.383270+00:00,scheduler,1,100,8829.9,10240.0,70,267.957
2026-06-08T12:35:27.383270+00:00,scheduler,2,100,8833.9,10240.0,68,284.889
2026-06-08T12:35:27.383270+00:00,scheduler,3,100,8833.9,10240.0,72,318.441
2026-06-08T12:35:32.383960+00:00,scheduler,0,0,621.9,10240.0,33,23.13
2026-06-08T12:35:32.383960+00:00,scheduler,1,100,8829.9,10240.0,70,264.654
2026-06-08T12:35:32.383960+00:00,scheduler,2,100,8833.9,10240.0,68,278.678
2026-06-08T12:35:32.383960+00:00,scheduler,3,100,8833.9,10240.0,73,318.192
2026-06-08T12:35:37.384658+00:00,scheduler,0,0,621.9,10240.0,33,22.934
2026-06-08T12:35:37.384658+00:00,scheduler,1,10,8829.9,10240.0,62,143.171
2026-06-08T12:35:37.384658+00:00,scheduler,2,11,8833.9,10240.0,56,124.7
2026-06-08T12:35:37.384658+00:00,scheduler,3,10,8833.9,10240.0,53,100.309
2026-06-08T12:35:42.385341+00:00,scheduler,0,0,621.9,10240.0,33,23.134
2026-06-08T12:35:42.385341+00:00,scheduler,1,10,8829.9,10240.0,56,105.012
2026-06-08T12:35:42.385341+00:00,scheduler,2,100,973.9,10240.0,51,96.912
2026-06-08T12:35:42.385341+00:00,scheduler,3,0,701.9,10240.0,53,157.596
2026-06-08T12:35:47.386061+00:00,scheduler,0,0,621.9,10240.0,33,23.116
2026-06-08T12:35:47.386061+00:00,scheduler,1,0,677.9,10240.0,56,105.974
2026-06-08T12:35:47.386061+00:00,scheduler,2,0,701.9,10240.0,50,97.812
2026-06-08T12:35:47.386061+00:00,scheduler,3,0,701.9,10240.0,50,98.817
2026-06-08T12:35:52.386918+00:00,scheduler,0,0,621.9,10240.0,33,22.949
2026-06-08T12:35:52.386918+00:00,scheduler,1,0,677.9,10240.0,55,103.193
2026-06-08T12:35:52.386918+00:00,scheduler,2,0,701.9,10240.0,49,93.507
2026-06-08T12:35:52.386918+00:00,scheduler,3,0,701.9,10240.0,49,98.494
2026-06-08T12:35:57.387598+00:00,scheduler,0,0,621.9,10240.0,33,22.939
2026-06-08T12:35:57.387598+00:00,scheduler,1,0,677.9,10240.0,54,102.964
2026-06-08T12:35:57.387598+00:00,scheduler,2,0,701.9,10240.0,48,92.97
2026-06-08T12:35:57.387598+00:00,scheduler,3,0,701.9,10240.0,48,98.313
2026-06-08T12:36:02.388257+00:00,scheduler,0,0,621.9,10240.0,33,23.028
2026-06-08T12:36:02.388257+00:00,scheduler,1,0,677.9,10240.0,48,49.039
2026-06-08T12:36:02.388257+00:00,scheduler,2,0,701.9,10240.0,44,40.501
2026-06-08T12:36:02.388257+00:00,scheduler,3,0,701.9,10240.0,42,28.121
2026-06-08T12:36:07.388878+00:00,scheduler,0,0,621.9,10240.0,33,23.038
2026-06-08T12:36:07.388878+00:00,scheduler,1,0,677.9,10240.0,46,25.357
2026-06-08T12:36:07.388878+00:00,scheduler,2,0,701.9,10240.0,42,19.935
2026-06-08T12:36:07.388878+00:00,scheduler,3,0,701.9,10240.0,40,27.656
2026-06-08T12:36:12.389478+00:00,scheduler,0,0,621.9,10240.0,33,22.962
2026-06-08T12:36:12.389478+00:00,scheduler,1,0,677.9,10240.0,45,25.051
2026-06-08T12:36:12.389478+00:00,scheduler,2,0,701.9,10240.0,40,19.782
2026-06-08T12:36:12.389478+00:00,scheduler,3,0,701.9,10240.0,39,27.513
2026-06-08T12:36:17.390338+00:00,scheduler,0,0,621.9,10240.0,33,22.857
2026-06-08T12:36:17.390338+00:00,scheduler,1,0,677.9,10240.0,44,24.981
2026-06-08T12:36:17.390338+00:00,scheduler,2,0,701.9,10240.0,39,19.534
2026-06-08T12:36:17.390338+00:00,scheduler,3,0,701.9,10240.0,38,27.638
2026-06-08T12:36:22.391132+00:00,scheduler,0,0,621.9,10240.0,33,23.06
2026-06-08T12:36:22.391132+00:00,scheduler,1,0,677.9,10240.0,43,25.077
2026-06-08T12:36:22.391132+00:00,scheduler,2,0,701.9,10240.0,39,19.58
2026-06-08T12:36:22.391132+00:00,scheduler,3,0,701.9,10240.0,38,27.464
2026-06-08T12:36:27.392057+00:00,scheduler,0,31,8349.9,10240.0,37,93.188
2026-06-08T12:36:27.392057+00:00,scheduler,1,0,677.9,10240.0,43,24.877
2026-06-08T12:36:27.392057+00:00,scheduler,2,0,701.9,10240.0,38,19.69
2026-06-08T12:36:27.392057+00:00,scheduler,3,0,701.9,10240.0,37,27.417
2026-06-08T12:36:32.392658+00:00,scheduler,0,10,8717.9,10240.0,38,93.064
2026-06-08T12:36:32.392658+00:00,scheduler,1,0,677.9,10240.0,42,24.906
2026-06-08T12:36:32.392658+00:00,scheduler,2,46,7555.9,10240.0,44,103.109
2026-06-08T12:36:32.392658+00:00,scheduler,3,0,701.9,10240.0,36,27.506
2026-06-08T12:36:37.393187+00:00,scheduler,0,36,8831.9,10240.0,39,111.295
2026-06-08T12:36:37.393187+00:00,scheduler,1,0,677.9,10240.0,42,25.085
2026-06-08T12:36:37.393187+00:00,scheduler,2,13,8721.9,10240.0,44,92.29
2026-06-08T12:36:37.393187+00:00,scheduler,3,0,701.9,10240.0,36,27.459
2026-06-08T12:36:42.393847+00:00,scheduler,0,100,8833.9,10240.0,52,319.7
2026-06-08T12:36:42.393847+00:00,scheduler,1,0,677.9,10240.0,41,25.091
2026-06-08T12:36:42.393847+00:00,scheduler,2,100,8837.9,10240.0,60,313.108
2026-06-08T12:36:42.393847+00:00,scheduler,3,0,701.9,10240.0,36,27.401
2026-06-08T12:36:47.394475+00:00,scheduler,0,100,8833.9,10240.0,54,319.58
2026-06-08T12:36:47.394475+00:00,scheduler,1,0,677.9,10240.0,41,25.267
2026-06-08T12:36:47.394475+00:00,scheduler,2,100,8837.9,10240.0,65,319.133
2026-06-08T12:36:47.394475+00:00,scheduler,3,11,8721.9,10240.0,44,117.211
2026-06-08T12:36:52.395046+00:00,scheduler,0,100,8833.9,10240.0,55,318.88
2026-06-08T12:36:52.395046+00:00,scheduler,1,0,677.9,10240.0,41,25.045
2026-06-08T12:36:52.395046+00:00,scheduler,2,100,8837.9,10240.0,66,311.214
2026-06-08T12:36:52.395046+00:00,scheduler,3,52,1095.9,10240.0,43,97.474
2026-06-08T12:36:57.395619+00:00,scheduler,0,100,8833.9,10240.0,56,318.056
2026-06-08T12:36:57.395619+00:00,scheduler,1,0,677.9,10240.0,40,25.034
2026-06-08T12:36:57.395619+00:00,scheduler,2,100,8837.9,10240.0,66,300.917
2026-06-08T12:36:57.395619+00:00,scheduler,3,100,8837.9,10240.0,66,318.859
2026-06-08T12:37:02.396398+00:00,scheduler,0,100,8833.9,10240.0,57,318.584
2026-06-08T12:37:02.396398+00:00,scheduler,1,0,677.9,10240.0,40,24.938
2026-06-08T12:37:02.396398+00:00,scheduler,2,100,8837.9,10240.0,67,295.862
2026-06-08T12:37:02.396398+00:00,scheduler,3,100,8837.9,10240.0,68,318.647
2026-06-08T12:37:07.396941+00:00,scheduler,0,100,8833.9,10240.0,58,318.66
2026-06-08T12:37:07.396941+00:00,scheduler,1,0,677.9,10240.0,40,24.831
2026-06-08T12:37:07.396941+00:00,scheduler,2,100,8837.9,10240.0,67,290.596
2026-06-08T12:37:07.396941+00:00,scheduler,3,100,8837.9,10240.0,70,319.04
2026-06-08T12:37:12.397486+00:00,scheduler,0,100,8833.9,10240.0,59,318.455
2026-06-08T12:37:12.397486+00:00,scheduler,1,0,677.9,10240.0,40,24.99
2026-06-08T12:37:12.397486+00:00,scheduler,2,100,8837.9,10240.0,68,287.088
2026-06-08T12:37:12.397486+00:00,scheduler,3,100,8837.9,10240.0,70,319.049
2026-06-08T12:37:17.398037+00:00,scheduler,0,100,8833.9,10240.0,60,318.891
2026-06-08T12:37:17.398037+00:00,scheduler,1,0,677.9,10240.0,39,25.038
2026-06-08T12:37:17.398037+00:00,scheduler,2,100,8837.9,10240.0,68,286.633
2026-06-08T12:37:17.398037+00:00,scheduler,3,100,8837.9,10240.0,71,319.165
2026-06-08T12:37:22.398619+00:00,scheduler,0,11,8833.9,10240.0,49,96.869
2026-06-08T12:37:22.398619+00:00,scheduler,1,0,677.9,10240.0,39,24.971
2026-06-08T12:37:22.398619+00:00,scheduler,2,100,8837.9,10240.0,68,283.721
2026-06-08T12:37:22.398619+00:00,scheduler,3,100,8837.9,10240.0,72,319.443
2026-06-08T12:37:27.399161+00:00,scheduler,0,0,701.9,10240.0,49,113.999
2026-06-08T12:37:27.399161+00:00,scheduler,1,0,677.9,10240.0,39,24.97
2026-06-08T12:37:27.399161+00:00,scheduler,2,13,8837.9,10240.0,53,97.472
2026-06-08T12:37:27.399161+00:00,scheduler,3,100,8837.9,10240.0,72,318.919
2026-06-08T12:37:32.399743+00:00,scheduler,0,0,701.9,10240.0,47,95.714
2026-06-08T12:37:32.399743+00:00,scheduler,1,0,677.9,10240.0,39,25.003
2026-06-08T12:37:32.399743+00:00,scheduler,2,0,699.9,10240.0,52,107.107
2026-06-08T12:37:32.399743+00:00,scheduler,3,100,8837.9,10240.0,73,318.729
2026-06-08T12:37:37.400579+00:00,scheduler,0,0,701.9,10240.0,46,95.512
2026-06-08T12:37:37.400579+00:00,scheduler,1,0,677.9,10240.0,39,24.81
2026-06-08T12:37:37.400579+00:00,scheduler,2,0,699.9,10240.0,50,94.22
2026-06-08T12:37:37.400579+00:00,scheduler,3,10,8837.9,10240.0,54,118.313
2026-06-08T12:37:42.401153+00:00,scheduler,0,0,701.9,10240.0,46,95.503
2026-06-08T12:37:42.401153+00:00,scheduler,1,35,4379.9,10240.0,44,69.856
2026-06-08T12:37:42.401153+00:00,scheduler,2,0,699.9,10240.0,49,94.514
2026-06-08T12:37:42.401153+00:00,scheduler,3,0,699.9,10240.0,53,154.885
2026-06-08T12:37:47.401747+00:00,scheduler,0,0,701.9,10240.0,41,23.725
2026-06-08T12:37:47.401747+00:00,scheduler,1,10,8697.9,10240.0,48,99.884
2026-06-08T12:37:47.401747+00:00,scheduler,2,0,699.9,10240.0,45,84.735
2026-06-08T12:37:47.401747+00:00,scheduler,3,0,699.9,10240.0,50,99.017
2026-06-08T12:37:52.402377+00:00,scheduler,0,0,701.9,10240.0,40,23.698
2026-06-08T12:37:52.402377+00:00,scheduler,1,39,7389.9,10240.0,51,125.81
2026-06-08T12:37:52.402377+00:00,scheduler,2,0,699.9,10240.0,42,20.269
2026-06-08T12:37:52.402377+00:00,scheduler,3,0,699.9,10240.0,49,99.599
2026-06-08T12:37:57.402926+00:00,scheduler,0,0,701.9,10240.0,39,23.499
2026-06-08T12:37:57.402926+00:00,scheduler,1,100,8813.9,10240.0,68,286.498
2026-06-08T12:37:57.402926+00:00,scheduler,2,0,699.9,10240.0,41,20.015
2026-06-08T12:37:57.402926+00:00,scheduler,3,0,699.9,10240.0,48,99.099
2026-06-08T12:38:02.403493+00:00,scheduler,0,0,701.9,10240.0,39,23.467
2026-06-08T12:38:02.403493+00:00,scheduler,1,100,8813.9,10240.0,69,277.979
2026-06-08T12:38:02.403493+00:00,scheduler,2,0,699.9,10240.0,40,19.748
2026-06-08T12:38:02.403493+00:00,scheduler,3,0,699.9,10240.0,42,28.083
2026-06-08T12:38:07.404057+00:00,scheduler,0,0,701.9,10240.0,38,23.459
2026-06-08T12:38:07.404057+00:00,scheduler,1,100,8813.9,10240.0,69,271.501
2026-06-08T12:38:07.404057+00:00,scheduler,2,0,699.9,10240.0,39,19.609
2026-06-08T12:38:07.404057+00:00,scheduler,3,0,699.9,10240.0,40,27.812
2026-06-08T12:38:12.404595+00:00,scheduler,0,0,701.9,10240.0,37,23.256
2026-06-08T12:38:12.404595+00:00,scheduler,1,100,8813.9,10240.0,69,267.306
2026-06-08T12:38:12.404595+00:00,scheduler,2,0,699.9,10240.0,38,19.561
2026-06-08T12:38:12.404595+00:00,scheduler,3,0,699.9,10240.0,39,27.753
2026-06-08T12:38:17.405163+00:00,scheduler,0,0,701.9,10240.0,37,23.195
2026-06-08T12:38:17.405163+00:00,scheduler,1,100,8813.9,10240.0,70,265.498
2026-06-08T12:38:17.405163+00:00,scheduler,2,0,699.9,10240.0,38,19.486
2026-06-08T12:38:17.405163+00:00,scheduler,3,36,4157.9,10240.0,42,60.222
2026-06-08T12:38:22.405721+00:00,scheduler,0,0,701.9,10240.0,36,23.177
2026-06-08T12:38:22.405721+00:00,scheduler,1,100,8813.9,10240.0,70,266.93
2026-06-08T12:38:22.405721+00:00,scheduler,2,0,699.9,10240.0,37,19.533
2026-06-08T12:38:22.405721+00:00,scheduler,3,10,8721.9,10240.0,45,97.94
2026-06-08T12:38:27.406275+00:00,scheduler,0,47,2171.9,10240.0,38,26.823
2026-06-08T12:38:27.406275+00:00,scheduler,1,100,8813.9,10240.0,71,264.467
2026-06-08T12:38:27.406275+00:00,scheduler,2,0,699.9,10240.0,36,19.524
2026-06-08T12:38:27.406275+00:00,scheduler,3,100,8837.9,10240.0,61,210.272
2026-06-08T12:38:32.407009+00:00,scheduler,0,11,8721.9,10240.0,41,95.8
2026-06-08T12:38:32.407009+00:00,scheduler,1,100,8813.9,10240.0,71,261.31
2026-06-08T12:38:32.407009+00:00,scheduler,2,38,4701.9,10240.0,40,67.776
2026-06-08T12:38:32.407009+00:00,scheduler,3,100,8837.9,10240.0,69,318.606
2026-06-08T12:38:37.407653+00:00,scheduler,0,36,6405.9,10240.0,42,111.958
2026-06-08T12:38:37.407653+00:00,scheduler,1,10,8813.9,10240.0,62,137.189
2026-06-08T12:38:37.407653+00:00,scheduler,2,12,8721.9,10240.0,43,97.921
2026-06-08T12:38:37.407653+00:00,scheduler,3,100,8837.9,10240.0,70,319.382
2026-06-08T12:38:42.408230+00:00,scheduler,0,100,8837.9,10240.0,54,318.95
2026-06-08T12:38:42.408230+00:00,scheduler,1,10,8813.9,10240.0,57,105.618
2026-06-08T12:38:42.408230+00:00,scheduler,2,100,8837.9,10240.0,59,275.177
2026-06-08T12:38:42.408230+00:00,scheduler,3,100,8837.9,10240.0,71,319.315
2026-06-08T12:38:47.410102+00:00,scheduler,0,100,8837.9,10240.0,56,319.009
2026-06-08T12:38:47.410102+00:00,scheduler,1,0,675.9,10240.0,57,110.618
2026-06-08T12:38:47.410102+00:00,scheduler,2,100,8837.9,10240.0,64,319.161
2026-06-08T12:38:47.410102+00:00,scheduler,3,100,8837.9,10240.0,71,318.742
2026-06-08T12:38:52.410836+00:00,scheduler,0,100,8837.9,10240.0,57,318.658
2026-06-08T12:38:52.410836+00:00,scheduler,1,0,675.9,10240.0,56,104.498
2026-06-08T12:38:52.410836+00:00,scheduler,2,100,8837.9,10240.0,65,311.245
2026-06-08T12:38:52.410836+00:00,scheduler,3,100,8837.9,10240.0,72,319.336
2026-06-08T12:38:57.411474+00:00,scheduler,0,100,8837.9,10240.0,58,318.576
2026-06-08T12:38:57.411474+00:00,scheduler,1,0,675.9,10240.0,55,104.045
2026-06-08T12:38:57.411474+00:00,scheduler,2,100,8837.9,10240.0,66,304.497
2026-06-08T12:38:57.411474+00:00,scheduler,3,100,8837.9,10240.0,72,319.272
2026-06-08T12:39:02.412034+00:00,scheduler,0,100,8837.9,10240.0,59,318.671
2026-06-08T12:39:02.412034+00:00,scheduler,1,0,675.9,10240.0,49,32.91
2026-06-08T12:39:02.412034+00:00,scheduler,2,100,8837.9,10240.0,67,296.747
2026-06-08T12:39:02.412034+00:00,scheduler,3,100,8837.9,10240.0,73,318.785
2026-06-08T12:39:07.412672+00:00,scheduler,0,100,8837.9,10240.0,59,318.379
2026-06-08T12:39:07.412672+00:00,scheduler,1,0,675.9,10240.0,46,25.451
2026-06-08T12:39:07.412672+00:00,scheduler,2,100,8837.9,10240.0,67,293.096
2026-06-08T12:39:07.412672+00:00,scheduler,3,100,8837.9,10240.0,73,319.123
2026-06-08T12:39:12.413222+00:00,scheduler,0,100,8837.9,10240.0,60,318.068
2026-06-08T12:39:12.413222+00:00,scheduler,1,0,675.9,10240.0,45,25.055
2026-06-08T12:39:12.413222+00:00,scheduler,2,100,8837.9,10240.0,67,288.475
2026-06-08T12:39:12.413222+00:00,scheduler,3,10,8837.9,10240.0,52,99.867
2026-06-08T12:39:17.413878+00:00,scheduler,0,100,8837.9,10240.0,61,318.439
2026-06-08T12:39:17.413878+00:00,scheduler,1,0,675.9,10240.0,44,25.187
2026-06-08T12:39:17.413878+00:00,scheduler,2,100,8837.9,10240.0,68,284.058
2026-06-08T12:39:17.413878+00:00,scheduler,3,0,699.9,10240.0,51,110.279
2026-06-08T12:39:22.414750+00:00,scheduler,0,11,8837.9,10240.0,50,97.658
2026-06-08T12:39:22.414750+00:00,scheduler,1,0,675.9,10240.0,44,25.298
2026-06-08T12:39:22.414750+00:00,scheduler,2,100,8837.9,10240.0,68,282.105
2026-06-08T12:39:22.414750+00:00,scheduler,3,0,699.9,10240.0,50,98.659
2026-06-08T12:39:27.415263+00:00,scheduler,0,0,699.9,10240.0,50,115.36
2026-06-08T12:39:27.415263+00:00,scheduler,1,0,675.9,10240.0,43,25.065
2026-06-08T12:39:27.415263+00:00,scheduler,2,13,8837.9,10240.0,53,98.237
2026-06-08T12:39:27.415263+00:00,scheduler,3,0,699.9,10240.0,49,98.388
2026-06-08T12:39:32.415831+00:00,scheduler,0,0,699.9,10240.0,48,96.317
2026-06-08T12:39:32.415831+00:00,scheduler,1,57,8697.9,10240.0,55,172.015
2026-06-08T12:39:32.415831+00:00,scheduler,2,0,699.9,10240.0,51,107.266
2026-06-08T12:39:32.415831+00:00,scheduler,3,0,699.9,10240.0,46,95.479
2026-06-08T12:39:37.416381+00:00,scheduler,0,0,699.9,10240.0,47,95.887
2026-06-08T12:39:37.416381+00:00,scheduler,1,37,3573.9,10240.0,54,115.25
2026-06-08T12:39:37.416381+00:00,scheduler,2,0,699.9,10240.0,49,93.776
2026-06-08T12:39:37.416381+00:00,scheduler,3,0,699.9,10240.0,42,28.017
2026-06-08T12:39:42.416942+00:00,scheduler,0,0,699.9,10240.0,46,95.424
2026-06-08T12:39:42.416942+00:00,scheduler,1,100,8813.9,10240.0,70,280.04
2026-06-08T12:39:42.416942+00:00,scheduler,2,0,699.9,10240.0,48,93.263
2026-06-08T12:39:42.416942+00:00,scheduler,3,0,699.9,10240.0,40,28.029
2026-06-08T12:39:47.417548+00:00,scheduler,0,0,699.9,10240.0,42,23.839
2026-06-08T12:39:47.417548+00:00,scheduler,1,100,8813.9,10240.0,70,268.002
2026-06-08T12:39:47.417548+00:00,scheduler,2,0,699.9,10240.0,45,78.823
2026-06-08T12:39:47.417548+00:00,scheduler,3,0,699.9,10240.0,39,27.815
2026-06-08T12:39:52.418106+00:00,scheduler,0,0,699.9,10240.0,41,23.581
2026-06-08T12:39:52.418106+00:00,scheduler,1,100,8813.9,10240.0,70,263.104
2026-06-08T12:39:52.418106+00:00,scheduler,2,0,699.9,10240.0,42,20.589
2026-06-08T12:39:52.418106+00:00,scheduler,3,0,699.9,10240.0,38,27.664
2026-06-08T12:39:57.418769+00:00,scheduler,0,0,699.9,10240.0,39,23.699
2026-06-08T12:39:57.418769+00:00,scheduler,1,100,8813.9,10240.0,70,260.623
2026-06-08T12:39:57.418769+00:00,scheduler,2,0,699.9,10240.0,40,20.044
2026-06-08T12:39:57.418769+00:00,scheduler,3,0,699.9,10240.0,38,27.556
2026-06-08T12:40:02.419411+00:00,scheduler,0,0,699.9,10240.0,39,23.505
2026-06-08T12:40:02.419411+00:00,scheduler,1,100,8813.9,10240.0,71,262.184
2026-06-08T12:40:02.419411+00:00,scheduler,2,0,699.9,10240.0,39,19.972
2026-06-08T12:40:02.419411+00:00,scheduler,3,0,699.9,10240.0,37,27.46
2026-06-08T12:40:07.421259+00:00,scheduler,0,0,699.9,10240.0,38,23.49
2026-06-08T12:40:07.421259+00:00,scheduler,1,100,8813.9,10240.0,71,257.236
2026-06-08T12:40:07.421259+00:00,scheduler,2,0,699.9,10240.0,39,19.789
2026-06-08T12:40:07.421259+00:00,scheduler,3,0,699.9,10240.0,36,27.588
2026-06-08T12:40:12.422092+00:00,scheduler,0,0,699.9,10240.0,37,23.229
2026-06-08T12:40:12.422092+00:00,scheduler,1,100,8813.9,10240.0,71,258.335
2026-06-08T12:40:12.422092+00:00,scheduler,2,0,699.9,10240.0,38,19.85
2026-06-08T12:40:12.422092+00:00,scheduler,3,0,699.9,10240.0,36,27.546
2026-06-08T12:40:17.425797+00:00,scheduler,0,0,699.9,10240.0,37,23.514
2026-06-08T12:40:17.425797+00:00,scheduler,1,100,8813.9,10240.0,72,258.582
2026-06-08T12:40:17.425797+00:00,scheduler,2,0,699.9,10240.0,37,19.891
2026-06-08T12:40:17.425797+00:00,scheduler,3,0,699.9,10240.0,36,27.478
2026-06-08T12:40:22.426496+00:00,scheduler,0,35,3925.9,10240.0,40,45.883
2026-06-08T12:40:22.426496+00:00,scheduler,1,100,8813.9,10240.0,72,258.394
2026-06-08T12:40:22.426496+00:00,scheduler,2,0,699.9,10240.0,37,19.499
2026-06-08T12:40:22.426496+00:00,scheduler,3,0,699.9,10240.0,35,27.42
2026-06-08T12:40:27.427161+00:00,scheduler,0,11,8721.9,10240.0,41,95.247
2026-06-08T12:40:27.427161+00:00,scheduler,1,11,8813.9,10240.0,58,106.324
2026-06-08T12:40:27.427161+00:00,scheduler,2,0,699.9,10240.0,36,19.375
2026-06-08T12:40:27.427161+00:00,scheduler,3,0,699.9,10240.0,35,27.26
2026-06-08T12:40:32.427898+00:00,scheduler,0,100,8837.9,10240.0,51,157.061
2026-06-08T12:40:32.427898+00:00,scheduler,1,0,675.9,10240.0,58,109.833
2026-06-08T12:40:32.427898+00:00,scheduler,2,0,699.9,10240.0,36,19.355
2026-06-08T12:40:32.427898+00:00,scheduler,3,0,699.9,10240.0,35,27.357
2026-06-08T12:40:37.428414+00:00,scheduler,0,100,8837.9,10240.0,55,318.992
2026-06-08T12:40:37.428414+00:00,scheduler,1,0,675.9,10240.0,57,104.597
2026-06-08T12:40:37.428414+00:00,scheduler,2,0,699.9,10240.0,36,19.446
2026-06-08T12:40:37.428414+00:00,scheduler,3,0,699.9,10240.0,35,27.528
2026-06-08T12:40:42.430656+00:00,scheduler,0,100,8837.9,10240.0,56,318.65
2026-06-08T12:40:42.430656+00:00,scheduler,1,0,675.9,10240.0,56,104.151
2026-06-08T12:40:42.430656+00:00,scheduler,2,0,699.9,10240.0,36,19.424
2026-06-08T12:40:42.430656+00:00,scheduler,3,0,699.9,10240.0,34,27.431
2026-06-08T12:40:47.432909+00:00,scheduler,0,100,8837.9,10240.0,57,318.557
2026-06-08T12:40:47.432909+00:00,scheduler,1,0,675.9,10240.0,49,45.902
2026-06-08T12:40:47.432909+00:00,scheduler,2,0,699.9,10240.0,35,19.508
2026-06-08T12:40:47.432909+00:00,scheduler,3,0,699.9,10240.0,34,27.354
2026-06-08T12:40:52.433559+00:00,scheduler,0,100,8837.9,10240.0,58,318.675
2026-06-08T12:40:52.433559+00:00,scheduler,1,0,675.9,10240.0,47,25.794
2026-06-08T12:40:52.433559+00:00,scheduler,2,0,699.9,10240.0,35,19.5
2026-06-08T12:40:52.433559+00:00,scheduler,3,0,699.9,10240.0,34,27.294
2026-06-08T12:40:57.434244+00:00,scheduler,0,100,8837.9,10240.0,59,318.992
2026-06-08T12:40:57.434244+00:00,scheduler,1,0,675.9,10240.0,46,25.866
2026-06-08T12:40:57.434244+00:00,scheduler,2,0,699.9,10240.0,35,19.44
2026-06-08T12:40:57.434244+00:00,scheduler,3,0,699.9,10240.0,34,27.362
2026-06-08T12:41:02.434816+00:00,scheduler,0,100,8837.9,10240.0,60,318.899
2026-06-08T12:41:02.434816+00:00,scheduler,1,0,675.9,10240.0,45,25.549
2026-06-08T12:41:02.434816+00:00,scheduler,2,0,699.9,10240.0,35,19.511
2026-06-08T12:41:02.434816+00:00,scheduler,3,0,699.9,10240.0,34,27.323
2026-06-08T12:41:07.435408+00:00,scheduler,0,100,8837.9,10240.0,60,318.713
2026-06-08T12:41:07.435408+00:00,scheduler,1,0,675.9,10240.0,44,25.428
2026-06-08T12:41:07.435408+00:00,scheduler,2,0,699.9,10240.0,35,19.403
2026-06-08T12:41:07.435408+00:00,scheduler,3,0,699.9,10240.0,34,27.341
2026-06-08T12:41:12.436070+00:00,scheduler,0,100,8837.9,10240.0,61,319.456
2026-06-08T12:41:12.436070+00:00,scheduler,1,0,675.9,10240.0,43,25.412
2026-06-08T12:41:12.436070+00:00,scheduler,2,0,699.9,10240.0,34,19.339
2026-06-08T12:41:12.436070+00:00,scheduler,3,0,699.9,10240.0,34,27.429
2026-06-08T12:41:17.438330+00:00,scheduler,0,11,8837.9,10240.0,50,98.844
2026-06-08T12:41:17.438330+00:00,scheduler,1,0,675.9,10240.0,43,25.072
2026-06-08T12:41:17.438330+00:00,scheduler,2,0,699.9,10240.0,34,18.839
2026-06-08T12:41:17.438330+00:00,scheduler,3,0,699.9,10240.0,34,27.224
2026-06-08T12:41:22.438983+00:00,scheduler,0,0,699.9,10240.0,49,101.705
2026-06-08T12:41:22.438983+00:00,scheduler,1,0,675.9,10240.0,42,24.924
2026-06-08T12:41:22.438983+00:00,scheduler,2,0,699.9,10240.0,34,18.919
2026-06-08T12:41:22.438983+00:00,scheduler,3,0,699.9,10240.0,33,27.244
2026-06-08T12:41:27.439617+00:00,scheduler,0,0,699.9,10240.0,48,97.463
2026-06-08T12:41:27.439617+00:00,scheduler,1,0,675.9,10240.0,42,24.92
2026-06-08T12:41:27.439617+00:00,scheduler,2,0,699.9,10240.0,34,18.663
2026-06-08T12:41:27.439617+00:00,scheduler,3,0,699.9,10240.0,33,27.241
2026-06-08T12:41:32.440351+00:00,scheduler,0,0,699.9,10240.0,47,96.885
2026-06-08T12:41:32.440351+00:00,scheduler,1,0,675.9,10240.0,41,25.019
2026-06-08T12:41:32.440351+00:00,scheduler,2,0,699.9,10240.0,34,18.731
2026-06-08T12:41:32.440351+00:00,scheduler,3,0,699.9,10240.0,33,27.12
2026-06-08T12:41:37.441041+00:00,scheduler,0,0,699.9,10240.0,43,45.125
2026-06-08T12:41:37.441041+00:00,scheduler,1,0,675.9,10240.0,41,24.973
2026-06-08T12:41:37.441041+00:00,scheduler,2,0,699.9,10240.0,34,18.655
2026-06-08T12:41:37.441041+00:00,scheduler,3,0,699.9,10240.0,33,27.174
2026-06-08T12:41:42.441617+00:00,scheduler,0,0,699.9,10240.0,41,23.77
2026-06-08T12:41:42.441617+00:00,scheduler,1,0,675.9,10240.0,41,24.957
2026-06-08T12:41:42.441617+00:00,scheduler,2,0,699.9,10240.0,34,18.871
2026-06-08T12:41:42.441617+00:00,scheduler,3,0,699.9,10240.0,33,27.197
2026-06-08T12:41:47.442329+00:00,scheduler,0,0,699.9,10240.0,40,23.697
2026-06-08T12:41:47.442329+00:00,scheduler,1,0,675.9,10240.0,41,24.804
2026-06-08T12:41:47.442329+00:00,scheduler,2,0,699.9,10240.0,34,18.55
2026-06-08T12:41:47.442329+00:00,scheduler,3,0,699.9,10240.0,33,27.342
2026-06-08T12:41:52.442934+00:00,scheduler,0,0,699.9,10240.0,39,23.503
2026-06-08T12:41:52.442934+00:00,scheduler,1,0,675.9,10240.0,40,24.928
2026-06-08T12:41:52.442934+00:00,scheduler,2,0,699.9,10240.0,34,18.66
2026-06-08T12:41:52.442934+00:00,scheduler,3,0,699.9,10240.0,33,27.172
2026-06-08T12:41:57.443517+00:00,scheduler,0,0,699.9,10240.0,38,23.526
2026-06-08T12:41:57.443517+00:00,scheduler,1,0,675.9,10240.0,40,24.829
2026-06-08T12:41:57.443517+00:00,scheduler,2,0,699.9,10240.0,34,18.725
2026-06-08T12:41:57.443517+00:00,scheduler,3,0,699.9,10240.0,33,27.145
2026-06-08T12:42:02.444075+00:00,scheduler,0,0,699.9,10240.0,38,23.565
2026-06-08T12:42:02.444075+00:00,scheduler,1,0,675.9,10240.0,40,24.884
2026-06-08T12:42:02.444075+00:00,scheduler,2,0,699.9,10240.0,34,18.805
2026-06-08T12:42:02.444075+00:00,scheduler,3,10,8721.9,10240.0,41,114.284
2026-06-08T12:42:07.444732+00:00,scheduler,0,0,699.9,10240.0,37,23.303
2026-06-08T12:42:07.444732+00:00,scheduler,1,0,675.9,10240.0,40,24.924
2026-06-08T12:42:07.444732+00:00,scheduler,2,0,699.9,10240.0,33,18.691
2026-06-08T12:42:07.444732+00:00,scheduler,3,9,887.9,10240.0,40,96.944
2026-06-08T12:42:12.445365+00:00,scheduler,0,0,699.9,10240.0,37,23.352
2026-06-08T12:42:12.445365+00:00,scheduler,1,0,675.9,10240.0,39,25.026
2026-06-08T12:42:12.445365+00:00,scheduler,2,0,699.9,10240.0,33,19.158
2026-06-08T12:42:12.445365+00:00,scheduler,3,100,8837.9,10240.0,64,318.873
2026-06-08T12:42:17.445999+00:00,scheduler,0,0,699.9,10240.0,36,23.407
2026-06-08T12:42:17.445999+00:00,scheduler,1,0,675.9,10240.0,39,25.08
2026-06-08T12:42:17.445999+00:00,scheduler,2,0,699.9,10240.0,33,19.149
2026-06-08T12:42:17.445999+00:00,scheduler,3,100,8837.9,10240.0,68,319.619
2026-06-08T12:42:22.446615+00:00,scheduler,0,0,699.9,10240.0,36,23.289
2026-06-08T12:42:22.446615+00:00,scheduler,1,0,675.9,10240.0,39,25.187
2026-06-08T12:42:22.446615+00:00,scheduler,2,0,699.9,10240.0,33,19.072
2026-06-08T12:42:22.446615+00:00,scheduler,3,100,8837.9,10240.0,69,318.628
2026-06-08T12:42:27.448415+00:00,scheduler,0,0,699.9,10240.0,36,23.207
2026-06-08T12:42:27.448415+00:00,scheduler,1,0,675.9,10240.0,39,25.087
2026-06-08T12:42:27.448415+00:00,scheduler,2,0,699.9,10240.0,33,19.026
2026-06-08T12:42:27.448415+00:00,scheduler,3,100,8837.9,10240.0,69,319.166
2026-06-08T12:42:32.448955+00:00,scheduler,0,0,699.9,10240.0,35,23.139
2026-06-08T12:42:32.448955+00:00,scheduler,1,0,675.9,10240.0,39,25.043
2026-06-08T12:42:32.448955+00:00,scheduler,2,0,699.9,10240.0,33,19.133
2026-06-08T12:42:32.448955+00:00,scheduler,3,100,8837.9,10240.0,70,318.696
2026-06-08T12:42:37.449593+00:00,scheduler,0,0,699.9,10240.0,35,23.058
2026-06-08T12:42:37.449593+00:00,scheduler,1,0,675.9,10240.0,39,25.077
2026-06-08T12:42:37.449593+00:00,scheduler,2,0,699.9,10240.0,33,18.968
2026-06-08T12:42:37.449593+00:00,scheduler,3,100,8837.9,10240.0,70,318.561
2026-06-08T12:42:42.451578+00:00,scheduler,0,0,699.9,10240.0,35,23.199
2026-06-08T12:42:42.451578+00:00,scheduler,1,0,675.9,10240.0,38,25.055
2026-06-08T12:42:42.451578+00:00,scheduler,2,0,699.9,10240.0,33,19.035
2026-06-08T12:42:42.451578+00:00,scheduler,3,100,8837.9,10240.0,71,318.162
2026-06-08T12:42:47.452225+00:00,scheduler,0,0,699.9,10240.0,35,23.035
2026-06-08T12:42:47.452225+00:00,scheduler,1,0,675.9,10240.0,38,24.959
2026-06-08T12:42:47.452225+00:00,scheduler,2,0,699.9,10240.0,33,19.107
2026-06-08T12:42:47.452225+00:00,scheduler,3,100,8837.9,10240.0,72,318.707
2026-06-08T12:42:52.452852+00:00,scheduler,0,0,699.9,10240.0,35,23.027
2026-06-08T12:42:52.452852+00:00,scheduler,1,0,675.9,10240.0,38,24.778
2026-06-08T12:42:52.452852+00:00,scheduler,2,0,699.9,10240.0,33,18.747
2026-06-08T12:42:52.452852+00:00,scheduler,3,10,8837.9,10240.0,55,125.556
2026-06-08T12:42:57.453525+00:00,scheduler,0,0,699.9,10240.0,35,23.167
2026-06-08T12:42:57.453525+00:00,scheduler,1,0,675.9,10240.0,38,24.79
2026-06-08T12:42:57.453525+00:00,scheduler,2,0,699.9,10240.0,33,18.717
2026-06-08T12:42:57.453525+00:00,scheduler,3,100,765.9,10240.0,58,120.355
2026-06-08T12:43:02.455350+00:00,scheduler,0,0,699.9,10240.0,34,23.164
2026-06-08T12:43:02.455350+00:00,scheduler,1,0,675.9,10240.0,38,24.658
2026-06-08T12:43:02.455350+00:00,scheduler,2,0,699.9,10240.0,33,18.588
2026-06-08T12:43:02.455350+00:00,scheduler,3,0,699.9,10240.0,50,99.391
2026-06-08T12:43:07.455949+00:00,scheduler,0,0,699.9,10240.0,34,23.102
2026-06-08T12:43:07.455949+00:00,scheduler,1,0,675.9,10240.0,38,24.644
2026-06-08T12:43:07.455949+00:00,scheduler,2,0,699.9,10240.0,33,18.56
2026-06-08T12:43:07.455949+00:00,scheduler,3,0,699.9,10240.0,49,99.147
2026-06-08T12:43:12.456557+00:00,scheduler,0,0,699.9,10240.0,34,23.078
2026-06-08T12:43:12.456557+00:00,scheduler,1,0,675.9,10240.0,38,24.617
2026-06-08T12:43:12.456557+00:00,scheduler,2,0,699.9,10240.0,33,18.687
2026-06-08T12:43:12.456557+00:00,scheduler,3,0,699.9,10240.0,48,99.777
2026-06-08T12:43:17.457242+00:00,scheduler,0,0,699.9,10240.0,34,23.224
2026-06-08T12:43:17.457242+00:00,scheduler,1,0,675.9,10240.0,38,24.778
2026-06-08T12:43:17.457242+00:00,scheduler,2,0,699.9,10240.0,33,18.62
2026-06-08T12:43:17.457242+00:00,scheduler,3,0,699.9,10240.0,43,29.445
2026-06-08T12:43:22.457863+00:00,scheduler,0,0,699.9,10240.0,34,23.065
2026-06-08T12:43:22.457863+00:00,scheduler,1,0,675.9,10240.0,38,24.673
2026-06-08T12:43:22.457863+00:00,scheduler,2,0,699.9,10240.0,33,18.691
2026-06-08T12:43:22.457863+00:00,scheduler,3,0,699.9,10240.0,41,27.83
2026-06-08T12:43:27.458467+00:00,scheduler,0,11,8721.9,10240.0,40,159.699
2026-06-08T12:43:27.458467+00:00,scheduler,1,0,675.9,10240.0,38,24.692
2026-06-08T12:43:27.458467+00:00,scheduler,2,0,699.9,10240.0,33,18.765
2026-06-08T12:43:27.458467+00:00,scheduler,3,0,699.9,10240.0,40,27.676
2026-06-08T12:43:32.459050+00:00,scheduler,0,11,8721.9,10240.0,39,93.342
2026-06-08T12:43:32.459050+00:00,scheduler,1,0,675.9,10240.0,37,24.705
2026-06-08T12:43:32.459050+00:00,scheduler,2,0,699.9,10240.0,33,18.827
2026-06-08T12:43:32.459050+00:00,scheduler,3,0,699.9,10240.0,39,27.671
2026-06-08T12:43:37.459682+00:00,scheduler,0,100,8837.9,10240.0,52,319.271
2026-06-08T12:43:37.459682+00:00,scheduler,1,0,675.9,10240.0,37,24.776
2026-06-08T12:43:37.459682+00:00,scheduler,2,0,699.9,10240.0,33,19.218
2026-06-08T12:43:37.459682+00:00,scheduler,3,37,6117.9,10240.0,43,80.447
2026-06-08T12:43:42.460244+00:00,scheduler,0,100,8837.9,10240.0,54,318.692
2026-06-08T12:43:42.460244+00:00,scheduler,1,0,675.9,10240.0,37,24.894
2026-06-08T12:43:42.460244+00:00,scheduler,2,0,699.9,10240.0,33,19.225
2026-06-08T12:43:42.460244+00:00,scheduler,3,11,8721.9,10240.0,45,98.599
2026-06-08T12:43:47.460827+00:00,scheduler,0,100,8837.9,10240.0,55,318.677
2026-06-08T12:43:47.460827+00:00,scheduler,1,0,675.9,10240.0,37,24.977
2026-06-08T12:43:47.460827+00:00,scheduler,2,0,699.9,10240.0,33,19.143
2026-06-08T12:43:47.460827+00:00,scheduler,3,100,8837.9,10240.0,65,319.076
2026-06-08T12:43:52.461573+00:00,scheduler,0,100,8837.9,10240.0,56,318.523
2026-06-08T12:43:52.461573+00:00,scheduler,1,73,8697.9,10240.0,55,148.919
2026-06-08T12:43:52.461573+00:00,scheduler,2,0,699.9,10240.0,33,19.159
2026-06-08T12:43:52.461573+00:00,scheduler,3,100,8837.9,10240.0,69,318.5
2026-06-08T12:43:57.462244+00:00,scheduler,0,100,8837.9,10240.0,57,318.488
2026-06-08T12:43:57.462244+00:00,scheduler,1,10,971.9,10240.0,47,100.216
2026-06-08T12:43:57.462244+00:00,scheduler,2,0,699.9,10240.0,33,19.33
2026-06-08T12:43:57.462244+00:00,scheduler,3,100,8837.9,10240.0,70,318.864
2026-06-08T12:44:02.462794+00:00,scheduler,0,100,8837.9,10240.0,58,318.122
2026-06-08T12:44:02.462794+00:00,scheduler,1,100,8813.9,10240.0,68,312.92
2026-06-08T12:44:02.462794+00:00,scheduler,2,35,6709.9,10240.0,38,96.644
2026-06-08T12:44:02.462794+00:00,scheduler,3,100,8837.9,10240.0,71,318.596
2026-06-08T12:44:07.463401+00:00,scheduler,0,100,8837.9,10240.0,59,318.519
2026-06-08T12:44:07.463401+00:00,scheduler,1,100,8813.9,10240.0,68,281.597
2026-06-08T12:44:07.463401+00:00,scheduler,2,13,8721.9,10240.0,39,90.698
2026-06-08T12:44:07.463401+00:00,scheduler,3,100,8837.9,10240.0,72,319.037
2026-06-08T12:44:12.463950+00:00,scheduler,0,100,8837.9,10240.0,60,318.995
2026-06-08T12:44:12.463950+00:00,scheduler,1,100,8813.9,10240.0,68,281.021
2026-06-08T12:44:12.463950+00:00,scheduler,2,100,8837.9,10240.0,57,318.827
2026-06-08T12:44:12.463950+00:00,scheduler,3,100,8837.9,10240.0,72,318.766
2026-06-08T12:44:17.464592+00:00,scheduler,0,10,8837.9,10240.0,52,115.87
2026-06-08T12:44:17.464592+00:00,scheduler,1,100,8813.9,10240.0,68,275.53
2026-06-08T12:44:17.464592+00:00,scheduler,2,100,8837.9,10240.0,61,318.876
2026-06-08T12:44:17.464592+00:00,scheduler,3,100,8837.9,10240.0,72,317.988
2026-06-08T12:44:22.465181+00:00,scheduler,0,76,2979.9,10240.0,53,101.7
2026-06-08T12:44:22.465181+00:00,scheduler,1,100,8813.9,10240.0,69,272.414
2026-06-08T12:44:22.465181+00:00,scheduler,2,100,8837.9,10240.0,63,318.645
2026-06-08T12:44:22.465181+00:00,scheduler,3,100,8837.9,10240.0,73,318.309
2026-06-08T12:44:27.465843+00:00,scheduler,0,0,699.9,10240.0,48,96.105
2026-06-08T12:44:27.465843+00:00,scheduler,1,100,8813.9,10240.0,69,269.676
2026-06-08T12:44:27.465843+00:00,scheduler,2,100,8837.9,10240.0,65,315.918
2026-06-08T12:44:27.465843+00:00,scheduler,3,16,8837.9,10240.0,60,188.792
2026-06-08T12:44:32.466735+00:00,scheduler,0,0,699.9,10240.0,47,95.623
2026-06-08T12:44:32.466735+00:00,scheduler,1,100,8813.9,10240.0,70,264.956
2026-06-08T12:44:32.466735+00:00,scheduler,2,100,8837.9,10240.0,65,299.9
2026-06-08T12:44:32.466735+00:00,scheduler,3,10,8837.9,10240.0,52,99.568
2026-06-08T12:44:37.467492+00:00,scheduler,0,0,699.9,10240.0,46,95.183
2026-06-08T12:44:37.467492+00:00,scheduler,1,100,8813.9,10240.0,70,263.967
2026-06-08T12:44:37.467492+00:00,scheduler,2,100,8837.9,10240.0,66,295.667
2026-06-08T12:44:37.467492+00:00,scheduler,3,0,699.9,10240.0,51,103.38
2026-06-08T12:44:42.468359+00:00,scheduler,0,0,699.9,10240.0,42,25.602
2026-06-08T12:44:42.468359+00:00,scheduler,1,100,8813.9,10240.0,71,264.533
2026-06-08T12:44:42.468359+00:00,scheduler,2,100,8837.9,10240.0,67,296.409
2026-06-08T12:44:42.468359+00:00,scheduler,3,0,699.9,10240.0,49,98.879
2026-06-08T12:44:47.469268+00:00,scheduler,0,0,699.9,10240.0,41,23.653
2026-06-08T12:44:47.469268+00:00,scheduler,1,10,8813.9,10240.0,57,106.001
2026-06-08T12:44:47.469268+00:00,scheduler,2,100,8837.9,10240.0,67,291.057
2026-06-08T12:44:47.469268+00:00,scheduler,3,0,699.9,10240.0,49,99.479
2026-06-08T12:44:52.469926+00:00,scheduler,0,0,699.9,10240.0,40,23.743
2026-06-08T12:44:52.469926+00:00,scheduler,1,0,675.9,10240.0,56,110.134
2026-06-08T12:44:52.469926+00:00,scheduler,2,100,8837.9,10240.0,68,287.258
2026-06-08T12:44:52.469926+00:00,scheduler,3,0,699.9,10240.0,43,29.952
2026-06-08T12:44:57.470680+00:00,scheduler,0,0,699.9,10240.0,39,23.5
2026-06-08T12:44:57.470680+00:00,scheduler,1,0,675.9,10240.0,55,104.045
2026-06-08T12:44:57.470680+00:00,scheduler,2,12,8837.9,10240.0,51,95.733
2026-06-08T12:44:57.470680+00:00,scheduler,3,0,699.9,10240.0,41,27.985
2026-06-08T12:45:02.471390+00:00,scheduler,0,0,699.9,10240.0,38,23.326
2026-06-08T12:45:02.471390+00:00,scheduler,1,0,675.9,10240.0,55,103.706
2026-06-08T12:45:02.471390+00:00,scheduler,2,0,699.9,10240.0,51,103.984
2026-06-08T12:45:02.471390+00:00,scheduler,3,0,699.9,10240.0,40,27.94
2026-06-08T12:45:07.472105+00:00,scheduler,0,52,2665.9,10240.0,40,29.554
2026-06-08T12:45:07.472105+00:00,scheduler,1,0,675.9,10240.0,49,45.137
2026-06-08T12:45:07.472105+00:00,scheduler,2,0,699.9,10240.0,49,93.938
2026-06-08T12:45:07.472105+00:00,scheduler,3,0,699.9,10240.0,39,27.802
2026-06-08T12:45:12.473026+00:00,scheduler,0,11,8721.9,10240.0,43,107.597
2026-06-08T12:45:12.473026+00:00,scheduler,1,0,675.9,10240.0,46,25.496
2026-06-08T12:45:12.473026+00:00,scheduler,2,0,699.9,10240.0,48,93.63
2026-06-08T12:45:12.473026+00:00,scheduler,3,0,699.9,10240.0,38,27.766
2026-06-08T12:45:17.473740+00:00,scheduler,0,100,8837.9,10240.0,53,233.727
2026-06-08T12:45:17.473740+00:00,scheduler,1,0,675.9,10240.0,45,25.4
2026-06-08T12:45:17.473740+00:00,scheduler,2,0,699.9,10240.0,44,59.088
2026-06-08T12:45:17.473740+00:00,scheduler,3,19,8721.9,10240.0,46,165.453
2026-06-08T12:45:22.474363+00:00,scheduler,0,100,8837.9,10240.0,56,318.804
2026-06-08T12:45:22.474363+00:00,scheduler,1,0,675.9,10240.0,44,25.484
2026-06-08T12:45:22.474363+00:00,scheduler,2,0,699.9,10240.0,42,20.417
2026-06-08T12:45:22.474363+00:00,scheduler,3,34,4065.9,10240.0,46,111.291
2026-06-08T12:45:27.474931+00:00,scheduler,0,100,8837.9,10240.0,57,318.354
2026-06-08T12:45:27.474931+00:00,scheduler,1,0,675.9,10240.0,44,25.348
2026-06-08T12:45:27.474931+00:00,scheduler,2,0,699.9,10240.0,40,20.192
2026-06-08T12:45:27.474931+00:00,scheduler,3,100,8837.9,10240.0,67,318.984
2026-06-08T12:45:32.475510+00:00,scheduler,0,100,8837.9,10240.0,58,318.597
2026-06-08T12:45:32.475510+00:00,scheduler,1,0,675.9,10240.0,43,25.253
2026-06-08T12:45:32.475510+00:00,scheduler,2,0,699.9,10240.0,39,19.805
2026-06-08T12:45:32.475510+00:00,scheduler,3,100,8837.9,10240.0,69,319.431
2026-06-08T12:45:37.476180+00:00,scheduler,0,100,8837.9,10240.0,59,318.493
2026-06-08T12:45:37.476180+00:00,scheduler,1,0,675.9,10240.0,43,25.262
2026-06-08T12:45:37.476180+00:00,scheduler,2,0,699.9,10240.0,39,19.705
2026-06-08T12:45:37.476180+00:00,scheduler,3,100,8837.9,10240.0,70,319.029
2026-06-08T12:45:42.476785+00:00,scheduler,0,100,8837.9,10240.0,59,318.663
2026-06-08T12:45:42.476785+00:00,scheduler,1,0,675.9,10240.0,42,25.193
2026-06-08T12:45:42.476785+00:00,scheduler,2,0,699.9,10240.0,38,19.69
2026-06-08T12:45:42.476785+00:00,scheduler,3,100,8837.9,10240.0,71,319.013
2026-06-08T12:45:47.477420+00:00,scheduler,0,100,8837.9,10240.0,60,318.738
2026-06-08T12:45:47.477420+00:00,scheduler,1,0,675.9,10240.0,42,25.221
2026-06-08T12:45:47.477420+00:00,scheduler,2,0,699.9,10240.0,37,19.615
2026-06-08T12:45:47.477420+00:00,scheduler,3,100,8837.9,10240.0,72,319.371
2026-06-08T12:45:52.477993+00:00,scheduler,0,100,8837.9,10240.0,61,318.405
2026-06-08T12:45:52.477993+00:00,scheduler,1,0,675.9,10240.0,42,25.213
2026-06-08T12:45:52.477993+00:00,scheduler,2,0,699.9,10240.0,37,19.482
2026-06-08T12:45:52.477993+00:00,scheduler,3,100,8837.9,10240.0,72,318.711
2026-06-08T12:45:57.478662+00:00,scheduler,0,100,8837.9,10240.0,61,318.64
2026-06-08T12:45:57.478662+00:00,scheduler,1,0,675.9,10240.0,41,25.288
2026-06-08T12:45:57.478662+00:00,scheduler,2,42,3333.9,10240.0,40,37.98
2026-06-08T12:45:57.478662+00:00,scheduler,3,100,8837.9,10240.0,72,318.602
2026-06-08T12:46:02.479220+00:00,scheduler,0,10,8837.9,10240.0,50,97.368
2026-06-08T12:46:02.479220+00:00,scheduler,1,0,675.9,10240.0,41,25.163
2026-06-08T12:46:02.479220+00:00,scheduler,2,13,8721.9,10240.0,44,112.0
2026-06-08T12:46:02.479220+00:00,scheduler,3,100,8837.9,10240.0,73,319.321
2026-06-08T12:46:07.479977+00:00,scheduler,0,0,699.9,10240.0,49,101.83
2026-06-08T12:46:07.479977+00:00,scheduler,1,0,675.9,10240.0,41,25.135
2026-06-08T12:46:07.479977+00:00,scheduler,2,100,8837.9,10240.0,59,320.469
2026-06-08T12:46:07.479977+00:00,scheduler,3,11,8837.9,10240.0,54,108.232
2026-06-08T12:46:12.480736+00:00,scheduler,0,0,699.9,10240.0,48,96.181
2026-06-08T12:46:12.480736+00:00,scheduler,1,0,675.9,10240.0,40,25.414
2026-06-08T12:46:12.480736+00:00,scheduler,2,100,8837.9,10240.0,64,318.069
2026-06-08T12:46:12.480736+00:00,scheduler,3,0,699.9,10240.0,53,125.633
2026-06-08T12:46:17.481432+00:00,scheduler,0,0,699.9,10240.0,47,95.686
2026-06-08T12:46:17.481432+00:00,scheduler,1,0,675.9,10240.0,40,25.033
2026-06-08T12:46:17.481432+00:00,scheduler,2,100,8837.9,10240.0,65,307.859
2026-06-08T12:46:17.481432+00:00,scheduler,3,0,699.9,10240.0,50,99.058
2026-06-08T12:46:22.482176+00:00,scheduler,0,0,699.9,10240.0,43,73.096
2026-06-08T12:46:22.482176+00:00,scheduler,1,0,675.9,10240.0,40,25.086
2026-06-08T12:46:22.482176+00:00,scheduler,2,100,8837.9,10240.0,66,303.982
2026-06-08T12:46:22.482176+00:00,scheduler,3,0,699.9,10240.0,49,99.318
2026-06-08T12:46:27.482792+00:00,scheduler,0,0,699.9,10240.0,41,23.824
2026-06-08T12:46:27.482792+00:00,scheduler,1,45,3969.9,10240.0,44,53.104
2026-06-08T12:46:27.482792+00:00,scheduler,2,100,8837.9,10240.0,67,294.975
2026-06-08T12:46:27.482792+00:00,scheduler,3,0,699.9,10240.0,48,99.144
2026-06-08T12:46:32.483369+00:00,scheduler,0,0,699.9,10240.0,40,23.679
2026-06-08T12:46:32.483369+00:00,scheduler,1,11,8697.9,10240.0,50,115.094
2026-06-08T12:46:32.483369+00:00,scheduler,2,100,8837.9,10240.0,67,296.893
2026-06-08T12:46:32.483369+00:00,scheduler,3,0,699.9,10240.0,42,28.084
2026-06-08T12:46:37.483994+00:00,scheduler,0,0,699.9,10240.0,39,23.509
2026-06-08T12:46:37.483994+00:00,scheduler,1,100,8813.9,10240.0,70,314.391
2026-06-08T12:46:37.483994+00:00,scheduler,2,100,8837.9,10240.0,68,290.562
2026-06-08T12:46:37.483994+00:00,scheduler,3,0,699.9,10240.0,40,27.824
2026-06-08T12:46:42.484634+00:00,scheduler,0,0,699.9,10240.0,39,23.234
2026-06-08T12:46:42.484634+00:00,scheduler,1,100,8813.9,10240.0,69,277.17
2026-06-08T12:46:42.484634+00:00,scheduler,2,100,8837.9,10240.0,68,289.201
2026-06-08T12:46:42.484634+00:00,scheduler,3,0,699.9,10240.0,39,27.966
2026-06-08T12:46:47.485210+00:00,scheduler,0,0,699.9,10240.0,38,23.169
2026-06-08T12:46:47.485210+00:00,scheduler,1,100,8813.9,10240.0,69,271.754
2026-06-08T12:46:47.485210+00:00,scheduler,2,100,8837.9,10240.0,68,284.201
2026-06-08T12:46:47.485210+00:00,scheduler,3,0,699.9,10240.0,38,27.832
2026-06-08T12:46:52.485874+00:00,scheduler,0,0,699.9,10240.0,37,23.277
2026-06-08T12:46:52.485874+00:00,scheduler,1,100,8813.9,10240.0,69,267.513
2026-06-08T12:46:52.485874+00:00,scheduler,2,14,8837.9,10240.0,52,97.85
2026-06-08T12:46:52.485874+00:00,scheduler,3,0,699.9,10240.0,38,27.577
2026-06-08T12:46:57.486506+00:00,scheduler,0,0,699.9,10240.0,37,23.2
2026-06-08T12:46:57.486506+00:00,scheduler,1,100,8813.9,10240.0,70,268.047
2026-06-08T12:46:57.486506+00:00,scheduler,2,0,699.9,10240.0,51,108.721
2026-06-08T12:46:57.486506+00:00,scheduler,3,0,699.9,10240.0,37,27.58
2026-06-08T12:47:02.487072+00:00,scheduler,0,0,699.9,10240.0,36,23.252
2026-06-08T12:47:02.487072+00:00,scheduler,1,100,8813.9,10240.0,70,262.111
2026-06-08T12:47:02.487072+00:00,scheduler,2,0,699.9,10240.0,49,93.737
2026-06-08T12:47:02.487072+00:00,scheduler,3,0,699.9,10240.0,37,27.511
2026-06-08T12:47:07.487770+00:00,scheduler,0,0,699.9,10240.0,36,23.331
2026-06-08T12:47:07.487770+00:00,scheduler,1,100,8813.9,10240.0,71,262.858
2026-06-08T12:47:07.487770+00:00,scheduler,2,0,699.9,10240.0,48,93.118
2026-06-08T12:47:07.487770+00:00,scheduler,3,0,699.9,10240.0,36,27.348
2026-06-08T12:47:12.488441+00:00,scheduler,0,49,8721.9,10240.0,42,126.822
2026-06-08T12:47:12.488441+00:00,scheduler,1,100,8813.9,10240.0,71,261.324
2026-06-08T12:47:12.488441+00:00,scheduler,2,0,699.9,10240.0,44,67.008
2026-06-08T12:47:12.488441+00:00,scheduler,3,0,699.9,10240.0,36,27.45
2026-06-08T12:47:17.489034+00:00,scheduler,0,41,7341.9,10240.0,42,111.566
2026-06-08T12:47:17.489034+00:00,scheduler,1,100,8813.9,10240.0,71,257.657
2026-06-08T12:47:17.489034+00:00,scheduler,2,0,699.9,10240.0,42,20.604
2026-06-08T12:47:17.489034+00:00,scheduler,3,0,699.9,10240.0,35,27.491
2026-06-08T12:47:22.489619+00:00,scheduler,0,100,8837.9,10240.0,54,318.974
2026-06-08T12:47:22.489619+00:00,scheduler,1,10,8813.9,10240.0,58,106.626
2026-06-08T12:47:22.489619+00:00,scheduler,2,0,699.9,10240.0,40,20.113
2026-06-08T12:47:22.489619+00:00,scheduler,3,0,699.9,10240.0,35,27.455
2026-06-08T12:47:27.490342+00:00,scheduler,0,100,8837.9,10240.0,56,318.133
2026-06-08T12:47:27.490342+00:00,scheduler,1,0,675.9,10240.0,60,132.391
2026-06-08T12:47:27.490342+00:00,scheduler,2,0,699.9,10240.0,39,19.983
2026-06-08T12:47:27.490342+00:00,scheduler,3,0,699.9,10240.0,35,27.259
2026-06-08T12:47:32.490995+00:00,scheduler,0,100,8837.9,10240.0,57,319.499
2026-06-08T12:47:32.490995+00:00,scheduler,1,0,675.9,10240.0,56,104.385
2026-06-08T12:47:32.490995+00:00,scheduler,2,0,699.9,10240.0,38,19.942
2026-06-08T12:47:32.490995+00:00,scheduler,3,0,699.9,10240.0,35,27.27
2026-06-08T12:47:37.491570+00:00,scheduler,0,100,8837.9,10240.0,58,319.179
2026-06-08T12:47:37.491570+00:00,scheduler,1,0,675.9,10240.0,56,103.788
2026-06-08T12:47:37.491570+00:00,scheduler,2,0,699.9,10240.0,38,19.911
2026-06-08T12:47:37.491570+00:00,scheduler,3,0,699.9,10240.0,34,27.318
2026-06-08T12:47:42.492191+00:00,scheduler,0,100,8837.9,10240.0,59,319.032
2026-06-08T12:47:42.492191+00:00,scheduler,1,0,675.9,10240.0,55,103.558
2026-06-08T12:47:42.492191+00:00,scheduler,2,0,699.9,10240.0,37,19.917
2026-06-08T12:47:42.492191+00:00,scheduler,3,0,699.9,10240.0,34,27.191
2026-06-08T12:47:47.493037+00:00,scheduler,0,100,8837.9,10240.0,59,318.915
2026-06-08T12:47:47.493037+00:00,scheduler,1,0,675.9,10240.0,47,25.564
2026-06-08T12:47:47.493037+00:00,scheduler,2,56,4933.9,10240.0,42,45.243
2026-06-08T12:47:47.493037+00:00,scheduler,3,0,699.9,10240.0,34,27.198
2026-06-08T12:47:52.493736+00:00,scheduler,0,100,8837.9,10240.0,60,318.486
2026-06-08T12:47:52.493736+00:00,scheduler,1,0,675.9,10240.0,46,25.252
2026-06-08T12:47:52.493736+00:00,scheduler,2,13,8721.9,10240.0,44,102.858
2026-06-08T12:47:52.493736+00:00,scheduler,3,0,699.9,10240.0,34,27.241
2026-06-08T12:47:57.494467+00:00,scheduler,0,100,8837.9,10240.0,60,318.379
2026-06-08T12:47:57.494467+00:00,scheduler,1,0,675.9,10240.0,45,25.797
2026-06-08T12:47:57.494467+00:00,scheduler,2,100,8837.9,10240.0,61,318.829
2026-06-08T12:47:57.494467+00:00,scheduler,3,0,699.9,10240.0,34,27.216
2026-06-08T12:48:02.495028+00:00,scheduler,0,11,8837.9,10240.0,50,97.493
2026-06-08T12:48:02.495028+00:00,scheduler,1,0,675.9,10240.0,44,25.27
2026-06-08T12:48:02.495028+00:00,scheduler,2,100,8837.9,10240.0,65,318.217
2026-06-08T12:48:02.495028+00:00,scheduler,3,0,699.9,10240.0,34,27.208
2026-06-08T12:48:07.495757+00:00,scheduler,0,0,699.9,10240.0,49,103.08
2026-06-08T12:48:07.495757+00:00,scheduler,1,0,675.9,10240.0,43,25.489
2026-06-08T12:48:07.495757+00:00,scheduler,2,100,8837.9,10240.0,66,311.158
2026-06-08T12:48:07.495757+00:00,scheduler,3,0,699.9,10240.0,34,27.406
2026-06-08T12:48:12.496503+00:00,scheduler,0,0,699.9,10240.0,48,97.077
2026-06-08T12:48:12.496503+00:00,scheduler,1,0,675.9,10240.0,43,25.338
2026-06-08T12:48:12.496503+00:00,scheduler,2,100,8837.9,10240.0,67,303.38
2026-06-08T12:48:12.496503+00:00,scheduler,3,0,699.9,10240.0,34,27.435
2026-06-08T12:48:17.497160+00:00,scheduler,0,0,699.9,10240.0,47,96.593
2026-06-08T12:48:17.497160+00:00,scheduler,1,0,675.9,10240.0,42,25.269
2026-06-08T12:48:17.497160+00:00,scheduler,2,100,8837.9,10240.0,67,296.351
2026-06-08T12:48:17.497160+00:00,scheduler,3,0,699.9,10240.0,33,27.257
2026-06-08T12:48:22.497820+00:00,scheduler,0,0,699.9,10240.0,43,57.571
2026-06-08T12:48:22.497820+00:00,scheduler,1,11,8697.9,10240.0,54,126.53
2026-06-08T12:48:22.497820+00:00,scheduler,2,100,8837.9,10240.0,67,289.838
2026-06-08T12:48:22.497820+00:00,scheduler,3,0,699.9,10240.0,33,27.446
2026-06-08T12:48:27.498480+00:00,scheduler,0,0,699.9,10240.0,41,23.759
2026-06-08T12:48:27.498480+00:00,scheduler,1,100,8813.9,10240.0,71,319.567
2026-06-08T12:48:27.498480+00:00,scheduler,2,100,8837.9,10240.0,67,288.394
2026-06-08T12:48:27.498480+00:00,scheduler,3,0,699.9,10240.0,33,27.272
2026-06-08T12:48:32.499048+00:00,scheduler,0,0,699.9,10240.0,40,23.487
2026-06-08T12:48:32.499048+00:00,scheduler,1,100,8813.9,10240.0,70,272.336
2026-06-08T12:48:32.499048+00:00,scheduler,2,100,8837.9,10240.0,68,283.055
2026-06-08T12:48:32.499048+00:00,scheduler,3,0,699.9,10240.0,33,27.241
2026-06-08T12:48:37.499666+00:00,scheduler,0,0,699.9,10240.0,39,23.455
2026-06-08T12:48:37.499666+00:00,scheduler,1,100,8813.9,10240.0,70,267.524
2026-06-08T12:48:37.499666+00:00,scheduler,2,100,8837.9,10240.0,68,284.691
2026-06-08T12:48:37.499666+00:00,scheduler,3,0,699.9,10240.0,33,27.48
2026-06-08T12:48:42.500293+00:00,scheduler,0,0,699.9,10240.0,38,23.369
2026-06-08T12:48:42.500293+00:00,scheduler,1,100,8813.9,10240.0,70,265.837
2026-06-08T12:48:42.500293+00:00,scheduler,2,12,8837.9,10240.0,52,96.581
2026-06-08T12:48:42.500293+00:00,scheduler,3,0,699.9,10240.0,33,27.419
2026-06-08T12:48:47.501067+00:00,scheduler,0,0,699.9,10240.0,38,23.304
2026-06-08T12:48:47.501067+00:00,scheduler,1,100,8813.9,10240.0,70,263.262
2026-06-08T12:48:47.501067+00:00,scheduler,2,0,699.9,10240.0,51,109.366
2026-06-08T12:48:47.501067+00:00,scheduler,3,0,699.9,10240.0,33,27.444
2026-06-08T12:48:52.501775+00:00,scheduler,0,0,699.9,10240.0,37,23.261
2026-06-08T12:48:52.501775+00:00,scheduler,1,100,8813.9,10240.0,70,261.301
2026-06-08T12:48:52.501775+00:00,scheduler,2,0,699.9,10240.0,49,93.697
2026-06-08T12:48:52.501775+00:00,scheduler,3,11,8721.9,10240.0,40,106.722
2026-06-08T12:48:57.502483+00:00,scheduler,0,0,699.9,10240.0,37,23.177
2026-06-08T12:48:57.502483+00:00,scheduler,1,100,8813.9,10240.0,71,259.831
2026-06-08T12:48:57.502483+00:00,scheduler,2,0,699.9,10240.0,49,93.739
2026-06-08T12:48:57.502483+00:00,scheduler,3,40,5703.9,10240.0,42,110.681
2026-06-08T12:49:02.503082+00:00,scheduler,0,0,699.9,10240.0,36,23.289
2026-06-08T12:49:02.503082+00:00,scheduler,1,100,8813.9,10240.0,71,258.82
2026-06-08T12:49:02.503082+00:00,scheduler,2,0,699.9,10240.0,45,75.461
2026-06-08T12:49:02.503082+00:00,scheduler,3,100,8837.9,10240.0,65,318.719
2026-06-08T12:49:07.503920+00:00,scheduler,0,0,699.9,10240.0,36,23.324
2026-06-08T12:49:07.503920+00:00,scheduler,1,100,8813.9,10240.0,71,258.837
2026-06-08T12:49:07.503920+00:00,scheduler,2,0,699.9,10240.0,42,20.569
2026-06-08T12:49:07.503920+00:00,scheduler,3,100,8837.9,10240.0,67,318.021
2026-06-08T12:49:12.504593+00:00,scheduler,0,0,699.9,10240.0,36,23.234
2026-06-08T12:49:12.504593+00:00,scheduler,1,10,8813.9,10240.0,60,118.545
2026-06-08T12:49:12.504593+00:00,scheduler,2,0,699.9,10240.0,40,20.331
2026-06-08T12:49:12.504593+00:00,scheduler,3,100,8837.9,10240.0,69,317.902
2026-06-08T12:49:17.505273+00:00,scheduler,0,0,699.9,10240.0,35,23.23
2026-06-08T12:49:17.505273+00:00,scheduler,1,0,675.9,10240.0,60,132.097
2026-06-08T12:49:17.505273+00:00,scheduler,2,0,699.9,10240.0,39,20.071
2026-06-08T12:49:17.505273+00:00,scheduler,3,100,8837.9,10240.0,69,318.346
2026-06-08T12:49:22.505879+00:00,scheduler,0,0,699.9,10240.0,35,23.355
2026-06-08T12:49:22.505879+00:00,scheduler,1,0,675.9,10240.0,57,104.883
2026-06-08T12:49:22.505879+00:00,scheduler,2,0,699.9,10240.0,39,19.879
2026-06-08T12:49:22.505879+00:00,scheduler,3,100,8837.9,10240.0,70,318.396
2026-06-08T12:49:27.506542+00:00,scheduler,0,0,699.9,10240.0,35,23.184
2026-06-08T12:49:27.506542+00:00,scheduler,1,0,675.9,10240.0,56,104.139
2026-06-08T12:49:27.506542+00:00,scheduler,2,0,699.9,10240.0,38,19.926
2026-06-08T12:49:27.506542+00:00,scheduler,3,100,8837.9,10240.0,71,318.647
2026-06-08T12:49:32.507294+00:00,scheduler,0,0,699.9,10240.0,35,23.034
2026-06-08T12:49:32.507294+00:00,scheduler,1,0,675.9,10240.0,55,103.739
2026-06-08T12:49:32.507294+00:00,scheduler,2,0,699.9,10240.0,38,19.989
2026-06-08T12:49:32.507294+00:00,scheduler,3,100,8837.9,10240.0,71,318.867
2026-06-08T12:49:37.508054+00:00,scheduler,0,0,699.9,10240.0,35,23.178
2026-06-08T12:49:37.508054+00:00,scheduler,1,0,675.9,10240.0,48,26.04
2026-06-08T12:49:37.508054+00:00,scheduler,2,0,699.9,10240.0,37,19.761
2026-06-08T12:49:37.508054+00:00,scheduler,3,100,8837.9,10240.0,72,319.056
2026-06-08T12:49:42.508861+00:00,scheduler,0,0,699.9,10240.0,34,22.98
2026-06-08T12:49:42.508861+00:00,scheduler,1,0,675.9,10240.0,46,25.288
2026-06-08T12:49:42.508861+00:00,scheduler,2,0,699.9,10240.0,37,19.437
2026-06-08T12:49:42.508861+00:00,scheduler,3,11,8837.9,10240.0,52,100.291
2026-06-08T12:49:47.509486+00:00,scheduler,0,0,699.9,10240.0,34,23.256
2026-06-08T12:49:47.509486+00:00,scheduler,1,0,675.9,10240.0,45,25.207
2026-06-08T12:49:47.509486+00:00,scheduler,2,0,699.9,10240.0,36,19.306
2026-06-08T12:49:47.509486+00:00,scheduler,3,0,699.9,10240.0,52,124.586
2026-06-08T12:49:52.510059+00:00,scheduler,0,0,699.9,10240.0,34,23.144
2026-06-08T12:49:52.510059+00:00,scheduler,1,0,675.9,10240.0,44,25.003
2026-06-08T12:49:52.510059+00:00,scheduler,2,0,699.9,10240.0,36,19.234
2026-06-08T12:49:52.510059+00:00,scheduler,3,0,699.9,10240.0,49,98.647
2026-06-08T12:49:57.510779+00:00,scheduler,0,0,699.9,10240.0,34,23.3
2026-06-08T12:49:57.510779+00:00,scheduler,1,0,675.9,10240.0,44,24.955
2026-06-08T12:49:57.510779+00:00,scheduler,2,0,699.9,10240.0,36,19.289
2026-06-08T12:49:57.510779+00:00,scheduler,3,0,699.9,10240.0,48,98.404
2026-06-08T12:50:02.511454+00:00,scheduler,0,0,699.9,10240.0,34,23.177
2026-06-08T12:50:02.511454+00:00,scheduler,1,0,675.9,10240.0,43,25.116
2026-06-08T12:50:02.511454+00:00,scheduler,2,0,699.9,10240.0,35,19.234
2026-06-08T12:50:02.511454+00:00,scheduler,3,0,699.9,10240.0,48,98.128
2026-06-08T12:50:07.512150+00:00,scheduler,0,0,699.9,10240.0,34,22.982
2026-06-08T12:50:07.512150+00:00,scheduler,1,0,675.9,10240.0,42,24.85
2026-06-08T12:50:07.512150+00:00,scheduler,2,0,699.9,10240.0,35,19.073
2026-06-08T12:50:07.512150+00:00,scheduler,3,0,699.9,10240.0,42,27.964
2026-06-08T12:50:12.512780+00:00,scheduler,0,0,699.9,10240.0,34,23.077
2026-06-08T12:50:12.512780+00:00,scheduler,1,0,675.9,10240.0,42,24.9
2026-06-08T12:50:12.512780+00:00,scheduler,2,0,699.9,10240.0,35,19.259
2026-06-08T12:50:12.512780+00:00,scheduler,3,0,699.9,10240.0,40,27.858
2026-06-08T12:50:17.513383+00:00,scheduler,0,0,699.9,10240.0,34,23.002
2026-06-08T12:50:17.513383+00:00,scheduler,1,0,675.9,10240.0,42,24.946
2026-06-08T12:50:17.513383+00:00,scheduler,2,0,699.9,10240.0,35,19.141
2026-06-08T12:50:17.513383+00:00,scheduler,3,0,699.9,10240.0,39,27.547
2026-06-08T12:50:22.514105+00:00,scheduler,0,0,699.9,10240.0,34,23.036
2026-06-08T12:50:22.514105+00:00,scheduler,1,0,675.9,10240.0,41,24.832
2026-06-08T12:50:22.514105+00:00,scheduler,2,0,699.9,10240.0,35,19.015
2026-06-08T12:50:22.514105+00:00,scheduler,3,0,699.9,10240.0,39,27.526
2026-06-08T12:50:27.514910+00:00,scheduler,0,0,699.9,10240.0,34,23.017
2026-06-08T12:50:27.514910+00:00,scheduler,1,0,675.9,10240.0,41,24.782
2026-06-08T12:50:27.514910+00:00,scheduler,2,0,699.9,10240.0,35,18.96
2026-06-08T12:50:27.514910+00:00,scheduler,3,0,699.9,10240.0,38,27.519
2026-06-08T12:50:32.515735+00:00,scheduler,0,0,699.9,10240.0,34,23.12
2026-06-08T12:50:32.515735+00:00,scheduler,1,0,675.9,10240.0,41,25.024
2026-06-08T12:50:32.515735+00:00,scheduler,2,0,699.9,10240.0,34,19.1
2026-06-08T12:50:32.515735+00:00,scheduler,3,0,699.9,10240.0,37,27.465
2026-06-08T12:50:37.516696+00:00,scheduler,0,11,8721.9,10240.0,40,109.64
2026-06-08T12:50:37.516696+00:00,scheduler,1,0,675.9,10240.0,40,25.136
2026-06-08T12:50:37.516696+00:00,scheduler,2,0,699.9,10240.0,34,19.101
2026-06-08T12:50:37.516696+00:00,scheduler,3,0,699.9,10240.0,37,27.271
2026-06-08T12:50:42.517358+00:00,scheduler,0,100,8837.9,10240.0,48,159.113
2026-06-08T12:50:42.517358+00:00,scheduler,1,0,675.9,10240.0,40,24.799
2026-06-08T12:50:42.517358+00:00,scheduler,2,0,699.9,10240.0,34,18.996
2026-06-08T12:50:42.517358+00:00,scheduler,3,0,699.9,10240.0,36,27.317
2026-06-08T12:50:47.520480+00:00,scheduler,0,100,8837.9,10240.0,53,318.232
2026-06-08T12:50:47.520480+00:00,scheduler,1,0,675.9,10240.0,40,24.984
2026-06-08T12:50:47.520480+00:00,scheduler,2,0,699.9,10240.0,34,19.313
2026-06-08T12:50:47.520480+00:00,scheduler,3,0,699.9,10240.0,36,27.426
2026-06-08T12:50:52.523655+00:00,scheduler,0,100,8837.9,10240.0,55,318.184
2026-06-08T12:50:52.523655+00:00,scheduler,1,0,675.9,10240.0,40,24.894
2026-06-08T12:50:52.523655+00:00,scheduler,2,0,699.9,10240.0,34,19.392
2026-06-08T12:50:52.523655+00:00,scheduler,3,11,8721.9,10240.0,44,116.629
2026-06-08T12:50:57.524699+00:00,scheduler,0,100,8837.9,10240.0,56,318.718
2026-06-08T12:50:57.524699+00:00,scheduler,1,0,675.9,10240.0,39,24.947
2026-06-08T12:50:57.524699+00:00,scheduler,2,0,699.9,10240.0,34,19.472
2026-06-08T12:50:57.524699+00:00,scheduler,3,100,8837.9,10240.0,57,171.313
2026-06-08T12:51:02.525293+00:00,scheduler,0,100,8837.9,10240.0,57,318.353
2026-06-08T12:51:02.525293+00:00,scheduler,1,0,675.9,10240.0,39,24.954
2026-06-08T12:51:02.525293+00:00,scheduler,2,0,699.9,10240.0,34,19.251
2026-06-08T12:51:02.525293+00:00,scheduler,3,100,8837.9,10240.0,67,318.145
2026-06-08T12:51:07.525890+00:00,scheduler,0,100,8837.9,10240.0,58,318.493
2026-06-08T12:51:07.525890+00:00,scheduler,1,0,675.9,10240.0,39,24.896
2026-06-08T12:51:07.525890+00:00,scheduler,2,0,699.9,10240.0,34,19.346
2026-06-08T12:51:07.525890+00:00,scheduler,3,100,8837.9,10240.0,69,318.298
2026-06-08T12:51:12.526568+00:00,scheduler,0,100,8837.9,10240.0,59,318.688
2026-06-08T12:51:12.526568+00:00,scheduler,1,0,675.9,10240.0,39,24.99
2026-06-08T12:51:12.526568+00:00,scheduler,2,0,699.9,10240.0,34,19.475
2026-06-08T12:51:12.526568+00:00,scheduler,3,100,8837.9,10240.0,70,317.717
2026-06-08T12:51:17.527162+00:00,scheduler,0,100,8837.9,10240.0,59,318.711
2026-06-08T12:51:17.527162+00:00,scheduler,1,0,675.9,10240.0,39,24.942
2026-06-08T12:51:17.527162+00:00,scheduler,2,0,699.9,10240.0,34,19.363
2026-06-08T12:51:17.527162+00:00,scheduler,3,100,8837.9,10240.0,71,318.613
2026-06-08T12:51:22.527809+00:00,scheduler,0,100,8837.9,10240.0,60,318.679
2026-06-08T12:51:22.527809+00:00,scheduler,1,0,675.9,10240.0,39,25.038
2026-06-08T12:51:22.527809+00:00,scheduler,2,0,699.9,10240.0,34,19.358
2026-06-08T12:51:22.527809+00:00,scheduler,3,100,8837.9,10240.0,71,318.993
2026-06-08T12:51:27.528423+00:00,scheduler,0,11,8837.9,10240.0,49,97.483
2026-06-08T12:51:27.528423+00:00,scheduler,1,0,675.9,10240.0,38,24.893
2026-06-08T12:51:27.528423+00:00,scheduler,2,0,699.9,10240.0,34,19.493
2026-06-08T12:51:27.528423+00:00,scheduler,3,100,8837.9,10240.0,72,318.843
2026-06-08T12:51:32.529134+00:00,scheduler,0,0,699.9,10240.0,48,105.223
2026-06-08T12:51:32.529134+00:00,scheduler,1,0,675.9,10240.0,38,24.895
2026-06-08T12:51:32.529134+00:00,scheduler,2,0,699.9,10240.0,34,19.354
2026-06-08T12:51:32.529134+00:00,scheduler,3,100,8837.9,10240.0,72,318.972
2026-06-08T12:51:37.529808+00:00,scheduler,0,0,699.9,10240.0,47,96.188
2026-06-08T12:51:37.529808+00:00,scheduler,1,0,675.9,10240.0,38,24.93
2026-06-08T12:51:37.529808+00:00,scheduler,2,0,699.9,10240.0,34,19.408
2026-06-08T12:51:37.529808+00:00,scheduler,3,100,8837.9,10240.0,73,319.104
2026-06-08T12:51:42.531778+00:00,scheduler,0,0,699.9,10240.0,47,95.934
2026-06-08T12:51:42.531778+00:00,scheduler,1,0,675.9,10240.0,38,24.696
2026-06-08T12:51:42.531778+00:00,scheduler,2,0,699.9,10240.0,33,19.039
2026-06-08T12:51:42.531778+00:00,scheduler,3,11,8837.9,10240.0,52,100.437
2026-06-08T12:51:47.532521+00:00,scheduler,0,0,699.9,10240.0,43,77.305
2026-06-08T12:51:47.532521+00:00,scheduler,1,0,675.9,10240.0,38,24.692
2026-06-08T12:51:47.532521+00:00,scheduler,2,0,699.9,10240.0,33,19.202
2026-06-08T12:51:47.532521+00:00,scheduler,3,0,699.9,10240.0,51,108.953
2026-06-08T12:51:52.533267+00:00,scheduler,0,0,699.9,10240.0,41,23.87
2026-06-08T12:51:52.533267+00:00,scheduler,1,0,675.9,10240.0,38,24.872
2026-06-08T12:51:52.533267+00:00,scheduler,2,0,699.9,10240.0,33,19.097
2026-06-08T12:51:52.533267+00:00,scheduler,3,0,699.9,10240.0,49,99.792
2026-06-08T12:51:57.533937+00:00,scheduler,0,0,699.9,10240.0,40,23.586
2026-06-08T12:51:57.533937+00:00,scheduler,1,0,675.9,10240.0,38,24.822
2026-06-08T12:51:57.533937+00:00,scheduler,2,0,699.9,10240.0,33,18.9
2026-06-08T12:51:57.533937+00:00,scheduler,3,0,699.9,10240.0,49,99.837
2026-06-08T12:52:02.534596+00:00,scheduler,0,0,699.9,10240.0,39,23.534
2026-06-08T12:52:02.534596+00:00,scheduler,1,0,675.9,10240.0,38,24.649
2026-06-08T12:52:02.534596+00:00,scheduler,2,0,699.9,10240.0,33,19.073
2026-06-08T12:52:02.534596+00:00,scheduler,3,0,699.9,10240.0,45,88.801
2026-06-08T12:52:07.535348+00:00,scheduler,0,0,699.9,10240.0,39,23.71
2026-06-08T12:52:07.535348+00:00,scheduler,1,0,675.9,10240.0,38,24.682
2026-06-08T12:52:07.535348+00:00,scheduler,2,0,699.9,10240.0,33,18.85
2026-06-08T12:52:07.535348+00:00,scheduler,3,0,699.9,10240.0,41,27.981
2026-06-08T12:52:12.536047+00:00,scheduler,0,0,699.9,10240.0,38,23.474
2026-06-08T12:52:12.536047+00:00,scheduler,1,0,675.9,10240.0,38,24.758
2026-06-08T12:52:12.536047+00:00,scheduler,2,0,699.9,10240.0,33,18.8
2026-06-08T12:52:12.536047+00:00,scheduler,3,0,699.9,10240.0,40,27.72
2026-06-08T12:52:17.536690+00:00,scheduler,0,0,699.9,10240.0,37,23.545
2026-06-08T12:52:17.536690+00:00,scheduler,1,0,675.9,10240.0,38,24.623
2026-06-08T12:52:17.536690+00:00,scheduler,2,0,699.9,10240.0,33,18.867
2026-06-08T12:52:17.536690+00:00,scheduler,3,0,699.9,10240.0,39,27.732
2026-06-08T12:52:22.537245+00:00,scheduler,0,0,699.9,10240.0,37,23.33
2026-06-08T12:52:22.537245+00:00,scheduler,1,0,675.9,10240.0,38,24.59
2026-06-08T12:52:22.537245+00:00,scheduler,2,0,699.9,10240.0,33,19.029
2026-06-08T12:52:22.537245+00:00,scheduler,3,0,699.9,10240.0,38,27.596
2026-06-08T12:52:27.537860+00:00,scheduler,0,0,699.9,10240.0,36,23.287
2026-06-08T12:52:27.537860+00:00,scheduler,1,0,675.9,10240.0,38,24.662
2026-06-08T12:52:27.537860+00:00,scheduler,2,0,699.9,10240.0,33,18.814
2026-06-08T12:52:27.537860+00:00,scheduler,3,0,699.9,10240.0,38,27.309
2026-06-08T12:52:32.538503+00:00,scheduler,0,0,699.9,10240.0,36,23.273
2026-06-08T12:52:32.538503+00:00,scheduler,1,47,5405.9,10240.0,44,50.154
2026-06-08T12:52:32.538503+00:00,scheduler,2,0,699.9,10240.0,33,18.885
2026-06-08T12:52:32.538503+00:00,scheduler,3,0,699.9,10240.0,37,27.373
2026-06-08T12:52:37.539082+00:00,scheduler,0,10,8721.9,10240.0,42,111.736
2026-06-08T12:52:37.539082+00:00,scheduler,1,10,8317.9,10240.0,48,115.236
2026-06-08T12:52:37.539082+00:00,scheduler,2,0,699.9,10240.0,33,19.408
2026-06-08T12:52:37.539082+00:00,scheduler,3,33,7321.9,10240.0,42,97.705
2026-06-08T12:52:42.541184+00:00,scheduler,0,31,7341.9,10240.0,42,111.873
2026-06-08T12:52:42.541184+00:00,scheduler,1,100,8813.9,10240.0,68,306.328
2026-06-08T12:52:42.541184+00:00,scheduler,2,0,699.9,10240.0,33,19.299
2026-06-08T12:52:42.541184+00:00,scheduler,3,11,8721.9,10240.0,43,97.655
2026-06-08T12:52:47.543268+00:00,scheduler,0,100,8837.9,10240.0,54,318.678
2026-06-08T12:52:47.543268+00:00,scheduler,1,100,8813.9,10240.0,67,282.27
2026-06-08T12:52:47.543268+00:00,scheduler,2,0,699.9,10240.0,33,19.338
2026-06-08T12:52:47.543268+00:00,scheduler,3,100,8837.9,10240.0,64,319.12
2026-06-08T12:52:52.545252+00:00,scheduler,0,100,8837.9,10240.0,56,319.21
2026-06-08T12:52:52.545252+00:00,scheduler,1,100,8813.9,10240.0,68,275.055
2026-06-08T12:52:52.545252+00:00,scheduler,2,0,699.9,10240.0,33,19.425
2026-06-08T12:52:52.545252+00:00,scheduler,3,100,8837.9,10240.0,68,318.707
2026-06-08T12:52:57.546953+00:00,scheduler,0,100,8837.9,10240.0,57,318.99
2026-06-08T12:52:57.546953+00:00,scheduler,1,100,8813.9,10240.0,68,271.435
2026-06-08T12:52:57.546953+00:00,scheduler,2,0,699.9,10240.0,33,19.342
2026-06-08T12:52:57.546953+00:00,scheduler,3,100,8837.9,10240.0,69,318.859
2026-06-08T12:53:02.547566+00:00,scheduler,0,100,8837.9,10240.0,58,318.642
2026-06-08T12:53:02.547566+00:00,scheduler,1,100,8813.9,10240.0,68,266.508
2026-06-08T12:53:02.547566+00:00,scheduler,2,0,699.9,10240.0,33,19.366
2026-06-08T12:53:02.547566+00:00,scheduler,3,100,8837.9,10240.0,70,318.402
2026-06-08T12:53:07.548215+00:00,scheduler,0,100,8837.9,10240.0,59,318.405
2026-06-08T12:53:07.548215+00:00,scheduler,1,100,8813.9,10240.0,69,267.048
2026-06-08T12:53:07.548215+00:00,scheduler,2,0,699.9,10240.0,33,19.447
2026-06-08T12:53:07.548215+00:00,scheduler,3,100,8837.9,10240.0,71,318.783
2026-06-08T12:53:12.548998+00:00,scheduler,0,100,8837.9,10240.0,59,318.836
2026-06-08T12:53:12.548998+00:00,scheduler,1,100,8813.9,10240.0,70,268.412
2026-06-08T12:53:12.548998+00:00,scheduler,2,0,699.9,10240.0,33,19.354
2026-06-08T12:53:12.548998+00:00,scheduler,3,100,8837.9,10240.0,71,318.524
2026-06-08T12:53:17.551105+00:00,scheduler,0,100,8837.9,10240.0,60,319.242
2026-06-08T12:53:17.551105+00:00,scheduler,1,100,8813.9,10240.0,70,262.818
2026-06-08T12:53:17.551105+00:00,scheduler,2,0,699.9,10240.0,33,19.254
2026-06-08T12:53:17.551105+00:00,scheduler,3,100,8837.9,10240.0,72,319.08
2026-06-08T12:53:22.553865+00:00,scheduler,0,100,8837.9,10240.0,61,318.441
2026-06-08T12:53:22.553865+00:00,scheduler,1,100,8813.9,10240.0,71,262.835
2026-06-08T12:53:22.553865+00:00,scheduler,2,0,699.9,10240.0,33,19.242
2026-06-08T12:53:22.553865+00:00,scheduler,3,100,8837.9,10240.0,72,318.672
2026-06-08T12:53:27.555344+00:00,scheduler,0,10,8837.9,10240.0,50,97.761
2026-06-08T12:53:27.555344+00:00,scheduler,1,10,8813.9,10240.0,57,105.894
2026-06-08T12:53:27.555344+00:00,scheduler,2,0,699.9,10240.0,33,19.281
2026-06-08T12:53:27.555344+00:00,scheduler,3,13,8837.9,10240.0,58,146.374
2026-06-08T12:53:32.556171+00:00,scheduler,0,0,699.9,10240.0,50,114.777
2026-06-08T12:53:32.556171+00:00,scheduler,1,0,675.9,10240.0,56,110.359
2026-06-08T12:53:32.556171+00:00,scheduler,2,0,699.9,10240.0,33,19.278
2026-06-08T12:53:32.556171+00:00,scheduler,3,10,2549.9,10240.0,51,99.506
2026-06-08T12:53:37.556880+00:00,scheduler,0,0,699.9,10240.0,48,97.5
2026-06-08T12:53:37.556880+00:00,scheduler,1,0,675.9,10240.0,55,103.419
2026-06-08T12:53:37.556880+00:00,scheduler,2,0,699.9,10240.0,33,18.919
2026-06-08T12:53:37.556880+00:00,scheduler,3,0,699.9,10240.0,50,100.624
2026-06-08T12:53:42.558901+00:00,scheduler,0,0,699.9,10240.0,47,96.909
2026-06-08T12:53:42.558901+00:00,scheduler,1,0,675.9,10240.0,55,102.887
2026-06-08T12:53:42.558901+00:00,scheduler,2,0,699.9,10240.0,33,19.092
2026-06-08T12:53:42.558901+00:00,scheduler,3,0,699.9,10240.0,49,98.685
2026-06-08T12:53:47.559481+00:00,scheduler,0,0,699.9,10240.0,44,89.86
2026-06-08T12:53:47.559481+00:00,scheduler,1,0,675.9,10240.0,48,44.445
2026-06-08T12:53:47.559481+00:00,scheduler,2,0,699.9,10240.0,33,19.049
2026-06-08T12:53:47.559481+00:00,scheduler,3,0,699.9,10240.0,48,99.671
2026-06-08T12:53:52.560160+00:00,scheduler,0,0,699.9,10240.0,41,23.743
2026-06-08T12:53:52.560160+00:00,scheduler,1,0,675.9,10240.0,46,25.134
2026-06-08T12:53:52.560160+00:00,scheduler,2,35,7369.9,10240.0,37,90.146
2026-06-08T12:53:52.560160+00:00,scheduler,3,0,699.9,10240.0,43,30.214
2026-06-08T12:53:57.561051+00:00,scheduler,0,0,699.9,10240.0,40,23.649
2026-06-08T12:53:57.561051+00:00,scheduler,1,0,675.9,10240.0,45,25.048
2026-06-08T12:53:57.561051+00:00,scheduler,2,8,8721.9,10240.0,39,90.59
2026-06-08T12:53:57.561051+00:00,scheduler,3,0,699.9,10240.0,41,27.889
2026-06-08T12:54:02.561790+00:00,scheduler,0,0,699.9,10240.0,39,23.504
2026-06-08T12:54:02.561790+00:00,scheduler,1,0,675.9,10240.0,44,24.968
2026-06-08T12:54:02.561790+00:00,scheduler,2,43,6945.9,10240.0,41,113.301
2026-06-08T12:54:02.561790+00:00,scheduler,3,0,699.9,10240.0,40,27.689
2026-06-08T12:54:07.562424+00:00,scheduler,0,0,699.9,10240.0,39,23.731
2026-06-08T12:54:07.562424+00:00,scheduler,1,0,675.9,10240.0,43,25.368
2026-06-08T12:54:07.562424+00:00,scheduler,2,100,8837.9,10240.0,60,319.236
2026-06-08T12:54:07.562424+00:00,scheduler,3,0,699.9,10240.0,39,27.75
2026-06-08T12:54:12.563012+00:00,scheduler,0,0,699.9,10240.0,38,23.488
2026-06-08T12:54:12.563012+00:00,scheduler,1,0,675.9,10240.0,43,25.209
2026-06-08T12:54:12.563012+00:00,scheduler,2,100,8837.9,10240.0,63,319.174
2026-06-08T12:54:12.563012+00:00,scheduler,3,0,699.9,10240.0,38,27.608
2026-06-08T12:54:17.563593+00:00,scheduler,0,0,699.9,10240.0,37,23.543
2026-06-08T12:54:17.563593+00:00,scheduler,1,0,675.9,10240.0,43,25.153
2026-06-08T12:54:17.563593+00:00,scheduler,2,100,8837.9,10240.0,65,318.834
2026-06-08T12:54:17.563593+00:00,scheduler,3,0,699.9,10240.0,37,27.497
2026-06-08T12:54:22.564304+00:00,scheduler,0,0,699.9,10240.0,37,23.326
2026-06-08T12:54:22.564304+00:00,scheduler,1,0,675.9,10240.0,42,25.195
2026-06-08T12:54:22.564304+00:00,scheduler,2,100,8837.9,10240.0,65,307.171
2026-06-08T12:54:22.564304+00:00,scheduler,3,0,699.9,10240.0,37,27.446
2026-06-08T12:54:27.564840+00:00,scheduler,0,0,699.9,10240.0,36,23.294
2026-06-08T12:54:27.564840+00:00,scheduler,1,0,1417.9,10240.0,42,25.067
2026-06-08T12:54:27.564840+00:00,scheduler,2,100,8837.9,10240.0,66,299.894
2026-06-08T12:54:27.564840+00:00,scheduler,3,0,699.9,10240.0,36,27.448
2026-06-08T12:54:32.565479+00:00,scheduler,0,0,699.9,10240.0,36,23.43
2026-06-08T12:54:32.565479+00:00,scheduler,1,11,8697.9,10240.0,53,125.482
2026-06-08T12:54:32.565479+00:00,scheduler,2,100,8837.9,10240.0,66,295.372
2026-06-08T12:54:32.565479+00:00,scheduler,3,0,699.9,10240.0,36,27.373
2026-06-08T12:54:37.566041+00:00,scheduler,0,0,699.9,10240.0,36,23.39
2026-06-08T12:54:37.566041+00:00,scheduler,1,100,8813.9,10240.0,71,316.379
2026-06-08T12:54:37.566041+00:00,scheduler,2,100,8837.9,10240.0,67,293.273
2026-06-08T12:54:37.566041+00:00,scheduler,3,0,699.9,10240.0,36,27.393
2026-06-08T12:54:42.566584+00:00,scheduler,0,0,699.9,10240.0,35,23.391
2026-06-08T12:54:42.566584+00:00,scheduler,1,100,8813.9,10240.0,69,271.322
2026-06-08T12:54:42.566584+00:00,scheduler,2,100,8837.9,10240.0,67,291.42
2026-06-08T12:54:42.566584+00:00,scheduler,3,0,699.9,10240.0,35,27.313
2026-06-08T12:54:47.567410+00:00,scheduler,0,0,699.9,10240.0,35,23.333
2026-06-08T12:54:47.567410+00:00,scheduler,1,100,8813.9,10240.0,70,267.778
2026-06-08T12:54:47.567410+00:00,scheduler,2,12,8837.9,10240.0,53,109.026
2026-06-08T12:54:47.567410+00:00,scheduler,3,0,699.9,10240.0,35,27.276
2026-06-08T12:54:52.568125+00:00,scheduler,0,0,699.9,10240.0,35,23.291
2026-06-08T12:54:52.568125+00:00,scheduler,1,100,8813.9,10240.0,70,263.562
2026-06-08T12:54:52.568125+00:00,scheduler,2,0,699.9,10240.0,53,146.445
2026-06-08T12:54:52.568125+00:00,scheduler,3,0,699.9,10240.0,35,27.35
2026-06-08T12:54:57.570244+00:00,scheduler,0,0,699.9,10240.0,35,23.117
2026-06-08T12:54:57.570244+00:00,scheduler,1,100,8813.9,10240.0,70,266.641
2026-06-08T12:54:57.570244+00:00,scheduler,2,0,699.9,10240.0,49,94.908
2026-06-08T12:54:57.570244+00:00,scheduler,3,0,699.9,10240.0,35,27.357
2026-06-08T12:55:02.570869+00:00,scheduler,0,0,699.9,10240.0,35,23.064
2026-06-08T12:55:02.570869+00:00,scheduler,1,100,8813.9,10240.0,70,261.791
2026-06-08T12:55:02.570869+00:00,scheduler,2,0,699.9,10240.0,49,94.487
2026-06-08T12:55:02.570869+00:00,scheduler,3,0,699.9,10240.0,34,27.292
2026-06-08T12:55:07.571413+00:00,scheduler,0,0,699.9,10240.0,34,22.99
2026-06-08T12:55:07.571413+00:00,scheduler,1,100,8813.9,10240.0,70,260.241
2026-06-08T12:55:07.571413+00:00,scheduler,2,0,699.9,10240.0,48,94.088
2026-06-08T12:55:07.571413+00:00,scheduler,3,0,699.9,10240.0,34,27.193
2026-06-08T12:55:12.571965+00:00,scheduler,0,38,6777.9,10240.0,39,82.218
2026-06-08T12:55:12.571965+00:00,scheduler,1,100,8813.9,10240.0,71,259.318
2026-06-08T12:55:12.571965+00:00,scheduler,2,0,699.9,10240.0,43,22.225
2026-06-08T12:55:12.571965+00:00,scheduler,3,0,699.9,10240.0,34,27.12
2026-06-08T12:55:17.572543+00:00,scheduler,0,12,8721.9,10240.0,39,95.739
2026-06-08T12:55:17.572543+00:00,scheduler,1,100,8813.9,10240.0,71,258.705
2026-06-08T12:55:17.572543+00:00,scheduler,2,0,699.9,10240.0,41,20.448
2026-06-08T12:55:17.572543+00:00,scheduler,3,0,699.9,10240.0,34,27.133
2026-06-08T12:55:22.573070+00:00,scheduler,0,100,8837.9,10240.0,53,318.705
2026-06-08T12:55:22.573070+00:00,scheduler,1,10,8813.9,10240.0,59,107.196
2026-06-08T12:55:22.573070+00:00,scheduler,2,0,699.9,10240.0,40,20.24
2026-06-08T12:55:22.573070+00:00,scheduler,3,0,699.9,10240.0,34,27.258
2026-06-08T12:55:27.573611+00:00,scheduler,0,100,8837.9,10240.0,54,318.818
2026-06-08T12:55:27.573611+00:00,scheduler,1,0,675.9,10240.0,60,132.1
2026-06-08T12:55:27.573611+00:00,scheduler,2,0,699.9,10240.0,39,20.031
2026-06-08T12:55:27.573611+00:00,scheduler,3,0,699.9,10240.0,34,27.244
2026-06-08T12:55:32.574114+00:00,scheduler,0,100,8837.9,10240.0,56,318.665
2026-06-08T12:55:32.574114+00:00,scheduler,1,0,675.9,10240.0,56,105.139
2026-06-08T12:55:32.574114+00:00,scheduler,2,0,699.9,10240.0,38,19.938
2026-06-08T12:55:32.574114+00:00,scheduler,3,0,699.9,10240.0,34,27.254
2026-06-08T12:55:37.574669+00:00,scheduler,0,100,8837.9,10240.0,56,318.819
2026-06-08T12:55:37.574669+00:00,scheduler,1,0,675.9,10240.0,56,104.667
2026-06-08T12:55:37.574669+00:00,scheduler,2,0,699.9,10240.0,38,19.764
2026-06-08T12:55:37.574669+00:00,scheduler,3,0,699.9,10240.0,34,27.066
2026-06-08T12:55:42.575233+00:00,scheduler,0,100,8837.9,10240.0,58,318.629
2026-06-08T12:55:42.575233+00:00,scheduler,1,0,675.9,10240.0,55,104.182
2026-06-08T12:55:42.575233+00:00,scheduler,2,0,699.9,10240.0,37,19.8
2026-06-08T12:55:42.575233+00:00,scheduler,3,0,699.9,10240.0,34,27.32
2026-06-08T12:55:47.575749+00:00,scheduler,0,100,8837.9,10240.0,59,318.352
2026-06-08T12:55:47.575749+00:00,scheduler,1,0,675.9,10240.0,47,25.822
2026-06-08T12:55:47.575749+00:00,scheduler,2,39,8193.9,10240.0,42,91.447
2026-06-08T12:55:47.575749+00:00,scheduler,3,0,699.9,10240.0,33,27.199
2026-06-08T12:55:52.576254+00:00,scheduler,0,100,8837.9,10240.0,59,319.067
2026-06-08T12:55:52.576254+00:00,scheduler,1,0,675.9,10240.0,46,25.406
2026-06-08T12:55:52.576254+00:00,scheduler,2,12,8721.9,10240.0,43,92.157
2026-06-08T12:55:52.576254+00:00,scheduler,3,0,699.9,10240.0,33,27.193
2026-06-08T12:55:57.576815+00:00,scheduler,0,100,8837.9,10240.0,60,318.737
2026-06-08T12:55:57.576815+00:00,scheduler,1,0,675.9,10240.0,45,25.286
2026-06-08T12:55:57.576815+00:00,scheduler,2,100,8837.9,10240.0,60,319.041
2026-06-08T12:55:57.576815+00:00,scheduler,3,0,1849.9,10240.0,33,27.072
2026-06-08T12:56:02.577390+00:00,scheduler,0,11,8837.9,10240.0,50,109.946
2026-06-08T12:56:02.577390+00:00,scheduler,1,0,675.9,10240.0,44,25.441
2026-06-08T12:56:02.577390+00:00,scheduler,2,100,8837.9,10240.0,64,318.601
2026-06-08T12:56:02.577390+00:00,scheduler,3,11,8721.9,10240.0,40,98.929
2026-06-08T12:56:07.577977+00:00,scheduler,0,0,699.9,10240.0,50,149.963
2026-06-08T12:56:07.577977+00:00,scheduler,1,0,675.9,10240.0,43,25.248
2026-06-08T12:56:07.577977+00:00,scheduler,2,100,8837.9,10240.0,66,307.364
2026-06-08T12:56:07.577977+00:00,scheduler,3,100,8837.9,10240.0,59,243.196
2026-06-08T12:56:12.578633+00:00,scheduler,0,0,699.9,10240.0,48,97.352
2026-06-08T12:56:12.578633+00:00,scheduler,1,0,675.9,10240.0,43,25.23
2026-06-08T12:56:12.578633+00:00,scheduler,2,100,8837.9,10240.0,66,299.801
2026-06-08T12:56:12.578633+00:00,scheduler,3,100,8837.9,10240.0,66,318.268
2026-06-08T12:56:17.579253+00:00,scheduler,0,0,699.9,10240.0,47,97.008
2026-06-08T12:56:17.579253+00:00,scheduler,1,0,675.9,10240.0,42,25.529
2026-06-08T12:56:17.579253+00:00,scheduler,2,100,8837.9,10240.0,67,295.893
2026-06-08T12:56:17.579253+00:00,scheduler,3,100,8837.9,10240.0,68,318.276
2026-06-08T12:56:22.580039+00:00,scheduler,0,0,699.9,10240.0,47,96.672
2026-06-08T12:56:22.580039+00:00,scheduler,1,0,675.9,10240.0,42,25.402
2026-06-08T12:56:22.580039+00:00,scheduler,2,100,8837.9,10240.0,67,289.884
2026-06-08T12:56:22.580039+00:00,scheduler,3,100,8837.9,10240.0,69,318.41
2026-06-08T12:56:27.580612+00:00,scheduler,0,0,699.9,10240.0,42,24.075
2026-06-08T12:56:27.580612+00:00,scheduler,1,82,8697.9,10240.0,62,183.701
2026-06-08T12:56:27.580612+00:00,scheduler,2,100,8837.9,10240.0,68,289.672
2026-06-08T12:56:27.580612+00:00,scheduler,3,100,8837.9,10240.0,70,318.067
2026-06-08T12:56:32.581125+00:00,scheduler,0,0,699.9,10240.0,41,23.754
2026-06-08T12:56:32.581125+00:00,scheduler,1,37,8811.9,10240.0,54,129.186
2026-06-08T12:56:32.581125+00:00,scheduler,2,100,8837.9,10240.0,68,284.872
2026-06-08T12:56:32.581125+00:00,scheduler,3,100,8837.9,10240.0,70,318.515
2026-06-08T12:56:37.581799+00:00,scheduler,0,0,699.9,10240.0,40,23.731
2026-06-08T12:56:37.581799+00:00,scheduler,1,100,8813.9,10240.0,70,278.721
2026-06-08T12:56:37.581799+00:00,scheduler,2,100,8837.9,10240.0,68,283.458
2026-06-08T12:56:37.581799+00:00,scheduler,3,100,8837.9,10240.0,71,318.745
2026-06-08T12:56:42.582375+00:00,scheduler,0,0,699.9,10240.0,39,23.512
2026-06-08T12:56:42.582375+00:00,scheduler,1,100,8813.9,10240.0,70,272.412
2026-06-08T12:56:42.582375+00:00,scheduler,2,12,8837.9,10240.0,53,97.109
2026-06-08T12:56:42.582375+00:00,scheduler,3,100,8837.9,10240.0,72,318.699
2026-06-08T12:56:47.583035+00:00,scheduler,0,0,699.9,10240.0,38,23.679
2026-06-08T12:56:47.583035+00:00,scheduler,1,100,8813.9,10240.0,70,268.221
2026-06-08T12:56:47.583035+00:00,scheduler,2,0,699.9,10240.0,51,106.895
2026-06-08T12:56:47.583035+00:00,scheduler,3,100,8837.9,10240.0,72,318.486
2026-06-08T12:56:52.583851+00:00,scheduler,0,0,699.9,10240.0,38,23.505
2026-06-08T12:56:52.583851+00:00,scheduler,1,100,8813.9,10240.0,70,263.979
2026-06-08T12:56:52.583851+00:00,scheduler,2,0,699.9,10240.0,49,93.442
2026-06-08T12:56:52.583851+00:00,scheduler,3,11,8837.9,10240.0,51,99.832
2026-06-08T12:56:57.584549+00:00,scheduler,0,0,699.9,10240.0,37,23.482
2026-06-08T12:56:57.584549+00:00,scheduler,1,100,8813.9,10240.0,71,264.608
2026-06-08T12:56:57.584549+00:00,scheduler,2,0,699.9,10240.0,49,92.889
2026-06-08T12:56:57.584549+00:00,scheduler,3,0,699.9,10240.0,51,108.119
2026-06-08T12:57:02.585099+00:00,scheduler,0,0,699.9,10240.0,37,23.295
2026-06-08T12:57:02.585099+00:00,scheduler,1,100,8813.9,10240.0,70,257.294
2026-06-08T12:57:02.585099+00:00,scheduler,2,0,699.9,10240.0,45,77.981
2026-06-08T12:57:02.585099+00:00,scheduler,3,0,699.9,10240.0,49,99.445
2026-06-08T12:57:07.585776+00:00,scheduler,0,0,699.9,10240.0,36,23.422
2026-06-08T12:57:07.585776+00:00,scheduler,1,100,8813.9,10240.0,71,258.862
2026-06-08T12:57:07.585776+00:00,scheduler,2,0,699.9,10240.0,42,20.337
2026-06-08T12:57:07.585776+00:00,scheduler,3,0,699.9,10240.0,48,99.187
2026-06-08T12:57:12.586377+00:00,scheduler,0,0,699.9,10240.0,36,23.311
2026-06-08T12:57:12.586377+00:00,scheduler,1,100,8813.9,10240.0,71,259.933
2026-06-08T12:57:12.586377+00:00,scheduler,2,0,699.9,10240.0,40,20.253
2026-06-08T12:57:12.586377+00:00,scheduler,3,0,699.9,10240.0,44,71.865
2026-06-08T12:57:17.587030+00:00,scheduler,0,0,699.9,10240.0,36,23.266
2026-06-08T12:57:17.587030+00:00,scheduler,1,10,8813.9,10240.0,63,137.826
2026-06-08T12:57:17.587030+00:00,scheduler,2,0,699.9,10240.0,39,19.826
2026-06-08T12:57:17.587030+00:00,scheduler,3,0,699.9,10240.0,41,27.874
2026-06-08T12:57:22.587624+00:00,scheduler,0,0,699.9,10240.0,35,23.336
2026-06-08T12:57:22.587624+00:00,scheduler,1,83,741.9,10240.0,63,120.137
2026-06-08T12:57:22.587624+00:00,scheduler,2,0,699.9,10240.0,39,19.496
2026-06-08T12:57:22.587624+00:00,scheduler,3,0,699.9,10240.0,40,27.687
2026-06-08T12:57:27.588594+00:00,scheduler,0,0,699.9,10240.0,35,23.274
2026-06-08T12:57:27.588594+00:00,scheduler,1,0,675.9,10240.0,57,105.248
2026-06-08T12:57:27.588594+00:00,scheduler,2,0,699.9,10240.0,38,19.522
2026-06-08T12:57:27.588594+00:00,scheduler,3,0,699.9,10240.0,39,27.574
2026-06-08T12:57:32.589156+00:00,scheduler,0,0,699.9,10240.0,35,23.144
2026-06-08T12:57:32.589156+00:00,scheduler,1,0,675.9,10240.0,56,103.949
2026-06-08T12:57:32.589156+00:00,scheduler,2,0,699.9,10240.0,37,19.322
2026-06-08T12:57:32.589156+00:00,scheduler,3,0,699.9,10240.0,38,27.569
2026-06-08T12:57:37.589874+00:00,scheduler,0,0,699.9,10240.0,35,23.126
2026-06-08T12:57:37.589874+00:00,scheduler,1,0,675.9,10240.0,56,103.644
2026-06-08T12:57:37.589874+00:00,scheduler,2,0,699.9,10240.0,37,19.616
2026-06-08T12:57:37.589874+00:00,scheduler,3,0,699.9,10240.0,37,27.271
2026-06-08T12:57:42.590579+00:00,scheduler,0,0,699.9,10240.0,35,23.137
2026-06-08T12:57:42.590579+00:00,scheduler,1,0,675.9,10240.0,48,27.52
2026-06-08T12:57:42.590579+00:00,scheduler,2,0,699.9,10240.0,37,19.314
2026-06-08T12:57:42.590579+00:00,scheduler,3,0,699.9,10240.0,37,27.26
2026-06-08T12:57:47.591271+00:00,scheduler,0,0,699.9,10240.0,34,23.104
2026-06-08T12:57:47.591271+00:00,scheduler,1,0,675.9,10240.0,47,25.308
2026-06-08T12:57:47.591271+00:00,scheduler,2,63,8721.9,10240.0,45,170.565
2026-06-08T12:57:47.591271+00:00,scheduler,3,0,699.9,10240.0,36,27.335
2026-06-08T12:57:52.591828+00:00,scheduler,0,0,699.9,10240.0,34,23.032
2026-06-08T12:57:52.591828+00:00,scheduler,1,0,675.9,10240.0,46,25.507
2026-06-08T12:57:52.591828+00:00,scheduler,2,43,7341.9,10240.0,45,113.796
2026-06-08T12:57:52.591828+00:00,scheduler,3,0,699.9,10240.0,36,27.342
2026-06-08T12:57:57.592564+00:00,scheduler,0,0,699.9,10240.0,34,23.157
2026-06-08T12:57:57.592564+00:00,scheduler,1,0,675.9,10240.0,45,25.488
2026-06-08T12:57:57.592564+00:00,scheduler,2,100,8837.9,10240.0,63,319.537
2026-06-08T12:57:57.592564+00:00,scheduler,3,10,8721.9,10240.0,45,159.178
2026-06-08T12:58:02.593416+00:00,scheduler,0,0,699.9,10240.0,34,23.329
2026-06-08T12:58:02.593416+00:00,scheduler,1,0,675.9,10240.0,44,25.41
2026-06-08T12:58:02.593416+00:00,scheduler,2,100,8837.9,10240.0,65,318.849
2026-06-08T12:58:02.593416+00:00,scheduler,3,34,2967.9,10240.0,44,104.57
2026-06-08T12:58:07.594137+00:00,scheduler,0,0,699.9,10240.0,34,23.152
2026-06-08T12:58:07.594137+00:00,scheduler,1,0,675.9,10240.0,43,25.169
2026-06-08T12:58:07.594137+00:00,scheduler,2,100,8837.9,10240.0,66,305.29
2026-06-08T12:58:07.594137+00:00,scheduler,3,100,8837.9,10240.0,65,318.477
2026-06-08T12:58:12.594890+00:00,scheduler,0,0,699.9,10240.0,34,23.272
2026-06-08T12:58:12.594890+00:00,scheduler,1,0,675.9,10240.0,43,25.13
2026-06-08T12:58:12.594890+00:00,scheduler,2,100,8837.9,10240.0,66,300.284
2026-06-08T12:58:12.594890+00:00,scheduler,3,100,8837.9,10240.0,68,318.604
2026-06-08T12:58:17.595653+00:00,scheduler,0,0,699.9,10240.0,34,23.305
2026-06-08T12:58:17.595653+00:00,scheduler,1,0,675.9,10240.0,42,25.491
2026-06-08T12:58:17.595653+00:00,scheduler,2,100,8837.9,10240.0,66,290.943
2026-06-08T12:58:17.595653+00:00,scheduler,3,100,8837.9,10240.0,70,318.79
2026-06-08T12:58:22.596351+00:00,scheduler,0,0,699.9,10240.0,34,23.143
2026-06-08T12:58:22.596351+00:00,scheduler,1,0,675.9,10240.0,42,25.085
2026-06-08T12:58:22.596351+00:00,scheduler,2,100,8837.9,10240.0,67,287.443
2026-06-08T12:58:22.596351+00:00,scheduler,3,100,8837.9,10240.0,70,318.6
2026-06-08T12:58:27.597044+00:00,scheduler,0,0,699.9,10240.0,34,23.151
2026-06-08T12:58:27.597044+00:00,scheduler,1,0,675.9,10240.0,41,25.266
2026-06-08T12:58:27.597044+00:00,scheduler,2,100,8837.9,10240.0,68,286.031
2026-06-08T12:58:27.597044+00:00,scheduler,3,100,8837.9,10240.0,71,319.196
2026-06-08T12:58:32.597726+00:00,scheduler,0,0,699.9,10240.0,34,23.212
2026-06-08T12:58:32.597726+00:00,scheduler,1,0,675.9,10240.0,41,24.957
2026-06-08T12:58:32.597726+00:00,scheduler,2,100,8837.9,10240.0,68,287.841
2026-06-08T12:58:32.597726+00:00,scheduler,3,100,8837.9,10240.0,72,318.846
2026-06-08T12:58:37.598423+00:00,scheduler,0,0,699.9,10240.0,33,23.172
2026-06-08T12:58:37.598423+00:00,scheduler,1,0,675.9,10240.0,41,24.957
2026-06-08T12:58:37.598423+00:00,scheduler,2,12,8837.9,10240.0,55,117.413
2026-06-08T12:58:37.598423+00:00,scheduler,3,100,8837.9,10240.0,72,318.405
2026-06-08T12:58:42.599214+00:00,scheduler,0,0,699.9,10240.0,33,23.124
2026-06-08T12:58:42.599214+00:00,scheduler,1,0,675.9,10240.0,41,24.988
2026-06-08T12:58:42.599214+00:00,scheduler,2,0,699.9,10240.0,53,122.422
2026-06-08T12:58:42.599214+00:00,scheduler,3,100,8837.9,10240.0,72,318.373
2026-06-08T12:58:47.599763+00:00,scheduler,0,0,699.9,10240.0,33,23.074
2026-06-08T12:58:47.599763+00:00,scheduler,1,0,675.9,10240.0,40,24.925
2026-06-08T12:58:47.599763+00:00,scheduler,2,0,699.9,10240.0,50,93.979
2026-06-08T12:58:47.599763+00:00,scheduler,3,10,8837.9,10240.0,54,116.288
2026-06-08T12:58:52.600345+00:00,scheduler,0,0,699.9,10240.0,33,23.159
2026-06-08T12:58:52.600345+00:00,scheduler,1,0,675.9,10240.0,40,24.777
2026-06-08T12:58:52.600345+00:00,scheduler,2,0,699.9,10240.0,49,93.055
2026-06-08T12:58:52.600345+00:00,scheduler,3,0,699.9,10240.0,53,158.211
2026-06-08T12:58:57.601012+00:00,scheduler,0,0,699.9,10240.0,33,23.037
2026-06-08T12:58:57.601012+00:00,scheduler,1,0,675.9,10240.0,40,24.724
2026-06-08T12:58:57.601012+00:00,scheduler,2,0,699.9,10240.0,48,93.426
2026-06-08T12:58:57.601012+00:00,scheduler,3,0,699.9,10240.0,50,99.429
2026-06-08T12:59:02.601703+00:00,scheduler,0,0,699.9,10240.0,33,23.15
2026-06-08T12:59:02.601703+00:00,scheduler,1,0,675.9,10240.0,40,24.92
2026-06-08T12:59:02.601703+00:00,scheduler,2,0,699.9,10240.0,43,20.264
2026-06-08T12:59:02.601703+00:00,scheduler,3,0,699.9,10240.0,49,99.85
2026-06-08T12:59:07.602345+00:00,scheduler,0,0,699.9,10240.0,33,23.088
2026-06-08T12:59:07.602345+00:00,scheduler,1,0,675.9,10240.0,39,24.7
2026-06-08T12:59:07.602345+00:00,scheduler,2,0,699.9,10240.0,41,19.762
2026-06-08T12:59:07.602345+00:00,scheduler,3,0,699.9,10240.0,48,99.615
2026-06-08T12:59:12.603055+00:00,scheduler,0,0,699.9,10240.0,33,22.898
2026-06-08T12:59:12.603055+00:00,scheduler,1,0,675.9,10240.0,39,24.719
2026-06-08T12:59:12.603055+00:00,scheduler,2,0,699.9,10240.0,40,19.539
2026-06-08T12:59:12.603055+00:00,scheduler,3,0,699.9,10240.0,42,28.087
2026-06-08T12:59:17.603752+00:00,scheduler,0,0,699.9,10240.0,33,22.992
2026-06-08T12:59:17.603752+00:00,scheduler,1,0,675.9,10240.0,39,24.732
2026-06-08T12:59:17.603752+00:00,scheduler,2,0,699.9,10240.0,39,19.316
2026-06-08T12:59:17.603752+00:00,scheduler,3,0,699.9,10240.0,41,27.834
2026-06-08T12:59:22.604427+00:00,scheduler,0,0,699.9,10240.0,33,23.018
2026-06-08T12:59:22.604427+00:00,scheduler,1,0,675.9,10240.0,39,24.838
2026-06-08T12:59:22.604427+00:00,scheduler,2,0,699.9,10240.0,38,19.262
2026-06-08T12:59:22.604427+00:00,scheduler,3,0,699.9,10240.0,39,27.709
2026-06-08T12:59:27.605120+00:00,scheduler,0,0,699.9,10240.0,33,23.141
2026-06-08T12:59:27.605120+00:00,scheduler,1,0,675.9,10240.0,39,24.673
2026-06-08T12:59:27.605120+00:00,scheduler,2,0,699.9,10240.0,38,19.223
2026-06-08T12:59:27.605120+00:00,scheduler,3,0,699.9,10240.0,39,27.518
2026-06-08T12:59:32.605932+00:00,scheduler,0,0,699.9,10240.0,33,23.091
2026-06-08T12:59:32.605932+00:00,scheduler,1,0,675.9,10240.0,39,24.697
2026-06-08T12:59:32.605932+00:00,scheduler,2,0,699.9,10240.0,37,19.311
2026-06-08T12:59:32.605932+00:00,scheduler,3,0,699.9,10240.0,38,27.542
2026-06-08T12:59:37.606611+00:00,scheduler,0,0,699.9,10240.0,33,23.156
2026-06-08T12:59:37.606611+00:00,scheduler,1,0,675.9,10240.0,39,24.768
2026-06-08T12:59:37.606611+00:00,scheduler,2,0,699.9,10240.0,37,19.095
2026-06-08T12:59:37.606611+00:00,scheduler,3,0,699.9,10240.0,37,27.501
2026-06-08T12:59:42.607344+00:00,scheduler,0,0,699.9,10240.0,33,23.178
2026-06-08T12:59:42.607344+00:00,scheduler,1,0,675.9,10240.0,39,24.706
2026-06-08T12:59:42.607344+00:00,scheduler,2,0,699.9,10240.0,36,19.018
2026-06-08T12:59:42.607344+00:00,scheduler,3,0,699.9,10240.0,37,27.415
2026-06-08T12:59:47.607919+00:00,scheduler,0,0,699.9,10240.0,33,22.992
2026-06-08T12:59:47.607919+00:00,scheduler,1,0,675.9,10240.0,38,24.737
2026-06-08T12:59:47.607919+00:00,scheduler,2,0,699.9,10240.0,36,19.024
2026-06-08T12:59:47.607919+00:00,scheduler,3,0,699.9,10240.0,36,27.471
2026-06-08T12:59:52.608573+00:00,scheduler,0,0,699.9,10240.0,33,22.965
2026-06-08T12:59:52.608573+00:00,scheduler,1,0,675.9,10240.0,38,24.823
2026-06-08T12:59:52.608573+00:00,scheduler,2,0,699.9,10240.0,36,18.907
2026-06-08T12:59:52.608573+00:00,scheduler,3,0,699.9,10240.0,36,27.286
2026-06-08T12:59:57.609237+00:00,scheduler,0,0,699.9,10240.0,33,22.96
2026-06-08T12:59:57.609237+00:00,scheduler,1,0,675.9,10240.0,38,24.603
2026-06-08T12:59:57.609237+00:00,scheduler,2,0,699.9,10240.0,36,19.013
2026-06-08T12:59:57.609237+00:00,scheduler,3,0,699.9,10240.0,36,27.416
2026-06-08T13:00:02.609913+00:00,scheduler,0,100,8721.9,10240.0,46,169.406
2026-06-08T13:00:02.609913+00:00,scheduler,1,0,675.9,10240.0,38,24.676
2026-06-08T13:00:02.609913+00:00,scheduler,2,0,699.9,10240.0,35,18.973
2026-06-08T13:00:02.609913+00:00,scheduler,3,0,699.9,10240.0,35,27.378
2026-06-08T13:00:07.610785+00:00,scheduler,0,11,8721.9,10240.0,38,93.152
2026-06-08T13:00:07.610785+00:00,scheduler,1,0,675.9,10240.0,38,24.704
2026-06-08T13:00:07.610785+00:00,scheduler,2,0,699.9,10240.0,35,19.065
2026-06-08T13:00:07.610785+00:00,scheduler,3,0,699.9,10240.0,35,27.269
2026-06-08T13:00:12.611398+00:00,scheduler,0,100,8837.9,10240.0,51,318.586
2026-06-08T13:00:12.611398+00:00,scheduler,1,0,675.9,10240.0,38,24.855
2026-06-08T13:00:12.611398+00:00,scheduler,2,0,699.9,10240.0,35,18.976
2026-06-08T13:00:12.611398+00:00,scheduler,3,0,699.9,10240.0,35,27.586
2026-06-08T13:00:17.612170+00:00,scheduler,0,100,8837.9,10240.0,53,318.536
2026-06-08T13:00:17.612170+00:00,scheduler,1,0,675.9,10240.0,38,24.866
2026-06-08T13:00:17.612170+00:00,scheduler,2,0,699.9,10240.0,35,19.26
2026-06-08T13:00:17.612170+00:00,scheduler,3,0,699.9,10240.0,35,27.291
2026-06-08T13:00:22.612928+00:00,scheduler,0,100,8837.9,10240.0,54,318.631
2026-06-08T13:00:22.612928+00:00,scheduler,1,0,675.9,10240.0,38,24.919
2026-06-08T13:00:22.612928+00:00,scheduler,2,0,699.9,10240.0,35,19.349
2026-06-08T13:00:22.612928+00:00,scheduler,3,0,699.9,10240.0,34,27.278
2026-06-08T13:00:27.613580+00:00,scheduler,0,100,8837.9,10240.0,55,318.892
2026-06-08T13:00:27.613580+00:00,scheduler,1,0,675.9,10240.0,38,24.801
2026-06-08T13:00:27.613580+00:00,scheduler,2,0,699.9,10240.0,35,19.286
2026-06-08T13:00:27.613580+00:00,scheduler,3,0,699.9,10240.0,34,27.231
2026-06-08T13:00:32.614283+00:00,scheduler,0,100,8837.9,10240.0,57,318.272
2026-06-08T13:00:32.614283+00:00,scheduler,1,0,675.9,10240.0,38,24.768
2026-06-08T13:00:32.614283+00:00,scheduler,2,0,699.9,10240.0,34,19.331
2026-06-08T13:00:32.614283+00:00,scheduler,3,0,699.9,10240.0,34,27.224
2026-06-08T13:00:37.614897+00:00,scheduler,0,100,8837.9,10240.0,58,318.278
2026-06-08T13:00:37.614897+00:00,scheduler,1,0,675.9,10240.0,38,24.927
2026-06-08T13:00:37.614897+00:00,scheduler,2,0,699.9,10240.0,34,19.38
2026-06-08T13:00:37.614897+00:00,scheduler,3,0,699.9,10240.0,34,27.252
2026-06-08T13:00:42.615625+00:00,scheduler,0,100,8837.9,10240.0,59,318.514
2026-06-08T13:00:42.615625+00:00,scheduler,1,0,675.9,10240.0,38,24.814
2026-06-08T13:00:42.615625+00:00,scheduler,2,0,699.9,10240.0,34,19.157
2026-06-08T13:00:42.615625+00:00,scheduler,3,0,699.9,10240.0,34,27.565
2026-06-08T13:00:47.616340+00:00,scheduler,0,100,8837.9,10240.0,59,318.587
2026-06-08T13:00:47.616340+00:00,scheduler,1,0,675.9,10240.0,38,24.872
2026-06-08T13:00:47.616340+00:00,scheduler,2,0,699.9,10240.0,34,19.151
2026-06-08T13:00:47.616340+00:00,scheduler,3,0,699.9,10240.0,34,27.364
2026-06-08T13:00:52.616967+00:00,scheduler,0,10,8837.9,10240.0,52,183.747
2026-06-08T13:00:52.616967+00:00,scheduler,1,0,675.9,10240.0,37,24.905
2026-06-08T13:00:52.616967+00:00,scheduler,2,0,699.9,10240.0,34,19.152
2026-06-08T13:00:52.616967+00:00,scheduler,3,0,699.9,10240.0,34,27.198
2026-06-08T13:00:57.617873+00:00,scheduler,0,8,8837.9,10240.0,49,97.034
2026-06-08T13:00:57.617873+00:00,scheduler,1,0,675.9,10240.0,37,24.58
2026-06-08T13:00:57.617873+00:00,scheduler,2,0,699.9,10240.0,34,18.965
2026-06-08T13:00:57.617873+00:00,scheduler,3,0,699.9,10240.0,34,27.107
2026-06-08T13:01:02.618620+00:00,scheduler,0,0,699.9,10240.0,48,98.292
2026-06-08T13:01:02.618620+00:00,scheduler,1,0,675.9,10240.0,37,24.676
2026-06-08T13:01:02.618620+00:00,scheduler,2,0,699.9,10240.0,34,18.841
2026-06-08T13:01:02.618620+00:00,scheduler,3,0,699.9,10240.0,34,27.26
2026-06-08T13:01:07.619211+00:00,scheduler,0,0,699.9,10240.0,47,96.068
2026-06-08T13:01:07.619211+00:00,scheduler,1,0,675.9,10240.0,37,24.552
2026-06-08T13:01:07.619211+00:00,scheduler,2,0,699.9,10240.0,34,18.711
2026-06-08T13:01:07.619211+00:00,scheduler,3,0,699.9,10240.0,34,27.158
2026-06-08T13:01:12.619775+00:00,scheduler,0,0,699.9,10240.0,47,95.746
2026-06-08T13:01:12.619775+00:00,scheduler,1,0,675.9,10240.0,37,24.822
2026-06-08T13:01:12.619775+00:00,scheduler,2,0,699.9,10240.0,34,18.833
2026-06-08T13:01:12.619775+00:00,scheduler,3,0,699.9,10240.0,34,27.077
2026-06-08T13:01:17.621755+00:00,scheduler,0,0,699.9,10240.0,43,70.397
2026-06-08T13:01:17.621755+00:00,scheduler,1,0,675.9,10240.0,37,24.702
2026-06-08T13:01:17.621755+00:00,scheduler,2,0,699.9,10240.0,34,18.823
2026-06-08T13:01:17.621755+00:00,scheduler,3,0,699.9,10240.0,33,27.213
2026-06-08T13:01:22.622509+00:00,scheduler,0,0,699.9,10240.0,41,23.777
2026-06-08T13:01:22.622509+00:00,scheduler,1,0,675.9,10240.0,37,24.698
2026-06-08T13:01:22.622509+00:00,scheduler,2,0,699.9,10240.0,34,18.79
2026-06-08T13:01:22.622509+00:00,scheduler,3,0,699.9,10240.0,33,27.149
2026-06-08T13:01:27.623069+00:00,scheduler,0,0,699.9,10240.0,40,23.578
2026-06-08T13:01:27.623069+00:00,scheduler,1,0,675.9,10240.0,37,24.726
2026-06-08T13:01:27.623069+00:00,scheduler,2,0,699.9,10240.0,34,18.703
2026-06-08T13:01:27.623069+00:00,scheduler,3,11,8721.9,10240.0,46,176.265
2026-06-08T13:01:32.623640+00:00,scheduler,0,0,699.9,10240.0,39,23.516
2026-06-08T13:01:32.623640+00:00,scheduler,1,0,675.9,10240.0,37,24.805
2026-06-08T13:01:32.623640+00:00,scheduler,2,0,699.9,10240.0,34,18.922
2026-06-08T13:01:32.623640+00:00,scheduler,3,39,6405.9,10240.0,42,116.082
2026-06-08T13:01:37.624234+00:00,scheduler,0,0,699.9,10240.0,39,23.801
2026-06-08T13:01:37.624234+00:00,scheduler,1,0,675.9,10240.0,37,24.956
2026-06-08T13:01:37.624234+00:00,scheduler,2,0,699.9,10240.0,33,19.184
2026-06-08T13:01:37.624234+00:00,scheduler,3,100,8837.9,10240.0,65,318.779
2026-06-08T13:01:42.627102+00:00,scheduler,0,0,699.9,10240.0,38,23.387
2026-06-08T13:01:42.627102+00:00,scheduler,1,0,675.9,10240.0,37,24.816
2026-06-08T13:01:42.627102+00:00,scheduler,2,0,699.9,10240.0,33,19.223
2026-06-08T13:01:42.627102+00:00,scheduler,3,100,8837.9,10240.0,68,318.983
2026-06-08T13:01:47.631432+00:00,scheduler,0,0,699.9,10240.0,37,23.471
2026-06-08T13:01:47.631432+00:00,scheduler,1,0,675.9,10240.0,37,24.974
2026-06-08T13:01:47.631432+00:00,scheduler,2,0,699.9,10240.0,33,19.357
2026-06-08T13:01:47.631432+00:00,scheduler,3,100,8837.9,10240.0,69,317.714
2026-06-08T13:01:52.632991+00:00,scheduler,0,0,699.9,10240.0,37,23.287
2026-06-08T13:01:52.632991+00:00,scheduler,1,0,675.9,10240.0,37,24.816
2026-06-08T13:01:52.632991+00:00,scheduler,2,0,699.9,10240.0,33,19.219
2026-06-08T13:01:52.632991+00:00,scheduler,3,100,8837.9,10240.0,70,319.019
2026-06-08T13:01:57.636946+00:00,scheduler,0,0,699.9,10240.0,37,23.178
2026-06-08T13:01:57.636946+00:00,scheduler,1,0,675.9,10240.0,37,24.75
2026-06-08T13:01:57.636946+00:00,scheduler,2,0,699.9,10240.0,33,19.317
2026-06-08T13:01:57.636946+00:00,scheduler,3,100,8837.9,10240.0,70,318.746
2026-06-08T13:02:02.639602+00:00,scheduler,0,0,699.9,10240.0,36,23.321
2026-06-08T13:02:02.639602+00:00,scheduler,1,0,675.9,10240.0,37,24.885
2026-06-08T13:02:02.639602+00:00,scheduler,2,0,699.9,10240.0,33,19.292
2026-06-08T13:02:02.639602+00:00,scheduler,3,100,8837.9,10240.0,71,318.581
2026-06-08T13:02:07.640298+00:00,scheduler,0,0,699.9,10240.0,36,23.238
2026-06-08T13:02:07.640298+00:00,scheduler,1,0,675.9,10240.0,37,24.775
2026-06-08T13:02:07.640298+00:00,scheduler,2,0,699.9,10240.0,33,19.24
2026-06-08T13:02:07.640298+00:00,scheduler,3,100,8837.9,10240.0,72,318.975
2026-06-08T13:02:12.641024+00:00,scheduler,0,0,699.9,10240.0,36,23.301
2026-06-08T13:02:12.641024+00:00,scheduler,1,0,675.9,10240.0,37,24.911
2026-06-08T13:02:12.641024+00:00,scheduler,2,0,699.9,10240.0,33,19.177
2026-06-08T13:02:12.641024+00:00,scheduler,3,100,8837.9,10240.0,72,318.539
2026-06-08T13:02:17.641625+00:00,scheduler,0,0,699.9,10240.0,35,23.227
2026-06-08T13:02:17.641625+00:00,scheduler,1,0,675.9,10240.0,37,24.804
2026-06-08T13:02:17.641625+00:00,scheduler,2,0,699.9,10240.0,33,18.697
2026-06-08T13:02:17.641625+00:00,scheduler,3,11,8837.9,10240.0,52,100.4
2026-06-08T13:02:22.643555+00:00,scheduler,0,0,699.9,10240.0,35,23.213
2026-06-08T13:02:22.643555+00:00,scheduler,1,0,675.9,10240.0,37,24.653
2026-06-08T13:02:22.643555+00:00,scheduler,2,0,699.9,10240.0,33,18.943
2026-06-08T13:02:22.643555+00:00,scheduler,3,0,699.9,10240.0,53,125.855
2026-06-08T13:02:27.645458+00:00,scheduler,0,21,2217.9,10240.0,37,29.101
2026-06-08T13:02:27.645458+00:00,scheduler,1,0,675.9,10240.0,37,24.631
2026-06-08T13:02:27.645458+00:00,scheduler,2,0,699.9,10240.0,33,18.776
2026-06-08T13:02:27.645458+00:00,scheduler,3,0,699.9,10240.0,49,99.428
2026-06-08T13:02:32.646072+00:00,scheduler,0,10,8721.9,10240.0,41,110.532
2026-06-08T13:02:32.646072+00:00,scheduler,1,0,675.9,10240.0,37,24.6
2026-06-08T13:02:32.646072+00:00,scheduler,2,0,699.9,10240.0,33,18.779
2026-06-08T13:02:32.646072+00:00,scheduler,3,0,699.9,10240.0,49,98.986
2026-06-08T13:02:37.648475+00:00,scheduler,0,39,8835.9,10240.0,41,112.208
2026-06-08T13:02:37.648475+00:00,scheduler,1,0,675.9,10240.0,37,24.675
2026-06-08T13:02:37.648475+00:00,scheduler,2,0,699.9,10240.0,33,18.836
2026-06-08T13:02:37.648475+00:00,scheduler,3,0,699.9,10240.0,48,99.765
2026-06-08T13:02:42.650602+00:00,scheduler,0,100,8837.9,10240.0,54,318.698
2026-06-08T13:02:42.650602+00:00,scheduler,1,0,675.9,10240.0,37,24.77
2026-06-08T13:02:42.650602+00:00,scheduler,2,0,699.9,10240.0,33,19.264
2026-06-08T13:02:42.650602+00:00,scheduler,3,0,699.9,10240.0,42,28.035
2026-06-08T13:02:47.651254+00:00,scheduler,0,100,8837.9,10240.0,55,317.912
2026-06-08T13:02:47.651254+00:00,scheduler,1,57,8697.9,10240.0,51,125.69
2026-06-08T13:02:47.651254+00:00,scheduler,2,0,699.9,10240.0,33,19.143
2026-06-08T13:02:47.651254+00:00,scheduler,3,0,699.9,10240.0,40,27.821
2026-06-08T13:02:52.651806+00:00,scheduler,0,100,8837.9,10240.0,56,318.389
2026-06-08T13:02:52.651806+00:00,scheduler,1,10,8697.9,10240.0,47,99.772
2026-06-08T13:02:52.651806+00:00,scheduler,2,0,699.9,10240.0,33,19.113
2026-06-08T13:02:52.651806+00:00,scheduler,3,0,699.9,10240.0,39,27.589
2026-06-08T13:02:57.652404+00:00,scheduler,0,100,8837.9,10240.0,57,318.709
2026-06-08T13:02:57.652404+00:00,scheduler,1,100,8813.9,10240.0,67,320.414
2026-06-08T13:02:57.652404+00:00,scheduler,2,0,699.9,10240.0,33,19.212
2026-06-08T13:02:57.652404+00:00,scheduler,3,0,699.9,10240.0,39,27.647
2026-06-08T13:03:02.653072+00:00,scheduler,0,100,8837.9,10240.0,58,318.252
2026-06-08T13:03:02.653072+00:00,scheduler,1,100,8813.9,10240.0,68,285.265
2026-06-08T13:03:02.653072+00:00,scheduler,2,0,699.9,10240.0,33,19.065
2026-06-08T13:03:02.653072+00:00,scheduler,3,0,699.9,10240.0,38,27.688
2026-06-08T13:03:07.656252+00:00,scheduler,0,100,8837.9,10240.0,59,318.889
2026-06-08T13:03:07.656252+00:00,scheduler,1,100,8813.9,10240.0,67,277.169
2026-06-08T13:03:07.656252+00:00,scheduler,2,0,699.9,10240.0,33,19.075
2026-06-08T13:03:07.656252+00:00,scheduler,3,0,699.9,10240.0,37,27.549
2026-06-08T13:03:12.656951+00:00,scheduler,0,100,8837.9,10240.0,60,318.763
2026-06-08T13:03:12.656951+00:00,scheduler,1,100,8813.9,10240.0,68,275.368
2026-06-08T13:03:12.656951+00:00,scheduler,2,0,699.9,10240.0,33,19.077
2026-06-08T13:03:12.656951+00:00,scheduler,3,0,699.9,10240.0,37,27.507
2026-06-08T13:03:17.659036+00:00,scheduler,0,100,8837.9,10240.0,60,318.409
2026-06-08T13:03:17.659036+00:00,scheduler,1,100,8813.9,10240.0,69,271.361
2026-06-08T13:03:17.659036+00:00,scheduler,2,0,699.9,10240.0,33,19.229
2026-06-08T13:03:17.659036+00:00,scheduler,3,0,699.9,10240.0,36,27.453
2026-06-08T13:03:22.659685+00:00,scheduler,0,11,8837.9,10240.0,50,97.474
2026-06-08T13:03:22.659685+00:00,scheduler,1,100,8813.9,10240.0,69,269.692
2026-06-08T13:03:22.659685+00:00,scheduler,2,0,699.9,10240.0,33,19.163
2026-06-08T13:03:22.659685+00:00,scheduler,3,0,699.9,10240.0,36,27.313
2026-06-08T13:03:27.660289+00:00,scheduler,0,0,699.9,10240.0,50,114.682
2026-06-08T13:03:27.660289+00:00,scheduler,1,100,8813.9,10240.0,70,268.761
2026-06-08T13:03:27.660289+00:00,scheduler,2,0,699.9,10240.0,33,19.138
2026-06-08T13:03:27.660289+00:00,scheduler,3,0,699.9,10240.0,36,27.286
2026-06-08T13:03:32.661087+00:00,scheduler,0,0,699.9,10240.0,48,96.104
2026-06-08T13:03:32.661087+00:00,scheduler,1,100,8813.9,10240.0,70,266.091
2026-06-08T13:03:32.661087+00:00,scheduler,2,0,699.9,10240.0,33,19.229
2026-06-08T13:03:32.661087+00:00,scheduler,3,0,699.9,10240.0,35,27.296
2026-06-08T13:03:37.661755+00:00,scheduler,0,0,699.9,10240.0,47,95.604
2026-06-08T13:03:37.661755+00:00,scheduler,1,100,8813.9,10240.0,70,264.206
2026-06-08T13:03:37.661755+00:00,scheduler,2,0,699.9,10240.0,33,19.142
2026-06-08T13:03:37.661755+00:00,scheduler,3,0,699.9,10240.0,35,27.432
2026-06-08T13:03:42.663922+00:00,scheduler,0,0,699.9,10240.0,46,95.367
2026-06-08T13:03:42.663922+00:00,scheduler,1,11,8813.9,10240.0,58,106.968
2026-06-08T13:03:42.663922+00:00,scheduler,2,0,699.9,10240.0,33,18.856
2026-06-08T13:03:42.663922+00:00,scheduler,3,0,699.9,10240.0,35,27.411
2026-06-08T13:03:47.666040+00:00,scheduler,0,0,699.9,10240.0,41,23.699
2026-06-08T13:03:47.666040+00:00,scheduler,1,0,675.9,10240.0,59,160.041
2026-06-08T13:03:47.666040+00:00,scheduler,2,0,699.9,10240.0,33,18.836
2026-06-08T13:03:47.666040+00:00,scheduler,3,0,699.9,10240.0,35,27.462
2026-06-08T13:03:52.666731+00:00,scheduler,0,0,699.9,10240.0,40,23.57
2026-06-08T13:03:52.666731+00:00,scheduler,1,0,675.9,10240.0,55,104.639
2026-06-08T13:03:52.666731+00:00,scheduler,2,30,4061.9,10240.0,36,43.036
2026-06-08T13:03:52.666731+00:00,scheduler,3,0,699.9,10240.0,34,27.285
2026-06-08T13:03:57.668607+00:00,scheduler,0,0,699.9,10240.0,39,23.391
2026-06-08T13:03:57.668607+00:00,scheduler,1,0,675.9,10240.0,55,104.126
2026-06-08T13:03:57.668607+00:00,scheduler,2,16,8721.9,10240.0,41,110.796
2026-06-08T13:03:57.668607+00:00,scheduler,3,0,699.9,10240.0,34,27.24
2026-06-08T13:04:02.669216+00:00,scheduler,0,0,699.9,10240.0,39,23.378
2026-06-08T13:04:02.669216+00:00,scheduler,1,0,675.9,10240.0,55,103.522
2026-06-08T13:04:02.669216+00:00,scheduler,2,28,8835.9,10240.0,40,99.343
2026-06-08T13:04:02.669216+00:00,scheduler,3,0,699.9,10240.0,34,27.241
2026-06-08T13:04:07.671791+00:00,scheduler,0,0,699.9,10240.0,38,23.361
2026-06-08T13:04:07.671791+00:00,scheduler,1,0,675.9,10240.0,47,25.553
2026-06-08T13:04:07.671791+00:00,scheduler,2,100,8837.9,10240.0,61,319.293
2026-06-08T13:04:07.671791+00:00,scheduler,3,0,699.9,10240.0,34,27.254
2026-06-08T13:04:12.672364+00:00,scheduler,0,31,8329.9,10240.0,42,95.194
2026-06-08T13:04:12.672364+00:00,scheduler,1,0,675.9,10240.0,45,25.624
2026-06-08T13:04:12.672364+00:00,scheduler,2,100,8837.9,10240.0,63,319.057
2026-06-08T13:04:12.672364+00:00,scheduler,3,0,699.9,10240.0,34,27.238
2026-06-08T13:04:17.673090+00:00,scheduler,0,11,8721.9,10240.0,42,95.369
2026-06-08T13:04:17.673090+00:00,scheduler,1,0,675.9,10240.0,45,25.286
2026-06-08T13:04:17.673090+00:00,scheduler,2,100,8837.9,10240.0,64,314.087
2026-06-08T13:04:17.673090+00:00,scheduler,3,0,699.9,10240.0,34,27.472
2026-06-08T13:04:22.673687+00:00,scheduler,0,100,8837.9,10240.0,54,317.633
2026-06-08T13:04:22.673687+00:00,scheduler,1,0,675.9,10240.0,44,25.263
2026-06-08T13:04:22.673687+00:00,scheduler,2,100,8837.9,10240.0,65,308.526
2026-06-08T13:04:22.673687+00:00,scheduler,3,0,699.9,10240.0,34,27.369
2026-06-08T13:04:27.674306+00:00,scheduler,0,100,8837.9,10240.0,56,318.463
2026-06-08T13:04:27.674306+00:00,scheduler,1,0,675.9,10240.0,43,25.334
2026-06-08T13:04:27.674306+00:00,scheduler,2,100,8837.9,10240.0,66,303.36
2026-06-08T13:04:27.674306+00:00,scheduler,3,0,699.9,10240.0,34,27.255
2026-06-08T13:04:32.674835+00:00,scheduler,0,100,8837.9,10240.0,57,318.149
2026-06-08T13:04:32.674835+00:00,scheduler,1,0,675.9,10240.0,43,25.201
2026-06-08T13:04:32.674835+00:00,scheduler,2,100,8837.9,10240.0,66,295.681
2026-06-08T13:04:32.674835+00:00,scheduler,3,0,699.9,10240.0,34,27.187
2026-06-08T13:04:37.675508+00:00,scheduler,0,100,8837.9,10240.0,58,318.08
2026-06-08T13:04:37.675508+00:00,scheduler,1,0,675.9,10240.0,42,25.174
2026-06-08T13:04:37.675508+00:00,scheduler,2,100,8837.9,10240.0,67,290.916
2026-06-08T13:04:37.675508+00:00,scheduler,3,0,699.9,10240.0,33,27.311
2026-06-08T13:04:42.676179+00:00,scheduler,0,100,8837.9,10240.0,59,318.609
2026-06-08T13:04:42.676179+00:00,scheduler,1,0,675.9,10240.0,42,25.25
2026-06-08T13:04:42.676179+00:00,scheduler,2,100,8837.9,10240.0,67,286.272
2026-06-08T13:04:42.676179+00:00,scheduler,3,0,699.9,10240.0,33,27.237
2026-06-08T13:04:47.676900+00:00,scheduler,0,100,8837.9,10240.0,60,318.63
2026-06-08T13:04:47.676900+00:00,scheduler,1,33,5929.9,10240.0,48,100.9
2026-06-08T13:04:47.676900+00:00,scheduler,2,12,8837.9,10240.0,53,98.334
2026-06-08T13:04:47.676900+00:00,scheduler,3,0,699.9,10240.0,33,27.24
2026-06-08T13:04:52.677553+00:00,scheduler,0,100,8837.9,10240.0,60,318.557
2026-06-08T13:04:52.677553+00:00,scheduler,1,10,8697.9,10240.0,51,113.725
2026-06-08T13:04:52.677553+00:00,scheduler,2,0,699.9,10240.0,53,120.384
2026-06-08T13:04:52.677553+00:00,scheduler,3,0,699.9,10240.0,33,27.305
2026-06-08T13:04:57.678253+00:00,scheduler,0,100,8837.9,10240.0,61,319.146
2026-06-08T13:04:57.678253+00:00,scheduler,1,100,8813.9,10240.0,64,176.198
2026-06-08T13:04:57.678253+00:00,scheduler,2,0,699.9,10240.0,49,93.982
2026-06-08T13:04:57.678253+00:00,scheduler,3,0,699.9,10240.0,33,27.283
2026-06-08T13:05:02.678895+00:00,scheduler,0,11,8837.9,10240.0,52,116.479
2026-06-08T13:05:02.678895+00:00,scheduler,1,100,8813.9,10240.0,69,277.637
2026-06-08T13:05:02.678895+00:00,scheduler,2,0,699.9,10240.0,49,93.934
2026-06-08T13:05:02.678895+00:00,scheduler,3,0,699.9,10240.0,33,27.227
2026-06-08T13:05:07.679582+00:00,scheduler,0,0,699.9,10240.0,51,142.445
2026-06-08T13:05:07.679582+00:00,scheduler,1,100,8813.9,10240.0,69,267.072
2026-06-08T13:05:07.679582+00:00,scheduler,2,0,699.9,10240.0,45,81.111
2026-06-08T13:05:07.679582+00:00,scheduler,3,0,699.9,10240.0,33,27.401
2026-06-08T13:05:12.680251+00:00,scheduler,0,0,699.9,10240.0,49,96.382
2026-06-08T13:05:12.680251+00:00,scheduler,1,100,8813.9,10240.0,70,269.208
2026-06-08T13:05:12.680251+00:00,scheduler,2,0,699.9,10240.0,42,20.423
2026-06-08T13:05:12.680251+00:00,scheduler,3,0,699.9,10240.0,33,27.394
2026-06-08T13:05:17.680899+00:00,scheduler,0,0,699.9,10240.0,48,95.84
2026-06-08T13:05:17.680899+00:00,scheduler,1,100,8813.9,10240.0,70,264.268
2026-06-08T13:05:17.680899+00:00,scheduler,2,0,699.9,10240.0,40,20.122
2026-06-08T13:05:17.680899+00:00,scheduler,3,22,8721.9,10240.0,42,174.292
2026-06-08T13:05:22.681636+00:00,scheduler,0,0,699.9,10240.0,47,95.381
2026-06-08T13:05:22.681636+00:00,scheduler,1,100,8813.9,10240.0,70,264.643
2026-06-08T13:05:22.681636+00:00,scheduler,2,0,699.9,10240.0,40,19.979
2026-06-08T13:05:22.681636+00:00,scheduler,3,40,8835.9,10240.0,42,116.162
2026-06-08T13:05:27.682272+00:00,scheduler,0,0,699.9,10240.0,42,24.626
2026-06-08T13:05:27.682272+00:00,scheduler,1,100,8813.9,10240.0,71,260.876
2026-06-08T13:05:27.682272+00:00,scheduler,2,0,699.9,10240.0,39,19.872
2026-06-08T13:05:27.682272+00:00,scheduler,3,100,8837.9,10240.0,65,318.137
2026-06-08T13:05:32.682837+00:00,scheduler,0,0,699.9,10240.0,41,23.637
2026-06-08T13:05:32.682837+00:00,scheduler,1,100,8813.9,10240.0,71,257.64
2026-06-08T13:05:32.682837+00:00,scheduler,2,0,699.9,10240.0,38,19.97
2026-06-08T13:05:32.682837+00:00,scheduler,3,100,8837.9,10240.0,68,318.217
2026-06-08T13:05:37.683533+00:00,scheduler,0,0,699.9,10240.0,40,23.551
2026-06-08T13:05:37.683533+00:00,scheduler,1,100,8813.9,10240.0,71,258.089
2026-06-08T13:05:37.683533+00:00,scheduler,2,0,699.9,10240.0,38,19.625
2026-06-08T13:05:37.683533+00:00,scheduler,3,100,8837.9,10240.0,69,318.372
2026-06-08T13:05:42.684186+00:00,scheduler,0,0,699.9,10240.0,39,23.317
2026-06-08T13:05:42.684186+00:00,scheduler,1,9,8813.9,10240.0,62,136.247
2026-06-08T13:05:42.684186+00:00,scheduler,2,0,1985.9,10240.0,37,19.642
2026-06-08T13:05:42.684186+00:00,scheduler,3,100,8837.9,10240.0,69,318.294
2026-06-08T13:05:47.684890+00:00,scheduler,0,0,699.9,10240.0,38,23.448
2026-06-08T13:05:47.684890+00:00,scheduler,1,100,741.9,10240.0,60,126.748
2026-06-08T13:05:47.684890+00:00,scheduler,2,14,8721.9,10240.0,45,114.469
2026-06-08T13:05:47.684890+00:00,scheduler,3,100,8837.9,10240.0,70,318.407
2026-06-08T13:05:52.685629+00:00,scheduler,0,0,699.9,10240.0,38,23.307
2026-06-08T13:05:52.685629+00:00,scheduler,1,0,675.9,10240.0,57,104.999
2026-06-08T13:05:52.685629+00:00,scheduler,2,100,8837.9,10240.0,61,318.279
2026-06-08T13:05:52.685629+00:00,scheduler,3,100,8837.9,10240.0,71,318.724
2026-06-08T13:05:57.686347+00:00,scheduler,0,0,699.9,10240.0,37,23.264
2026-06-08T13:05:57.686347+00:00,scheduler,1,0,675.9,10240.0,56,104.163
2026-06-08T13:05:57.686347+00:00,scheduler,2,100,8837.9,10240.0,65,319.12
2026-06-08T13:05:57.686347+00:00,scheduler,3,100,8837.9,10240.0,72,318.231
2026-06-08T13:06:02.686973+00:00,scheduler,0,0,699.9,10240.0,37,23.353
2026-06-08T13:06:02.686973+00:00,scheduler,1,0,675.9,10240.0,56,103.897
2026-06-08T13:06:02.686973+00:00,scheduler,2,100,8837.9,10240.0,65,305.593
2026-06-08T13:06:02.686973+00:00,scheduler,3,100,8837.9,10240.0,72,318.729
2026-06-08T13:06:07.687677+00:00,scheduler,0,0,699.9,10240.0,36,23.253
2026-06-08T13:06:07.687677+00:00,scheduler,1,0,675.9,10240.0,49,27.331
2026-06-08T13:06:07.687677+00:00,scheduler,2,100,8837.9,10240.0,67,300.67
2026-06-08T13:06:07.687677+00:00,scheduler,3,10,8837.9,10240.0,52,100.1
2026-06-08T13:06:12.688331+00:00,scheduler,0,0,699.9,10240.0,36,23.208
2026-06-08T13:06:12.688331+00:00,scheduler,1,0,675.9,10240.0,46,25.639
2026-06-08T13:06:12.688331+00:00,scheduler,2,100,8837.9,10240.0,67,290.584
2026-06-08T13:06:12.688331+00:00,scheduler,3,0,699.9,10240.0,52,125.357
2026-06-08T13:06:17.688975+00:00,scheduler,0,0,699.9,10240.0,36,23.129
2026-06-08T13:06:17.688975+00:00,scheduler,1,0,675.9,10240.0,45,25.559
2026-06-08T13:06:17.688975+00:00,scheduler,2,100,8837.9,10240.0,67,290.34
2026-06-08T13:06:17.688975+00:00,scheduler,3,0,699.9,10240.0,49,98.945
2026-06-08T13:06:22.689661+00:00,scheduler,0,0,699.9,10240.0,36,23.141
2026-06-08T13:06:22.689661+00:00,scheduler,1,0,675.9,10240.0,45,25.356
2026-06-08T13:06:22.689661+00:00,scheduler,2,100,8837.9,10240.0,68,285.734
2026-06-08T13:06:22.689661+00:00,scheduler,3,0,699.9,10240.0,49,99.311
2026-06-08T13:06:27.690444+00:00,scheduler,0,0,699.9,10240.0,35,23.161
2026-06-08T13:06:27.690444+00:00,scheduler,1,0,675.9,10240.0,44,25.508
2026-06-08T13:06:27.690444+00:00,scheduler,2,100,8837.9,10240.0,68,287.261
2026-06-08T13:06:27.690444+00:00,scheduler,3,0,699.9,10240.0,48,99.1
2026-06-08T13:06:32.691130+00:00,scheduler,0,0,699.9,10240.0,35,23.055
2026-06-08T13:06:32.691130+00:00,scheduler,1,0,675.9,10240.0,43,25.346
2026-06-08T13:06:32.691130+00:00,scheduler,2,100,8837.9,10240.0,68,286.686
2026-06-08T13:06:32.691130+00:00,scheduler,3,0,699.9,10240.0,42,28.124
2026-06-08T13:06:37.691854+00:00,scheduler,0,0,699.9,10240.0,35,22.935
2026-06-08T13:06:37.691854+00:00,scheduler,1,0,675.9,10240.0,43,24.937
2026-06-08T13:06:37.691854+00:00,scheduler,2,11,8837.9,10240.0,52,96.147
2026-06-08T13:06:37.691854+00:00,scheduler,3,0,699.9,10240.0,40,28.005
2026-06-08T13:06:42.692694+00:00,scheduler,0,0,699.9,10240.0,35,22.932
2026-06-08T13:06:42.692694+00:00,scheduler,1,0,675.9,10240.0,42,24.917
2026-06-08T13:06:42.692694+00:00,scheduler,2,0,699.9,10240.0,51,97.282
2026-06-08T13:06:42.692694+00:00,scheduler,3,0,699.9,10240.0,39,27.912
2026-06-08T13:06:47.693377+00:00,scheduler,0,0,699.9,10240.0,35,22.977
2026-06-08T13:06:47.693377+00:00,scheduler,1,0,675.9,10240.0,42,24.868
2026-06-08T13:06:47.693377+00:00,scheduler,2,0,699.9,10240.0,50,93.448
2026-06-08T13:06:47.693377+00:00,scheduler,3,0,699.9,10240.0,39,27.737
2026-06-08T13:06:52.694000+00:00,scheduler,0,0,699.9,10240.0,34,22.873
2026-06-08T13:06:52.694000+00:00,scheduler,1,0,675.9,10240.0,41,24.998
2026-06-08T13:06:52.694000+00:00,scheduler,2,0,699.9,10240.0,49,93.72
2026-06-08T13:06:52.694000+00:00,scheduler,3,0,699.9,10240.0,38,27.818
2026-06-08T13:06:57.694806+00:00,scheduler,0,0,699.9,10240.0,34,22.907
2026-06-08T13:06:57.694806+00:00,scheduler,1,0,675.9,10240.0,41,24.783
2026-06-08T13:06:57.694806+00:00,scheduler,2,0,699.9,10240.0,45,72.13
2026-06-08T13:06:57.694806+00:00,scheduler,3,0,699.9,10240.0,37,27.487
2026-06-08T13:07:02.695518+00:00,scheduler,0,0,699.9,10240.0,34,22.941
2026-06-08T13:07:02.695518+00:00,scheduler,1,0,675.9,10240.0,41,24.81
2026-06-08T13:07:02.695518+00:00,scheduler,2,0,699.9,10240.0,42,19.953
2026-06-08T13:07:02.695518+00:00,scheduler,3,0,699.9,10240.0,37,27.507
2026-06-08T13:07:07.696270+00:00,scheduler,0,0,699.9,10240.0,34,23.009
2026-06-08T13:07:07.696270+00:00,scheduler,1,11,8697.9,10240.0,54,185.395
2026-06-08T13:07:07.696270+00:00,scheduler,2,0,699.9,10240.0,41,19.572
2026-06-08T13:07:07.696270+00:00,scheduler,3,0,699.9,10240.0,36,27.62
2026-06-08T13:07:12.696915+00:00,scheduler,0,0,699.9,10240.0,34,22.876
2026-06-08T13:07:12.696915+00:00,scheduler,1,39,4743.9,10240.0,52,113.81
2026-06-08T13:07:12.696915+00:00,scheduler,2,0,699.9,10240.0,40,19.555
2026-06-08T13:07:12.696915+00:00,scheduler,3,0,699.9,10240.0,36,27.401
2026-06-08T13:07:17.697629+00:00,scheduler,0,0,699.9,10240.0,34,22.877
2026-06-08T13:07:17.697629+00:00,scheduler,1,100,8813.9,10240.0,69,284.066
2026-06-08T13:07:17.697629+00:00,scheduler,2,0,699.9,10240.0,39,19.915
2026-06-08T13:07:17.697629+00:00,scheduler,3,0,699.9,10240.0,36,27.397
2026-06-08T13:07:22.698278+00:00,scheduler,0,0,699.9,10240.0,34,23.006
2026-06-08T13:07:22.698278+00:00,scheduler,1,100,8813.9,10240.0,69,271.011
2026-06-08T13:07:22.698278+00:00,scheduler,2,0,699.9,10240.0,38,19.839
2026-06-08T13:07:22.698278+00:00,scheduler,3,67,8721.9,10240.0,41,102.808
2026-06-08T13:07:27.698939+00:00,scheduler,0,0,699.9,10240.0,34,22.942
2026-06-08T13:07:27.698939+00:00,scheduler,1,100,8813.9,10240.0,70,271.671
2026-06-08T13:07:27.698939+00:00,scheduler,2,0,699.9,10240.0,38,19.615
2026-06-08T13:07:27.698939+00:00,scheduler,3,37,4839.9,10240.0,44,111.523
2026-06-08T13:07:32.699574+00:00,scheduler,0,0,699.9,10240.0,34,22.918
2026-06-08T13:07:32.699574+00:00,scheduler,1,100,8813.9,10240.0,70,267.841
2026-06-08T13:07:32.699574+00:00,scheduler,2,0,699.9,10240.0,37,19.549
2026-06-08T13:07:32.699574+00:00,scheduler,3,100,8837.9,10240.0,66,318.823
2026-06-08T13:07:37.700182+00:00,scheduler,0,0,699.9,10240.0,34,23.295
2026-06-08T13:07:37.700182+00:00,scheduler,1,100,8813.9,10240.0,70,267.019
2026-06-08T13:07:37.700182+00:00,scheduler,2,0,699.9,10240.0,37,19.519
2026-06-08T13:07:37.700182+00:00,scheduler,3,100,8837.9,10240.0,68,318.997
2026-06-08T13:07:42.700857+00:00,scheduler,0,0,699.9,10240.0,34,23.048
2026-06-08T13:07:42.700857+00:00,scheduler,1,100,8813.9,10240.0,71,264.753
2026-06-08T13:07:42.700857+00:00,scheduler,2,0,699.9,10240.0,36,19.473
2026-06-08T13:07:42.700857+00:00,scheduler,3,100,8837.9,10240.0,70,319.013
2026-06-08T13:07:47.701452+00:00,scheduler,0,0,699.9,10240.0,33,23.095
2026-06-08T13:07:47.701452+00:00,scheduler,1,100,8813.9,10240.0,71,261.536
2026-06-08T13:07:47.701452+00:00,scheduler,2,0,699.9,10240.0,36,19.466
2026-06-08T13:07:47.701452+00:00,scheduler,3,100,8837.9,10240.0,70,319.46
2026-06-08T13:07:52.702043+00:00,scheduler,0,0,699.9,10240.0,33,23.058
2026-06-08T13:07:52.702043+00:00,scheduler,1,100,8813.9,10240.0,71,262.052
2026-06-08T13:07:52.702043+00:00,scheduler,2,0,699.9,10240.0,36,19.252
2026-06-08T13:07:52.702043+00:00,scheduler,3,100,8837.9,10240.0,71,319.009
2026-06-08T13:07:57.702675+00:00,scheduler,0,0,699.9,10240.0,33,23.12
2026-06-08T13:07:57.702675+00:00,scheduler,1,10,8813.9,10240.0,67,239.335
2026-06-08T13:07:57.702675+00:00,scheduler,2,0,1441.9,10240.0,36,19.248
2026-06-08T13:07:57.702675+00:00,scheduler,3,100,8837.9,10240.0,71,317.952
2026-06-08T13:08:02.703362+00:00,scheduler,0,30,7029.9,10240.0,37,93.076
2026-06-08T13:08:02.703362+00:00,scheduler,1,10,8813.9,10240.0,58,105.388
2026-06-08T13:08:02.703362+00:00,scheduler,2,12,8721.9,10240.0,44,113.294
2026-06-08T13:08:02.703362+00:00,scheduler,3,100,8837.9,10240.0,72,319.549
2026-06-08T13:08:07.703969+00:00,scheduler,0,30,1707.9,10240.0,39,102.713
2026-06-08T13:08:07.703969+00:00,scheduler,1,0,675.9,10240.0,57,110.336
2026-06-08T13:08:07.703969+00:00,scheduler,2,100,8837.9,10240.0,60,315.815
2026-06-08T13:08:07.703969+00:00,scheduler,3,100,8837.9,10240.0,72,319.353
2026-06-08T13:08:12.704627+00:00,scheduler,0,100,8837.9,10240.0,52,318.834
2026-06-08T13:08:12.704627+00:00,scheduler,1,0,675.9,10240.0,56,104.205
2026-06-08T13:08:12.704627+00:00,scheduler,2,100,8837.9,10240.0,64,319.24
2026-06-08T13:08:12.704627+00:00,scheduler,3,11,8837.9,10240.0,53,105.596
2026-06-08T13:08:17.705273+00:00,scheduler,0,100,8837.9,10240.0,53,318.194
2026-06-08T13:08:17.705273+00:00,scheduler,1,0,675.9,10240.0,55,104.087
2026-06-08T13:08:17.705273+00:00,scheduler,2,100,8837.9,10240.0,65,308.712
2026-06-08T13:08:17.705273+00:00,scheduler,3,0,699.9,10240.0,53,124.302
2026-06-08T13:08:22.705915+00:00,scheduler,0,100,8837.9,10240.0,55,318.519
2026-06-08T13:08:22.705915+00:00,scheduler,1,0,675.9,10240.0,49,27.642
2026-06-08T13:08:22.705915+00:00,scheduler,2,100,8837.9,10240.0,66,308.361
2026-06-08T13:08:22.705915+00:00,scheduler,3,0,699.9,10240.0,50,98.511
2026-06-08T13:08:27.706532+00:00,scheduler,0,100,8837.9,10240.0,56,318.395
2026-06-08T13:08:27.706532+00:00,scheduler,1,0,675.9,10240.0,46,25.27
2026-06-08T13:08:27.706532+00:00,scheduler,2,100,8837.9,10240.0,67,299.6
2026-06-08T13:08:27.706532+00:00,scheduler,3,0,699.9,10240.0,49,98.213
2026-06-08T13:08:32.707267+00:00,scheduler,0,100,8837.9,10240.0,57,318.773
2026-06-08T13:08:32.707267+00:00,scheduler,1,0,675.9,10240.0,45,25.312
2026-06-08T13:08:32.707267+00:00,scheduler,2,100,8837.9,10240.0,67,290.239
2026-06-08T13:08:32.707267+00:00,scheduler,3,0,699.9,10240.0,48,98.122
2026-06-08T13:08:37.707967+00:00,scheduler,0,100,8837.9,10240.0,58,318.341
2026-06-08T13:08:37.707967+00:00,scheduler,1,0,675.9,10240.0,45,25.309
2026-06-08T13:08:37.707967+00:00,scheduler,2,100,8837.9,10240.0,67,284.281
2026-06-08T13:08:37.707967+00:00,scheduler,3,0,699.9,10240.0,42,27.964
2026-06-08T13:08:42.708587+00:00,scheduler,0,100,8837.9,10240.0,59,318.886
2026-06-08T13:08:42.708587+00:00,scheduler,1,0,675.9,10240.0,44,25.494
2026-06-08T13:08:42.708587+00:00,scheduler,2,100,8837.9,10240.0,68,286.531
2026-06-08T13:08:42.708587+00:00,scheduler,3,0,699.9,10240.0,40,28.176
2026-06-08T13:08:47.709183+00:00,scheduler,0,100,8837.9,10240.0,60,319.061
2026-06-08T13:08:47.709183+00:00,scheduler,1,0,675.9,10240.0,43,25.06
2026-06-08T13:08:47.709183+00:00,scheduler,2,100,8837.9,10240.0,68,285.813
2026-06-08T13:08:47.709183+00:00,scheduler,3,0,699.9,10240.0,39,27.793
2026-06-08T13:08:52.710045+00:00,scheduler,0,11,8837.9,10240.0,50,111.477
2026-06-08T13:08:52.710045+00:00,scheduler,1,0,675.9,10240.0,42,25.0
2026-06-08T13:08:52.710045+00:00,scheduler,2,11,8837.9,10240.0,52,96.754
2026-06-08T13:08:52.710045+00:00,scheduler,3,0,699.9,10240.0,38,27.785
2026-06-08T13:08:57.710644+00:00,scheduler,0,0,699.9,10240.0,50,147.201
2026-06-08T13:08:57.710644+00:00,scheduler,1,0,675.9,10240.0,42,24.807
2026-06-08T13:08:57.710644+00:00,scheduler,2,0,699.9,10240.0,51,98.865
2026-06-08T13:08:57.710644+00:00,scheduler,3,0,699.9,10240.0,38,27.477
2026-06-08T13:09:02.711271+00:00,scheduler,0,0,699.9,10240.0,48,97.238
2026-06-08T13:09:02.711271+00:00,scheduler,1,0,675.9,10240.0,42,24.882
2026-06-08T13:09:02.711271+00:00,scheduler,2,0,699.9,10240.0,49,93.559
2026-06-08T13:09:02.711271+00:00,scheduler,3,11,8721.9,10240.0,48,180.172
2026-06-08T13:09:07.712054+00:00,scheduler,0,0,699.9,10240.0,47,96.963
2026-06-08T13:09:07.712054+00:00,scheduler,1,0,675.9,10240.0,41,24.956
2026-06-08T13:09:07.712054+00:00,scheduler,2,0,699.9,10240.0,48,92.938
2026-06-08T13:09:07.712054+00:00,scheduler,3,35,8835.9,10240.0,46,121.349
2026-06-08T13:09:12.712866+00:00,scheduler,0,0,699.9,10240.0,46,96.568
2026-06-08T13:09:12.712866+00:00,scheduler,1,0,675.9,10240.0,41,25.173
2026-06-08T13:09:12.712866+00:00,scheduler,2,0,699.9,10240.0,44,23.018
2026-06-08T13:09:12.712866+00:00,scheduler,3,100,8837.9,10240.0,68,318.492
2026-06-08T13:09:17.713534+00:00,scheduler,0,0,699.9,10240.0,42,23.888
2026-06-08T13:09:17.713534+00:00,scheduler,1,0,675.9,10240.0,41,25.127
2026-06-08T13:09:17.713534+00:00,scheduler,2,0,699.9,10240.0,41,20.521
2026-06-08T13:09:17.713534+00:00,scheduler,3,100,8837.9,10240.0,70,319.038
2026-06-08T13:09:22.714069+00:00,scheduler,0,0,699.9,10240.0,41,23.662
2026-06-08T13:09:22.714069+00:00,scheduler,1,0,675.9,10240.0,41,25.058
2026-06-08T13:09:22.714069+00:00,scheduler,2,0,699.9,10240.0,40,20.217
2026-06-08T13:09:22.714069+00:00,scheduler,3,100,8837.9,10240.0,71,319.893
2026-06-08T13:09:27.714720+00:00,scheduler,0,0,699.9,10240.0,40,23.549
2026-06-08T13:09:27.714720+00:00,scheduler,1,0,675.9,10240.0,40,25.037
2026-06-08T13:09:27.714720+00:00,scheduler,2,0,699.9,10240.0,39,19.959
2026-06-08T13:09:27.714720+00:00,scheduler,3,100,8837.9,10240.0,71,319.032
2026-06-08T13:09:32.715307+00:00,scheduler,0,0,699.9,10240.0,39,23.607
2026-06-08T13:09:32.715307+00:00,scheduler,1,0,675.9,10240.0,40,25.033
2026-06-08T13:09:32.715307+00:00,scheduler,2,0,699.9,10240.0,39,19.88
2026-06-08T13:09:32.715307+00:00,scheduler,3,100,8837.9,10240.0,72,318.731
2026-06-08T13:09:37.715992+00:00,scheduler,0,0,699.9,10240.0,38,23.701
2026-06-08T13:09:37.715992+00:00,scheduler,1,0,675.9,10240.0,40,25.064
2026-06-08T13:09:37.715992+00:00,scheduler,2,0,699.9,10240.0,38,19.75
2026-06-08T13:09:37.715992+00:00,scheduler,3,100,8837.9,10240.0,72,318.605
2026-06-08T13:09:42.716699+00:00,scheduler,0,0,699.9,10240.0,38,23.534
2026-06-08T13:09:42.716699+00:00,scheduler,1,0,675.9,10240.0,40,25.199
2026-06-08T13:09:42.716699+00:00,scheduler,2,0,699.9,10240.0,37,19.735
2026-06-08T13:09:42.716699+00:00,scheduler,3,100,8837.9,10240.0,73,319.553
2026-06-08T13:09:47.717410+00:00,scheduler,0,0,699.9,10240.0,37,23.357
2026-06-08T13:09:47.717410+00:00,scheduler,1,0,675.9,10240.0,40,24.943
2026-06-08T13:09:47.717410+00:00,scheduler,2,0,699.9,10240.0,37,19.61
2026-06-08T13:09:47.717410+00:00,scheduler,3,100,8837.9,10240.0,73,318.638
2026-06-08T13:09:52.718027+00:00,scheduler,0,0,699.9,10240.0,37,23.303
2026-06-08T13:09:52.718027+00:00,scheduler,1,0,675.9,10240.0,40,24.791
2026-06-08T13:09:52.718027+00:00,scheduler,2,0,699.9,10240.0,37,19.311
2026-06-08T13:09:52.718027+00:00,scheduler,3,10,8837.9,10240.0,53,100.378
2026-06-08T13:09:57.718757+00:00,scheduler,0,0,699.9,10240.0,36,23.2
2026-06-08T13:09:57.718757+00:00,scheduler,1,0,675.9,10240.0,39,24.714
2026-06-08T13:09:57.718757+00:00,scheduler,2,0,699.9,10240.0,36,19.287
2026-06-08T13:09:57.718757+00:00,scheduler,3,0,699.9,10240.0,51,108.853
2026-06-08T13:10:02.719466+00:00,scheduler,0,47,8721.9,10240.0,42,164.423
2026-06-08T13:10:02.719466+00:00,scheduler,1,0,675.9,10240.0,39,25.056
2026-06-08T13:10:02.719466+00:00,scheduler,2,0,699.9,10240.0,36,19.481
2026-06-08T13:10:02.719466+00:00,scheduler,3,0,699.9,10240.0,50,98.805
2026-06-08T13:10:07.720120+00:00,scheduler,0,100,8837.9,10240.0,50,143.446
2026-06-08T13:10:07.720120+00:00,scheduler,1,0,675.9,10240.0,39,24.645
2026-06-08T13:10:07.720120+00:00,scheduler,2,0,699.9,10240.0,36,19.045
2026-06-08T13:10:07.720120+00:00,scheduler,3,0,699.9,10240.0,49,98.587
2026-06-08T13:10:12.720710+00:00,scheduler,0,100,8837.9,10240.0,55,319.411
2026-06-08T13:10:12.720710+00:00,scheduler,1,0,675.9,10240.0,39,24.895
2026-06-08T13:10:12.720710+00:00,scheduler,2,0,699.9,10240.0,35,19.429
2026-06-08T13:10:12.720710+00:00,scheduler,3,0,699.9,10240.0,45,86.651
2026-06-08T13:10:17.721343+00:00,scheduler,0,100,8837.9,10240.0,56,319.323
2026-06-08T13:10:17.721343+00:00,scheduler,1,0,675.9,10240.0,39,24.792
2026-06-08T13:10:17.721343+00:00,scheduler,2,0,699.9,10240.0,35,19.469
2026-06-08T13:10:17.721343+00:00,scheduler,3,0,699.9,10240.0,41,28.156
2026-06-08T13:10:22.722015+00:00,scheduler,0,100,8837.9,10240.0,57,319.118
2026-06-08T13:10:22.722015+00:00,scheduler,1,0,675.9,10240.0,39,24.808
2026-06-08T13:10:22.722015+00:00,scheduler,2,0,699.9,10240.0,35,19.412
2026-06-08T13:10:22.722015+00:00,scheduler,3,0,699.9,10240.0,40,27.863
2026-06-08T13:10:27.722603+00:00,scheduler,0,100,8837.9,10240.0,58,318.714
2026-06-08T13:10:27.722603+00:00,scheduler,1,0,675.9,10240.0,39,24.829
2026-06-08T13:10:27.722603+00:00,scheduler,2,0,699.9,10240.0,35,19.4
2026-06-08T13:10:27.722603+00:00,scheduler,3,0,699.9,10240.0,39,27.857
2026-06-08T13:10:32.723175+00:00,scheduler,0,100,8837.9,10240.0,59,319.109
2026-06-08T13:10:32.723175+00:00,scheduler,1,0,675.9,10240.0,39,24.809
2026-06-08T13:10:32.723175+00:00,scheduler,2,0,699.9,10240.0,35,19.486
2026-06-08T13:10:32.723175+00:00,scheduler,3,0,699.9,10240.0,38,27.69
2026-06-08T13:10:37.725951+00:00,scheduler,0,100,8837.9,10240.0,60,319.044
2026-06-08T13:10:37.725951+00:00,scheduler,1,0,675.9,10240.0,39,24.857
2026-06-08T13:10:37.725951+00:00,scheduler,2,0,699.9,10240.0,35,19.437
2026-06-08T13:10:37.725951+00:00,scheduler,3,0,699.9,10240.0,38,27.495
2026-06-08T13:10:42.726621+00:00,scheduler,0,100,8837.9,10240.0,60,319.136
2026-06-08T13:10:42.726621+00:00,scheduler,1,0,675.9,10240.0,38,24.765
2026-06-08T13:10:42.726621+00:00,scheduler,2,0,699.9,10240.0,34,19.398
2026-06-08T13:10:42.726621+00:00,scheduler,3,0,699.9,10240.0,37,27.493
2026-06-08T13:10:47.727279+00:00,scheduler,0,100,8837.9,10240.0,61,318.615
2026-06-08T13:10:47.727279+00:00,scheduler,1,0,675.9,10240.0,38,24.928
2026-06-08T13:10:47.727279+00:00,scheduler,2,0,699.9,10240.0,34,19.322
2026-06-08T13:10:47.727279+00:00,scheduler,3,0,699.9,10240.0,37,27.45
2026-06-08T13:10:52.728029+00:00,scheduler,0,11,8837.9,10240.0,50,97.722
2026-06-08T13:10:52.728029+00:00,scheduler,1,0,675.9,10240.0,38,24.581
2026-06-08T13:10:52.728029+00:00,scheduler,2,0,699.9,10240.0,34,19.026
2026-06-08T13:10:52.728029+00:00,scheduler,3,0,699.9,10240.0,36,27.336
2026-06-08T13:10:57.728760+00:00,scheduler,0,0,699.9,10240.0,49,105.161
2026-06-08T13:10:57.728760+00:00,scheduler,1,0,675.9,10240.0,38,24.635
2026-06-08T13:10:57.728760+00:00,scheduler,2,0,699.9,10240.0,34,18.849
2026-06-08T13:10:57.728760+00:00,scheduler,3,0,699.9,10240.0,36,27.373
2026-06-08T13:11:02.729551+00:00,scheduler,0,0,699.9,10240.0,48,97.019
2026-06-08T13:11:02.729551+00:00,scheduler,1,0,675.9,10240.0,38,24.727
2026-06-08T13:11:02.729551+00:00,scheduler,2,0,699.9,10240.0,34,18.993
2026-06-08T13:11:02.729551+00:00,scheduler,3,0,699.9,10240.0,36,27.463
2026-06-08T13:11:07.730231+00:00,scheduler,0,0,699.9,10240.0,47,97.177
2026-06-08T13:11:07.730231+00:00,scheduler,1,0,675.9,10240.0,38,24.585
2026-06-08T13:11:07.730231+00:00,scheduler,2,0,699.9,10240.0,34,19.006
2026-06-08T13:11:07.730231+00:00,scheduler,3,0,699.9,10240.0,35,27.447
2026-06-08T13:11:12.730866+00:00,scheduler,0,0,699.9,10240.0,43,78.998
2026-06-08T13:11:12.730866+00:00,scheduler,1,0,675.9,10240.0,38,24.547
2026-06-08T13:11:12.730866+00:00,scheduler,2,0,699.9,10240.0,34,18.952
2026-06-08T13:11:12.730866+00:00,scheduler,3,0,699.9,10240.0,35,27.371
2026-06-08T13:11:17.731563+00:00,scheduler,0,0,699.9,10240.0,42,23.693
2026-06-08T13:11:17.731563+00:00,scheduler,1,0,675.9,10240.0,38,24.59
2026-06-08T13:11:17.731563+00:00,scheduler,2,0,699.9,10240.0,34,18.799
2026-06-08T13:11:17.731563+00:00,scheduler,3,0,699.9,10240.0,35,27.238
2026-06-08T13:11:22.732119+00:00,scheduler,0,0,699.9,10240.0,41,23.639
2026-06-08T13:11:22.732119+00:00,scheduler,1,0,675.9,10240.0,38,24.506
2026-06-08T13:11:22.732119+00:00,scheduler,2,0,699.9,10240.0,34,18.854
2026-06-08T13:11:22.732119+00:00,scheduler,3,0,699.9,10240.0,35,27.41
2026-06-08T13:11:27.732912+00:00,scheduler,0,0,699.9,10240.0,40,23.63
2026-06-08T13:11:27.732912+00:00,scheduler,1,0,675.9,10240.0,38,24.602
2026-06-08T13:11:27.732912+00:00,scheduler,2,13,8721.9,10240.0,42,111.538
2026-06-08T13:11:27.732912+00:00,scheduler,3,0,699.9,10240.0,35,27.423
2026-06-08T13:11:32.733620+00:00,scheduler,0,0,699.9,10240.0,39,23.416
2026-06-08T13:11:32.733620+00:00,scheduler,1,0,675.9,10240.0,38,24.623
2026-06-08T13:11:32.733620+00:00,scheduler,2,100,8837.9,10240.0,57,319.778
2026-06-08T13:11:32.733620+00:00,scheduler,3,0,699.9,10240.0,34,27.379
2026-06-08T13:11:37.734304+00:00,scheduler,0,0,699.9,10240.0,38,23.387
2026-06-08T13:11:37.734304+00:00,scheduler,1,0,675.9,10240.0,38,24.906
2026-06-08T13:11:37.734304+00:00,scheduler,2,100,8837.9,10240.0,62,318.88
2026-06-08T13:11:37.734304+00:00,scheduler,3,0,699.9,10240.0,34,27.296
2026-06-08T13:11:42.734920+00:00,scheduler,0,0,699.9,10240.0,38,23.226
2026-06-08T13:11:42.734920+00:00,scheduler,1,0,675.9,10240.0,38,24.807
2026-06-08T13:11:42.734920+00:00,scheduler,2,100,8837.9,10240.0,64,318.87
2026-06-08T13:11:42.734920+00:00,scheduler,3,0,699.9,10240.0,34,27.386
2026-06-08T13:11:47.735676+00:00,scheduler,0,0,699.9,10240.0,37,23.175
2026-06-08T13:11:47.735676+00:00,scheduler,1,0,675.9,10240.0,38,24.715
2026-06-08T13:11:47.735676+00:00,scheduler,2,100,8837.9,10240.0,66,311.021
2026-06-08T13:11:47.735676+00:00,scheduler,3,0,699.9,10240.0,34,27.438
2026-06-08T13:11:52.736354+00:00,scheduler,0,15,8721.9,10240.0,43,112.835
2026-06-08T13:11:52.736354+00:00,scheduler,1,0,675.9,10240.0,38,24.767
2026-06-08T13:11:52.736354+00:00,scheduler,2,100,8837.9,10240.0,66,305.674
2026-06-08T13:11:52.736354+00:00,scheduler,3,0,699.9,10240.0,34,27.305
2026-06-08T13:11:57.736960+00:00,scheduler,0,100,8837.9,10240.0,54,317.944
2026-06-08T13:11:57.736960+00:00,scheduler,1,0,675.9,10240.0,38,24.562
2026-06-08T13:11:57.736960+00:00,scheduler,2,100,8837.9,10240.0,66,300.748
2026-06-08T13:11:57.736960+00:00,scheduler,3,0,699.9,10240.0,34,27.252
2026-06-08T13:12:02.737646+00:00,scheduler,0,100,8837.9,10240.0,56,318.896
2026-06-08T13:12:02.737646+00:00,scheduler,1,0,675.9,10240.0,38,24.574
2026-06-08T13:12:02.737646+00:00,scheduler,2,100,8837.9,10240.0,67,295.226
2026-06-08T13:12:02.737646+00:00,scheduler,3,0,699.9,10240.0,34,27.218
2026-06-08T13:12:07.738333+00:00,scheduler,0,100,8837.9,10240.0,57,318.26
2026-06-08T13:12:07.738333+00:00,scheduler,1,0,675.9,10240.0,38,24.648
2026-06-08T13:12:07.738333+00:00,scheduler,2,100,8837.9,10240.0,67,287.685
2026-06-08T13:12:07.738333+00:00,scheduler,3,0,699.9,10240.0,34,27.239
2026-06-08T13:12:12.739016+00:00,scheduler,0,100,8837.9,10240.0,58,319.353
2026-06-08T13:12:12.739016+00:00,scheduler,1,0,675.9,10240.0,38,24.763
2026-06-08T13:12:12.739016+00:00,scheduler,2,100,8837.9,10240.0,67,282.86
2026-06-08T13:12:12.739016+00:00,scheduler,3,0,699.9,10240.0,34,27.295
2026-06-08T13:12:17.739737+00:00,scheduler,0,100,8837.9,10240.0,59,319.361
2026-06-08T13:12:17.739737+00:00,scheduler,1,0,675.9,10240.0,38,24.622
2026-06-08T13:12:17.739737+00:00,scheduler,2,13,8837.9,10240.0,52,97.181
2026-06-08T13:12:17.739737+00:00,scheduler,3,0,699.9,10240.0,34,27.296
2026-06-08T13:12:22.740278+00:00,scheduler,0,100,8837.9,10240.0,60,319.221
2026-06-08T13:12:22.740278+00:00,scheduler,1,0,675.9,10240.0,37,24.588
2026-06-08T13:12:22.740278+00:00,scheduler,2,0,699.9,10240.0,51,109.315
2026-06-08T13:12:22.740278+00:00,scheduler,3,0,699.9,10240.0,34,27.303
2026-06-08T13:12:27.740906+00:00,scheduler,0,100,8837.9,10240.0,60,319.517
2026-06-08T13:12:27.740906+00:00,scheduler,1,0,675.9,10240.0,37,24.687
2026-06-08T13:12:27.740906+00:00,scheduler,2,0,699.9,10240.0,49,93.833
2026-06-08T13:12:27.740906+00:00,scheduler,3,0,699.9,10240.0,34,27.395
2026-06-08T13:12:32.741612+00:00,scheduler,0,100,8837.9,10240.0,61,318.138
2026-06-08T13:12:32.741612+00:00,scheduler,1,0,675.9,10240.0,37,24.729
2026-06-08T13:12:32.741612+00:00,scheduler,2,0,699.9,10240.0,49,93.309
2026-06-08T13:12:32.741612+00:00,scheduler,3,0,699.9,10240.0,34,27.201
2026-06-08T13:12:37.742392+00:00,scheduler,0,11,8837.9,10240.0,53,156.698
2026-06-08T13:12:37.742392+00:00,scheduler,1,34,8677.9,10240.0,45,101.437
2026-06-08T13:12:37.742392+00:00,scheduler,2,0,699.9,10240.0,45,66.152
2026-06-08T13:12:37.742392+00:00,scheduler,3,0,699.9,10240.0,33,27.256
2026-06-08T13:12:42.742946+00:00,scheduler,0,14,2943.9,10240.0,50,98.117
2026-06-08T13:12:42.742946+00:00,scheduler,1,12,8697.9,10240.0,47,99.803
2026-06-08T13:12:42.742946+00:00,scheduler,2,0,699.9,10240.0,42,20.24
2026-06-08T13:12:42.742946+00:00,scheduler,3,0,699.9,10240.0,33,27.187
2026-06-08T13:12:47.743587+00:00,scheduler,0,0,699.9,10240.0,49,96.774
2026-06-08T13:12:47.743587+00:00,scheduler,1,35,8811.9,10240.0,50,125.136
2026-06-08T13:12:47.743587+00:00,scheduler,2,0,699.9,10240.0,41,20.051
2026-06-08T13:12:47.743587+00:00,scheduler,3,0,699.9,10240.0,33,27.158
2026-06-08T13:12:52.744234+00:00,scheduler,0,0,699.9,10240.0,48,96.062
2026-06-08T13:12:52.744234+00:00,scheduler,1,100,8813.9,10240.0,68,292.531
2026-06-08T13:12:52.744234+00:00,scheduler,2,0,699.9,10240.0,40,20.062
2026-06-08T13:12:52.744234+00:00,scheduler,3,0,699.9,10240.0,33,27.298
2026-06-08T13:12:57.744812+00:00,scheduler,0,0,699.9,10240.0,47,95.532
2026-06-08T13:12:57.744812+00:00,scheduler,1,100,8813.9,10240.0,68,280.732
2026-06-08T13:12:57.744812+00:00,scheduler,2,0,699.9,10240.0,39,19.979
2026-06-08T13:12:57.744812+00:00,scheduler,3,0,699.9,10240.0,33,27.392
2026-06-08T13:13:02.745454+00:00,scheduler,0,0,699.9,10240.0,42,24.789
2026-06-08T13:13:02.745454+00:00,scheduler,1,100,8813.9,10240.0,68,273.387
2026-06-08T13:13:02.745454+00:00,scheduler,2,0,699.9,10240.0,38,19.946
2026-06-08T13:13:02.745454+00:00,scheduler,3,0,699.9,10240.0,33,27.34
2026-06-08T13:13:07.746126+00:00,scheduler,0,0,699.9,10240.0,41,23.762
2026-06-08T13:13:07.746126+00:00,scheduler,1,100,8813.9,10240.0,69,272.392
2026-06-08T13:13:07.746126+00:00,scheduler,2,0,699.9,10240.0,38,19.598
2026-06-08T13:13:07.746126+00:00,scheduler,3,0,699.9,10240.0,33,27.302
2026-06-08T13:13:12.746774+00:00,scheduler,0,0,699.9,10240.0,40,23.713
2026-06-08T13:13:12.746774+00:00,scheduler,1,100,8813.9,10240.0,69,268.199
2026-06-08T13:13:12.746774+00:00,scheduler,2,0,699.9,10240.0,37,19.705
2026-06-08T13:13:12.746774+00:00,scheduler,3,0,699.9,10240.0,33,27.342
2026-06-08T13:13:17.747387+00:00,scheduler,0,0,699.9,10240.0,39,23.553
2026-06-08T13:13:17.747387+00:00,scheduler,1,100,8813.9,10240.0,70,266.433
2026-06-08T13:13:17.747387+00:00,scheduler,2,12,8721.9,10240.0,46,114.798
2026-06-08T13:13:17.747387+00:00,scheduler,3,0,699.9,10240.0,33,27.356
2026-06-08T13:13:22.748066+00:00,scheduler,0,0,699.9,10240.0,38,23.497
2026-06-08T13:13:22.748066+00:00,scheduler,1,100,8813.9,10240.0,70,261.342
2026-06-08T13:13:22.748066+00:00,scheduler,2,100,8837.9,10240.0,59,302.174
2026-06-08T13:13:22.748066+00:00,scheduler,3,0,699.9,10240.0,33,27.019
2026-06-08T13:13:27.748692+00:00,scheduler,0,0,699.9,10240.0,38,23.349
2026-06-08T13:13:27.748692+00:00,scheduler,1,100,8813.9,10240.0,70,261.39
2026-06-08T13:13:27.748692+00:00,scheduler,2,100,8837.9,10240.0,65,318.568
2026-06-08T13:13:27.748692+00:00,scheduler,3,0,699.9,10240.0,33,27.198
2026-06-08T13:13:32.749257+00:00,scheduler,0,0,699.9,10240.0,37,23.362
2026-06-08T13:13:32.749257+00:00,scheduler,1,10,8813.9,10240.0,62,136.012
2026-06-08T13:13:32.749257+00:00,scheduler,2,100,8837.9,10240.0,66,311.406
2026-06-08T13:13:32.749257+00:00,scheduler,3,0,699.9,10240.0,33,27.032
2026-06-08T13:13:37.749839+00:00,scheduler,0,0,699.9,10240.0,37,23.353
2026-06-08T13:13:37.749839+00:00,scheduler,1,74,2717.9,10240.0,57,105.397
2026-06-08T13:13:37.749839+00:00,scheduler,2,100,8837.9,10240.0,67,304.173
2026-06-08T13:13:37.749839+00:00,scheduler,3,0,699.9,10240.0,33,27.172
2026-06-08T13:13:42.750492+00:00,scheduler,0,0,699.9,10240.0,37,23.609
2026-06-08T13:13:42.750492+00:00,scheduler,1,0,675.9,10240.0,56,104.336
2026-06-08T13:13:42.750492+00:00,scheduler,2,100,8837.9,10240.0,67,295.686
2026-06-08T13:13:42.750492+00:00,scheduler,3,0,699.9,10240.0,33,27.055
2026-06-08T13:13:47.751163+00:00,scheduler,0,0,699.9,10240.0,36,23.32
2026-06-08T13:13:47.751163+00:00,scheduler,1,0,675.9,10240.0,56,103.783
2026-06-08T13:13:47.751163+00:00,scheduler,2,100,8837.9,10240.0,67,290.742
2026-06-08T13:13:47.751163+00:00,scheduler,3,0,699.9,10240.0,33,27.25
2026-06-08T13:13:52.751829+00:00,scheduler,0,0,699.9,10240.0,36,23.363
2026-06-08T13:13:52.751829+00:00,scheduler,1,0,675.9,10240.0,55,103.347
2026-06-08T13:13:52.751829+00:00,scheduler,2,100,8837.9,10240.0,68,288.118
2026-06-08T13:13:52.751829+00:00,scheduler,3,0,699.9,10240.0,33,27.203
2026-06-08T13:13:57.752379+00:00,scheduler,0,0,699.9,10240.0,36,23.175
2026-06-08T13:13:57.752379+00:00,scheduler,1,0,675.9,10240.0,48,26.444
2026-06-08T13:13:57.752379+00:00,scheduler,2,100,8837.9,10240.0,68,286.634
2026-06-08T13:13:57.752379+00:00,scheduler,3,0,699.9,10240.0,33,27.074
2026-06-08T13:14:02.753241+00:00,scheduler,0,0,699.9,10240.0,35,23.176
2026-06-08T13:14:02.753241+00:00,scheduler,1,0,675.9,10240.0,46,25.703
2026-06-08T13:14:02.753241+00:00,scheduler,2,100,8837.9,10240.0,68,286.602
2026-06-08T13:14:02.753241+00:00,scheduler,3,0,699.9,10240.0,33,27.063
2026-06-08T13:14:07.753873+00:00,scheduler,0,0,699.9,10240.0,35,23.206
2026-06-08T13:14:07.753873+00:00,scheduler,1,0,675.9,10240.0,45,25.091
2026-06-08T13:14:07.753873+00:00,scheduler,2,15,8837.9,10240.0,53,97.363
2026-06-08T13:14:07.753873+00:00,scheduler,3,0,699.9,10240.0,33,27.075
2026-06-08T13:14:12.754538+00:00,scheduler,0,0,699.9,10240.0,35,23.0
2026-06-08T13:14:12.754538+00:00,scheduler,1,0,675.9,10240.0,44,24.97
2026-06-08T13:14:12.754538+00:00,scheduler,2,0,699.9,10240.0,53,121.181
2026-06-08T13:14:12.754538+00:00,scheduler,3,0,699.9,10240.0,33,27.073
2026-06-08T13:14:17.755247+00:00,scheduler,0,0,699.9,10240.0,35,23.086
2026-06-08T13:14:17.755247+00:00,scheduler,1,0,675.9,10240.0,44,24.9
2026-06-08T13:14:17.755247+00:00,scheduler,2,0,699.9,10240.0,50,93.979
2026-06-08T13:14:17.755247+00:00,scheduler,3,0,699.9,10240.0,33,27.122
2026-06-08T13:14:22.755840+00:00,scheduler,0,0,699.9,10240.0,35,23.051
2026-06-08T13:14:22.755840+00:00,scheduler,1,11,8697.9,10240.0,55,127.258
2026-06-08T13:14:22.755840+00:00,scheduler,2,0,699.9,10240.0,49,94.311
2026-06-08T13:14:22.755840+00:00,scheduler,3,0,699.9,10240.0,33,27.037
2026-06-08T13:14:27.756656+00:00,scheduler,0,0,699.9,10240.0,34,23.035
2026-06-08T13:14:27.756656+00:00,scheduler,1,34,6147.9,10240.0,54,123.877
2026-06-08T13:14:27.756656+00:00,scheduler,2,0,699.9,10240.0,48,93.765
2026-06-08T13:14:27.756656+00:00,scheduler,3,0,699.9,10240.0,33,27.128
2026-06-08T13:14:32.757319+00:00,scheduler,0,0,699.9,10240.0,34,23.075
2026-06-08T13:14:32.757319+00:00,scheduler,1,100,8813.9,10240.0,70,281.35
2026-06-08T13:14:32.757319+00:00,scheduler,2,0,699.9,10240.0,43,20.395
2026-06-08T13:14:32.757319+00:00,scheduler,3,0,699.9,10240.0,33,27.126
2026-06-08T13:14:37.758014+00:00,scheduler,0,0,699.9,10240.0,34,23.031
2026-06-08T13:14:37.758014+00:00,scheduler,1,100,8813.9,10240.0,70,271.549
2026-06-08T13:14:37.758014+00:00,scheduler,2,0,699.9,10240.0,41,20.241
2026-06-08T13:14:37.758014+00:00,scheduler,3,0,699.9,10240.0,33,27.017
2026-06-08T13:14:42.760080+00:00,scheduler,0,0,699.9,10240.0,34,23.104
2026-06-08T13:14:42.760080+00:00,scheduler,1,100,8813.9,10240.0,70,266.561
2026-06-08T13:14:42.760080+00:00,scheduler,2,0,699.9,10240.0,40,19.955
2026-06-08T13:14:42.760080+00:00,scheduler,3,47,5613.9,10240.0,37,48.554
2026-06-08T13:14:47.760784+00:00,scheduler,0,0,699.9,10240.0,34,22.947
2026-06-08T13:14:47.760784+00:00,scheduler,1,100,8813.9,10240.0,71,260.592
2026-06-08T13:14:47.760784+00:00,scheduler,2,0,699.9,10240.0,39,20.156
2026-06-08T13:14:47.760784+00:00,scheduler,3,10,8721.9,10240.0,40,108.315
2026-06-08T13:14:52.761446+00:00,scheduler,0,0,699.9,10240.0,34,22.984
2026-06-08T13:14:52.761446+00:00,scheduler,1,100,8813.9,10240.0,71,261.237
2026-06-08T13:14:52.761446+00:00,scheduler,2,0,699.9,10240.0,38,19.887
2026-06-08T13:14:52.761446+00:00,scheduler,3,100,8837.9,10240.0,63,318.926
2026-06-08T13:14:57.762145+00:00,scheduler,0,0,699.9,10240.0,34,23.032
2026-06-08T13:14:57.762145+00:00,scheduler,1,100,8813.9,10240.0,71,259.473
2026-06-08T13:14:57.762145+00:00,scheduler,2,0,699.9,10240.0,38,19.988
2026-06-08T13:14:57.762145+00:00,scheduler,3,100,8837.9,10240.0,67,319.267
2026-06-08T13:15:02.762748+00:00,scheduler,0,0,699.9,10240.0,34,22.968
2026-06-08T13:15:02.762748+00:00,scheduler,1,100,8813.9,10240.0,71,258.374
2026-06-08T13:15:02.762748+00:00,scheduler,2,0,699.9,10240.0,37,19.716
2026-06-08T13:15:02.762748+00:00,scheduler,3,100,8837.9,10240.0,68,317.39
2026-06-08T13:15:07.763368+00:00,scheduler,0,0,699.9,10240.0,34,22.941
2026-06-08T13:15:07.763368+00:00,scheduler,1,100,8813.9,10240.0,71,258.589
2026-06-08T13:15:07.763368+00:00,scheduler,2,13,8721.9,10240.0,46,114.793
2026-06-08T13:15:07.763368+00:00,scheduler,3,100,8837.9,10240.0,69,318.915
2026-06-08T13:15:12.764108+00:00,scheduler,0,0,699.9,10240.0,34,22.884
2026-06-08T13:15:12.764108+00:00,scheduler,1,10,8813.9,10240.0,67,235.402
2026-06-08T13:15:12.764108+00:00,scheduler,2,100,8837.9,10240.0,59,241.613
2026-06-08T13:15:12.764108+00:00,scheduler,3,100,8837.9,10240.0,70,318.764
2026-06-08T13:15:17.764702+00:00,scheduler,0,0,699.9,10240.0,33,22.924
2026-06-08T13:15:17.764702+00:00,scheduler,1,11,8813.9,10240.0,58,105.679
2026-06-08T13:15:17.764702+00:00,scheduler,2,100,8837.9,10240.0,64,319.284
2026-06-08T13:15:17.764702+00:00,scheduler,3,100,8837.9,10240.0,71,319.163
2026-06-08T13:15:22.765268+00:00,scheduler,0,0,699.9,10240.0,33,22.948
2026-06-08T13:15:22.765268+00:00,scheduler,1,0,675.9,10240.0,57,110.503
2026-06-08T13:15:22.765268+00:00,scheduler,2,100,8837.9,10240.0,66,311.878
2026-06-08T13:15:22.765268+00:00,scheduler,3,100,8837.9,10240.0,71,318.73
2026-06-08T13:15:27.765864+00:00,scheduler,0,94,8721.9,10240.0,48,163.741
2026-06-08T13:15:27.765864+00:00,scheduler,1,0,675.9,10240.0,56,104.253
2026-06-08T13:15:27.765864+00:00,scheduler,2,100,8837.9,10240.0,66,303.597
2026-06-08T13:15:27.765864+00:00,scheduler,3,100,8837.9,10240.0,72,318.931
2026-06-08T13:15:32.766712+00:00,scheduler,0,40,8835.9,10240.0,40,110.959
2026-06-08T13:15:32.766712+00:00,scheduler,1,0,675.9,10240.0,56,103.855
2026-06-08T13:15:32.766712+00:00,scheduler,2,100,8837.9,10240.0,67,297.263
2026-06-08T13:15:32.766712+00:00,scheduler,3,11,8837.9,10240.0,56,124.656
2026-06-08T13:15:37.767539+00:00,scheduler,0,100,8837.9,10240.0,53,319.015
2026-06-08T13:15:37.767539+00:00,scheduler,1,0,675.9,10240.0,50,54.614
2026-06-08T13:15:37.767539+00:00,scheduler,2,100,8837.9,10240.0,67,291.69
2026-06-08T13:15:37.767539+00:00,scheduler,3,0,699.9,10240.0,55,144.729
2026-06-08T13:15:42.768083+00:00,scheduler,0,100,8837.9,10240.0,54,319.125
2026-06-08T13:15:42.768083+00:00,scheduler,1,0,675.9,10240.0,47,25.202
2026-06-08T13:15:42.768083+00:00,scheduler,2,100,8837.9,10240.0,68,286.16
2026-06-08T13:15:42.768083+00:00,scheduler,3,0,699.9,10240.0,50,98.87
2026-06-08T13:15:47.768746+00:00,scheduler,0,100,8837.9,10240.0,55,319.264
2026-06-08T13:15:47.768746+00:00,scheduler,1,0,675.9,10240.0,46,25.208
2026-06-08T13:15:47.768746+00:00,scheduler,2,100,8837.9,10240.0,68,287.087
2026-06-08T13:15:47.768746+00:00,scheduler,3,0,699.9,10240.0,49,99.101
2026-06-08T13:15:52.769470+00:00,scheduler,0,100,8837.9,10240.0,57,318.965
2026-06-08T13:15:52.769470+00:00,scheduler,1,0,675.9,10240.0,45,25.202
2026-06-08T13:15:52.769470+00:00,scheduler,2,100,8837.9,10240.0,68,282.11
2026-06-08T13:15:52.769470+00:00,scheduler,3,0,699.9,10240.0,48,98.818
2026-06-08T13:15:57.770133+00:00,scheduler,0,100,8837.9,10240.0,58,318.479
2026-06-08T13:15:57.770133+00:00,scheduler,1,0,675.9,10240.0,44,25.183
2026-06-08T13:15:57.770133+00:00,scheduler,2,12,8837.9,10240.0,53,98.775
2026-06-08T13:15:57.770133+00:00,scheduler,3,0,699.9,10240.0,42,27.735
2026-06-08T13:16:02.770816+00:00,scheduler,0,100,8837.9,10240.0,58,318.606
2026-06-08T13:16:02.770816+00:00,scheduler,1,0,675.9,10240.0,43,25.059
2026-06-08T13:16:02.770816+00:00,scheduler,2,0,699.9,10240.0,54,121.313
2026-06-08T13:16:02.770816+00:00,scheduler,3,0,699.9,10240.0,41,27.79
2026-06-08T13:16:07.771491+00:00,scheduler,0,100,8837.9,10240.0,59,318.876
2026-06-08T13:16:07.771491+00:00,scheduler,1,14,8697.9,10240.0,55,128.667
2026-06-08T13:16:07.771491+00:00,scheduler,2,0,699.9,10240.0,50,94.106
2026-06-08T13:16:07.771491+00:00,scheduler,3,0,699.9,10240.0,40,27.659
2026-06-08T13:16:12.772134+00:00,scheduler,0,100,8837.9,10240.0,60,318.317
2026-06-08T13:16:12.772134+00:00,scheduler,1,40,8811.9,10240.0,55,128.722
2026-06-08T13:16:12.772134+00:00,scheduler,2,0,699.9,10240.0,49,94.613
2026-06-08T13:16:12.772134+00:00,scheduler,3,0,699.9,10240.0,39,27.677
2026-06-08T13:16:17.772830+00:00,scheduler,0,11,8837.9,10240.0,49,97.04
2026-06-08T13:16:17.772830+00:00,scheduler,1,100,8813.9,10240.0,70,279.403
2026-06-08T13:16:17.772830+00:00,scheduler,2,0,699.9,10240.0,48,94.247
2026-06-08T13:16:17.772830+00:00,scheduler,3,0,699.9,10240.0,38,27.563
2026-06-08T13:16:22.773458+00:00,scheduler,0,0,699.9,10240.0,50,114.575
2026-06-08T13:16:22.773458+00:00,scheduler,1,100,8813.9,10240.0,70,270.26
2026-06-08T13:16:22.773458+00:00,scheduler,2,0,699.9,10240.0,42,20.705
2026-06-08T13:16:22.773458+00:00,scheduler,3,0,699.9,10240.0,38,27.48
2026-06-08T13:16:27.774282+00:00,scheduler,0,0,699.9,10240.0,48,97.114
2026-06-08T13:16:27.774282+00:00,scheduler,1,100,8813.9,10240.0,70,262.272
2026-06-08T13:16:27.774282+00:00,scheduler,2,0,699.9,10240.0,41,20.287
2026-06-08T13:16:27.774282+00:00,scheduler,3,0,699.9,10240.0,37,27.435
2026-06-08T13:16:32.774897+00:00,scheduler,0,0,699.9,10240.0,47,96.775
2026-06-08T13:16:32.774897+00:00,scheduler,1,100,8813.9,10240.0,70,264.133
2026-06-08T13:16:32.774897+00:00,scheduler,2,0,699.9,10240.0,40,20.206
2026-06-08T13:16:32.774897+00:00,scheduler,3,0,699.9,10240.0,37,27.444
2026-06-08T13:16:37.775682+00:00,scheduler,0,0,699.9,10240.0,46,96.394
2026-06-08T13:16:37.775682+00:00,scheduler,1,100,8813.9,10240.0,70,263.774
2026-06-08T13:16:37.775682+00:00,scheduler,2,0,699.9,10240.0,39,20.034
2026-06-08T13:16:37.775682+00:00,scheduler,3,0,699.9,10240.0,36,27.535
2026-06-08T13:16:42.776587+00:00,scheduler,0,0,699.9,10240.0,41,23.644
2026-06-08T13:16:42.776587+00:00,scheduler,1,100,8813.9,10240.0,71,259.333
2026-06-08T13:16:42.776587+00:00,scheduler,2,0,699.9,10240.0,38,19.964
2026-06-08T13:16:42.776587+00:00,scheduler,3,0,699.9,10240.0,36,27.29
2026-06-08T13:16:47.777284+00:00,scheduler,0,0,699.9,10240.0,40,23.532
2026-06-08T13:16:47.777284+00:00,scheduler,1,100,8813.9,10240.0,71,255.471
2026-06-08T13:16:47.777284+00:00,scheduler,2,0,699.9,10240.0,38,19.762
2026-06-08T13:16:47.777284+00:00,scheduler,3,0,699.9,10240.0,35,27.407
2026-06-08T13:16:52.777931+00:00,scheduler,0,0,699.9,10240.0,40,23.48
2026-06-08T13:16:52.777931+00:00,scheduler,1,100,8813.9,10240.0,72,258.325
2026-06-08T13:16:52.777931+00:00,scheduler,2,0,699.9,10240.0,37,19.756
2026-06-08T13:16:52.777931+00:00,scheduler,3,0,699.9,10240.0,35,27.287
2026-06-08T13:16:57.778699+00:00,scheduler,0,0,699.9,10240.0,39,23.416
2026-06-08T13:16:57.778699+00:00,scheduler,1,14,8813.9,10240.0,63,156.195
2026-06-08T13:16:57.778699+00:00,scheduler,2,0,699.9,10240.0,37,19.686
2026-06-08T13:16:57.778699+00:00,scheduler,3,0,699.9,10240.0,35,27.293
2026-06-08T13:17:02.779363+00:00,scheduler,0,0,699.9,10240.0,38,23.429
2026-06-08T13:17:02.779363+00:00,scheduler,1,7,5009.9,10240.0,58,106.58
2026-06-08T13:17:02.779363+00:00,scheduler,2,0,699.9,10240.0,36,19.433
2026-06-08T13:17:02.779363+00:00,scheduler,3,43,2809.9,10240.0,35,27.678
2026-06-08T13:17:07.780098+00:00,scheduler,0,0,699.9,10240.0,37,23.367
2026-06-08T13:17:07.780098+00:00,scheduler,1,0,675.9,10240.0,57,109.463
2026-06-08T13:17:07.780098+00:00,scheduler,2,0,699.9,10240.0,36,19.394
2026-06-08T13:17:07.780098+00:00,scheduler,3,10,8721.9,10240.0,43,115.838
2026-06-08T13:17:12.780813+00:00,scheduler,0,0,699.9,10240.0,37,23.18
2026-06-08T13:17:12.780813+00:00,scheduler,1,0,675.9,10240.0,57,104.328
2026-06-08T13:17:12.780813+00:00,scheduler,2,0,699.9,10240.0,36,19.493
2026-06-08T13:17:12.780813+00:00,scheduler,3,100,8837.9,10240.0,64,319.209
2026-06-08T13:17:17.781545+00:00,scheduler,0,0,699.9,10240.0,37,23.219
2026-06-08T13:17:17.781545+00:00,scheduler,1,0,675.9,10240.0,56,103.875
2026-06-08T13:17:17.781545+00:00,scheduler,2,0,699.9,10240.0,36,19.718
2026-06-08T13:17:17.781545+00:00,scheduler,3,100,8837.9,10240.0,68,319.01
2026-06-08T13:17:22.782255+00:00,scheduler,0,0,699.9,10240.0,36,23.326
2026-06-08T13:17:22.782255+00:00,scheduler,1,0,675.9,10240.0,49,28.983
2026-06-08T13:17:22.782255+00:00,scheduler,2,0,699.9,10240.0,35,19.629
2026-06-08T13:17:22.782255+00:00,scheduler,3,100,8837.9,10240.0,69,319.015
2026-06-08T13:17:27.782926+00:00,scheduler,0,0,699.9,10240.0,36,23.286
2026-06-08T13:17:27.782926+00:00,scheduler,1,0,675.9,10240.0,47,25.583
2026-06-08T13:17:27.782926+00:00,scheduler,2,0,699.9,10240.0,35,19.564
2026-06-08T13:17:27.782926+00:00,scheduler,3,100,8837.9,10240.0,70,319.302
2026-06-08T13:17:32.783610+00:00,scheduler,0,11,8721.9,10240.0,42,111.693
2026-06-08T13:17:32.783610+00:00,scheduler,1,0,675.9,10240.0,46,25.47
2026-06-08T13:17:32.783610+00:00,scheduler,2,0,699.9,10240.0,35,19.521
2026-06-08T13:17:32.783610+00:00,scheduler,3,100,8837.9,10240.0,70,318.666
2026-06-08T13:17:37.784240+00:00,scheduler,0,100,8837.9,10240.0,53,318.392
2026-06-08T13:17:37.784240+00:00,scheduler,1,0,675.9,10240.0,45,25.608
2026-06-08T13:17:37.784240+00:00,scheduler,2,0,699.9,10240.0,35,19.751
2026-06-08T13:17:37.784240+00:00,scheduler,3,100,8837.9,10240.0,71,318.906
2026-06-08T13:17:42.784878+00:00,scheduler,0,100,8837.9,10240.0,55,318.962
2026-06-08T13:17:42.784878+00:00,scheduler,1,0,675.9,10240.0,44,25.562
2026-06-08T13:17:42.784878+00:00,scheduler,2,0,699.9,10240.0,35,19.577
2026-06-08T13:17:42.784878+00:00,scheduler,3,100,8837.9,10240.0,72,319.185
2026-06-08T13:17:47.785545+00:00,scheduler,0,100,8837.9,10240.0,56,319.154
2026-06-08T13:17:47.785545+00:00,scheduler,1,0,675.9,10240.0,43,25.473
2026-06-08T13:17:47.785545+00:00,scheduler,2,0,699.9,10240.0,35,19.516
2026-06-08T13:17:47.785545+00:00,scheduler,3,100,8837.9,10240.0,72,318.028
2026-06-08T13:17:52.786263+00:00,scheduler,0,100,8837.9,10240.0,57,318.435
2026-06-08T13:17:52.786263+00:00,scheduler,1,0,675.9,10240.0,43,25.668
2026-06-08T13:17:52.786263+00:00,scheduler,2,0,699.9,10240.0,35,19.538
2026-06-08T13:17:52.786263+00:00,scheduler,3,11,8837.9,10240.0,58,155.406
2026-06-08T13:17:57.786967+00:00,scheduler,0,100,8837.9,10240.0,58,318.541
2026-06-08T13:17:57.786967+00:00,scheduler,1,0,675.9,10240.0,43,25.109
2026-06-08T13:17:57.786967+00:00,scheduler,2,0,699.9,10240.0,34,19.512
2026-06-08T13:17:57.786967+00:00,scheduler,3,11,2979.9,10240.0,51,99.811
2026-06-08T13:18:02.787531+00:00,scheduler,0,100,8837.9,10240.0,59,318.831
2026-06-08T13:18:02.787531+00:00,scheduler,1,0,675.9,10240.0,42,25.244
2026-06-08T13:18:02.787531+00:00,scheduler,2,0,699.9,10240.0,34,19.459
2026-06-08T13:18:02.787531+00:00,scheduler,3,0,699.9,10240.0,50,104.425
2026-06-08T13:18:07.788476+00:00,scheduler,0,100,8837.9,10240.0,60,319.216
2026-06-08T13:18:07.788476+00:00,scheduler,1,0,675.9,10240.0,42,25.1
2026-06-08T13:18:07.788476+00:00,scheduler,2,0,699.9,10240.0,34,19.547
2026-06-08T13:18:07.788476+00:00,scheduler,3,0,699.9,10240.0,49,98.336
2026-06-08T13:18:12.789047+00:00,scheduler,0,100,8837.9,10240.0,61,319.618
2026-06-08T13:18:12.789047+00:00,scheduler,1,0,675.9,10240.0,41,25.092
2026-06-08T13:18:12.789047+00:00,scheduler,2,0,699.9,10240.0,34,19.379
2026-06-08T13:18:12.789047+00:00,scheduler,3,0,699.9,10240.0,48,98.072
2026-06-08T13:18:17.789727+00:00,scheduler,0,17,8837.9,10240.0,53,138.32
2026-06-08T13:18:17.789727+00:00,scheduler,1,0,675.9,10240.0,41,25.102
2026-06-08T13:18:17.789727+00:00,scheduler,2,0,699.9,10240.0,34,19.328
2026-06-08T13:18:17.789727+00:00,scheduler,3,0,699.9,10240.0,43,33.754
2026-06-08T13:18:22.790342+00:00,scheduler,0,4,2979.9,10240.0,49,97.289
2026-06-08T13:18:22.790342+00:00,scheduler,1,0,675.9,10240.0,41,24.801
2026-06-08T13:18:22.790342+00:00,scheduler,2,0,699.9,10240.0,34,19.111
2026-06-08T13:18:22.790342+00:00,scheduler,3,0,699.9,10240.0,41,27.711
2026-06-08T13:18:27.791631+00:00,scheduler,0,0,699.9,10240.0,49,97.306
2026-06-08T13:18:27.791631+00:00,scheduler,1,0,675.9,10240.0,40,24.821
2026-06-08T13:18:27.791631+00:00,scheduler,2,0,699.9,10240.0,34,19.002
2026-06-08T13:18:27.791631+00:00,scheduler,3,0,699.9,10240.0,40,27.84
2026-06-08T13:18:32.792392+00:00,scheduler,0,0,699.9,10240.0,48,97.323
2026-06-08T13:18:32.792392+00:00,scheduler,1,0,675.9,10240.0,40,24.784
2026-06-08T13:18:32.792392+00:00,scheduler,2,0,699.9,10240.0,34,19.002
2026-06-08T13:18:32.792392+00:00,scheduler,3,0,699.9,10240.0,39,27.435
2026-06-08T13:18:37.793082+00:00,scheduler,0,0,699.9,10240.0,47,96.927
2026-06-08T13:18:37.793082+00:00,scheduler,1,0,675.9,10240.0,40,24.952
2026-06-08T13:18:37.793082+00:00,scheduler,2,0,699.9,10240.0,34,19.024
2026-06-08T13:18:37.793082+00:00,scheduler,3,0,699.9,10240.0,38,27.217
2026-06-08T13:18:42.793682+00:00,scheduler,0,0,699.9,10240.0,43,24.894
2026-06-08T13:18:42.793682+00:00,scheduler,1,0,675.9,10240.0,40,24.82
2026-06-08T13:18:42.793682+00:00,scheduler,2,0,699.9,10240.0,34,18.97
2026-06-08T13:18:42.793682+00:00,scheduler,3,0,699.9,10240.0,38,27.391
2026-06-08T13:18:47.794291+00:00,scheduler,0,0,699.9,10240.0,41,23.777
2026-06-08T13:18:47.794291+00:00,scheduler,1,0,675.9,10240.0,40,24.738
2026-06-08T13:18:47.794291+00:00,scheduler,2,0,699.9,10240.0,34,18.956
2026-06-08T13:18:47.794291+00:00,scheduler,3,0,699.9,10240.0,37,27.189
2026-06-08T13:18:52.795038+00:00,scheduler,0,0,699.9,10240.0,40,23.355
2026-06-08T13:18:52.795038+00:00,scheduler,1,0,675.9,10240.0,40,24.997
2026-06-08T13:18:52.795038+00:00,scheduler,2,0,699.9,10240.0,34,19.226
2026-06-08T13:18:52.795038+00:00,scheduler,3,48,8721.9,10240.0,46,138.138
2026-06-08T13:18:57.795840+00:00,scheduler,0,0,699.9,10240.0,39,23.419
2026-06-08T13:18:57.795840+00:00,scheduler,1,0,675.9,10240.0,39,24.731
2026-06-08T13:18:57.795840+00:00,scheduler,2,0,699.9,10240.0,34,19.314
2026-06-08T13:18:57.795840+00:00,scheduler,3,100,8837.9,10240.0,60,198.085
2026-06-08T13:19:02.796549+00:00,scheduler,0,0,699.9,10240.0,39,23.36
2026-06-08T13:19:02.796549+00:00,scheduler,1,0,675.9,10240.0,39,25.176
2026-06-08T13:19:02.796549+00:00,scheduler,2,0,699.9,10240.0,34,19.472
2026-06-08T13:19:02.796549+00:00,scheduler,3,100,8837.9,10240.0,68,318.299
2026-06-08T13:19:07.797227+00:00,scheduler,0,0,699.9,10240.0,38,23.391
2026-06-08T13:19:07.797227+00:00,scheduler,1,0,675.9,10240.0,39,25.138
2026-06-08T13:19:07.797227+00:00,scheduler,2,0,699.9,10240.0,34,19.403
2026-06-08T13:19:07.797227+00:00,scheduler,3,100,8837.9,10240.0,70,319.13
2026-06-08T13:19:12.797913+00:00,scheduler,0,0,699.9,10240.0,37,23.284
2026-06-08T13:19:12.797913+00:00,scheduler,1,0,675.9,10240.0,39,24.946
2026-06-08T13:19:12.797913+00:00,scheduler,2,0,699.9,10240.0,34,19.429
2026-06-08T13:19:12.797913+00:00,scheduler,3,100,8837.9,10240.0,70,318.372
2026-06-08T13:19:17.798710+00:00,scheduler,0,0,699.9,10240.0,37,23.026
2026-06-08T13:19:17.798710+00:00,scheduler,1,0,675.9,10240.0,39,24.985
2026-06-08T13:19:17.798710+00:00,scheduler,2,0,699.9,10240.0,33,19.567
2026-06-08T13:19:17.798710+00:00,scheduler,3,100,8837.9,10240.0,71,319.035
2026-06-08T13:19:22.799337+00:00,scheduler,0,0,699.9,10240.0,37,23.174
2026-06-08T13:19:22.799337+00:00,scheduler,1,0,675.9,10240.0,39,25.097
2026-06-08T13:19:22.799337+00:00,scheduler,2,0,699.9,10240.0,33,19.313
2026-06-08T13:19:22.799337+00:00,scheduler,3,100,8837.9,10240.0,72,319.079
2026-06-08T13:19:27.799933+00:00,scheduler,0,0,699.9,10240.0,36,23.056
2026-06-08T13:19:27.799933+00:00,scheduler,1,0,675.9,10240.0,39,24.897
2026-06-08T13:19:27.799933+00:00,scheduler,2,0,699.9,10240.0,33,19.302
2026-06-08T13:19:27.799933+00:00,scheduler,3,100,8837.9,10240.0,72,318.853
2026-06-08T13:19:32.800852+00:00,scheduler,0,42,6913.9,10240.0,41,58.623
2026-06-08T13:19:32.800852+00:00,scheduler,1,0,675.9,10240.0,39,24.875
2026-06-08T13:19:32.800852+00:00,scheduler,2,0,699.9,10240.0,33,19.346
2026-06-08T13:19:32.800852+00:00,scheduler,3,100,8837.9,10240.0,72,318.692
2026-06-08T13:19:37.801469+00:00,scheduler,0,40,4137.9,10240.0,43,113.418
2026-06-08T13:19:37.801469+00:00,scheduler,1,0,675.9,10240.0,39,25.039
2026-06-08T13:19:37.801469+00:00,scheduler,2,0,699.9,10240.0,33,19.231
2026-06-08T13:19:37.801469+00:00,scheduler,3,100,8837.9,10240.0,73,319.029
2026-06-08T13:19:42.802038+00:00,scheduler,0,100,8837.9,10240.0,54,318.845
2026-06-08T13:19:42.802038+00:00,scheduler,1,0,675.9,10240.0,38,24.936
2026-06-08T13:19:42.802038+00:00,scheduler,2,0,699.9,10240.0,33,19.275
2026-06-08T13:19:42.802038+00:00,scheduler,3,10,8837.9,10240.0,52,100.085
2026-06-08T13:19:47.802790+00:00,scheduler,0,100,8837.9,10240.0,56,318.599
2026-06-08T13:19:47.802790+00:00,scheduler,1,0,675.9,10240.0,38,24.879
2026-06-08T13:19:47.802790+00:00,scheduler,2,0,699.9,10240.0,33,19.338
2026-06-08T13:19:47.802790+00:00,scheduler,3,0,699.9,10240.0,51,111.159
2026-06-08T13:19:52.803500+00:00,scheduler,0,100,8837.9,10240.0,57,318.432
2026-06-08T13:19:52.803500+00:00,scheduler,1,0,675.9,10240.0,38,24.933
2026-06-08T13:19:52.803500+00:00,scheduler,2,0,699.9,10240.0,33,19.354
2026-06-08T13:19:52.803500+00:00,scheduler,3,0,699.9,10240.0,50,98.864
2026-06-08T13:19:57.804317+00:00,scheduler,0,100,8837.9,10240.0,58,318.407
2026-06-08T13:19:57.804317+00:00,scheduler,1,0,675.9,10240.0,38,24.907
2026-06-08T13:19:57.804317+00:00,scheduler,2,0,699.9,10240.0,33,19.225
2026-06-08T13:19:57.804317+00:00,scheduler,3,0,699.9,10240.0,49,99.412
2026-06-08T13:20:02.805125+00:00,scheduler,0,100,8837.9,10240.0,59,318.508
2026-06-08T13:20:02.805125+00:00,scheduler,1,0,675.9,10240.0,38,24.872
2026-06-08T13:20:02.805125+00:00,scheduler,2,0,699.9,10240.0,33,19.193
2026-06-08T13:20:02.805125+00:00,scheduler,3,0,699.9,10240.0,44,70.741
2026-06-08T13:20:07.805884+00:00,scheduler,0,100,8837.9,10240.0,59,318.632
2026-06-08T13:20:07.805884+00:00,scheduler,1,0,675.9,10240.0,38,24.801
2026-06-08T13:20:07.805884+00:00,scheduler,2,0,699.9,10240.0,33,19.365
2026-06-08T13:20:07.805884+00:00,scheduler,3,0,699.9,10240.0,41,27.694
2026-06-08T13:20:12.806756+00:00,scheduler,0,100,8837.9,10240.0,60,318.694
2026-06-08T13:20:12.806756+00:00,scheduler,1,0,675.9,10240.0,38,24.795
2026-06-08T13:20:12.806756+00:00,scheduler,2,0,699.9,10240.0,33,19.185
2026-06-08T13:20:12.806756+00:00,scheduler,3,0,699.9,10240.0,40,27.728
2026-06-08T13:20:17.807580+00:00,scheduler,0,100,8837.9,10240.0,61,318.625
2026-06-08T13:20:17.807580+00:00,scheduler,1,0,675.9,10240.0,38,24.771
2026-06-08T13:20:17.807580+00:00,scheduler,2,0,699.9,10240.0,33,19.122
2026-06-08T13:20:17.807580+00:00,scheduler,3,0,699.9,10240.0,39,27.556
2026-06-08T13:20:22.808216+00:00,scheduler,0,11,8837.9,10240.0,50,101.378
2026-06-08T13:20:22.808216+00:00,scheduler,1,0,675.9,10240.0,38,24.652
2026-06-08T13:20:22.808216+00:00,scheduler,2,0,699.9,10240.0,33,18.965
2026-06-08T13:20:22.808216+00:00,scheduler,3,0,699.9,10240.0,39,27.3
2026-06-08T13:20:27.809040+00:00,scheduler,0,0,699.9,10240.0,50,114.93
2026-06-08T13:20:27.809040+00:00,scheduler,1,0,675.9,10240.0,38,24.679
2026-06-08T13:20:27.809040+00:00,scheduler,2,0,699.9,10240.0,33,19.046
2026-06-08T13:20:27.809040+00:00,scheduler,3,0,699.9,10240.0,38,27.459
2026-06-08T13:20:32.809788+00:00,scheduler,0,0,699.9,10240.0,48,96.118
2026-06-08T13:20:32.809788+00:00,scheduler,1,0,675.9,10240.0,38,24.708
2026-06-08T13:20:32.809788+00:00,scheduler,2,0,699.9,10240.0,33,18.922
2026-06-08T13:20:32.809788+00:00,scheduler,3,0,699.9,10240.0,37,27.225
2026-06-08T13:20:37.810778+00:00,scheduler,0,0,699.9,10240.0,47,95.65
2026-06-08T13:20:37.810778+00:00,scheduler,1,0,675.9,10240.0,38,24.607
2026-06-08T13:20:37.810778+00:00,scheduler,2,0,1441.9,10240.0,33,18.729
2026-06-08T13:20:37.810778+00:00,scheduler,3,0,699.9,10240.0,37,27.332
2026-06-08T13:20:42.811454+00:00,scheduler,0,0,699.9,10240.0,47,95.354
2026-06-08T13:20:42.811454+00:00,scheduler,1,0,675.9,10240.0,38,24.687
2026-06-08T13:20:42.811454+00:00,scheduler,2,12,8721.9,10240.0,40,105.894
2026-06-08T13:20:42.811454+00:00,scheduler,3,0,699.9,10240.0,36,27.131
2026-06-08T13:20:47.812145+00:00,scheduler,0,0,699.9,10240.0,42,23.62
2026-06-08T13:20:47.812145+00:00,scheduler,1,0,675.9,10240.0,38,24.715
2026-06-08T13:20:47.812145+00:00,scheduler,2,42,3903.9,10240.0,41,98.145
2026-06-08T13:20:47.812145+00:00,scheduler,3,0,699.9,10240.0,36,27.142
2026-06-08T13:20:52.812780+00:00,scheduler,0,0,699.9,10240.0,41,23.464
2026-06-08T13:20:52.812780+00:00,scheduler,1,0,675.9,10240.0,38,24.713
2026-06-08T13:20:52.812780+00:00,scheduler,2,100,8837.9,10240.0,60,319.438
2026-06-08T13:20:52.812780+00:00,scheduler,3,0,699.9,10240.0,36,27.232
2026-06-08T13:20:57.813358+00:00,scheduler,0,0,699.9,10240.0,40,23.348
2026-06-08T13:20:57.813358+00:00,scheduler,1,0,675.9,10240.0,38,24.777
2026-06-08T13:20:57.813358+00:00,scheduler,2,100,8837.9,10240.0,63,318.965
2026-06-08T13:20:57.813358+00:00,scheduler,3,0,699.9,10240.0,35,27.285
2026-06-08T13:21:02.814060+00:00,scheduler,0,0,699.9,10240.0,39,23.455
2026-06-08T13:21:02.814060+00:00,scheduler,1,0,675.9,10240.0,38,24.77
2026-06-08T13:21:02.814060+00:00,scheduler,2,100,8837.9,10240.0,65,319.101
2026-06-08T13:21:02.814060+00:00,scheduler,3,0,699.9,10240.0,35,27.281
2026-06-08T13:21:07.814697+00:00,scheduler,0,0,699.9,10240.0,38,23.266
2026-06-08T13:21:07.814697+00:00,scheduler,1,0,675.9,10240.0,38,24.699
2026-06-08T13:21:07.814697+00:00,scheduler,2,100,8837.9,10240.0,65,310.45
2026-06-08T13:21:07.814697+00:00,scheduler,3,0,699.9,10240.0,35,27.297
2026-06-08T13:21:12.815374+00:00,scheduler,0,0,699.9,10240.0,38,23.183
2026-06-08T13:21:12.815374+00:00,scheduler,1,0,675.9,10240.0,38,24.713
2026-06-08T13:21:12.815374+00:00,scheduler,2,100,8837.9,10240.0,66,303.204
2026-06-08T13:21:12.815374+00:00,scheduler,3,0,699.9,10240.0,35,27.381
2026-06-08T13:21:17.816093+00:00,scheduler,0,0,699.9,10240.0,37,23.282
2026-06-08T13:21:17.816093+00:00,scheduler,1,0,675.9,10240.0,38,24.706
2026-06-08T13:21:17.816093+00:00,scheduler,2,100,8837.9,10240.0,66,297.849
2026-06-08T13:21:17.816093+00:00,scheduler,3,0,699.9,10240.0,35,27.217
2026-06-08T13:21:22.816715+00:00,scheduler,0,0,699.9,10240.0,37,23.166
2026-06-08T13:21:22.816715+00:00,scheduler,1,0,675.9,10240.0,37,24.867
2026-06-08T13:21:22.816715+00:00,scheduler,2,100,8837.9,10240.0,67,291.04
2026-06-08T13:21:22.816715+00:00,scheduler,3,0,699.9,10240.0,34,27.103
2026-06-08T13:21:27.817433+00:00,scheduler,0,0,699.9,10240.0,36,23.154
2026-06-08T13:21:27.817433+00:00,scheduler,1,0,675.9,10240.0,37,24.716
2026-06-08T13:21:27.817433+00:00,scheduler,2,100,8837.9,10240.0,68,286.708
2026-06-08T13:21:27.817433+00:00,scheduler,3,0,699.9,10240.0,34,27.083
2026-06-08T13:21:32.818093+00:00,scheduler,0,0,699.9,10240.0,36,23.017
2026-06-08T13:21:32.818093+00:00,scheduler,1,0,675.9,10240.0,37,24.656
2026-06-08T13:21:32.818093+00:00,scheduler,2,12,8837.9,10240.0,57,128.045
2026-06-08T13:21:32.818093+00:00,scheduler,3,0,699.9,10240.0,34,27.236
2026-06-08T13:21:37.818760+00:00,scheduler,0,0,699.9,10240.0,36,23.203
2026-06-08T13:21:37.818760+00:00,scheduler,1,39,5133.9,10240.0,43,50.76
2026-06-08T13:21:37.818760+00:00,scheduler,2,21,2979.9,10240.0,51,95.135
2026-06-08T13:21:37.818760+00:00,scheduler,3,0,699.9,10240.0,34,27.005
2026-06-08T13:21:42.819428+00:00,scheduler,0,0,699.9,10240.0,36,23.107
2026-06-08T13:21:42.819428+00:00,scheduler,1,37,4041.9,10240.0,50,124.247
2026-06-08T13:21:42.819428+00:00,scheduler,2,0,699.9,10240.0,50,97.094
2026-06-08T13:21:42.819428+00:00,scheduler,3,0,699.9,10240.0,34,27.121
2026-06-08T13:21:47.820124+00:00,scheduler,0,0,699.9,10240.0,35,22.983
2026-06-08T13:21:47.820124+00:00,scheduler,1,100,8813.9,10240.0,68,300.178
2026-06-08T13:21:47.820124+00:00,scheduler,2,0,699.9,10240.0,49,93.257
2026-06-08T13:21:47.820124+00:00,scheduler,3,0,699.9,10240.0,34,27.439
2026-06-08T13:21:52.820807+00:00,scheduler,0,0,699.9,10240.0,35,23.151
2026-06-08T13:21:52.820807+00:00,scheduler,1,100,8813.9,10240.0,68,279.018
2026-06-08T13:21:52.820807+00:00,scheduler,2,0,699.9,10240.0,48,94.077
2026-06-08T13:21:52.820807+00:00,scheduler,3,0,699.9,10240.0,34,27.187
2026-06-08T13:21:57.821547+00:00,scheduler,0,0,699.9,10240.0,35,23.035
2026-06-08T13:21:57.821547+00:00,scheduler,1,100,8813.9,10240.0,68,278.639
2026-06-08T13:21:57.821547+00:00,scheduler,2,0,699.9,10240.0,43,42.069
2026-06-08T13:21:57.821547+00:00,scheduler,3,0,699.9,10240.0,34,27.239
2026-06-08T13:22:02.822310+00:00,scheduler,0,0,699.9,10240.0,35,22.961
2026-06-08T13:22:02.822310+00:00,scheduler,1,100,8813.9,10240.0,69,274.609
2026-06-08T13:22:02.822310+00:00,scheduler,2,0,699.9,10240.0,41,20.388
2026-06-08T13:22:02.822310+00:00,scheduler,3,0,699.9,10240.0,34,27.096
2026-06-08T13:22:07.823074+00:00,scheduler,0,0,699.9,10240.0,35,22.909
2026-06-08T13:22:07.823074+00:00,scheduler,1,100,8813.9,10240.0,69,271.031
2026-06-08T13:22:07.823074+00:00,scheduler,2,0,699.9,10240.0,40,19.852
2026-06-08T13:22:07.823074+00:00,scheduler,3,0,699.9,10240.0,34,27.138
2026-06-08T13:22:12.823794+00:00,scheduler,0,0,699.9,10240.0,35,23.024
2026-06-08T13:22:12.823794+00:00,scheduler,1,100,8813.9,10240.0,69,268.275
2026-06-08T13:22:12.823794+00:00,scheduler,2,0,699.9,10240.0,40,19.803
2026-06-08T13:22:12.823794+00:00,scheduler,3,0,699.9,10240.0,34,27.105
2026-06-08T13:22:17.824529+00:00,scheduler,0,0,699.9,10240.0,34,22.97
2026-06-08T13:22:17.824529+00:00,scheduler,1,100,8813.9,10240.0,70,267.54
2026-06-08T13:22:17.824529+00:00,scheduler,2,0,699.9,10240.0,39,19.812
2026-06-08T13:22:17.824529+00:00,scheduler,3,0,699.9,10240.0,34,27.095
2026-06-08T13:22:22.825155+00:00,scheduler,0,0,699.9,10240.0,34,23.019
2026-06-08T13:22:22.825155+00:00,scheduler,1,100,8813.9,10240.0,70,262.081
2026-06-08T13:22:22.825155+00:00,scheduler,2,0,699.9,10240.0,38,19.726
2026-06-08T13:22:22.825155+00:00,scheduler,3,0,699.9,10240.0,34,27.083
2026-06-08T13:22:27.825904+00:00,scheduler,0,0,699.9,10240.0,34,22.986
2026-06-08T13:22:27.825904+00:00,scheduler,1,61,8813.9,10240.0,64,201.115
2026-06-08T13:22:27.825904+00:00,scheduler,2,0,699.9,10240.0,38,19.647
2026-06-08T13:22:27.825904+00:00,scheduler,3,0,699.9,10240.0,33,27.154
2026-06-08T13:22:32.826658+00:00,scheduler,0,0,699.9,10240.0,34,23.077
2026-06-08T13:22:32.826658+00:00,scheduler,1,10,8813.9,10240.0,57,105.55
2026-06-08T13:22:32.826658+00:00,scheduler,2,0,699.9,10240.0,37,19.186
2026-06-08T13:22:32.826658+00:00,scheduler,3,0,699.9,10240.0,33,27.15
2026-06-08T13:22:37.827255+00:00,scheduler,0,0,699.9,10240.0,34,22.955
2026-06-08T13:22:37.827255+00:00,scheduler,1,0,675.9,10240.0,56,108.976
2026-06-08T13:22:37.827255+00:00,scheduler,2,0,699.9,10240.0,37,19.329
2026-06-08T13:22:37.827255+00:00,scheduler,3,0,699.9,10240.0,33,27.142
2026-06-08T13:22:42.827919+00:00,scheduler,0,0,699.9,10240.0,34,23.024
2026-06-08T13:22:42.827919+00:00,scheduler,1,0,675.9,10240.0,55,104.222
2026-06-08T13:22:42.827919+00:00,scheduler,2,0,699.9,10240.0,37,19.071
2026-06-08T13:22:42.827919+00:00,scheduler,3,0,699.9,10240.0,33,27.009
2026-06-08T13:22:47.828665+00:00,scheduler,0,0,699.9,10240.0,34,23.005
2026-06-08T13:22:47.828665+00:00,scheduler,1,0,675.9,10240.0,55,104.092
2026-06-08T13:22:47.828665+00:00,scheduler,2,0,699.9,10240.0,36,19.015
2026-06-08T13:22:47.828665+00:00,scheduler,3,0,699.9,10240.0,33,27.219
2026-06-08T13:22:52.829402+00:00,scheduler,0,0,699.9,10240.0,34,22.855
2026-06-08T13:22:52.829402+00:00,scheduler,1,0,675.9,10240.0,49,64.22
2026-06-08T13:22:52.829402+00:00,scheduler,2,0,699.9,10240.0,36,19.062
2026-06-08T13:22:52.829402+00:00,scheduler,3,0,699.9,10240.0,33,27.156
2026-06-08T13:22:57.830039+00:00,scheduler,0,0,699.9,10240.0,34,22.996
2026-06-08T13:22:57.830039+00:00,scheduler,1,0,675.9,10240.0,46,25.259
2026-06-08T13:22:57.830039+00:00,scheduler,2,0,699.9,10240.0,36,19.052
2026-06-08T13:22:57.830039+00:00,scheduler,3,0,699.9,10240.0,33,27.051
2026-06-08T13:23:02.830753+00:00,scheduler,0,0,699.9,10240.0,34,22.971
2026-06-08T13:23:02.830753+00:00,scheduler,1,0,675.9,10240.0,45,24.95
2026-06-08T13:23:02.830753+00:00,scheduler,2,0,699.9,10240.0,35,18.994
2026-06-08T13:23:02.830753+00:00,scheduler,3,0,699.9,10240.0,33,27.14
2026-06-08T13:23:07.831510+00:00,scheduler,0,0,699.9,10240.0,34,22.702
2026-06-08T13:23:07.831510+00:00,scheduler,1,0,675.9,10240.0,44,24.962
2026-06-08T13:23:07.831510+00:00,scheduler,2,0,699.9,10240.0,35,18.944
2026-06-08T13:23:07.831510+00:00,scheduler,3,0,699.9,10240.0,33,27.239
2026-06-08T13:23:12.832300+00:00,scheduler,0,0,699.9,10240.0,34,22.709
2026-06-08T13:23:12.832300+00:00,scheduler,1,0,675.9,10240.0,44,24.88
2026-06-08T13:23:12.832300+00:00,scheduler,2,0,699.9,10240.0,35,19.12
2026-06-08T13:23:12.832300+00:00,scheduler,3,0,699.9,10240.0,33,27.017
2026-06-08T13:23:17.832894+00:00,scheduler,0,0,699.9,10240.0,34,22.892
2026-06-08T13:23:17.832894+00:00,scheduler,1,0,675.9,10240.0,43,24.933
2026-06-08T13:23:17.832894+00:00,scheduler,2,11,8721.9,10240.0,50,154.804
2026-06-08T13:23:17.832894+00:00,scheduler,3,0,699.9,10240.0,33,27.072
2026-06-08T13:23:22.833576+00:00,scheduler,0,0,699.9,10240.0,34,22.827
2026-06-08T13:23:22.833576+00:00,scheduler,1,0,675.9,10240.0,43,24.837
2026-06-08T13:23:22.833576+00:00,scheduler,2,12,8721.9,10240.0,42,91.501
2026-06-08T13:23:22.833576+00:00,scheduler,3,0,699.9,10240.0,33,27.131
2026-06-08T13:23:27.834264+00:00,scheduler,0,0,699.9,10240.0,34,23.008
2026-06-08T13:23:27.834264+00:00,scheduler,1,0,675.9,10240.0,42,25.117
2026-06-08T13:23:27.834264+00:00,scheduler,2,100,8837.9,10240.0,60,318.827
2026-06-08T13:23:27.834264+00:00,scheduler,3,0,699.9,10240.0,33,27.036
2026-06-08T13:23:32.834976+00:00,scheduler,0,0,699.9,10240.0,33,23.037
2026-06-08T13:23:32.834976+00:00,scheduler,1,41,5453.9,10240.0,48,98.826
2026-06-08T13:23:32.834976+00:00,scheduler,2,100,8837.9,10240.0,64,319.121
2026-06-08T13:23:32.834976+00:00,scheduler,3,0,699.9,10240.0,33,27.052
2026-06-08T13:23:37.835641+00:00,scheduler,0,0,699.9,10240.0,33,22.859
2026-06-08T13:23:37.835641+00:00,scheduler,1,39,5517.9,10240.0,54,128.856
2026-06-08T13:23:37.835641+00:00,scheduler,2,100,8837.9,10240.0,65,311.09
2026-06-08T13:23:37.835641+00:00,scheduler,3,0,699.9,10240.0,33,26.881
2026-06-08T13:23:42.836172+00:00,scheduler,0,0,699.9,10240.0,33,22.89
2026-06-08T13:23:42.836172+00:00,scheduler,1,100,8813.9,10240.0,69,278.283
2026-06-08T13:23:42.836172+00:00,scheduler,2,100,8837.9,10240.0,66,301.311
2026-06-08T13:23:42.836172+00:00,scheduler,3,0,699.9,10240.0,33,27.17
2026-06-08T13:23:47.836868+00:00,scheduler,0,0,699.9,10240.0,33,22.977
2026-06-08T13:23:47.836868+00:00,scheduler,1,100,8813.9,10240.0,69,270.956
2026-06-08T13:23:47.836868+00:00,scheduler,2,100,8837.9,10240.0,67,299.578
2026-06-08T13:23:47.836868+00:00,scheduler,3,0,699.9,10240.0,33,27.104
2026-06-08T13:23:52.837722+00:00,scheduler,0,0,699.9,10240.0,33,23.033
2026-06-08T13:23:52.837722+00:00,scheduler,1,100,8813.9,10240.0,70,269.572
2026-06-08T13:23:52.837722+00:00,scheduler,2,100,8837.9,10240.0,67,292.526
2026-06-08T13:23:52.837722+00:00,scheduler,3,0,699.9,10240.0,33,27.273
2026-06-08T13:23:57.838569+00:00,scheduler,0,0,699.9,10240.0,33,22.937
2026-06-08T13:23:57.838569+00:00,scheduler,1,100,8813.9,10240.0,70,263.028
2026-06-08T13:23:57.838569+00:00,scheduler,2,100,8837.9,10240.0,68,289.958
2026-06-08T13:23:57.838569+00:00,scheduler,3,0,699.9,10240.0,33,27.217
2026-06-08T13:24:02.839243+00:00,scheduler,0,0,699.9,10240.0,33,22.908
2026-06-08T13:24:02.839243+00:00,scheduler,1,100,8813.9,10240.0,70,264.129
2026-06-08T13:24:02.839243+00:00,scheduler,2,100,8837.9,10240.0,68,288.484
2026-06-08T13:24:02.839243+00:00,scheduler,3,0,699.9,10240.0,33,27.133
2026-06-08T13:24:07.839902+00:00,scheduler,0,0,699.9,10240.0,33,23.022
2026-06-08T13:24:07.839902+00:00,scheduler,1,100,8813.9,10240.0,71,263.472
2026-06-08T13:24:07.839902+00:00,scheduler,2,47,8837.9,10240.0,60,207.527
2026-06-08T13:24:07.839902+00:00,scheduler,3,0,699.9,10240.0,33,27.178
2026-06-08T13:24:12.840592+00:00,scheduler,0,0,699.9,10240.0,33,22.935
2026-06-08T13:24:12.840592+00:00,scheduler,1,100,8813.9,10240.0,71,261.482
2026-06-08T13:24:12.840592+00:00,scheduler,2,11,8837.9,10240.0,52,96.679
2026-06-08T13:24:12.840592+00:00,scheduler,3,0,699.9,10240.0,33,27.312
2026-06-08T13:24:17.841291+00:00,scheduler,0,0,699.9,10240.0,33,22.911
2026-06-08T13:24:17.841291+00:00,scheduler,1,100,8813.9,10240.0,71,261.018
2026-06-08T13:24:17.841291+00:00,scheduler,2,0,699.9,10240.0,51,100.478
2026-06-08T13:24:17.841291+00:00,scheduler,3,10,8721.9,10240.0,42,116.411
2026-06-08T13:24:22.841954+00:00,scheduler,0,0,699.9,10240.0,33,23.09
2026-06-08T13:24:22.841954+00:00,scheduler,1,22,8813.9,10240.0,64,177.381
2026-06-08T13:24:22.841954+00:00,scheduler,2,0,699.9,10240.0,49,93.529
2026-06-08T13:24:22.841954+00:00,scheduler,3,39,5001.9,10240.0,42,105.451
2026-06-08T13:24:27.842532+00:00,scheduler,0,0,699.9,10240.0,33,22.898
2026-06-08T13:24:27.842532+00:00,scheduler,1,10,741.9,10240.0,58,106.081
2026-06-08T13:24:27.842532+00:00,scheduler,2,0,699.9,10240.0,49,93.14
2026-06-08T13:24:27.842532+00:00,scheduler,3,100,8837.9,10240.0,65,318.51
2026-06-08T13:24:32.843141+00:00,scheduler,0,0,699.9,10240.0,33,22.991
2026-06-08T13:24:32.843141+00:00,scheduler,1,0,675.9,10240.0,57,104.759
2026-06-08T13:24:32.843141+00:00,scheduler,2,0,699.9,10240.0,44,36.406
2026-06-08T13:24:32.843141+00:00,scheduler,3,100,8837.9,10240.0,68,319.119
2026-06-08T13:24:37.844015+00:00,scheduler,0,0,699.9,10240.0,33,22.974
2026-06-08T13:24:37.844015+00:00,scheduler,1,0,675.9,10240.0,56,103.629
2026-06-08T13:24:37.844015+00:00,scheduler,2,0,699.9,10240.0,42,20.231
2026-06-08T13:24:37.844015+00:00,scheduler,3,100,8837.9,10240.0,69,319.048
2026-06-08T13:24:42.844780+00:00,scheduler,0,0,699.9,10240.0,33,23.088
2026-06-08T13:24:42.844780+00:00,scheduler,1,0,675.9,10240.0,55,103.132
2026-06-08T13:24:42.844780+00:00,scheduler,2,0,699.9,10240.0,41,20.192
2026-06-08T13:24:42.844780+00:00,scheduler,3,100,8837.9,10240.0,69,318.717
2026-06-08T13:24:47.845533+00:00,scheduler,0,0,699.9,10240.0,33,23.0
2026-06-08T13:24:47.845533+00:00,scheduler,1,0,675.9,10240.0,48,25.784
2026-06-08T13:24:47.845533+00:00,scheduler,2,0,699.9,10240.0,40,19.868
2026-06-08T13:24:47.845533+00:00,scheduler,3,100,8837.9,10240.0,70,319.197
2026-06-08T13:24:52.846270+00:00,scheduler,0,0,699.9,10240.0,33,22.889
2026-06-08T13:24:52.846270+00:00,scheduler,1,0,675.9,10240.0,46,25.457
2026-06-08T13:24:52.846270+00:00,scheduler,2,0,699.9,10240.0,39,19.873
2026-06-08T13:24:52.846270+00:00,scheduler,3,100,8837.9,10240.0,71,318.845
2026-06-08T13:24:57.846937+00:00,scheduler,0,0,699.9,10240.0,33,22.892
2026-06-08T13:24:57.846937+00:00,scheduler,1,0,675.9,10240.0,45,25.24
2026-06-08T13:24:57.846937+00:00,scheduler,2,0,699.9,10240.0,38,19.781
2026-06-08T13:24:57.846937+00:00,scheduler,3,100,8837.9,10240.0,72,318.207
2026-06-08T13:25:02.847574+00:00,scheduler,0,11,8721.9,10240.0,39,110.431
2026-06-08T13:25:02.847574+00:00,scheduler,1,0,675.9,10240.0,44,25.207
2026-06-08T13:25:02.847574+00:00,scheduler,2,0,699.9,10240.0,38,19.836
2026-06-08T13:25:02.847574+00:00,scheduler,3,100,8837.9,10240.0,72,319.661
2026-06-08T13:25:07.848248+00:00,scheduler,0,40,8835.9,10240.0,40,111.314
2026-06-08T13:25:07.848248+00:00,scheduler,1,0,675.9,10240.0,44,25.023
2026-06-08T13:25:07.848248+00:00,scheduler,2,0,699.9,10240.0,37,19.505
2026-06-08T13:25:07.848248+00:00,scheduler,3,10,8837.9,10240.0,53,100.716
2026-06-08T13:25:12.848920+00:00,scheduler,0,100,8837.9,10240.0,53,318.367
2026-06-08T13:25:12.848920+00:00,scheduler,1,0,675.9,10240.0,43,25.213
2026-06-08T13:25:12.848920+00:00,scheduler,2,0,699.9,10240.0,37,19.488
2026-06-08T13:25:12.848920+00:00,scheduler,3,0,699.9,10240.0,53,125.341
2026-06-08T13:25:17.849570+00:00,scheduler,0,100,8837.9,10240.0,54,318.405
2026-06-08T13:25:17.849570+00:00,scheduler,1,0,675.9,10240.0,42,25.038
2026-06-08T13:25:17.849570+00:00,scheduler,2,0,699.9,10240.0,37,19.514
2026-06-08T13:25:17.849570+00:00,scheduler,3,0,699.9,10240.0,50,98.648
2026-06-08T13:25:22.850150+00:00,scheduler,0,100,8837.9,10240.0,55,318.673
2026-06-08T13:25:22.850150+00:00,scheduler,1,0,675.9,10240.0,42,24.842
2026-06-08T13:25:22.850150+00:00,scheduler,2,0,699.9,10240.0,36,19.492
2026-06-08T13:25:22.850150+00:00,scheduler,3,0,699.9,10240.0,49,98.229
2026-06-08T13:25:27.850845+00:00,scheduler,0,100,8837.9,10240.0,57,319.263
2026-06-08T13:25:27.850845+00:00,scheduler,1,0,675.9,10240.0,42,24.907
2026-06-08T13:25:27.850845+00:00,scheduler,2,0,699.9,10240.0,36,19.494
2026-06-08T13:25:27.850845+00:00,scheduler,3,0,699.9,10240.0,48,98.779
2026-06-08T13:25:32.851481+00:00,scheduler,0,100,8837.9,10240.0,58,318.999
2026-06-08T13:25:32.851481+00:00,scheduler,1,0,675.9,10240.0,41,25.029
2026-06-08T13:25:32.851481+00:00,scheduler,2,0,699.9,10240.0,36,19.514
2026-06-08T13:25:32.851481+00:00,scheduler,3,0,699.9,10240.0,42,28.035
2026-06-08T13:25:37.852093+00:00,scheduler,0,100,8837.9,10240.0,59,319.102
2026-06-08T13:25:37.852093+00:00,scheduler,1,0,675.9,10240.0,41,25.063
2026-06-08T13:25:37.852093+00:00,scheduler,2,0,699.9,10240.0,36,19.384
2026-06-08T13:25:37.852093+00:00,scheduler,3,0,699.9,10240.0,41,27.623
2026-06-08T13:25:42.852788+00:00,scheduler,0,100,8837.9,10240.0,60,319.396
2026-06-08T13:25:42.852788+00:00,scheduler,1,0,675.9,10240.0,41,25.082
2026-06-08T13:25:42.852788+00:00,scheduler,2,0,699.9,10240.0,35,19.295
2026-06-08T13:25:42.852788+00:00,scheduler,3,0,699.9,10240.0,40,27.86
2026-06-08T13:25:47.853407+00:00,scheduler,0,100,8837.9,10240.0,60,318.595
2026-06-08T13:25:47.853407+00:00,scheduler,1,0,675.9,10240.0,40,24.852
2026-06-08T13:25:47.853407+00:00,scheduler,2,0,699.9,10240.0,35,19.194
2026-06-08T13:25:47.853407+00:00,scheduler,3,0,699.9,10240.0,39,27.552
2026-06-08T13:25:52.854051+00:00,scheduler,0,9,8837.9,10240.0,49,97.233
2026-06-08T13:25:52.854051+00:00,scheduler,1,0,675.9,10240.0,40,24.679
2026-06-08T13:25:52.854051+00:00,scheduler,2,0,699.9,10240.0,35,18.929
2026-06-08T13:25:52.854051+00:00,scheduler,3,0,699.9,10240.0,38,27.693
2026-06-08T13:25:57.854713+00:00,scheduler,0,0,699.9,10240.0,50,114.811
2026-06-08T13:25:57.854713+00:00,scheduler,1,0,675.9,10240.0,40,24.943
2026-06-08T13:25:57.854713+00:00,scheduler,2,0,699.9,10240.0,35,19.042
2026-06-08T13:25:57.854713+00:00,scheduler,3,11,8721.9,10240.0,47,178.453
2026-06-08T13:26:02.855623+00:00,scheduler,0,0,699.9,10240.0,48,96.047
2026-06-08T13:26:02.855623+00:00,scheduler,1,92,8697.9,10240.0,54,185.713
2026-06-08T13:26:02.855623+00:00,scheduler,2,0,699.9,10240.0,35,19.465
2026-06-08T13:26:02.855623+00:00,scheduler,3,42,3831.9,10240.0,45,100.619
2026-06-08T13:26:07.856312+00:00,scheduler,0,0,699.9,10240.0,47,95.484
2026-06-08T13:26:07.856312+00:00,scheduler,1,33,8813.9,10240.0,64,177.45
2026-06-08T13:26:07.856312+00:00,scheduler,2,0,699.9,10240.0,35,19.33
2026-06-08T13:26:07.856312+00:00,scheduler,3,100,8837.9,10240.0,67,319.067
2026-06-08T13:26:12.856953+00:00,scheduler,0,0,699.9,10240.0,46,96.358
2026-06-08T13:26:12.856953+00:00,scheduler,1,100,8813.9,10240.0,69,277.796
2026-06-08T13:26:12.856953+00:00,scheduler,2,13,8721.9,10240.0,43,112.84
2026-06-08T13:26:12.856953+00:00,scheduler,3,100,8837.9,10240.0,69,318.794
2026-06-08T13:26:17.857620+00:00,scheduler,0,0,699.9,10240.0,42,23.767
2026-06-08T13:26:17.857620+00:00,scheduler,1,100,8813.9,10240.0,69,271.307
2026-06-08T13:26:17.857620+00:00,scheduler,2,39,8151.9,10240.0,43,113.278
2026-06-08T13:26:17.857620+00:00,scheduler,3,100,8837.9,10240.0,70,318.358
2026-06-08T13:26:22.858247+00:00,scheduler,0,0,699.9,10240.0,41,23.514
2026-06-08T13:26:22.858247+00:00,scheduler,1,100,8813.9,10240.0,69,264.655
2026-06-08T13:26:22.858247+00:00,scheduler,2,100,8837.9,10240.0,62,319.092
2026-06-08T13:26:22.858247+00:00,scheduler,3,100,8837.9,10240.0,71,318.38
2026-06-08T13:26:27.858832+00:00,scheduler,0,0,699.9,10240.0,40,23.52
2026-06-08T13:26:27.858832+00:00,scheduler,1,100,8813.9,10240.0,70,267.977
2026-06-08T13:26:27.858832+00:00,scheduler,2,100,8837.9,10240.0,64,319.408
2026-06-08T13:26:27.858832+00:00,scheduler,3,100,8837.9,10240.0,72,318.535
2026-06-08T13:26:32.859419+00:00,scheduler,0,0,699.9,10240.0,39,23.229
2026-06-08T13:26:32.859419+00:00,scheduler,1,100,8813.9,10240.0,70,262.253
2026-06-08T13:26:32.859419+00:00,scheduler,2,100,8837.9,10240.0,65,311.132
2026-06-08T13:26:32.859419+00:00,scheduler,3,100,8837.9,10240.0,72,319.385
2026-06-08T13:26:37.860107+00:00,scheduler,0,0,699.9,10240.0,38,23.082
2026-06-08T13:26:37.860107+00:00,scheduler,1,100,8813.9,10240.0,71,264.896
2026-06-08T13:26:37.860107+00:00,scheduler,2,100,8837.9,10240.0,66,302.821
2026-06-08T13:26:37.860107+00:00,scheduler,3,100,8837.9,10240.0,72,318.543
2026-06-08T13:26:42.860680+00:00,scheduler,0,0,699.9,10240.0,38,23.19
2026-06-08T13:26:42.860680+00:00,scheduler,1,100,8813.9,10240.0,71,264.794
2026-06-08T13:26:42.860680+00:00,scheduler,2,100,8837.9,10240.0,66,295.633
2026-06-08T13:26:42.860680+00:00,scheduler,3,100,8837.9,10240.0,73,318.978
2026-06-08T13:26:47.861261+00:00,scheduler,0,0,699.9,10240.0,37,23.175
2026-06-08T13:26:47.861261+00:00,scheduler,1,100,8813.9,10240.0,71,262.397
2026-06-08T13:26:47.861261+00:00,scheduler,2,100,8837.9,10240.0,67,289.925
2026-06-08T13:26:47.861261+00:00,scheduler,3,11,8837.9,10240.0,53,100.536
2026-06-08T13:26:52.863289+00:00,scheduler,0,0,699.9,10240.0,37,23.124
2026-06-08T13:26:52.863289+00:00,scheduler,1,14,8813.9,10240.0,62,135.793
2026-06-08T13:26:52.863289+00:00,scheduler,2,100,8837.9,10240.0,67,288.819
2026-06-08T13:26:52.863289+00:00,scheduler,3,0,699.9,10240.0,53,124.293
2026-06-08T13:26:57.863900+00:00,scheduler,0,0,699.9,10240.0,36,23.243
2026-06-08T13:26:57.863900+00:00,scheduler,1,0,675.9,10240.0,60,164.426
2026-06-08T13:26:57.863900+00:00,scheduler,2,100,8837.9,10240.0,68,285.099
2026-06-08T13:26:57.863900+00:00,scheduler,3,0,699.9,10240.0,50,98.819
2026-06-08T13:27:02.866917+00:00,scheduler,0,0,699.9,10240.0,36,23.223
2026-06-08T13:27:02.866917+00:00,scheduler,1,0,675.9,10240.0,57,104.58
2026-06-08T13:27:02.866917+00:00,scheduler,2,13,8837.9,10240.0,54,101.871
2026-06-08T13:27:02.866917+00:00,scheduler,3,0,699.9,10240.0,49,99.335
2026-06-08T13:27:07.867551+00:00,scheduler,0,0,699.9,10240.0,36,23.084
2026-06-08T13:27:07.867551+00:00,scheduler,1,0,675.9,10240.0,56,104.018
2026-06-08T13:27:07.867551+00:00,scheduler,2,0,699.9,10240.0,53,120.733
2026-06-08T13:27:07.867551+00:00,scheduler,3,0,699.9,10240.0,48,99.051
2026-06-08T13:27:12.868176+00:00,scheduler,0,0,699.9,10240.0,36,23.039
2026-06-08T13:27:12.868176+00:00,scheduler,1,0,675.9,10240.0,55,103.395
2026-06-08T13:27:12.868176+00:00,scheduler,2,0,699.9,10240.0,50,93.703
2026-06-08T13:27:12.868176+00:00,scheduler,3,0,699.9,10240.0,42,27.937
2026-06-08T13:27:17.868867+00:00,scheduler,0,0,699.9,10240.0,35,23.191
2026-06-08T13:27:17.868867+00:00,scheduler,1,0,675.9,10240.0,47,25.069
2026-06-08T13:27:17.868867+00:00,scheduler,2,0,699.9,10240.0,49,94.037
2026-06-08T13:27:17.868867+00:00,scheduler,3,0,699.9,10240.0,41,27.415
2026-06-08T13:27:22.869507+00:00,scheduler,0,0,699.9,10240.0,35,23.099
2026-06-08T13:27:22.869507+00:00,scheduler,1,0,675.9,10240.0,46,25.076
2026-06-08T13:27:22.869507+00:00,scheduler,2,0,699.9,10240.0,48,93.535
2026-06-08T13:27:22.869507+00:00,scheduler,3,0,699.9,10240.0,39,27.584
2026-06-08T13:27:27.870041+00:00,scheduler,0,60,8721.9,10240.0,41,111.218
2026-06-08T13:27:27.870041+00:00,scheduler,1,0,675.9,10240.0,45,25.332
2026-06-08T13:27:27.870041+00:00,scheduler,2,0,699.9,10240.0,42,19.816
2026-06-08T13:27:27.870041+00:00,scheduler,3,0,699.9,10240.0,39,27.471
2026-06-08T13:27:32.870655+00:00,scheduler,0,38,8835.9,10240.0,48,130.213
2026-06-08T13:27:32.870655+00:00,scheduler,1,0,675.9,10240.0,45,24.96
2026-06-08T13:27:32.870655+00:00,scheduler,2,0,699.9,10240.0,41,19.665
2026-06-08T13:27:32.870655+00:00,scheduler,3,0,699.9,10240.0,38,27.356
2026-06-08T13:27:37.871356+00:00,scheduler,0,100,8837.9,10240.0,54,319.287
2026-06-08T13:27:37.871356+00:00,scheduler,1,0,675.9,10240.0,44,25.395
2026-06-08T13:27:37.871356+00:00,scheduler,2,0,699.9,10240.0,40,19.895
2026-06-08T13:27:37.871356+00:00,scheduler,3,0,699.9,10240.0,37,27.278
2026-06-08T13:27:42.872046+00:00,scheduler,0,100,8837.9,10240.0,55,318.521
2026-06-08T13:27:42.872046+00:00,scheduler,1,0,675.9,10240.0,43,25.22
2026-06-08T13:27:42.872046+00:00,scheduler,2,0,699.9,10240.0,39,20.026
2026-06-08T13:27:42.872046+00:00,scheduler,3,0,699.9,10240.0,37,27.212
2026-06-08T13:27:47.872758+00:00,scheduler,0,100,8837.9,10240.0,57,318.922
2026-06-08T13:27:47.872758+00:00,scheduler,1,0,675.9,10240.0,43,25.313
2026-06-08T13:27:47.872758+00:00,scheduler,2,0,699.9,10240.0,38,19.672
2026-06-08T13:27:47.872758+00:00,scheduler,3,0,699.9,10240.0,36,27.231
2026-06-08T13:27:52.873469+00:00,scheduler,0,100,8837.9,10240.0,57,318.328
2026-06-08T13:27:52.873469+00:00,scheduler,1,0,675.9,10240.0,42,25.117
2026-06-08T13:27:52.873469+00:00,scheduler,2,0,699.9,10240.0,38,19.72
2026-06-08T13:27:52.873469+00:00,scheduler,3,0,699.9,10240.0,36,27.277
2026-06-08T13:27:57.874153+00:00,scheduler,0,100,8837.9,10240.0,59,319.218
2026-06-08T13:27:57.874153+00:00,scheduler,1,0,675.9,10240.0,42,25.062
2026-06-08T13:27:57.874153+00:00,scheduler,2,0,699.9,10240.0,37,19.417
2026-06-08T13:27:57.874153+00:00,scheduler,3,0,699.9,10240.0,36,27.027
2026-06-08T13:28:02.874875+00:00,scheduler,0,100,8837.9,10240.0,59,318.787
2026-06-08T13:28:02.874875+00:00,scheduler,1,0,675.9,10240.0,42,25.307
2026-06-08T13:28:02.874875+00:00,scheduler,2,0,699.9,10240.0,37,19.415
2026-06-08T13:28:02.874875+00:00,scheduler,3,0,699.9,10240.0,35,27.162
2026-06-08T13:28:07.875635+00:00,scheduler,0,100,8837.9,10240.0,60,319.051
2026-06-08T13:28:07.875635+00:00,scheduler,1,0,675.9,10240.0,41,25.126
2026-06-08T13:28:07.875635+00:00,scheduler,2,0,699.9,10240.0,36,19.353
2026-06-08T13:28:07.875635+00:00,scheduler,3,48,8721.9,10240.0,44,117.686
2026-06-08T13:28:12.876286+00:00,scheduler,0,100,8837.9,10240.0,61,319.017
2026-06-08T13:28:12.876286+00:00,scheduler,1,0,675.9,10240.0,41,25.031
2026-06-08T13:28:12.876286+00:00,scheduler,2,0,699.9,10240.0,36,19.29
2026-06-08T13:28:12.876286+00:00,scheduler,3,30,6171.9,10240.0,44,118.317
2026-06-08T13:28:17.876957+00:00,scheduler,0,11,8837.9,10240.0,50,97.394
2026-06-08T13:28:17.876957+00:00,scheduler,1,0,675.9,10240.0,41,25.036
2026-06-08T13:28:17.876957+00:00,scheduler,2,0,699.9,10240.0,36,19.43
2026-06-08T13:28:17.876957+00:00,scheduler,3,100,8837.9,10240.0,67,318.283
2026-06-08T13:28:22.877782+00:00,scheduler,0,0,699.9,10240.0,49,106.769
2026-06-08T13:28:22.877782+00:00,scheduler,1,0,675.9,10240.0,40,25.117
2026-06-08T13:28:22.877782+00:00,scheduler,2,0,699.9,10240.0,36,19.304
2026-06-08T13:28:22.877782+00:00,scheduler,3,100,8837.9,10240.0,69,318.07
2026-06-08T13:28:27.878404+00:00,scheduler,0,0,699.9,10240.0,48,97.195
2026-06-08T13:28:27.878404+00:00,scheduler,1,0,675.9,10240.0,40,25.027
2026-06-08T13:28:27.878404+00:00,scheduler,2,0,699.9,10240.0,36,19.164
2026-06-08T13:28:27.878404+00:00,scheduler,3,100,8837.9,10240.0,69,316.76
2026-06-08T13:28:32.879037+00:00,scheduler,0,0,699.9,10240.0,47,96.79
2026-06-08T13:28:32.879037+00:00,scheduler,1,0,675.9,10240.0,40,25.248
2026-06-08T13:28:32.879037+00:00,scheduler,2,0,699.9,10240.0,35,19.32
2026-06-08T13:28:32.879037+00:00,scheduler,3,100,8837.9,10240.0,70,318.395
2026-06-08T13:28:37.879748+00:00,scheduler,0,0,699.9,10240.0,44,88.446
2026-06-08T13:28:37.879748+00:00,scheduler,1,0,675.9,10240.0,40,25.083
2026-06-08T13:28:37.879748+00:00,scheduler,2,0,699.9,10240.0,35,19.374
2026-06-08T13:28:37.879748+00:00,scheduler,3,100,8837.9,10240.0,71,318.631
2026-06-08T13:28:42.880433+00:00,scheduler,0,0,699.9,10240.0,42,23.651
2026-06-08T13:28:42.880433+00:00,scheduler,1,0,675.9,10240.0,40,25.087
2026-06-08T13:28:42.880433+00:00,scheduler,2,0,699.9,10240.0,35,19.303
2026-06-08T13:28:42.880433+00:00,scheduler,3,100,8837.9,10240.0,72,318.983
2026-06-08T13:28:47.881273+00:00,scheduler,0,0,699.9,10240.0,41,23.263
2026-06-08T13:28:47.881273+00:00,scheduler,1,0,675.9,10240.0,40,25.256
2026-06-08T13:28:47.881273+00:00,scheduler,2,0,699.9,10240.0,35,19.243
2026-06-08T13:28:47.881273+00:00,scheduler,3,100,8837.9,10240.0,72,318.72
2026-06-08T13:28:52.882104+00:00,scheduler,0,0,699.9,10240.0,40,23.381
2026-06-08T13:28:52.882104+00:00,scheduler,1,0,675.9,10240.0,39,25.038
2026-06-08T13:28:52.882104+00:00,scheduler,2,0,699.9,10240.0,35,19.261
2026-06-08T13:28:52.882104+00:00,scheduler,3,100,8837.9,10240.0,73,319.23
2026-06-08T13:28:57.882800+00:00,scheduler,0,0,699.9,10240.0,39,23.603
2026-06-08T13:28:57.882800+00:00,scheduler,1,0,675.9,10240.0,39,24.741
2026-06-08T13:28:57.882800+00:00,scheduler,2,0,699.9,10240.0,35,18.758
2026-06-08T13:28:57.882800+00:00,scheduler,3,11,8837.9,10240.0,53,100.488
2026-06-08T13:29:02.884610+00:00,scheduler,0,0,699.9,10240.0,38,23.335
2026-06-08T13:29:02.884610+00:00,scheduler,1,0,675.9,10240.0,39,24.799
2026-06-08T13:29:02.884610+00:00,scheduler,2,0,699.9,10240.0,34,18.779
2026-06-08T13:29:02.884610+00:00,scheduler,3,0,699.9,10240.0,53,125.496
2026-06-08T13:29:07.885231+00:00,scheduler,0,0,699.9,10240.0,38,23.204
2026-06-08T13:29:07.885231+00:00,scheduler,1,0,675.9,10240.0,39,24.85
2026-06-08T13:29:07.885231+00:00,scheduler,2,0,699.9,10240.0,34,18.81
2026-06-08T13:29:07.885231+00:00,scheduler,3,0,699.9,10240.0,50,99.152
2026-06-08T13:29:12.885838+00:00,scheduler,0,0,699.9,10240.0,37,23.192
2026-06-08T13:29:12.885838+00:00,scheduler,1,0,675.9,10240.0,39,24.91
2026-06-08T13:29:12.885838+00:00,scheduler,2,0,699.9,10240.0,34,18.68
2026-06-08T13:29:12.885838+00:00,scheduler,3,0,699.9,10240.0,49,98.549
2026-06-08T13:29:17.886522+00:00,scheduler,0,0,699.9,10240.0,37,23.042
2026-06-08T13:29:17.886522+00:00,scheduler,1,0,675.9,10240.0,39,24.679
2026-06-08T13:29:17.886522+00:00,scheduler,2,0,699.9,10240.0,34,18.729
2026-06-08T13:29:17.886522+00:00,scheduler,3,0,699.9,10240.0,48,98.342
2026-06-08T13:29:22.887163+00:00,scheduler,0,0,699.9,10240.0,36,23.152
2026-06-08T13:29:22.887163+00:00,scheduler,1,0,675.9,10240.0,39,24.682
2026-06-08T13:29:22.887163+00:00,scheduler,2,0,699.9,10240.0,34,18.672
2026-06-08T13:29:22.887163+00:00,scheduler,3,0,699.9,10240.0,42,28.066
2026-06-08T13:29:27.887872+00:00,scheduler,0,0,699.9,10240.0,36,23.071
2026-06-08T13:29:27.887872+00:00,scheduler,1,0,675.9,10240.0,39,24.851
2026-06-08T13:29:27.887872+00:00,scheduler,2,0,699.9,10240.0,34,18.757
2026-06-08T13:29:27.887872+00:00,scheduler,3,0,699.9,10240.0,41,27.61
2026-06-08T13:29:32.888682+00:00,scheduler,0,41,8701.9,10240.0,49,144.059
2026-06-08T13:29:32.888682+00:00,scheduler,1,0,675.9,10240.0,39,24.61
2026-06-08T13:29:32.888682+00:00,scheduler,2,0,699.9,10240.0,34,19.091
2026-06-08T13:29:32.888682+00:00,scheduler,3,0,699.9,10240.0,40,27.754
2026-06-08T13:29:37.889252+00:00,scheduler,0,14,5257.9,10240.0,41,94.56
2026-06-08T13:29:37.889252+00:00,scheduler,1,0,675.9,10240.0,38,24.689
2026-06-08T13:29:37.889252+00:00,scheduler,2,0,699.9,10240.0,34,18.939
2026-06-08T13:29:37.889252+00:00,scheduler,3,0,699.9,10240.0,39,27.668
2026-06-08T13:29:42.889870+00:00,scheduler,0,100,8837.9,10240.0,54,317.974
2026-06-08T13:29:42.889870+00:00,scheduler,1,0,675.9,10240.0,38,25.128
2026-06-08T13:29:42.889870+00:00,scheduler,2,0,699.9,10240.0,34,19.317
2026-06-08T13:29:42.889870+00:00,scheduler,3,0,699.9,10240.0,38,27.711
2026-06-08T13:29:47.890628+00:00,scheduler,0,100,8837.9,10240.0,55,318.594
2026-06-08T13:29:47.890628+00:00,scheduler,1,0,675.9,10240.0,38,24.901
2026-06-08T13:29:47.890628+00:00,scheduler,2,0,699.9,10240.0,34,19.293
2026-06-08T13:29:47.890628+00:00,scheduler,3,0,699.9,10240.0,38,27.388
2026-06-08T13:29:52.891213+00:00,scheduler,0,100,8837.9,10240.0,57,318.227
2026-06-08T13:29:52.891213+00:00,scheduler,1,0,675.9,10240.0,38,24.786
2026-06-08T13:29:52.891213+00:00,scheduler,2,0,699.9,10240.0,34,19.023
2026-06-08T13:29:52.891213+00:00,scheduler,3,0,699.9,10240.0,37,27.352
2026-06-08T13:29:57.891845+00:00,scheduler,0,100,8837.9,10240.0,58,318.5
2026-06-08T13:29:57.891845+00:00,scheduler,1,0,675.9,10240.0,38,24.9
2026-06-08T13:29:57.891845+00:00,scheduler,2,0,699.9,10240.0,34,19.01
2026-06-08T13:29:57.891845+00:00,scheduler,3,0,699.9,10240.0,37,27.214
2026-06-08T13:30:02.892512+00:00,scheduler,0,100,8837.9,10240.0,59,318.595
2026-06-08T13:30:02.892512+00:00,scheduler,1,0,675.9,10240.0,38,25.048
2026-06-08T13:30:02.892512+00:00,scheduler,2,0,699.9,10240.0,34,19.058
2026-06-08T13:30:02.892512+00:00,scheduler,3,0,699.9,10240.0,36,27.448
2026-06-08T13:30:07.893168+00:00,scheduler,0,100,8837.9,10240.0,59,318.556
2026-06-08T13:30:07.893168+00:00,scheduler,1,0,675.9,10240.0,38,24.926
2026-06-08T13:30:07.893168+00:00,scheduler,2,0,699.9,10240.0,34,19.202
2026-06-08T13:30:07.893168+00:00,scheduler,3,0,699.9,10240.0,36,27.312
2026-06-08T13:30:12.893827+00:00,scheduler,0,100,8837.9,10240.0,60,318.703
2026-06-08T13:30:12.893827+00:00,scheduler,1,0,675.9,10240.0,38,24.805
2026-06-08T13:30:12.893827+00:00,scheduler,2,0,699.9,10240.0,34,19.049
2026-06-08T13:30:12.893827+00:00,scheduler,3,0,699.9,10240.0,36,27.318
2026-06-08T13:30:17.894484+00:00,scheduler,0,100,8837.9,10240.0,61,318.993
2026-06-08T13:30:17.894484+00:00,scheduler,1,0,675.9,10240.0,38,25.139
2026-06-08T13:30:17.894484+00:00,scheduler,2,0,699.9,10240.0,34,19.063
2026-06-08T13:30:17.894484+00:00,scheduler,3,0,699.9,10240.0,35,27.326
2026-06-08T13:30:23.020253+00:00,scheduler,0,10,8837.9,10240.0,51,106.604
2026-06-08T13:30:23.020253+00:00,scheduler,1,0,675.9,10240.0,38,24.67
2026-06-08T13:30:23.020253+00:00,scheduler,2,0,699.9,10240.0,34,18.807
2026-06-08T13:30:23.020253+00:00,scheduler,3,0,699.9,10240.0,35,27.266
2026-06-08T13:30:28.023106+00:00,scheduler,0,0,699.9,10240.0,51,129.287
2026-06-08T13:30:28.023106+00:00,scheduler,1,0,675.9,10240.0,38,24.67
2026-06-08T13:30:28.023106+00:00,scheduler,2,0,699.9,10240.0,34,18.699
2026-06-08T13:30:28.023106+00:00,scheduler,3,0,699.9,10240.0,35,27.195
2026-06-08T13:30:33.023800+00:00,scheduler,0,0,699.9,10240.0,48,96.277
2026-06-08T13:30:33.023800+00:00,scheduler,1,0,675.9,10240.0,38,24.693
2026-06-08T13:30:33.023800+00:00,scheduler,2,0,699.9,10240.0,33,18.615
2026-06-08T13:30:33.023800+00:00,scheduler,3,0,699.9,10240.0,35,27.169
2026-06-08T13:30:38.024385+00:00,scheduler,0,0,699.9,10240.0,48,95.911
2026-06-08T13:30:38.024385+00:00,scheduler,1,0,675.9,10240.0,38,24.75
2026-06-08T13:30:38.024385+00:00,scheduler,2,0,699.9,10240.0,33,18.721
2026-06-08T13:30:38.024385+00:00,scheduler,3,0,699.9,10240.0,35,27.218
2026-06-08T13:30:43.025077+00:00,scheduler,0,0,699.9,10240.0,47,95.68
2026-06-08T13:30:43.025077+00:00,scheduler,1,0,675.9,10240.0,38,24.641
2026-06-08T13:30:43.025077+00:00,scheduler,2,0,699.9,10240.0,33,18.646
2026-06-08T13:30:43.025077+00:00,scheduler,3,0,699.9,10240.0,35,27.166
2026-06-08T13:30:48.025822+00:00,scheduler,0,0,699.9,10240.0,42,23.786
2026-06-08T13:30:48.025822+00:00,scheduler,1,0,675.9,10240.0,38,24.641
2026-06-08T13:30:48.025822+00:00,scheduler,2,0,699.9,10240.0,33,18.607
2026-06-08T13:30:48.025822+00:00,scheduler,3,0,699.9,10240.0,34,27.137
2026-06-08T13:30:53.026654+00:00,scheduler,0,0,699.9,10240.0,41,23.722
2026-06-08T13:30:53.026654+00:00,scheduler,1,0,675.9,10240.0,38,24.728
2026-06-08T13:30:53.026654+00:00,scheduler,2,0,699.9,10240.0,33,18.614
2026-06-08T13:30:53.026654+00:00,scheduler,3,0,699.9,10240.0,34,27.217
2026-06-08T13:30:58.027280+00:00,scheduler,0,0,699.9,10240.0,40,23.518
2026-06-08T13:30:58.027280+00:00,scheduler,1,0,675.9,10240.0,38,24.654
2026-06-08T13:30:58.027280+00:00,scheduler,2,0,699.9,10240.0,33,18.646
2026-06-08T13:30:58.027280+00:00,scheduler,3,0,699.9,10240.0,34,27.147
2026-06-08T13:31:03.027874+00:00,scheduler,0,0,699.9,10240.0,39,23.503
2026-06-08T13:31:03.027874+00:00,scheduler,1,0,675.9,10240.0,38,24.641
2026-06-08T13:31:03.027874+00:00,scheduler,2,0,699.9,10240.0,33,18.481
2026-06-08T13:31:03.027874+00:00,scheduler,3,0,699.9,10240.0,34,27.226
2026-06-08T13:31:08.028446+00:00,scheduler,0,0,699.9,10240.0,39,23.365
2026-06-08T13:31:08.028446+00:00,scheduler,1,0,675.9,10240.0,38,24.756
2026-06-08T13:31:08.028446+00:00,scheduler,2,0,699.9,10240.0,33,18.632
2026-06-08T13:31:08.028446+00:00,scheduler,3,0,699.9,10240.0,34,27.023
2026-06-08T13:31:13.028976+00:00,scheduler,0,0,699.9,10240.0,38,23.454
2026-06-08T13:31:13.028976+00:00,scheduler,1,0,675.9,10240.0,38,24.618
2026-06-08T13:31:13.028976+00:00,scheduler,2,0,699.9,10240.0,33,18.77
2026-06-08T13:31:13.028976+00:00,scheduler,3,0,699.9,10240.0,34,27.193
2026-06-08T13:31:18.029607+00:00,scheduler,0,0,699.9,10240.0,37,23.393
2026-06-08T13:31:18.029607+00:00,scheduler,1,0,675.9,10240.0,37,24.602
2026-06-08T13:31:18.029607+00:00,scheduler,2,0,699.9,10240.0,33,18.594
2026-06-08T13:31:18.029607+00:00,scheduler,3,0,699.9,10240.0,34,26.995
2026-06-08T13:31:23.030372+00:00,scheduler,0,0,699.9,10240.0,37,23.339
2026-06-08T13:31:23.030372+00:00,scheduler,1,0,675.9,10240.0,37,24.667
2026-06-08T13:31:23.030372+00:00,scheduler,2,0,699.9,10240.0,33,18.632
2026-06-08T13:31:23.030372+00:00,scheduler,3,0,699.9,10240.0,34,26.947
2026-06-08T13:31:28.031095+00:00,scheduler,0,0,699.9,10240.0,37,23.186
2026-06-08T13:31:28.031095+00:00,scheduler,1,0,675.9,10240.0,37,24.723
2026-06-08T13:31:28.031095+00:00,scheduler,2,0,699.9,10240.0,33,18.633
2026-06-08T13:31:28.031095+00:00,scheduler,3,0,699.9,10240.0,34,27.132
2026-06-08T13:31:33.031881+00:00,scheduler,0,0,699.9,10240.0,36,23.135
2026-06-08T13:31:33.031881+00:00,scheduler,1,0,675.9,10240.0,37,24.619
2026-06-08T13:31:33.031881+00:00,scheduler,2,0,699.9,10240.0,33,18.707
2026-06-08T13:31:33.031881+00:00,scheduler,3,0,699.9,10240.0,34,26.998
2026-06-08T13:31:38.032615+00:00,scheduler,0,0,699.9,10240.0,36,23.135
2026-06-08T13:31:38.032615+00:00,scheduler,1,0,675.9,10240.0,37,24.534
2026-06-08T13:31:38.032615+00:00,scheduler,2,0,699.9,10240.0,33,18.604
2026-06-08T13:31:38.032615+00:00,scheduler,3,0,699.9,10240.0,34,27.067
2026-06-08T13:31:43.033149+00:00,scheduler,0,0,699.9,10240.0,36,23.134
2026-06-08T13:31:43.033149+00:00,scheduler,1,0,675.9,10240.0,37,24.672
2026-06-08T13:31:43.033149+00:00,scheduler,2,0,699.9,10240.0,33,18.521
2026-06-08T13:31:43.033149+00:00,scheduler,3,0,699.9,10240.0,34,27.099
2026-06-08T13:31:48.033776+00:00,scheduler,0,0,699.9,10240.0,36,23.114
2026-06-08T13:31:48.033776+00:00,scheduler,1,0,675.9,10240.0,37,24.546
2026-06-08T13:31:48.033776+00:00,scheduler,2,0,699.9,10240.0,33,18.685
2026-06-08T13:31:48.033776+00:00,scheduler,3,0,699.9,10240.0,33,27.051
2026-06-08T13:31:53.034427+00:00,scheduler,0,0,699.9,10240.0,35,23.093
2026-06-08T13:31:53.034427+00:00,scheduler,1,0,675.9,10240.0,37,24.533
2026-06-08T13:31:53.034427+00:00,scheduler,2,0,699.9,10240.0,33,18.521
2026-06-08T13:31:53.034427+00:00,scheduler,3,0,699.9,10240.0,33,26.95
2026-06-08T13:31:58.035039+00:00,scheduler,0,0,699.9,10240.0,35,22.998
2026-06-08T13:31:58.035039+00:00,scheduler,1,0,675.9,10240.0,37,24.486
2026-06-08T13:31:58.035039+00:00,scheduler,2,0,699.9,10240.0,33,18.571
2026-06-08T13:31:58.035039+00:00,scheduler,3,0,699.9,10240.0,33,27.015
2026-06-08T13:32:03.035624+00:00,scheduler,0,0,699.9,10240.0,35,22.929
2026-06-08T13:32:03.035624+00:00,scheduler,1,0,675.9,10240.0,37,24.643
2026-06-08T13:32:03.035624+00:00,scheduler,2,0,699.9,10240.0,33,18.673
2026-06-08T13:32:03.035624+00:00,scheduler,3,0,699.9,10240.0,33,27.071
2026-06-08T13:32:08.036236+00:00,scheduler,0,0,699.9,10240.0,35,22.943
2026-06-08T13:32:08.036236+00:00,scheduler,1,0,675.9,10240.0,37,24.498
2026-06-08T13:32:08.036236+00:00,scheduler,2,0,699.9,10240.0,33,18.522
2026-06-08T13:32:08.036236+00:00,scheduler,3,0,699.9,10240.0,33,27.019
2026-06-08T13:32:13.036815+00:00,scheduler,0,0,699.9,10240.0,35,22.968
2026-06-08T13:32:13.036815+00:00,scheduler,1,0,675.9,10240.0,37,24.465
2026-06-08T13:32:13.036815+00:00,scheduler,2,0,699.9,10240.0,33,18.675
2026-06-08T13:32:13.036815+00:00,scheduler,3,0,699.9,10240.0,33,26.88
2026-06-08T13:32:18.037518+00:00,scheduler,0,0,699.9,10240.0,35,23.054
2026-06-08T13:32:18.037518+00:00,scheduler,1,0,376.8,10240.0,37,24.507
2026-06-08T13:32:18.037518+00:00,scheduler,2,0,699.9,10240.0,33,18.551
2026-06-08T13:32:18.037518+00:00,scheduler,3,0,699.9,10240.0,33,27.034
2026-06-08T13:32:23.038191+00:00,scheduler,0,0,699.9,10240.0,34,23.037
2026-06-08T13:32:23.038191+00:00,scheduler,1,0,376.8,10240.0,37,24.624
2026-06-08T13:32:23.038191+00:00,scheduler,2,0,699.9,10240.0,33,18.647
2026-06-08T13:32:23.038191+00:00,scheduler,3,0,699.9,10240.0,33,27.13
2026-06-08T13:32:28.038944+00:00,scheduler,0,0,699.9,10240.0,34,22.947
2026-06-08T13:32:28.038944+00:00,scheduler,1,0,376.8,10240.0,37,24.531
2026-06-08T13:32:28.038944+00:00,scheduler,2,0,699.9,10240.0,33,18.574
2026-06-08T13:32:28.038944+00:00,scheduler,3,0,699.9,10240.0,33,26.866
2026-06-08T13:32:33.039614+00:00,scheduler,0,0,699.9,10240.0,34,23.008
2026-06-08T13:32:33.039614+00:00,scheduler,1,0,376.8,10240.0,37,24.636
2026-06-08T13:32:33.039614+00:00,scheduler,2,0,699.9,10240.0,33,18.485
2026-06-08T13:32:33.039614+00:00,scheduler,3,0,699.9,10240.0,33,27.008
2026-06-08T13:32:38.040252+00:00,scheduler,0,0,699.9,10240.0,34,23.186
2026-06-08T13:32:38.040252+00:00,scheduler,1,0,376.8,10240.0,37,24.554
2026-06-08T13:32:38.040252+00:00,scheduler,2,0,699.9,10240.0,33,18.485
2026-06-08T13:32:38.040252+00:00,scheduler,3,0,699.9,10240.0,33,27.046
2026-06-08T13:32:43.040944+00:00,scheduler,0,0,699.9,10240.0,34,23.152
2026-06-08T13:32:43.040944+00:00,scheduler,1,0,376.8,10240.0,37,24.527
2026-06-08T13:32:43.040944+00:00,scheduler,2,0,699.9,10240.0,33,18.578
2026-06-08T13:32:43.040944+00:00,scheduler,3,0,699.9,10240.0,33,27.143
2026-06-08T13:32:48.041625+00:00,scheduler,0,0,699.9,10240.0,34,22.988
2026-06-08T13:32:48.041625+00:00,scheduler,1,0,376.8,10240.0,37,24.586
2026-06-08T13:32:48.041625+00:00,scheduler,2,0,699.9,10240.0,33,18.544
2026-06-08T13:32:48.041625+00:00,scheduler,3,0,699.9,10240.0,33,26.894
2026-06-08T13:32:53.042298+00:00,scheduler,0,0,699.9,10240.0,34,22.979
2026-06-08T13:32:53.042298+00:00,scheduler,1,0,376.8,10240.0,37,24.566
2026-06-08T13:32:53.042298+00:00,scheduler,2,0,699.9,10240.0,33,18.597
2026-06-08T13:32:53.042298+00:00,scheduler,3,0,699.9,10240.0,33,26.96
2026-06-08T13:32:58.043047+00:00,scheduler,0,0,699.9,10240.0,34,23.194
2026-06-08T13:32:58.043047+00:00,scheduler,1,0,376.8,10240.0,37,24.588
2026-06-08T13:32:58.043047+00:00,scheduler,2,0,699.9,10240.0,33,18.506
2026-06-08T13:32:58.043047+00:00,scheduler,3,0,699.9,10240.0,33,27.012
2026-06-08T13:33:03.043692+00:00,scheduler,0,0,699.9,10240.0,34,22.979
2026-06-08T13:33:03.043692+00:00,scheduler,1,0,376.8,10240.0,37,24.511
2026-06-08T13:33:03.043692+00:00,scheduler,2,0,699.9,10240.0,33,18.612
2026-06-08T13:33:03.043692+00:00,scheduler,3,0,699.9,10240.0,33,26.979
2026-06-08T13:33:08.044682+00:00,scheduler,0,0,699.9,10240.0,34,22.998
2026-06-08T13:33:08.044682+00:00,scheduler,1,0,376.8,10240.0,37,24.614
2026-06-08T13:33:08.044682+00:00,scheduler,2,0,699.9,10240.0,33,18.576
2026-06-08T13:33:08.044682+00:00,scheduler,3,0,699.9,10240.0,33,27.024
2026-06-08T13:33:13.045434+00:00,scheduler,0,0,699.9,10240.0,34,23.18
2026-06-08T13:33:13.045434+00:00,scheduler,1,0,376.8,10240.0,37,24.617
2026-06-08T13:33:13.045434+00:00,scheduler,2,0,400.8,10240.0,33,18.623
2026-06-08T13:33:13.045434+00:00,scheduler,3,0,699.9,10240.0,33,27.052
2026-06-08T13:33:18.046041+00:00,scheduler,0,0,699.9,10240.0,34,23.066
2026-06-08T13:33:18.046041+00:00,scheduler,1,0,376.8,10240.0,37,24.572
2026-06-08T13:33:18.046041+00:00,scheduler,2,0,400.8,10240.0,33,18.639
2026-06-08T13:33:18.046041+00:00,scheduler,3,0,699.9,10240.0,33,26.841
2026-06-08T13:33:23.046808+00:00,scheduler,0,0,400.8,10240.0,34,23.432
2026-06-08T13:33:23.046808+00:00,scheduler,1,0,376.8,10240.0,37,24.623
2026-06-08T13:33:23.046808+00:00,scheduler,2,0,400.8,10240.0,33,18.649
2026-06-08T13:33:23.046808+00:00,scheduler,3,0,699.9,10240.0,33,26.963
2026-06-08T13:33:28.048821+00:00,scheduler,0,0,400.8,10240.0,34,23.147
2026-06-08T13:33:28.048821+00:00,scheduler,1,0,376.8,10240.0,37,24.587
2026-06-08T13:33:28.048821+00:00,scheduler,2,0,400.8,10240.0,33,18.472
2026-06-08T13:33:28.048821+00:00,scheduler,3,0,699.9,10240.0,33,27.02
2026-06-08T13:33:33.049550+00:00,scheduler,0,0,400.8,10240.0,34,23.088
2026-06-08T13:33:33.049550+00:00,scheduler,1,0,376.8,10240.0,37,24.654
2026-06-08T13:33:33.049550+00:00,scheduler,2,0,400.8,10240.0,33,18.627
2026-06-08T13:33:33.049550+00:00,scheduler,3,0,699.9,10240.0,33,26.953
2026-06-08T13:33:38.050233+00:00,scheduler,0,0,400.8,10240.0,34,23.053
2026-06-08T13:33:38.050233+00:00,scheduler,1,0,376.8,10240.0,37,24.502
2026-06-08T13:33:38.050233+00:00,scheduler,2,0,400.8,10240.0,33,18.717
2026-06-08T13:33:38.050233+00:00,scheduler,3,0,699.9,10240.0,33,26.884
2026-06-08T13:33:43.050961+00:00,scheduler,0,0,400.8,10240.0,34,23.011
2026-06-08T13:33:43.050961+00:00,scheduler,1,0,376.8,10240.0,37,24.499
2026-06-08T13:33:43.050961+00:00,scheduler,2,0,400.8,10240.0,33,18.522
2026-06-08T13:33:43.050961+00:00,scheduler,3,0,699.9,10240.0,33,26.951
2026-06-08T13:33:48.051710+00:00,scheduler,0,0,400.8,10240.0,34,23.225
2026-06-08T13:33:48.051710+00:00,scheduler,1,0,376.8,10240.0,37,24.668
2026-06-08T13:33:48.051710+00:00,scheduler,2,0,400.8,10240.0,33,18.618
2026-06-08T13:33:48.051710+00:00,scheduler,3,0,699.9,10240.0,33,27.05
2026-06-08T13:33:53.052478+00:00,scheduler,0,0,400.8,10240.0,33,23.046
2026-06-08T13:33:53.052478+00:00,scheduler,1,0,376.8,10240.0,37,24.643
2026-06-08T13:33:53.052478+00:00,scheduler,2,0,400.8,10240.0,33,18.604
2026-06-08T13:33:53.052478+00:00,scheduler,3,0,699.9,10240.0,33,27.065
2026-06-08T13:33:58.053326+00:00,scheduler,0,0,400.8,10240.0,33,23.051
2026-06-08T13:33:58.053326+00:00,scheduler,1,0,376.8,10240.0,37,24.579
2026-06-08T13:33:58.053326+00:00,scheduler,2,0,400.8,10240.0,33,18.494
2026-06-08T13:33:58.053326+00:00,scheduler,3,0,699.9,10240.0,33,27.1
2026-06-08T13:34:03.054062+00:00,scheduler,0,0,400.8,10240.0,33,23.138
2026-06-08T13:34:03.054062+00:00,scheduler,1,0,376.8,10240.0,37,24.595
2026-06-08T13:34:03.054062+00:00,scheduler,2,0,400.8,10240.0,33,18.503
2026-06-08T13:34:03.054062+00:00,scheduler,3,0,699.9,10240.0,33,27.101
2026-06-08T13:34:08.054739+00:00,scheduler,0,0,400.8,10240.0,33,22.938
2026-06-08T13:34:08.054739+00:00,scheduler,1,0,376.8,10240.0,37,24.655
2026-06-08T13:34:08.054739+00:00,scheduler,2,0,400.8,10240.0,33,18.599
2026-06-08T13:34:08.054739+00:00,scheduler,3,0,699.9,10240.0,33,27.032
2026-06-08T13:34:13.055530+00:00,scheduler,0,0,400.8,10240.0,33,22.891
2026-06-08T13:34:13.055530+00:00,scheduler,1,0,376.8,10240.0,37,24.598
2026-06-08T13:34:13.055530+00:00,scheduler,2,0,400.8,10240.0,33,18.562
2026-06-08T13:34:13.055530+00:00,scheduler,3,0,699.9,10240.0,33,26.954
2026-06-08T13:34:18.056283+00:00,scheduler,0,0,400.8,10240.0,33,23.082
2026-06-08T13:34:18.056283+00:00,scheduler,1,0,376.8,10240.0,37,24.618
2026-06-08T13:34:18.056283+00:00,scheduler,2,0,400.8,10240.0,33,18.6
2026-06-08T13:34:18.056283+00:00,scheduler,3,0,699.9,10240.0,33,27.231
2026-06-08T13:34:23.057020+00:00,scheduler,0,0,400.8,10240.0,33,22.891
2026-06-08T13:34:23.057020+00:00,scheduler,1,0,376.8,10240.0,37,24.694
2026-06-08T13:34:23.057020+00:00,scheduler,2,0,400.8,10240.0,33,18.611
2026-06-08T13:34:23.057020+00:00,scheduler,3,0,699.9,10240.0,33,27.019
2026-06-08T13:34:28.057777+00:00,scheduler,0,0,400.8,10240.0,33,22.84
2026-06-08T13:34:28.057777+00:00,scheduler,1,0,376.8,10240.0,37,24.587
2026-06-08T13:34:28.057777+00:00,scheduler,2,0,400.8,10240.0,33,18.566
2026-06-08T13:34:28.057777+00:00,scheduler,3,0,699.9,10240.0,33,26.999
2026-06-08T13:34:33.058438+00:00,scheduler,0,0,400.8,10240.0,33,22.934
2026-06-08T13:34:33.058438+00:00,scheduler,1,0,376.8,10240.0,37,24.623
2026-06-08T13:34:33.058438+00:00,scheduler,2,0,400.8,10240.0,33,18.496
2026-06-08T13:34:33.058438+00:00,scheduler,3,0,699.9,10240.0,33,27.137
2026-06-08T13:34:38.059042+00:00,scheduler,0,0,400.8,10240.0,33,23.078
2026-06-08T13:34:38.059042+00:00,scheduler,1,0,376.8,10240.0,37,24.582
2026-06-08T13:34:38.059042+00:00,scheduler,2,0,400.8,10240.0,33,18.46
2026-06-08T13:34:38.059042+00:00,scheduler,3,0,699.9,10240.0,33,27.01
2026-06-08T13:34:43.059679+00:00,scheduler,0,0,400.8,10240.0,33,22.913
2026-06-08T13:34:43.059679+00:00,scheduler,1,0,376.8,10240.0,37,24.706
2026-06-08T13:34:43.059679+00:00,scheduler,2,0,400.8,10240.0,33,18.597
2026-06-08T13:34:43.059679+00:00,scheduler,3,0,699.9,10240.0,33,27.008
2026-06-08T13:34:48.060429+00:00,scheduler,0,0,400.8,10240.0,33,22.913
2026-06-08T13:34:48.060429+00:00,scheduler,1,0,376.8,10240.0,37,24.574
2026-06-08T13:34:48.060429+00:00,scheduler,2,0,400.8,10240.0,33,18.509
2026-06-08T13:34:48.060429+00:00,scheduler,3,0,699.9,10240.0,33,27.085
2026-06-08T13:34:53.061280+00:00,scheduler,0,0,400.8,10240.0,33,23.047
2026-06-08T13:34:53.061280+00:00,scheduler,1,0,376.8,10240.0,37,24.555
2026-06-08T13:34:53.061280+00:00,scheduler,2,0,400.8,10240.0,33,18.564
2026-06-08T13:34:53.061280+00:00,scheduler,3,0,699.9,10240.0,33,27.038
2026-06-08T13:34:58.062009+00:00,scheduler,0,0,400.8,10240.0,33,22.918
2026-06-08T13:34:58.062009+00:00,scheduler,1,0,376.8,10240.0,37,24.74
2026-06-08T13:34:58.062009+00:00,scheduler,2,0,400.8,10240.0,33,18.469
2026-06-08T13:34:58.062009+00:00,scheduler,3,0,699.9,10240.0,33,27.026
2026-06-08T13:35:03.062731+00:00,scheduler,0,0,400.8,10240.0,33,22.906
2026-06-08T13:35:03.062731+00:00,scheduler,1,0,376.8,10240.0,37,24.607
2026-06-08T13:35:03.062731+00:00,scheduler,2,0,400.8,10240.0,33,18.58
2026-06-08T13:35:03.062731+00:00,scheduler,3,0,699.9,10240.0,33,27.128
2026-06-08T13:35:08.063446+00:00,scheduler,0,0,400.8,10240.0,33,22.92
2026-06-08T13:35:08.063446+00:00,scheduler,1,0,376.8,10240.0,37,24.562
2026-06-08T13:35:08.063446+00:00,scheduler,2,0,400.8,10240.0,33,18.644
2026-06-08T13:35:08.063446+00:00,scheduler,3,0,699.9,10240.0,33,27.146
2026-06-08T13:35:13.064129+00:00,scheduler,0,0,400.8,10240.0,33,23.028
2026-06-08T13:35:13.064129+00:00,scheduler,1,0,376.8,10240.0,37,24.707
2026-06-08T13:35:13.064129+00:00,scheduler,2,0,400.8,10240.0,33,18.566
2026-06-08T13:35:13.064129+00:00,scheduler,3,0,699.9,10240.0,33,27.14
2026-06-08T13:35:18.064843+00:00,scheduler,0,0,400.8,10240.0,33,23.023
2026-06-08T13:35:18.064843+00:00,scheduler,1,0,376.8,10240.0,37,24.68
2026-06-08T13:35:18.064843+00:00,scheduler,2,0,400.8,10240.0,33,18.655
2026-06-08T13:35:18.064843+00:00,scheduler,3,0,400.8,10240.0,34,36.081
2026-06-08T13:35:23.065671+00:00,scheduler,0,0,400.8,10240.0,33,22.922
2026-06-08T13:35:23.065671+00:00,scheduler,1,0,376.8,10240.0,37,24.637
2026-06-08T13:35:23.065671+00:00,scheduler,2,0,400.8,10240.0,33,18.639
2026-06-08T13:35:23.065671+00:00,scheduler,3,0,400.8,10240.0,33,27.1
2026-06-08T13:35:28.066347+00:00,scheduler,0,0,400.8,10240.0,33,22.93
2026-06-08T13:35:28.066347+00:00,scheduler,1,0,376.8,10240.0,37,24.721
2026-06-08T13:35:28.066347+00:00,scheduler,2,0,400.8,10240.0,33,18.743
2026-06-08T13:35:28.066347+00:00,scheduler,3,0,400.8,10240.0,33,27.083
2026-06-08T13:35:33.067127+00:00,scheduler,0,0,400.8,10240.0,33,22.961
2026-06-08T13:35:33.067127+00:00,scheduler,1,0,376.8,10240.0,37,24.653
2026-06-08T13:35:33.067127+00:00,scheduler,2,0,400.8,10240.0,33,18.747
2026-06-08T13:35:33.067127+00:00,scheduler,3,0,400.8,10240.0,33,27.022
2026-06-08T13:35:38.068126+00:00,scheduler,0,0,400.8,10240.0,33,22.935
2026-06-08T13:35:38.068126+00:00,scheduler,1,0,376.8,10240.0,37,24.527
2026-06-08T13:35:38.068126+00:00,scheduler,2,0,400.8,10240.0,33,18.655
2026-06-08T13:35:38.068126+00:00,scheduler,3,0,400.8,10240.0,33,27.174
2026-06-08T13:35:43.068841+00:00,scheduler,0,0,400.8,10240.0,33,22.972
2026-06-08T13:35:43.068841+00:00,scheduler,1,0,376.8,10240.0,37,24.638
2026-06-08T13:35:43.068841+00:00,scheduler,2,0,400.8,10240.0,33,18.506
2026-06-08T13:35:43.068841+00:00,scheduler,3,0,400.8,10240.0,33,26.973
2026-06-08T13:35:48.069471+00:00,scheduler,0,0,400.8,10240.0,33,23.004
2026-06-08T13:35:48.069471+00:00,scheduler,1,0,376.8,10240.0,37,24.62
2026-06-08T13:35:48.069471+00:00,scheduler,2,0,400.8,10240.0,33,18.691
2026-06-08T13:35:48.069471+00:00,scheduler,3,0,400.8,10240.0,33,27.124
2026-06-08T13:35:53.070104+00:00,scheduler,0,0,400.8,10240.0,33,22.963
2026-06-08T13:35:53.070104+00:00,scheduler,1,0,376.8,10240.0,37,24.497
2026-06-08T13:35:53.070104+00:00,scheduler,2,0,400.8,10240.0,33,18.517
2026-06-08T13:35:53.070104+00:00,scheduler,3,0,400.8,10240.0,33,27.061
2026-06-08T13:35:58.070773+00:00,scheduler,0,0,400.8,10240.0,33,22.956
2026-06-08T13:35:58.070773+00:00,scheduler,1,0,376.8,10240.0,37,24.551
2026-06-08T13:35:58.070773+00:00,scheduler,2,0,400.8,10240.0,33,18.586
2026-06-08T13:35:58.070773+00:00,scheduler,3,0,400.8,10240.0,33,26.957
2026-06-08T13:36:03.071398+00:00,scheduler,0,0,400.8,10240.0,33,23.037
2026-06-08T13:36:03.071398+00:00,scheduler,1,0,376.8,10240.0,37,24.611
2026-06-08T13:36:03.071398+00:00,scheduler,2,0,400.8,10240.0,33,18.701
2026-06-08T13:36:03.071398+00:00,scheduler,3,0,400.8,10240.0,33,27.108
2026-06-08T13:36:08.072033+00:00,scheduler,0,0,400.8,10240.0,33,22.878
2026-06-08T13:36:08.072033+00:00,scheduler,1,0,376.8,10240.0,37,24.536
2026-06-08T13:36:08.072033+00:00,scheduler,2,0,400.8,10240.0,33,18.655
2026-06-08T13:36:08.072033+00:00,scheduler,3,0,400.8,10240.0,33,26.934
2026-06-08T13:36:13.072759+00:00,scheduler,0,0,400.8,10240.0,33,22.856
2026-06-08T13:36:13.072759+00:00,scheduler,1,0,376.8,10240.0,37,24.538
2026-06-08T13:36:13.072759+00:00,scheduler,2,0,400.8,10240.0,33,18.539
2026-06-08T13:36:13.072759+00:00,scheduler,3,0,400.8,10240.0,33,27.087
2026-06-08T13:36:18.073433+00:00,scheduler,0,0,400.8,10240.0,33,22.845
2026-06-08T13:36:18.073433+00:00,scheduler,1,0,376.8,10240.0,37,24.47
2026-06-08T13:36:18.073433+00:00,scheduler,2,0,400.8,10240.0,33,18.512
2026-06-08T13:36:18.073433+00:00,scheduler,3,0,400.8,10240.0,33,26.937
2026-06-08T13:36:23.074117+00:00,scheduler,0,0,400.8,10240.0,33,22.98
2026-06-08T13:36:23.074117+00:00,scheduler,1,0,376.8,10240.0,37,24.606
2026-06-08T13:36:23.074117+00:00,scheduler,2,0,400.8,10240.0,33,18.601
2026-06-08T13:36:23.074117+00:00,scheduler,3,0,400.8,10240.0,33,27.042
2026-06-08T13:36:28.074922+00:00,scheduler,0,0,400.8,10240.0,33,22.915
2026-06-08T13:36:28.074922+00:00,scheduler,1,0,376.8,10240.0,36,24.474
2026-06-08T13:36:28.074922+00:00,scheduler,2,0,400.8,10240.0,33,18.393
2026-06-08T13:36:28.074922+00:00,scheduler,3,0,400.8,10240.0,33,27.147
2026-06-08T13:36:33.075615+00:00,scheduler,0,0,400.8,10240.0,33,22.882
2026-06-08T13:36:33.075615+00:00,scheduler,1,0,376.8,10240.0,37,24.486
2026-06-08T13:36:33.075615+00:00,scheduler,2,0,400.8,10240.0,33,18.505
2026-06-08T13:36:33.075615+00:00,scheduler,3,0,400.8,10240.0,33,27.088
2026-06-08T13:36:38.076185+00:00,scheduler,0,0,400.8,10240.0,33,22.952
2026-06-08T13:36:38.076185+00:00,scheduler,1,0,376.8,10240.0,37,24.63
2026-06-08T13:36:38.076185+00:00,scheduler,2,0,400.8,10240.0,33,18.544
2026-06-08T13:36:38.076185+00:00,scheduler,3,0,400.8,10240.0,33,26.909
2026-06-08T13:36:43.076738+00:00,scheduler,0,0,400.8,10240.0,33,22.765
2026-06-08T13:36:43.076738+00:00,scheduler,1,0,376.8,10240.0,37,24.508
2026-06-08T13:36:43.076738+00:00,scheduler,2,0,400.8,10240.0,33,18.56
2026-06-08T13:36:43.076738+00:00,scheduler,3,0,400.8,10240.0,33,27.083
2026-06-08T13:36:48.077374+00:00,scheduler,0,0,400.8,10240.0,33,22.818
2026-06-08T13:36:48.077374+00:00,scheduler,1,0,376.8,10240.0,37,24.494
2026-06-08T13:36:48.077374+00:00,scheduler,2,0,400.8,10240.0,33,18.533
2026-06-08T13:36:48.077374+00:00,scheduler,3,0,400.8,10240.0,33,27.082
2026-06-08T13:36:53.078088+00:00,scheduler,0,0,400.8,10240.0,33,22.704
2026-06-08T13:36:53.078088+00:00,scheduler,1,0,376.8,10240.0,37,24.698
2026-06-08T13:36:53.078088+00:00,scheduler,2,0,400.8,10240.0,33,18.499
2026-06-08T13:36:53.078088+00:00,scheduler,3,0,400.8,10240.0,33,27.055
2026-06-08T13:36:58.078762+00:00,scheduler,0,0,400.8,10240.0,33,22.864
2026-06-08T13:36:58.078762+00:00,scheduler,1,0,376.8,10240.0,36,24.564
2026-06-08T13:36:58.078762+00:00,scheduler,2,0,400.8,10240.0,33,18.573
2026-06-08T13:36:58.078762+00:00,scheduler,3,0,400.8,10240.0,33,26.997
2026-06-08T13:37:03.079594+00:00,scheduler,0,0,400.8,10240.0,33,22.817
2026-06-08T13:37:03.079594+00:00,scheduler,1,0,376.8,10240.0,37,24.612
2026-06-08T13:37:03.079594+00:00,scheduler,2,0,400.8,10240.0,33,18.481
2026-06-08T13:37:03.079594+00:00,scheduler,3,0,400.8,10240.0,33,27.14
2026-06-08T13:37:08.080516+00:00,scheduler,0,0,400.8,10240.0,33,22.846
2026-06-08T13:37:08.080516+00:00,scheduler,1,0,376.8,10240.0,36,24.635
2026-06-08T13:37:08.080516+00:00,scheduler,2,0,400.8,10240.0,33,18.537
2026-06-08T13:37:08.080516+00:00,scheduler,3,0,400.8,10240.0,33,26.948
2026-06-08T13:37:13.081171+00:00,scheduler,0,0,400.8,10240.0,33,22.937
2026-06-08T13:37:13.081171+00:00,scheduler,1,0,376.8,10240.0,36,24.727
2026-06-08T13:37:13.081171+00:00,scheduler,2,0,400.8,10240.0,33,18.535
2026-06-08T13:37:13.081171+00:00,scheduler,3,0,400.8,10240.0,33,27.124
2026-06-08T13:37:18.082056+00:00,scheduler,0,0,400.8,10240.0,33,22.846
2026-06-08T13:37:18.082056+00:00,scheduler,1,0,376.8,10240.0,36,24.631
2026-06-08T13:37:18.082056+00:00,scheduler,2,0,400.8,10240.0,33,18.292
2026-06-08T13:37:18.082056+00:00,scheduler,3,0,400.8,10240.0,33,27.15
2026-06-08T13:37:23.082700+00:00,scheduler,0,0,400.8,10240.0,33,22.905
2026-06-08T13:37:23.082700+00:00,scheduler,1,0,376.8,10240.0,36,24.578
2026-06-08T13:37:23.082700+00:00,scheduler,2,0,400.8,10240.0,33,18.33
2026-06-08T13:37:23.082700+00:00,scheduler,3,0,400.8,10240.0,33,26.98
2026-06-08T13:37:28.083618+00:00,scheduler,0,0,400.8,10240.0,33,22.968
2026-06-08T13:37:28.083618+00:00,scheduler,1,0,376.8,10240.0,36,24.758
2026-06-08T13:37:28.083618+00:00,scheduler,2,0,400.8,10240.0,33,18.404
2026-06-08T13:37:28.083618+00:00,scheduler,3,0,400.8,10240.0,33,27.009
2026-06-08T13:37:33.084289+00:00,scheduler,0,0,400.8,10240.0,33,23.015
2026-06-08T13:37:33.084289+00:00,scheduler,1,0,376.8,10240.0,36,24.611
2026-06-08T13:37:33.084289+00:00,scheduler,2,0,400.8,10240.0,33,18.46
2026-06-08T13:37:33.084289+00:00,scheduler,3,0,400.8,10240.0,33,26.931
2026-06-08T13:37:38.084968+00:00,scheduler,0,0,400.8,10240.0,33,23.026
2026-06-08T13:37:38.084968+00:00,scheduler,1,0,376.8,10240.0,36,24.654
2026-06-08T13:37:38.084968+00:00,scheduler,2,0,400.8,10240.0,33,18.426
2026-06-08T13:37:38.084968+00:00,scheduler,3,0,400.8,10240.0,33,27.137
2026-06-08T13:37:43.085586+00:00,scheduler,0,0,400.8,10240.0,33,22.99
2026-06-08T13:37:43.085586+00:00,scheduler,1,0,376.8,10240.0,36,24.562
2026-06-08T13:37:43.085586+00:00,scheduler,2,0,400.8,10240.0,33,18.431
2026-06-08T13:37:43.085586+00:00,scheduler,3,0,400.8,10240.0,33,27.078
2026-06-08T13:37:48.086238+00:00,scheduler,0,0,400.8,10240.0,33,23.074
2026-06-08T13:37:48.086238+00:00,scheduler,1,0,376.8,10240.0,36,24.637
2026-06-08T13:37:48.086238+00:00,scheduler,2,0,400.8,10240.0,33,18.503
2026-06-08T13:37:48.086238+00:00,scheduler,3,0,400.8,10240.0,33,27.208
2026-06-08T13:37:53.086934+00:00,scheduler,0,0,400.8,10240.0,33,22.88
2026-06-08T13:37:53.086934+00:00,scheduler,1,0,376.8,10240.0,36,24.512
2026-06-08T13:37:53.086934+00:00,scheduler,2,0,400.8,10240.0,33,18.317
2026-06-08T13:37:53.086934+00:00,scheduler,3,0,400.8,10240.0,33,27.103
2026-06-08T13:37:58.087661+00:00,scheduler,0,0,400.8,10240.0,33,22.89
2026-06-08T13:37:58.087661+00:00,scheduler,1,0,376.8,10240.0,36,24.609
2026-06-08T13:37:58.087661+00:00,scheduler,2,0,400.8,10240.0,33,18.223
2026-06-08T13:37:58.087661+00:00,scheduler,3,0,400.8,10240.0,33,27.108
2026-06-08T13:38:03.088543+00:00,scheduler,0,0,400.8,10240.0,33,22.998
2026-06-08T13:38:03.088543+00:00,scheduler,1,0,376.8,10240.0,36,24.74
2026-06-08T13:38:03.088543+00:00,scheduler,2,0,400.8,10240.0,33,18.399
2026-06-08T13:38:03.088543+00:00,scheduler,3,0,400.8,10240.0,33,26.997
2026-06-08T13:38:08.089272+00:00,scheduler,0,0,400.8,10240.0,33,22.938
2026-06-08T13:38:08.089272+00:00,scheduler,1,0,376.8,10240.0,36,24.464
2026-06-08T13:38:08.089272+00:00,scheduler,2,0,400.8,10240.0,33,18.605
2026-06-08T13:38:08.089272+00:00,scheduler,3,0,400.8,10240.0,33,27.064
2026-06-08T13:38:13.089905+00:00,scheduler,0,0,400.8,10240.0,33,22.796
2026-06-08T13:38:13.089905+00:00,scheduler,1,0,376.8,10240.0,36,24.608
2026-06-08T13:38:13.089905+00:00,scheduler,2,0,400.8,10240.0,33,18.543
2026-06-08T13:38:13.089905+00:00,scheduler,3,0,400.8,10240.0,33,27.079
2026-06-08T13:38:18.090632+00:00,scheduler,0,0,400.8,10240.0,33,22.728
2026-06-08T13:38:18.090632+00:00,scheduler,1,0,376.8,10240.0,36,24.67
2026-06-08T13:38:18.090632+00:00,scheduler,2,0,400.8,10240.0,33,18.545
2026-06-08T13:38:18.090632+00:00,scheduler,3,0,400.8,10240.0,33,27.042
2026-06-08T13:38:23.091348+00:00,scheduler,0,0,400.8,10240.0,33,22.805
2026-06-08T13:38:23.091348+00:00,scheduler,1,0,376.8,10240.0,36,24.573
2026-06-08T13:38:23.091348+00:00,scheduler,2,0,400.8,10240.0,33,18.643
2026-06-08T13:38:23.091348+00:00,scheduler,3,0,400.8,10240.0,33,27.192
2026-06-08T13:38:28.092283+00:00,scheduler,0,0,400.8,10240.0,33,22.95
2026-06-08T13:38:28.092283+00:00,scheduler,1,0,376.8,10240.0,36,24.597
2026-06-08T13:38:28.092283+00:00,scheduler,2,0,400.8,10240.0,33,18.528
2026-06-08T13:38:28.092283+00:00,scheduler,3,0,400.8,10240.0,33,27.089
2026-06-08T13:38:33.092894+00:00,scheduler,0,0,400.8,10240.0,33,22.9
2026-06-08T13:38:33.092894+00:00,scheduler,1,0,376.8,10240.0,36,24.603
2026-06-08T13:38:33.092894+00:00,scheduler,2,0,400.8,10240.0,33,18.411
2026-06-08T13:38:33.092894+00:00,scheduler,3,0,400.8,10240.0,33,27.156
2026-06-08T13:38:38.093593+00:00,scheduler,0,0,400.8,10240.0,33,23.054
2026-06-08T13:38:38.093593+00:00,scheduler,1,0,376.8,10240.0,36,24.679
2026-06-08T13:38:38.093593+00:00,scheduler,2,0,400.8,10240.0,33,18.712
2026-06-08T13:38:38.093593+00:00,scheduler,3,0,400.8,10240.0,33,27.092
2026-06-08T13:38:43.094176+00:00,scheduler,0,0,400.8,10240.0,33,22.857
2026-06-08T13:38:43.094176+00:00,scheduler,1,0,376.8,10240.0,36,24.591
2026-06-08T13:38:43.094176+00:00,scheduler,2,0,400.8,10240.0,33,18.52
2026-06-08T13:38:43.094176+00:00,scheduler,3,0,400.8,10240.0,33,27.13
2026-06-08T13:38:48.094797+00:00,scheduler,0,0,400.8,10240.0,33,22.898
2026-06-08T13:38:48.094797+00:00,scheduler,1,0,376.8,10240.0,36,24.677
2026-06-08T13:38:48.094797+00:00,scheduler,2,0,400.8,10240.0,33,18.382
2026-06-08T13:38:48.094797+00:00,scheduler,3,0,400.8,10240.0,33,27.05
2026-06-08T13:38:53.095511+00:00,scheduler,0,0,400.8,10240.0,33,22.971
2026-06-08T13:38:53.095511+00:00,scheduler,1,0,376.8,10240.0,36,24.716
2026-06-08T13:38:53.095511+00:00,scheduler,2,0,400.8,10240.0,33,18.491
2026-06-08T13:38:53.095511+00:00,scheduler,3,0,400.8,10240.0,33,27.038
2026-06-08T13:38:58.096259+00:00,scheduler,0,0,400.8,10240.0,33,22.848
2026-06-08T13:38:58.096259+00:00,scheduler,1,0,376.8,10240.0,36,24.658
2026-06-08T13:38:58.096259+00:00,scheduler,2,0,400.8,10240.0,33,18.604
2026-06-08T13:38:58.096259+00:00,scheduler,3,0,400.8,10240.0,33,26.949
2026-06-08T13:39:03.096929+00:00,scheduler,0,0,400.8,10240.0,33,22.857
2026-06-08T13:39:03.096929+00:00,scheduler,1,0,376.8,10240.0,36,24.611
2026-06-08T13:39:03.096929+00:00,scheduler,2,0,400.8,10240.0,33,18.372
2026-06-08T13:39:03.096929+00:00,scheduler,3,0,400.8,10240.0,33,26.947
2026-06-08T13:39:08.097607+00:00,scheduler,0,0,400.8,10240.0,33,22.901
2026-06-08T13:39:08.097607+00:00,scheduler,1,0,376.8,10240.0,36,24.552
2026-06-08T13:39:08.097607+00:00,scheduler,2,0,400.8,10240.0,33,18.284
2026-06-08T13:39:08.097607+00:00,scheduler,3,0,400.8,10240.0,33,26.975
2026-06-08T13:39:13.098310+00:00,scheduler,0,0,400.8,10240.0,33,22.86
2026-06-08T13:39:13.098310+00:00,scheduler,1,0,376.8,10240.0,36,24.697
2026-06-08T13:39:13.098310+00:00,scheduler,2,0,400.8,10240.0,33,18.511
2026-06-08T13:39:13.098310+00:00,scheduler,3,0,400.8,10240.0,33,27.012
2026-06-08T13:39:18.098999+00:00,scheduler,0,0,400.8,10240.0,33,22.814
2026-06-08T13:39:18.098999+00:00,scheduler,1,0,376.8,10240.0,36,24.562
2026-06-08T13:39:18.098999+00:00,scheduler,2,0,400.8,10240.0,33,18.467
2026-06-08T13:39:18.098999+00:00,scheduler,3,0,400.8,10240.0,33,27.165
2026-06-08T13:39:23.099612+00:00,scheduler,0,0,400.8,10240.0,33,22.796
2026-06-08T13:39:23.099612+00:00,scheduler,1,0,376.8,10240.0,36,24.639
2026-06-08T13:39:23.099612+00:00,scheduler,2,0,400.8,10240.0,33,18.348
2026-06-08T13:39:23.099612+00:00,scheduler,3,0,400.8,10240.0,33,27.03
2026-06-08T13:39:28.100307+00:00,scheduler,0,0,400.8,10240.0,33,22.897
2026-06-08T13:39:28.100307+00:00,scheduler,1,0,376.8,10240.0,36,24.674
2026-06-08T13:39:28.100307+00:00,scheduler,2,0,400.8,10240.0,33,18.26
2026-06-08T13:39:28.100307+00:00,scheduler,3,0,400.8,10240.0,33,27.105
2026-06-08T13:39:33.100898+00:00,scheduler,0,0,400.8,10240.0,33,22.934
2026-06-08T13:39:33.100898+00:00,scheduler,1,0,376.8,10240.0,36,24.579
2026-06-08T13:39:33.100898+00:00,scheduler,2,0,400.8,10240.0,33,18.619
2026-06-08T13:39:33.100898+00:00,scheduler,3,0,400.8,10240.0,33,26.972
2026-06-08T13:39:38.101602+00:00,scheduler,0,0,400.8,10240.0,33,22.863
2026-06-08T13:39:38.101602+00:00,scheduler,1,0,376.8,10240.0,36,24.53
2026-06-08T13:39:38.101602+00:00,scheduler,2,0,400.8,10240.0,33,18.516
2026-06-08T13:39:38.101602+00:00,scheduler,3,0,400.8,10240.0,33,27.173
2026-06-08T13:39:43.102236+00:00,scheduler,0,0,400.8,10240.0,33,22.894
2026-06-08T13:39:43.102236+00:00,scheduler,1,0,376.8,10240.0,36,24.706
2026-06-08T13:39:43.102236+00:00,scheduler,2,0,400.8,10240.0,33,18.5
2026-06-08T13:39:43.102236+00:00,scheduler,3,0,400.8,10240.0,33,27.079
2026-06-08T13:39:48.102847+00:00,scheduler,0,0,400.8,10240.0,33,22.917
2026-06-08T13:39:48.102847+00:00,scheduler,1,0,376.8,10240.0,36,24.519
2026-06-08T13:39:48.102847+00:00,scheduler,2,0,400.8,10240.0,33,18.527
2026-06-08T13:39:48.102847+00:00,scheduler,3,0,400.8,10240.0,33,26.88
2026-06-08T13:39:53.103589+00:00,scheduler,0,0,400.8,10240.0,33,22.854
2026-06-08T13:39:53.103589+00:00,scheduler,1,0,376.8,10240.0,36,24.54
2026-06-08T13:39:53.103589+00:00,scheduler,2,0,400.8,10240.0,33,18.429
2026-06-08T13:39:53.103589+00:00,scheduler,3,0,400.8,10240.0,33,27.153
2026-06-08T13:39:58.104162+00:00,scheduler,0,0,400.8,10240.0,33,22.86
2026-06-08T13:39:58.104162+00:00,scheduler,1,0,376.8,10240.0,36,24.56
2026-06-08T13:39:58.104162+00:00,scheduler,2,0,400.8,10240.0,33,18.542
2026-06-08T13:39:58.104162+00:00,scheduler,3,0,400.8,10240.0,33,26.986
2026-06-08T13:40:03.104751+00:00,scheduler,0,0,400.8,10240.0,33,22.94
2026-06-08T13:40:03.104751+00:00,scheduler,1,0,376.8,10240.0,36,24.611
2026-06-08T13:40:03.104751+00:00,scheduler,2,0,400.8,10240.0,33,18.672
2026-06-08T13:40:03.104751+00:00,scheduler,3,0,400.8,10240.0,33,26.959
2026-06-08T13:40:08.105419+00:00,scheduler,0,0,400.8,10240.0,33,24.144
2026-06-08T13:40:08.105419+00:00,scheduler,1,0,376.8,10240.0,36,24.567
2026-06-08T13:40:08.105419+00:00,scheduler,2,0,400.8,10240.0,33,18.431
2026-06-08T13:40:08.105419+00:00,scheduler,3,0,400.8,10240.0,33,26.996
2026-06-08T13:40:13.105997+00:00,scheduler,0,0,400.8,10240.0,33,22.831
2026-06-08T13:40:13.105997+00:00,scheduler,1,0,376.8,10240.0,36,24.718
2026-06-08T13:40:13.105997+00:00,scheduler,2,0,400.8,10240.0,33,18.582
2026-06-08T13:40:13.105997+00:00,scheduler,3,0,400.8,10240.0,33,27.088
2026-06-08T13:40:18.106657+00:00,scheduler,0,0,400.8,10240.0,33,22.853
2026-06-08T13:40:18.106657+00:00,scheduler,1,0,376.8,10240.0,36,24.619
2026-06-08T13:40:18.106657+00:00,scheduler,2,0,400.8,10240.0,33,18.658
2026-06-08T13:40:18.106657+00:00,scheduler,3,0,400.8,10240.0,33,27.12
2026-06-08T13:40:23.107352+00:00,scheduler,0,0,400.8,10240.0,33,22.823
2026-06-08T13:40:23.107352+00:00,scheduler,1,0,376.8,10240.0,36,24.521
2026-06-08T13:40:23.107352+00:00,scheduler,2,0,400.8,10240.0,33,18.468
2026-06-08T13:40:23.107352+00:00,scheduler,3,0,400.8,10240.0,33,27.004
2026-06-08T13:40:28.108116+00:00,scheduler,0,0,400.8,10240.0,33,22.896
2026-06-08T13:40:28.108116+00:00,scheduler,1,0,376.8,10240.0,36,24.558
2026-06-08T13:40:28.108116+00:00,scheduler,2,0,400.8,10240.0,33,18.524
2026-06-08T13:40:28.108116+00:00,scheduler,3,0,400.8,10240.0,33,26.934
2026-06-08T13:40:33.108832+00:00,scheduler,0,0,400.8,10240.0,33,22.875
2026-06-08T13:40:33.108832+00:00,scheduler,1,0,376.8,10240.0,36,24.674
2026-06-08T13:40:33.108832+00:00,scheduler,2,0,400.8,10240.0,33,18.704
2026-06-08T13:40:33.108832+00:00,scheduler,3,0,400.8,10240.0,33,26.996
2026-06-08T13:40:38.109481+00:00,scheduler,0,0,400.8,10240.0,33,22.934
2026-06-08T13:40:38.109481+00:00,scheduler,1,0,376.8,10240.0,36,24.605
2026-06-08T13:40:38.109481+00:00,scheduler,2,0,400.8,10240.0,33,18.444
2026-06-08T13:40:38.109481+00:00,scheduler,3,0,400.8,10240.0,33,27.065
2026-06-08T13:40:43.110112+00:00,scheduler,0,0,400.8,10240.0,33,22.766
2026-06-08T13:40:43.110112+00:00,scheduler,1,0,376.8,10240.0,36,24.547
2026-06-08T13:40:43.110112+00:00,scheduler,2,0,400.8,10240.0,33,18.457
2026-06-08T13:40:43.110112+00:00,scheduler,3,0,400.8,10240.0,33,27.107
2026-06-08T13:40:48.110932+00:00,scheduler,0,0,400.8,10240.0,33,22.729
2026-06-08T13:40:48.110932+00:00,scheduler,1,0,376.8,10240.0,36,24.705
2026-06-08T13:40:48.110932+00:00,scheduler,2,0,400.8,10240.0,33,18.565
2026-06-08T13:40:48.110932+00:00,scheduler,3,0,400.8,10240.0,33,27.157
2026-06-08T13:40:53.111627+00:00,scheduler,0,0,400.8,10240.0,33,23.003
2026-06-08T13:40:53.111627+00:00,scheduler,1,0,376.8,10240.0,37,32.427
2026-06-08T13:40:53.111627+00:00,scheduler,2,0,400.8,10240.0,33,18.629
2026-06-08T13:40:53.111627+00:00,scheduler,3,0,400.8,10240.0,33,27.047
2026-06-08T13:40:58.112301+00:00,scheduler,0,0,400.8,10240.0,33,22.828
2026-06-08T13:40:58.112301+00:00,scheduler,1,0,376.8,10240.0,36,24.606
2026-06-08T13:40:58.112301+00:00,scheduler,2,0,400.8,10240.0,33,18.563
2026-06-08T13:40:58.112301+00:00,scheduler,3,0,400.8,10240.0,33,27.053
2026-06-08T13:41:03.112994+00:00,scheduler,0,0,400.8,10240.0,33,22.737
2026-06-08T13:41:03.112994+00:00,scheduler,1,0,376.8,10240.0,36,24.688
2026-06-08T13:41:03.112994+00:00,scheduler,2,0,400.8,10240.0,34,26.494
2026-06-08T13:41:03.112994+00:00,scheduler,3,0,400.8,10240.0,33,27.068
2026-06-08T13:41:08.113698+00:00,scheduler,0,0,400.8,10240.0,33,22.836
2026-06-08T13:41:08.113698+00:00,scheduler,1,0,376.8,10240.0,36,24.608
2026-06-08T13:41:08.113698+00:00,scheduler,2,0,400.8,10240.0,33,18.622
2026-06-08T13:41:08.113698+00:00,scheduler,3,0,400.8,10240.0,33,27.066
2026-06-08T13:41:13.114503+00:00,scheduler,0,0,400.8,10240.0,33,22.806
2026-06-08T13:41:13.114503+00:00,scheduler,1,0,376.8,10240.0,36,24.574
2026-06-08T13:41:13.114503+00:00,scheduler,2,0,400.8,10240.0,33,18.546
2026-06-08T13:41:13.114503+00:00,scheduler,3,0,400.8,10240.0,33,27.167
2026-06-08T13:41:18.115224+00:00,scheduler,0,0,400.8,10240.0,33,22.797
2026-06-08T13:41:18.115224+00:00,scheduler,1,0,376.8,10240.0,36,24.711
2026-06-08T13:41:18.115224+00:00,scheduler,2,0,400.8,10240.0,33,18.494
2026-06-08T13:41:18.115224+00:00,scheduler,3,0,400.8,10240.0,33,27.048
2026-06-08T13:41:23.115835+00:00,scheduler,0,0,400.8,10240.0,33,22.769
2026-06-08T13:41:23.115835+00:00,scheduler,1,0,376.8,10240.0,36,24.593
2026-06-08T13:41:23.115835+00:00,scheduler,2,0,400.8,10240.0,33,18.491
2026-06-08T13:41:23.115835+00:00,scheduler,3,0,400.8,10240.0,33,27.232
2026-06-08T13:41:28.116456+00:00,scheduler,0,0,400.8,10240.0,33,22.891
2026-06-08T13:41:28.116456+00:00,scheduler,1,0,376.8,10240.0,36,24.566
2026-06-08T13:41:28.116456+00:00,scheduler,2,0,400.8,10240.0,33,18.394
2026-06-08T13:41:28.116456+00:00,scheduler,3,0,400.8,10240.0,33,27.214
2026-06-08T13:41:33.117177+00:00,scheduler,0,0,400.8,10240.0,33,22.755
2026-06-08T13:41:33.117177+00:00,scheduler,1,0,376.8,10240.0,36,24.505
2026-06-08T13:41:33.117177+00:00,scheduler,2,0,400.8,10240.0,33,18.468
2026-06-08T13:41:33.117177+00:00,scheduler,3,0,400.8,10240.0,33,27.028
2026-06-08T13:41:38.117904+00:00,scheduler,0,0,400.8,10240.0,33,22.869
2026-06-08T13:41:38.117904+00:00,scheduler,1,0,376.8,10240.0,36,24.687
2026-06-08T13:41:38.117904+00:00,scheduler,2,0,400.8,10240.0,33,18.533
2026-06-08T13:41:38.117904+00:00,scheduler,3,0,400.8,10240.0,33,27.068
2026-06-08T13:41:43.118506+00:00,scheduler,0,0,400.8,10240.0,33,23.023
2026-06-08T13:41:43.118506+00:00,scheduler,1,0,376.8,10240.0,36,24.613
2026-06-08T13:41:43.118506+00:00,scheduler,2,0,400.8,10240.0,33,18.601
2026-06-08T13:41:43.118506+00:00,scheduler,3,0,400.8,10240.0,33,27.048
2026-06-08T13:41:48.119157+00:00,scheduler,0,0,400.8,10240.0,33,22.807
2026-06-08T13:41:48.119157+00:00,scheduler,1,0,376.8,10240.0,36,24.544
2026-06-08T13:41:48.119157+00:00,scheduler,2,0,400.8,10240.0,33,18.748
2026-06-08T13:41:48.119157+00:00,scheduler,3,0,400.8,10240.0,33,26.996
2026-06-08T13:41:53.119858+00:00,scheduler,0,0,400.8,10240.0,33,22.822
2026-06-08T13:41:53.119858+00:00,scheduler,1,0,376.8,10240.0,36,24.642
2026-06-08T13:41:53.119858+00:00,scheduler,2,0,400.8,10240.0,33,18.637
2026-06-08T13:41:53.119858+00:00,scheduler,3,0,400.8,10240.0,33,27.013
2026-06-08T13:41:58.120699+00:00,scheduler,0,0,400.8,10240.0,33,22.873
2026-06-08T13:41:58.120699+00:00,scheduler,1,0,376.8,10240.0,36,24.502
2026-06-08T13:41:58.120699+00:00,scheduler,2,0,400.8,10240.0,33,18.738
2026-06-08T13:41:58.120699+00:00,scheduler,3,0,400.8,10240.0,33,27.145
2026-06-08T13:42:03.121363+00:00,scheduler,0,0,400.8,10240.0,33,22.836
2026-06-08T13:42:03.121363+00:00,scheduler,1,0,376.8,10240.0,36,24.561
2026-06-08T13:42:03.121363+00:00,scheduler,2,0,400.8,10240.0,33,18.546
2026-06-08T13:42:03.121363+00:00,scheduler,3,0,400.8,10240.0,33,27.088
2026-06-08T13:42:08.122099+00:00,scheduler,0,0,400.8,10240.0,33,22.906
2026-06-08T13:42:08.122099+00:00,scheduler,1,0,376.8,10240.0,36,24.675
2026-06-08T13:42:08.122099+00:00,scheduler,2,0,400.8,10240.0,33,18.661
2026-06-08T13:42:08.122099+00:00,scheduler,3,0,400.8,10240.0,33,27.118
2026-06-08T13:42:13.122682+00:00,scheduler,0,0,400.8,10240.0,33,22.866
2026-06-08T13:42:13.122682+00:00,scheduler,1,0,376.8,10240.0,36,24.669
2026-06-08T13:42:13.122682+00:00,scheduler,2,0,400.8,10240.0,33,18.628
2026-06-08T13:42:13.122682+00:00,scheduler,3,0,400.8,10240.0,33,27.091
2026-06-08T13:42:18.123239+00:00,scheduler,0,0,400.8,10240.0,33,22.903
2026-06-08T13:42:18.123239+00:00,scheduler,1,0,376.8,10240.0,36,24.634
2026-06-08T13:42:18.123239+00:00,scheduler,2,0,400.8,10240.0,33,18.455
2026-06-08T13:42:18.123239+00:00,scheduler,3,0,400.8,10240.0,33,27.078
2026-06-08T13:42:23.123888+00:00,scheduler,0,0,400.8,10240.0,33,22.88
2026-06-08T13:42:23.123888+00:00,scheduler,1,0,376.8,10240.0,36,24.59
2026-06-08T13:42:23.123888+00:00,scheduler,2,0,400.8,10240.0,33,18.466
2026-06-08T13:42:23.123888+00:00,scheduler,3,0,400.8,10240.0,33,27.131
2026-06-08T13:42:28.124549+00:00,scheduler,0,0,400.8,10240.0,33,22.89
2026-06-08T13:42:28.124549+00:00,scheduler,1,0,376.8,10240.0,36,24.646
2026-06-08T13:42:28.124549+00:00,scheduler,2,0,400.8,10240.0,33,18.481
2026-06-08T13:42:28.124549+00:00,scheduler,3,0,400.8,10240.0,33,26.942
2026-06-08T13:42:33.125092+00:00,scheduler,0,0,400.8,10240.0,33,23.008
2026-06-08T13:42:33.125092+00:00,scheduler,1,0,376.8,10240.0,36,24.55
2026-06-08T13:42:33.125092+00:00,scheduler,2,0,400.8,10240.0,33,18.607
2026-06-08T13:42:33.125092+00:00,scheduler,3,0,400.8,10240.0,33,26.969
2026-06-08T13:42:38.125695+00:00,scheduler,0,0,400.8,10240.0,33,22.79
2026-06-08T13:42:38.125695+00:00,scheduler,1,0,376.8,10240.0,36,24.587
2026-06-08T13:42:38.125695+00:00,scheduler,2,0,400.8,10240.0,33,18.568
2026-06-08T13:42:38.125695+00:00,scheduler,3,0,400.8,10240.0,33,27.081
2026-06-08T13:42:43.155023+00:00,scheduler,0,0,400.8,10240.0,33,22.855
2026-06-08T13:42:43.155023+00:00,scheduler,1,0,376.8,10240.0,36,24.708
2026-06-08T13:42:43.155023+00:00,scheduler,2,0,400.8,10240.0,33,18.556
2026-06-08T13:42:43.155023+00:00,scheduler,3,0,400.8,10240.0,33,27.094
2026-06-08T13:42:48.159079+00:00,scheduler,0,0,400.8,10240.0,33,22.954
2026-06-08T13:42:48.159079+00:00,scheduler,1,0,376.8,10240.0,36,24.639
2026-06-08T13:42:48.159079+00:00,scheduler,2,0,400.8,10240.0,33,18.526
2026-06-08T13:42:48.159079+00:00,scheduler,3,0,400.8,10240.0,33,26.999
2026-06-08T13:42:53.159796+00:00,scheduler,0,0,400.8,10240.0,33,22.881
2026-06-08T13:42:53.159796+00:00,scheduler,1,0,376.8,10240.0,36,24.615
2026-06-08T13:42:53.159796+00:00,scheduler,2,0,400.8,10240.0,33,18.418
2026-06-08T13:42:53.159796+00:00,scheduler,3,0,400.8,10240.0,33,26.992
2026-06-08T13:42:58.160346+00:00,scheduler,0,0,400.8,10240.0,33,22.782
2026-06-08T13:42:58.160346+00:00,scheduler,1,0,376.8,10240.0,36,24.628
2026-06-08T13:42:58.160346+00:00,scheduler,2,0,400.8,10240.0,33,18.478
2026-06-08T13:42:58.160346+00:00,scheduler,3,0,400.8,10240.0,33,27.591
2026-06-08T13:43:03.160837+00:00,scheduler,0,0,400.8,10240.0,33,22.939
2026-06-08T13:43:03.160837+00:00,scheduler,1,0,376.8,10240.0,36,24.581
2026-06-08T13:43:03.160837+00:00,scheduler,2,0,400.8,10240.0,33,18.559
2026-06-08T13:43:03.160837+00:00,scheduler,3,0,400.8,10240.0,33,26.851
2026-06-08T13:43:08.161475+00:00,scheduler,0,0,400.8,10240.0,33,22.768
2026-06-08T13:43:08.161475+00:00,scheduler,1,0,376.8,10240.0,36,24.592
2026-06-08T13:43:08.161475+00:00,scheduler,2,0,400.8,10240.0,33,18.669
2026-06-08T13:43:08.161475+00:00,scheduler,3,0,400.8,10240.0,33,26.865
2026-06-08T13:43:13.162178+00:00,scheduler,0,0,400.8,10240.0,33,22.877
2026-06-08T13:43:13.162178+00:00,scheduler,1,0,376.8,10240.0,36,24.634
2026-06-08T13:43:13.162178+00:00,scheduler,2,0,400.8,10240.0,33,18.639
2026-06-08T13:43:13.162178+00:00,scheduler,3,0,400.8,10240.0,33,26.935
2026-06-08T13:43:18.162893+00:00,scheduler,0,0,400.8,10240.0,33,23.0
2026-06-08T13:43:18.162893+00:00,scheduler,1,0,376.8,10240.0,36,24.52
2026-06-08T13:43:18.162893+00:00,scheduler,2,0,400.8,10240.0,33,18.52
2026-06-08T13:43:18.162893+00:00,scheduler,3,0,400.8,10240.0,33,27.013
2026-06-08T13:43:23.163586+00:00,scheduler,0,0,400.8,10240.0,33,22.907
2026-06-08T13:43:23.163586+00:00,scheduler,1,0,376.8,10240.0,36,24.501
2026-06-08T13:43:23.163586+00:00,scheduler,2,0,400.8,10240.0,33,18.504
2026-06-08T13:43:23.163586+00:00,scheduler,3,0,400.8,10240.0,33,27.165
2026-06-08T13:43:28.164117+00:00,scheduler,0,0,400.8,10240.0,33,22.896
2026-06-08T13:43:28.164117+00:00,scheduler,1,0,376.8,10240.0,36,24.657
2026-06-08T13:43:28.164117+00:00,scheduler,2,0,400.8,10240.0,33,18.387
2026-06-08T13:43:28.164117+00:00,scheduler,3,0,400.8,10240.0,33,27.176
2026-06-08T13:43:33.164687+00:00,scheduler,0,0,400.8,10240.0,33,22.952
2026-06-08T13:43:33.164687+00:00,scheduler,1,0,376.8,10240.0,36,24.561
2026-06-08T13:43:33.164687+00:00,scheduler,2,0,400.8,10240.0,33,18.54
2026-06-08T13:43:33.164687+00:00,scheduler,3,0,400.8,10240.0,33,27.108
2026-06-08T13:43:38.165239+00:00,scheduler,0,0,400.8,10240.0,33,22.742
2026-06-08T13:43:38.165239+00:00,scheduler,1,0,376.8,10240.0,36,24.527
2026-06-08T13:43:38.165239+00:00,scheduler,2,0,400.8,10240.0,33,18.491
2026-06-08T13:43:38.165239+00:00,scheduler,3,0,400.8,10240.0,33,27.029
2026-06-08T13:43:43.165787+00:00,scheduler,0,0,400.8,10240.0,33,22.889
2026-06-08T13:43:43.165787+00:00,scheduler,1,0,376.8,10240.0,36,24.621
2026-06-08T13:43:43.165787+00:00,scheduler,2,0,400.8,10240.0,33,18.434
2026-06-08T13:43:43.165787+00:00,scheduler,3,0,400.8,10240.0,33,27.023
2026-06-08T13:43:48.166436+00:00,scheduler,0,0,400.8,10240.0,33,22.916
2026-06-08T13:43:48.166436+00:00,scheduler,1,0,376.8,10240.0,36,24.587
2026-06-08T13:43:48.166436+00:00,scheduler,2,0,400.8,10240.0,33,18.609
2026-06-08T13:43:48.166436+00:00,scheduler,3,0,400.8,10240.0,33,27.073
2026-06-08T13:43:53.167103+00:00,scheduler,0,0,400.8,10240.0,33,23.044
2026-06-08T13:43:53.167103+00:00,scheduler,1,0,376.8,10240.0,36,24.514
2026-06-08T13:43:53.167103+00:00,scheduler,2,0,400.8,10240.0,33,18.555
2026-06-08T13:43:53.167103+00:00,scheduler,3,0,400.8,10240.0,33,27.096
2026-06-08T13:43:58.167826+00:00,scheduler,0,0,400.8,10240.0,33,22.949
2026-06-08T13:43:58.167826+00:00,scheduler,1,0,376.8,10240.0,36,24.534
2026-06-08T13:43:58.167826+00:00,scheduler,2,0,400.8,10240.0,33,18.35
2026-06-08T13:43:58.167826+00:00,scheduler,3,0,400.8,10240.0,33,27.049
2026-06-08T13:44:03.168581+00:00,scheduler,0,0,400.8,10240.0,33,22.841
2026-06-08T13:44:03.168581+00:00,scheduler,1,0,376.8,10240.0,36,24.651
2026-06-08T13:44:03.168581+00:00,scheduler,2,0,400.8,10240.0,33,18.473
2026-06-08T13:44:03.168581+00:00,scheduler,3,0,400.8,10240.0,33,27.179
2026-06-08T13:44:08.169387+00:00,scheduler,0,0,400.8,10240.0,33,22.927
2026-06-08T13:44:08.169387+00:00,scheduler,1,0,376.8,10240.0,36,24.561
2026-06-08T13:44:08.169387+00:00,scheduler,2,0,400.8,10240.0,33,18.633
2026-06-08T13:44:08.169387+00:00,scheduler,3,0,400.8,10240.0,33,27.0
2026-06-08T13:44:13.170026+00:00,scheduler,0,0,400.8,10240.0,33,22.859
2026-06-08T13:44:13.170026+00:00,scheduler,1,0,376.8,10240.0,36,24.619
2026-06-08T13:44:13.170026+00:00,scheduler,2,0,400.8,10240.0,33,18.552
2026-06-08T13:44:13.170026+00:00,scheduler,3,0,400.8,10240.0,33,27.021
2026-06-08T13:44:18.170745+00:00,scheduler,0,0,400.8,10240.0,33,22.9
2026-06-08T13:44:18.170745+00:00,scheduler,1,0,376.8,10240.0,36,24.648
2026-06-08T13:44:18.170745+00:00,scheduler,2,0,400.8,10240.0,33,18.593
2026-06-08T13:44:18.170745+00:00,scheduler,3,0,400.8,10240.0,33,27.034
2026-06-08T13:44:23.171468+00:00,scheduler,0,0,400.8,10240.0,33,22.86
2026-06-08T13:44:23.171468+00:00,scheduler,1,0,376.8,10240.0,36,24.573
2026-06-08T13:44:23.171468+00:00,scheduler,2,0,400.8,10240.0,33,18.595
2026-06-08T13:44:23.171468+00:00,scheduler,3,0,400.8,10240.0,33,27.087
2026-06-08T13:44:28.172137+00:00,scheduler,0,0,400.8,10240.0,33,22.992
2026-06-08T13:44:28.172137+00:00,scheduler,1,0,376.8,10240.0,36,24.613
2026-06-08T13:44:28.172137+00:00,scheduler,2,0,400.8,10240.0,33,18.56
2026-06-08T13:44:28.172137+00:00,scheduler,3,0,400.8,10240.0,33,26.971
2026-06-08T13:44:33.172917+00:00,scheduler,0,0,400.8,10240.0,33,22.903
2026-06-08T13:44:33.172917+00:00,scheduler,1,0,376.8,10240.0,36,24.616
2026-06-08T13:44:33.172917+00:00,scheduler,2,0,400.8,10240.0,33,18.596
2026-06-08T13:44:33.172917+00:00,scheduler,3,0,400.8,10240.0,33,26.925
2026-06-08T13:44:38.173630+00:00,scheduler,0,0,400.8,10240.0,33,22.735
2026-06-08T13:44:38.173630+00:00,scheduler,1,0,376.8,10240.0,36,24.754
2026-06-08T13:44:38.173630+00:00,scheduler,2,0,400.8,10240.0,33,18.607
2026-06-08T13:44:38.173630+00:00,scheduler,3,0,400.8,10240.0,33,26.998
2026-06-08T13:44:43.174384+00:00,scheduler,0,0,400.8,10240.0,33,22.824
2026-06-08T13:44:43.174384+00:00,scheduler,1,0,376.8,10240.0,36,24.703
2026-06-08T13:44:43.174384+00:00,scheduler,2,0,400.8,10240.0,33,18.594
2026-06-08T13:44:43.174384+00:00,scheduler,3,0,400.8,10240.0,33,26.933
2026-06-08T13:44:48.175102+00:00,scheduler,0,0,400.8,10240.0,33,22.85
2026-06-08T13:44:48.175102+00:00,scheduler,1,0,376.8,10240.0,36,24.691
2026-06-08T13:44:48.175102+00:00,scheduler,2,0,400.8,10240.0,33,18.585
2026-06-08T13:44:48.175102+00:00,scheduler,3,0,400.8,10240.0,33,26.949
2026-06-08T13:44:53.175719+00:00,scheduler,0,0,400.8,10240.0,33,22.98
2026-06-08T13:44:53.175719+00:00,scheduler,1,0,376.8,10240.0,36,24.707
2026-06-08T13:44:53.175719+00:00,scheduler,2,0,400.8,10240.0,33,18.636
2026-06-08T13:44:53.175719+00:00,scheduler,3,0,400.8,10240.0,33,26.948
2026-06-08T13:44:58.176310+00:00,scheduler,0,0,400.8,10240.0,33,23.009
2026-06-08T13:44:58.176310+00:00,scheduler,1,0,376.8,10240.0,36,24.607
2026-06-08T13:44:58.176310+00:00,scheduler,2,0,400.8,10240.0,33,18.669
2026-06-08T13:44:58.176310+00:00,scheduler,3,0,400.8,10240.0,33,26.919
2026-06-08T13:45:03.177176+00:00,scheduler,0,0,400.8,10240.0,33,22.894
2026-06-08T13:45:03.177176+00:00,scheduler,1,0,376.8,10240.0,36,24.667
2026-06-08T13:45:03.177176+00:00,scheduler,2,0,400.8,10240.0,33,18.761
2026-06-08T13:45:03.177176+00:00,scheduler,3,0,400.8,10240.0,33,26.903
2026-06-08T13:45:08.177848+00:00,scheduler,0,0,400.8,10240.0,33,22.905
2026-06-08T13:45:08.177848+00:00,scheduler,1,0,376.8,10240.0,36,24.702
2026-06-08T13:45:08.177848+00:00,scheduler,2,0,400.8,10240.0,33,18.567
2026-06-08T13:45:08.177848+00:00,scheduler,3,0,400.8,10240.0,33,26.879
2026-06-08T13:45:13.178460+00:00,scheduler,0,0,400.8,10240.0,33,22.9
2026-06-08T13:45:13.178460+00:00,scheduler,1,0,376.8,10240.0,36,24.682
2026-06-08T13:45:13.178460+00:00,scheduler,2,0,400.8,10240.0,33,18.604
2026-06-08T13:45:13.178460+00:00,scheduler,3,0,400.8,10240.0,33,27.157
2026-06-08T13:45:18.179131+00:00,scheduler,0,0,400.8,10240.0,33,22.967
2026-06-08T13:45:18.179131+00:00,scheduler,1,0,376.8,10240.0,36,24.547
2026-06-08T13:45:18.179131+00:00,scheduler,2,0,400.8,10240.0,33,18.508
2026-06-08T13:45:18.179131+00:00,scheduler,3,0,400.8,10240.0,33,27.019
2026-06-08T13:45:23.180027+00:00,scheduler,0,0,400.8,10240.0,33,22.848
2026-06-08T13:45:23.180027+00:00,scheduler,1,0,376.8,10240.0,36,24.606
2026-06-08T13:45:23.180027+00:00,scheduler,2,0,400.8,10240.0,33,18.566
2026-06-08T13:45:23.180027+00:00,scheduler,3,0,400.8,10240.0,33,26.963
2026-06-08T13:45:28.180923+00:00,scheduler,0,0,400.8,10240.0,33,22.877
2026-06-08T13:45:28.180923+00:00,scheduler,1,0,376.8,10240.0,36,24.632
2026-06-08T13:45:28.180923+00:00,scheduler,2,0,400.8,10240.0,33,18.635
2026-06-08T13:45:28.180923+00:00,scheduler,3,0,400.8,10240.0,33,27.037
2026-06-08T13:45:33.181704+00:00,scheduler,0,0,400.8,10240.0,33,22.941
2026-06-08T13:45:33.181704+00:00,scheduler,1,0,376.8,10240.0,36,24.521
2026-06-08T13:45:33.181704+00:00,scheduler,2,0,400.8,10240.0,33,18.615
2026-06-08T13:45:33.181704+00:00,scheduler,3,0,400.8,10240.0,33,27.1
2026-06-08T13:45:38.182444+00:00,scheduler,0,0,400.8,10240.0,33,22.901
2026-06-08T13:45:38.182444+00:00,scheduler,1,0,376.8,10240.0,36,24.484
2026-06-08T13:45:38.182444+00:00,scheduler,2,0,400.8,10240.0,33,18.623
2026-06-08T13:45:38.182444+00:00,scheduler,3,0,400.8,10240.0,33,26.936
2026-06-08T13:45:43.183185+00:00,scheduler,0,0,400.8,10240.0,33,22.857
2026-06-08T13:45:43.183185+00:00,scheduler,1,0,376.8,10240.0,36,24.691
2026-06-08T13:45:43.183185+00:00,scheduler,2,0,400.8,10240.0,33,18.681
2026-06-08T13:45:43.183185+00:00,scheduler,3,0,400.8,10240.0,33,27.091
2026-06-08T13:45:48.183988+00:00,scheduler,0,0,400.8,10240.0,33,22.767
2026-06-08T13:45:48.183988+00:00,scheduler,1,0,376.8,10240.0,36,24.596
2026-06-08T13:45:48.183988+00:00,scheduler,2,0,400.8,10240.0,33,18.645
2026-06-08T13:45:48.183988+00:00,scheduler,3,0,400.8,10240.0,33,27.137
2026-06-08T13:45:53.186107+00:00,scheduler,0,0,400.8,10240.0,33,22.897
2026-06-08T13:45:53.186107+00:00,scheduler,1,0,376.8,10240.0,36,24.625
2026-06-08T13:45:53.186107+00:00,scheduler,2,0,400.8,10240.0,33,18.427
2026-06-08T13:45:53.186107+00:00,scheduler,3,0,400.8,10240.0,33,27.03
2026-06-08T13:45:58.186893+00:00,scheduler,0,0,400.8,10240.0,33,22.724
2026-06-08T13:45:58.186893+00:00,scheduler,1,0,376.8,10240.0,36,24.602
2026-06-08T13:45:58.186893+00:00,scheduler,2,0,400.8,10240.0,33,18.503
2026-06-08T13:45:58.186893+00:00,scheduler,3,0,400.8,10240.0,33,26.979
2026-06-08T13:46:03.187616+00:00,scheduler,0,0,400.8,10240.0,33,22.866
2026-06-08T13:46:03.187616+00:00,scheduler,1,0,376.8,10240.0,36,24.709
2026-06-08T13:46:03.187616+00:00,scheduler,2,0,400.8,10240.0,33,18.647
2026-06-08T13:46:03.187616+00:00,scheduler,3,0,400.8,10240.0,33,26.96
2026-06-08T13:46:08.188346+00:00,scheduler,0,0,400.8,10240.0,33,22.926
2026-06-08T13:46:08.188346+00:00,scheduler,1,0,376.8,10240.0,36,24.567
2026-06-08T13:46:08.188346+00:00,scheduler,2,0,400.8,10240.0,33,18.505
2026-06-08T13:46:08.188346+00:00,scheduler,3,0,400.8,10240.0,33,26.796
2026-06-08T13:46:13.189037+00:00,scheduler,0,0,400.8,10240.0,33,22.892
2026-06-08T13:46:13.189037+00:00,scheduler,1,0,376.8,10240.0,36,24.601
2026-06-08T13:46:13.189037+00:00,scheduler,2,0,400.8,10240.0,33,18.713
2026-06-08T13:46:13.189037+00:00,scheduler,3,0,400.8,10240.0,33,27.13
2026-06-08T13:46:18.189994+00:00,scheduler,0,0,400.8,10240.0,33,22.811
2026-06-08T13:46:18.189994+00:00,scheduler,1,0,376.8,10240.0,36,24.683
2026-06-08T13:46:18.189994+00:00,scheduler,2,0,400.8,10240.0,33,18.631
2026-06-08T13:46:18.189994+00:00,scheduler,3,0,400.8,10240.0,33,27.208
2026-06-08T13:46:23.190711+00:00,scheduler,0,0,400.8,10240.0,33,22.857
2026-06-08T13:46:23.190711+00:00,scheduler,1,0,376.8,10240.0,36,24.614
2026-06-08T13:46:23.190711+00:00,scheduler,2,0,400.8,10240.0,33,18.721
2026-06-08T13:46:23.190711+00:00,scheduler,3,0,400.8,10240.0,33,27.072
2026-06-08T13:46:28.191552+00:00,scheduler,0,0,400.8,10240.0,33,22.847
2026-06-08T13:46:28.191552+00:00,scheduler,1,0,376.8,10240.0,36,24.569
2026-06-08T13:46:28.191552+00:00,scheduler,2,0,400.8,10240.0,33,18.558
2026-06-08T13:46:28.191552+00:00,scheduler,3,0,400.8,10240.0,33,27.007
2026-06-08T13:46:33.192349+00:00,scheduler,0,0,400.8,10240.0,33,22.82
2026-06-08T13:46:33.192349+00:00,scheduler,1,0,376.8,10240.0,36,24.651
2026-06-08T13:46:33.192349+00:00,scheduler,2,0,400.8,10240.0,33,18.608
2026-06-08T13:46:33.192349+00:00,scheduler,3,0,400.8,10240.0,33,26.9
2026-06-08T13:46:38.192917+00:00,scheduler,0,0,400.8,10240.0,33,22.763
2026-06-08T13:46:38.192917+00:00,scheduler,1,0,376.8,10240.0,36,24.677
2026-06-08T13:46:38.192917+00:00,scheduler,2,0,400.8,10240.0,33,18.643
2026-06-08T13:46:38.192917+00:00,scheduler,3,0,400.8,10240.0,33,26.93
2026-06-08T13:46:43.193518+00:00,scheduler,0,0,400.8,10240.0,33,22.907
2026-06-08T13:46:43.193518+00:00,scheduler,1,0,376.8,10240.0,36,24.561
2026-06-08T13:46:43.193518+00:00,scheduler,2,0,400.8,10240.0,33,18.559
2026-06-08T13:46:43.193518+00:00,scheduler,3,0,400.8,10240.0,33,27.112
2026-06-08T13:46:48.195678+00:00,scheduler,0,0,400.8,10240.0,33,22.834
2026-06-08T13:46:48.195678+00:00,scheduler,1,0,376.8,10240.0,36,24.604
2026-06-08T13:46:48.195678+00:00,scheduler,2,0,400.8,10240.0,33,18.58
2026-06-08T13:46:48.195678+00:00,scheduler,3,0,400.8,10240.0,33,27.012
2026-06-08T13:46:53.196364+00:00,scheduler,0,0,400.8,10240.0,33,22.812
2026-06-08T13:46:53.196364+00:00,scheduler,1,0,376.8,10240.0,36,24.653
2026-06-08T13:46:53.196364+00:00,scheduler,2,0,400.8,10240.0,33,18.486
2026-06-08T13:46:53.196364+00:00,scheduler,3,0,400.8,10240.0,33,27.091
2026-06-08T13:46:58.198359+00:00,scheduler,0,0,400.8,10240.0,33,22.882
2026-06-08T13:46:58.198359+00:00,scheduler,1,0,376.8,10240.0,36,24.592
2026-06-08T13:46:58.198359+00:00,scheduler,2,0,400.8,10240.0,33,18.534
2026-06-08T13:46:58.198359+00:00,scheduler,3,0,400.8,10240.0,33,26.974
2026-06-08T13:47:03.199061+00:00,scheduler,0,0,400.8,10240.0,33,22.648
2026-06-08T13:47:03.199061+00:00,scheduler,1,0,376.8,10240.0,36,24.56
2026-06-08T13:47:03.199061+00:00,scheduler,2,0,400.8,10240.0,33,18.48
2026-06-08T13:47:03.199061+00:00,scheduler,3,0,400.8,10240.0,33,26.921
2026-06-08T13:47:08.199752+00:00,scheduler,0,0,400.8,10240.0,33,22.572
2026-06-08T13:47:08.199752+00:00,scheduler,1,0,376.8,10240.0,36,24.695
2026-06-08T13:47:08.199752+00:00,scheduler,2,0,400.8,10240.0,33,18.594
2026-06-08T13:47:08.199752+00:00,scheduler,3,0,400.8,10240.0,33,26.861
2026-06-08T13:47:13.200478+00:00,scheduler,0,0,400.8,10240.0,33,22.576
2026-06-08T13:47:13.200478+00:00,scheduler,1,0,376.8,10240.0,36,24.56
2026-06-08T13:47:13.200478+00:00,scheduler,2,0,400.8,10240.0,33,18.582
2026-06-08T13:47:13.200478+00:00,scheduler,3,0,400.8,10240.0,33,27.147
2026-06-08T13:47:18.201181+00:00,scheduler,0,0,400.8,10240.0,33,22.805
2026-06-08T13:47:18.201181+00:00,scheduler,1,0,376.8,10240.0,36,24.649
2026-06-08T13:47:18.201181+00:00,scheduler,2,0,400.8,10240.0,33,18.579
2026-06-08T13:47:18.201181+00:00,scheduler,3,0,400.8,10240.0,33,26.899
2026-06-08T13:47:23.203085+00:00,scheduler,0,0,400.8,10240.0,33,22.639
2026-06-08T13:47:23.203085+00:00,scheduler,1,0,376.8,10240.0,36,24.589
2026-06-08T13:47:23.203085+00:00,scheduler,2,0,400.8,10240.0,33,18.537
2026-06-08T13:47:23.203085+00:00,scheduler,3,0,400.8,10240.0,33,26.996
2026-06-08T13:47:28.203764+00:00,scheduler,0,0,400.8,10240.0,33,22.714
2026-06-08T13:47:28.203764+00:00,scheduler,1,0,376.8,10240.0,36,24.745
2026-06-08T13:47:28.203764+00:00,scheduler,2,0,400.8,10240.0,33,18.642
2026-06-08T13:47:28.203764+00:00,scheduler,3,0,400.8,10240.0,33,27.05
2026-06-08T13:47:33.204497+00:00,scheduler,0,0,400.8,10240.0,33,22.959
2026-06-08T13:47:33.204497+00:00,scheduler,1,0,376.8,10240.0,36,24.568
2026-06-08T13:47:33.204497+00:00,scheduler,2,0,400.8,10240.0,33,18.4
2026-06-08T13:47:33.204497+00:00,scheduler,3,0,400.8,10240.0,33,27.068
2026-06-08T13:47:38.205184+00:00,scheduler,0,0,400.8,10240.0,33,22.784
2026-06-08T13:47:38.205184+00:00,scheduler,1,0,376.8,10240.0,36,24.553
2026-06-08T13:47:38.205184+00:00,scheduler,2,0,400.8,10240.0,33,18.488
2026-06-08T13:47:38.205184+00:00,scheduler,3,0,400.8,10240.0,33,26.968
2026-06-08T13:47:43.205886+00:00,scheduler,0,0,400.8,10240.0,33,22.675
2026-06-08T13:47:43.205886+00:00,scheduler,1,0,376.8,10240.0,36,24.681
2026-06-08T13:47:43.205886+00:00,scheduler,2,0,400.8,10240.0,33,18.465
2026-06-08T13:47:43.205886+00:00,scheduler,3,0,400.8,10240.0,33,27.099
2026-06-08T13:47:48.206554+00:00,scheduler,0,0,400.8,10240.0,33,22.92
2026-06-08T13:47:48.206554+00:00,scheduler,1,0,376.8,10240.0,36,24.543
2026-06-08T13:47:48.206554+00:00,scheduler,2,0,400.8,10240.0,33,18.79
2026-06-08T13:47:48.206554+00:00,scheduler,3,0,400.8,10240.0,33,26.982
2026-06-08T13:47:53.207182+00:00,scheduler,0,0,400.8,10240.0,33,22.865
2026-06-08T13:47:53.207182+00:00,scheduler,1,0,376.8,10240.0,36,24.593
2026-06-08T13:47:53.207182+00:00,scheduler,2,0,400.8,10240.0,33,18.839
2026-06-08T13:47:53.207182+00:00,scheduler,3,0,400.8,10240.0,33,26.99
2026-06-08T13:47:58.207897+00:00,scheduler,0,0,400.8,10240.0,33,22.934
2026-06-08T13:47:58.207897+00:00,scheduler,1,0,376.8,10240.0,36,24.681
2026-06-08T13:47:58.207897+00:00,scheduler,2,0,400.8,10240.0,33,18.791
2026-06-08T13:47:58.207897+00:00,scheduler,3,0,400.8,10240.0,33,27.195
2026-06-08T13:48:03.208449+00:00,scheduler,0,0,400.8,10240.0,33,22.693
2026-06-08T13:48:03.208449+00:00,scheduler,1,0,376.8,10240.0,36,24.514
2026-06-08T13:48:03.208449+00:00,scheduler,2,0,400.8,10240.0,33,18.787
2026-06-08T13:48:03.208449+00:00,scheduler,3,0,400.8,10240.0,33,27.096
2026-06-08T13:48:08.209076+00:00,scheduler,0,0,400.8,10240.0,33,22.787
2026-06-08T13:48:08.209076+00:00,scheduler,1,0,376.8,10240.0,36,24.522
2026-06-08T13:48:08.209076+00:00,scheduler,2,0,400.8,10240.0,33,18.832
2026-06-08T13:48:08.209076+00:00,scheduler,3,0,400.8,10240.0,33,26.962
2026-06-08T13:48:13.209830+00:00,scheduler,0,0,400.8,10240.0,33,22.806
2026-06-08T13:48:13.209830+00:00,scheduler,1,0,376.8,10240.0,36,24.698
2026-06-08T13:48:13.209830+00:00,scheduler,2,0,400.8,10240.0,33,18.656
2026-06-08T13:48:13.209830+00:00,scheduler,3,0,400.8,10240.0,33,27.062
2026-06-08T13:48:18.210503+00:00,scheduler,0,0,400.8,10240.0,33,22.746
2026-06-08T13:48:18.210503+00:00,scheduler,1,0,376.8,10240.0,36,24.51
2026-06-08T13:48:18.210503+00:00,scheduler,2,0,400.8,10240.0,33,18.788
2026-06-08T13:48:18.210503+00:00,scheduler,3,0,400.8,10240.0,33,26.941
2026-06-08T13:48:23.211155+00:00,scheduler,0,0,400.8,10240.0,33,22.807
2026-06-08T13:48:23.211155+00:00,scheduler,1,0,376.8,10240.0,36,24.558
2026-06-08T13:48:23.211155+00:00,scheduler,2,0,400.8,10240.0,33,18.609
2026-06-08T13:48:23.211155+00:00,scheduler,3,0,400.8,10240.0,33,26.937
2026-06-08T13:48:28.211833+00:00,scheduler,0,0,400.8,10240.0,33,22.858
2026-06-08T13:48:28.211833+00:00,scheduler,1,0,376.8,10240.0,36,24.609
2026-06-08T13:48:28.211833+00:00,scheduler,2,0,400.8,10240.0,33,18.527
2026-06-08T13:48:28.211833+00:00,scheduler,3,0,400.8,10240.0,33,27.05
2026-06-08T13:48:33.212639+00:00,scheduler,0,0,400.8,10240.0,33,22.832
2026-06-08T13:48:33.212639+00:00,scheduler,1,0,376.8,10240.0,36,24.596
2026-06-08T13:48:33.212639+00:00,scheduler,2,0,400.8,10240.0,33,18.63
2026-06-08T13:48:33.212639+00:00,scheduler,3,0,400.8,10240.0,33,27.059
2026-06-08T13:48:38.213286+00:00,scheduler,0,0,400.8,10240.0,33,22.952
2026-06-08T13:48:38.213286+00:00,scheduler,1,0,376.8,10240.0,36,24.835
2026-06-08T13:48:38.213286+00:00,scheduler,2,0,400.8,10240.0,33,18.597
2026-06-08T13:48:38.213286+00:00,scheduler,3,0,400.8,10240.0,33,26.953
2026-06-08T13:48:43.213932+00:00,scheduler,0,0,400.8,10240.0,33,22.978
2026-06-08T13:48:43.213932+00:00,scheduler,1,0,376.8,10240.0,36,24.537
2026-06-08T13:48:43.213932+00:00,scheduler,2,0,400.8,10240.0,33,18.631
2026-06-08T13:48:43.213932+00:00,scheduler,3,0,400.8,10240.0,33,26.851
2026-06-08T13:48:48.214798+00:00,scheduler,0,0,400.8,10240.0,33,23.22
2026-06-08T13:48:48.214798+00:00,scheduler,1,0,376.8,10240.0,36,24.591
2026-06-08T13:48:48.214798+00:00,scheduler,2,0,400.8,10240.0,34,19.335
2026-06-08T13:48:48.214798+00:00,scheduler,3,0,400.8,10240.0,33,26.982
2026-06-08T13:48:53.215597+00:00,scheduler,0,0,400.8,10240.0,33,22.915
2026-06-08T13:48:53.215597+00:00,scheduler,1,0,376.8,10240.0,36,24.682
2026-06-08T13:48:53.215597+00:00,scheduler,2,0,400.8,10240.0,33,18.557
2026-06-08T13:48:53.215597+00:00,scheduler,3,0,400.8,10240.0,33,27.026
2026-06-08T13:48:58.216281+00:00,scheduler,0,0,400.8,10240.0,33,22.808
2026-06-08T13:48:58.216281+00:00,scheduler,1,0,376.8,10240.0,36,24.665
2026-06-08T13:48:58.216281+00:00,scheduler,2,0,400.8,10240.0,33,18.604
2026-06-08T13:48:58.216281+00:00,scheduler,3,0,400.8,10240.0,33,26.991
2026-06-08T13:49:03.216929+00:00,scheduler,0,0,400.8,10240.0,33,22.769
2026-06-08T13:49:03.216929+00:00,scheduler,1,0,376.8,10240.0,36,24.652
2026-06-08T13:49:03.216929+00:00,scheduler,2,0,400.8,10240.0,33,18.452
2026-06-08T13:49:03.216929+00:00,scheduler,3,0,400.8,10240.0,33,27.035
2026-06-08T13:49:08.217633+00:00,scheduler,0,0,400.8,10240.0,33,22.92
2026-06-08T13:49:08.217633+00:00,scheduler,1,0,376.8,10240.0,36,24.57
2026-06-08T13:49:08.217633+00:00,scheduler,2,0,400.8,10240.0,33,18.546
2026-06-08T13:49:08.217633+00:00,scheduler,3,0,400.8,10240.0,33,26.955
2026-06-08T13:49:13.218381+00:00,scheduler,0,0,400.8,10240.0,33,22.814
2026-06-08T13:49:13.218381+00:00,scheduler,1,0,376.8,10240.0,36,24.673
2026-06-08T13:49:13.218381+00:00,scheduler,2,0,400.8,10240.0,33,18.68
2026-06-08T13:49:13.218381+00:00,scheduler,3,0,400.8,10240.0,33,26.897
2026-06-08T13:49:18.219036+00:00,scheduler,0,0,400.8,10240.0,33,22.703
2026-06-08T13:49:18.219036+00:00,scheduler,1,0,376.8,10240.0,36,24.561
2026-06-08T13:49:18.219036+00:00,scheduler,2,0,400.8,10240.0,33,18.594
2026-06-08T13:49:18.219036+00:00,scheduler,3,0,400.8,10240.0,33,27.011
2026-06-08T13:49:23.219646+00:00,scheduler,0,0,400.8,10240.0,33,22.75
2026-06-08T13:49:23.219646+00:00,scheduler,1,0,376.8,10240.0,36,24.538
2026-06-08T13:49:23.219646+00:00,scheduler,2,0,400.8,10240.0,33,18.629
2026-06-08T13:49:23.219646+00:00,scheduler,3,0,400.8,10240.0,33,26.988
2026-06-08T13:49:28.220257+00:00,scheduler,0,0,400.8,10240.0,33,22.676
2026-06-08T13:49:28.220257+00:00,scheduler,1,0,376.8,10240.0,36,24.628
2026-06-08T13:49:28.220257+00:00,scheduler,2,0,400.8,10240.0,33,18.607
2026-06-08T13:49:28.220257+00:00,scheduler,3,0,400.8,10240.0,33,27.098
2026-06-08T13:49:33.221011+00:00,scheduler,0,0,400.8,10240.0,33,22.685
2026-06-08T13:49:33.221011+00:00,scheduler,1,0,376.8,10240.0,36,24.537
2026-06-08T13:49:33.221011+00:00,scheduler,2,0,400.8,10240.0,33,18.689
2026-06-08T13:49:33.221011+00:00,scheduler,3,0,400.8,10240.0,33,26.963
2026-06-08T13:49:38.221645+00:00,scheduler,0,0,400.8,10240.0,33,22.789
2026-06-08T13:49:38.221645+00:00,scheduler,1,0,376.8,10240.0,36,24.576
2026-06-08T13:49:38.221645+00:00,scheduler,2,0,400.8,10240.0,33,18.594
2026-06-08T13:49:38.221645+00:00,scheduler,3,0,400.8,10240.0,33,26.904
2026-06-08T13:49:43.222261+00:00,scheduler,0,0,400.8,10240.0,33,22.748
2026-06-08T13:49:43.222261+00:00,scheduler,1,0,376.8,10240.0,36,24.555
2026-06-08T13:49:43.222261+00:00,scheduler,2,0,400.8,10240.0,33,18.674
2026-06-08T13:49:43.222261+00:00,scheduler,3,0,400.8,10240.0,33,27.043
2026-06-08T13:49:48.223096+00:00,scheduler,0,0,400.8,10240.0,33,22.772
2026-06-08T13:49:48.223096+00:00,scheduler,1,0,376.8,10240.0,36,24.741
2026-06-08T13:49:48.223096+00:00,scheduler,2,0,400.8,10240.0,33,18.705
2026-06-08T13:49:48.223096+00:00,scheduler,3,0,400.8,10240.0,33,26.968
2026-06-08T13:49:53.223801+00:00,scheduler,0,0,400.8,10240.0,33,22.679
2026-06-08T13:49:53.223801+00:00,scheduler,1,0,376.8,10240.0,36,24.612
2026-06-08T13:49:53.223801+00:00,scheduler,2,0,400.8,10240.0,33,18.522
2026-06-08T13:49:53.223801+00:00,scheduler,3,0,400.8,10240.0,33,27.035
2026-06-08T13:49:58.224472+00:00,scheduler,0,0,400.8,10240.0,33,22.866
2026-06-08T13:49:58.224472+00:00,scheduler,1,0,376.8,10240.0,36,24.595
2026-06-08T13:49:58.224472+00:00,scheduler,2,0,400.8,10240.0,33,18.515
2026-06-08T13:49:58.224472+00:00,scheduler,3,0,400.8,10240.0,33,27.074
2026-06-08T13:50:03.225225+00:00,scheduler,0,0,400.8,10240.0,33,22.796
2026-06-08T13:50:03.225225+00:00,scheduler,1,0,376.8,10240.0,36,24.746
2026-06-08T13:50:03.225225+00:00,scheduler,2,0,400.8,10240.0,33,18.765
2026-06-08T13:50:03.225225+00:00,scheduler,3,0,400.8,10240.0,33,27.094
2026-06-08T13:50:08.225838+00:00,scheduler,0,0,400.8,10240.0,33,22.878
2026-06-08T13:50:08.225838+00:00,scheduler,1,0,376.8,10240.0,36,24.641
2026-06-08T13:50:08.225838+00:00,scheduler,2,0,400.8,10240.0,33,18.604
2026-06-08T13:50:08.225838+00:00,scheduler,3,0,400.8,10240.0,33,27.019
2026-06-08T13:50:13.226638+00:00,scheduler,0,0,400.8,10240.0,33,22.911
2026-06-08T13:50:13.226638+00:00,scheduler,1,0,376.8,10240.0,36,24.592
2026-06-08T13:50:13.226638+00:00,scheduler,2,0,400.8,10240.0,33,18.595
2026-06-08T13:50:13.226638+00:00,scheduler,3,0,400.8,10240.0,33,27.023
2026-06-08T13:50:18.227420+00:00,scheduler,0,0,400.8,10240.0,33,22.823
2026-06-08T13:50:18.227420+00:00,scheduler,1,0,376.8,10240.0,36,24.62
2026-06-08T13:50:18.227420+00:00,scheduler,2,0,400.8,10240.0,33,18.503
2026-06-08T13:50:18.227420+00:00,scheduler,3,0,400.8,10240.0,33,27.104
2026-06-08T13:50:23.228087+00:00,scheduler,0,0,400.8,10240.0,33,22.819
2026-06-08T13:50:23.228087+00:00,scheduler,1,0,376.8,10240.0,36,24.584
2026-06-08T13:50:23.228087+00:00,scheduler,2,0,400.8,10240.0,33,18.615
2026-06-08T13:50:23.228087+00:00,scheduler,3,0,400.8,10240.0,33,27.002
2026-06-08T13:50:28.228796+00:00,scheduler,0,0,400.8,10240.0,33,22.811
2026-06-08T13:50:28.228796+00:00,scheduler,1,0,376.8,10240.0,36,24.52
2026-06-08T13:50:28.228796+00:00,scheduler,2,0,400.8,10240.0,33,18.566
2026-06-08T13:50:28.228796+00:00,scheduler,3,0,400.8,10240.0,33,26.983
2026-06-08T13:50:33.229504+00:00,scheduler,0,0,400.8,10240.0,33,22.947
2026-06-08T13:50:33.229504+00:00,scheduler,1,0,376.8,10240.0,36,24.526
2026-06-08T13:50:33.229504+00:00,scheduler,2,0,400.8,10240.0,33,18.452
2026-06-08T13:50:33.229504+00:00,scheduler,3,0,400.8,10240.0,33,27.067
2026-06-08T13:50:38.230415+00:00,scheduler,0,0,400.8,10240.0,33,22.909
2026-06-08T13:50:38.230415+00:00,scheduler,1,0,376.8,10240.0,36,24.675
2026-06-08T13:50:38.230415+00:00,scheduler,2,0,400.8,10240.0,33,18.565
2026-06-08T13:50:38.230415+00:00,scheduler,3,0,400.8,10240.0,33,27.072
2026-06-08T13:50:43.231012+00:00,scheduler,0,0,400.8,10240.0,33,22.804
2026-06-08T13:50:43.231012+00:00,scheduler,1,0,376.8,10240.0,36,24.611
2026-06-08T13:50:43.231012+00:00,scheduler,2,0,400.8,10240.0,33,18.633
2026-06-08T13:50:43.231012+00:00,scheduler,3,0,400.8,10240.0,34,31.832
2026-06-08T13:50:48.231740+00:00,scheduler,0,0,400.8,10240.0,33,22.865
2026-06-08T13:50:48.231740+00:00,scheduler,1,0,376.8,10240.0,36,24.65
2026-06-08T13:50:48.231740+00:00,scheduler,2,0,400.8,10240.0,33,18.649
2026-06-08T13:50:48.231740+00:00,scheduler,3,0,400.8,10240.0,33,27.15
2026-06-08T13:50:53.232629+00:00,scheduler,0,0,400.8,10240.0,33,22.802
2026-06-08T13:50:53.232629+00:00,scheduler,1,0,376.8,10240.0,36,24.514
2026-06-08T13:50:53.232629+00:00,scheduler,2,0,400.8,10240.0,33,18.469
2026-06-08T13:50:53.232629+00:00,scheduler,3,0,400.8,10240.0,33,27.167
2026-06-08T13:50:58.233327+00:00,scheduler,0,0,400.8,10240.0,33,22.925
2026-06-08T13:50:58.233327+00:00,scheduler,1,0,376.8,10240.0,36,24.575
2026-06-08T13:50:58.233327+00:00,scheduler,2,0,400.8,10240.0,33,18.387
2026-06-08T13:50:58.233327+00:00,scheduler,3,0,400.8,10240.0,33,27.09
2026-06-08T13:51:03.234044+00:00,scheduler,0,0,400.8,10240.0,33,22.918
2026-06-08T13:51:03.234044+00:00,scheduler,1,0,376.8,10240.0,36,24.663
2026-06-08T13:51:03.234044+00:00,scheduler,2,0,400.8,10240.0,33,18.535
2026-06-08T13:51:03.234044+00:00,scheduler,3,0,400.8,10240.0,33,27.2
2026-06-08T13:51:08.234664+00:00,scheduler,0,0,400.8,10240.0,33,22.845
2026-06-08T13:51:08.234664+00:00,scheduler,1,0,376.8,10240.0,36,24.587
2026-06-08T13:51:08.234664+00:00,scheduler,2,0,400.8,10240.0,33,18.509
2026-06-08T13:51:08.234664+00:00,scheduler,3,0,400.8,10240.0,33,27.142
2026-06-08T13:51:13.235297+00:00,scheduler,0,0,400.8,10240.0,33,22.976
2026-06-08T13:51:13.235297+00:00,scheduler,1,0,376.8,10240.0,36,24.597
2026-06-08T13:51:13.235297+00:00,scheduler,2,0,400.8,10240.0,33,18.476
2026-06-08T13:51:13.235297+00:00,scheduler,3,0,400.8,10240.0,33,27.024
2026-06-08T13:51:18.235943+00:00,scheduler,0,0,400.8,10240.0,33,22.965
2026-06-08T13:51:18.235943+00:00,scheduler,1,0,376.8,10240.0,36,24.597
2026-06-08T13:51:18.235943+00:00,scheduler,2,0,400.8,10240.0,33,18.485
2026-06-08T13:51:18.235943+00:00,scheduler,3,0,400.8,10240.0,33,27.072
2026-06-08T13:51:23.236704+00:00,scheduler,0,0,400.8,10240.0,33,22.878
2026-06-08T13:51:23.236704+00:00,scheduler,1,0,376.8,10240.0,36,24.741
2026-06-08T13:51:23.236704+00:00,scheduler,2,0,400.8,10240.0,33,18.498
2026-06-08T13:51:23.236704+00:00,scheduler,3,0,400.8,10240.0,33,26.976
2026-06-08T13:51:28.237261+00:00,scheduler,0,0,400.8,10240.0,33,22.937
2026-06-08T13:51:28.237261+00:00,scheduler,1,0,376.8,10240.0,36,24.634
2026-06-08T13:51:28.237261+00:00,scheduler,2,0,400.8,10240.0,33,18.41
2026-06-08T13:51:28.237261+00:00,scheduler,3,0,400.8,10240.0,33,26.964
2026-06-08T13:51:33.237805+00:00,scheduler,0,0,400.8,10240.0,33,23.047
2026-06-08T13:51:33.237805+00:00,scheduler,1,0,376.8,10240.0,36,24.613
2026-06-08T13:51:33.237805+00:00,scheduler,2,0,400.8,10240.0,33,18.509
2026-06-08T13:51:33.237805+00:00,scheduler,3,0,400.8,10240.0,33,26.942
2026-06-08T13:51:38.238394+00:00,scheduler,0,0,400.8,10240.0,33,22.815
2026-06-08T13:51:38.238394+00:00,scheduler,1,0,376.8,10240.0,36,24.708
2026-06-08T13:51:38.238394+00:00,scheduler,2,0,400.8,10240.0,33,18.406
2026-06-08T13:51:38.238394+00:00,scheduler,3,0,400.8,10240.0,33,27.115
2026-06-08T13:51:43.238974+00:00,scheduler,0,0,400.8,10240.0,33,22.797
2026-06-08T13:51:43.238974+00:00,scheduler,1,0,376.8,10240.0,36,24.602
2026-06-08T13:51:43.238974+00:00,scheduler,2,0,400.8,10240.0,33,18.644
2026-06-08T13:51:43.238974+00:00,scheduler,3,0,400.8,10240.0,33,27.03
2026-06-08T13:51:48.239535+00:00,scheduler,0,0,400.8,10240.0,33,22.881
2026-06-08T13:51:48.239535+00:00,scheduler,1,0,376.8,10240.0,36,24.567
2026-06-08T13:51:48.239535+00:00,scheduler,2,0,400.8,10240.0,33,18.55
2026-06-08T13:51:48.239535+00:00,scheduler,3,0,400.8,10240.0,33,27.027
2026-06-08T13:51:53.240065+00:00,scheduler,0,0,400.8,10240.0,33,22.889
2026-06-08T13:51:53.240065+00:00,scheduler,1,0,376.8,10240.0,36,24.586
2026-06-08T13:51:53.240065+00:00,scheduler,2,0,400.8,10240.0,33,18.508
2026-06-08T13:51:53.240065+00:00,scheduler,3,0,400.8,10240.0,33,27.068
2026-06-08T13:51:58.240602+00:00,scheduler,0,0,400.8,10240.0,33,22.848
2026-06-08T13:51:58.240602+00:00,scheduler,1,0,376.8,10240.0,36,24.631
2026-06-08T13:51:58.240602+00:00,scheduler,2,0,400.8,10240.0,33,18.668
2026-06-08T13:51:58.240602+00:00,scheduler,3,0,400.8,10240.0,33,26.891
2026-06-08T13:52:03.241232+00:00,scheduler,0,0,400.8,10240.0,33,22.92
2026-06-08T13:52:03.241232+00:00,scheduler,1,0,376.8,10240.0,36,24.555
2026-06-08T13:52:03.241232+00:00,scheduler,2,0,400.8,10240.0,33,18.585
2026-06-08T13:52:03.241232+00:00,scheduler,3,0,400.8,10240.0,33,26.985
2026-06-08T13:52:08.241775+00:00,scheduler,0,0,400.8,10240.0,33,23.02
2026-06-08T13:52:08.241775+00:00,scheduler,1,0,376.8,10240.0,36,24.643
2026-06-08T13:52:08.241775+00:00,scheduler,2,0,400.8,10240.0,33,18.447
2026-06-08T13:52:08.241775+00:00,scheduler,3,0,400.8,10240.0,33,26.984
2026-06-08T13:52:13.242456+00:00,scheduler,0,0,400.8,10240.0,33,22.809
2026-06-08T13:52:13.242456+00:00,scheduler,1,0,376.8,10240.0,36,24.729
2026-06-08T13:52:13.242456+00:00,scheduler,2,0,400.8,10240.0,33,18.491
2026-06-08T13:52:13.242456+00:00,scheduler,3,0,400.8,10240.0,33,27.04
2026-06-08T13:52:18.243024+00:00,scheduler,0,0,400.8,10240.0,33,22.735
2026-06-08T13:52:18.243024+00:00,scheduler,1,0,376.8,10240.0,36,24.626
2026-06-08T13:52:18.243024+00:00,scheduler,2,0,400.8,10240.0,33,18.628
2026-06-08T13:52:18.243024+00:00,scheduler,3,0,400.8,10240.0,33,27.009
2026-06-08T13:52:23.243665+00:00,scheduler,0,0,400.8,10240.0,33,22.9
2026-06-08T13:52:23.243665+00:00,scheduler,1,0,376.8,10240.0,36,24.614
2026-06-08T13:52:23.243665+00:00,scheduler,2,0,400.8,10240.0,33,18.553
2026-06-08T13:52:23.243665+00:00,scheduler,3,0,400.8,10240.0,33,26.952
2026-06-08T13:52:28.244268+00:00,scheduler,0,0,400.8,10240.0,33,22.795
2026-06-08T13:52:28.244268+00:00,scheduler,1,0,376.8,10240.0,36,24.67
2026-06-08T13:52:28.244268+00:00,scheduler,2,0,400.8,10240.0,33,18.52
2026-06-08T13:52:28.244268+00:00,scheduler,3,0,400.8,10240.0,33,27.016
2026-06-08T13:52:33.244789+00:00,scheduler,0,0,400.8,10240.0,33,22.763
2026-06-08T13:52:33.244789+00:00,scheduler,1,0,376.8,10240.0,36,24.599
2026-06-08T13:52:33.244789+00:00,scheduler,2,0,400.8,10240.0,33,18.625
2026-06-08T13:52:33.244789+00:00,scheduler,3,0,400.8,10240.0,33,27.015
2026-06-08T13:52:38.245562+00:00,scheduler,0,0,400.8,10240.0,33,22.808
2026-06-08T13:52:38.245562+00:00,scheduler,1,0,376.8,10240.0,36,24.614
2026-06-08T13:52:38.245562+00:00,scheduler,2,0,400.8,10240.0,33,18.583
2026-06-08T13:52:38.245562+00:00,scheduler,3,0,400.8,10240.0,33,26.893
2026-06-08T13:52:43.246207+00:00,scheduler,0,0,400.8,10240.0,33,22.889
2026-06-08T13:52:43.246207+00:00,scheduler,1,0,376.8,10240.0,36,24.635
2026-06-08T13:52:43.246207+00:00,scheduler,2,0,400.8,10240.0,33,18.652
2026-06-08T13:52:43.246207+00:00,scheduler,3,0,400.8,10240.0,33,26.938
2026-06-08T13:52:48.246826+00:00,scheduler,0,0,400.8,10240.0,33,22.739
2026-06-08T13:52:48.246826+00:00,scheduler,1,0,376.8,10240.0,36,24.735
2026-06-08T13:52:48.246826+00:00,scheduler,2,0,400.8,10240.0,33,18.603
2026-06-08T13:52:48.246826+00:00,scheduler,3,0,400.8,10240.0,33,27.045
2026-06-08T13:52:53.247468+00:00,scheduler,0,0,400.8,10240.0,33,22.795
2026-06-08T13:52:53.247468+00:00,scheduler,1,0,376.8,10240.0,36,24.619
2026-06-08T13:52:53.247468+00:00,scheduler,2,0,400.8,10240.0,33,18.514
2026-06-08T13:52:53.247468+00:00,scheduler,3,0,400.8,10240.0,33,27.018
2026-06-08T13:52:58.248190+00:00,scheduler,0,0,400.8,10240.0,33,22.897
2026-06-08T13:52:58.248190+00:00,scheduler,1,0,376.8,10240.0,36,24.66
2026-06-08T13:52:58.248190+00:00,scheduler,2,0,400.8,10240.0,33,18.599
2026-06-08T13:52:58.248190+00:00,scheduler,3,0,400.8,10240.0,33,27.003
2026-06-08T13:53:03.248788+00:00,scheduler,0,0,400.8,10240.0,33,22.854
2026-06-08T13:53:03.248788+00:00,scheduler,1,0,376.8,10240.0,36,24.762
2026-06-08T13:53:03.248788+00:00,scheduler,2,0,400.8,10240.0,33,18.626
2026-06-08T13:53:03.248788+00:00,scheduler,3,0,400.8,10240.0,33,27.158
2026-06-08T13:53:08.249422+00:00,scheduler,0,0,400.8,10240.0,33,22.872
2026-06-08T13:53:08.249422+00:00,scheduler,1,0,376.8,10240.0,36,24.631
2026-06-08T13:53:08.249422+00:00,scheduler,2,0,400.8,10240.0,33,18.7
2026-06-08T13:53:08.249422+00:00,scheduler,3,0,400.8,10240.0,33,26.982
2026-06-08T13:53:13.250140+00:00,scheduler,0,0,400.8,10240.0,33,22.916
2026-06-08T13:53:13.250140+00:00,scheduler,1,0,376.8,10240.0,36,24.625
2026-06-08T13:53:13.250140+00:00,scheduler,2,0,400.8,10240.0,33,18.484
2026-06-08T13:53:13.250140+00:00,scheduler,3,0,400.8,10240.0,33,26.987
2026-06-08T13:53:18.250747+00:00,scheduler,0,0,400.8,10240.0,33,22.817
2026-06-08T13:53:18.250747+00:00,scheduler,1,0,376.8,10240.0,36,24.735
2026-06-08T13:53:18.250747+00:00,scheduler,2,0,400.8,10240.0,33,18.389
2026-06-08T13:53:18.250747+00:00,scheduler,3,0,400.8,10240.0,33,27.248
2026-06-08T13:53:23.251407+00:00,scheduler,0,0,400.8,10240.0,33,22.732
2026-06-08T13:53:23.251407+00:00,scheduler,1,0,376.8,10240.0,36,24.74
2026-06-08T13:53:23.251407+00:00,scheduler,2,0,400.8,10240.0,33,18.58
2026-06-08T13:53:23.251407+00:00,scheduler,3,0,400.8,10240.0,33,27.12
2026-06-08T13:53:28.252060+00:00,scheduler,0,0,400.8,10240.0,33,22.777
2026-06-08T13:53:28.252060+00:00,scheduler,1,0,376.8,10240.0,36,24.595
2026-06-08T13:53:28.252060+00:00,scheduler,2,0,400.8,10240.0,33,18.502
2026-06-08T13:53:28.252060+00:00,scheduler,3,0,400.8,10240.0,33,27.044
2026-06-08T13:53:33.252678+00:00,scheduler,0,0,400.8,10240.0,33,22.879
2026-06-08T13:53:33.252678+00:00,scheduler,1,0,376.8,10240.0,36,24.542
2026-06-08T13:53:33.252678+00:00,scheduler,2,0,400.8,10240.0,33,18.446
2026-06-08T13:53:33.252678+00:00,scheduler,3,0,400.8,10240.0,33,27.045
2026-06-08T13:53:38.253280+00:00,scheduler,0,0,400.8,10240.0,33,22.77
2026-06-08T13:53:38.253280+00:00,scheduler,1,0,376.8,10240.0,36,24.654
2026-06-08T13:53:38.253280+00:00,scheduler,2,0,400.8,10240.0,33,18.587
2026-06-08T13:53:38.253280+00:00,scheduler,3,0,400.8,10240.0,33,27.097
2026-06-08T13:53:43.253972+00:00,scheduler,0,0,400.8,10240.0,33,22.809
2026-06-08T13:53:43.253972+00:00,scheduler,1,0,376.8,10240.0,36,24.582
2026-06-08T13:53:43.253972+00:00,scheduler,2,0,400.8,10240.0,33,18.567
2026-06-08T13:53:43.253972+00:00,scheduler,3,0,400.8,10240.0,33,26.843
2026-06-08T13:53:48.254727+00:00,scheduler,0,0,400.8,10240.0,33,22.813
2026-06-08T13:53:48.254727+00:00,scheduler,1,0,376.8,10240.0,36,24.637
2026-06-08T13:53:48.254727+00:00,scheduler,2,0,400.8,10240.0,33,18.495
2026-06-08T13:53:48.254727+00:00,scheduler,3,0,400.8,10240.0,33,27.038
2026-06-08T13:53:53.255408+00:00,scheduler,0,0,400.8,10240.0,33,22.744
2026-06-08T13:53:53.255408+00:00,scheduler,1,0,376.8,10240.0,36,24.671
2026-06-08T13:53:53.255408+00:00,scheduler,2,0,400.8,10240.0,33,18.655
2026-06-08T13:53:53.255408+00:00,scheduler,3,0,400.8,10240.0,33,27.131
2026-06-08T13:53:58.256047+00:00,scheduler,0,0,400.8,10240.0,33,22.822
2026-06-08T13:53:58.256047+00:00,scheduler,1,0,376.8,10240.0,36,24.576
2026-06-08T13:53:58.256047+00:00,scheduler,2,0,400.8,10240.0,33,18.682
2026-06-08T13:53:58.256047+00:00,scheduler,3,0,400.8,10240.0,33,27.02
2026-06-08T13:54:03.256765+00:00,scheduler,0,0,400.8,10240.0,33,22.844
2026-06-08T13:54:03.256765+00:00,scheduler,1,0,376.8,10240.0,36,24.603
2026-06-08T13:54:03.256765+00:00,scheduler,2,0,400.8,10240.0,33,18.396
2026-06-08T13:54:03.256765+00:00,scheduler,3,0,400.8,10240.0,33,26.989
2026-06-08T13:54:08.257409+00:00,scheduler,0,0,400.8,10240.0,33,22.968
2026-06-08T13:54:08.257409+00:00,scheduler,1,0,376.8,10240.0,36,24.544
2026-06-08T13:54:08.257409+00:00,scheduler,2,0,400.8,10240.0,33,18.412
2026-06-08T13:54:08.257409+00:00,scheduler,3,0,400.8,10240.0,33,27.0
2026-06-08T13:54:13.258032+00:00,scheduler,0,0,400.8,10240.0,33,22.823
2026-06-08T13:54:13.258032+00:00,scheduler,1,0,376.8,10240.0,36,24.634
2026-06-08T13:54:13.258032+00:00,scheduler,2,0,400.8,10240.0,33,18.546
2026-06-08T13:54:13.258032+00:00,scheduler,3,0,400.8,10240.0,33,27.149
2026-06-08T13:54:18.258745+00:00,scheduler,0,0,400.8,10240.0,33,22.862
2026-06-08T13:54:18.258745+00:00,scheduler,1,0,376.8,10240.0,36,24.51
2026-06-08T13:54:18.258745+00:00,scheduler,2,0,400.8,10240.0,33,18.441
2026-06-08T13:54:18.258745+00:00,scheduler,3,0,400.8,10240.0,33,26.973
2026-06-08T13:54:23.259480+00:00,scheduler,0,0,400.8,10240.0,33,23.031
2026-06-08T13:54:23.259480+00:00,scheduler,1,0,376.8,10240.0,36,24.523
2026-06-08T13:54:23.259480+00:00,scheduler,2,0,400.8,10240.0,33,18.415
2026-06-08T13:54:23.259480+00:00,scheduler,3,0,400.8,10240.0,33,27.059
2026-06-08T13:54:28.260075+00:00,scheduler,0,0,400.8,10240.0,33,22.748
2026-06-08T13:54:28.260075+00:00,scheduler,1,0,376.8,10240.0,36,24.695
2026-06-08T13:54:28.260075+00:00,scheduler,2,0,400.8,10240.0,33,18.538
2026-06-08T13:54:28.260075+00:00,scheduler,3,0,400.8,10240.0,33,26.943
2026-06-08T13:54:33.260660+00:00,scheduler,0,0,400.8,10240.0,33,22.825
2026-06-08T13:54:33.260660+00:00,scheduler,1,0,376.8,10240.0,36,24.574
2026-06-08T13:54:33.260660+00:00,scheduler,2,0,400.8,10240.0,33,18.711
2026-06-08T13:54:33.260660+00:00,scheduler,3,0,400.8,10240.0,33,26.85
2026-06-08T13:54:38.261345+00:00,scheduler,0,0,400.8,10240.0,33,22.97
2026-06-08T13:54:38.261345+00:00,scheduler,1,0,376.8,10240.0,36,24.564
2026-06-08T13:54:38.261345+00:00,scheduler,2,0,400.8,10240.0,33,18.46
2026-06-08T13:54:38.261345+00:00,scheduler,3,0,400.8,10240.0,33,26.948
2026-06-08T13:54:43.262035+00:00,scheduler,0,0,400.8,10240.0,33,22.831
2026-06-08T13:54:43.262035+00:00,scheduler,1,0,376.8,10240.0,36,24.736
2026-06-08T13:54:43.262035+00:00,scheduler,2,0,400.8,10240.0,33,18.344
2026-06-08T13:54:43.262035+00:00,scheduler,3,0,400.8,10240.0,33,26.913
2026-06-08T13:54:48.262784+00:00,scheduler,0,0,400.8,10240.0,33,22.786
2026-06-08T13:54:48.262784+00:00,scheduler,1,0,376.8,10240.0,36,24.712
2026-06-08T13:54:48.262784+00:00,scheduler,2,0,400.8,10240.0,33,18.46
2026-06-08T13:54:48.262784+00:00,scheduler,3,0,400.8,10240.0,33,26.913
2026-06-08T13:54:53.263440+00:00,scheduler,0,0,400.8,10240.0,33,22.806
2026-06-08T13:54:53.263440+00:00,scheduler,1,0,376.8,10240.0,36,24.632
2026-06-08T13:54:53.263440+00:00,scheduler,2,0,400.8,10240.0,33,18.417
2026-06-08T13:54:53.263440+00:00,scheduler,3,0,400.8,10240.0,33,26.868
2026-06-08T13:54:58.264048+00:00,scheduler,0,0,400.8,10240.0,33,22.842
2026-06-08T13:54:58.264048+00:00,scheduler,1,0,376.8,10240.0,36,24.556
2026-06-08T13:54:58.264048+00:00,scheduler,2,0,400.8,10240.0,33,18.431
2026-06-08T13:54:58.264048+00:00,scheduler,3,0,400.8,10240.0,33,27.03
2026-06-08T13:55:03.264808+00:00,scheduler,0,0,400.8,10240.0,33,22.775
2026-06-08T13:55:03.264808+00:00,scheduler,1,0,376.8,10240.0,36,24.69
2026-06-08T13:55:03.264808+00:00,scheduler,2,0,400.8,10240.0,33,18.662
2026-06-08T13:55:03.264808+00:00,scheduler,3,0,400.8,10240.0,33,27.096
2026-06-08T13:55:08.265610+00:00,scheduler,0,0,400.8,10240.0,33,22.728
2026-06-08T13:55:08.265610+00:00,scheduler,1,0,376.8,10240.0,36,24.595
2026-06-08T13:55:08.265610+00:00,scheduler,2,0,400.8,10240.0,33,18.562
2026-06-08T13:55:08.265610+00:00,scheduler,3,0,400.8,10240.0,33,27.102
2026-06-08T13:55:13.266246+00:00,scheduler,0,0,400.8,10240.0,33,22.856
2026-06-08T13:55:13.266246+00:00,scheduler,1,0,376.8,10240.0,36,24.55
2026-06-08T13:55:13.266246+00:00,scheduler,2,0,400.8,10240.0,33,18.536
2026-06-08T13:55:13.266246+00:00,scheduler,3,0,400.8,10240.0,33,27.079
2026-06-08T13:55:18.266915+00:00,scheduler,0,0,400.8,10240.0,33,22.586
2026-06-08T13:55:18.266915+00:00,scheduler,1,0,376.8,10240.0,36,24.735
2026-06-08T13:55:18.266915+00:00,scheduler,2,0,400.8,10240.0,33,18.527
2026-06-08T13:55:18.266915+00:00,scheduler,3,0,400.8,10240.0,33,27.188
2026-06-08T13:55:23.267747+00:00,scheduler,0,0,400.8,10240.0,33,22.688
2026-06-08T13:55:23.267747+00:00,scheduler,1,0,376.8,10240.0,36,24.632
2026-06-08T13:55:23.267747+00:00,scheduler,2,0,400.8,10240.0,33,18.649
2026-06-08T13:55:23.267747+00:00,scheduler,3,0,400.8,10240.0,33,27.019
2026-06-08T13:55:28.268548+00:00,scheduler,0,0,400.8,10240.0,33,22.728
2026-06-08T13:55:28.268548+00:00,scheduler,1,0,376.8,10240.0,36,24.655
2026-06-08T13:55:28.268548+00:00,scheduler,2,0,400.8,10240.0,33,18.501
2026-06-08T13:55:28.268548+00:00,scheduler,3,0,400.8,10240.0,33,26.961
2026-06-08T13:55:33.269187+00:00,scheduler,0,0,400.8,10240.0,33,22.89
2026-06-08T13:55:33.269187+00:00,scheduler,1,0,376.8,10240.0,36,24.614
2026-06-08T13:55:33.269187+00:00,scheduler,2,0,400.8,10240.0,33,18.569
2026-06-08T13:55:33.269187+00:00,scheduler,3,0,400.8,10240.0,33,26.882
2026-06-08T13:55:38.269875+00:00,scheduler,0,0,400.8,10240.0,33,22.718
2026-06-08T13:55:38.269875+00:00,scheduler,1,0,376.8,10240.0,36,24.771
2026-06-08T13:55:38.269875+00:00,scheduler,2,0,400.8,10240.0,33,18.703
2026-06-08T13:55:38.269875+00:00,scheduler,3,0,400.8,10240.0,33,27.049
2026-06-08T13:55:43.270688+00:00,scheduler,0,0,400.8,10240.0,33,22.692
2026-06-08T13:55:43.270688+00:00,scheduler,1,0,376.8,10240.0,36,24.68
2026-06-08T13:55:43.270688+00:00,scheduler,2,0,400.8,10240.0,33,18.691
2026-06-08T13:55:43.270688+00:00,scheduler,3,0,400.8,10240.0,33,26.924
2026-06-08T13:55:48.271469+00:00,scheduler,0,0,400.8,10240.0,33,23.003
2026-06-08T13:55:48.271469+00:00,scheduler,1,0,376.8,10240.0,36,24.724
2026-06-08T13:55:48.271469+00:00,scheduler,2,0,400.8,10240.0,33,18.672
2026-06-08T13:55:48.271469+00:00,scheduler,3,0,400.8,10240.0,33,26.922
2026-06-08T13:55:53.272164+00:00,scheduler,0,0,400.8,10240.0,33,22.908
2026-06-08T13:55:53.272164+00:00,scheduler,1,0,376.8,10240.0,36,24.853
2026-06-08T13:55:53.272164+00:00,scheduler,2,0,400.8,10240.0,33,18.689
2026-06-08T13:55:53.272164+00:00,scheduler,3,0,400.8,10240.0,33,27.103
2026-06-08T13:55:58.272861+00:00,scheduler,0,0,400.8,10240.0,33,22.968
2026-06-08T13:55:58.272861+00:00,scheduler,1,0,376.8,10240.0,36,24.709
2026-06-08T13:55:58.272861+00:00,scheduler,2,0,400.8,10240.0,33,18.644
2026-06-08T13:55:58.272861+00:00,scheduler,3,0,400.8,10240.0,33,26.894
2026-06-08T13:56:03.273712+00:00,scheduler,0,0,400.8,10240.0,33,23.053
2026-06-08T13:56:03.273712+00:00,scheduler,1,0,397.9,10240.0,36,24.641
2026-06-08T13:56:03.273712+00:00,scheduler,2,0,400.8,10240.0,33,18.543
2026-06-08T13:56:03.273712+00:00,scheduler,3,0,400.8,10240.0,33,27.075
2026-06-08T13:56:08.274382+00:00,scheduler,0,0,400.8,10240.0,33,22.833
2026-06-08T13:56:08.274382+00:00,scheduler,1,0,597.9,10240.0,45,97.865
2026-06-08T13:56:08.274382+00:00,scheduler,2,0,400.8,10240.0,33,18.588
2026-06-08T13:56:08.274382+00:00,scheduler,3,0,400.8,10240.0,33,27.216
2026-06-08T13:56:13.274996+00:00,scheduler,0,0,400.8,10240.0,33,22.791
2026-06-08T13:56:13.274996+00:00,scheduler,1,0,597.9,10240.0,46,98.599
2026-06-08T13:56:13.274996+00:00,scheduler,2,0,621.9,10240.0,38,89.477
2026-06-08T13:56:13.274996+00:00,scheduler,3,0,400.8,10240.0,33,27.123
2026-06-08T13:56:18.275685+00:00,scheduler,0,0,400.8,10240.0,33,22.809
2026-06-08T13:56:18.275685+00:00,scheduler,1,0,597.9,10240.0,46,99.342
2026-06-08T13:56:18.275685+00:00,scheduler,2,0,621.9,10240.0,39,89.839
2026-06-08T13:56:18.275685+00:00,scheduler,3,0,621.9,10240.0,39,95.66
2026-06-08T13:56:23.276359+00:00,scheduler,0,0,400.8,10240.0,33,22.9
2026-06-08T13:56:23.276359+00:00,scheduler,1,0,597.9,10240.0,40,25.785
2026-06-08T13:56:23.276359+00:00,scheduler,2,0,621.9,10240.0,40,90.045
2026-06-08T13:56:23.276359+00:00,scheduler,3,0,621.9,10240.0,40,96.381
2026-06-08T13:56:28.276987+00:00,scheduler,0,0,400.8,10240.0,33,22.573
2026-06-08T13:56:28.276987+00:00,scheduler,1,0,597.9,10240.0,38,24.805
2026-06-08T13:56:28.276987+00:00,scheduler,2,0,621.9,10240.0,36,25.052
2026-06-08T13:56:28.276987+00:00,scheduler,3,0,621.9,10240.0,40,96.296
2026-06-08T13:56:33.277764+00:00,scheduler,0,0,400.8,10240.0,33,22.735
2026-06-08T13:56:33.277764+00:00,scheduler,1,0,597.9,10240.0,38,24.688
2026-06-08T13:56:33.277764+00:00,scheduler,2,0,621.9,10240.0,35,19.084
2026-06-08T13:56:33.277764+00:00,scheduler,3,0,621.9,10240.0,36,28.422
2026-06-08T13:56:38.278466+00:00,scheduler,0,0,621.9,10240.0,37,92.095
2026-06-08T13:56:38.278466+00:00,scheduler,1,0,597.9,10240.0,38,24.822
2026-06-08T13:56:38.278466+00:00,scheduler,2,0,621.9,10240.0,35,18.939
2026-06-08T13:56:38.278466+00:00,scheduler,3,0,621.9,10240.0,35,27.208
2026-06-08T13:56:43.279104+00:00,scheduler,0,0,621.9,10240.0,38,92.191
2026-06-08T13:56:43.279104+00:00,scheduler,1,0,597.9,10240.0,38,24.766
2026-06-08T13:56:43.279104+00:00,scheduler,2,0,621.9,10240.0,35,18.922
2026-06-08T13:56:43.279104+00:00,scheduler,3,0,621.9,10240.0,35,27.164
2026-06-08T13:56:48.279740+00:00,scheduler,0,0,621.9,10240.0,38,92.502
2026-06-08T13:56:48.279740+00:00,scheduler,1,0,1341.9,10240.0,46,98.901
2026-06-08T13:56:48.279740+00:00,scheduler,2,0,621.9,10240.0,34,18.85
2026-06-08T13:56:48.279740+00:00,scheduler,3,0,621.9,10240.0,34,27.163
2026-06-08T13:56:53.280375+00:00,scheduler,0,0,621.9,10240.0,39,92.697
2026-06-08T13:56:53.280375+00:00,scheduler,1,0,1749.9,10240.0,47,99.507
2026-06-08T13:56:53.280375+00:00,scheduler,2,0,621.9,10240.0,34,18.786
2026-06-08T13:56:53.280375+00:00,scheduler,3,0,621.9,10240.0,34,27.263
2026-06-08T13:56:58.280946+00:00,scheduler,0,0,621.9,10240.0,35,23.109
2026-06-08T13:56:58.280946+00:00,scheduler,1,3,2797.9,10240.0,47,100.012
2026-06-08T13:56:58.280946+00:00,scheduler,2,0,621.9,10240.0,34,18.805
2026-06-08T13:56:58.280946+00:00,scheduler,3,0,621.9,10240.0,34,27.292
2026-06-08T13:57:03.281704+00:00,scheduler,0,0,621.9,10240.0,35,23.006
2026-06-08T13:57:03.281704+00:00,scheduler,1,2,3961.9,10240.0,48,100.422
2026-06-08T13:57:03.281704+00:00,scheduler,2,0,621.9,10240.0,34,18.867
2026-06-08T13:57:03.281704+00:00,scheduler,3,0,621.9,10240.0,34,27.334
2026-06-08T13:57:08.282469+00:00,scheduler,0,0,621.9,10240.0,34,22.987
2026-06-08T13:57:08.282469+00:00,scheduler,1,2,5037.9,10240.0,48,100.354
2026-06-08T13:57:08.282469+00:00,scheduler,2,0,621.9,10240.0,34,18.933
2026-06-08T13:57:08.282469+00:00,scheduler,3,0,621.9,10240.0,34,27.146
2026-06-08T13:57:13.283157+00:00,scheduler,0,0,621.9,10240.0,34,23.12
2026-06-08T13:57:13.283157+00:00,scheduler,1,2,5853.9,10240.0,48,100.563
2026-06-08T13:57:13.283157+00:00,scheduler,2,0,621.9,10240.0,34,19.021
2026-06-08T13:57:13.283157+00:00,scheduler,3,0,621.9,10240.0,34,27.214
2026-06-08T13:57:18.283833+00:00,scheduler,0,0,621.9,10240.0,34,23.119
2026-06-08T13:57:18.283833+00:00,scheduler,1,1,8277.9,10240.0,49,101.026
2026-06-08T13:57:18.283833+00:00,scheduler,2,0,621.9,10240.0,34,18.877
2026-06-08T13:57:18.283833+00:00,scheduler,3,0,621.9,10240.0,34,27.166
2026-06-08T13:57:23.284490+00:00,scheduler,0,0,621.9,10240.0,34,23.029
2026-06-08T13:57:23.284490+00:00,scheduler,1,11,8693.9,10240.0,49,100.696
2026-06-08T13:57:23.284490+00:00,scheduler,2,0,621.9,10240.0,34,18.864
2026-06-08T13:57:23.284490+00:00,scheduler,3,0,621.9,10240.0,34,27.036
2026-06-08T13:57:28.285357+00:00,scheduler,0,0,621.9,10240.0,34,22.977
2026-06-08T13:57:28.285357+00:00,scheduler,1,23,4503.9,10240.0,52,126.349
2026-06-08T13:57:28.285357+00:00,scheduler,2,0,621.9,10240.0,34,18.963
2026-06-08T13:57:28.285357+00:00,scheduler,3,0,621.9,10240.0,34,27.118
2026-06-08T13:57:33.286078+00:00,scheduler,0,0,621.9,10240.0,34,22.865
2026-06-08T13:57:33.286078+00:00,scheduler,1,1,4737.9,10240.0,50,100.138
2026-06-08T13:57:33.286078+00:00,scheduler,2,0,621.9,10240.0,34,18.796
2026-06-08T13:57:33.286078+00:00,scheduler,3,0,621.9,10240.0,34,27.038
2026-06-08T13:57:38.286653+00:00,scheduler,0,0,621.9,10240.0,34,23.171
2026-06-08T13:57:38.286653+00:00,scheduler,1,1,5205.9,10240.0,50,100.083
2026-06-08T13:57:38.286653+00:00,scheduler,2,0,621.9,10240.0,34,18.768
2026-06-08T13:57:38.286653+00:00,scheduler,3,0,621.9,10240.0,34,27.054
2026-06-08T13:57:43.287288+00:00,scheduler,0,0,621.9,10240.0,34,23.039
2026-06-08T13:57:43.287288+00:00,scheduler,1,0,5673.9,10240.0,50,100.4
2026-06-08T13:57:43.287288+00:00,scheduler,2,0,621.9,10240.0,34,18.858
2026-06-08T13:57:43.287288+00:00,scheduler,3,0,621.9,10240.0,34,27.078
2026-06-08T13:57:48.287920+00:00,scheduler,0,0,621.9,10240.0,34,22.917
2026-06-08T13:57:48.287920+00:00,scheduler,1,1,6141.9,10240.0,50,100.456
2026-06-08T13:57:48.287920+00:00,scheduler,2,0,621.9,10240.0,34,18.962
2026-06-08T13:57:48.287920+00:00,scheduler,3,0,621.9,10240.0,34,27.158
2026-06-08T13:57:53.288691+00:00,scheduler,0,0,621.9,10240.0,34,22.981
2026-06-08T13:57:53.288691+00:00,scheduler,1,1,6447.9,10240.0,50,100.217
2026-06-08T13:57:53.288691+00:00,scheduler,2,0,621.9,10240.0,34,18.824
2026-06-08T13:57:53.288691+00:00,scheduler,3,0,621.9,10240.0,34,27.105
