timestamp,worker_id,gpu_id,util_percent,memory_used_mb,memory_total_mb,temp_c,power_w
2026-06-09T07:28:52.475407+00:00,scheduler,0,0,494.9,24564.0,41,14.387
2026-06-09T07:28:57.500291+00:00,scheduler,0,0,494.9,24564.0,41,14.341
2026-06-09T07:29:02.500750+00:00,scheduler,0,0,494.9,24564.0,40,14.403
2026-06-09T07:29:07.506232+00:00,scheduler,0,0,494.9,24564.0,40,14.464
2026-06-09T07:29:12.522077+00:00,scheduler,0,9,7170.2,24564.0,42,58.93
2026-06-09T07:29:17.522456+00:00,scheduler,0,0,16176.2,24564.0,42,50.871
2026-06-09T07:29:22.522849+00:00,scheduler,0,0,16176.2,24564.0,42,51.438
2026-06-09T07:29:27.523282+00:00,scheduler,0,0,16176.2,24564.0,42,51.074
2026-06-09T07:29:32.523725+00:00,scheduler,0,0,16176.2,24564.0,41,44.537
2026-06-09T07:29:37.524139+00:00,scheduler,0,0,16176.2,24564.0,40,14.551
2026-06-09T07:29:42.524563+00:00,scheduler,0,0,16176.2,24564.0,40,14.448
2026-06-09T07:29:47.524997+00:00,scheduler,0,0,16176.2,24564.0,40,14.899
2026-06-09T07:29:52.525446+00:00,scheduler,0,60,17298.2,24564.0,60,228.919
2026-06-09T07:29:57.525855+00:00,scheduler,0,100,17298.2,24564.0,61,448.497
2026-06-09T07:30:02.526295+00:00,scheduler,0,0,16280.2,24564.0,46,67.796
2026-06-09T07:30:07.526682+00:00,scheduler,0,0,16280.2,24564.0,45,52.598
2026-06-09T07:30:12.527125+00:00,scheduler,0,0,16280.2,24564.0,44,52.343
2026-06-09T07:30:17.527565+00:00,scheduler,0,0,16280.2,24564.0,44,52.395
2026-06-09T07:30:22.527990+00:00,scheduler,0,0,16280.2,24564.0,43,15.524
2026-06-09T07:30:27.528426+00:00,scheduler,0,0,16280.2,24564.0,42,15.75
2026-06-09T07:30:32.528815+00:00,scheduler,0,0,16280.2,24564.0,42,15.292
2026-06-09T07:30:37.529252+00:00,scheduler,0,0,16280.2,24564.0,42,15.387
2026-06-09T07:30:42.529655+00:00,scheduler,0,0,16280.2,24564.0,41,15.443
2026-06-09T07:30:47.530053+00:00,scheduler,0,8,16280.2,24564.0,42,53.388
2026-06-09T07:30:52.586549+00:00,scheduler,0,1,16280.2,24564.0,42,53.229
2026-06-09T07:30:57.723745+00:00,scheduler,0,1,16280.2,24564.0,42,53.345
2026-06-09T07:31:03.045213+00:00,scheduler,0,0,16280.2,24564.0,42,53.124
2026-06-09T07:31:27.578288+00:00,scheduler,0,0,16280.2,24564.0,41,15.057
2026-06-09T07:31:32.579184+00:00,scheduler,0,26,16278.2,24564.0,42,53.927
2026-06-09T07:31:37.579494+00:00,scheduler,0,0,16278.2,24564.0,42,52.37
2026-06-09T07:31:42.579908+00:00,scheduler,0,0,16278.2,24564.0,42,51.975
2026-06-09T07:31:47.580366+00:00,scheduler,0,0,16278.2,24564.0,42,51.927
2026-06-09T07:31:52.580809+00:00,scheduler,0,0,16278.2,24564.0,41,16.737
2026-06-09T07:31:57.581220+00:00,scheduler,0,0,16278.2,24564.0,41,14.865
2026-06-09T07:32:02.581631+00:00,scheduler,0,0,16278.2,24564.0,40,14.738
2026-06-09T07:32:07.582030+00:00,scheduler,0,0,16278.2,24564.0,40,14.913
2026-06-09T07:32:12.582448+00:00,scheduler,0,100,17220.2,24564.0,61,448.523
2026-06-09T07:32:17.582789+00:00,scheduler,0,100,17220.2,24564.0,62,448.883
2026-06-09T07:32:22.583227+00:00,scheduler,0,100,17220.2,24564.0,63,449.315
2026-06-09T07:32:27.583613+00:00,scheduler,0,100,17220.2,24564.0,64,449.752
2026-06-09T07:32:32.584135+00:00,scheduler,0,0,16278.2,24564.0,50,65.8
2026-06-09T07:32:37.584621+00:00,scheduler,0,0,16278.2,24564.0,49,54.877
2026-06-09T07:32:42.587329+00:00,scheduler,0,0,16278.2,24564.0,48,54.712
2026-06-09T07:32:47.587882+00:00,scheduler,0,0,16278.2,24564.0,46,48.279
2026-06-09T07:32:52.589618+00:00,scheduler,0,0,16278.2,24564.0,45,16.158
2026-06-09T07:32:57.591330+00:00,scheduler,0,0,16278.2,24564.0,44,15.784
2026-06-09T07:33:02.591855+00:00,scheduler,0,0,16278.2,24564.0,44,15.487
2026-06-09T07:33:07.592432+00:00,scheduler,0,0,16278.2,24564.0,43,15.661
2026-06-09T07:33:12.595015+00:00,scheduler,0,0,16278.2,24564.0,43,15.257
2026-06-09T07:33:17.596614+00:00,scheduler,0,0,16278.2,24564.0,42,15.147
2026-06-09T07:33:22.597146+00:00,scheduler,0,0,16278.2,24564.0,42,15.284
2026-06-09T07:33:27.597631+00:00,scheduler,0,0,16278.2,24564.0,42,14.982
2026-06-09T07:33:32.598095+00:00,scheduler,0,0,16278.2,24564.0,41,14.884
2026-06-09T07:33:37.598520+00:00,scheduler,0,0,16278.2,24564.0,41,14.555
2026-06-09T07:33:42.598943+00:00,scheduler,0,8,16278.2,24564.0,42,53.446
2026-06-09T07:33:47.599333+00:00,scheduler,0,8,16278.2,24564.0,42,53.32
2026-06-09T07:33:52.599693+00:00,scheduler,0,0,990.2,24564.0,42,62.709
2026-06-09T07:33:57.600093+00:00,scheduler,0,0,990.2,24564.0,42,52.657
2026-06-09T07:34:02.600452+00:00,scheduler,0,0,990.2,24564.0,42,52.682
2026-06-09T07:34:07.600792+00:00,scheduler,0,2,2669.6,24564.0,42,52.822
2026-06-09T07:34:12.601153+00:00,scheduler,0,27,16671.6,24564.0,42,54.234
2026-06-09T07:34:17.601521+00:00,scheduler,0,0,16671.6,24564.0,42,52.153
2026-06-09T07:34:22.601914+00:00,scheduler,0,0,16671.6,24564.0,42,52.462
2026-06-09T07:34:27.602365+00:00,scheduler,0,0,16671.6,24564.0,42,53.007
2026-06-09T07:34:32.602771+00:00,scheduler,0,0,16671.6,24564.0,41,17.975
2026-06-09T07:34:37.603157+00:00,scheduler,0,0,16671.6,24564.0,41,14.918
2026-06-09T07:34:42.603571+00:00,scheduler,0,0,16671.6,24564.0,40,15.559
2026-06-09T07:34:47.603969+00:00,scheduler,0,0,16671.6,24564.0,40,14.946
2026-06-09T07:34:52.604406+00:00,scheduler,0,0,16671.6,24564.0,40,15.152
2026-06-09T07:34:57.604889+00:00,scheduler,0,0,16671.6,24564.0,40,15.124
2026-06-09T07:35:02.605420+00:00,scheduler,0,0,16671.6,24564.0,40,14.955
2026-06-09T07:35:07.606002+00:00,scheduler,0,0,16671.6,24564.0,40,15.275
2026-06-09T07:35:12.606505+00:00,scheduler,0,0,16671.6,24564.0,40,15.041
2026-06-09T07:35:17.607044+00:00,scheduler,0,0,16671.6,24564.0,40,15.181
2026-06-09T07:35:22.607594+00:00,scheduler,0,0,16671.6,24564.0,39,15.165
2026-06-09T07:35:27.608379+00:00,scheduler,0,0,16671.6,24564.0,39,15.069
2026-06-09T07:35:32.608882+00:00,scheduler,0,0,16671.6,24564.0,39,14.951
2026-06-09T07:35:37.610525+00:00,scheduler,0,0,16671.6,24564.0,39,14.839
2026-06-09T07:35:42.611104+00:00,scheduler,0,0,16671.6,24564.0,39,14.699
2026-06-09T07:35:47.612673+00:00,scheduler,0,100,17793.6,24564.0,60,448.521
2026-06-09T07:35:52.615846+00:00,scheduler,0,91,16775.6,24564.0,47,303.22
2026-06-09T07:35:57.616339+00:00,scheduler,0,0,16775.6,24564.0,45,54.055
2026-06-09T07:36:02.616885+00:00,scheduler,0,0,16775.6,24564.0,44,53.028
2026-06-09T07:36:07.617492+00:00,scheduler,0,0,16775.6,24564.0,44,52.764
2026-06-09T07:36:12.618021+00:00,scheduler,0,0,16775.6,24564.0,42,15.715
2026-06-09T07:36:17.625638+00:00,scheduler,0,0,16775.6,24564.0,42,15.478
2026-06-09T07:36:22.628291+00:00,scheduler,0,0,16775.6,24564.0,42,15.389
2026-06-09T07:36:27.630806+00:00,scheduler,0,0,16775.6,24564.0,41,15.017
2026-06-09T07:36:32.631421+00:00,scheduler,0,0,16775.6,24564.0,41,14.898
2026-06-09T07:36:37.633176+00:00,scheduler,0,0,16775.6,24564.0,41,14.823
2026-06-09T07:36:42.633712+00:00,scheduler,0,0,16775.6,24564.0,41,14.92
2026-06-09T07:36:47.634142+00:00,scheduler,0,0,16775.6,24564.0,40,15.219
2026-06-09T07:36:52.634565+00:00,scheduler,0,0,16775.6,24564.0,40,14.827
2026-06-09T07:36:57.634978+00:00,scheduler,0,7,16775.6,24564.0,41,15.865
2026-06-09T07:37:02.635349+00:00,scheduler,0,8,16775.6,24564.0,42,53.874
2026-06-09T07:37:07.635768+00:00,scheduler,0,93,7423.6,24564.0,42,54.221
2026-06-09T07:37:12.636188+00:00,scheduler,0,2,4761.6,24564.0,42,52.81
2026-06-09T07:37:17.636754+00:00,scheduler,0,2,6013.6,24564.0,42,53.159
2026-06-09T07:37:22.674233+00:00,scheduler,0,1,12589.6,24564.0,42,52.181
2026-06-09T07:37:27.778359+00:00,scheduler,0,1,13453.6,24564.0,42,52.579
2026-06-09T07:37:32.780563+00:00,scheduler,0,1,14389.6,24564.0,42,52.74
2026-06-09T07:37:37.786333+00:00,scheduler,0,1,15325.6,24564.0,42,52.171
2026-06-09T07:37:42.786839+00:00,scheduler,0,1,16099.6,24564.0,42,52.518
2026-06-09T07:37:47.788747+00:00,scheduler,0,2,16749.6,24564.0,42,52.569
2026-06-09T07:37:52.789181+00:00,scheduler,0,0,16773.6,24564.0,42,52.455
2026-06-09T07:37:57.789719+00:00,scheduler,0,0,16773.6,24564.0,42,51.94
2026-06-09T07:38:02.790166+00:00,scheduler,0,0,16773.6,24564.0,42,52.353
2026-06-09T07:38:07.790566+00:00,scheduler,0,0,16773.6,24564.0,41,17.067
2026-06-09T07:38:12.790981+00:00,scheduler,0,0,16773.6,24564.0,41,15.148
2026-06-09T07:38:17.791455+00:00,scheduler,0,0,16773.6,24564.0,40,15.342
2026-06-09T07:38:22.792848+00:00,scheduler,0,0,16773.6,24564.0,40,15.288
2026-06-09T07:38:27.793506+00:00,scheduler,0,0,16797.6,24564.0,41,20.914
2026-06-09T07:38:32.793971+00:00,scheduler,0,100,17715.6,24564.0,61,450.217
2026-06-09T07:38:37.798804+00:00,scheduler,0,100,17715.6,24564.0,62,448.702
2026-06-09T07:38:42.805768+00:00,scheduler,0,100,17715.6,24564.0,63,448.163
2026-06-09T07:38:47.813357+00:00,scheduler,0,100,17715.6,24564.0,65,448.769
2026-06-09T07:38:52.819905+00:00,scheduler,0,0,20121.6,24564.0,50,60.91
2026-06-09T07:38:57.828592+00:00,scheduler,0,0,20121.6,24564.0,48,54.469
2026-06-09T07:39:02.834947+00:00,scheduler,0,0,16773.6,24564.0,48,55.206
2026-06-09T07:39:07.836343+00:00,scheduler,0,0,16773.6,24564.0,46,41.985
2026-06-09T07:39:12.836856+00:00,scheduler,0,0,16773.6,24564.0,45,16.482
2026-06-09T07:39:17.837457+00:00,scheduler,0,0,16773.6,24564.0,44,16.45
2026-06-09T07:39:22.838567+00:00,scheduler,0,0,16773.6,24564.0,44,15.867
2026-06-09T07:39:27.839972+00:00,scheduler,0,0,16773.6,24564.0,43,15.542
2026-06-09T07:39:32.840564+00:00,scheduler,0,0,16773.6,24564.0,43,15.341
2026-06-09T07:39:37.841127+00:00,scheduler,0,0,16773.6,24564.0,42,15.337
2026-06-09T07:39:42.844384+00:00,scheduler,0,0,16773.6,24564.0,42,15.34
2026-06-09T07:39:47.847273+00:00,scheduler,0,0,16773.6,24564.0,42,15.086
2026-06-09T07:39:52.849151+00:00,scheduler,0,0,16773.6,24564.0,41,15.182
2026-06-09T07:39:57.849640+00:00,scheduler,0,1,16773.6,24564.0,42,26.815
2026-06-09T07:40:02.850100+00:00,scheduler,0,1,16773.6,24564.0,42,53.419
2026-06-09T07:40:07.851434+00:00,scheduler,0,1,16773.6,24564.0,42,53.185
2026-06-09T07:40:12.852053+00:00,scheduler,0,1,16773.6,24564.0,42,52.831
2026-06-09T07:40:17.853568+00:00,scheduler,0,1,16773.6,24564.0,42,53.083
2026-06-09T07:40:22.854080+00:00,scheduler,0,2,16773.6,24564.0,42,52.983
2026-06-09T07:40:27.854465+00:00,scheduler,0,1,16773.6,24564.0,42,53.335
2026-06-09T07:40:32.855500+00:00,scheduler,0,1,16773.6,24564.0,42,53.201
2026-06-09T07:40:37.856010+00:00,scheduler,0,1,16773.6,24564.0,42,52.92
2026-06-09T07:40:42.863421+00:00,scheduler,0,1,16773.6,24564.0,42,53.495
2026-06-09T07:40:47.866966+00:00,scheduler,0,1,16773.6,24564.0,42,53.392
2026-06-09T07:40:52.872007+00:00,scheduler,0,1,16773.6,24564.0,42,52.94
2026-06-09T07:40:57.872472+00:00,scheduler,0,1,16773.6,24564.0,42,53.145
2026-06-09T07:41:02.878626+00:00,scheduler,0,0,16773.6,24564.0,42,53.165
2026-06-09T07:41:07.880666+00:00,scheduler,0,0,16773.6,24564.0,42,52.528
2026-06-09T07:41:12.881527+00:00,scheduler,0,0,16773.6,24564.0,42,52.399
2026-06-09T07:41:17.897391+00:00,scheduler,0,0,1487.6,24564.0,43,63.457
2026-06-09T07:41:22.925231+00:00,scheduler,0,0,1487.6,24564.0,41,18.761
2026-06-09T07:41:27.926488+00:00,scheduler,0,0,1487.6,24564.0,41,15.492
2026-06-09T07:41:32.927011+00:00,scheduler,0,0,1487.6,24564.0,41,15.214
2026-06-09T07:41:37.929789+00:00,scheduler,0,0,1487.6,24564.0,40,15.217
2026-06-09T07:41:42.930323+00:00,scheduler,0,0,1487.6,24564.0,40,14.984
2026-06-09T07:41:47.931653+00:00,scheduler,0,0,1487.6,24564.0,40,15.079
2026-06-09T07:41:52.932055+00:00,scheduler,0,0,1487.6,24564.0,40,15.001
2026-06-09T07:41:57.933736+00:00,scheduler,0,0,1487.6,24564.0,40,15.052
2026-06-09T07:42:02.935104+00:00,scheduler,0,0,1487.6,24564.0,40,14.676
2026-06-09T07:42:07.936842+00:00,scheduler,0,0,1487.6,24564.0,40,14.575
2026-06-09T07:42:12.938474+00:00,scheduler,0,0,1487.6,24564.0,40,15.104
2026-06-09T07:42:17.939737+00:00,scheduler,0,0,1487.6,24564.0,39,14.871
2026-06-09T07:42:22.940911+00:00,scheduler,0,0,1487.6,24564.0,39,14.721
2026-06-09T07:42:27.941448+00:00,scheduler,0,0,1487.6,24564.0,39,14.842
2026-06-09T07:42:32.945092+00:00,scheduler,0,0,1487.6,24564.0,39,14.965
2026-06-09T07:42:37.946828+00:00,scheduler,0,0,1487.6,24564.0,39,14.838
2026-06-09T07:42:42.948800+00:00,scheduler,0,0,1487.6,24564.0,39,14.945
2026-06-09T07:42:47.950107+00:00,scheduler,0,0,1487.6,24564.0,39,14.813
2026-06-09T07:42:52.951711+00:00,scheduler,0,0,1487.6,24564.0,39,15.004
2026-06-09T07:42:57.953551+00:00,scheduler,0,0,1487.6,24564.0,39,14.725
2026-06-09T07:43:02.954133+00:00,scheduler,0,0,1487.6,24564.0,39,14.733
2026-06-09T07:43:07.955641+00:00,scheduler,0,0,1487.6,24564.0,39,15.246
2026-06-09T07:43:12.957019+00:00,scheduler,0,0,1487.6,24564.0,39,15.266
2026-06-09T07:43:17.957547+00:00,scheduler,0,29,16773.6,24564.0,40,54.148
2026-06-09T07:43:22.958593+00:00,scheduler,0,0,16773.6,24564.0,40,52.044
2026-06-09T07:43:27.959708+00:00,scheduler,0,0,16773.6,24564.0,41,52.067
2026-06-09T07:43:32.961873+00:00,scheduler,0,0,16773.6,24564.0,41,52.138
2026-06-09T07:43:37.962349+00:00,scheduler,0,0,16773.6,24564.0,40,23.659
2026-06-09T07:43:42.964250+00:00,scheduler,0,0,16773.6,24564.0,39,14.81
2026-06-09T07:43:47.965433+00:00,scheduler,0,0,16773.6,24564.0,39,14.896
2026-06-09T07:43:52.965821+00:00,scheduler,0,0,16773.6,24564.0,39,15.143
2026-06-09T07:43:57.966260+00:00,scheduler,0,100,17715.6,24564.0,61,451.528
2026-06-09T07:44:02.966634+00:00,scheduler,0,100,17715.6,24564.0,62,449.574
2026-06-09T07:44:07.967042+00:00,scheduler,0,0,16773.6,24564.0,45,53.678
2026-06-09T07:44:12.968349+00:00,scheduler,0,0,16773.6,24564.0,44,53.24
2026-06-09T07:44:17.970364+00:00,scheduler,0,0,16773.6,24564.0,44,53.655
2026-06-09T07:44:22.972335+00:00,scheduler,0,0,16773.6,24564.0,43,37.412
2026-06-09T07:44:27.972741+00:00,scheduler,0,0,16773.6,24564.0,42,15.807
2026-06-09T07:44:32.973287+00:00,scheduler,0,0,16773.6,24564.0,42,15.051
2026-06-09T07:44:37.975955+00:00,scheduler,0,0,16773.6,24564.0,41,15.227
2026-06-09T07:44:42.976402+00:00,scheduler,0,0,16773.6,24564.0,41,15.575
2026-06-09T07:44:47.976833+00:00,scheduler,0,0,16773.6,24564.0,41,15.0
2026-06-09T07:44:52.977276+00:00,scheduler,0,0,16773.6,24564.0,41,15.541
2026-06-09T07:44:57.977670+00:00,scheduler,0,0,16773.6,24564.0,41,15.449
2026-06-09T07:45:02.978215+00:00,scheduler,0,0,16773.6,24564.0,40,15.274
2026-06-09T07:45:07.978622+00:00,scheduler,0,0,16773.6,24564.0,40,15.263
2026-06-09T07:45:12.980396+00:00,scheduler,0,0,16773.6,24564.0,40,15.367
2026-06-09T07:45:17.980867+00:00,scheduler,0,0,16773.6,24564.0,40,15.347
2026-06-09T07:45:22.981345+00:00,scheduler,0,0,16773.6,24564.0,40,15.143
2026-06-09T07:45:27.982899+00:00,scheduler,0,0,16773.6,24564.0,40,14.797
2026-06-09T07:45:32.983374+00:00,scheduler,0,0,16773.6,24564.0,40,15.105
2026-06-09T07:45:37.984950+00:00,scheduler,0,0,16773.6,24564.0,39,14.959
2026-06-09T07:45:42.985609+00:00,scheduler,0,0,16773.6,24564.0,39,15.102
2026-06-09T07:45:47.986126+00:00,scheduler,0,0,16773.6,24564.0,39,15.195
2026-06-09T07:45:52.988926+00:00,scheduler,0,0,16773.6,24564.0,39,14.687
2026-06-09T07:45:57.989492+00:00,scheduler,0,7,16773.6,24564.0,41,52.851
2026-06-09T07:46:02.989888+00:00,scheduler,0,21,1487.6,24564.0,41,53.424
2026-06-09T07:46:07.990328+00:00,scheduler,0,1,2725.6,24564.0,41,52.987
2026-06-09T07:46:12.990694+00:00,scheduler,0,1,4121.6,24564.0,41,53.495
2026-06-09T07:46:17.991880+00:00,scheduler,0,1,6741.6,24564.0,41,52.745
2026-06-09T07:46:22.992389+00:00,scheduler,0,2,10969.6,24564.0,41,52.937
2026-06-09T07:46:27.993404+00:00,scheduler,0,1,14227.6,24564.0,42,53.003
2026-06-09T07:46:32.995059+00:00,scheduler,0,0,16773.6,24564.0,42,52.722
2026-06-09T07:46:37.995582+00:00,scheduler,0,0,16773.6,24564.0,42,52.023
2026-06-09T07:46:42.996012+00:00,scheduler,0,0,16773.6,24564.0,42,52.487
2026-06-09T07:46:47.997245+00:00,scheduler,0,0,16773.6,24564.0,41,46.066
2026-06-09T07:46:52.998582+00:00,scheduler,0,0,16773.6,24564.0,40,14.702
2026-06-09T07:46:57.999007+00:00,scheduler,0,0,16773.6,24564.0,40,15.098
2026-06-09T07:47:03.000023+00:00,scheduler,0,0,16773.6,24564.0,40,14.743
2026-06-09T07:47:08.000534+00:00,scheduler,0,0,16773.6,24564.0,40,14.368
2026-06-09T07:47:13.000924+00:00,scheduler,0,0,16773.6,24564.0,40,14.432
2026-06-09T07:47:18.001312+00:00,scheduler,0,0,16773.6,24564.0,40,14.618
2026-06-09T07:47:23.001693+00:00,scheduler,0,0,16879.6,24564.0,40,14.749
2026-06-09T07:47:28.002058+00:00,scheduler,0,100,17715.6,24564.0,61,449.881
2026-06-09T07:47:33.003387+00:00,scheduler,0,100,17715.6,24564.0,62,449.46
2026-06-09T07:47:38.004827+00:00,scheduler,0,100,17715.6,24564.0,63,448.694
2026-06-09T07:47:43.005253+00:00,scheduler,0,100,20121.6,24564.0,64,448.072
2026-06-09T07:47:48.007635+00:00,scheduler,0,0,16773.6,24564.0,49,54.69
2026-06-09T07:47:53.008155+00:00,scheduler,0,0,16773.6,24564.0,48,54.66
2026-06-09T07:47:58.008586+00:00,scheduler,0,0,16773.6,24564.0,47,54.217
2026-06-09T07:48:03.009876+00:00,scheduler,0,0,16773.6,24564.0,46,17.779
2026-06-09T07:48:08.010968+00:00,scheduler,0,0,16773.6,24564.0,45,16.033
2026-06-09T07:48:13.011374+00:00,scheduler,0,0,16773.6,24564.0,44,15.734
2026-06-09T07:48:18.012817+00:00,scheduler,0,0,16773.6,24564.0,44,15.705
2026-06-09T07:48:23.013526+00:00,scheduler,0,0,16773.6,24564.0,43,15.636
2026-06-09T07:48:28.014109+00:00,scheduler,0,0,16773.6,24564.0,43,15.47
2026-06-09T07:48:33.015458+00:00,scheduler,0,0,16773.6,24564.0,42,15.345
2026-06-09T07:48:38.018254+00:00,scheduler,0,0,16773.6,24564.0,42,15.51
2026-06-09T07:48:43.020714+00:00,scheduler,0,0,16773.6,24564.0,42,15.031
2026-06-09T07:48:48.021275+00:00,scheduler,0,0,16773.6,24564.0,41,14.969
2026-06-09T07:48:53.024220+00:00,scheduler,0,0,16773.6,24564.0,41,14.971
2026-06-09T07:48:58.026935+00:00,scheduler,0,0,16773.6,24564.0,41,15.063
2026-06-09T07:49:03.028619+00:00,scheduler,0,9,16773.6,24564.0,42,53.041
2026-06-09T07:49:08.031091+00:00,scheduler,0,7,16773.6,24564.0,42,52.814
2026-06-09T07:49:13.031532+00:00,scheduler,0,1,16773.6,24564.0,42,52.226
2026-06-09T07:49:18.032094+00:00,scheduler,0,0,16773.6,24564.0,42,52.753
2026-06-09T07:49:23.033389+00:00,scheduler,0,0,16773.6,24564.0,42,52.81
2026-06-09T07:49:28.033834+00:00,scheduler,0,0,1487.6,24564.0,43,66.527
2026-06-09T07:49:33.034271+00:00,scheduler,0,0,1487.6,24564.0,42,52.433
2026-06-09T07:49:38.034772+00:00,scheduler,0,0,1487.6,24564.0,42,52.182
2026-06-09T07:49:43.036713+00:00,scheduler,0,0,1487.6,24564.0,41,41.996
2026-06-09T07:49:48.038235+00:00,scheduler,0,0,1487.6,24564.0,41,15.013
2026-06-09T07:49:53.040335+00:00,scheduler,0,0,1487.6,24564.0,40,14.706
2026-06-09T07:49:58.041971+00:00,scheduler,0,0,1487.6,24564.0,40,14.958
2026-06-09T07:50:03.042518+00:00,scheduler,0,0,1487.6,24564.0,40,15.016
2026-06-09T07:50:08.042965+00:00,scheduler,0,0,1487.6,24564.0,40,14.9
2026-06-09T07:50:13.051048+00:00,scheduler,0,0,1487.6,24564.0,40,14.711
2026-06-09T07:50:18.051617+00:00,scheduler,0,0,1487.6,24564.0,40,14.525
2026-06-09T07:50:23.052148+00:00,scheduler,0,0,1487.6,24564.0,40,14.817
2026-06-09T07:50:28.052738+00:00,scheduler,0,0,1487.6,24564.0,39,15.168
2026-06-09T07:50:33.053356+00:00,scheduler,0,0,1487.6,24564.0,39,14.945
2026-06-09T07:50:38.056826+00:00,scheduler,0,0,1487.6,24564.0,39,14.842
2026-06-09T07:50:43.058093+00:00,scheduler,0,4,3501.6,24564.0,40,52.761
2026-06-09T07:50:48.060884+00:00,scheduler,0,15,8157.6,24564.0,41,52.118
2026-06-09T07:50:53.062371+00:00,scheduler,0,10,16027.6,24564.0,41,52.035
2026-06-09T07:50:58.063023+00:00,scheduler,0,0,16773.6,24564.0,41,52.636
2026-06-09T07:51:03.064438+00:00,scheduler,0,0,16773.6,24564.0,41,52.413
2026-06-09T07:51:08.064872+00:00,scheduler,0,0,16773.6,24564.0,41,52.371
2026-06-09T07:51:13.065427+00:00,scheduler,0,0,16773.6,24564.0,41,52.088
2026-06-09T07:51:18.065801+00:00,scheduler,0,0,16773.6,24564.0,40,15.151
2026-06-09T07:51:23.066328+00:00,scheduler,0,0,16899.6,24564.0,40,14.742
2026-06-09T07:51:28.067932+00:00,scheduler,0,100,17797.6,24564.0,60,448.451
2026-06-09T07:51:33.068473+00:00,scheduler,0,0,17359.6,24564.0,47,94.115
2026-06-09T07:51:38.068875+00:00,scheduler,0,0,16773.6,24564.0,45,52.463
2026-06-09T07:51:43.069375+00:00,scheduler,0,0,16773.6,24564.0,44,52.535
2026-06-09T07:51:48.069782+00:00,scheduler,0,0,16773.6,24564.0,44,52.816
2026-06-09T07:51:53.070190+00:00,scheduler,0,0,16773.6,24564.0,42,15.693
2026-06-09T07:51:58.070634+00:00,scheduler,0,0,16773.6,24564.0,42,15.674
2026-06-09T07:52:03.071154+00:00,scheduler,0,0,16773.6,24564.0,42,15.462
2026-06-09T07:52:08.072403+00:00,scheduler,0,0,16773.6,24564.0,41,15.651
2026-06-09T07:52:13.073694+00:00,scheduler,0,0,16773.6,24564.0,41,14.979
2026-06-09T07:52:18.074131+00:00,scheduler,0,0,16773.6,24564.0,41,15.016
2026-06-09T07:52:23.075452+00:00,scheduler,0,0,16773.6,24564.0,41,15.239
2026-06-09T07:52:28.077353+00:00,scheduler,0,0,16773.6,24564.0,40,15.254
2026-06-09T07:52:33.077943+00:00,scheduler,0,0,16773.6,24564.0,40,15.05
2026-06-09T07:52:38.078476+00:00,scheduler,0,1,16773.6,24564.0,41,52.766
2026-06-09T07:52:43.078992+00:00,scheduler,0,5,16773.6,24564.0,42,52.819
2026-06-09T07:52:48.080744+00:00,scheduler,0,0,16773.6,24564.0,42,52.926
2026-06-09T07:52:53.081238+00:00,scheduler,0,1,16773.6,24564.0,42,53.009
2026-06-09T07:52:58.081749+00:00,scheduler,0,0,16773.6,24564.0,42,52.604
2026-06-09T07:53:03.082282+00:00,scheduler,0,3,3065.6,24564.0,42,53.696
2026-06-09T07:53:08.082724+00:00,scheduler,0,0,5673.6,24564.0,42,53.184
2026-06-09T07:53:13.084006+00:00,scheduler,0,13,12517.6,24564.0,42,53.651
2026-06-09T07:53:18.085115+00:00,scheduler,0,1,13453.6,24564.0,42,52.738
2026-06-09T07:53:23.085704+00:00,scheduler,0,1,14155.6,24564.0,42,53.315
2026-06-09T07:53:28.086893+00:00,scheduler,0,0,16773.6,24564.0,42,52.791
2026-06-09T07:53:33.087410+00:00,scheduler,0,0,16773.6,24564.0,42,52.638
2026-06-09T07:53:38.087815+00:00,scheduler,0,0,16773.6,24564.0,42,52.726
2026-06-09T07:53:43.088208+00:00,scheduler,0,0,16773.6,24564.0,41,43.982
2026-06-09T07:53:48.088824+00:00,scheduler,0,0,16773.6,24564.0,41,15.409
2026-06-09T07:53:53.089354+00:00,scheduler,0,3,17795.6,24564.0,43,47.365
2026-06-09T07:53:58.089830+00:00,scheduler,0,100,17797.6,24564.0,61,448.865
2026-06-09T07:54:03.090278+00:00,scheduler,0,100,17797.6,24564.0,62,448.366
2026-06-09T07:54:08.091646+00:00,scheduler,0,100,17797.6,24564.0,64,449.252
2026-06-09T07:54:13.092122+00:00,scheduler,0,100,20203.6,24564.0,64,448.454
2026-06-09T07:54:18.092596+00:00,scheduler,0,0,16773.6,24564.0,49,56.543
2026-06-09T07:54:23.093027+00:00,scheduler,0,0,16773.6,24564.0,48,54.891
2026-06-09T07:54:28.093494+00:00,scheduler,0,0,16773.6,24564.0,47,54.644
2026-06-09T07:54:33.093930+00:00,scheduler,0,0,16773.6,24564.0,46,17.144
2026-06-09T07:54:38.094390+00:00,scheduler,0,0,16773.6,24564.0,45,16.33
2026-06-09T07:54:43.095431+00:00,scheduler,0,0,16773.6,24564.0,44,15.764
2026-06-09T07:54:48.095883+00:00,scheduler,0,0,16773.6,24564.0,43,15.78
2026-06-09T07:54:53.096401+00:00,scheduler,0,0,16773.6,24564.0,43,15.743
2026-06-09T07:54:58.096806+00:00,scheduler,0,0,16773.6,24564.0,42,15.661
2026-06-09T07:55:03.098061+00:00,scheduler,0,0,16773.6,24564.0,42,15.619
2026-06-09T07:55:08.099752+00:00,scheduler,0,0,16773.6,24564.0,42,15.506
2026-06-09T07:55:13.101775+00:00,scheduler,0,0,16773.6,24564.0,41,15.292
2026-06-09T07:55:18.103533+00:00,scheduler,0,0,16773.6,24564.0,41,15.634
2026-06-09T07:55:23.104092+00:00,scheduler,0,0,16773.6,24564.0,41,14.98
2026-06-09T07:55:28.104761+00:00,scheduler,0,0,16773.6,24564.0,41,15.06
2026-06-09T07:55:33.105364+00:00,scheduler,0,0,16773.6,24564.0,40,14.897
2026-06-09T07:55:38.105889+00:00,scheduler,0,0,16773.6,24564.0,40,14.665
2026-06-09T07:55:43.106396+00:00,scheduler,0,0,16773.6,24564.0,40,14.377
2026-06-09T07:55:48.106780+00:00,scheduler,0,0,16773.6,24564.0,41,52.589
2026-06-09T07:55:53.107169+00:00,scheduler,0,1,16773.6,24564.0,41,52.924
2026-06-09T07:55:58.108275+00:00,scheduler,0,0,16773.6,24564.0,42,52.878
2026-06-09T07:56:03.110281+00:00,scheduler,0,5,16773.6,24564.0,42,52.648
2026-06-09T07:56:08.110651+00:00,scheduler,0,8,16773.6,24564.0,42,53.047
2026-06-09T07:56:13.111048+00:00,scheduler,0,5,16773.6,24564.0,42,52.802
2026-06-09T07:56:18.111464+00:00,scheduler,0,7,16773.6,24564.0,42,53.6
2026-06-09T07:56:23.111836+00:00,scheduler,0,0,1487.6,24564.0,42,63.34
2026-06-09T07:56:28.112288+00:00,scheduler,0,0,1487.6,24564.0,42,52.45
2026-06-09T07:56:33.112806+00:00,scheduler,0,0,1487.6,24564.0,42,52.406
2026-06-09T07:56:38.113369+00:00,scheduler,0,0,1487.6,24564.0,42,52.197
2026-06-09T07:56:43.114141+00:00,scheduler,0,0,1487.6,24564.0,40,14.916
2026-06-09T07:56:48.115996+00:00,scheduler,0,0,1487.6,24564.0,40,14.643
2026-06-09T07:56:53.117456+00:00,scheduler,0,0,1487.6,24564.0,40,15.07
2026-06-09T07:56:58.118794+00:00,scheduler,0,0,1487.6,24564.0,40,15.051
2026-06-09T07:57:03.119175+00:00,scheduler,0,0,1487.6,24564.0,40,15.036
2026-06-09T07:57:08.121117+00:00,scheduler,0,0,1487.6,24564.0,40,15.009
2026-06-09T07:57:13.121525+00:00,scheduler,0,27,6837.6,24564.0,41,29.706
2026-06-09T07:57:18.121949+00:00,scheduler,0,2,15091.6,24564.0,41,52.313
2026-06-09T07:57:23.122431+00:00,scheduler,0,1,16261.6,24564.0,41,52.468
2026-06-09T07:57:28.122817+00:00,scheduler,0,0,16773.6,24564.0,41,52.332
2026-06-09T07:57:33.123408+00:00,scheduler,0,0,16773.6,24564.0,41,52.299
2026-06-09T07:57:38.123976+00:00,scheduler,0,0,16773.6,24564.0,42,52.599
2026-06-09T07:57:43.124413+00:00,scheduler,0,0,16773.6,24564.0,42,52.263
2026-06-09T07:57:48.124805+00:00,scheduler,0,0,16773.6,24564.0,40,15.31
2026-06-09T07:57:53.125254+00:00,scheduler,0,0,16773.6,24564.0,40,15.19
2026-06-09T07:57:58.125785+00:00,scheduler,0,0,16773.6,24564.0,40,15.201
2026-06-09T07:58:03.126411+00:00,scheduler,0,0,17713.6,24564.0,40,14.805
2026-06-09T07:58:08.126859+00:00,scheduler,0,100,17715.6,24564.0,62,450.908
2026-06-09T07:58:13.127263+00:00,scheduler,0,0,16773.6,24564.0,46,67.79
2026-06-09T07:58:18.127639+00:00,scheduler,0,0,16773.6,24564.0,45,52.929
2026-06-09T07:58:23.128226+00:00,scheduler,0,0,16773.6,24564.0,44,53.042
2026-06-09T07:58:28.128684+00:00,scheduler,0,0,16773.6,24564.0,43,47.173
2026-06-09T07:58:33.129113+00:00,scheduler,0,0,16773.6,24564.0,42,15.765
2026-06-09T07:58:38.129539+00:00,scheduler,0,0,16773.6,24564.0,42,15.22
2026-06-09T07:58:43.129901+00:00,scheduler,0,0,16773.6,24564.0,42,15.012
2026-06-09T07:58:48.130320+00:00,scheduler,0,0,16773.6,24564.0,41,15.004
2026-06-09T07:58:53.130834+00:00,scheduler,0,0,16773.6,24564.0,41,15.43
2026-06-09T07:58:58.131617+00:00,scheduler,0,0,16773.6,24564.0,41,15.594
2026-06-09T07:59:03.132093+00:00,scheduler,0,0,16773.6,24564.0,41,15.484
2026-06-09T07:59:08.132549+00:00,scheduler,0,0,16773.6,24564.0,40,15.297
2026-06-09T07:59:13.132978+00:00,scheduler,0,0,16773.6,24564.0,40,15.395
2026-06-09T07:59:18.133575+00:00,scheduler,0,0,16773.6,24564.0,40,15.538
2026-06-09T07:59:23.134032+00:00,scheduler,0,0,16773.6,24564.0,40,15.331
2026-06-09T07:59:28.134657+00:00,scheduler,0,8,16773.6,24564.0,41,26.494
2026-06-09T07:59:33.136283+00:00,scheduler,0,7,16773.6,24564.0,41,52.941
2026-06-09T07:59:38.136903+00:00,scheduler,0,0,1487.6,24564.0,42,63.491
2026-06-09T07:59:43.137488+00:00,scheduler,0,2,7089.6,24564.0,42,52.634
2026-06-09T07:59:48.138027+00:00,scheduler,0,2,8341.6,24564.0,42,53.232
2026-06-09T07:59:53.139194+00:00,scheduler,0,1,10735.6,24564.0,42,52.813
2026-06-09T07:59:58.139705+00:00,scheduler,0,2,11833.6,24564.0,42,52.694
2026-06-09T08:00:03.140117+00:00,scheduler,0,0,13453.6,24564.0,42,53.157
2026-06-09T08:00:08.140576+00:00,scheduler,0,1,15091.6,24564.0,42,52.885
2026-06-09T08:00:13.141144+00:00,scheduler,0,2,16567.6,24564.0,42,53.049
2026-06-09T08:00:18.142203+00:00,scheduler,0,0,16773.6,24564.0,42,52.585
2026-06-09T08:00:23.142662+00:00,scheduler,0,0,16773.6,24564.0,42,53.16
2026-06-09T08:00:28.144537+00:00,scheduler,0,0,16773.6,24564.0,42,52.837
2026-06-09T08:00:33.144920+00:00,scheduler,0,0,16773.6,24564.0,42,51.269
2026-06-09T08:00:38.145337+00:00,scheduler,0,0,16773.6,24564.0,41,15.291
2026-06-09T08:00:43.145767+00:00,scheduler,0,0,16773.6,24564.0,40,15.456
2026-06-09T08:00:48.146192+00:00,scheduler,0,0,16773.6,24564.0,40,15.216
2026-06-09T08:00:53.147542+00:00,scheduler,0,100,17715.6,24564.0,60,393.038
2026-06-09T08:00:58.147879+00:00,scheduler,0,100,17715.6,24564.0,61,448.548
2026-06-09T08:01:03.148251+00:00,scheduler,0,100,17715.6,24564.0,63,449.446
2026-06-09T08:01:08.148647+00:00,scheduler,0,100,17715.6,24564.0,64,448.89
2026-06-09T08:01:13.149107+00:00,scheduler,0,0,16773.6,24564.0,52,115.915
2026-06-09T08:01:18.149600+00:00,scheduler,0,0,16773.6,24564.0,49,54.867
2026-06-09T08:01:23.150092+00:00,scheduler,0,0,16773.6,24564.0,48,54.727
2026-06-09T08:01:28.150637+00:00,scheduler,0,0,16773.6,24564.0,47,54.725
2026-06-09T08:01:33.151058+00:00,scheduler,0,0,16773.6,24564.0,45,16.072
2026-06-09T08:01:38.151505+00:00,scheduler,0,0,16773.6,24564.0,45,15.872
2026-06-09T08:01:43.151918+00:00,scheduler,0,0,16773.6,24564.0,44,15.659
2026-06-09T08:01:48.152372+00:00,scheduler,0,0,16773.6,24564.0,43,15.583
2026-06-09T08:01:53.152804+00:00,scheduler,0,0,16773.6,24564.0,43,15.423
2026-06-09T08:01:58.153248+00:00,scheduler,0,0,16773.6,24564.0,42,15.292
2026-06-09T08:02:03.153648+00:00,scheduler,0,0,16773.6,24564.0,42,15.428
2026-06-09T08:02:08.154159+00:00,scheduler,0,0,16773.6,24564.0,42,15.109
2026-06-09T08:02:13.154610+00:00,scheduler,0,0,16773.6,24564.0,41,15.037
2026-06-09T08:02:18.154984+00:00,scheduler,0,0,16773.6,24564.0,41,15.083
2026-06-09T08:02:23.155379+00:00,scheduler,0,0,16773.6,24564.0,41,14.903
2026-06-09T08:02:28.155865+00:00,scheduler,0,0,16773.6,24564.0,41,14.823
2026-06-09T08:02:33.156299+00:00,scheduler,0,7,16773.6,24564.0,42,52.855
2026-06-09T08:02:38.156771+00:00,scheduler,0,7,16773.6,24564.0,42,52.939
2026-06-09T08:02:43.157121+00:00,scheduler,0,0,1487.6,24564.0,42,52.41
2026-06-09T08:02:48.157505+00:00,scheduler,0,0,1487.6,24564.0,42,51.864
2026-06-09T08:02:53.158031+00:00,scheduler,0,0,1487.6,24564.0,42,52.257
2026-06-09T08:02:58.158695+00:00,scheduler,0,0,1487.6,24564.0,41,16.441
2026-06-09T08:03:03.159136+00:00,scheduler,0,0,1487.6,24564.0,40,15.348
2026-06-09T08:03:08.159530+00:00,scheduler,0,0,1487.6,24564.0,40,15.256
2026-06-09T08:03:13.159921+00:00,scheduler,0,0,1487.6,24564.0,40,15.077
2026-06-09T08:03:18.160361+00:00,scheduler,0,0,1487.6,24564.0,40,14.97
2026-06-09T08:03:23.160785+00:00,scheduler,0,0,1487.6,24564.0,40,15.18
2026-06-09T08:03:28.161273+00:00,scheduler,0,0,1487.6,24564.0,40,14.942
2026-06-09T08:03:33.161806+00:00,scheduler,0,0,1487.6,24564.0,39,14.644
2026-06-09T08:03:38.162340+00:00,scheduler,0,0,1487.6,24564.0,39,15.158
2026-06-09T08:03:43.162804+00:00,scheduler,0,0,1487.6,24564.0,39,14.995
2026-06-09T08:03:48.163209+00:00,scheduler,0,0,1487.6,24564.0,39,14.467
2026-06-09T08:03:53.163584+00:00,scheduler,0,0,1487.6,24564.0,39,14.172
2026-06-09T08:03:58.163951+00:00,scheduler,0,0,1487.6,24564.0,39,14.117
2026-06-09T08:04:03.164325+00:00,scheduler,0,0,1487.6,24564.0,39,14.005
2026-06-09T08:04:08.164755+00:00,scheduler,0,0,1487.6,24564.0,39,14.102
2026-06-09T08:04:13.165864+00:00,scheduler,0,0,1487.6,24564.0,39,14.458
2026-06-09T08:04:18.166257+00:00,scheduler,0,0,1487.6,24564.0,39,14.319
2026-06-09T08:04:23.166731+00:00,scheduler,0,0,1487.6,24564.0,39,14.471
2026-06-09T08:04:28.167268+00:00,scheduler,0,0,1487.6,24564.0,39,14.318
2026-06-09T08:04:33.167666+00:00,scheduler,0,0,1487.6,24564.0,39,14.356
2026-06-09T08:04:38.168084+00:00,scheduler,0,0,1487.6,24564.0,39,14.435
2026-06-09T08:04:43.168528+00:00,scheduler,0,0,1487.6,24564.0,39,14.306
2026-06-09T08:04:48.169246+00:00,scheduler,0,0,1487.6,24564.0,39,14.391
2026-06-09T08:04:53.169705+00:00,scheduler,0,0,1487.6,24564.0,39,14.91
2026-06-09T08:04:58.170106+00:00,scheduler,0,0,1487.6,24564.0,39,14.413
2026-06-09T08:05:03.170551+00:00,scheduler,0,0,1487.6,24564.0,39,14.462
2026-06-09T08:05:08.170989+00:00,scheduler,0,0,1487.6,24564.0,39,14.912
2026-06-09T08:05:13.171565+00:00,scheduler,0,0,1487.6,24564.0,38,14.626
2026-06-09T08:05:18.172150+00:00,scheduler,0,0,1487.6,24564.0,38,14.58
2026-06-09T08:05:23.172581+00:00,scheduler,0,0,1487.6,24564.0,38,14.692
2026-06-09T08:05:28.172983+00:00,scheduler,0,0,1487.6,24564.0,38,14.616
2026-06-09T08:05:33.173435+00:00,scheduler,0,0,1487.6,24564.0,38,14.58
2026-06-09T08:05:38.173825+00:00,scheduler,0,0,1487.6,24564.0,38,14.61
2026-06-09T08:05:43.174224+00:00,scheduler,0,1,3781.6,24564.0,40,52.163
2026-06-09T08:05:48.174586+00:00,scheduler,0,1,5537.6,24564.0,40,51.754
2026-06-09T08:05:53.175019+00:00,scheduler,0,2,6837.6,24564.0,40,52.592
2026-06-09T08:05:58.175581+00:00,scheduler,0,2,8273.6,24564.0,41,52.757
2026-06-09T08:06:03.175948+00:00,scheduler,0,2,10951.6,24564.0,41,52.431
2026-06-09T08:06:08.176379+00:00,scheduler,0,1,12517.6,24564.0,41,52.479
2026-06-09T08:06:13.176954+00:00,scheduler,0,1,13453.6,24564.0,41,52.596
2026-06-09T08:06:18.177428+00:00,scheduler,0,1,14155.6,24564.0,41,52.757
2026-06-09T08:06:23.177970+00:00,scheduler,0,1,14857.6,24564.0,41,53.246
2026-06-09T08:06:28.178432+00:00,scheduler,0,0,16773.6,24564.0,41,53.137
2026-06-09T08:06:33.179776+00:00,scheduler,0,0,16773.6,24564.0,42,52.904
2026-06-09T08:06:38.180236+00:00,scheduler,0,0,16773.6,24564.0,42,52.788
2026-06-09T08:06:43.180668+00:00,scheduler,0,0,16773.6,24564.0,42,52.629
2026-06-09T08:06:48.181121+00:00,scheduler,0,0,16773.6,24564.0,40,15.378
2026-06-09T08:06:53.181591+00:00,scheduler,0,0,16773.6,24564.0,40,15.445
2026-06-09T08:06:58.182107+00:00,scheduler,0,0,16773.6,24564.0,40,15.43
2026-06-09T08:07:03.182589+00:00,scheduler,0,0,16773.6,24564.0,40,15.098
2026-06-09T08:07:08.183110+00:00,scheduler,0,0,16773.6,24564.0,40,14.865
2026-06-09T08:07:13.183653+00:00,scheduler,0,63,17797.6,24564.0,42,64.139
2026-06-09T08:07:18.184079+00:00,scheduler,0,100,17797.6,24564.0,60,448.478
2026-06-09T08:07:23.184561+00:00,scheduler,0,0,20203.6,24564.0,46,63.969
2026-06-09T08:07:28.185433+00:00,scheduler,0,0,16773.6,24564.0,44,53.145
2026-06-09T08:07:33.185912+00:00,scheduler,0,0,16773.6,24564.0,44,53.028
2026-06-09T08:07:38.186795+00:00,scheduler,0,0,16773.6,24564.0,43,48.761
2026-06-09T08:07:43.188105+00:00,scheduler,0,0,16773.6,24564.0,42,14.814
2026-06-09T08:07:48.188482+00:00,scheduler,0,0,16773.6,24564.0,42,14.68
2026-06-09T08:07:53.188832+00:00,scheduler,0,0,16773.6,24564.0,42,14.067
2026-06-09T08:07:58.189242+00:00,scheduler,0,0,16773.6,24564.0,41,14.776
2026-06-09T08:08:03.189628+00:00,scheduler,0,0,16773.6,24564.0,41,15.127
2026-06-09T08:08:08.189999+00:00,scheduler,0,0,16773.6,24564.0,41,14.856
2026-06-09T08:08:13.190368+00:00,scheduler,0,0,16773.6,24564.0,41,14.798
2026-06-09T08:08:18.190742+00:00,scheduler,0,0,16773.6,24564.0,41,14.745
2026-06-09T08:08:23.191258+00:00,scheduler,0,0,16773.6,24564.0,40,14.801
2026-06-09T08:08:28.192120+00:00,scheduler,0,0,16773.6,24564.0,40,14.448
2026-06-09T08:08:33.192635+00:00,scheduler,0,0,16773.6,24564.0,40,14.55
2026-06-09T08:08:38.193143+00:00,scheduler,0,0,16773.6,24564.0,40,14.279
2026-06-09T08:08:43.193568+00:00,scheduler,0,0,16773.6,24564.0,40,14.397
2026-06-09T08:08:48.193981+00:00,scheduler,0,0,16773.6,24564.0,40,14.403
2026-06-09T08:08:53.194472+00:00,scheduler,0,0,16773.6,24564.0,40,14.326
2026-06-09T08:08:58.194977+00:00,scheduler,0,5,16773.6,24564.0,41,52.339
2026-06-09T08:09:03.195506+00:00,scheduler,0,5,16773.6,24564.0,41,52.799
2026-06-09T08:09:08.196010+00:00,scheduler,0,1,16773.6,24564.0,41,52.174
2026-06-09T08:09:13.196538+00:00,scheduler,0,1,16773.6,24564.0,41,52.234
2026-06-09T08:09:18.197079+00:00,scheduler,0,1,16773.6,24564.0,41,52.298
2026-06-09T08:09:23.197543+00:00,scheduler,0,41,1487.6,24564.0,42,56.695
2026-06-09T08:09:28.197906+00:00,scheduler,0,1,6789.6,24564.0,42,52.267
2026-06-09T08:09:33.198311+00:00,scheduler,0,4,14857.6,24564.0,42,52.999
2026-06-09T08:09:38.198688+00:00,scheduler,0,0,16773.6,24564.0,42,52.165
2026-06-09T08:09:43.199119+00:00,scheduler,0,0,16773.6,24564.0,42,52.424
2026-06-09T08:09:48.199555+00:00,scheduler,0,0,16773.6,24564.0,42,52.474
2026-06-09T08:09:53.200054+00:00,scheduler,0,0,16773.6,24564.0,41,30.373
2026-06-09T08:09:58.200674+00:00,scheduler,0,0,16773.6,24564.0,40,14.766
2026-06-09T08:10:03.201139+00:00,scheduler,0,100,17797.6,24564.0,60,446.777
2026-06-09T08:10:08.201554+00:00,scheduler,0,100,17797.6,24564.0,61,447.825
2026-06-09T08:10:13.201966+00:00,scheduler,0,100,17797.6,24564.0,64,448.603
2026-06-09T08:10:18.202399+00:00,scheduler,0,100,17797.6,24564.0,65,449.325
2026-06-09T08:10:23.202798+00:00,scheduler,0,0,16773.6,24564.0,51,67.722
2026-06-09T08:10:28.203240+00:00,scheduler,0,0,16773.6,24564.0,49,54.969
2026-06-09T08:10:33.203635+00:00,scheduler,0,0,16773.6,24564.0,48,54.522
2026-06-09T08:10:38.204107+00:00,scheduler,0,0,16773.6,24564.0,47,54.358
2026-06-09T08:10:43.204590+00:00,scheduler,0,0,16773.6,24564.0,45,16.292
2026-06-09T08:10:48.205034+00:00,scheduler,0,0,16773.6,24564.0,45,16.094
2026-06-09T08:10:53.205504+00:00,scheduler,0,0,16773.6,24564.0,44,15.645
2026-06-09T08:10:58.205927+00:00,scheduler,0,0,16773.6,24564.0,43,15.645
2026-06-09T08:11:03.206343+00:00,scheduler,0,0,16773.6,24564.0,43,15.769
2026-06-09T08:11:08.206756+00:00,scheduler,0,0,16773.6,24564.0,43,15.269
2026-06-09T08:11:13.207163+00:00,scheduler,0,0,16773.6,24564.0,42,14.903
2026-06-09T08:11:18.207584+00:00,scheduler,0,0,16773.6,24564.0,42,15.184
2026-06-09T08:11:23.208101+00:00,scheduler,0,0,16773.6,24564.0,43,52.882
2026-06-09T08:11:28.208493+00:00,scheduler,0,7,16773.6,24564.0,43,53.837
2026-06-09T08:11:33.208870+00:00,scheduler,0,0,16773.6,24564.0,43,53.065
2026-06-09T08:11:38.209317+00:00,scheduler,0,1,16773.6,24564.0,43,52.491
2026-06-09T08:11:43.209797+00:00,scheduler,0,7,16773.6,24564.0,43,53.323
2026-06-09T08:11:48.210256+00:00,scheduler,0,0,1487.6,24564.0,43,51.821
2026-06-09T08:11:53.210747+00:00,scheduler,0,0,1487.6,24564.0,43,51.98
2026-06-09T08:11:58.211309+00:00,scheduler,0,0,1487.6,24564.0,43,52.061
2026-06-09T08:12:03.211783+00:00,scheduler,0,0,1487.6,24564.0,41,15.428
2026-06-09T08:12:08.212332+00:00,scheduler,0,0,1487.6,24564.0,41,14.66
2026-06-09T08:12:13.214294+00:00,scheduler,0,0,1487.6,24564.0,41,14.676
2026-06-09T08:12:18.214799+00:00,scheduler,0,0,1487.6,24564.0,40,14.248
2026-06-09T08:12:23.215336+00:00,scheduler,0,0,1487.6,24564.0,40,14.57
2026-06-09T08:12:28.215725+00:00,scheduler,0,0,1487.6,24564.0,40,14.619
2026-06-09T08:12:33.216104+00:00,scheduler,0,0,1487.6,24564.0,40,15.006
2026-06-09T08:12:38.216468+00:00,scheduler,0,0,1487.6,24564.0,40,14.936
2026-06-09T08:12:43.216847+00:00,scheduler,0,0,1487.6,24564.0,40,14.662
2026-06-09T08:12:48.217279+00:00,scheduler,0,0,1487.6,24564.0,40,15.209
2026-06-09T08:12:53.217667+00:00,scheduler,0,0,1487.6,24564.0,40,15.159
2026-06-09T08:12:58.218052+00:00,scheduler,0,0,1487.6,24564.0,39,15.112
2026-06-09T08:13:03.218447+00:00,scheduler,0,0,1487.6,24564.0,39,14.825
2026-06-09T08:13:08.218808+00:00,scheduler,0,0,1487.6,24564.0,39,14.75
2026-06-09T08:13:13.219240+00:00,scheduler,0,1,2229.6,24564.0,40,52.584
2026-06-09T08:13:18.219643+00:00,scheduler,0,0,13687.6,24564.0,41,53.137
2026-06-09T08:13:23.220046+00:00,scheduler,0,0,16773.6,24564.0,41,52.805
2026-06-09T08:13:28.220471+00:00,scheduler,0,0,16773.6,24564.0,41,52.424
2026-06-09T08:13:33.220973+00:00,scheduler,0,0,16773.6,24564.0,41,52.619
2026-06-09T08:13:38.221818+00:00,scheduler,0,0,16773.6,24564.0,40,15.284
2026-06-09T08:13:43.222597+00:00,scheduler,0,0,16773.6,24564.0,40,14.87
2026-06-09T08:13:48.223006+00:00,scheduler,0,0,16773.6,24564.0,40,14.96
2026-06-09T08:13:53.223418+00:00,scheduler,0,0,17849.6,24564.0,48,58.297
2026-06-09T08:13:58.223787+00:00,scheduler,0,100,17851.6,24564.0,61,448.402
2026-06-09T08:14:03.224169+00:00,scheduler,0,0,16773.6,24564.0,46,66.94
2026-06-09T08:14:08.224669+00:00,scheduler,0,0,16773.6,24564.0,44,52.455
2026-06-09T08:14:13.225134+00:00,scheduler,0,0,16773.6,24564.0,44,52.9
2026-06-09T08:14:18.225626+00:00,scheduler,0,0,16773.6,24564.0,43,44.361
2026-06-09T08:14:23.226025+00:00,scheduler,0,0,16773.6,24564.0,42,15.647
2026-06-09T08:14:28.226574+00:00,scheduler,0,0,16773.6,24564.0,42,15.744
2026-06-09T08:14:33.227135+00:00,scheduler,0,0,16773.6,24564.0,42,15.86
2026-06-09T08:14:38.227658+00:00,scheduler,0,0,16773.6,24564.0,42,15.556
2026-06-09T08:14:43.228189+00:00,scheduler,0,0,16773.6,24564.0,41,15.634
2026-06-09T08:14:48.228715+00:00,scheduler,0,0,16773.6,24564.0,41,15.596
2026-06-09T08:14:53.229288+00:00,scheduler,0,8,16773.6,24564.0,42,53.591
2026-06-09T08:14:58.229786+00:00,scheduler,0,7,16773.6,24564.0,42,53.199
2026-06-09T08:15:03.230412+00:00,scheduler,0,0,2229.6,24564.0,43,52.888
2026-06-09T08:15:08.230938+00:00,scheduler,0,0,2957.6,24564.0,42,53.023
2026-06-09T08:15:13.231514+00:00,scheduler,0,2,4169.6,24564.0,42,52.897
2026-06-09T08:15:18.232106+00:00,scheduler,0,2,5945.6,24564.0,42,53.5
2026-06-09T08:15:23.232744+00:00,scheduler,0,2,7293.6,24564.0,42,52.489
2026-06-09T08:15:28.233282+00:00,scheduler,0,2,8825.6,24564.0,42,53.382
2026-06-09T08:15:33.233789+00:00,scheduler,0,2,10951.6,24564.0,42,53.608
2026-06-09T08:15:38.234243+00:00,scheduler,0,1,12589.6,24564.0,42,52.617
2026-06-09T08:15:43.234723+00:00,scheduler,0,1,13453.6,24564.0,42,52.769
2026-06-09T08:15:48.235147+00:00,scheduler,0,1,15865.6,24564.0,43,53.175
2026-06-09T08:15:53.235673+00:00,scheduler,0,0,16567.6,24564.0,43,52.969
2026-06-09T08:15:58.236132+00:00,scheduler,0,0,16773.6,24564.0,43,52.778
2026-06-09T08:16:03.236570+00:00,scheduler,0,0,16773.6,24564.0,42,53.364
2026-06-09T08:16:08.237026+00:00,scheduler,0,0,16773.6,24564.0,43,53.036
2026-06-09T08:16:13.237646+00:00,scheduler,0,0,16773.6,24564.0,42,43.753
2026-06-09T08:16:18.238171+00:00,scheduler,0,0,16773.6,24564.0,41,15.708
2026-06-09T08:16:23.238618+00:00,scheduler,0,0,16773.6,24564.0,41,15.706
2026-06-09T08:16:28.239032+00:00,scheduler,0,0,16773.6,24564.0,40,15.633
2026-06-09T08:16:33.239514+00:00,scheduler,0,0,16773.6,24564.0,40,15.544
2026-06-09T08:16:38.239960+00:00,scheduler,0,0,16773.6,24564.0,40,15.794
2026-06-09T08:16:43.240439+00:00,scheduler,0,100,17851.6,24564.0,61,356.931
2026-06-09T08:16:48.240943+00:00,scheduler,0,100,17851.6,24564.0,61,449.319
2026-06-09T08:16:53.241362+00:00,scheduler,0,100,17851.6,24564.0,63,449.66
2026-06-09T08:16:58.241745+00:00,scheduler,0,100,17851.6,24564.0,64,448.9
2026-06-09T08:17:03.242149+00:00,scheduler,0,12,20257.6,24564.0,52,240.58
2026-06-09T08:17:08.242536+00:00,scheduler,0,0,16773.6,24564.0,49,54.777
2026-06-09T08:17:13.242996+00:00,scheduler,0,0,16773.6,24564.0,48,54.367
2026-06-09T08:17:18.243525+00:00,scheduler,0,0,16773.6,24564.0,47,54.371
2026-06-09T08:17:23.244040+00:00,scheduler,0,0,16773.6,24564.0,45,17.088
2026-06-09T08:17:28.244598+00:00,scheduler,0,0,16773.6,24564.0,45,16.487
2026-06-09T08:17:33.245157+00:00,scheduler,0,0,16773.6,24564.0,44,16.232
2026-06-09T08:17:38.245707+00:00,scheduler,0,0,16773.6,24564.0,43,16.356
2026-06-09T08:17:43.246298+00:00,scheduler,0,0,16773.6,24564.0,43,16.166
2026-06-09T08:17:48.246814+00:00,scheduler,0,0,16773.6,24564.0,43,15.735
2026-06-09T08:17:53.247260+00:00,scheduler,0,9,16773.6,24564.0,44,53.779
2026-06-09T08:17:58.247626+00:00,scheduler,0,8,16773.6,24564.0,43,53.528
2026-06-09T08:18:03.248024+00:00,scheduler,0,1,16773.6,24564.0,43,53.088
2026-06-09T08:18:08.248419+00:00,scheduler,0,0,1487.6,24564.0,44,68.162
2026-06-09T08:18:13.248803+00:00,scheduler,0,0,1487.6,24564.0,43,52.299
2026-06-09T08:18:18.249220+00:00,scheduler,0,0,1487.6,24564.0,43,52.384
2026-06-09T08:18:23.249633+00:00,scheduler,0,0,1487.6,24564.0,43,52.65
2026-06-09T08:18:28.250052+00:00,scheduler,0,0,1487.6,24564.0,41,15.422
2026-06-09T08:18:33.250457+00:00,scheduler,0,0,1487.6,24564.0,41,15.726
2026-06-09T08:18:38.250883+00:00,scheduler,0,0,1487.6,24564.0,41,15.684
2026-06-09T08:18:43.251330+00:00,scheduler,0,0,1487.6,24564.0,41,15.696
2026-06-09T08:18:48.253416+00:00,scheduler,0,0,1487.6,24564.0,41,15.267
2026-06-09T08:18:53.253840+00:00,scheduler,0,0,1487.6,24564.0,40,15.071
2026-06-09T08:18:58.254265+00:00,scheduler,0,0,1487.6,24564.0,40,14.931
2026-06-09T08:19:03.254682+00:00,scheduler,0,0,1487.6,24564.0,40,15.46
2026-06-09T08:19:08.255095+00:00,scheduler,0,0,1487.6,24564.0,40,15.139
2026-06-09T08:19:13.255487+00:00,scheduler,0,0,1487.6,24564.0,40,15.276
2026-06-09T08:19:18.255865+00:00,scheduler,0,0,1487.6,24564.0,40,15.024
2026-06-09T08:19:23.256307+00:00,scheduler,0,0,1487.6,24564.0,39,15.31
2026-06-09T08:19:28.256717+00:00,scheduler,0,0,1487.6,24564.0,39,14.728
2026-06-09T08:19:33.257141+00:00,scheduler,0,0,1487.6,24564.0,39,15.266
2026-06-09T08:19:38.257555+00:00,scheduler,0,0,1487.6,24564.0,39,15.098
2026-06-09T08:19:43.258045+00:00,scheduler,0,0,1487.6,24564.0,39,15.146
2026-06-09T08:19:48.258512+00:00,scheduler,0,0,1487.6,24564.0,39,15.038
2026-06-09T08:19:53.259000+00:00,scheduler,0,0,1487.6,24564.0,39,15.259
2026-06-09T08:19:58.259525+00:00,scheduler,0,0,1487.6,24564.0,39,14.697
2026-06-09T08:20:03.260374+00:00,scheduler,0,0,1487.6,24564.0,39,14.748
2026-06-09T08:20:08.260793+00:00,scheduler,0,8,13291.6,24564.0,40,53.518
2026-06-09T08:20:13.261233+00:00,scheduler,0,1,16603.6,24564.0,41,53.227
2026-06-09T08:20:18.261797+00:00,scheduler,0,0,16773.6,24564.0,41,52.229
2026-06-09T08:20:23.262483+00:00,scheduler,0,0,16773.6,24564.0,41,52.797
2026-06-09T08:20:28.262972+00:00,scheduler,0,0,16773.6,24564.0,41,52.4
2026-06-09T08:20:33.263430+00:00,scheduler,0,0,16773.6,24564.0,40,17.607
2026-06-09T08:20:38.263901+00:00,scheduler,0,0,16773.6,24564.0,40,15.126
2026-06-09T08:20:43.264528+00:00,scheduler,0,0,16773.6,24564.0,39,15.748
2026-06-09T08:20:48.265096+00:00,scheduler,0,0,16773.6,24564.0,39,15.372
2026-06-09T08:20:53.265530+00:00,scheduler,0,0,16773.6,24564.0,39,15.359
2026-06-09T08:20:58.265972+00:00,scheduler,0,0,16773.6,24564.0,39,15.132
2026-06-09T08:21:03.266386+00:00,scheduler,0,100,17797.6,24564.0,59,448.23
2026-06-09T08:21:08.266769+00:00,scheduler,0,100,20203.6,24564.0,61,449.264
2026-06-09T08:21:13.267295+00:00,scheduler,0,0,16773.6,24564.0,44,52.929
2026-06-09T08:21:18.267754+00:00,scheduler,0,0,16773.6,24564.0,44,52.479
2026-06-09T08:21:23.268160+00:00,scheduler,0,0,16773.6,24564.0,44,52.493
2026-06-09T08:21:28.268571+00:00,scheduler,0,0,16773.6,24564.0,42,16.497
2026-06-09T08:21:33.269013+00:00,scheduler,0,0,16773.6,24564.0,42,15.315
2026-06-09T08:21:38.269475+00:00,scheduler,0,0,16773.6,24564.0,42,15.499
2026-06-09T08:21:43.269964+00:00,scheduler,0,0,16773.6,24564.0,41,15.652
2026-06-09T08:21:48.270716+00:00,scheduler,0,0,16773.6,24564.0,41,15.719
2026-06-09T08:21:53.271279+00:00,scheduler,0,0,16773.6,24564.0,41,15.374
2026-06-09T08:21:58.271797+00:00,scheduler,0,0,16773.6,24564.0,41,15.284
2026-06-09T08:22:03.272223+00:00,scheduler,0,0,16773.6,24564.0,41,15.111
2026-06-09T08:22:08.272639+00:00,scheduler,0,0,16773.6,24564.0,42,52.629
2026-06-09T08:22:13.273162+00:00,scheduler,0,0,16773.6,24564.0,42,53.156
2026-06-09T08:22:18.273840+00:00,scheduler,0,0,16773.6,24564.0,42,52.142
2026-06-09T08:22:23.274238+00:00,scheduler,0,0,16773.6,24564.0,42,52.336
2026-06-09T08:22:28.274689+00:00,scheduler,0,0,16773.6,24564.0,42,52.393
2026-06-09T08:22:33.275221+00:00,scheduler,0,0,16773.6,24564.0,42,52.239
2026-06-09T08:22:38.275662+00:00,scheduler,0,0,16773.6,24564.0,42,52.533
2026-06-09T08:22:43.276194+00:00,scheduler,0,0,16773.6,24564.0,42,52.609
2026-06-09T08:22:48.276603+00:00,scheduler,0,0,16773.6,24564.0,42,52.771
2026-06-09T08:22:53.277022+00:00,scheduler,0,0,16773.6,24564.0,42,53.171
2026-06-09T08:22:58.277474+00:00,scheduler,0,0,16773.6,24564.0,42,52.8
2026-06-09T08:23:03.277901+00:00,scheduler,0,5,16773.6,24564.0,42,52.997
2026-06-09T08:23:08.278354+00:00,scheduler,0,1,16773.6,24564.0,42,52.973
2026-06-09T08:23:13.278742+00:00,scheduler,0,95,1487.6,24564.0,43,61.604
2026-06-09T08:23:18.279142+00:00,scheduler,0,0,1487.6,24564.0,42,52.415
2026-06-09T08:23:23.282454+00:00,scheduler,0,0,1487.6,24564.0,42,52.507
2026-06-09T08:23:28.283678+00:00,scheduler,0,0,1487.6,24564.0,42,52.696
2026-06-09T08:23:33.284108+00:00,scheduler,0,0,1487.6,24564.0,41,15.719
2026-06-09T08:23:38.284515+00:00,scheduler,0,0,1487.6,24564.0,41,15.376
2026-06-09T08:23:43.284938+00:00,scheduler,0,0,1487.6,24564.0,40,15.317
2026-06-09T08:23:48.285887+00:00,scheduler,0,0,1487.6,24564.0,40,15.292
2026-06-09T08:23:53.286412+00:00,scheduler,0,0,1487.6,24564.0,40,15.566
2026-06-09T08:23:58.286816+00:00,scheduler,0,0,1487.6,24564.0,40,15.544
2026-06-09T08:24:03.287246+00:00,scheduler,0,0,1487.6,24564.0,40,15.384
2026-06-09T08:24:08.288747+00:00,scheduler,0,0,1487.6,24564.0,40,15.1
2026-06-09T08:24:13.289159+00:00,scheduler,0,0,1487.6,24564.0,40,15.335
2026-06-09T08:24:18.290693+00:00,scheduler,0,0,1487.6,24564.0,40,15.626
2026-06-09T08:24:23.291176+00:00,scheduler,0,0,1487.6,24564.0,39,15.515
2026-06-09T08:24:28.291526+00:00,scheduler,0,0,1487.6,24564.0,39,15.243
2026-06-09T08:24:33.291890+00:00,scheduler,0,0,1487.6,24564.0,39,15.442
2026-06-09T08:24:38.292459+00:00,scheduler,0,0,1487.6,24564.0,39,15.312
2026-06-09T08:24:43.292970+00:00,scheduler,0,0,1487.6,24564.0,39,15.361
2026-06-09T08:24:48.295774+00:00,scheduler,0,0,1487.6,24564.0,39,15.273
2026-06-09T08:24:53.296271+00:00,scheduler,0,0,1487.6,24564.0,39,15.287
2026-06-09T08:24:58.299584+00:00,scheduler,0,0,1487.6,24564.0,39,15.587
2026-06-09T08:25:03.301297+00:00,scheduler,0,0,1487.6,24564.0,39,15.468
2026-06-09T08:25:08.301777+00:00,scheduler,0,0,1487.6,24564.0,39,15.06
2026-06-09T08:25:13.302318+00:00,scheduler,0,0,1487.6,24564.0,39,14.917
2026-06-09T08:25:18.304847+00:00,scheduler,0,0,1487.6,24564.0,39,14.927
2026-06-09T08:25:23.305422+00:00,scheduler,0,0,1487.6,24564.0,39,15.423
2026-06-09T08:25:28.306883+00:00,scheduler,0,0,1487.6,24564.0,39,15.213
2026-06-09T08:25:33.307376+00:00,scheduler,0,0,1487.6,24564.0,39,14.92
2026-06-09T08:25:38.307791+00:00,scheduler,0,22,6497.6,24564.0,40,52.506
2026-06-09T08:25:43.308241+00:00,scheduler,0,11,15325.6,24564.0,40,53.456
2026-06-09T08:25:48.309177+00:00,scheduler,0,0,16773.6,24564.0,40,52.211
2026-06-09T08:25:53.309573+00:00,scheduler,0,0,16773.6,24564.0,41,52.324
2026-06-09T08:25:58.310803+00:00,scheduler,0,0,16773.6,24564.0,41,51.798
2026-06-09T08:26:03.311219+00:00,scheduler,0,0,16773.6,24564.0,40,27.341
2026-06-09T08:26:08.311648+00:00,scheduler,0,0,16773.6,24564.0,39,14.909
2026-06-09T08:26:13.312032+00:00,scheduler,0,100,17715.6,24564.0,60,423.608
2026-06-09T08:26:18.312411+00:00,scheduler,0,100,17715.6,24564.0,61,448.152
2026-06-09T08:26:23.312807+00:00,scheduler,0,0,16773.6,24564.0,45,53.392
2026-06-09T08:26:28.314617+00:00,scheduler,0,0,16773.6,24564.0,44,52.959
2026-06-09T08:26:33.315216+00:00,scheduler,0,0,16773.6,24564.0,44,52.952
2026-06-09T08:26:38.315648+00:00,scheduler,0,0,16773.6,24564.0,43,27.194
2026-06-09T08:26:43.316163+00:00,scheduler,0,0,16773.6,24564.0,42,16.115
2026-06-09T08:26:48.316702+00:00,scheduler,0,0,16773.6,24564.0,42,15.91
2026-06-09T08:26:53.317161+00:00,scheduler,0,0,16773.6,24564.0,42,15.733
2026-06-09T08:26:58.319144+00:00,scheduler,0,0,16773.6,24564.0,41,15.463
2026-06-09T08:27:03.319613+00:00,scheduler,0,0,16773.6,24564.0,41,15.334
2026-06-09T08:27:08.320036+00:00,scheduler,0,0,16773.6,24564.0,41,15.185
2026-06-09T08:27:13.320628+00:00,scheduler,0,0,16773.6,24564.0,41,15.611
2026-06-09T08:27:18.321117+00:00,scheduler,0,0,16773.6,24564.0,42,53.038
2026-06-09T08:27:23.321573+00:00,scheduler,0,0,16773.6,24564.0,42,52.31
2026-06-09T08:27:28.321992+00:00,scheduler,0,0,16773.6,24564.0,42,52.317
2026-06-09T08:27:33.322411+00:00,scheduler,0,0,16773.6,24564.0,42,52.226
2026-06-09T08:27:38.322846+00:00,scheduler,0,0,16773.6,24564.0,42,52.385
2026-06-09T08:27:43.323246+00:00,scheduler,0,0,16773.6,24564.0,42,52.035
2026-06-09T08:27:48.323692+00:00,scheduler,0,0,16773.6,24564.0,42,52.209
2026-06-09T08:27:53.324095+00:00,scheduler,0,4,16773.6,24564.0,42,52.79
2026-06-09T08:27:58.324497+00:00,scheduler,0,5,16773.6,24564.0,42,53.117
2026-06-09T08:28:03.324997+00:00,scheduler,0,0,1487.6,24564.0,43,57.93
2026-06-09T08:28:08.325388+00:00,scheduler,0,0,3937.6,24564.0,43,52.577
2026-06-09T08:28:13.325804+00:00,scheduler,0,2,5741.6,24564.0,43,52.718
2026-06-09T08:28:18.326232+00:00,scheduler,0,2,7613.6,24564.0,43,53.297
2026-06-09T08:28:23.326719+00:00,scheduler,0,2,9961.6,24564.0,43,52.716
2026-06-09T08:28:28.327122+00:00,scheduler,0,0,12355.6,24564.0,43,52.732
2026-06-09T08:28:33.327589+00:00,scheduler,0,2,14155.6,24564.0,43,52.524
2026-06-09T08:28:38.328109+00:00,scheduler,0,2,16027.6,24564.0,43,52.918
2026-06-09T08:28:43.328622+00:00,scheduler,0,0,16773.6,24564.0,43,52.557
2026-06-09T08:28:48.329113+00:00,scheduler,0,0,16773.6,24564.0,43,52.014
2026-06-09T08:28:53.329500+00:00,scheduler,0,0,16773.6,24564.0,43,52.505
2026-06-09T08:28:58.329929+00:00,scheduler,0,0,16773.6,24564.0,43,52.174
2026-06-09T08:29:03.330452+00:00,scheduler,0,0,16773.6,24564.0,41,15.102
2026-06-09T08:29:08.331128+00:00,scheduler,0,0,16773.6,24564.0,41,14.889
2026-06-09T08:29:13.331674+00:00,scheduler,0,0,16773.6,24564.0,41,14.638
2026-06-09T08:29:18.332111+00:00,scheduler,0,100,17797.6,24564.0,61,298.353
2026-06-09T08:29:23.332480+00:00,scheduler,0,100,17797.6,24564.0,62,449.331
2026-06-09T08:29:28.332874+00:00,scheduler,0,100,17797.6,24564.0,63,449.41
2026-06-09T08:29:33.333316+00:00,scheduler,0,100,17797.6,24564.0,64,448.656
2026-06-09T08:29:38.333700+00:00,scheduler,0,0,20203.6,24564.0,52,192.044
2026-06-09T08:29:43.334138+00:00,scheduler,0,0,16773.6,24564.0,49,54.967
2026-06-09T08:29:48.334680+00:00,scheduler,0,0,16773.6,24564.0,48,54.65
2026-06-09T08:29:53.335526+00:00,scheduler,0,0,16773.6,24564.0,48,54.491
2026-06-09T08:29:58.335976+00:00,scheduler,0,0,16773.6,24564.0,46,16.463
2026-06-09T08:30:03.336521+00:00,scheduler,0,0,16773.6,24564.0,45,16.162
2026-06-09T08:30:08.337043+00:00,scheduler,0,0,16773.6,24564.0,44,15.851
2026-06-09T08:30:13.337521+00:00,scheduler,0,0,16773.6,24564.0,44,15.817
2026-06-09T08:30:18.338119+00:00,scheduler,0,0,16773.6,24564.0,43,15.472
2026-06-09T08:30:23.338613+00:00,scheduler,0,0,16773.6,24564.0,43,15.262
2026-06-09T08:30:28.338981+00:00,scheduler,0,0,16773.6,24564.0,42,14.581
2026-06-09T08:30:33.339420+00:00,scheduler,0,0,16773.6,24564.0,42,14.605
2026-06-09T08:30:38.339840+00:00,scheduler,0,0,16773.6,24564.0,42,14.658
2026-06-09T08:30:43.340276+00:00,scheduler,0,7,16773.6,24564.0,43,53.023
2026-06-09T08:30:48.340653+00:00,scheduler,0,6,16773.6,24564.0,43,53.519
2026-06-09T08:30:53.341043+00:00,scheduler,0,0,1487.6,24564.0,43,52.415
2026-06-09T08:30:58.341451+00:00,scheduler,0,0,1487.6,24564.0,43,52.567
2026-06-09T08:31:03.341856+00:00,scheduler,0,0,1487.6,24564.0,43,52.517
2026-06-09T08:31:08.342257+00:00,scheduler,0,0,1487.6,24564.0,41,15.958
2026-06-09T08:31:13.342630+00:00,scheduler,0,0,1487.6,24564.0,41,15.148
2026-06-09T08:31:18.343263+00:00,scheduler,0,0,1487.6,24564.0,41,14.749
2026-06-09T08:31:23.344006+00:00,scheduler,0,0,1487.6,24564.0,41,14.753
2026-06-09T08:31:28.345305+00:00,scheduler,0,0,1487.6,24564.0,40,14.622
2026-06-09T08:31:33.345756+00:00,scheduler,0,0,1487.6,24564.0,40,15.022
2026-06-09T08:31:38.346326+00:00,scheduler,0,0,1487.6,24564.0,40,14.534
2026-06-09T08:31:43.346747+00:00,scheduler,0,0,1487.6,24564.0,40,14.84
2026-06-09T08:31:48.347289+00:00,scheduler,0,0,1487.6,24564.0,40,14.504
2026-06-09T08:31:53.347707+00:00,scheduler,0,0,1487.6,24564.0,40,14.059
2026-06-09T08:31:58.348118+00:00,scheduler,0,0,1487.6,24564.0,40,14.505
2026-06-09T08:32:03.348548+00:00,scheduler,0,0,1487.6,24564.0,40,14.503
2026-06-09T08:32:08.348982+00:00,scheduler,0,0,1487.6,24564.0,40,14.23
2026-06-09T08:32:13.349442+00:00,scheduler,0,0,1487.6,24564.0,39,14.398
2026-06-09T08:32:18.349857+00:00,scheduler,0,0,1487.6,24564.0,39,14.729
2026-06-09T08:32:23.350323+00:00,scheduler,0,0,1487.6,24564.0,39,14.863
2026-06-09T08:32:28.352206+00:00,scheduler,0,4,3549.6,24564.0,41,52.426
2026-06-09T08:32:33.353299+00:00,scheduler,0,2,5721.6,24564.0,41,52.535
2026-06-09T08:32:38.353821+00:00,scheduler,0,1,7333.6,24564.0,41,51.958
2026-06-09T08:32:43.354358+00:00,scheduler,0,1,8341.6,24564.0,41,52.654
2026-06-09T08:32:48.354758+00:00,scheduler,0,1,9961.6,24564.0,41,52.513
2026-06-09T08:32:53.355670+00:00,scheduler,0,12,16773.6,24564.0,42,52.842
2026-06-09T08:32:58.356819+00:00,scheduler,0,0,16773.6,24564.0,42,52.161
2026-06-09T08:33:03.358471+00:00,scheduler,0,0,16773.6,24564.0,42,52.083
2026-06-09T08:33:08.358920+00:00,scheduler,0,0,16773.6,24564.0,42,52.018
2026-06-09T08:33:13.359399+00:00,scheduler,0,0,16773.6,24564.0,41,15.802
2026-06-09T08:33:18.362135+00:00,scheduler,0,0,16773.6,24564.0,40,14.757
2026-06-09T08:33:23.364119+00:00,scheduler,0,0,16773.6,24564.0,40,14.576
2026-06-09T08:33:28.365448+00:00,scheduler,0,100,17797.6,24564.0,61,447.836
2026-06-09T08:33:33.365991+00:00,scheduler,0,100,20203.6,24564.0,61,448.832
2026-06-09T08:33:38.366585+00:00,scheduler,0,0,16773.6,24564.0,45,53.612
2026-06-09T08:33:43.367393+00:00,scheduler,0,0,16773.6,24564.0,45,52.972
2026-06-09T08:33:48.367879+00:00,scheduler,0,0,16773.6,24564.0,45,53.274
2026-06-09T08:33:53.369233+00:00,scheduler,0,0,16773.6,24564.0,43,18.074
2026-06-09T08:33:58.369666+00:00,scheduler,0,0,16773.6,24564.0,43,15.508
2026-06-09T08:34:03.371846+00:00,scheduler,0,0,16773.6,24564.0,42,15.335
2026-06-09T08:34:08.373929+00:00,scheduler,0,0,16773.6,24564.0,42,15.491
2026-06-09T08:34:13.374390+00:00,scheduler,0,0,16773.6,24564.0,42,15.35
2026-06-09T08:34:18.374975+00:00,scheduler,0,0,16773.6,24564.0,41,15.387
2026-06-09T08:34:23.376346+00:00,scheduler,0,0,16773.6,24564.0,41,14.761
2026-06-09T08:34:28.377030+00:00,scheduler,0,0,16773.6,24564.0,41,14.575
2026-06-09T08:34:33.377486+00:00,scheduler,0,0,16773.6,24564.0,41,14.647
2026-06-09T08:34:38.377905+00:00,scheduler,0,0,16773.6,24564.0,41,14.471
2026-06-09T08:34:43.378353+00:00,scheduler,0,0,16773.6,24564.0,40,14.726
2026-06-09T08:34:48.378790+00:00,scheduler,0,0,16773.6,24564.0,42,52.262
2026-06-09T08:34:53.379488+00:00,scheduler,0,0,16773.6,24564.0,42,52.475
2026-06-09T08:34:58.380485+00:00,scheduler,0,0,16773.6,24564.0,42,52.32
2026-06-09T08:35:03.381288+00:00,scheduler,0,0,16773.6,24564.0,42,52.799
2026-06-09T08:35:08.381701+00:00,scheduler,0,1,16773.6,24564.0,42,52.91
2026-06-09T08:35:13.382212+00:00,scheduler,0,0,16773.6,24564.0,42,52.706
2026-06-09T08:35:18.383231+00:00,scheduler,0,0,16773.6,24564.0,42,52.972
2026-06-09T08:35:23.383607+00:00,scheduler,0,1,16773.6,24564.0,42,52.621
2026-06-09T08:35:28.383987+00:00,scheduler,0,0,16773.6,24564.0,42,52.671
2026-06-09T08:35:33.384488+00:00,scheduler,0,0,4169.6,24564.0,42,52.716
2026-06-09T08:35:38.385025+00:00,scheduler,0,2,12355.6,24564.0,42,52.613
2026-06-09T08:35:43.386435+00:00,scheduler,0,2,14461.6,24564.0,42,52.99
2026-06-09T08:35:48.386791+00:00,scheduler,0,0,16773.6,24564.0,42,52.672
2026-06-09T08:35:53.388032+00:00,scheduler,0,0,16773.6,24564.0,42,52.647
2026-06-09T08:35:58.388418+00:00,scheduler,0,0,16773.6,24564.0,42,52.309
2026-06-09T08:36:03.388771+00:00,scheduler,0,0,16773.6,24564.0,42,52.506
2026-06-09T08:36:08.389132+00:00,scheduler,0,0,16773.6,24564.0,41,14.826
2026-06-09T08:36:13.390395+00:00,scheduler,0,0,16773.6,24564.0,41,14.563
2026-06-09T08:36:18.391861+00:00,scheduler,0,0,16773.6,24564.0,41,14.79
2026-06-09T08:36:23.392227+00:00,scheduler,0,41,17797.6,24564.0,61,151.145
2026-06-09T08:36:28.392557+00:00,scheduler,0,100,17797.6,24564.0,62,449.104
2026-06-09T08:36:33.392930+00:00,scheduler,0,100,17797.6,24564.0,62,448.237
2026-06-09T08:36:38.410134+00:00,scheduler,0,100,17797.6,24564.0,63,449.111
2026-06-09T08:36:43.411710+00:00,scheduler,0,100,20203.6,24564.0,53,320.533
2026-06-09T08:36:48.414689+00:00,scheduler,0,0,16773.6,24564.0,49,55.181
2026-06-09T08:36:53.415940+00:00,scheduler,0,0,16773.6,24564.0,48,54.926
2026-06-09T08:36:58.420338+00:00,scheduler,0,0,16773.6,24564.0,48,54.599
2026-06-09T08:37:03.422802+00:00,scheduler,0,0,16773.6,24564.0,46,16.028
2026-06-09T08:37:08.423211+00:00,scheduler,0,0,16773.6,24564.0,45,15.752
2026-06-09T08:37:13.423729+00:00,scheduler,0,0,16773.6,24564.0,44,15.492
2026-06-09T08:37:18.424263+00:00,scheduler,0,0,16773.6,24564.0,44,15.633
2026-06-09T08:37:23.426300+00:00,scheduler,0,0,16773.6,24564.0,43,15.199
2026-06-09T08:37:28.426882+00:00,scheduler,0,0,16773.6,24564.0,43,15.06
2026-06-09T08:37:33.427427+00:00,scheduler,0,0,16773.6,24564.0,42,14.807
2026-06-09T08:37:38.428986+00:00,scheduler,0,0,16773.6,24564.0,42,14.931
2026-06-09T08:37:43.430549+00:00,scheduler,0,0,16773.6,24564.0,42,15.252
2026-06-09T08:37:48.431086+00:00,scheduler,0,0,16773.6,24564.0,41,14.936
2026-06-09T08:37:53.431560+00:00,scheduler,0,0,16773.6,24564.0,41,14.77
2026-06-09T08:37:58.433306+00:00,scheduler,0,0,16773.6,24564.0,41,15.026
2026-06-09T08:38:03.433763+00:00,scheduler,0,0,16773.6,24564.0,41,14.982
2026-06-09T08:38:08.434259+00:00,scheduler,0,5,16773.6,24564.0,42,52.397
2026-06-09T08:38:13.434635+00:00,scheduler,0,0,16773.6,24564.0,42,52.965
2026-06-09T08:38:18.435738+00:00,scheduler,0,4,16773.6,24564.0,42,52.429
2026-06-09T08:38:23.436124+00:00,scheduler,0,1,16773.6,24564.0,42,52.435
2026-06-09T08:38:28.436517+00:00,scheduler,0,0,1487.6,24564.0,43,62.92
2026-06-09T08:38:33.436899+00:00,scheduler,0,0,1487.6,24564.0,42,52.156
2026-06-09T08:38:38.437345+00:00,scheduler,0,0,1487.6,24564.0,42,52.599
2026-06-09T08:38:43.437864+00:00,scheduler,0,0,1487.6,24564.0,42,52.357
2026-06-09T08:38:48.438396+00:00,scheduler,0,0,1487.6,24564.0,41,15.129
2026-06-09T08:38:53.440599+00:00,scheduler,0,0,1487.6,24564.0,41,14.676
2026-06-09T08:38:58.442202+00:00,scheduler,0,0,1487.6,24564.0,40,14.839
2026-06-09T08:39:03.442621+00:00,scheduler,0,0,1487.6,24564.0,40,14.867
2026-06-09T08:39:08.443123+00:00,scheduler,0,0,1487.6,24564.0,40,14.237
2026-06-09T08:39:13.443650+00:00,scheduler,0,0,1487.6,24564.0,40,14.361
2026-06-09T08:39:18.444114+00:00,scheduler,0,0,1487.6,24564.0,40,14.062
2026-06-09T08:39:23.445649+00:00,scheduler,0,0,1487.6,24564.0,40,14.152
2026-06-09T08:39:28.447449+00:00,scheduler,0,0,1487.6,24564.0,40,14.54
2026-06-09T08:39:33.447988+00:00,scheduler,0,0,1487.6,24564.0,40,14.454
2026-06-09T08:39:38.448538+00:00,scheduler,0,0,1487.6,24564.0,39,14.825
2026-06-09T08:39:43.450128+00:00,scheduler,0,0,1487.6,24564.0,39,14.9
2026-06-09T08:39:48.450612+00:00,scheduler,0,0,1487.6,24564.0,39,14.788
2026-06-09T08:39:53.451025+00:00,scheduler,0,0,1487.6,24564.0,39,14.648
2026-06-09T08:39:58.451433+00:00,scheduler,0,0,1487.6,24564.0,39,14.36
2026-06-09T08:40:03.451826+00:00,scheduler,0,0,1487.6,24564.0,39,14.671
2026-06-09T08:40:08.452205+00:00,scheduler,0,0,1487.6,24564.0,39,14.301
2026-06-09T08:40:13.452682+00:00,scheduler,0,0,1487.6,24564.0,39,14.618
2026-06-09T08:40:18.453290+00:00,scheduler,0,0,1487.6,24564.0,39,14.564
2026-06-09T08:40:23.453672+00:00,scheduler,0,0,1487.6,24564.0,39,14.937
2026-06-09T08:40:28.454051+00:00,scheduler,0,2,2229.6,24564.0,40,52.373
2026-06-09T08:40:33.454450+00:00,scheduler,0,1,4557.6,24564.0,41,53.007
2026-06-09T08:40:38.454832+00:00,scheduler,0,2,6497.6,24564.0,41,52.701
2026-06-09T08:40:43.455252+00:00,scheduler,0,0,16027.6,24564.0,41,52.589
2026-06-09T08:40:48.456558+00:00,scheduler,0,0,16773.6,24564.0,41,52.862
2026-06-09T08:40:53.456965+00:00,scheduler,0,0,16773.6,24564.0,41,52.49
2026-06-09T08:40:58.457391+00:00,scheduler,0,0,16773.6,24564.0,41,52.399
2026-06-09T08:41:03.457755+00:00,scheduler,0,0,16773.6,24564.0,41,52.388
2026-06-09T08:41:08.459019+00:00,scheduler,0,0,16773.6,24564.0,40,15.146
2026-06-09T08:41:13.459438+00:00,scheduler,0,0,16773.6,24564.0,40,15.17
2026-06-09T08:41:18.459834+00:00,scheduler,0,0,16773.6,24564.0,40,14.669
2026-06-09T08:41:23.460217+00:00,scheduler,0,0,16773.6,24564.0,40,14.66
2026-06-09T08:41:28.460614+00:00,scheduler,0,100,17797.6,24564.0,60,448.884
2026-06-09T08:41:33.461027+00:00,scheduler,0,0,16773.6,24564.0,46,68.697
2026-06-09T08:41:38.461501+00:00,scheduler,0,0,16773.6,24564.0,45,53.337
2026-06-09T08:41:43.462032+00:00,scheduler,0,0,16773.6,24564.0,44,53.091
2026-06-09T08:41:48.462555+00:00,scheduler,0,0,16773.6,24564.0,44,53.117
2026-06-09T08:41:53.463097+00:00,scheduler,0,0,16773.6,24564.0,43,15.836
2026-06-09T08:41:58.463543+00:00,scheduler,0,0,16773.6,24564.0,42,15.719
2026-06-09T08:42:03.463975+00:00,scheduler,0,0,16773.6,24564.0,42,14.988
2026-06-09T08:42:08.464438+00:00,scheduler,0,0,16773.6,24564.0,42,14.899
2026-06-09T08:42:13.464927+00:00,scheduler,0,0,16773.6,24564.0,41,14.649
2026-06-09T08:42:18.465382+00:00,scheduler,0,0,16773.6,24564.0,41,14.666
2026-06-09T08:42:23.465832+00:00,scheduler,0,0,16773.6,24564.0,41,14.92
2026-06-09T08:42:28.466341+00:00,scheduler,0,0,16773.6,24564.0,41,14.967
2026-06-09T08:42:33.466737+00:00,scheduler,0,0,16773.6,24564.0,41,14.595
2026-06-09T08:42:38.467329+00:00,scheduler,0,0,16773.6,24564.0,40,14.671
2026-06-09T08:42:43.467736+00:00,scheduler,0,0,16773.6,24564.0,40,14.46
2026-06-09T08:42:48.468261+00:00,scheduler,0,0,16773.6,24564.0,40,14.718
2026-06-09T08:42:53.468658+00:00,scheduler,0,1,16773.6,24564.0,41,52.72
2026-06-09T08:42:58.469196+00:00,scheduler,0,0,16773.6,24564.0,42,52.85
2026-06-09T08:43:03.469633+00:00,scheduler,0,0,16773.6,24564.0,42,52.71
2026-06-09T08:43:08.470102+00:00,scheduler,0,0,16773.6,24564.0,42,53.049
2026-06-09T08:43:13.470518+00:00,scheduler,0,0,16773.6,24564.0,42,52.27
2026-06-09T08:43:18.470882+00:00,scheduler,0,0,16773.6,24564.0,42,52.751
2026-06-09T08:43:23.471307+00:00,scheduler,0,0,16773.6,24564.0,42,52.697
2026-06-09T08:43:28.471685+00:00,scheduler,0,8,16773.6,24564.0,42,52.634
2026-06-09T08:43:33.472056+00:00,scheduler,0,4,16773.6,24564.0,42,52.863
2026-06-09T08:43:38.472512+00:00,scheduler,0,0,2433.6,24564.0,42,52.121
2026-06-09T08:43:43.472874+00:00,scheduler,0,24,6885.6,24564.0,42,52.794
2026-06-09T08:43:48.473264+00:00,scheduler,0,1,8865.6,24564.0,42,52.7
2026-06-09T08:43:53.473638+00:00,scheduler,0,0,9961.6,24564.0,42,52.558
2026-06-09T08:43:58.474011+00:00,scheduler,0,2,11833.6,24564.0,42,52.418
2026-06-09T08:44:03.474519+00:00,scheduler,0,2,13057.6,24564.0,42,52.682
2026-06-09T08:44:08.475017+00:00,scheduler,0,0,14155.6,24564.0,42,52.242
2026-06-09T08:44:13.475526+00:00,scheduler,0,1,14857.6,24564.0,42,52.797
2026-06-09T08:44:18.475936+00:00,scheduler,0,1,15865.6,24564.0,42,52.285
2026-06-09T08:44:23.476387+00:00,scheduler,0,1,16773.6,24564.0,43,51.475
2026-06-09T08:44:28.476912+00:00,scheduler,0,0,16773.6,24564.0,43,51.695
2026-06-09T08:44:33.477456+00:00,scheduler,0,0,16773.6,24564.0,43,51.978
2026-06-09T08:44:38.477857+00:00,scheduler,0,0,16773.6,24564.0,43,52.14
2026-06-09T08:44:43.478430+00:00,scheduler,0,0,16773.6,24564.0,41,15.458
2026-06-09T08:44:48.478838+00:00,scheduler,0,0,16773.6,24564.0,41,15.686
2026-06-09T08:44:53.479249+00:00,scheduler,0,0,16773.6,24564.0,41,15.292
2026-06-09T08:44:58.479630+00:00,scheduler,0,0,16773.6,24564.0,40,14.864
2026-06-09T08:45:03.480016+00:00,scheduler,0,0,16773.6,24564.0,40,14.852
2026-06-09T08:45:08.480455+00:00,scheduler,0,0,16773.6,24564.0,40,15.108
2026-06-09T08:45:13.480841+00:00,scheduler,0,100,17797.6,24564.0,60,448.69
2026-06-09T08:45:18.481286+00:00,scheduler,0,100,17797.6,24564.0,62,449.02
2026-06-09T08:45:23.481819+00:00,scheduler,0,100,17797.6,24564.0,63,449.376
2026-06-09T08:45:28.482337+00:00,scheduler,0,100,17797.6,24564.0,65,449.461
2026-06-09T08:45:33.482792+00:00,scheduler,0,96,16773.6,24564.0,50,64.906
2026-06-09T08:45:38.483292+00:00,scheduler,0,0,16773.6,24564.0,49,54.722
2026-06-09T08:45:43.483811+00:00,scheduler,0,0,16773.6,24564.0,48,54.571
2026-06-09T08:45:48.484229+00:00,scheduler,0,0,16773.6,24564.0,46,47.121
2026-06-09T08:45:53.484658+00:00,scheduler,0,0,16773.6,24564.0,45,15.53
2026-06-09T08:45:58.485095+00:00,scheduler,0,0,16773.6,24564.0,44,15.342
2026-06-09T08:46:03.485510+00:00,scheduler,0,0,16773.6,24564.0,44,15.225
2026-06-09T08:46:08.485971+00:00,scheduler,0,0,16773.6,24564.0,43,15.088
2026-06-09T08:46:13.486441+00:00,scheduler,0,0,16773.6,24564.0,43,14.983
2026-06-09T08:46:18.486887+00:00,scheduler,0,0,16773.6,24564.0,42,14.572
2026-06-09T08:46:23.487345+00:00,scheduler,0,0,16773.6,24564.0,42,14.498
2026-06-09T08:46:28.487804+00:00,scheduler,0,0,16773.6,24564.0,42,14.923
2026-06-09T08:46:33.488268+00:00,scheduler,0,0,16773.6,24564.0,41,14.782
2026-06-09T08:46:38.488710+00:00,scheduler,0,0,16773.6,24564.0,41,14.65
2026-06-09T08:46:43.489105+00:00,scheduler,0,0,16773.6,24564.0,41,15.007
2026-06-09T08:46:48.489514+00:00,scheduler,0,0,16773.6,24564.0,41,14.596
2026-06-09T08:46:53.489943+00:00,scheduler,0,1,16773.6,24564.0,42,51.515
2026-06-09T08:46:58.490375+00:00,scheduler,0,0,16773.6,24564.0,42,51.807
2026-06-09T08:47:03.490785+00:00,scheduler,0,0,16773.6,24564.0,42,51.673
2026-06-09T08:47:08.491334+00:00,scheduler,0,0,16773.6,24564.0,42,51.654
2026-06-09T08:47:13.491841+00:00,scheduler,0,0,16773.6,24564.0,42,52.675
2026-06-09T08:47:18.492374+00:00,scheduler,0,0,16773.6,24564.0,42,52.401
2026-06-09T08:47:23.492975+00:00,scheduler,0,0,16773.6,24564.0,42,52.107
2026-06-09T08:47:28.493529+00:00,scheduler,0,5,16773.6,24564.0,42,53.132
2026-06-09T08:47:33.494060+00:00,scheduler,0,5,16773.6,24564.0,42,52.776
2026-06-09T08:47:38.494595+00:00,scheduler,0,1,16773.6,24564.0,42,52.396
2026-06-09T08:47:43.495257+00:00,scheduler,0,1,16773.6,24564.0,42,52.58
2026-06-09T08:47:48.495821+00:00,scheduler,0,1,16773.6,24564.0,42,52.365
2026-06-09T08:47:53.496326+00:00,scheduler,0,0,1487.6,24564.0,43,63.414
2026-06-09T08:47:58.496817+00:00,scheduler,0,0,1487.6,24564.0,42,52.418
2026-06-09T08:48:03.497348+00:00,scheduler,0,0,1487.6,24564.0,42,52.364
2026-06-09T08:48:08.498728+00:00,scheduler,0,0,1487.6,24564.0,41,36.886
2026-06-09T08:48:13.499127+00:00,scheduler,0,0,1487.6,24564.0,41,14.989
2026-06-09T08:48:18.500632+00:00,scheduler,0,0,1487.6,24564.0,41,14.901
2026-06-09T08:48:23.501059+00:00,scheduler,0,0,1487.6,24564.0,40,15.205
2026-06-09T08:48:28.501652+00:00,scheduler,0,0,1487.6,24564.0,40,15.164
2026-06-09T08:48:33.502221+00:00,scheduler,0,0,1487.6,24564.0,40,14.854
2026-06-09T08:48:38.502784+00:00,scheduler,0,0,1487.6,24564.0,40,15.139
2026-06-09T08:48:43.503962+00:00,scheduler,0,0,1487.6,24564.0,40,14.704
2026-06-09T08:48:48.504560+00:00,scheduler,0,0,1487.6,24564.0,40,14.727
2026-06-09T08:48:53.505124+00:00,scheduler,0,0,1487.6,24564.0,40,15.197
2026-06-09T08:48:58.505642+00:00,scheduler,0,0,1487.6,24564.0,39,15.585
2026-06-09T08:49:03.506172+00:00,scheduler,0,0,1487.6,24564.0,39,15.017
2026-06-09T08:49:08.506676+00:00,scheduler,0,0,1487.6,24564.0,39,15.147
2026-06-09T08:49:13.507128+00:00,scheduler,0,0,1487.6,24564.0,39,14.883
2026-06-09T08:49:18.507561+00:00,scheduler,0,0,1487.6,24564.0,39,14.983
2026-06-09T08:49:23.507959+00:00,scheduler,0,0,1487.6,24564.0,39,15.044
2026-06-09T08:49:28.508401+00:00,scheduler,0,0,1487.6,24564.0,39,14.869
2026-06-09T08:49:33.508815+00:00,scheduler,0,0,1487.6,24564.0,39,14.957
2026-06-09T08:49:38.509297+00:00,scheduler,0,0,1487.6,24564.0,39,14.289
2026-06-09T08:49:43.509722+00:00,scheduler,0,0,1487.6,24564.0,39,14.928
2026-06-09T08:49:48.510137+00:00,scheduler,0,0,1487.6,24564.0,39,14.668
2026-06-09T08:49:53.510541+00:00,scheduler,0,0,1487.6,24564.0,39,14.838
2026-06-09T08:49:58.510941+00:00,scheduler,0,2,6109.6,24564.0,40,52.887
2026-06-09T08:50:03.511396+00:00,scheduler,0,29,16773.6,24564.0,41,53.734
2026-06-09T08:50:08.511878+00:00,scheduler,0,0,16773.6,24564.0,41,52.43
2026-06-09T08:50:13.512359+00:00,scheduler,0,0,16773.6,24564.0,41,52.254
2026-06-09T08:50:18.512779+00:00,scheduler,0,0,16773.6,24564.0,41,51.968
2026-06-09T08:50:23.513186+00:00,scheduler,0,0,16773.6,24564.0,40,15.279
2026-06-09T08:50:28.513580+00:00,scheduler,0,0,16773.6,24564.0,39,15.145
2026-06-09T08:50:33.513967+00:00,scheduler,0,0,16773.6,24564.0,39,15.025
2026-06-09T08:50:38.514403+00:00,scheduler,0,0,16773.6,24564.0,39,15.059
2026-06-09T08:50:43.514819+00:00,scheduler,0,0,16773.6,24564.0,39,15.026
2026-06-09T08:50:48.515268+00:00,scheduler,0,0,16773.6,24564.0,39,14.807
2026-06-09T08:50:53.515770+00:00,scheduler,0,100,17715.6,24564.0,60,451.216
2026-06-09T08:50:58.516259+00:00,scheduler,0,100,20121.6,24564.0,61,441.009
2026-06-09T08:51:03.516752+00:00,scheduler,0,0,16773.6,24564.0,45,53.364
2026-06-09T08:51:08.517308+00:00,scheduler,0,0,16773.6,24564.0,44,53.297
2026-06-09T08:51:13.517741+00:00,scheduler,0,0,16773.6,24564.0,44,53.273
2026-06-09T08:51:18.518335+00:00,scheduler,0,0,16773.6,24564.0,43,18.084
2026-06-09T08:51:23.518853+00:00,scheduler,0,0,16773.6,24564.0,42,15.621
2026-06-09T08:51:28.519427+00:00,scheduler,0,0,16773.6,24564.0,42,15.51
2026-06-09T08:51:33.519960+00:00,scheduler,0,0,16773.6,24564.0,41,15.294
2026-06-09T08:51:38.520523+00:00,scheduler,0,0,16773.6,24564.0,41,15.522
2026-06-09T08:51:43.520996+00:00,scheduler,0,0,16773.6,24564.0,41,15.269
2026-06-09T08:51:48.521529+00:00,scheduler,0,0,16773.6,24564.0,41,14.938
2026-06-09T08:51:53.522091+00:00,scheduler,0,0,16773.6,24564.0,41,14.945
2026-06-09T08:51:58.522606+00:00,scheduler,0,0,16773.6,24564.0,40,15.224
2026-06-09T08:52:03.523155+00:00,scheduler,0,0,16773.6,24564.0,40,15.006
2026-06-09T08:52:08.523719+00:00,scheduler,0,0,16773.6,24564.0,40,14.659
2026-06-09T08:52:13.524287+00:00,scheduler,0,0,16773.6,24564.0,40,15.098
2026-06-09T08:52:18.524836+00:00,scheduler,0,0,16773.6,24564.0,40,15.163
2026-06-09T08:52:23.525405+00:00,scheduler,0,0,16773.6,24564.0,40,15.359
2026-06-09T08:52:28.525944+00:00,scheduler,0,0,16773.6,24564.0,40,15.197
2026-06-09T08:52:33.526570+00:00,scheduler,0,0,16773.6,24564.0,39,15.534
2026-06-09T08:52:38.527136+00:00,scheduler,0,0,16773.6,24564.0,39,14.678
2026-06-09T08:52:43.527697+00:00,scheduler,0,0,16773.6,24564.0,39,15.078
2026-06-09T08:52:48.528287+00:00,scheduler,0,0,16773.6,24564.0,39,15.004
2026-06-09T08:52:53.528809+00:00,scheduler,0,0,16773.6,24564.0,41,52.343
2026-06-09T08:52:58.529358+00:00,scheduler,0,0,16773.6,24564.0,41,52.241
2026-06-09T08:53:03.529867+00:00,scheduler,0,0,16773.6,24564.0,41,52.327
2026-06-09T08:53:08.530418+00:00,scheduler,0,0,16773.6,24564.0,41,52.441
2026-06-09T08:53:13.530947+00:00,scheduler,0,0,16773.6,24564.0,41,52.775
2026-06-09T08:53:18.531430+00:00,scheduler,0,0,16773.6,24564.0,41,52.981
2026-06-09T08:53:23.531840+00:00,scheduler,0,0,16773.6,24564.0,41,52.174
2026-06-09T08:53:28.532306+00:00,scheduler,0,0,16773.6,24564.0,41,53.217
2026-06-09T08:53:33.532741+00:00,scheduler,0,0,16773.6,24564.0,42,53.5
2026-06-09T08:53:38.533173+00:00,scheduler,0,0,16773.6,24564.0,42,52.944
2026-06-09T08:53:43.533602+00:00,scheduler,0,0,16773.6,24564.0,42,53.383
2026-06-09T08:53:48.534015+00:00,scheduler,0,0,16773.6,24564.0,42,52.971
2026-06-09T08:53:53.534438+00:00,scheduler,0,0,16773.6,24564.0,42,52.727
2026-06-09T08:53:58.534831+00:00,scheduler,0,0,16773.6,24564.0,42,52.825
2026-06-09T08:54:03.535292+00:00,scheduler,0,0,16773.6,24564.0,42,52.743
2026-06-09T08:54:08.535692+00:00,scheduler,0,0,16773.6,24564.0,42,52.719
2026-06-09T08:54:13.536225+00:00,scheduler,0,0,16773.6,24564.0,42,52.77
2026-06-09T08:54:18.536688+00:00,scheduler,0,0,16773.6,24564.0,42,52.503
2026-06-09T08:54:23.537114+00:00,scheduler,0,8,16773.6,24564.0,42,53.193
2026-06-09T08:54:28.537543+00:00,scheduler,0,0,16773.6,24564.0,42,53.277
2026-06-09T08:54:33.538082+00:00,scheduler,0,1,16773.6,24564.0,42,53.498
2026-06-09T08:54:38.538568+00:00,scheduler,0,0,1487.6,24564.0,43,65.757
2026-06-09T08:54:43.539089+00:00,scheduler,0,1,3113.6,24564.0,43,52.865
2026-06-09T08:54:48.539478+00:00,scheduler,0,1,4413.6,24564.0,43,52.766
2026-06-09T08:54:53.539877+00:00,scheduler,0,1,7225.6,24564.0,43,52.635
2026-06-09T08:54:58.540354+00:00,scheduler,0,1,8437.6,24564.0,43,52.695
2026-06-09T08:55:03.540735+00:00,scheduler,0,6,10321.6,24564.0,43,52.743
2026-06-09T08:55:08.541162+00:00,scheduler,0,2,11671.6,24564.0,43,52.305
2026-06-09T08:55:13.541615+00:00,scheduler,0,1,12517.6,24564.0,43,52.667
2026-06-09T08:55:18.542144+00:00,scheduler,0,2,13453.6,24564.0,43,53.17
2026-06-09T08:55:23.542610+00:00,scheduler,0,4,16099.6,24564.0,43,52.521
2026-06-09T08:55:28.543134+00:00,scheduler,0,0,16773.6,24564.0,43,52.144
2026-06-09T08:55:33.543554+00:00,scheduler,0,0,16773.6,24564.0,43,52.341
2026-06-09T08:55:38.543960+00:00,scheduler,0,0,16773.6,24564.0,43,52.395
2026-06-09T08:55:43.544394+00:00,scheduler,0,0,16773.6,24564.0,41,18.942
2026-06-09T08:55:48.544877+00:00,scheduler,0,0,16773.6,24564.0,41,15.017
2026-06-09T08:55:53.545352+00:00,scheduler,0,0,16773.6,24564.0,41,15.232
2026-06-09T08:55:58.545801+00:00,scheduler,0,0,16773.6,24564.0,40,15.498
2026-06-09T08:56:03.546351+00:00,scheduler,0,100,17715.6,24564.0,61,448.301
2026-06-09T08:56:08.546860+00:00,scheduler,0,100,17715.6,24564.0,62,449.236
2026-06-09T08:56:13.547365+00:00,scheduler,0,100,17715.6,24564.0,63,448.8
2026-06-09T08:56:18.547822+00:00,scheduler,0,100,17715.6,24564.0,65,449.122
2026-06-09T08:56:23.548313+00:00,scheduler,0,0,16773.6,24564.0,50,61.589
2026-06-09T08:56:28.548763+00:00,scheduler,0,0,16773.6,24564.0,49,54.571
2026-06-09T08:56:33.549315+00:00,scheduler,0,0,16773.6,24564.0,48,54.602
2026-06-09T08:56:38.549764+00:00,scheduler,0,0,16773.6,24564.0,46,42.357
2026-06-09T08:56:43.550218+00:00,scheduler,0,0,16773.6,24564.0,45,16.169
2026-06-09T08:56:48.550700+00:00,scheduler,0,0,16773.6,24564.0,44,15.781
2026-06-09T08:56:53.551180+00:00,scheduler,0,0,16773.6,24564.0,44,16.163
2026-06-09T08:56:58.551644+00:00,scheduler,0,0,16773.6,24564.0,43,16.221
2026-06-09T08:57:03.552107+00:00,scheduler,0,0,16773.6,24564.0,43,14.953
2026-06-09T08:57:08.552571+00:00,scheduler,0,0,16773.6,24564.0,42,15.293
2026-06-09T08:57:13.552985+00:00,scheduler,0,0,16773.6,24564.0,42,14.899
2026-06-09T08:57:18.553445+00:00,scheduler,0,0,16773.6,24564.0,42,15.065
2026-06-09T08:57:23.553862+00:00,scheduler,0,0,16773.6,24564.0,41,15.146
2026-06-09T08:57:28.554332+00:00,scheduler,0,0,16773.6,24564.0,41,14.745
2026-06-09T08:57:33.554761+00:00,scheduler,0,0,16773.6,24564.0,41,14.979
2026-06-09T08:57:38.555204+00:00,scheduler,0,0,16773.6,24564.0,41,15.047
2026-06-09T08:57:43.555633+00:00,scheduler,0,0,16773.6,24564.0,40,14.874
2026-06-09T08:57:48.556105+00:00,scheduler,0,0,16773.6,24564.0,40,14.646
2026-06-09T08:57:53.556495+00:00,scheduler,0,0,16773.6,24564.0,40,15.125
2026-06-09T08:57:58.556923+00:00,scheduler,0,0,16773.6,24564.0,40,14.974
2026-06-09T08:58:03.557368+00:00,scheduler,0,0,16773.6,24564.0,40,15.235
2026-06-09T08:58:08.557791+00:00,scheduler,0,0,16773.6,24564.0,41,52.15
2026-06-09T08:58:13.558206+00:00,scheduler,0,0,16773.6,24564.0,42,52.167
2026-06-09T08:58:18.558623+00:00,scheduler,0,0,16773.6,24564.0,42,52.982
2026-06-09T08:58:23.559123+00:00,scheduler,0,1,16773.6,24564.0,42,53.012
2026-06-09T08:58:28.559589+00:00,scheduler,0,4,16773.6,24564.0,42,53.019
2026-06-09T08:58:33.560045+00:00,scheduler,0,0,16773.6,24564.0,42,52.792
2026-06-09T08:58:38.560540+00:00,scheduler,0,0,16773.6,24564.0,42,53.284
2026-06-09T08:58:43.561051+00:00,scheduler,0,0,16773.6,24564.0,42,52.67
2026-06-09T08:58:48.561528+00:00,scheduler,0,1,16773.6,24564.0,42,52.51
2026-06-09T08:58:53.561982+00:00,scheduler,0,0,16773.6,24564.0,42,52.924
2026-06-09T08:58:58.562489+00:00,scheduler,0,0,1487.6,24564.0,42,57.512
2026-06-09T08:59:03.564005+00:00,scheduler,0,0,1487.6,24564.0,42,52.206
2026-06-09T08:59:08.564572+00:00,scheduler,0,0,1487.6,24564.0,42,52.423
2026-06-09T08:59:13.565136+00:00,scheduler,0,0,1487.6,24564.0,41,17.634
2026-06-09T08:59:18.565650+00:00,scheduler,0,0,1487.6,24564.0,41,15.411
2026-06-09T08:59:23.567559+00:00,scheduler,0,0,1487.6,24564.0,40,15.16
2026-06-09T08:59:28.570112+00:00,scheduler,0,0,1487.6,24564.0,40,15.308
2026-06-09T08:59:33.570659+00:00,scheduler,0,0,1487.6,24564.0,40,15.001
2026-06-09T08:59:38.571155+00:00,scheduler,0,0,1487.6,24564.0,40,15.528
2026-06-09T08:59:43.571690+00:00,scheduler,0,0,1487.6,24564.0,40,15.826
2026-06-09T08:59:48.572297+00:00,scheduler,0,0,1487.6,24564.0,40,15.824
2026-06-09T08:59:53.572821+00:00,scheduler,0,0,1487.6,24564.0,40,15.983
2026-06-09T08:59:58.573404+00:00,scheduler,0,0,1487.6,24564.0,39,15.198
2026-06-09T09:00:03.573953+00:00,scheduler,0,0,1487.6,24564.0,39,15.084
2026-06-09T09:00:08.574443+00:00,scheduler,0,0,1487.6,24564.0,39,15.354
2026-06-09T09:00:13.575017+00:00,scheduler,0,0,1487.6,24564.0,39,15.11
2026-06-09T09:00:18.575472+00:00,scheduler,0,0,1487.6,24564.0,39,15.355
2026-06-09T09:00:23.575913+00:00,scheduler,0,0,1487.6,24564.0,39,14.729
2026-06-09T09:00:28.576395+00:00,scheduler,0,1,2909.6,24564.0,40,53.154
2026-06-09T09:00:33.576792+00:00,scheduler,0,0,16773.6,24564.0,41,53.744
2026-06-09T09:00:38.577226+00:00,scheduler,0,0,16773.6,24564.0,41,52.664
2026-06-09T09:00:43.577670+00:00,scheduler,0,0,16773.6,24564.0,41,53.083
2026-06-09T09:00:48.578088+00:00,scheduler,0,0,16773.6,24564.0,41,53.043
2026-06-09T09:00:53.578497+00:00,scheduler,0,0,16773.6,24564.0,40,16.168
2026-06-09T09:00:58.578889+00:00,scheduler,0,0,16773.6,24564.0,40,15.237
2026-06-09T09:01:03.579328+00:00,scheduler,0,0,16773.6,24564.0,39,14.962
2026-06-09T09:01:08.579760+00:00,scheduler,0,0,16773.6,24564.0,39,15.158
2026-06-09T09:01:13.580116+00:00,scheduler,0,0,16773.6,24564.0,39,15.157
2026-06-09T09:01:18.580528+00:00,scheduler,0,100,17797.6,24564.0,60,448.354
2026-06-09T09:01:23.580925+00:00,scheduler,0,67,16773.6,24564.0,46,68.773
2026-06-09T09:01:28.581323+00:00,scheduler,0,0,16773.6,24564.0,44,53.244
2026-06-09T09:01:33.581715+00:00,scheduler,0,0,16773.6,24564.0,44,53.278
2026-06-09T09:01:38.582130+00:00,scheduler,0,0,16773.6,24564.0,44,53.278
2026-06-09T09:01:43.582526+00:00,scheduler,0,0,16773.6,24564.0,42,15.873
2026-06-09T09:01:48.582974+00:00,scheduler,0,0,16773.6,24564.0,42,16.025
2026-06-09T09:01:53.583411+00:00,scheduler,0,0,16773.6,24564.0,42,15.961
2026-06-09T09:01:58.583833+00:00,scheduler,0,0,16773.6,24564.0,41,15.874
2026-06-09T09:02:03.584253+00:00,scheduler,0,0,16773.6,24564.0,41,15.961
2026-06-09T09:02:08.584658+00:00,scheduler,0,0,16773.6,24564.0,41,15.299
2026-06-09T09:02:13.585121+00:00,scheduler,0,0,16773.6,24564.0,41,15.499
2026-06-09T09:02:18.585525+00:00,scheduler,0,0,16773.6,24564.0,41,15.161
2026-06-09T09:02:23.585932+00:00,scheduler,0,0,16773.6,24564.0,40,15.007
2026-06-09T09:02:28.586382+00:00,scheduler,0,0,16773.6,24564.0,40,15.061
2026-06-09T09:02:33.586777+00:00,scheduler,0,0,16773.6,24564.0,42,52.698
2026-06-09T09:02:38.587218+00:00,scheduler,0,0,16773.6,24564.0,42,52.704
2026-06-09T09:02:43.587627+00:00,scheduler,0,0,16773.6,24564.0,42,53.159
2026-06-09T09:02:48.588035+00:00,scheduler,0,0,16773.6,24564.0,42,53.092
2026-06-09T09:02:53.588452+00:00,scheduler,0,0,16773.6,24564.0,42,53.433
2026-06-09T09:02:58.588856+00:00,scheduler,0,0,16773.6,24564.0,42,52.59
2026-06-09T09:03:03.589390+00:00,scheduler,0,0,16773.6,24564.0,42,53.325
2026-06-09T09:03:08.590034+00:00,scheduler,0,0,16773.6,24564.0,42,52.719
2026-06-09T09:03:13.590448+00:00,scheduler,0,0,16773.6,24564.0,42,52.859
2026-06-09T09:03:18.591003+00:00,scheduler,0,0,16773.6,24564.0,42,53.162
2026-06-09T09:03:23.591491+00:00,scheduler,0,1,16773.6,24564.0,42,52.715
2026-06-09T09:03:28.591994+00:00,scheduler,0,0,16773.6,24564.0,42,53.21
2026-06-09T09:03:33.592510+00:00,scheduler,0,1,16773.6,24564.0,42,53.161
2026-06-09T09:03:38.592924+00:00,scheduler,0,7,16773.6,24564.0,42,53.631
2026-06-09T09:03:43.593375+00:00,scheduler,0,0,1487.6,24564.0,43,64.835
2026-06-09T09:03:48.593782+00:00,scheduler,0,0,1487.6,24564.0,42,52.627
2026-06-09T09:03:53.594264+00:00,scheduler,0,0,1487.6,24564.0,42,52.635
2026-06-09T09:03:58.595554+00:00,scheduler,0,0,1487.6,24564.0,42,52.802
2026-06-09T09:04:03.595984+00:00,scheduler,0,0,1487.6,24564.0,41,15.23
2026-06-09T09:04:08.597386+00:00,scheduler,0,0,1487.6,24564.0,41,15.287
2026-06-09T09:04:13.597831+00:00,scheduler,0,0,1487.6,24564.0,40,15.545
2026-06-09T09:04:18.598334+00:00,scheduler,0,0,1487.6,24564.0,40,14.995
2026-06-09T09:04:23.598760+00:00,scheduler,0,0,1487.6,24564.0,40,15.49
2026-06-09T09:04:28.601967+00:00,scheduler,0,0,1487.6,24564.0,40,15.119
2026-06-09T09:04:33.602425+00:00,scheduler,0,0,1487.6,24564.0,40,15.223
2026-06-09T09:04:38.602859+00:00,scheduler,0,0,1487.6,24564.0,40,14.967
2026-06-09T09:04:43.603301+00:00,scheduler,0,0,1487.6,24564.0,40,14.917
2026-06-09T09:04:48.604924+00:00,scheduler,0,0,1487.6,24564.0,39,15.038
2026-06-09T09:04:53.605527+00:00,scheduler,0,0,1487.6,24564.0,39,15.233
2026-06-09T09:04:58.606136+00:00,scheduler,0,0,1487.6,24564.0,39,14.944
2026-06-09T09:05:03.606654+00:00,scheduler,0,0,1487.6,24564.0,39,14.672
2026-06-09T09:05:08.607232+00:00,scheduler,0,0,1487.6,24564.0,39,14.648
2026-06-09T09:05:13.607757+00:00,scheduler,0,0,1487.6,24564.0,39,14.741
2026-06-09T09:05:18.609312+00:00,scheduler,0,0,1487.6,24564.0,39,14.937
2026-06-09T09:05:23.609868+00:00,scheduler,0,0,1487.6,24564.0,39,14.786
2026-06-09T09:05:28.610425+00:00,scheduler,0,0,1487.6,24564.0,39,15.072
2026-06-09T09:05:33.610849+00:00,scheduler,0,0,1487.6,24564.0,39,15.029
2026-06-09T09:05:38.611296+00:00,scheduler,0,0,1487.6,24564.0,39,14.765
2026-06-09T09:05:43.611718+00:00,scheduler,0,0,6265.6,24564.0,40,52.11
2026-06-09T09:05:48.612132+00:00,scheduler,0,11,14155.6,24564.0,41,53.208
2026-06-09T09:05:53.612565+00:00,scheduler,0,2,15325.6,24564.0,41,52.835
2026-06-09T09:05:58.612991+00:00,scheduler,0,2,16625.6,24564.0,41,52.52
2026-06-09T09:06:03.614512+00:00,scheduler,0,0,16773.6,24564.0,41,51.98
2026-06-09T09:06:08.614900+00:00,scheduler,0,0,16773.6,24564.0,41,52.082
2026-06-09T09:06:13.615308+00:00,scheduler,0,0,16773.6,24564.0,41,52.448
2026-06-09T09:06:18.615734+00:00,scheduler,0,0,16773.6,24564.0,40,16.745
2026-06-09T09:06:23.616204+00:00,scheduler,0,0,16773.6,24564.0,40,15.217
2026-06-09T09:06:28.616791+00:00,scheduler,0,0,16773.6,24564.0,40,14.95
2026-06-09T09:06:33.617348+00:00,scheduler,0,0,16773.6,24564.0,40,15.3
2026-06-09T09:06:38.617934+00:00,scheduler,0,0,17795.6,24564.0,41,16.412
2026-06-09T09:06:43.618343+00:00,scheduler,0,100,17797.6,24564.0,60,448.774
2026-06-09T09:06:48.618862+00:00,scheduler,0,0,16773.6,24564.0,46,66.231
2026-06-09T09:06:53.619367+00:00,scheduler,0,0,16773.6,24564.0,44,52.954
2026-06-09T09:06:58.619923+00:00,scheduler,0,0,16773.6,24564.0,44,52.876
2026-06-09T09:07:03.620491+00:00,scheduler,0,0,16773.6,24564.0,43,42.899
2026-06-09T09:07:08.621019+00:00,scheduler,0,0,16773.6,24564.0,42,15.224
2026-06-09T09:07:13.621599+00:00,scheduler,0,0,16773.6,24564.0,42,15.536
2026-06-09T09:07:18.622044+00:00,scheduler,0,0,16773.6,24564.0,42,14.934
2026-06-09T09:07:23.622507+00:00,scheduler,0,0,16773.6,24564.0,41,15.291
2026-06-09T09:07:28.622941+00:00,scheduler,0,0,16773.6,24564.0,41,15.03
2026-06-09T09:07:33.623407+00:00,scheduler,0,0,16773.6,24564.0,41,14.946
2026-06-09T09:07:38.623816+00:00,scheduler,0,0,16773.6,24564.0,42,52.957
2026-06-09T09:07:43.624235+00:00,scheduler,0,0,16773.6,24564.0,42,53.526
2026-06-09T09:07:48.624658+00:00,scheduler,0,0,16773.6,24564.0,42,52.706
2026-06-09T09:07:53.625110+00:00,scheduler,0,0,16773.6,24564.0,42,53.216
2026-06-09T09:07:58.625548+00:00,scheduler,0,0,16773.6,24564.0,42,52.721
2026-06-09T09:08:03.625992+00:00,scheduler,0,0,16773.6,24564.0,42,53.242
2026-06-09T09:08:08.626576+00:00,scheduler,0,0,16773.6,24564.0,42,53.145
2026-06-09T09:08:13.627024+00:00,scheduler,0,7,16773.6,24564.0,42,54.109
2026-06-09T09:08:18.627454+00:00,scheduler,0,7,16773.6,24564.0,42,53.187
2026-06-09T09:08:23.627824+00:00,scheduler,0,3,3161.6,24564.0,43,52.61
2026-06-09T09:08:28.628233+00:00,scheduler,0,0,6605.6,24564.0,42,52.346
2026-06-09T09:08:33.628660+00:00,scheduler,0,1,8069.6,24564.0,43,52.755
2026-06-09T09:08:38.629102+00:00,scheduler,0,0,9339.6,24564.0,43,51.952
2026-06-09T09:08:43.629729+00:00,scheduler,0,2,10897.6,24564.0,43,52.607
2026-06-09T09:08:48.630128+00:00,scheduler,0,2,12517.6,24564.0,43,52.477
2026-06-09T09:08:53.630534+00:00,scheduler,0,1,13921.6,24564.0,43,52.645
2026-06-09T09:08:58.632499+00:00,scheduler,0,0,14857.6,24564.0,43,52.278
2026-06-09T09:09:03.633520+00:00,scheduler,0,1,16027.6,24564.0,43,51.983
2026-06-09T09:09:08.634656+00:00,scheduler,0,1,16625.6,24564.0,43,51.944
2026-06-09T09:09:13.635172+00:00,scheduler,0,0,16773.6,24564.0,43,52.003
2026-06-09T09:09:18.635645+00:00,scheduler,0,0,16773.6,24564.0,43,51.94
2026-06-09T09:09:23.636024+00:00,scheduler,0,0,16773.6,24564.0,43,51.994
2026-06-09T09:09:28.636447+00:00,scheduler,0,0,16773.6,24564.0,43,36.654
2026-06-09T09:09:33.637694+00:00,scheduler,0,0,16773.6,24564.0,41,15.633
2026-06-09T09:09:38.638076+00:00,scheduler,0,0,16773.6,24564.0,41,15.376
2026-06-09T09:09:43.638494+00:00,scheduler,0,0,16773.6,24564.0,41,14.886
2026-06-09T09:09:48.638868+00:00,scheduler,0,0,16773.6,24564.0,40,15.178
2026-06-09T09:09:53.639320+00:00,scheduler,0,0,17797.6,24564.0,60,216.822
2026-06-09T09:09:58.639791+00:00,scheduler,0,100,17797.6,24564.0,61,449.102
2026-06-09T09:10:03.640179+00:00,scheduler,0,100,17797.6,24564.0,63,447.894
2026-06-09T09:10:08.640593+00:00,scheduler,0,100,17797.6,24564.0,64,448.428
2026-06-09T09:10:13.641041+00:00,scheduler,0,100,20203.6,24564.0,53,334.387
2026-06-09T09:10:18.642604+00:00,scheduler,0,0,16773.6,24564.0,49,54.892
2026-06-09T09:10:23.643991+00:00,scheduler,0,0,16773.6,24564.0,48,54.819
2026-06-09T09:10:28.646565+00:00,scheduler,0,0,16773.6,24564.0,47,54.418
2026-06-09T09:10:33.648177+00:00,scheduler,0,0,16773.6,24564.0,46,18.149
2026-06-09T09:10:38.648615+00:00,scheduler,0,0,16773.6,24564.0,45,15.383
2026-06-09T09:10:43.649141+00:00,scheduler,0,0,16773.6,24564.0,44,15.845
2026-06-09T09:10:48.650780+00:00,scheduler,0,0,16773.6,24564.0,44,15.798
2026-06-09T09:10:53.651451+00:00,scheduler,0,0,16773.6,24564.0,43,15.68
2026-06-09T09:10:58.651985+00:00,scheduler,0,0,16773.6,24564.0,43,15.206
2026-06-09T09:11:03.655823+00:00,scheduler,0,0,16773.6,24564.0,42,15.076
2026-06-09T09:11:08.659239+00:00,scheduler,0,0,16773.6,24564.0,42,14.885
2026-06-09T09:11:13.659768+00:00,scheduler,0,0,16773.6,24564.0,42,14.847
2026-06-09T09:11:18.660391+00:00,scheduler,0,0,16773.6,24564.0,41,14.588
2026-06-09T09:11:23.660920+00:00,scheduler,0,0,16773.6,24564.0,41,14.454
2026-06-09T09:11:28.661464+00:00,scheduler,0,0,16773.6,24564.0,41,14.611
2026-06-09T09:11:33.661969+00:00,scheduler,0,0,16773.6,24564.0,41,14.645
2026-06-09T09:11:38.662533+00:00,scheduler,0,7,16773.6,24564.0,42,52.869
2026-06-09T09:11:43.664113+00:00,scheduler,0,0,16773.6,24564.0,42,52.549
2026-06-09T09:11:48.664572+00:00,scheduler,0,5,16773.6,24564.0,42,53.169
2026-06-09T09:11:53.665098+00:00,scheduler,0,6,16773.6,24564.0,42,53.299
2026-06-09T09:11:58.665514+00:00,scheduler,0,1,16773.6,24564.0,42,52.977
2026-06-09T09:12:03.665950+00:00,scheduler,0,0,1487.6,24564.0,42,62.4
2026-06-09T09:12:08.666383+00:00,scheduler,0,0,1487.6,24564.0,42,51.657
2026-06-09T09:12:13.666816+00:00,scheduler,0,0,1487.6,24564.0,42,51.881
2026-06-09T09:12:18.667244+00:00,scheduler,0,0,1487.6,24564.0,41,37.82
2026-06-09T09:12:23.667664+00:00,scheduler,0,0,1487.6,24564.0,41,14.755
2026-06-09T09:12:28.668163+00:00,scheduler,0,0,1487.6,24564.0,41,14.764
2026-06-09T09:12:33.668623+00:00,scheduler,0,0,1487.6,24564.0,40,14.652
2026-06-09T09:12:38.669151+00:00,scheduler,0,0,1487.6,24564.0,40,14.811
2026-06-09T09:12:43.670674+00:00,scheduler,0,0,1487.6,24564.0,40,14.534
2026-06-09T09:12:48.671213+00:00,scheduler,0,0,1487.6,24564.0,40,14.256
2026-06-09T09:12:53.671784+00:00,scheduler,0,0,1487.6,24564.0,40,14.517
2026-06-09T09:12:58.672350+00:00,scheduler,0,0,1487.6,24564.0,40,14.902
2026-06-09T09:13:03.674050+00:00,scheduler,0,0,1487.6,24564.0,40,15.012
2026-06-09T09:13:08.674584+00:00,scheduler,0,0,1487.6,24564.0,40,14.798
2026-06-09T09:13:13.675231+00:00,scheduler,0,0,1487.6,24564.0,40,14.502
2026-06-09T09:13:18.675763+00:00,scheduler,0,0,1487.6,24564.0,39,14.394
2026-06-09T09:13:23.676131+00:00,scheduler,0,2,3781.6,24564.0,41,51.986
2026-06-09T09:13:28.676565+00:00,scheduler,0,27,9447.6,24564.0,41,52.516
2026-06-09T09:13:33.677903+00:00,scheduler,0,1,12517.6,24564.0,41,51.883
2026-06-09T09:13:38.680434+00:00,scheduler,0,5,16495.6,24564.0,41,52.06
2026-06-09T09:13:43.682870+00:00,scheduler,0,0,16773.6,24564.0,41,51.5
2026-06-09T09:13:48.684385+00:00,scheduler,0,0,16773.6,24564.0,42,51.965
2026-06-09T09:13:53.684810+00:00,scheduler,0,0,16773.6,24564.0,42,51.924
2026-06-09T09:13:58.685222+00:00,scheduler,0,0,16773.6,24564.0,41,35.307
2026-06-09T09:14:03.685613+00:00,scheduler,0,100,17715.6,24564.0,61,409.141
2026-06-09T09:14:08.686036+00:00,scheduler,0,100,17715.6,24564.0,62,448.657
2026-06-09T09:14:13.686579+00:00,scheduler,0,0,16773.6,24564.0,46,53.799
2026-06-09T09:14:18.688258+00:00,scheduler,0,0,16773.6,24564.0,45,52.749
2026-06-09T09:14:23.688791+00:00,scheduler,0,0,16773.6,24564.0,45,52.561
2026-06-09T09:14:28.689275+00:00,scheduler,0,0,16773.6,24564.0,43,40.724
2026-06-09T09:14:33.689718+00:00,scheduler,0,0,16773.6,24564.0,43,15.03
2026-06-09T09:14:38.690150+00:00,scheduler,0,0,16773.6,24564.0,42,14.645
2026-06-09T09:14:43.690588+00:00,scheduler,0,0,16773.6,24564.0,42,14.715
2026-06-09T09:14:48.691024+00:00,scheduler,0,0,16773.6,24564.0,42,14.615
2026-06-09T09:14:53.691464+00:00,scheduler,0,0,16773.6,24564.0,41,14.583
2026-06-09T09:14:58.691884+00:00,scheduler,0,0,16773.6,24564.0,41,14.692
2026-06-09T09:15:03.692355+00:00,scheduler,0,0,16773.6,24564.0,41,14.447
2026-06-09T09:15:08.692835+00:00,scheduler,0,0,16773.6,24564.0,41,14.315
2026-06-09T09:15:13.693342+00:00,scheduler,0,0,16773.6,24564.0,40,14.601
2026-06-09T09:15:18.693762+00:00,scheduler,0,0,16773.6,24564.0,40,14.529
2026-06-09T09:15:23.694181+00:00,scheduler,0,0,16773.6,24564.0,40,14.61
2026-06-09T09:15:28.695731+00:00,scheduler,0,0,16773.6,24564.0,40,14.82
2026-06-09T09:15:33.696224+00:00,scheduler,0,0,16773.6,24564.0,40,14.588
2026-06-09T09:15:38.696778+00:00,scheduler,0,0,16773.6,24564.0,40,14.373
2026-06-09T09:15:43.697390+00:00,scheduler,0,0,16773.6,24564.0,40,15.94
2026-06-09T09:15:48.697917+00:00,scheduler,0,1,16773.6,24564.0,41,52.221
2026-06-09T09:15:53.698484+00:00,scheduler,0,7,16773.6,24564.0,41,52.793
2026-06-09T09:15:58.699044+00:00,scheduler,0,1,16773.6,24564.0,41,52.547
2026-06-09T09:16:03.699621+00:00,scheduler,0,0,16773.6,24564.0,42,52.595
2026-06-09T09:16:08.700130+00:00,scheduler,0,2,2337.6,24564.0,42,51.77
2026-06-09T09:16:13.700696+00:00,scheduler,0,2,12049.6,24564.0,42,52.313
2026-06-09T09:16:18.701113+00:00,scheduler,0,0,16773.6,24564.0,42,51.82
2026-06-09T09:16:23.701649+00:00,scheduler,0,0,16773.6,24564.0,42,51.965
2026-06-09T09:16:28.702489+00:00,scheduler,0,0,16773.6,24564.0,42,51.546
2026-06-09T09:16:33.702903+00:00,scheduler,0,0,16773.6,24564.0,41,31.957
2026-06-09T09:16:38.703360+00:00,scheduler,0,0,16773.6,24564.0,40,14.448
2026-06-09T09:16:43.703826+00:00,scheduler,0,100,17797.6,24564.0,60,447.863
2026-06-09T09:16:48.704321+00:00,scheduler,0,100,17797.6,24564.0,61,448.552
2026-06-09T09:16:53.704767+00:00,scheduler,0,100,17797.6,24564.0,64,448.42
2026-06-09T09:16:58.705255+00:00,scheduler,0,100,17797.6,24564.0,65,448.955
2026-06-09T09:17:03.706722+00:00,scheduler,0,0,16773.6,24564.0,50,66.436
2026-06-09T09:17:08.707223+00:00,scheduler,0,0,16773.6,24564.0,49,54.676
2026-06-09T09:17:13.707730+00:00,scheduler,0,0,16773.6,24564.0,48,54.339
2026-06-09T09:17:18.708262+00:00,scheduler,0,0,16773.6,24564.0,47,54.148
2026-06-09T09:17:23.708762+00:00,scheduler,0,0,16773.6,24564.0,45,16.15
2026-06-09T09:17:28.709329+00:00,scheduler,0,0,16773.6,24564.0,45,15.689
2026-06-09T09:17:33.709857+00:00,scheduler,0,0,16773.6,24564.0,44,15.279
2026-06-09T09:17:38.710335+00:00,scheduler,0,0,16773.6,24564.0,43,15.18
2026-06-09T09:17:43.710733+00:00,scheduler,0,0,16773.6,24564.0,43,15.055
2026-06-09T09:17:48.711237+00:00,scheduler,0,0,16773.6,24564.0,42,14.941
2026-06-09T09:17:53.711779+00:00,scheduler,0,0,16773.6,24564.0,42,15.123
2026-06-09T09:17:58.712343+00:00,scheduler,0,0,16773.6,24564.0,42,15.459
2026-06-09T09:18:03.712892+00:00,scheduler,0,0,16773.6,24564.0,41,15.048
2026-06-09T09:18:08.713445+00:00,scheduler,0,0,16773.6,24564.0,41,15.035
2026-06-09T09:18:13.713958+00:00,scheduler,0,0,16773.6,24564.0,41,15.037
2026-06-09T09:18:18.714558+00:00,scheduler,0,12,16773.6,24564.0,42,53.465
2026-06-09T09:18:23.714972+00:00,scheduler,0,1,16773.6,24564.0,42,53.341
2026-06-09T09:18:28.715554+00:00,scheduler,0,7,16773.6,24564.0,42,53.265
2026-06-09T09:18:33.716090+00:00,scheduler,0,0,1487.6,24564.0,43,65.51
2026-06-09T09:18:38.717625+00:00,scheduler,0,0,1487.6,24564.0,42,52.833
2026-06-09T09:18:43.718184+00:00,scheduler,0,0,1487.6,24564.0,42,52.909
2026-06-09T09:18:48.718738+00:00,scheduler,0,0,1487.6,24564.0,42,52.747
2026-06-09T09:18:53.719346+00:00,scheduler,0,0,1487.6,24564.0,41,14.907
2026-06-09T09:18:58.719769+00:00,scheduler,0,0,1487.6,24564.0,41,14.882
2026-06-09T09:19:03.720207+00:00,scheduler,0,0,1487.6,24564.0,40,14.62
2026-06-09T09:19:08.720625+00:00,scheduler,0,0,1487.6,24564.0,40,14.932
2026-06-09T09:19:13.721021+00:00,scheduler,0,0,1487.6,24564.0,40,14.849
2026-06-09T09:19:18.721487+00:00,scheduler,0,0,1487.6,24564.0,40,14.898
2026-06-09T09:19:23.721995+00:00,scheduler,0,0,1487.6,24564.0,40,14.812
2026-06-09T09:19:28.722550+00:00,scheduler,0,0,1487.6,24564.0,40,14.869
2026-06-09T09:19:33.723045+00:00,scheduler,0,0,1487.6,24564.0,40,15.009
2026-06-09T09:19:38.723563+00:00,scheduler,0,0,1487.6,24564.0,40,15.163
2026-06-09T09:19:43.724024+00:00,scheduler,0,2,6993.6,24564.0,41,52.494
2026-06-09T09:19:48.724504+00:00,scheduler,0,2,7817.6,24564.0,41,52.216
2026-06-09T09:19:53.724904+00:00,scheduler,0,12,14695.6,24564.0,41,53.756
2026-06-09T09:19:58.725375+00:00,scheduler,0,0,16773.6,24564.0,42,52.433
2026-06-09T09:20:03.725915+00:00,scheduler,0,0,16773.6,24564.0,42,52.752
2026-06-09T09:20:08.726346+00:00,scheduler,0,0,16773.6,24564.0,42,52.443
2026-06-09T09:20:13.726752+00:00,scheduler,0,0,16773.6,24564.0,41,21.256
2026-06-09T09:20:18.727230+00:00,scheduler,0,0,16773.6,24564.0,40,14.858
2026-06-09T09:20:23.727629+00:00,scheduler,0,0,16773.6,24564.0,40,14.892
2026-06-09T09:20:28.728045+00:00,scheduler,0,0,16773.6,24564.0,40,15.043
2026-06-09T09:20:33.728488+00:00,scheduler,0,0,16773.6,24564.0,40,15.245
2026-06-09T09:20:38.728891+00:00,scheduler,0,100,17797.6,24564.0,61,450.138
2026-06-09T09:20:43.729402+00:00,scheduler,0,0,16773.6,24564.0,47,140.157
2026-06-09T09:20:48.729889+00:00,scheduler,0,0,16773.6,24564.0,45,52.955
2026-06-09T09:20:53.730425+00:00,scheduler,0,0,16773.6,24564.0,44,52.908
2026-06-09T09:20:58.730962+00:00,scheduler,0,0,16773.6,24564.0,44,52.811
2026-06-09T09:21:03.731506+00:00,scheduler,0,0,16773.6,24564.0,43,16.212
2026-06-09T09:21:08.731932+00:00,scheduler,0,0,16773.6,24564.0,42,15.268
2026-06-09T09:21:13.732423+00:00,scheduler,0,0,16773.6,24564.0,42,15.203
2026-06-09T09:21:18.732847+00:00,scheduler,0,0,16773.6,24564.0,42,15.149
2026-06-09T09:21:23.733312+00:00,scheduler,0,0,16773.6,24564.0,41,15.505
2026-06-09T09:21:28.733775+00:00,scheduler,0,0,16773.6,24564.0,41,15.533
2026-06-09T09:21:33.734188+00:00,scheduler,0,0,16773.6,24564.0,41,15.473
2026-06-09T09:21:38.734697+00:00,scheduler,0,0,16773.6,24564.0,41,15.127
2026-06-09T09:21:43.735163+00:00,scheduler,0,0,16773.6,24564.0,41,14.909
2026-06-09T09:21:48.735617+00:00,scheduler,0,0,16773.6,24564.0,40,14.729
2026-06-09T09:21:53.736107+00:00,scheduler,0,0,16773.6,24564.0,40,14.687
2026-06-09T09:21:58.736515+00:00,scheduler,0,0,16773.6,24564.0,40,14.89
2026-06-09T09:22:03.736911+00:00,scheduler,0,0,16773.6,24564.0,41,18.376
2026-06-09T09:22:08.737348+00:00,scheduler,0,0,16773.6,24564.0,41,53.313
2026-06-09T09:22:13.737779+00:00,scheduler,0,0,16773.6,24564.0,42,53.405
2026-06-09T09:22:18.738208+00:00,scheduler,0,0,16773.6,24564.0,42,53.895
2026-06-09T09:22:23.738629+00:00,scheduler,0,0,16773.6,24564.0,42,54.148
2026-06-09T09:22:28.739096+00:00,scheduler,0,0,16773.6,24564.0,42,54.053
2026-06-09T09:22:33.739536+00:00,scheduler,0,0,16773.6,24564.0,42,53.933
2026-06-09T09:22:38.739976+00:00,scheduler,0,0,16773.6,24564.0,42,53.859
2026-06-09T09:22:43.740429+00:00,scheduler,0,0,16773.6,24564.0,42,53.884
2026-06-09T09:22:48.740829+00:00,scheduler,0,0,16773.6,24564.0,42,53.425
2026-06-09T09:22:53.741324+00:00,scheduler,0,0,16773.6,24564.0,42,53.245
2026-06-09T09:22:58.741854+00:00,scheduler,0,0,16773.6,24564.0,42,53.422
2026-06-09T09:23:03.742358+00:00,scheduler,0,0,16773.6,24564.0,42,53.621
2026-06-09T09:23:08.742755+00:00,scheduler,0,0,16773.6,24564.0,42,53.761
2026-06-09T09:23:13.743152+00:00,scheduler,0,0,16773.6,24564.0,42,53.697
2026-06-09T09:23:18.743580+00:00,scheduler,0,7,16773.6,24564.0,42,54.305
2026-06-09T09:23:23.743968+00:00,scheduler,0,59,1487.6,24564.0,43,65.13
2026-06-09T09:23:28.744376+00:00,scheduler,0,3,3229.6,24564.0,43,53.539
2026-06-09T09:23:33.744802+00:00,scheduler,0,1,4277.6,24564.0,43,53.681
2026-06-09T09:23:38.745313+00:00,scheduler,0,0,5169.6,24564.0,43,53.555
2026-06-09T09:23:43.747046+00:00,scheduler,0,0,6401.6,24564.0,43,53.421
2026-06-09T09:23:48.747480+00:00,scheduler,0,1,9691.6,24564.0,43,53.759
2026-06-09T09:23:53.747840+00:00,scheduler,0,1,10897.6,24564.0,43,53.471
2026-06-09T09:23:58.748295+00:00,scheduler,0,0,11833.6,24564.0,43,53.018
2026-06-09T09:24:03.748670+00:00,scheduler,0,0,12589.6,24564.0,43,53.173
2026-06-09T09:24:08.749021+00:00,scheduler,0,1,13687.6,24564.0,43,53.094
2026-06-09T09:24:13.749914+00:00,scheduler,0,0,14389.6,24564.0,43,53.046
2026-06-09T09:24:18.750784+00:00,scheduler,0,2,15559.6,24564.0,43,53.075
2026-06-09T09:24:23.758033+00:00,scheduler,0,1,16261.6,24564.0,43,53.272
2026-06-09T09:24:28.761872+00:00,scheduler,0,0,16773.6,24564.0,43,53.388
2026-06-09T09:24:33.762291+00:00,scheduler,0,0,16773.6,24564.0,43,52.94
2026-06-09T09:24:38.762687+00:00,scheduler,0,0,16773.6,24564.0,43,53.312
2026-06-09T09:24:43.763101+00:00,scheduler,0,0,16773.6,24564.0,43,53.667
2026-06-09T09:24:48.763502+00:00,scheduler,0,0,16773.6,24564.0,41,15.588
2026-06-09T09:24:53.763962+00:00,scheduler,0,0,16773.6,24564.0,41,14.989
2026-06-09T09:24:58.764842+00:00,scheduler,0,0,16773.6,24564.0,41,14.831
2026-06-09T09:25:03.765361+00:00,scheduler,0,100,17797.6,24564.0,60,447.426
2026-06-09T09:25:08.765770+00:00,scheduler,0,100,17797.6,24564.0,62,448.782
2026-06-09T09:25:13.766390+00:00,scheduler,0,100,17797.6,24564.0,64,448.995
2026-06-09T09:25:18.766809+00:00,scheduler,0,100,17797.6,24564.0,65,448.913
2026-06-09T09:25:23.768278+00:00,scheduler,0,0,16773.6,24564.0,51,68.496
2026-06-09T09:25:28.768699+00:00,scheduler,0,0,16773.6,24564.0,49,54.613
2026-06-09T09:25:33.769153+00:00,scheduler,0,0,16773.6,24564.0,48,54.48
2026-06-09T09:25:38.769657+00:00,scheduler,0,0,16773.6,24564.0,47,54.516
2026-06-09T09:25:43.770131+00:00,scheduler,0,0,16773.6,24564.0,46,16.6
2026-06-09T09:25:48.770558+00:00,scheduler,0,0,16773.6,24564.0,45,16.093
2026-06-09T09:25:53.771009+00:00,scheduler,0,0,16773.6,24564.0,44,16.054
2026-06-09T09:25:58.771511+00:00,scheduler,0,0,16773.6,24564.0,43,15.564
2026-06-09T09:26:03.772221+00:00,scheduler,0,0,16773.6,24564.0,43,16.094
2026-06-09T09:26:08.772822+00:00,scheduler,0,0,16773.6,24564.0,43,15.635
2026-06-09T09:26:13.773282+00:00,scheduler,0,0,16773.6,24564.0,42,16.203
2026-06-09T09:26:18.773704+00:00,scheduler,0,0,16773.6,24564.0,42,15.6
2026-06-09T09:26:23.774119+00:00,scheduler,0,0,16773.6,24564.0,42,15.766
2026-06-09T09:26:28.774521+00:00,scheduler,0,0,16773.6,24564.0,41,15.581
2026-06-09T09:26:33.774896+00:00,scheduler,0,0,16773.6,24564.0,41,15.252
2026-06-09T09:26:38.775273+00:00,scheduler,0,0,16773.6,24564.0,42,53.4
2026-06-09T09:26:43.775679+00:00,scheduler,0,0,16773.6,24564.0,42,53.453
2026-06-09T09:26:48.776098+00:00,scheduler,0,0,16773.6,24564.0,42,53.228
2026-06-09T09:26:53.776475+00:00,scheduler,0,0,16773.6,24564.0,42,53.035
2026-06-09T09:26:58.776837+00:00,scheduler,0,0,16773.6,24564.0,43,53.452
2026-06-09T09:27:03.777235+00:00,scheduler,0,0,16773.6,24564.0,43,53.645
2026-06-09T09:27:08.777628+00:00,scheduler,0,1,16773.6,24564.0,43,53.647
2026-06-09T09:27:13.778006+00:00,scheduler,0,0,16773.6,24564.0,43,53.542
2026-06-09T09:27:18.778419+00:00,scheduler,0,4,16773.6,24564.0,43,53.399
2026-06-09T09:27:23.778821+00:00,scheduler,0,0,16773.6,24564.0,43,53.528
2026-06-09T09:27:28.779200+00:00,scheduler,0,2,16773.6,24564.0,43,53.589
2026-06-09T09:27:33.779619+00:00,scheduler,0,0,1487.6,24564.0,43,68.035
2026-06-09T09:27:38.779979+00:00,scheduler,0,0,1487.6,24564.0,43,52.812
2026-06-09T09:27:43.781504+00:00,scheduler,0,0,1487.6,24564.0,43,52.951
2026-06-09T09:27:48.781950+00:00,scheduler,0,0,1487.6,24564.0,43,53.224
2026-06-09T09:27:53.782847+00:00,scheduler,0,0,1487.6,24564.0,41,15.285
2026-06-09T09:27:58.783277+00:00,scheduler,0,0,1487.6,24564.0,41,15.035
2026-06-09T09:28:03.783689+00:00,scheduler,0,0,1487.6,24564.0,41,14.838
2026-06-09T09:28:08.785730+00:00,scheduler,0,0,1487.6,24564.0,41,14.477
2026-06-09T09:28:13.786119+00:00,scheduler,0,0,1487.6,24564.0,40,14.261
2026-06-09T09:28:18.786540+00:00,scheduler,0,0,1487.6,24564.0,40,14.917
2026-06-09T09:28:23.786937+00:00,scheduler,0,0,1487.6,24564.0,40,14.663
2026-06-09T09:28:28.787386+00:00,scheduler,0,0,1487.6,24564.0,40,14.564
2026-06-09T09:28:33.788799+00:00,scheduler,0,0,1487.6,24564.0,40,14.697
2026-06-09T09:28:38.789315+00:00,scheduler,0,0,1487.6,24564.0,40,15.191
2026-06-09T09:28:43.789809+00:00,scheduler,0,0,1487.6,24564.0,40,15.016
2026-06-09T09:28:48.790427+00:00,scheduler,0,0,1487.6,24564.0,40,14.868
2026-06-09T09:28:53.791158+00:00,scheduler,0,0,1487.6,24564.0,40,14.284
2026-06-09T09:28:58.791768+00:00,scheduler,0,0,1487.6,24564.0,39,14.392
2026-06-09T09:29:03.792655+00:00,scheduler,0,0,1487.6,24564.0,39,13.871
2026-06-09T09:29:08.793042+00:00,scheduler,0,1,3161.6,24564.0,41,53.068
2026-06-09T09:29:13.793514+00:00,scheduler,0,0,4393.6,24564.0,41,53.37
2026-06-09T09:29:18.793932+00:00,scheduler,0,2,5925.6,24564.0,41,53.676
2026-06-09T09:29:23.794408+00:00,scheduler,0,7,9049.6,24564.0,41,53.659
2026-06-09T09:29:28.794871+00:00,scheduler,0,1,11005.6,24564.0,41,53.539
2026-06-09T09:29:33.795306+00:00,scheduler,0,2,12589.6,24564.0,42,53.643
2026-06-09T09:29:38.796877+00:00,scheduler,0,1,13219.6,24564.0,42,53.591
2026-06-09T09:29:43.798505+00:00,scheduler,0,0,14155.6,24564.0,42,53.396
2026-06-09T09:29:48.799003+00:00,scheduler,0,0,15091.6,24564.0,42,53.146
2026-06-09T09:29:53.799491+00:00,scheduler,0,1,16027.6,24564.0,42,52.935
2026-06-09T09:29:58.799953+00:00,scheduler,0,0,16773.6,24564.0,42,52.96
2026-06-09T09:30:03.800448+00:00,scheduler,0,0,16773.6,24564.0,42,52.503
2026-06-09T09:30:08.800962+00:00,scheduler,0,0,16773.6,24564.0,42,52.472
2026-06-09T09:30:13.801484+00:00,scheduler,0,0,16773.6,24564.0,42,52.622
2026-06-09T09:30:18.801865+00:00,scheduler,0,0,16773.6,24564.0,41,17.298
2026-06-09T09:30:23.802270+00:00,scheduler,0,0,16773.6,24564.0,41,15.176
2026-06-09T09:30:28.802680+00:00,scheduler,0,0,16773.6,24564.0,40,14.683
2026-06-09T09:30:33.803132+00:00,scheduler,0,100,17797.6,24564.0,61,450.191
2026-06-09T09:30:38.803502+00:00,scheduler,0,100,20203.6,24564.0,54,441.898
2026-06-09T09:30:43.803856+00:00,scheduler,0,0,16773.6,24564.0,46,53.6
2026-06-09T09:30:48.804240+00:00,scheduler,0,0,16773.6,24564.0,45,53.335
2026-06-09T09:30:53.804623+00:00,scheduler,0,0,16773.6,24564.0,45,53.202
2026-06-09T09:30:58.805006+00:00,scheduler,0,0,16773.6,24564.0,43,17.259
2026-06-09T09:31:03.805440+00:00,scheduler,0,0,16773.6,24564.0,43,14.315
2026-06-09T09:31:08.805817+00:00,scheduler,0,0,16773.6,24564.0,42,14.297
2026-06-09T09:31:13.806278+00:00,scheduler,0,0,16773.6,24564.0,42,14.521
2026-06-09T09:31:18.806918+00:00,scheduler,0,0,16773.6,24564.0,42,14.86
2026-06-09T09:31:23.807607+00:00,scheduler,0,0,16773.6,24564.0,42,14.606
2026-06-09T09:31:28.808001+00:00,scheduler,0,0,16773.6,24564.0,41,14.383
2026-06-09T09:31:33.808418+00:00,scheduler,0,0,16773.6,24564.0,41,14.847
2026-06-09T09:31:38.808859+00:00,scheduler,0,0,16773.6,24564.0,41,14.429
2026-06-09T09:31:43.809295+00:00,scheduler,0,0,16773.6,24564.0,41,14.344
2026-06-09T09:31:48.809705+00:00,scheduler,0,0,16773.6,24564.0,41,14.43
2026-06-09T09:31:53.810112+00:00,scheduler,0,0,16773.6,24564.0,41,18.593
2026-06-09T09:31:58.810504+00:00,scheduler,0,0,16773.6,24564.0,42,53.347
2026-06-09T09:32:03.810871+00:00,scheduler,0,0,16773.6,24564.0,42,52.938
2026-06-09T09:32:08.811279+00:00,scheduler,0,0,16773.6,24564.0,42,52.898
2026-06-09T09:32:13.812901+00:00,scheduler,0,1,16773.6,24564.0,42,52.802
2026-06-09T09:32:18.813404+00:00,scheduler,0,0,16773.6,24564.0,42,53.441
2026-06-09T09:32:23.813830+00:00,scheduler,0,0,16773.6,24564.0,42,52.837
2026-06-09T09:32:28.814382+00:00,scheduler,0,0,16773.6,24564.0,42,53.405
2026-06-09T09:32:33.814809+00:00,scheduler,0,0,16773.6,24564.0,42,53.344
2026-06-09T09:32:38.815285+00:00,scheduler,0,0,16773.6,24564.0,42,53.532
2026-06-09T09:32:43.815679+00:00,scheduler,0,2,16773.6,24564.0,42,53.072
2026-06-09T09:32:48.816118+00:00,scheduler,0,0,16773.6,24564.0,42,53.445
2026-06-09T09:32:53.816553+00:00,scheduler,0,0,16773.6,24564.0,42,53.243
2026-06-09T09:32:58.816978+00:00,scheduler,0,0,16773.6,24564.0,43,53.334
2026-06-09T09:33:03.817458+00:00,scheduler,0,0,16773.6,24564.0,43,53.531
2026-06-09T09:33:08.817892+00:00,scheduler,0,0,16773.6,24564.0,43,53.438
2026-06-09T09:33:13.818415+00:00,scheduler,0,0,16773.6,24564.0,43,53.167
2026-06-09T09:33:18.818854+00:00,scheduler,0,0,16773.6,24564.0,43,53.165
2026-06-09T09:33:23.819488+00:00,scheduler,0,0,16773.6,24564.0,43,53.54
2026-06-09T09:33:28.820006+00:00,scheduler,0,1,16773.6,24564.0,43,53.023
2026-06-09T09:33:33.820453+00:00,scheduler,0,0,16773.6,24564.0,43,53.212
2026-06-09T09:33:38.820887+00:00,scheduler,0,0,16773.6,24564.0,43,52.496
2026-06-09T09:33:43.821954+00:00,scheduler,0,1,16773.6,24564.0,43,53.042
2026-06-09T09:33:48.822594+00:00,scheduler,0,0,16773.6,24564.0,43,52.772
2026-06-09T09:33:53.823288+00:00,scheduler,0,0,16773.6,24564.0,43,52.921
2026-06-09T09:33:58.823658+00:00,scheduler,0,0,16773.6,24564.0,43,53.121
2026-06-09T09:34:03.824108+00:00,scheduler,0,0,16773.6,24564.0,43,53.124
2026-06-09T09:34:08.824610+00:00,scheduler,0,1,16773.6,24564.0,43,53.432
2026-06-09T09:34:13.825177+00:00,scheduler,0,1,16773.6,24564.0,43,53.589
2026-06-09T09:34:18.825670+00:00,scheduler,0,0,16773.6,24564.0,43,53.105
2026-06-09T09:34:23.826255+00:00,scheduler,0,50,1487.6,24564.0,43,63.502
2026-06-09T09:34:28.826732+00:00,scheduler,0,2,5441.6,24564.0,43,52.641
2026-06-09T09:34:33.827265+00:00,scheduler,0,0,16773.6,24564.0,43,52.678
2026-06-09T09:34:38.827788+00:00,scheduler,0,0,16773.6,24564.0,43,52.568
2026-06-09T09:34:43.828386+00:00,scheduler,0,0,16773.6,24564.0,43,52.884
2026-06-09T09:34:48.828985+00:00,scheduler,0,0,16773.6,24564.0,43,52.657
2026-06-09T09:34:53.829427+00:00,scheduler,0,0,16773.6,24564.0,41,15.001
2026-06-09T09:34:58.829841+00:00,scheduler,0,0,16773.6,24564.0,41,14.42
2026-06-09T09:35:03.830480+00:00,scheduler,0,0,16773.6,24564.0,41,14.654
2026-06-09T09:35:08.831257+00:00,scheduler,0,0,16773.6,24564.0,41,14.276
2026-06-09T09:35:13.831863+00:00,scheduler,0,100,17797.6,24564.0,62,449.233
2026-06-09T09:35:18.832238+00:00,scheduler,0,100,17797.6,24564.0,63,448.9
2026-06-09T09:35:23.832593+00:00,scheduler,0,100,17797.6,24564.0,64,448.966
2026-06-09T09:35:28.832980+00:00,scheduler,0,100,17797.6,24564.0,66,449.631
2026-06-09T09:35:33.833402+00:00,scheduler,0,0,16773.6,24564.0,50,54.656
2026-06-09T09:35:38.833937+00:00,scheduler,0,0,16773.6,24564.0,49,54.554
2026-06-09T09:35:43.834361+00:00,scheduler,0,0,16773.6,24564.0,48,54.526
2026-06-09T09:35:48.834832+00:00,scheduler,0,0,16773.6,24564.0,46,23.967
2026-06-09T09:35:53.835322+00:00,scheduler,0,0,16773.6,24564.0,45,15.659
2026-06-09T09:35:58.835699+00:00,scheduler,0,0,16773.6,24564.0,45,15.561
2026-06-09T09:36:03.836112+00:00,scheduler,0,0,16773.6,24564.0,44,15.194
2026-06-09T09:36:08.836551+00:00,scheduler,0,0,16773.6,24564.0,43,15.022
2026-06-09T09:36:13.836995+00:00,scheduler,0,0,16773.6,24564.0,43,14.797
2026-06-09T09:36:18.837467+00:00,scheduler,0,0,16773.6,24564.0,42,15.025
2026-06-09T09:36:23.837908+00:00,scheduler,0,0,16773.6,24564.0,42,14.544
2026-06-09T09:36:28.838341+00:00,scheduler,0,0,16773.6,24564.0,42,14.537
2026-06-09T09:36:33.838752+00:00,scheduler,0,0,16773.6,24564.0,42,14.192
2026-06-09T09:36:38.839232+00:00,scheduler,0,0,16773.6,24564.0,41,14.335
2026-06-09T09:36:43.839730+00:00,scheduler,0,0,16773.6,24564.0,41,14.294
2026-06-09T09:36:48.840258+00:00,scheduler,0,0,16773.6,24564.0,41,14.382
2026-06-09T09:36:53.840780+00:00,scheduler,0,0,16773.6,24564.0,41,13.829
2026-06-09T09:36:58.841311+00:00,scheduler,0,0,16773.6,24564.0,40,13.88
2026-06-09T09:37:03.841716+00:00,scheduler,0,0,16773.6,24564.0,40,13.823
2026-06-09T09:37:08.842169+00:00,scheduler,0,0,16773.6,24564.0,40,13.9
2026-06-09T09:37:13.842575+00:00,scheduler,0,0,16773.6,24564.0,40,14.33
2026-06-09T09:37:18.842960+00:00,scheduler,0,0,16773.6,24564.0,40,13.975
2026-06-09T09:37:23.843395+00:00,scheduler,0,0,16773.6,24564.0,40,13.978
2026-06-09T09:37:28.843824+00:00,scheduler,0,0,16773.6,24564.0,40,14.268
2026-06-09T09:37:33.844301+00:00,scheduler,0,0,16773.6,24564.0,40,14.53
2026-06-09T09:37:38.844689+00:00,scheduler,0,0,16773.6,24564.0,40,14.365
2026-06-09T09:37:43.845232+00:00,scheduler,0,0,16773.6,24564.0,41,52.896
2026-06-09T09:37:48.845625+00:00,scheduler,0,0,16773.6,24564.0,41,52.453
2026-06-09T09:37:53.846015+00:00,scheduler,0,0,16773.6,24564.0,42,52.967
2026-06-09T09:37:58.846444+00:00,scheduler,0,0,16773.6,24564.0,42,53.255
2026-06-09T09:38:03.846916+00:00,scheduler,0,0,16773.6,24564.0,42,53.2
2026-06-09T09:38:08.847542+00:00,scheduler,0,0,16773.6,24564.0,42,52.705
2026-06-09T09:38:13.847936+00:00,scheduler,0,0,16773.6,24564.0,42,52.967
2026-06-09T09:38:18.848448+00:00,scheduler,0,100,1487.6,24564.0,43,62.14
2026-06-09T09:38:23.848965+00:00,scheduler,0,0,1487.6,24564.0,42,52.204
2026-06-09T09:38:28.850254+00:00,scheduler,0,0,1487.6,24564.0,42,52.18
2026-06-09T09:38:33.850742+00:00,scheduler,0,0,1487.6,24564.0,42,52.543
2026-06-09T09:38:38.851595+00:00,scheduler,0,0,1487.6,24564.0,41,14.874
2026-06-09T09:38:43.852930+00:00,scheduler,0,0,1487.6,24564.0,41,14.686
2026-06-09T09:38:48.853825+00:00,scheduler,0,0,1487.6,24564.0,41,14.748
2026-06-09T09:38:53.854587+00:00,scheduler,0,0,1487.6,24564.0,40,14.607
2026-06-09T09:38:58.855043+00:00,scheduler,0,0,1487.6,24564.0,40,14.174
2026-06-09T09:39:03.855573+00:00,scheduler,0,0,1487.6,24564.0,40,14.011
2026-06-09T09:39:08.856889+00:00,scheduler,0,0,1487.6,24564.0,40,14.055
2026-06-09T09:39:13.859149+00:00,scheduler,0,0,1487.6,24564.0,40,14.122
2026-06-09T09:39:18.859654+00:00,scheduler,0,0,1487.6,24564.0,40,14.056
2026-06-09T09:39:23.860176+00:00,scheduler,0,0,1487.6,24564.0,40,14.128
2026-06-09T09:39:28.860704+00:00,scheduler,0,0,1487.6,24564.0,40,14.357
2026-06-09T09:39:33.862436+00:00,scheduler,0,0,1487.6,24564.0,40,13.886
2026-06-09T09:39:38.862933+00:00,scheduler,0,0,1487.6,24564.0,40,13.944
2026-06-09T09:39:43.863505+00:00,scheduler,0,0,1487.6,24564.0,39,13.881
2026-06-09T09:39:48.864024+00:00,scheduler,0,0,2521.6,24564.0,39,13.81
2026-06-09T09:39:53.864537+00:00,scheduler,0,1,7661.6,24564.0,41,52.755
2026-06-09T09:39:58.865103+00:00,scheduler,0,1,9029.6,24564.0,41,53.184
2026-06-09T09:40:03.865525+00:00,scheduler,0,1,12049.6,24564.0,41,53.503
2026-06-09T09:40:08.866055+00:00,scheduler,0,0,16773.6,24564.0,41,52.991
2026-06-09T09:40:13.866586+00:00,scheduler,0,0,16773.6,24564.0,41,53.172
2026-06-09T09:40:18.867168+00:00,scheduler,0,0,16773.6,24564.0,42,53.156
2026-06-09T09:40:23.868024+00:00,scheduler,0,0,16773.6,24564.0,41,37.959
2026-06-09T09:40:28.868581+00:00,scheduler,0,0,16773.6,24564.0,40,14.269
2026-06-09T09:40:33.869059+00:00,scheduler,0,0,16773.6,24564.0,40,14.538
2026-06-09T09:40:38.869476+00:00,scheduler,0,100,17797.6,24564.0,61,454.141
2026-06-09T09:40:43.869829+00:00,scheduler,0,100,17797.6,24564.0,62,448.714
2026-06-09T09:40:48.870350+00:00,scheduler,0,0,16773.6,24564.0,46,54.007
2026-06-09T09:40:53.870876+00:00,scheduler,0,0,16773.6,24564.0,45,53.651
2026-06-09T09:40:58.871403+00:00,scheduler,0,0,16773.6,24564.0,45,53.598
2026-06-09T09:41:03.871904+00:00,scheduler,0,0,16773.6,24564.0,43,35.041
2026-06-09T09:41:08.872445+00:00,scheduler,0,0,16773.6,24564.0,43,14.92
2026-06-09T09:41:13.872955+00:00,scheduler,0,0,16773.6,24564.0,42,14.912
2026-06-09T09:41:18.873448+00:00,scheduler,0,0,16773.6,24564.0,42,14.43
2026-06-09T09:41:23.873915+00:00,scheduler,0,0,16773.6,24564.0,42,14.291
2026-06-09T09:41:28.874714+00:00,scheduler,0,0,16773.6,24564.0,42,14.391
2026-06-09T09:41:33.875132+00:00,scheduler,0,0,16773.6,24564.0,41,14.605
2026-06-09T09:41:38.875525+00:00,scheduler,0,0,16773.6,24564.0,41,14.359
2026-06-09T09:41:43.875900+00:00,scheduler,0,0,16773.6,24564.0,41,14.208
2026-06-09T09:41:48.876344+00:00,scheduler,0,0,16773.6,24564.0,41,14.22
2026-06-09T09:41:53.876729+00:00,scheduler,0,0,16773.6,24564.0,41,14.099
2026-06-09T09:41:58.877225+00:00,scheduler,0,0,16773.6,24564.0,41,14.28
2026-06-09T09:42:03.877650+00:00,scheduler,0,0,16773.6,24564.0,40,14.037
2026-06-09T09:42:08.878108+00:00,scheduler,0,0,16773.6,24564.0,40,14.408
2026-06-09T09:42:13.878558+00:00,scheduler,0,0,16773.6,24564.0,42,52.508
2026-06-09T09:42:18.878978+00:00,scheduler,0,0,16773.6,24564.0,42,52.848
2026-06-09T09:42:23.879468+00:00,scheduler,0,0,16773.6,24564.0,42,52.419
2026-06-09T09:42:28.879874+00:00,scheduler,0,0,16773.6,24564.0,42,53.129
2026-06-09T09:42:33.880292+00:00,scheduler,0,0,16773.6,24564.0,42,52.847
2026-06-09T09:42:38.880712+00:00,scheduler,0,0,16773.6,24564.0,42,52.792
2026-06-09T09:42:43.881124+00:00,scheduler,0,0,16773.6,24564.0,42,52.604
2026-06-09T09:42:48.881554+00:00,scheduler,0,0,16773.6,24564.0,42,52.71
2026-06-09T09:42:53.881972+00:00,scheduler,0,0,16773.6,24564.0,42,53.154
2026-06-09T09:42:58.882440+00:00,scheduler,0,0,16773.6,24564.0,42,52.609
2026-06-09T09:43:03.883001+00:00,scheduler,0,0,16773.6,24564.0,42,52.912
2026-06-09T09:43:08.883563+00:00,scheduler,0,0,16773.6,24564.0,42,53.061
2026-06-09T09:43:13.883940+00:00,scheduler,0,0,16773.6,24564.0,43,52.933
2026-06-09T09:43:18.884362+00:00,scheduler,0,0,16773.6,24564.0,43,52.726
2026-06-09T09:43:23.884748+00:00,scheduler,0,4,16773.6,24564.0,43,52.472
2026-06-09T09:43:28.885130+00:00,scheduler,0,7,16773.6,24564.0,43,52.724
2026-06-09T09:43:33.885554+00:00,scheduler,0,5,16773.6,24564.0,43,52.773
2026-06-09T09:43:38.885962+00:00,scheduler,0,0,2229.6,24564.0,43,60.156
2026-06-09T09:43:43.886384+00:00,scheduler,0,4,4393.6,24564.0,43,52.973
2026-06-09T09:43:48.886803+00:00,scheduler,0,2,5877.6,24564.0,43,52.719
2026-06-09T09:43:53.889312+00:00,scheduler,0,0,6333.6,24564.0,43,52.759
2026-06-09T09:43:58.889715+00:00,scheduler,0,2,9673.6,24564.0,43,52.717
2026-06-09T09:44:03.890218+00:00,scheduler,0,0,10897.6,24564.0,43,52.969
2026-06-09T09:44:08.890601+00:00,scheduler,0,2,11887.6,24564.0,43,53.16
2026-06-09T09:44:13.891024+00:00,scheduler,0,1,12985.6,24564.0,43,53.112
2026-06-09T09:44:18.892735+00:00,scheduler,0,0,13687.6,24564.0,43,52.648
2026-06-09T09:44:23.893128+00:00,scheduler,0,1,14227.6,24564.0,43,53.157
2026-06-09T09:44:28.893593+00:00,scheduler,0,0,15091.6,24564.0,43,53.037
2026-06-09T09:44:33.894020+00:00,scheduler,0,0,16495.6,24564.0,43,53.062
2026-06-09T09:44:38.894491+00:00,scheduler,0,0,16773.6,24564.0,43,52.69
2026-06-09T09:44:43.894951+00:00,scheduler,0,0,16773.6,24564.0,43,52.731
2026-06-09T09:44:48.895394+00:00,scheduler,0,0,16773.6,24564.0,43,52.917
2026-06-09T09:44:53.895829+00:00,scheduler,0,0,16773.6,24564.0,42,45.601
2026-06-09T09:44:58.896321+00:00,scheduler,0,0,16773.6,24564.0,42,15.16
2026-06-09T09:45:03.896721+00:00,scheduler,0,0,16773.6,24564.0,41,14.819
2026-06-09T09:45:08.897099+00:00,scheduler,0,100,17797.6,24564.0,62,448.881
2026-06-09T09:45:13.897478+00:00,scheduler,0,100,17797.6,24564.0,63,448.482
2026-06-09T09:45:18.897877+00:00,scheduler,0,100,17797.6,24564.0,64,448.188
2026-06-09T09:45:23.898321+00:00,scheduler,0,100,17797.6,24564.0,65,448.612
2026-06-09T09:45:28.898764+00:00,scheduler,0,81,16773.6,24564.0,52,70.789
2026-06-09T09:45:33.899268+00:00,scheduler,0,0,16773.6,24564.0,49,54.741
2026-06-09T09:45:38.899639+00:00,scheduler,0,0,16773.6,24564.0,48,54.611
2026-06-09T09:45:43.900389+00:00,scheduler,0,0,16773.6,24564.0,48,54.663
2026-06-09T09:45:48.900791+00:00,scheduler,0,0,16773.6,24564.0,46,15.667
2026-06-09T09:45:53.901664+00:00,scheduler,0,0,16773.6,24564.0,45,15.758
2026-06-09T09:45:58.902059+00:00,scheduler,0,0,16773.6,24564.0,44,15.444
2026-06-09T09:46:03.902512+00:00,scheduler,0,0,16773.6,24564.0,44,15.381
2026-06-09T09:46:08.902880+00:00,scheduler,0,0,16773.6,24564.0,43,14.91
2026-06-09T09:46:13.903291+00:00,scheduler,0,9,16773.6,24564.0,44,54.398
2026-06-09T09:46:18.903699+00:00,scheduler,0,7,16773.6,24564.0,44,54.359
2026-06-09T09:46:23.904113+00:00,scheduler,0,0,1487.6,24564.0,44,58.958
2026-06-09T09:46:28.904568+00:00,scheduler,0,0,1487.6,24564.0,44,53.335
2026-06-09T09:46:33.904943+00:00,scheduler,0,0,1487.6,24564.0,44,53.503
2026-06-09T09:46:38.905445+00:00,scheduler,0,0,1487.6,24564.0,42,17.308
2026-06-09T09:46:43.905867+00:00,scheduler,0,0,1487.6,24564.0,42,15.041
2026-06-09T09:46:48.906394+00:00,scheduler,0,0,1487.6,24564.0,41,14.601
2026-06-09T09:46:53.906773+00:00,scheduler,0,0,1487.6,24564.0,41,15.109
2026-06-09T09:46:58.907202+00:00,scheduler,0,0,1487.6,24564.0,41,14.85
2026-06-09T09:47:03.907548+00:00,scheduler,0,0,1487.6,24564.0,41,14.735
2026-06-09T09:47:08.911402+00:00,scheduler,0,0,1487.6,24564.0,41,14.555
2026-06-09T09:47:13.911758+00:00,scheduler,0,0,1487.6,24564.0,40,14.553
2026-06-09T09:47:18.912981+00:00,scheduler,0,0,1487.6,24564.0,40,14.858
2026-06-09T09:47:23.914523+00:00,scheduler,0,0,1487.6,24564.0,40,14.895
2026-06-09T09:47:28.914912+00:00,scheduler,0,0,1487.6,24564.0,40,14.884
2026-06-09T09:47:33.915299+00:00,scheduler,0,0,1487.6,24564.0,40,14.964
2026-06-09T09:47:38.917332+00:00,scheduler,0,0,1487.6,24564.0,40,15.233
2026-06-09T09:47:43.917770+00:00,scheduler,0,0,1487.6,24564.0,40,15.136
2026-06-09T09:47:48.919221+00:00,scheduler,0,0,1487.6,24564.0,40,15.191
2026-06-09T09:47:53.920897+00:00,scheduler,0,0,1487.6,24564.0,40,14.777
2026-06-09T09:47:58.921311+00:00,scheduler,0,0,1487.6,24564.0,40,14.531
2026-06-09T09:48:03.922969+00:00,scheduler,0,0,1487.6,24564.0,40,14.616
2026-06-09T09:48:08.925282+00:00,scheduler,0,0,1487.6,24564.0,39,14.688
2026-06-09T09:48:13.925826+00:00,scheduler,0,0,1487.6,24564.0,39,14.608
2026-06-09T09:48:18.927205+00:00,scheduler,0,0,1487.6,24564.0,39,14.194
2026-06-09T09:48:23.928398+00:00,scheduler,0,0,1487.6,24564.0,39,14.632
2026-06-09T09:48:28.928787+00:00,scheduler,0,2,3161.6,24564.0,41,52.886
2026-06-09T09:48:33.929687+00:00,scheduler,0,1,5149.6,24564.0,41,52.916
2026-06-09T09:48:38.930639+00:00,scheduler,0,2,7177.6,24564.0,41,53.043
2026-06-09T09:48:43.932167+00:00,scheduler,0,0,8253.6,24564.0,41,53.341
2026-06-09T09:48:48.940757+00:00,scheduler,0,1,9069.6,24564.0,41,53.096
2026-06-09T09:48:53.941867+00:00,scheduler,0,2,10033.6,24564.0,42,53.134
2026-06-09T09:48:58.942327+00:00,scheduler,0,2,11473.6,24564.0,42,52.988
2026-06-09T09:49:03.942873+00:00,scheduler,0,1,12517.6,24564.0,42,53.134
2026-06-09T09:49:08.947140+00:00,scheduler,0,1,13525.6,24564.0,42,53.606
2026-06-09T09:49:13.972001+00:00,scheduler,0,0,16773.6,24564.0,42,53.417
2026-06-09T09:49:18.972605+00:00,scheduler,0,0,16773.6,24564.0,42,53.51
2026-06-09T09:49:23.974146+00:00,scheduler,0,0,16773.6,24564.0,42,53.493
2026-06-09T09:49:28.974577+00:00,scheduler,0,0,16773.6,24564.0,41,53.315
2026-06-09T09:49:33.975010+00:00,scheduler,0,0,16773.6,24564.0,41,14.173
2026-06-09T09:49:38.975466+00:00,scheduler,0,0,16773.6,24564.0,40,14.436
2026-06-09T09:49:43.975935+00:00,scheduler,0,0,16773.6,24564.0,40,14.121
2026-06-09T09:49:48.976410+00:00,scheduler,0,0,16773.6,24564.0,40,14.638
2026-06-09T09:49:53.976827+00:00,scheduler,0,100,17797.6,24564.0,61,449.16
2026-06-09T09:49:58.977268+00:00,scheduler,0,100,20203.6,24564.0,60,447.642
2026-06-09T09:50:03.977679+00:00,scheduler,0,0,16773.6,24564.0,45,54.048
2026-06-09T09:50:08.978112+00:00,scheduler,0,0,16773.6,24564.0,45,53.892
2026-06-09T09:50:13.978548+00:00,scheduler,0,0,16773.6,24564.0,44,53.853
2026-06-09T09:50:18.978990+00:00,scheduler,0,0,16773.6,24564.0,43,17.032
2026-06-09T09:50:23.979460+00:00,scheduler,0,0,16773.6,24564.0,43,15.028
2026-06-09T09:50:28.979907+00:00,scheduler,0,0,16773.6,24564.0,42,14.946
2026-06-09T09:50:33.980378+00:00,scheduler,0,0,16773.6,24564.0,42,14.402
2026-06-09T09:50:38.980761+00:00,scheduler,0,0,16773.6,24564.0,42,14.826
2026-06-09T09:50:43.981180+00:00,scheduler,0,0,16773.6,24564.0,41,14.379
2026-06-09T09:50:48.981570+00:00,scheduler,0,0,16773.6,24564.0,41,14.144
2026-06-09T09:50:53.982016+00:00,scheduler,0,0,16773.6,24564.0,41,14.387
2026-06-09T09:50:58.982490+00:00,scheduler,0,0,16773.6,24564.0,41,14.375
2026-06-09T09:51:03.982875+00:00,scheduler,0,0,16773.6,24564.0,41,14.325
2026-06-09T09:51:08.983307+00:00,scheduler,0,1,16773.6,24564.0,42,52.862
2026-06-09T09:51:13.983732+00:00,scheduler,0,1,16773.6,24564.0,42,52.919
2026-06-09T09:51:18.984126+00:00,scheduler,0,0,16773.6,24564.0,42,53.158
2026-06-09T09:51:23.984492+00:00,scheduler,0,0,16773.6,24564.0,42,53.459
2026-06-09T09:51:28.984867+00:00,scheduler,0,0,16773.6,24564.0,42,53.49
2026-06-09T09:51:33.985255+00:00,scheduler,0,0,16773.6,24564.0,42,53.463
2026-06-09T09:51:38.985613+00:00,scheduler,0,0,16773.6,24564.0,43,53.075
2026-06-09T09:51:43.985981+00:00,scheduler,0,0,16773.6,24564.0,43,53.179
2026-06-09T09:51:48.986394+00:00,scheduler,0,0,16773.6,24564.0,43,53.505
2026-06-09T09:51:53.986785+00:00,scheduler,0,0,16773.6,24564.0,43,53.653
2026-06-09T09:51:58.987180+00:00,scheduler,0,0,16773.6,24564.0,43,53.674
2026-06-09T09:52:03.987570+00:00,scheduler,0,0,16773.6,24564.0,43,53.539
2026-06-09T09:52:08.987965+00:00,scheduler,0,0,16773.6,24564.0,43,53.228
2026-06-09T09:52:13.988356+00:00,scheduler,0,0,16773.6,24564.0,43,53.282
2026-06-09T09:52:18.988759+00:00,scheduler,0,0,16773.6,24564.0,43,53.537
2026-06-09T09:52:23.989136+00:00,scheduler,0,0,16773.6,24564.0,43,54.109
2026-06-09T09:52:28.989535+00:00,scheduler,0,0,16773.6,24564.0,43,54.045
2026-06-09T09:52:33.989922+00:00,scheduler,0,7,16773.6,24564.0,43,54.208
2026-06-09T09:52:38.990380+00:00,scheduler,0,0,16773.6,24564.0,43,53.782
2026-06-09T09:52:43.990858+00:00,scheduler,0,1,16773.6,24564.0,43,53.897
2026-06-09T09:52:48.991395+00:00,scheduler,0,0,16773.6,24564.0,43,53.856
2026-06-09T09:52:53.991905+00:00,scheduler,0,0,16773.6,24564.0,43,53.88
2026-06-09T09:52:58.992424+00:00,scheduler,0,0,1487.6,24564.0,43,58.705
2026-06-09T09:53:03.992933+00:00,scheduler,0,24,16495.6,24564.0,43,54.42
2026-06-09T09:53:08.993392+00:00,scheduler,0,0,16773.6,24564.0,43,53.584
2026-06-09T09:53:13.993812+00:00,scheduler,0,0,16773.6,24564.0,43,53.482
2026-06-09T09:53:18.994259+00:00,scheduler,0,0,16773.6,24564.0,43,53.513
2026-06-09T09:53:23.994701+00:00,scheduler,0,0,16773.6,24564.0,41,20.821
2026-06-09T09:53:28.995131+00:00,scheduler,0,0,16773.6,24564.0,41,14.795
2026-06-09T09:53:33.995551+00:00,scheduler,0,0,16773.6,24564.0,41,14.693
2026-06-09T09:53:38.995942+00:00,scheduler,0,0,16773.6,24564.0,41,14.808
2026-06-09T09:53:43.996386+00:00,scheduler,0,0,16773.6,24564.0,41,14.48
2026-06-09T09:53:48.996945+00:00,scheduler,0,100,17797.6,24564.0,62,450.599
2026-06-09T09:53:53.997354+00:00,scheduler,0,100,17797.6,24564.0,61,448.717
2026-06-09T09:53:58.997755+00:00,scheduler,0,100,17797.6,24564.0,63,449.604
2026-06-09T09:54:03.998137+00:00,scheduler,0,100,17797.6,24564.0,65,448.933
2026-06-09T09:54:08.998650+00:00,scheduler,0,0,20203.6,24564.0,52,94.02
2026-06-09T09:54:13.999106+00:00,scheduler,0,0,16773.6,24564.0,49,54.576
2026-06-09T09:54:18.999511+00:00,scheduler,0,0,16773.6,24564.0,48,54.602
2026-06-09T09:54:23.999874+00:00,scheduler,0,0,16773.6,24564.0,48,54.457
2026-06-09T09:54:29.000278+00:00,scheduler,0,0,16773.6,24564.0,46,16.024
2026-06-09T09:54:34.000654+00:00,scheduler,0,0,16773.6,24564.0,45,15.832
2026-06-09T09:54:39.001089+00:00,scheduler,0,0,16773.6,24564.0,44,15.602
2026-06-09T09:54:44.001625+00:00,scheduler,0,0,16773.6,24564.0,44,15.286
2026-06-09T09:54:49.002001+00:00,scheduler,0,0,16773.6,24564.0,43,15.192
2026-06-09T09:54:54.002403+00:00,scheduler,0,0,16773.6,24564.0,43,15.188
2026-06-09T09:54:59.002801+00:00,scheduler,0,0,16773.6,24564.0,42,15.322
2026-06-09T09:55:04.003202+00:00,scheduler,0,0,16773.6,24564.0,42,14.987
2026-06-09T09:55:09.003572+00:00,scheduler,0,0,16773.6,24564.0,42,15.285
2026-06-09T09:55:14.003939+00:00,scheduler,0,0,16773.6,24564.0,42,14.864
2026-06-09T09:55:19.004336+00:00,scheduler,0,0,16773.6,24564.0,41,15.008
2026-06-09T09:55:24.004703+00:00,scheduler,0,0,16773.6,24564.0,41,14.848
2026-06-09T09:55:29.010568+00:00,scheduler,0,0,16773.6,24564.0,42,52.34
2026-06-09T09:55:34.011127+00:00,scheduler,0,0,16773.6,24564.0,42,53.034
2026-06-09T09:55:39.011529+00:00,scheduler,0,1,16773.6,24564.0,42,52.543
2026-06-09T09:55:44.011935+00:00,scheduler,0,0,16773.6,24564.0,43,52.685
2026-06-09T09:55:49.012369+00:00,scheduler,0,0,16773.6,24564.0,43,52.753
2026-06-09T09:55:54.012849+00:00,scheduler,0,8,16773.6,24564.0,43,53.726
2026-06-09T09:55:59.013285+00:00,scheduler,0,5,16773.6,24564.0,43,53.648
2026-06-09T09:56:04.013704+00:00,scheduler,0,0,1487.6,24564.0,43,65.863
2026-06-09T09:56:09.014263+00:00,scheduler,0,0,1487.6,24564.0,43,53.451
2026-06-09T09:56:14.014704+00:00,scheduler,0,0,1487.6,24564.0,43,53.351
2026-06-09T09:56:19.015176+00:00,scheduler,0,0,1487.6,24564.0,43,53.294
2026-06-09T09:56:24.015702+00:00,scheduler,0,0,1487.6,24564.0,41,14.421
2026-06-09T09:56:29.016277+00:00,scheduler,0,0,1487.6,24564.0,41,14.526
2026-06-09T09:56:34.018269+00:00,scheduler,0,0,1487.6,24564.0,41,14.243
2026-06-09T09:56:39.018772+00:00,scheduler,0,0,1487.6,24564.0,40,14.249
2026-06-09T09:56:44.019243+00:00,scheduler,0,0,1487.6,24564.0,40,14.309
2026-06-09T09:56:49.019689+00:00,scheduler,0,0,1487.6,24564.0,40,13.95
2026-06-09T09:56:54.020109+00:00,scheduler,0,0,1487.6,24564.0,40,13.995
2026-06-09T09:56:59.020541+00:00,scheduler,0,0,1487.6,24564.0,40,14.113
2026-06-09T09:57:04.021140+00:00,scheduler,0,0,1487.6,24564.0,40,14.36
2026-06-09T09:57:09.023173+00:00,scheduler,0,0,1487.6,24564.0,40,14.234
2026-06-09T09:57:14.023697+00:00,scheduler,0,0,1487.6,24564.0,40,14.187
2026-06-09T09:57:19.024102+00:00,scheduler,0,0,1487.6,24564.0,40,13.97
2026-06-09T09:57:24.024594+00:00,scheduler,0,0,1487.6,24564.0,39,14.071
2026-06-09T09:57:29.025016+00:00,scheduler,0,0,1487.6,24564.0,39,13.921
2026-06-09T09:57:34.025431+00:00,scheduler,0,0,1487.6,24564.0,39,14.113
2026-06-09T09:57:39.026888+00:00,scheduler,0,0,1487.6,24564.0,39,14.067
2026-06-09T09:57:44.027332+00:00,scheduler,0,0,1487.6,24564.0,39,14.384
2026-06-09T09:57:49.027706+00:00,scheduler,0,4,6449.6,24564.0,41,53.097
2026-06-09T09:57:54.028058+00:00,scheduler,0,2,14155.6,24564.0,41,51.968
2026-06-09T09:57:59.028487+00:00,scheduler,0,2,15793.6,24564.0,41,51.841
2026-06-09T09:58:04.029003+00:00,scheduler,0,0,16709.6,24564.0,41,52.565
2026-06-09T09:58:09.029392+00:00,scheduler,0,0,16773.6,24564.0,41,51.933
2026-06-09T09:58:14.029786+00:00,scheduler,0,0,16773.6,24564.0,41,52.142
2026-06-09T09:58:19.030177+00:00,scheduler,0,0,16773.6,24564.0,42,52.064
2026-06-09T09:58:24.030571+00:00,scheduler,0,0,16773.6,24564.0,40,16.841
2026-06-09T09:58:29.030981+00:00,scheduler,0,0,16773.6,24564.0,40,15.347
2026-06-09T09:58:34.031381+00:00,scheduler,0,0,16773.6,24564.0,40,15.111
2026-06-09T09:58:39.031771+00:00,scheduler,0,0,16773.6,24564.0,40,15.199
2026-06-09T09:58:44.033247+00:00,scheduler,0,100,17795.6,24564.0,60,101.042
2026-06-09T09:58:49.033615+00:00,scheduler,0,100,17797.6,24564.0,62,448.704
2026-06-09T09:58:54.033982+00:00,scheduler,0,0,16773.6,24564.0,46,66.735
2026-06-09T09:58:59.034379+00:00,scheduler,0,0,16773.6,24564.0,45,52.339
2026-06-09T09:59:04.034766+00:00,scheduler,0,0,16773.6,24564.0,44,52.476
2026-06-09T09:59:09.035207+00:00,scheduler,0,0,16773.6,24564.0,44,52.043
2026-06-09T09:59:14.035738+00:00,scheduler,0,0,16773.6,24564.0,43,15.538
2026-06-09T09:59:19.036151+00:00,scheduler,0,0,16773.6,24564.0,42,15.205
2026-06-09T09:59:24.036584+00:00,scheduler,0,0,16773.6,24564.0,42,15.216
2026-06-09T09:59:29.037025+00:00,scheduler,0,0,16773.6,24564.0,42,14.999
2026-06-09T09:59:34.037422+00:00,scheduler,0,0,16773.6,24564.0,41,14.89
2026-06-09T09:59:39.037805+00:00,scheduler,0,0,16773.6,24564.0,41,15.161
2026-06-09T09:59:44.038216+00:00,scheduler,0,0,16773.6,24564.0,41,15.131
2026-06-09T09:59:49.038641+00:00,scheduler,0,0,16773.6,24564.0,41,14.964
2026-06-09T09:59:54.039116+00:00,scheduler,0,0,16773.6,24564.0,41,15.313
2026-06-09T09:59:59.039525+00:00,scheduler,0,0,16773.6,24564.0,40,15.059
2026-06-09T10:00:04.041637+00:00,scheduler,0,0,16773.6,24564.0,40,15.069
2026-06-09T10:00:09.042132+00:00,scheduler,0,5,16773.6,24564.0,41,26.199
2026-06-09T10:00:14.043776+00:00,scheduler,0,0,16773.6,24564.0,42,52.697
2026-06-09T10:00:19.044248+00:00,scheduler,0,0,16773.6,24564.0,42,52.645
2026-06-09T10:00:24.044716+00:00,scheduler,0,0,16773.6,24564.0,42,52.295
2026-06-09T10:00:29.045260+00:00,scheduler,0,0,16773.6,24564.0,42,52.207
2026-06-09T10:00:34.045634+00:00,scheduler,0,0,16773.6,24564.0,42,52.288
2026-06-09T10:00:39.046051+00:00,scheduler,0,0,16773.6,24564.0,42,51.813
2026-06-09T10:00:44.046626+00:00,scheduler,0,0,16773.6,24564.0,42,51.998
2026-06-09T10:00:49.047159+00:00,scheduler,0,0,16773.6,24564.0,42,52.014
2026-06-09T10:00:54.047642+00:00,scheduler,0,0,16773.6,24564.0,42,51.876
2026-06-09T10:00:59.048048+00:00,scheduler,0,0,16773.6,24564.0,42,51.945
2026-06-09T10:01:04.048477+00:00,scheduler,0,0,16773.6,24564.0,42,52.206
2026-06-09T10:01:09.048910+00:00,scheduler,0,0,16773.6,24564.0,42,52.646
2026-06-09T10:01:14.049480+00:00,scheduler,0,8,16773.6,24564.0,42,52.511
2026-06-09T10:01:19.050035+00:00,scheduler,0,0,1487.6,24564.0,43,66.103
2026-06-09T10:01:24.050662+00:00,scheduler,0,2,4761.6,24564.0,42,51.906
2026-06-09T10:01:29.051032+00:00,scheduler,0,1,6653.6,24564.0,42,51.837
2026-06-09T10:01:34.051466+00:00,scheduler,0,2,7817.6,24564.0,42,52.025
2026-06-09T10:01:39.051856+00:00,scheduler,0,0,9339.6,24564.0,42,52.347
2026-06-09T10:01:44.052316+00:00,scheduler,0,0,10897.6,24564.0,42,52.594
2026-06-09T10:01:49.052741+00:00,scheduler,0,2,12049.6,24564.0,42,52.392
2026-06-09T10:01:54.053152+00:00,scheduler,0,0,13219.6,24564.0,42,52.62
2026-06-09T10:01:59.053573+00:00,scheduler,0,2,14857.6,24564.0,42,52.343
2026-06-09T10:02:04.054059+00:00,scheduler,0,0,16333.6,24564.0,42,52.493
2026-06-09T10:02:09.054617+00:00,scheduler,0,0,16773.6,24564.0,42,52.098
2026-06-09T10:02:14.055118+00:00,scheduler,0,0,16773.6,24564.0,42,51.984
2026-06-09T10:02:19.055522+00:00,scheduler,0,0,16773.6,24564.0,42,51.797
2026-06-09T10:02:24.056033+00:00,scheduler,0,0,16773.6,24564.0,41,33.629
2026-06-09T10:02:29.056749+00:00,scheduler,0,0,16773.6,24564.0,41,15.012
2026-06-09T10:02:34.057316+00:00,scheduler,0,0,16773.6,24564.0,41,15.115
2026-06-09T10:02:39.057739+00:00,scheduler,0,0,16773.6,24564.0,41,14.935
2026-06-09T10:02:44.058169+00:00,scheduler,0,0,16773.6,24564.0,40,14.961
2026-06-09T10:02:49.058585+00:00,scheduler,0,100,17797.6,24564.0,61,449.962
2026-06-09T10:02:54.058971+00:00,scheduler,0,100,17797.6,24564.0,62,448.196
2026-06-09T10:02:59.059400+00:00,scheduler,0,100,17797.6,24564.0,63,448.386
2026-06-09T10:03:04.059764+00:00,scheduler,0,100,17797.6,24564.0,64,449.795
2026-06-09T10:03:09.060148+00:00,scheduler,0,0,17359.6,24564.0,52,125.684
2026-06-09T10:03:14.060543+00:00,scheduler,0,0,16773.6,24564.0,49,55.051
2026-06-09T10:03:19.060961+00:00,scheduler,0,0,16773.6,24564.0,48,54.739
2026-06-09T10:03:24.061382+00:00,scheduler,0,0,16773.6,24564.0,48,54.585
2026-06-09T10:03:29.061766+00:00,scheduler,0,0,16773.6,24564.0,46,15.798
2026-06-09T10:03:34.062186+00:00,scheduler,0,0,16773.6,24564.0,45,15.861
2026-06-09T10:03:39.062566+00:00,scheduler,0,0,16773.6,24564.0,44,15.603
2026-06-09T10:03:44.062966+00:00,scheduler,0,0,16773.6,24564.0,44,15.611
2026-06-09T10:03:49.063375+00:00,scheduler,0,0,16773.6,24564.0,43,15.316
2026-06-09T10:03:54.063738+00:00,scheduler,0,0,16773.6,24564.0,43,15.094
2026-06-09T10:03:59.064179+00:00,scheduler,0,0,16773.6,24564.0,42,14.886
2026-06-09T10:04:04.064680+00:00,scheduler,0,0,16773.6,24564.0,42,14.85
2026-06-09T10:04:09.065044+00:00,scheduler,0,0,16773.6,24564.0,42,14.882
2026-06-09T10:04:14.065462+00:00,scheduler,0,0,16773.6,24564.0,42,14.761
2026-06-09T10:04:19.065866+00:00,scheduler,0,0,16773.6,24564.0,41,14.948
2026-06-09T10:04:24.066359+00:00,scheduler,0,0,16773.6,24564.0,41,14.498
2026-06-09T10:04:29.066752+00:00,scheduler,0,0,16773.6,24564.0,41,14.479
2026-06-09T10:04:34.067149+00:00,scheduler,0,0,16773.6,24564.0,41,14.345
2026-06-09T10:04:39.067552+00:00,scheduler,0,0,16773.6,24564.0,41,14.249
2026-06-09T10:04:44.067955+00:00,scheduler,0,0,16773.6,24564.0,40,14.453
2026-06-09T10:04:49.068399+00:00,scheduler,0,0,16773.6,24564.0,40,14.585
2026-06-09T10:04:54.068896+00:00,scheduler,0,0,16773.6,24564.0,40,14.675
2026-06-09T10:04:59.069437+00:00,scheduler,0,7,16773.6,24564.0,42,53.442
2026-06-09T10:05:04.069936+00:00,scheduler,0,0,16773.6,24564.0,42,53.247
2026-06-09T10:05:09.070659+00:00,scheduler,0,0,1487.6,24564.0,42,63.557
2026-06-09T10:05:14.071151+00:00,scheduler,0,0,1487.6,24564.0,42,53.179
2026-06-09T10:05:19.071632+00:00,scheduler,0,0,1487.6,24564.0,42,53.527
2026-06-09T10:05:24.072006+00:00,scheduler,0,0,1487.6,24564.0,41,39.005
2026-06-09T10:05:29.072433+00:00,scheduler,0,0,1487.6,24564.0,40,14.863
2026-06-09T10:05:34.072949+00:00,scheduler,0,0,1487.6,24564.0,40,14.353
2026-06-09T10:05:39.073446+00:00,scheduler,0,0,1487.6,24564.0,40,14.838
2026-06-09T10:05:44.073854+00:00,scheduler,0,0,1487.6,24564.0,40,15.013
2026-06-09T10:05:49.074397+00:00,scheduler,0,0,1487.6,24564.0,40,14.91
2026-06-09T10:05:54.074814+00:00,scheduler,0,0,1487.6,24564.0,40,14.716
2026-06-09T10:05:59.075295+00:00,scheduler,0,0,1487.6,24564.0,40,14.901
2026-06-09T10:06:04.075774+00:00,scheduler,0,0,1487.6,24564.0,40,14.971
2026-06-09T10:06:09.076273+00:00,scheduler,0,0,1487.6,24564.0,39,15.322
2026-06-09T10:06:14.076681+00:00,scheduler,0,0,1487.6,24564.0,39,14.965
2026-06-09T10:06:19.077105+00:00,scheduler,0,0,1487.6,24564.0,39,15.148
2026-06-09T10:06:24.077491+00:00,scheduler,0,0,1487.6,24564.0,39,14.859
2026-06-09T10:06:29.078630+00:00,scheduler,0,0,1487.6,24564.0,39,14.844
2026-06-09T10:06:34.078985+00:00,scheduler,0,0,1487.6,24564.0,39,14.745
2026-06-09T10:06:39.079416+00:00,scheduler,0,0,1487.6,24564.0,39,14.588
2026-06-09T10:06:44.079837+00:00,scheduler,0,0,1487.6,24564.0,39,14.818
2026-06-09T10:06:49.080385+00:00,scheduler,0,2,4169.6,24564.0,40,51.787
2026-06-09T10:06:54.081945+00:00,scheduler,0,1,5489.6,24564.0,41,52.023
2026-06-09T10:06:59.082423+00:00,scheduler,0,17,8729.6,24564.0,41,52.464
2026-06-09T10:07:04.082784+00:00,scheduler,0,2,10051.6,24564.0,41,52.199
2026-06-09T10:07:09.083373+00:00,scheduler,0,2,11059.6,24564.0,41,52.082
2026-06-09T10:07:14.083741+00:00,scheduler,0,1,12517.6,24564.0,41,52.324
2026-06-09T10:07:19.084395+00:00,scheduler,0,20,16603.6,24564.0,42,52.86
2026-06-09T10:07:24.084828+00:00,scheduler,0,0,16773.6,24564.0,42,51.74
2026-06-09T10:07:29.085399+00:00,scheduler,0,0,16773.6,24564.0,42,52.002
2026-06-09T10:07:34.085808+00:00,scheduler,0,0,16773.6,24564.0,42,51.822
2026-06-09T10:07:39.086244+00:00,scheduler,0,0,16773.6,24564.0,41,17.412
2026-06-09T10:07:44.086658+00:00,scheduler,0,0,16773.6,24564.0,40,15.126
2026-06-09T10:07:49.087053+00:00,scheduler,0,0,16773.6,24564.0,40,15.254
2026-06-09T10:07:54.087604+00:00,scheduler,0,0,16773.6,24564.0,40,15.479
2026-06-09T10:07:59.087994+00:00,scheduler,0,0,16773.6,24564.0,40,15.461
2026-06-09T10:08:04.088436+00:00,scheduler,0,0,16773.6,24564.0,40,15.442
2026-06-09T10:08:09.088793+00:00,scheduler,0,100,17797.6,24564.0,60,451.796
2026-06-09T10:08:14.089214+00:00,scheduler,0,100,17797.6,24564.0,61,449.001
2026-06-09T10:08:19.089681+00:00,scheduler,0,0,16773.6,24564.0,45,52.996
2026-06-09T10:08:24.090233+00:00,scheduler,0,0,16773.6,24564.0,45,52.525
2026-06-09T10:08:29.090792+00:00,scheduler,0,0,16773.6,24564.0,44,53.191
2026-06-09T10:08:34.091508+00:00,scheduler,0,0,16773.6,24564.0,43,29.556
2026-06-09T10:08:39.092938+00:00,scheduler,0,0,16773.6,24564.0,42,15.699
2026-06-09T10:08:44.093468+00:00,scheduler,0,0,16773.6,24564.0,42,15.293
2026-06-09T10:08:49.094059+00:00,scheduler,0,0,16773.6,24564.0,42,15.354
2026-06-09T10:08:54.094550+00:00,scheduler,0,0,16773.6,24564.0,41,15.21
2026-06-09T10:08:59.095020+00:00,scheduler,0,0,16773.6,24564.0,41,15.067
2026-06-09T10:09:04.095534+00:00,scheduler,0,0,16773.6,24564.0,41,15.02
2026-06-09T10:09:09.096121+00:00,scheduler,0,0,16773.6,24564.0,41,14.823
2026-06-09T10:09:14.096654+00:00,scheduler,0,0,16773.6,24564.0,41,14.541
2026-06-09T10:09:19.097166+00:00,scheduler,0,0,16773.6,24564.0,40,14.44
2026-06-09T10:09:24.097695+00:00,scheduler,0,0,16773.6,24564.0,40,14.939
2026-06-09T10:09:29.098209+00:00,scheduler,0,0,16773.6,24564.0,42,52.384
2026-06-09T10:09:34.098712+00:00,scheduler,0,0,16773.6,24564.0,42,52.683
2026-06-09T10:09:39.099235+00:00,scheduler,0,0,16773.6,24564.0,42,52.663
2026-06-09T10:09:44.099624+00:00,scheduler,0,0,16773.6,24564.0,42,52.563
2026-06-09T10:09:49.100023+00:00,scheduler,0,0,16773.6,24564.0,42,52.447
2026-06-09T10:09:54.100430+00:00,scheduler,0,0,16773.6,24564.0,42,52.428
2026-06-09T10:09:59.102123+00:00,scheduler,0,0,16773.6,24564.0,42,52.392
2026-06-09T10:10:04.102520+00:00,scheduler,0,0,16773.6,24564.0,42,52.695
2026-06-09T10:10:09.102953+00:00,scheduler,0,0,16773.6,24564.0,42,52.671
2026-06-09T10:10:14.103412+00:00,scheduler,0,0,16773.6,24564.0,42,52.386
2026-06-09T10:10:19.103931+00:00,scheduler,0,0,16773.6,24564.0,42,52.681
2026-06-09T10:10:24.104434+00:00,scheduler,0,0,16773.6,24564.0,42,53.262
2026-06-09T10:10:29.104967+00:00,scheduler,0,0,16773.6,24564.0,42,52.771
2026-06-09T10:10:34.105544+00:00,scheduler,0,0,16773.6,24564.0,42,52.94
2026-06-09T10:10:39.106049+00:00,scheduler,0,10,3161.6,24564.0,43,52.201
2026-06-09T10:10:44.106575+00:00,scheduler,0,20,8069.6,24564.0,43,52.197
2026-06-09T10:10:49.107982+00:00,scheduler,0,4,13219.6,24564.0,43,52.718
2026-06-09T10:10:54.108519+00:00,scheduler,0,0,16773.6,24564.0,43,51.771
2026-06-09T10:10:59.108917+00:00,scheduler,0,0,16773.6,24564.0,43,52.054
2026-06-09T10:11:04.109358+00:00,scheduler,0,0,16773.6,24564.0,43,51.813
2026-06-09T10:11:09.109761+00:00,scheduler,0,0,16773.6,24564.0,43,51.934
2026-06-09T10:11:14.110205+00:00,scheduler,0,0,16773.6,24564.0,41,15.436
2026-06-09T10:11:19.111560+00:00,scheduler,0,0,16773.6,24564.0,41,15.039
2026-06-09T10:11:24.111961+00:00,scheduler,0,0,16773.6,24564.0,41,14.834
2026-06-09T10:11:29.113366+00:00,scheduler,0,100,17797.6,24564.0,62,448.698
2026-06-09T10:11:34.113737+00:00,scheduler,0,100,17797.6,24564.0,62,449.177
2026-06-09T10:11:39.115457+00:00,scheduler,0,100,17797.6,24564.0,63,448.923
2026-06-09T10:11:44.115857+00:00,scheduler,0,100,17797.6,24564.0,65,449.59
2026-06-09T10:11:49.116281+00:00,scheduler,0,0,16773.6,24564.0,51,68.0
2026-06-09T10:11:54.116711+00:00,scheduler,0,0,16773.6,24564.0,49,54.581
2026-06-09T10:11:59.117194+00:00,scheduler,0,0,16773.6,24564.0,48,54.458
2026-06-09T10:12:04.117696+00:00,scheduler,0,0,16773.6,24564.0,47,43.562
2026-06-09T10:12:09.118110+00:00,scheduler,0,0,16773.6,24564.0,45,16.172
2026-06-09T10:12:14.118473+00:00,scheduler,0,0,16773.6,24564.0,45,16.006
2026-06-09T10:12:19.118825+00:00,scheduler,0,0,16773.6,24564.0,44,16.12
2026-06-09T10:12:24.119220+00:00,scheduler,0,0,16773.6,24564.0,44,15.832
2026-06-09T10:12:29.119584+00:00,scheduler,0,0,16773.6,24564.0,43,15.653
2026-06-09T10:12:34.121103+00:00,scheduler,0,0,16773.6,24564.0,43,15.317
2026-06-09T10:12:39.121583+00:00,scheduler,0,0,16773.6,24564.0,42,14.876
2026-06-09T10:12:44.121957+00:00,scheduler,0,0,16773.6,24564.0,42,14.847
2026-06-09T10:12:49.122338+00:00,scheduler,0,0,16773.6,24564.0,42,14.881
2026-06-09T10:12:54.122699+00:00,scheduler,0,10,16773.6,24564.0,43,53.7
2026-06-09T10:12:59.123075+00:00,scheduler,0,0,16773.6,24564.0,43,53.753
2026-06-09T10:13:04.123506+00:00,scheduler,0,0,16773.6,24564.0,43,53.634
2026-06-09T10:13:09.124022+00:00,scheduler,0,99,1487.6,24564.0,43,57.525
2026-06-09T10:13:14.124561+00:00,scheduler,0,0,1487.6,24564.0,43,52.809
2026-06-09T10:13:19.124993+00:00,scheduler,0,0,1487.6,24564.0,43,52.972
2026-06-09T10:13:24.125460+00:00,scheduler,0,0,1487.6,24564.0,43,52.754
2026-06-09T10:13:29.125849+00:00,scheduler,0,0,1487.6,24564.0,42,15.496
2026-06-09T10:13:34.126242+00:00,scheduler,0,0,1487.6,24564.0,41,15.068
2026-06-09T10:13:39.126709+00:00,scheduler,0,0,1487.6,24564.0,41,15.261
2026-06-09T10:13:44.127096+00:00,scheduler,0,0,1487.6,24564.0,41,15.124
2026-06-09T10:13:49.127507+00:00,scheduler,0,0,1487.6,24564.0,41,14.921
2026-06-09T10:13:54.128861+00:00,scheduler,0,0,1487.6,24564.0,40,14.88
2026-06-09T10:13:59.129400+00:00,scheduler,0,0,1487.6,24564.0,40,15.165
2026-06-09T10:14:04.129936+00:00,scheduler,0,0,1487.6,24564.0,40,15.041
2026-06-09T10:14:09.130419+00:00,scheduler,0,0,1487.6,24564.0,40,14.838
2026-06-09T10:14:14.130858+00:00,scheduler,0,0,1487.6,24564.0,40,15.152
2026-06-09T10:14:19.131314+00:00,scheduler,0,0,1487.6,24564.0,40,15.333
2026-06-09T10:14:24.131695+00:00,scheduler,0,0,1487.6,24564.0,40,15.134
2026-06-09T10:14:29.132134+00:00,scheduler,0,0,1487.6,24564.0,40,14.923
2026-06-09T10:14:34.132849+00:00,scheduler,0,0,1487.6,24564.0,40,15.111
2026-06-09T10:14:39.133254+00:00,scheduler,0,0,1487.6,24564.0,39,15.115
2026-06-09T10:14:44.133710+00:00,scheduler,0,0,1487.6,24564.0,39,15.023
2026-06-09T10:14:49.134156+00:00,scheduler,0,0,1487.6,24564.0,39,15.019
2026-06-09T10:14:54.134573+00:00,scheduler,0,0,1487.6,24564.0,39,14.901
2026-06-09T10:14:59.135022+00:00,scheduler,0,0,1487.6,24564.0,39,15.19
2026-06-09T10:15:04.135444+00:00,scheduler,0,0,1487.6,24564.0,39,14.958
2026-06-09T10:15:09.135815+00:00,scheduler,0,0,1487.6,24564.0,39,14.895
2026-06-09T10:15:14.136219+00:00,scheduler,0,0,1487.6,24564.0,39,15.062
2026-06-09T10:15:19.136640+00:00,scheduler,0,0,1487.6,24564.0,39,15.019
2026-06-09T10:15:24.137125+00:00,scheduler,0,0,1487.6,24564.0,39,14.963
2026-06-09T10:15:29.137674+00:00,scheduler,0,0,1487.6,24564.0,39,14.576
2026-06-09T10:15:34.138273+00:00,scheduler,0,0,1487.6,24564.0,39,15.084
2026-06-09T10:15:39.138716+00:00,scheduler,0,0,1487.6,24564.0,39,15.096
2026-06-09T10:15:44.139159+00:00,scheduler,0,0,1487.6,24564.0,39,15.126
2026-06-09T10:15:49.140589+00:00,scheduler,0,0,1487.6,24564.0,39,15.023
2026-06-09T10:15:54.140975+00:00,scheduler,0,0,1487.6,24564.0,39,14.677
2026-06-09T10:15:59.141473+00:00,scheduler,0,0,1487.6,24564.0,39,14.848
2026-06-09T10:16:04.141871+00:00,scheduler,0,1,2229.6,24564.0,40,51.893
2026-06-09T10:16:09.142279+00:00,scheduler,0,2,6701.6,24564.0,41,51.914
2026-06-09T10:16:14.142721+00:00,scheduler,0,2,8885.6,24564.0,41,52.776
2026-06-09T10:16:19.143294+00:00,scheduler,0,0,16773.6,24564.0,41,53.142
2026-06-09T10:16:24.145024+00:00,scheduler,0,0,16773.6,24564.0,41,52.182
2026-06-09T10:16:29.145449+00:00,scheduler,0,0,16773.6,24564.0,41,51.678
2026-06-09T10:16:34.145824+00:00,scheduler,0,0,16773.6,24564.0,41,51.946
2026-06-09T10:16:39.146249+00:00,scheduler,0,0,16773.6,24564.0,40,15.579
2026-06-09T10:16:44.146672+00:00,scheduler,0,0,16773.6,24564.0,40,15.628
2026-06-09T10:16:49.147044+00:00,scheduler,0,100,17797.6,24564.0,60,451.037
2026-06-09T10:16:54.147422+00:00,scheduler,0,100,17797.6,24564.0,61,449.171
2026-06-09T10:16:59.147802+00:00,scheduler,0,0,16773.6,24564.0,45,53.281
2026-06-09T10:17:04.148319+00:00,scheduler,0,0,16773.6,24564.0,45,53.143
2026-06-09T10:17:09.148834+00:00,scheduler,0,0,16773.6,24564.0,44,52.884
2026-06-09T10:17:14.149368+00:00,scheduler,0,0,16773.6,24564.0,43,16.942
2026-06-09T10:17:19.149896+00:00,scheduler,0,0,16773.6,24564.0,43,15.219
2026-06-09T10:17:24.150433+00:00,scheduler,0,0,16773.6,24564.0,42,15.553
2026-06-09T10:17:29.150961+00:00,scheduler,0,0,16773.6,24564.0,42,15.4
2026-06-09T10:17:34.151457+00:00,scheduler,0,0,16773.6,24564.0,42,15.281
2026-06-09T10:17:39.151968+00:00,scheduler,0,0,16773.6,24564.0,41,15.097
2026-06-09T10:17:44.152514+00:00,scheduler,0,0,16773.6,24564.0,41,15.222
2026-06-09T10:17:49.152995+00:00,scheduler,0,0,16773.6,24564.0,41,15.569
2026-06-09T10:17:54.153493+00:00,scheduler,0,0,16773.6,24564.0,41,15.257
2026-06-09T10:17:59.153989+00:00,scheduler,0,0,16773.6,24564.0,42,53.015
2026-06-09T10:18:04.154419+00:00,scheduler,0,0,16773.6,24564.0,42,52.992
2026-06-09T10:18:09.154806+00:00,scheduler,0,0,16773.6,24564.0,42,52.649
2026-06-09T10:18:14.155201+00:00,scheduler,0,0,16773.6,24564.0,42,52.878
2026-06-09T10:18:19.155614+00:00,scheduler,0,0,16773.6,24564.0,42,52.781
2026-06-09T10:18:24.156012+00:00,scheduler,0,0,16773.6,24564.0,43,53.232
2026-06-09T10:18:29.156440+00:00,scheduler,0,0,16773.6,24564.0,43,53.092
2026-06-09T10:18:34.156847+00:00,scheduler,0,0,16773.6,24564.0,43,53.371
2026-06-09T10:18:39.157314+00:00,scheduler,0,0,16773.6,24564.0,43,53.228
2026-06-09T10:18:44.157732+00:00,scheduler,0,0,16773.6,24564.0,43,53.212
2026-06-09T10:18:49.158311+00:00,scheduler,0,0,16773.6,24564.0,43,52.999
2026-06-09T10:18:54.158743+00:00,scheduler,0,0,16773.6,24564.0,43,53.28
2026-06-09T10:18:59.159243+00:00,scheduler,0,0,16773.6,24564.0,43,53.648
2026-06-09T10:19:04.159653+00:00,scheduler,0,0,16773.6,24564.0,43,53.259
2026-06-09T10:19:09.160061+00:00,scheduler,0,0,16773.6,24564.0,43,53.257
2026-06-09T10:19:14.161159+00:00,scheduler,0,0,16773.6,24564.0,43,53.359
2026-06-09T10:19:19.161597+00:00,scheduler,0,0,16773.6,24564.0,43,53.449
2026-06-09T10:19:24.162003+00:00,scheduler,0,0,16773.6,24564.0,43,53.338
2026-06-09T10:19:29.162375+00:00,scheduler,0,0,16773.6,24564.0,43,53.371
2026-06-09T10:19:34.162765+00:00,scheduler,0,0,16773.6,24564.0,43,54.211
2026-06-09T10:19:39.163241+00:00,scheduler,0,0,16773.6,24564.0,43,54.23
2026-06-09T10:19:44.163668+00:00,scheduler,0,0,16773.6,24564.0,43,54.224
2026-06-09T10:19:49.164134+00:00,scheduler,0,0,16773.6,24564.0,43,54.06
2026-06-09T10:19:54.164625+00:00,scheduler,0,0,16773.6,24564.0,43,53.982
2026-06-09T10:19:59.165293+00:00,scheduler,0,7,16773.6,24564.0,43,54.134
2026-06-09T10:20:04.165695+00:00,scheduler,0,0,16773.6,24564.0,43,53.92
2026-06-09T10:20:09.166131+00:00,scheduler,0,2,2841.6,24564.0,43,53.232
2026-06-09T10:20:14.166512+00:00,scheduler,0,0,6217.6,24564.0,43,53.231
2026-06-09T10:20:19.166908+00:00,scheduler,0,1,10519.6,24564.0,43,53.34
2026-06-09T10:20:24.167342+00:00,scheduler,0,2,12283.6,24564.0,43,53.273
2026-06-09T10:20:29.167745+00:00,scheduler,0,0,14155.6,24564.0,43,53.035
2026-06-09T10:20:34.168137+00:00,scheduler,0,1,15163.6,24564.0,43,53.03
2026-06-09T10:20:39.168588+00:00,scheduler,0,0,15865.6,24564.0,43,52.975
2026-06-09T10:20:44.170812+00:00,scheduler,0,1,16603.6,24564.0,43,53.225
2026-06-09T10:20:49.171238+00:00,scheduler,0,0,16773.6,24564.0,43,53.205
2026-06-09T10:20:54.171646+00:00,scheduler,0,0,16773.6,24564.0,43,52.844
2026-06-09T10:20:59.172933+00:00,scheduler,0,0,16773.6,24564.0,43,53.115
2026-06-09T10:21:04.173387+00:00,scheduler,0,0,16773.6,24564.0,43,52.918
2026-06-09T10:21:09.173769+00:00,scheduler,0,0,16773.6,24564.0,42,15.435
2026-06-09T10:21:14.174191+00:00,scheduler,0,0,16773.6,24564.0,42,15.056
2026-06-09T10:21:19.174545+00:00,scheduler,0,0,17199.6,24564.0,44,16.277
2026-06-09T10:21:24.174863+00:00,scheduler,0,100,17797.6,24564.0,63,450.214
2026-06-09T10:21:29.175230+00:00,scheduler,0,100,17797.6,24564.0,64,447.986
2026-06-09T10:21:34.175575+00:00,scheduler,0,100,17797.6,24564.0,65,448.969
2026-06-09T10:21:39.175957+00:00,scheduler,0,100,20203.6,24564.0,65,448.698
2026-06-09T10:21:44.176351+00:00,scheduler,0,0,16773.6,24564.0,50,56.458
2026-06-09T10:21:49.176696+00:00,scheduler,0,0,16773.6,24564.0,49,54.743
2026-06-09T10:21:54.177098+00:00,scheduler,0,0,16773.6,24564.0,48,54.42
2026-06-09T10:21:59.177474+00:00,scheduler,0,0,16773.6,24564.0,47,23.47
2026-06-09T10:22:04.178051+00:00,scheduler,0,0,16773.6,24564.0,46,16.123
2026-06-09T10:22:09.178799+00:00,scheduler,0,0,16773.6,24564.0,45,16.146
2026-06-09T10:22:14.179258+00:00,scheduler,0,0,16773.6,24564.0,44,15.921
2026-06-09T10:22:19.179719+00:00,scheduler,0,0,16773.6,24564.0,44,15.566
2026-06-09T10:22:24.180134+00:00,scheduler,0,0,16773.6,24564.0,43,15.649
2026-06-09T10:22:29.181480+00:00,scheduler,0,0,16773.6,24564.0,43,15.832
2026-06-09T10:22:34.181854+00:00,scheduler,0,0,16773.6,24564.0,43,15.536
2026-06-09T10:22:39.182300+00:00,scheduler,0,0,16773.6,24564.0,42,15.349
2026-06-09T10:22:44.182722+00:00,scheduler,0,0,16773.6,24564.0,42,15.085
2026-06-09T10:22:49.183133+00:00,scheduler,0,0,16773.6,24564.0,42,14.963
2026-06-09T10:22:54.183561+00:00,scheduler,0,0,16773.6,24564.0,41,15.433
2026-06-09T10:22:59.183970+00:00,scheduler,0,0,16773.6,24564.0,43,52.287
2026-06-09T10:23:04.184434+00:00,scheduler,0,2,16773.6,24564.0,43,52.618
2026-06-09T10:23:09.184823+00:00,scheduler,0,0,16773.6,24564.0,43,52.367
2026-06-09T10:23:14.185230+00:00,scheduler,0,0,16773.6,24564.0,43,52.794
2026-06-09T10:23:19.185787+00:00,scheduler,0,2,16773.6,24564.0,43,52.767
2026-06-09T10:23:24.186351+00:00,scheduler,0,0,16773.6,24564.0,43,52.555
2026-06-09T10:23:29.186771+00:00,scheduler,0,0,16773.6,24564.0,43,52.576
2026-06-09T10:23:34.187207+00:00,scheduler,0,0,16773.6,24564.0,43,52.897
2026-06-09T10:23:39.187601+00:00,scheduler,0,0,16773.6,24564.0,43,52.104
2026-06-09T10:23:44.188009+00:00,scheduler,0,6,16773.6,24564.0,43,52.817
2026-06-09T10:23:49.188434+00:00,scheduler,0,0,1487.6,24564.0,44,65.598
2026-06-09T10:23:54.188916+00:00,scheduler,0,0,1487.6,24564.0,43,52.854
2026-06-09T10:23:59.189316+00:00,scheduler,0,0,1487.6,24564.0,43,52.637
2026-06-09T10:24:04.189714+00:00,scheduler,0,0,1487.6,24564.0,43,52.728
2026-06-09T10:24:09.190132+00:00,scheduler,0,0,1487.6,24564.0,42,15.463
2026-06-09T10:24:14.190557+00:00,scheduler,0,0,1487.6,24564.0,41,15.191
2026-06-09T10:24:19.190973+00:00,scheduler,0,0,1487.6,24564.0,41,15.226
2026-06-09T10:24:24.191475+00:00,scheduler,0,0,1487.6,24564.0,41,15.399
2026-06-09T10:24:29.191931+00:00,scheduler,0,0,1487.6,24564.0,41,15.367
2026-06-09T10:24:34.192369+00:00,scheduler,0,0,1487.6,24564.0,41,15.164
2026-06-09T10:24:39.192736+00:00,scheduler,0,0,1487.6,24564.0,40,15.186
2026-06-09T10:24:44.193132+00:00,scheduler,0,0,1487.6,24564.0,40,15.213
2026-06-09T10:24:49.193532+00:00,scheduler,0,0,1487.6,24564.0,40,15.236
2026-06-09T10:24:54.193926+00:00,scheduler,0,0,1487.6,24564.0,40,14.969
2026-06-09T10:24:59.194452+00:00,scheduler,0,0,1487.6,24564.0,40,15.274
2026-06-09T10:25:04.194994+00:00,scheduler,0,0,1487.6,24564.0,40,15.216
2026-06-09T10:25:09.195566+00:00,scheduler,0,0,1487.6,24564.0,40,14.912
2026-06-09T10:25:14.196059+00:00,scheduler,0,0,1487.6,24564.0,40,15.085
2026-06-09T10:25:19.196510+00:00,scheduler,0,0,1487.6,24564.0,40,14.907
2026-06-09T10:25:24.196927+00:00,scheduler,0,0,1487.6,24564.0,40,14.854
2026-06-09T10:25:29.197320+00:00,scheduler,0,0,1487.6,24564.0,40,14.786
2026-06-09T10:25:34.197709+00:00,scheduler,0,0,1487.6,24564.0,40,14.915
2026-06-09T10:25:39.198102+00:00,scheduler,0,0,1487.6,24564.0,39,14.72
2026-06-09T10:25:44.198490+00:00,scheduler,0,0,1487.6,24564.0,39,14.626
2026-06-09T10:25:49.198880+00:00,scheduler,0,0,1487.6,24564.0,39,14.633
2026-06-09T10:25:54.199304+00:00,scheduler,0,0,1487.6,24564.0,39,14.688
2026-06-09T10:25:59.199821+00:00,scheduler,0,2,3733.6,24564.0,41,51.915
2026-06-09T10:26:04.200235+00:00,scheduler,0,2,5169.6,24564.0,41,52.527
2026-06-09T10:26:09.200703+00:00,scheduler,0,2,6129.6,24564.0,41,52.487
2026-06-09T10:26:14.201088+00:00,scheduler,0,2,9029.6,24564.0,41,52.761
2026-06-09T10:26:19.201465+00:00,scheduler,0,1,10735.6,24564.0,42,52.491
2026-06-09T10:26:24.201831+00:00,scheduler,0,2,12517.6,24564.0,42,52.712
2026-06-09T10:26:29.202784+00:00,scheduler,0,2,13921.6,24564.0,42,52.656
2026-06-09T10:26:34.203203+00:00,scheduler,0,0,16603.6,24564.0,42,52.944
2026-06-09T10:26:39.203606+00:00,scheduler,0,0,16773.6,24564.0,42,52.687
2026-06-09T10:26:44.203980+00:00,scheduler,0,0,16773.6,24564.0,42,52.557
2026-06-09T10:26:49.204419+00:00,scheduler,0,0,16773.6,24564.0,42,52.876
2026-06-09T10:26:54.204822+00:00,scheduler,0,0,16773.6,24564.0,41,16.961
2026-06-09T10:26:59.205290+00:00,scheduler,0,0,16773.6,24564.0,41,15.531
2026-06-09T10:27:04.205819+00:00,scheduler,0,0,16773.6,24564.0,40,15.523
2026-06-09T10:27:09.206351+00:00,scheduler,0,0,16773.6,24564.0,40,14.771
2026-06-09T10:27:14.206751+00:00,scheduler,0,100,17797.6,24564.0,61,450.511
2026-06-09T10:27:19.207240+00:00,scheduler,0,0,16773.6,24564.0,48,100.451
2026-06-09T10:27:24.207777+00:00,scheduler,0,0,16773.6,24564.0,45,52.51
2026-06-09T10:27:29.208362+00:00,scheduler,0,0,16773.6,24564.0,45,53.376
2026-06-09T10:27:34.208815+00:00,scheduler,0,0,16773.6,24564.0,45,53.794
2026-06-09T10:27:39.209396+00:00,scheduler,0,0,16773.6,24564.0,43,15.18
2026-06-09T10:27:44.209954+00:00,scheduler,0,0,16773.6,24564.0,43,15.078
2026-06-09T10:27:49.210540+00:00,scheduler,0,0,16773.6,24564.0,42,14.598
2026-06-09T10:27:54.211115+00:00,scheduler,0,0,16773.6,24564.0,42,14.731
2026-06-09T10:27:59.211619+00:00,scheduler,0,0,16773.6,24564.0,42,14.655
2026-06-09T10:28:04.212053+00:00,scheduler,0,0,16773.6,24564.0,42,14.557
2026-06-09T10:28:09.212504+00:00,scheduler,0,0,16773.6,24564.0,42,14.761
2026-06-09T10:28:14.212931+00:00,scheduler,0,0,16773.6,24564.0,41,14.368
2026-06-09T10:28:19.213436+00:00,scheduler,0,0,16773.6,24564.0,41,14.821
2026-06-09T10:28:24.213945+00:00,scheduler,0,0,16773.6,24564.0,43,53.657
2026-06-09T10:28:29.214394+00:00,scheduler,0,0,16773.6,24564.0,43,53.544
2026-06-09T10:28:34.214800+00:00,scheduler,0,4,16773.6,24564.0,43,53.52
2026-06-09T10:28:39.215357+00:00,scheduler,0,8,16773.6,24564.0,43,54.011
2026-06-09T10:28:44.216032+00:00,scheduler,0,0,1487.6,24564.0,43,66.721
2026-06-09T10:28:49.216471+00:00,scheduler,0,2,3985.6,24564.0,43,53.254
2026-06-09T10:28:54.216853+00:00,scheduler,0,2,6265.6,24564.0,43,53.583
2026-06-09T10:28:59.217316+00:00,scheduler,0,1,7905.6,24564.0,43,53.366
2026-06-09T10:29:04.217829+00:00,scheduler,0,2,9339.6,24564.0,43,53.459
2026-06-09T10:29:09.218320+00:00,scheduler,0,1,10897.6,24564.0,43,53.461
2026-06-09T10:29:14.218724+00:00,scheduler,0,2,14929.6,24564.0,43,53.884
2026-06-09T10:29:19.219198+00:00,scheduler,0,0,15865.6,24564.0,43,53.771
2026-06-09T10:29:24.220382+00:00,scheduler,0,1,16667.6,24564.0,43,53.117
2026-06-09T10:29:29.220804+00:00,scheduler,0,0,16773.6,24564.0,43,53.144
2026-06-09T10:29:34.221273+00:00,scheduler,0,0,16773.6,24564.0,43,53.028
2026-06-09T10:29:39.221751+00:00,scheduler,0,0,16773.6,24564.0,43,53.215
2026-06-09T10:29:44.222242+00:00,scheduler,0,0,16773.6,24564.0,42,16.15
2026-06-09T10:29:49.222665+00:00,scheduler,0,0,16773.6,24564.0,42,14.922
2026-06-09T10:29:54.223126+00:00,scheduler,0,0,16773.6,24564.0,42,15.283
2026-06-09T10:29:59.223518+00:00,scheduler,0,0,16773.6,24564.0,41,15.042
2026-06-09T10:30:04.223925+00:00,scheduler,0,0,16773.6,24564.0,41,15.357
2026-06-09T10:30:09.224336+00:00,scheduler,0,0,16773.6,24564.0,41,14.845
2026-06-09T10:30:14.224737+00:00,scheduler,0,0,16773.6,24564.0,41,15.008
2026-06-09T10:30:19.225173+00:00,scheduler,0,0,16773.6,24564.0,41,14.665
2026-06-09T10:30:24.225617+00:00,scheduler,0,0,16773.6,24564.0,41,14.896
2026-06-09T10:30:29.226093+00:00,scheduler,0,0,16773.6,24564.0,41,14.951
2026-06-09T10:30:34.226563+00:00,scheduler,0,0,16879.6,24564.0,41,14.61
2026-06-09T10:30:39.226980+00:00,scheduler,0,100,17797.6,24564.0,62,450.913
2026-06-09T10:30:44.227360+00:00,scheduler,0,100,17797.6,24564.0,63,448.929
2026-06-09T10:30:49.227724+00:00,scheduler,0,100,17797.6,24564.0,64,449.678
2026-06-09T10:30:54.228095+00:00,scheduler,0,100,20203.6,24564.0,65,448.622
2026-06-09T10:30:59.228484+00:00,scheduler,0,0,16773.6,24564.0,50,55.51
2026-06-09T10:31:04.229037+00:00,scheduler,0,0,16773.6,24564.0,49,54.742
2026-06-09T10:31:09.229583+00:00,scheduler,0,0,16773.6,24564.0,49,54.11
2026-06-09T10:31:14.230127+00:00,scheduler,0,0,16773.6,24564.0,47,18.633
2026-06-09T10:31:19.230617+00:00,scheduler,0,0,16773.6,24564.0,46,15.94
2026-06-09T10:31:24.231056+00:00,scheduler,0,0,16773.6,24564.0,45,16.031
2026-06-09T10:31:29.231502+00:00,scheduler,0,0,16773.6,24564.0,45,15.719
2026-06-09T10:31:34.231919+00:00,scheduler,0,0,16773.6,24564.0,44,15.575
2026-06-09T10:31:39.232378+00:00,scheduler,0,0,16773.6,24564.0,44,15.536
2026-06-09T10:31:44.232773+00:00,scheduler,0,0,16773.6,24564.0,43,15.349
2026-06-09T10:31:49.233621+00:00,scheduler,0,0,16773.6,24564.0,43,15.51
2026-06-09T10:31:54.234088+00:00,scheduler,0,0,16773.6,24564.0,43,15.347
2026-06-09T10:31:59.234470+00:00,scheduler,0,0,16773.6,24564.0,42,14.818
2026-06-09T10:32:04.234875+00:00,scheduler,0,0,16773.6,24564.0,42,14.949
2026-06-09T10:32:09.235328+00:00,scheduler,0,0,16773.6,24564.0,42,14.774
2026-06-09T10:32:14.235893+00:00,scheduler,0,0,16773.6,24564.0,42,14.624
2026-06-09T10:32:19.236769+00:00,scheduler,0,0,16773.6,24564.0,41,15.1
2026-06-09T10:32:24.237182+00:00,scheduler,0,0,16773.6,24564.0,43,51.864
2026-06-09T10:32:29.237548+00:00,scheduler,0,0,16773.6,24564.0,43,51.947
2026-06-09T10:32:34.237945+00:00,scheduler,0,0,16773.6,24564.0,43,51.912
2026-06-09T10:32:39.238411+00:00,scheduler,0,7,16773.6,24564.0,43,52.338
2026-06-09T10:32:44.238786+00:00,scheduler,0,0,16773.6,24564.0,43,52.183
2026-06-09T10:32:49.239200+00:00,scheduler,0,1,16773.6,24564.0,43,51.73
2026-06-09T10:32:54.239565+00:00,scheduler,0,0,1487.6,24564.0,43,61.911
2026-06-09T10:32:59.243441+00:00,scheduler,0,0,1487.6,24564.0,43,52.134
2026-06-09T10:33:04.243841+00:00,scheduler,0,0,1487.6,24564.0,43,52.074
2026-06-09T10:33:09.244262+00:00,scheduler,0,0,1487.6,24564.0,42,38.645
2026-06-09T10:33:14.244678+00:00,scheduler,0,0,1487.6,24564.0,42,15.157
2026-06-09T10:33:19.245089+00:00,scheduler,0,0,1487.6,24564.0,41,14.931
2026-06-09T10:33:24.245473+00:00,scheduler,0,0,1487.6,24564.0,41,14.928
2026-06-09T10:33:29.247085+00:00,scheduler,0,0,1487.6,24564.0,41,15.082
2026-06-09T10:33:34.247423+00:00,scheduler,0,0,1487.6,24564.0,41,14.652
2026-06-09T10:33:39.247783+00:00,scheduler,0,0,1487.6,24564.0,41,14.772
2026-06-09T10:33:44.248138+00:00,scheduler,0,0,1487.6,24564.0,41,14.718
2026-06-09T10:33:49.248521+00:00,scheduler,0,0,1487.6,24564.0,41,14.601
2026-06-09T10:33:54.248938+00:00,scheduler,0,0,1487.6,24564.0,40,14.74
2026-06-09T10:33:59.249477+00:00,scheduler,0,0,1487.6,24564.0,40,15.037
2026-06-09T10:34:04.250206+00:00,scheduler,0,0,1487.6,24564.0,40,14.886
2026-06-09T10:34:09.250679+00:00,scheduler,0,0,1487.6,24564.0,40,14.586
2026-06-09T10:34:14.252200+00:00,scheduler,0,0,1487.6,24564.0,40,14.83
2026-06-09T10:34:19.253902+00:00,scheduler,0,0,1487.6,24564.0,40,14.758
2026-06-09T10:34:24.254274+00:00,scheduler,0,0,1487.6,24564.0,40,14.796
2026-06-09T10:34:29.254646+00:00,scheduler,0,0,4461.6,24564.0,41,52.481
2026-06-09T10:34:34.255040+00:00,scheduler,0,1,6265.6,24564.0,42,52.302
2026-06-09T10:34:39.256403+00:00,scheduler,0,0,8865.6,24564.0,42,52.784
2026-06-09T10:34:44.256818+00:00,scheduler,0,2,10609.6,24564.0,42,52.298
2026-06-09T10:34:49.257204+00:00,scheduler,0,0,11833.6,24564.0,42,52.405
2026-06-09T10:34:54.257588+00:00,scheduler,0,1,12985.6,24564.0,42,52.196
2026-06-09T10:34:59.258096+00:00,scheduler,0,2,14461.6,24564.0,42,52.225
2026-06-09T10:35:04.258621+00:00,scheduler,0,0,16773.6,24564.0,42,52.364
2026-06-09T10:35:09.259991+00:00,scheduler,0,0,16773.6,24564.0,42,51.906
2026-06-09T10:35:14.260543+00:00,scheduler,0,0,16773.6,24564.0,42,52.47
2026-06-09T10:35:19.260945+00:00,scheduler,0,0,16773.6,24564.0,42,51.978
2026-06-09T10:35:24.261341+00:00,scheduler,0,0,16773.6,24564.0,41,15.749
2026-06-09T10:35:29.261747+00:00,scheduler,0,0,16773.6,24564.0,41,14.76
2026-06-09T10:35:34.263323+00:00,scheduler,0,0,16773.6,24564.0,41,14.76
2026-06-09T10:35:39.263907+00:00,scheduler,0,0,16773.6,24564.0,41,14.716
2026-06-09T10:35:44.264372+00:00,scheduler,0,0,16773.6,24564.0,40,15.062
2026-06-09T10:35:49.264745+00:00,scheduler,0,100,17715.6,24564.0,62,450.269
2026-06-09T10:35:54.265243+00:00,scheduler,0,0,16773.6,24564.0,48,131.037
2026-06-09T10:35:59.265792+00:00,scheduler,0,0,16773.6,24564.0,46,52.711
2026-06-09T10:36:04.266460+00:00,scheduler,0,0,16773.6,24564.0,45,52.91
2026-06-09T10:36:09.266936+00:00,scheduler,0,0,16773.6,24564.0,45,52.96
2026-06-09T10:36:14.267387+00:00,scheduler,0,0,16773.6,24564.0,44,15.66
2026-06-09T10:36:19.270303+00:00,scheduler,0,0,16773.6,24564.0,43,15.426
2026-06-09T10:36:24.270782+00:00,scheduler,0,0,16773.6,24564.0,43,15.437
2026-06-09T10:36:29.271282+00:00,scheduler,0,0,16773.6,24564.0,42,15.27
2026-06-09T10:36:34.271800+00:00,scheduler,0,0,16773.6,24564.0,42,15.237
2026-06-09T10:36:39.272267+00:00,scheduler,0,0,16773.6,24564.0,42,15.468
2026-06-09T10:36:44.272716+00:00,scheduler,0,0,16773.6,24564.0,42,15.152
2026-06-09T10:36:49.273320+00:00,scheduler,0,0,16773.6,24564.0,42,14.996
2026-06-09T10:36:54.273827+00:00,scheduler,0,0,16773.6,24564.0,42,15.107
2026-06-09T10:36:59.274350+00:00,scheduler,0,0,16773.6,24564.0,41,14.978
2026-06-09T10:37:04.274998+00:00,scheduler,0,0,16773.6,24564.0,41,15.23
2026-06-09T10:37:09.275581+00:00,scheduler,0,0,16773.6,24564.0,41,15.321
2026-06-09T10:37:14.276215+00:00,scheduler,0,0,16773.6,24564.0,41,14.858
2026-06-09T10:37:19.276757+00:00,scheduler,0,0,16773.6,24564.0,41,15.301
2026-06-09T10:37:24.277346+00:00,scheduler,0,0,16773.6,24564.0,41,15.129
2026-06-09T10:37:29.277911+00:00,scheduler,0,0,16773.6,24564.0,41,15.273
2026-06-09T10:37:34.278448+00:00,scheduler,0,0,16773.6,24564.0,40,14.935
2026-06-09T10:37:39.279005+00:00,scheduler,0,0,16773.6,24564.0,40,14.823
2026-06-09T10:37:44.281122+00:00,scheduler,0,0,16773.6,24564.0,40,14.905
2026-06-09T10:37:49.281654+00:00,scheduler,0,0,16773.6,24564.0,40,14.966
2026-06-09T10:37:54.282212+00:00,scheduler,0,0,16773.6,24564.0,40,15.198
2026-06-09T10:37:59.282771+00:00,scheduler,0,0,16773.6,24564.0,40,14.788
2026-06-09T10:38:04.284717+00:00,scheduler,0,0,16773.6,24564.0,40,14.866
2026-06-09T10:38:09.285216+00:00,scheduler,0,0,16773.6,24564.0,40,14.884
2026-06-09T10:38:14.285722+00:00,scheduler,0,1,16773.6,24564.0,41,52.044
2026-06-09T10:38:19.286360+00:00,scheduler,0,0,16773.6,24564.0,42,52.053
2026-06-09T10:38:24.286956+00:00,scheduler,0,0,16773.6,24564.0,42,52.103
2026-06-09T10:38:29.287555+00:00,scheduler,0,0,16773.6,24564.0,42,51.989
2026-06-09T10:38:34.288046+00:00,scheduler,0,0,16773.6,24564.0,42,52.133
2026-06-09T10:38:39.288573+00:00,scheduler,0,0,16773.6,24564.0,42,52.588
2026-06-09T10:38:44.289107+00:00,scheduler,0,0,16773.6,24564.0,42,51.858
2026-06-09T10:38:49.289513+00:00,scheduler,0,0,16773.6,24564.0,42,52.154
2026-06-09T10:38:54.289899+00:00,scheduler,0,0,16773.6,24564.0,43,52.192
2026-06-09T10:38:59.290354+00:00,scheduler,0,0,16773.6,24564.0,43,52.136
2026-06-09T10:39:04.290855+00:00,scheduler,0,0,16773.6,24564.0,43,52.18
2026-06-09T10:39:09.291277+00:00,scheduler,0,0,16773.6,24564.0,43,52.242
2026-06-09T10:39:14.291662+00:00,scheduler,0,0,16773.6,24564.0,43,52.735
2026-06-09T10:39:19.292018+00:00,scheduler,0,0,16773.6,24564.0,43,52.503
2026-06-09T10:39:24.292885+00:00,scheduler,0,0,16773.6,24564.0,43,52.384
2026-06-09T10:39:29.293401+00:00,scheduler,0,0,16773.6,24564.0,43,52.615
2026-06-09T10:39:34.293838+00:00,scheduler,0,0,16773.6,24564.0,43,52.953
2026-06-09T10:39:39.294345+00:00,scheduler,0,0,16773.6,24564.0,43,52.645
2026-06-09T10:39:44.294823+00:00,scheduler,0,0,16773.6,24564.0,43,52.675
2026-06-09T10:39:49.295361+00:00,scheduler,0,0,16773.6,24564.0,43,53.213
2026-06-09T10:39:54.295889+00:00,scheduler,0,0,16773.6,24564.0,43,52.979
2026-06-09T10:39:59.296528+00:00,scheduler,0,0,16773.6,24564.0,43,52.85
2026-06-09T10:40:04.296966+00:00,scheduler,0,0,16773.6,24564.0,43,52.506
2026-06-09T10:40:09.297478+00:00,scheduler,0,7,16773.6,24564.0,43,52.81
2026-06-09T10:40:14.297915+00:00,scheduler,0,7,16773.6,24564.0,43,52.947
2026-06-09T10:40:19.298347+00:00,scheduler,0,0,1487.6,24564.0,44,60.029
2026-06-09T10:40:24.298766+00:00,scheduler,0,1,3005.6,24564.0,43,52.903
2026-06-09T10:40:29.299198+00:00,scheduler,0,2,5741.6,24564.0,43,53.003
2026-06-09T10:40:34.299605+00:00,scheduler,0,11,7721.6,24564.0,43,53.053
2026-06-09T10:40:39.299980+00:00,scheduler,0,2,9601.6,24564.0,43,52.902
2026-06-09T10:40:44.300342+00:00,scheduler,0,1,12121.6,24564.0,43,52.504
2026-06-09T10:40:49.300750+00:00,scheduler,0,2,15793.6,24564.0,43,52.584
2026-06-09T10:40:54.301833+00:00,scheduler,0,0,16773.6,24564.0,43,52.809
2026-06-09T10:40:59.302271+00:00,scheduler,0,0,16773.6,24564.0,43,52.387
2026-06-09T10:41:04.302643+00:00,scheduler,0,0,16773.6,24564.0,43,52.125
2026-06-09T10:41:09.303042+00:00,scheduler,0,0,16773.6,24564.0,43,52.002
2026-06-09T10:41:14.303485+00:00,scheduler,0,0,16773.6,24564.0,42,15.236
2026-06-09T10:41:19.303877+00:00,scheduler,0,100,17797.6,24564.0,62,263.12
2026-06-09T10:41:24.304264+00:00,scheduler,0,100,17797.6,24564.0,62,448.707
2026-06-09T10:41:29.304631+00:00,scheduler,0,100,17797.6,24564.0,64,449.314
2026-06-09T10:41:34.305010+00:00,scheduler,0,100,17797.6,24564.0,65,449.782
2026-06-09T10:41:39.305436+00:00,scheduler,0,0,20203.6,24564.0,54,310.526
2026-06-09T10:41:44.305783+00:00,scheduler,0,0,16773.6,24564.0,51,55.403
2026-06-09T10:41:49.306217+00:00,scheduler,0,0,16773.6,24564.0,49,55.014
2026-06-09T10:41:54.306697+00:00,scheduler,0,0,16773.6,24564.0,49,54.622
2026-06-09T10:41:59.307046+00:00,scheduler,0,0,16773.6,24564.0,47,16.933
2026-06-09T10:42:04.307425+00:00,scheduler,0,0,16773.6,24564.0,46,16.383
2026-06-09T10:42:09.307808+00:00,scheduler,0,0,16773.6,24564.0,45,15.891
2026-06-09T10:42:14.308247+00:00,scheduler,0,0,16773.6,24564.0,45,15.663
2026-06-09T10:42:19.308690+00:00,scheduler,0,0,16773.6,24564.0,44,15.464
2026-06-09T10:42:24.310457+00:00,scheduler,0,0,16773.6,24564.0,44,15.298
2026-06-09T10:42:29.310839+00:00,scheduler,0,0,16773.6,24564.0,43,15.049
2026-06-09T10:42:34.311276+00:00,scheduler,0,0,16773.6,24564.0,43,15.157
2026-06-09T10:42:39.311684+00:00,scheduler,0,0,16773.6,24564.0,43,15.081
2026-06-09T10:42:44.312120+00:00,scheduler,0,0,16773.6,24564.0,42,15.017
2026-06-09T10:42:49.312507+00:00,scheduler,0,0,16773.6,24564.0,42,15.05
2026-06-09T10:42:54.312923+00:00,scheduler,0,0,16773.6,24564.0,42,15.001
2026-06-09T10:42:59.313340+00:00,scheduler,0,0,16773.6,24564.0,42,15.04
2026-06-09T10:43:04.313841+00:00,scheduler,0,0,16773.6,24564.0,41,15.053
2026-06-09T10:43:09.314317+00:00,scheduler,0,0,16773.6,24564.0,41,14.978
2026-06-09T10:43:14.314729+00:00,scheduler,0,10,16773.6,24564.0,43,52.888
2026-06-09T10:43:19.315126+00:00,scheduler,0,99,1487.6,24564.0,43,56.279
2026-06-09T10:43:24.315529+00:00,scheduler,0,0,1487.6,24564.0,43,52.058
2026-06-09T10:43:29.316831+00:00,scheduler,0,0,1487.6,24564.0,43,51.968
2026-06-09T10:43:34.317382+00:00,scheduler,0,0,1487.6,24564.0,43,51.623
2026-06-09T10:43:39.317885+00:00,scheduler,0,0,1487.6,24564.0,41,14.786
2026-06-09T10:43:44.318368+00:00,scheduler,0,0,1487.6,24564.0,41,14.938
2026-06-09T10:43:49.318748+00:00,scheduler,0,0,1487.6,24564.0,41,14.988
2026-06-09T10:43:54.319099+00:00,scheduler,0,0,1487.6,24564.0,41,14.884
2026-06-09T10:43:59.319453+00:00,scheduler,0,0,1487.6,24564.0,41,14.731
2026-06-09T10:44:04.319754+00:00,scheduler,0,0,1487.6,24564.0,40,14.782
2026-06-09T10:44:09.320104+00:00,scheduler,0,0,1487.6,24564.0,40,14.754
2026-06-09T10:44:14.320983+00:00,scheduler,0,0,1487.6,24564.0,40,14.727
2026-06-09T10:44:19.321395+00:00,scheduler,0,0,1487.6,24564.0,40,14.466
2026-06-09T10:44:24.321823+00:00,scheduler,0,0,1487.6,24564.0,40,14.546
2026-06-09T10:44:29.322308+00:00,scheduler,0,0,1487.6,24564.0,40,14.798
2026-06-09T10:44:34.323383+00:00,scheduler,0,0,1487.6,24564.0,40,14.832
2026-06-09T10:44:39.323736+00:00,scheduler,0,0,1487.6,24564.0,40,14.592
2026-06-09T10:44:44.324096+00:00,scheduler,0,0,1487.6,24564.0,40,14.592
2026-06-09T10:44:49.324525+00:00,scheduler,0,0,1487.6,24564.0,40,14.761
2026-06-09T10:44:54.324978+00:00,scheduler,0,0,1487.6,24564.0,40,14.638
2026-06-09T10:44:59.325433+00:00,scheduler,0,0,1487.6,24564.0,40,14.348
2026-06-09T10:45:04.325881+00:00,scheduler,0,0,1487.6,24564.0,40,14.465
2026-06-09T10:45:09.326463+00:00,scheduler,0,0,1487.6,24564.0,40,14.539
2026-06-09T10:45:14.328470+00:00,scheduler,0,0,1487.6,24564.0,40,14.467
2026-06-09T10:45:19.330376+00:00,scheduler,0,0,1487.6,24564.0,40,14.661
2026-06-09T10:45:24.331964+00:00,scheduler,0,0,1487.6,24564.0,40,14.371
2026-06-09T10:45:29.333665+00:00,scheduler,0,0,1487.6,24564.0,40,14.631
2026-06-09T10:45:34.334231+00:00,scheduler,0,0,1487.6,24564.0,39,14.376
2026-06-09T10:45:39.334749+00:00,scheduler,0,0,1487.6,24564.0,39,14.399
2026-06-09T10:45:44.338327+00:00,scheduler,0,0,1487.6,24564.0,39,14.226
2026-06-09T10:45:49.339959+00:00,scheduler,0,0,1487.6,24564.0,39,14.288
2026-06-09T10:45:54.342622+00:00,scheduler,0,0,1487.6,24564.0,39,14.477
2026-06-09T10:45:59.343167+00:00,scheduler,0,0,1487.6,24564.0,39,14.347
2026-06-09T10:46:04.343577+00:00,scheduler,0,0,1487.6,24564.0,39,14.385
2026-06-09T10:46:09.346450+00:00,scheduler,0,0,1487.6,24564.0,39,14.262
2026-06-09T10:46:14.346952+00:00,scheduler,0,0,1487.6,24564.0,39,14.327
2026-06-09T10:46:19.347516+00:00,scheduler,0,0,1487.6,24564.0,39,14.402
2026-06-09T10:46:24.347996+00:00,scheduler,0,1,2861.6,24564.0,41,51.287
2026-06-09T10:46:29.348472+00:00,scheduler,0,4,4945.6,24564.0,41,51.673
2026-06-09T10:46:34.348902+00:00,scheduler,0,0,6109.6,24564.0,41,51.63
2026-06-09T10:46:39.349365+00:00,scheduler,0,0,7661.6,24564.0,41,51.637
2026-06-09T10:46:44.349786+00:00,scheduler,0,13,15793.6,24564.0,42,52.905
2026-06-09T10:46:49.350216+00:00,scheduler,0,0,16773.6,24564.0,42,51.469
2026-06-09T10:46:54.350592+00:00,scheduler,0,0,16773.6,24564.0,42,51.325
2026-06-09T10:46:59.350996+00:00,scheduler,0,0,16773.6,24564.0,42,51.398
2026-06-09T10:47:04.351485+00:00,scheduler,0,0,16773.6,24564.0,41,15.812
2026-06-09T10:47:09.351929+00:00,scheduler,0,0,16773.6,24564.0,41,14.551
2026-06-09T10:47:14.352356+00:00,scheduler,0,0,16773.6,24564.0,41,14.706
2026-06-09T10:47:19.352755+00:00,scheduler,0,0,16773.6,24564.0,41,14.572
2026-06-09T10:47:24.353131+00:00,scheduler,0,0,16773.6,24564.0,40,14.682
2026-06-09T10:47:29.353504+00:00,scheduler,0,0,16773.6,24564.0,40,14.43
2026-06-09T10:47:34.353923+00:00,scheduler,0,0,16773.6,24564.0,40,14.567
2026-06-09T10:47:39.354474+00:00,scheduler,0,0,16773.6,24564.0,40,14.671
2026-06-09T10:47:44.354911+00:00,scheduler,0,0,16773.6,24564.0,40,14.778
2026-06-09T10:47:49.355335+00:00,scheduler,0,100,17797.6,24564.0,61,450.816
2026-06-09T10:47:54.355696+00:00,scheduler,0,0,16773.6,24564.0,48,104.209
2026-06-09T10:47:59.356114+00:00,scheduler,0,0,16773.6,24564.0,45,52.677
2026-06-09T10:48:04.356502+00:00,scheduler,0,0,16773.6,24564.0,45,52.703
2026-06-09T10:48:09.356905+00:00,scheduler,0,0,16773.6,24564.0,45,52.731
2026-06-09T10:48:14.357293+00:00,scheduler,0,0,16773.6,24564.0,43,15.57
2026-06-09T10:48:19.357743+00:00,scheduler,0,0,16773.6,24564.0,43,15.832
2026-06-09T10:48:24.358273+00:00,scheduler,0,0,16773.6,24564.0,43,15.365
2026-06-09T10:48:29.358657+00:00,scheduler,0,0,16773.6,24564.0,42,15.51
2026-06-09T10:48:34.359108+00:00,scheduler,0,0,16773.6,24564.0,42,15.164
2026-06-09T10:48:39.359503+00:00,scheduler,0,0,16773.6,24564.0,42,14.946
2026-06-09T10:48:44.359923+00:00,scheduler,0,0,16773.6,24564.0,42,15.084
2026-06-09T10:48:49.360344+00:00,scheduler,0,0,16773.6,24564.0,42,15.029
2026-06-09T10:48:54.360715+00:00,scheduler,0,0,16773.6,24564.0,42,15.158
2026-06-09T10:48:59.361124+00:00,scheduler,0,0,16773.6,24564.0,41,15.012
2026-06-09T10:49:04.361558+00:00,scheduler,0,0,16773.6,24564.0,41,14.847
2026-06-09T10:49:09.361999+00:00,scheduler,0,0,16773.6,24564.0,41,14.821
2026-06-09T10:49:14.362488+00:00,scheduler,0,0,16773.6,24564.0,41,14.633
2026-06-09T10:49:19.362900+00:00,scheduler,0,0,16773.6,24564.0,41,14.78
2026-06-09T10:49:24.363433+00:00,scheduler,0,0,16773.6,24564.0,41,14.73
2026-06-09T10:49:29.363959+00:00,scheduler,0,0,16773.6,24564.0,41,14.576
2026-06-09T10:49:34.364520+00:00,scheduler,0,1,16773.6,24564.0,42,35.0
2026-06-09T10:49:39.364929+00:00,scheduler,0,0,16773.6,24564.0,42,51.652
2026-06-09T10:49:44.365362+00:00,scheduler,0,0,16773.6,24564.0,42,52.324
2026-06-09T10:49:49.365768+00:00,scheduler,0,0,16773.6,24564.0,43,52.498
2026-06-09T10:49:54.366167+00:00,scheduler,0,0,16773.6,24564.0,43,52.534
2026-06-09T10:49:59.366598+00:00,scheduler,0,1,16773.6,24564.0,43,52.562
2026-06-09T10:50:04.367148+00:00,scheduler,0,0,16773.6,24564.0,43,52.504
2026-06-09T10:50:09.367642+00:00,scheduler,0,0,16773.6,24564.0,43,52.383
2026-06-09T10:50:14.368109+00:00,scheduler,0,0,16773.6,24564.0,43,52.451
2026-06-09T10:50:19.368522+00:00,scheduler,0,0,16773.6,24564.0,43,52.866
2026-06-09T10:50:24.368929+00:00,scheduler,0,0,16773.6,24564.0,43,53.174
2026-06-09T10:50:29.369367+00:00,scheduler,0,7,16773.6,24564.0,43,53.06
2026-06-09T10:50:34.369769+00:00,scheduler,0,0,16773.6,24564.0,43,52.682
2026-06-09T10:50:39.370214+00:00,scheduler,0,2,16773.6,24564.0,43,52.503
2026-06-09T10:50:44.370718+00:00,scheduler,0,1,16773.6,24564.0,43,52.325
2026-06-09T10:50:49.371398+00:00,scheduler,0,99,1487.6,24564.0,44,54.934
2026-06-09T10:50:54.371765+00:00,scheduler,0,3,4461.6,24564.0,43,52.713
2026-06-09T10:50:59.372188+00:00,scheduler,0,0,6217.6,24564.0,43,52.252
2026-06-09T10:51:04.372594+00:00,scheduler,0,2,9339.6,24564.0,44,53.066
2026-06-09T10:51:09.372955+00:00,scheduler,0,1,15091.6,24564.0,44,52.78
2026-06-09T10:51:14.373372+00:00,scheduler,0,2,16689.6,24564.0,44,52.694
2026-06-09T10:51:19.373749+00:00,scheduler,0,0,16773.6,24564.0,44,51.918
2026-06-09T10:51:24.374159+00:00,scheduler,0,0,16773.6,24564.0,44,52.367
2026-06-09T10:51:29.374622+00:00,scheduler,0,0,16773.6,24564.0,44,52.285
2026-06-09T10:51:34.375258+00:00,scheduler,0,0,16773.6,24564.0,42,17.182
2026-06-09T10:51:39.375769+00:00,scheduler,0,0,16773.6,24564.0,42,15.306
2026-06-09T10:51:44.376327+00:00,scheduler,0,78,17795.6,24564.0,57,54.721
2026-06-09T10:51:49.376728+00:00,scheduler,0,100,17797.6,24564.0,62,448.243
2026-06-09T10:51:54.377095+00:00,scheduler,0,100,17797.6,24564.0,64,447.527
2026-06-09T10:51:59.377453+00:00,scheduler,0,100,17797.6,24564.0,65,448.812
2026-06-09T10:52:04.377824+00:00,scheduler,0,62,20203.6,24564.0,62,428.617
2026-06-09T10:52:09.378267+00:00,scheduler,0,0,16773.6,24564.0,51,55.578
2026-06-09T10:52:14.378628+00:00,scheduler,0,0,16773.6,24564.0,49,55.099
2026-06-09T10:52:19.379055+00:00,scheduler,0,0,16773.6,24564.0,49,54.646
2026-06-09T10:52:24.379591+00:00,scheduler,0,0,16773.6,24564.0,47,16.033
2026-06-09T10:52:29.379989+00:00,scheduler,0,0,16773.6,24564.0,46,15.954
2026-06-09T10:52:34.380380+00:00,scheduler,0,0,16773.6,24564.0,45,16.17
2026-06-09T10:52:39.380787+00:00,scheduler,0,0,16773.6,24564.0,45,15.515
2026-06-09T10:52:44.381290+00:00,scheduler,0,0,16773.6,24564.0,44,15.568
2026-06-09T10:52:49.381655+00:00,scheduler,0,0,16773.6,24564.0,44,15.562
2026-06-09T10:52:54.382019+00:00,scheduler,0,7,16773.6,24564.0,45,53.706
2026-06-09T10:52:59.382391+00:00,scheduler,0,6,16773.6,24564.0,45,53.617
2026-06-09T10:53:04.382968+00:00,scheduler,0,0,1487.6,24564.0,44,58.421
2026-06-09T10:53:09.383778+00:00,scheduler,0,0,1487.6,24564.0,44,52.186
2026-06-09T10:53:14.384218+00:00,scheduler,0,0,1487.6,24564.0,44,51.953
2026-06-09T10:53:19.384613+00:00,scheduler,0,0,1487.6,24564.0,43,23.101
2026-06-09T10:53:24.385006+00:00,scheduler,0,0,1487.6,24564.0,42,15.085
2026-06-09T10:53:29.385386+00:00,scheduler,0,0,1487.6,24564.0,42,14.73
2026-06-09T10:53:34.385730+00:00,scheduler,0,0,1487.6,24564.0,42,14.719
2026-06-09T10:53:39.386143+00:00,scheduler,0,0,1487.6,24564.0,42,14.793
2026-06-09T10:53:44.386501+00:00,scheduler,0,0,1487.6,24564.0,41,14.747
2026-06-09T10:53:49.386890+00:00,scheduler,0,0,1487.6,24564.0,41,14.779
2026-06-09T10:53:54.387273+00:00,scheduler,0,0,1487.6,24564.0,41,14.853
2026-06-09T10:53:59.387674+00:00,scheduler,0,0,1487.6,24564.0,41,15.127
2026-06-09T10:54:04.388112+00:00,scheduler,0,0,1487.6,24564.0,41,15.283
2026-06-09T10:54:09.388578+00:00,scheduler,0,0,1487.6,24564.0,41,15.405
2026-06-09T10:54:14.388974+00:00,scheduler,0,0,1487.6,24564.0,41,15.101
2026-06-09T10:54:19.389549+00:00,scheduler,0,0,1487.6,24564.0,40,15.068
2026-06-09T10:54:24.390101+00:00,scheduler,0,0,1487.6,24564.0,40,14.853
2026-06-09T10:54:29.390536+00:00,scheduler,0,0,1487.6,24564.0,40,14.885
2026-06-09T10:54:34.390958+00:00,scheduler,0,16,7273.6,24564.0,42,53.193
2026-06-09T10:54:39.391400+00:00,scheduler,0,16,14155.6,24564.0,42,53.637
2026-06-09T10:54:44.391943+00:00,scheduler,0,0,16773.6,24564.0,42,52.408
2026-06-09T10:54:49.392405+00:00,scheduler,0,0,16773.6,24564.0,42,52.507
2026-06-09T10:54:54.392795+00:00,scheduler,0,0,16773.6,24564.0,42,52.212
2026-06-09T10:54:59.393236+00:00,scheduler,0,0,16773.6,24564.0,41,29.249
2026-06-09T10:55:04.393614+00:00,scheduler,0,0,16773.6,24564.0,41,14.846
2026-06-09T10:55:09.394002+00:00,scheduler,0,0,16773.6,24564.0,41,14.7
2026-06-09T10:55:14.394420+00:00,scheduler,0,0,16773.6,24564.0,41,14.899
2026-06-09T10:55:19.394856+00:00,scheduler,0,0,16773.6,24564.0,41,14.628
2026-06-09T10:55:24.395292+00:00,scheduler,0,100,17715.6,24564.0,62,450.864
2026-06-09T10:55:29.395674+00:00,scheduler,0,0,20121.6,24564.0,50,404.863
2026-06-09T10:55:34.396134+00:00,scheduler,0,0,16773.6,24564.0,46,53.86
2026-06-09T10:55:39.396533+00:00,scheduler,0,0,16773.6,24564.0,45,52.576
2026-06-09T10:55:44.396934+00:00,scheduler,0,0,16773.6,24564.0,45,53.063
2026-06-09T10:55:49.397363+00:00,scheduler,0,0,16773.6,24564.0,44,16.207
2026-06-09T10:55:54.397781+00:00,scheduler,0,0,16773.6,24564.0,43,15.367
2026-06-09T10:55:59.398203+00:00,scheduler,0,0,16773.6,24564.0,43,15.254
2026-06-09T10:56:04.398605+00:00,scheduler,0,0,16773.6,24564.0,43,15.424
2026-06-09T10:56:09.398969+00:00,scheduler,0,0,16773.6,24564.0,42,15.165
2026-06-09T10:56:14.399375+00:00,scheduler,0,0,16773.6,24564.0,42,15.076
2026-06-09T10:56:19.408546+00:00,scheduler,0,0,16773.6,24564.0,43,52.483
2026-06-09T10:56:24.408922+00:00,scheduler,0,0,16773.6,24564.0,43,52.298
2026-06-09T10:56:29.409330+00:00,scheduler,0,0,16773.6,24564.0,43,52.101
2026-06-09T10:56:34.409703+00:00,scheduler,0,0,16773.6,24564.0,43,51.943
2026-06-09T10:56:39.410132+00:00,scheduler,0,0,16773.6,24564.0,44,51.861
2026-06-09T10:56:44.410555+00:00,scheduler,0,0,16773.6,24564.0,44,51.553
2026-06-09T10:56:49.410930+00:00,scheduler,0,0,16773.6,24564.0,44,52.224
2026-06-09T10:56:54.411328+00:00,scheduler,0,0,16773.6,24564.0,44,52.284
2026-06-09T10:56:59.411715+00:00,scheduler,0,0,16773.6,24564.0,44,52.513
2026-06-09T10:57:04.413358+00:00,scheduler,0,0,16773.6,24564.0,44,52.349
2026-06-09T10:57:09.413727+00:00,scheduler,0,0,16773.6,24564.0,44,52.194
2026-06-09T10:57:14.414252+00:00,scheduler,0,0,16773.6,24564.0,44,52.071
2026-06-09T10:57:19.414693+00:00,scheduler,0,0,16773.6,24564.0,44,52.098
2026-06-09T10:57:24.415227+00:00,scheduler,0,0,16773.6,24564.0,44,52.343
2026-06-09T10:57:29.415635+00:00,scheduler,0,0,16773.6,24564.0,44,52.412
2026-06-09T10:57:34.416002+00:00,scheduler,0,0,16773.6,24564.0,44,52.806
2026-06-09T10:57:39.416391+00:00,scheduler,0,7,16773.6,24564.0,44,52.757
2026-06-09T10:57:44.416761+00:00,scheduler,0,4,3209.6,24564.0,44,52.759
2026-06-09T10:57:49.417152+00:00,scheduler,0,2,5557.6,24564.0,44,52.353
2026-06-09T10:57:54.417564+00:00,scheduler,0,1,7661.6,24564.0,44,51.956
2026-06-09T10:57:59.417951+00:00,scheduler,0,1,9961.6,24564.0,44,52.157
2026-06-09T10:58:04.418523+00:00,scheduler,0,0,11257.6,24564.0,44,52.329
2026-06-09T10:58:09.418974+00:00,scheduler,0,2,12283.6,24564.0,44,52.46
2026-06-09T10:58:14.419419+00:00,scheduler,0,0,13219.6,24564.0,44,52.189
2026-06-09T10:58:19.419865+00:00,scheduler,0,1,14857.6,24564.0,44,52.246
2026-06-09T10:58:24.420613+00:00,scheduler,0,1,16495.6,24564.0,44,52.589
2026-06-09T10:58:29.421451+00:00,scheduler,0,0,16773.6,24564.0,43,52.052
2026-06-09T10:58:34.421895+00:00,scheduler,0,0,16773.6,24564.0,43,52.114
2026-06-09T10:58:39.422382+00:00,scheduler,0,0,16773.6,24564.0,43,52.294
2026-06-09T10:58:44.422886+00:00,scheduler,0,0,16773.6,24564.0,42,32.236
2026-06-09T10:58:49.424703+00:00,scheduler,0,0,16773.6,24564.0,42,15.123
2026-06-09T10:58:54.430426+00:00,scheduler,0,0,16773.6,24564.0,42,14.966
2026-06-09T10:58:59.430966+00:00,scheduler,0,0,16773.6,24564.0,41,14.75
2026-06-09T10:59:04.431531+00:00,scheduler,0,0,16773.6,24564.0,41,14.439
2026-06-09T10:59:09.432121+00:00,scheduler,0,100,17797.6,24564.0,61,448.422
2026-06-09T10:59:14.434513+00:00,scheduler,0,100,17797.6,24564.0,62,449.807
2026-06-09T10:59:19.435008+00:00,scheduler,0,100,17797.6,24564.0,64,448.915
2026-06-09T10:59:24.435521+00:00,scheduler,0,100,17797.6,24564.0,65,448.948
2026-06-09T10:59:29.435984+00:00,scheduler,0,0,16773.6,24564.0,51,64.899
2026-06-09T10:59:34.436395+00:00,scheduler,0,0,16773.6,24564.0,50,55.327
2026-06-09T10:59:39.436764+00:00,scheduler,0,0,16773.6,24564.0,49,55.599
2026-06-09T10:59:44.437169+00:00,scheduler,0,0,16773.6,24564.0,47,43.189
2026-06-09T10:59:49.437540+00:00,scheduler,0,0,16773.6,24564.0,46,16.486
2026-06-09T10:59:54.437896+00:00,scheduler,0,0,16773.6,24564.0,45,16.142
2026-06-09T10:59:59.438323+00:00,scheduler,0,0,16773.6,24564.0,45,15.926
2026-06-09T11:00:04.438692+00:00,scheduler,0,0,16773.6,24564.0,44,15.699
2026-06-09T11:00:09.439131+00:00,scheduler,0,0,16773.6,24564.0,44,15.598
2026-06-09T11:00:14.439554+00:00,scheduler,0,0,16773.6,24564.0,43,15.489
2026-06-09T11:00:19.439946+00:00,scheduler,0,0,16773.6,24564.0,43,15.821
2026-06-09T11:00:24.440340+00:00,scheduler,0,0,16773.6,24564.0,43,15.733
2026-06-09T11:00:29.440720+00:00,scheduler,0,0,16773.6,24564.0,42,15.493
2026-06-09T11:00:34.441104+00:00,scheduler,0,0,16773.6,24564.0,42,15.271
2026-06-09T11:00:39.441482+00:00,scheduler,0,0,16773.6,24564.0,42,15.338
2026-06-09T11:00:44.441891+00:00,scheduler,0,0,16773.6,24564.0,42,15.199
2026-06-09T11:00:49.442289+00:00,scheduler,0,0,16773.6,24564.0,41,15.094
2026-06-09T11:00:54.442677+00:00,scheduler,0,0,16773.6,24564.0,41,14.982
2026-06-09T11:00:59.443096+00:00,scheduler,0,7,16773.6,24564.0,43,53.056
2026-06-09T11:01:04.443474+00:00,scheduler,0,88,1487.6,24564.0,43,53.698
2026-06-09T11:01:09.444382+00:00,scheduler,0,0,1487.6,24564.0,43,52.024
2026-06-09T11:01:14.444813+00:00,scheduler,0,0,1487.6,24564.0,43,52.43
2026-06-09T11:01:19.445247+00:00,scheduler,0,0,1487.6,24564.0,43,52.651
2026-06-09T11:01:24.445718+00:00,scheduler,0,0,1487.6,24564.0,42,16.877
2026-06-09T11:01:29.446116+00:00,scheduler,0,0,1487.6,24564.0,41,15.738
2026-06-09T11:01:34.446498+00:00,scheduler,0,0,1487.6,24564.0,41,15.467
2026-06-09T11:01:39.446913+00:00,scheduler,0,0,1487.6,24564.0,41,15.296
2026-06-09T11:01:44.447373+00:00,scheduler,0,0,1487.6,24564.0,41,15.217
2026-06-09T11:01:49.447949+00:00,scheduler,0,0,1487.6,24564.0,41,15.21
2026-06-09T11:01:54.448502+00:00,scheduler,0,0,1487.6,24564.0,41,15.223
2026-06-09T11:01:59.448953+00:00,scheduler,0,0,1487.6,24564.0,41,15.22
2026-06-09T11:02:04.449382+00:00,scheduler,0,0,1487.6,24564.0,40,15.266
2026-06-09T11:02:09.449866+00:00,scheduler,0,0,1487.6,24564.0,40,15.034
2026-06-09T11:02:14.450306+00:00,scheduler,0,0,1487.6,24564.0,40,15.09
2026-06-09T11:02:19.450727+00:00,scheduler,0,0,1487.6,24564.0,40,15.095
2026-06-09T11:02:24.451180+00:00,scheduler,0,0,1487.6,24564.0,40,15.066
2026-06-09T11:02:29.451942+00:00,scheduler,0,0,1487.6,24564.0,40,15.292
2026-06-09T11:02:34.452367+00:00,scheduler,0,0,1487.6,24564.0,40,14.976
2026-06-09T11:02:39.452775+00:00,scheduler,0,0,1487.6,24564.0,40,15.17
2026-06-09T11:02:44.453288+00:00,scheduler,0,0,1487.6,24564.0,40,15.001
2026-06-09T11:02:49.454110+00:00,scheduler,0,0,1487.6,24564.0,40,15.079
2026-06-09T11:02:54.454532+00:00,scheduler,0,0,1487.6,24564.0,40,14.807
2026-06-09T11:02:59.454911+00:00,scheduler,0,0,1487.6,24564.0,40,14.712
2026-06-09T11:03:04.455340+00:00,scheduler,0,0,1487.6,24564.0,40,14.786
2026-06-09T11:03:09.455756+00:00,scheduler,0,0,1487.6,24564.0,40,15.18
2026-06-09T11:03:14.456974+00:00,scheduler,0,0,1487.6,24564.0,40,14.804
2026-06-09T11:03:19.457385+00:00,scheduler,0,0,1487.6,24564.0,40,14.57
2026-06-09T11:03:24.457882+00:00,scheduler,0,0,1487.6,24564.0,40,14.526
2026-06-09T11:03:29.458287+00:00,scheduler,0,0,1487.6,24564.0,40,14.619
2026-06-09T11:03:34.458721+00:00,scheduler,0,0,1487.6,24564.0,40,14.883
2026-06-09T11:03:39.460026+00:00,scheduler,0,0,1487.6,24564.0,40,14.902
2026-06-09T11:03:44.460493+00:00,scheduler,0,0,1487.6,24564.0,39,14.863
2026-06-09T11:03:49.460945+00:00,scheduler,0,0,1487.6,24564.0,39,14.812
2026-06-09T11:03:54.461485+00:00,scheduler,0,0,1487.6,24564.0,39,14.902
2026-06-09T11:03:59.461991+00:00,scheduler,0,0,1487.6,24564.0,39,15.009
2026-06-09T11:04:04.462531+00:00,scheduler,0,0,1487.6,24564.0,39,14.845
2026-06-09T11:04:09.463101+00:00,scheduler,0,0,1487.6,24564.0,39,14.894
2026-06-09T11:04:14.463614+00:00,scheduler,0,0,1487.6,24564.0,39,14.823
2026-06-09T11:04:19.464126+00:00,scheduler,0,0,1487.6,24564.0,39,14.972
2026-06-09T11:04:24.464575+00:00,scheduler,0,0,1487.6,24564.0,39,15.182
2026-06-09T11:04:29.465810+00:00,scheduler,0,0,1487.6,24564.0,39,15.067
2026-06-09T11:04:34.466265+00:00,scheduler,0,0,1487.6,24564.0,39,15.203
2026-06-09T11:04:39.466692+00:00,scheduler,0,0,1487.6,24564.0,39,14.772
2026-06-09T11:04:44.467234+00:00,scheduler,0,0,1487.6,24564.0,39,14.722
2026-06-09T11:04:49.467701+00:00,scheduler,0,0,1487.6,24564.0,39,14.722
2026-06-09T11:04:54.468981+00:00,scheduler,0,0,1487.6,24564.0,39,14.731
2026-06-09T11:04:59.469504+00:00,scheduler,0,0,1487.6,24564.0,39,14.996
2026-06-09T11:05:04.469944+00:00,scheduler,0,0,1487.6,24564.0,39,15.108
2026-06-09T11:05:09.470553+00:00,scheduler,0,0,1487.6,24564.0,39,14.99
2026-06-09T11:05:14.471044+00:00,scheduler,0,0,1487.6,24564.0,39,14.952
2026-06-09T11:05:19.472325+00:00,scheduler,0,0,1487.6,24564.0,39,14.81
2026-06-09T11:05:24.472840+00:00,scheduler,0,0,1487.6,24564.0,39,14.841
2026-06-09T11:05:29.474302+00:00,scheduler,0,0,1487.6,24564.0,39,14.485
2026-06-09T11:05:34.474996+00:00,scheduler,0,0,3345.6,24564.0,41,52.283
2026-06-09T11:05:39.475633+00:00,scheduler,0,2,5149.6,24564.0,41,52.273
2026-06-09T11:05:44.476413+00:00,scheduler,0,2,6653.6,24564.0,41,52.165
2026-06-09T11:05:49.476820+00:00,scheduler,0,2,7953.6,24564.0,41,52.325
2026-06-09T11:05:54.477292+00:00,scheduler,0,14,10951.6,24564.0,42,52.715
2026-06-09T11:05:59.477675+00:00,scheduler,0,0,12517.6,24564.0,42,52.798
2026-06-09T11:06:04.478041+00:00,scheduler,0,1,13219.6,24564.0,42,52.253
2026-06-09T11:06:09.478983+00:00,scheduler,0,1,14389.6,24564.0,42,52.387
2026-06-09T11:06:14.480155+00:00,scheduler,0,1,15325.6,24564.0,42,52.899
2026-06-09T11:06:19.480700+00:00,scheduler,0,1,16261.6,24564.0,42,52.306
2026-06-09T11:06:24.481250+00:00,scheduler,0,0,16773.6,24564.0,42,52.204
2026-06-09T11:06:29.481740+00:00,scheduler,0,0,16773.6,24564.0,42,52.054
2026-06-09T11:06:34.482148+00:00,scheduler,0,0,16773.6,24564.0,43,52.21
2026-06-09T11:06:39.482552+00:00,scheduler,0,0,16773.6,24564.0,43,52.571
2026-06-09T11:06:44.482956+00:00,scheduler,0,0,16773.6,24564.0,41,15.637
2026-06-09T11:06:49.483372+00:00,scheduler,0,0,16773.6,24564.0,41,15.252
2026-06-09T11:06:54.483771+00:00,scheduler,0,0,16773.6,24564.0,41,15.299
2026-06-09T11:06:59.484216+00:00,scheduler,0,0,16773.6,24564.0,41,15.152
2026-06-09T11:07:04.484609+00:00,scheduler,0,100,17797.6,24564.0,61,367.427
2026-06-09T11:07:09.485117+00:00,scheduler,0,100,17797.6,24564.0,63,450.013
2026-06-09T11:07:14.485690+00:00,scheduler,0,0,16773.6,24564.0,47,57.738
2026-06-09T11:07:19.486125+00:00,scheduler,0,0,16773.6,24564.0,46,52.855
2026-06-09T11:07:24.486523+00:00,scheduler,0,0,16773.6,24564.0,45,52.622
2026-06-09T11:07:29.486942+00:00,scheduler,0,0,16773.6,24564.0,44,36.992
2026-06-09T11:07:34.487374+00:00,scheduler,0,0,16773.6,24564.0,43,15.326
2026-06-09T11:07:39.487789+00:00,scheduler,0,0,16773.6,24564.0,43,15.275
2026-06-09T11:07:44.488370+00:00,scheduler,0,0,16773.6,24564.0,43,15.156
2026-06-09T11:07:49.488882+00:00,scheduler,0,0,16773.6,24564.0,42,15.137
2026-06-09T11:07:54.489435+00:00,scheduler,0,0,16773.6,24564.0,42,15.196
2026-06-09T11:07:59.489960+00:00,scheduler,0,0,16773.6,24564.0,42,15.313
2026-06-09T11:08:04.490413+00:00,scheduler,0,0,16773.6,24564.0,42,15.221
2026-06-09T11:08:09.490848+00:00,scheduler,0,0,16773.6,24564.0,42,15.469
2026-06-09T11:08:14.491463+00:00,scheduler,0,0,16773.6,24564.0,41,15.292
2026-06-09T11:08:19.491998+00:00,scheduler,0,0,16773.6,24564.0,41,15.208
2026-06-09T11:08:24.492445+00:00,scheduler,0,0,16773.6,24564.0,42,51.871
2026-06-09T11:08:29.492837+00:00,scheduler,0,1,16773.6,24564.0,43,52.218
2026-06-09T11:08:34.493291+00:00,scheduler,0,0,16773.6,24564.0,43,52.069
2026-06-09T11:08:39.493774+00:00,scheduler,0,0,16773.6,24564.0,43,52.831
2026-06-09T11:08:44.494254+00:00,scheduler,0,0,16773.6,24564.0,43,52.453
2026-06-09T11:08:49.494792+00:00,scheduler,0,4,16773.6,24564.0,43,52.417
2026-06-09T11:08:54.495407+00:00,scheduler,0,0,16773.6,24564.0,43,52.806
2026-06-09T11:08:59.495934+00:00,scheduler,0,0,16773.6,24564.0,43,53.001
2026-06-09T11:09:04.496427+00:00,scheduler,0,0,16773.6,24564.0,43,53.052
2026-06-09T11:09:09.496951+00:00,scheduler,0,0,16773.6,24564.0,43,52.605
2026-06-09T11:09:14.497561+00:00,scheduler,0,1,16773.6,24564.0,43,53.256
2026-06-09T11:09:19.497979+00:00,scheduler,0,1,16773.6,24564.0,43,53.381
2026-06-09T11:09:24.498411+00:00,scheduler,0,1,16773.6,24564.0,43,53.376
2026-06-09T11:09:29.498837+00:00,scheduler,0,1,16773.6,24564.0,43,53.473
2026-06-09T11:09:34.499344+00:00,scheduler,0,0,16773.6,24564.0,43,53.612
2026-06-09T11:09:39.499730+00:00,scheduler,0,0,1487.6,24564.0,43,58.947
2026-06-09T11:09:44.500246+00:00,scheduler,0,3,3597.6,24564.0,43,53.4
2026-06-09T11:09:49.501420+00:00,scheduler,0,11,14623.6,24564.0,43,53.873
2026-06-09T11:09:54.501886+00:00,scheduler,0,0,16773.6,24564.0,43,52.907
2026-06-09T11:09:59.502358+00:00,scheduler,0,0,16773.6,24564.0,43,52.587
2026-06-09T11:10:04.502791+00:00,scheduler,0,0,16773.6,24564.0,43,52.929
2026-06-09T11:10:09.503275+00:00,scheduler,0,0,16773.6,24564.0,42,43.296
2026-06-09T11:10:14.503708+00:00,scheduler,0,0,16773.6,24564.0,42,14.241
2026-06-09T11:10:19.504149+00:00,scheduler,0,0,16773.6,24564.0,42,14.12
2026-06-09T11:10:24.504564+00:00,scheduler,0,100,17797.6,24564.0,62,447.357
2026-06-09T11:10:29.504957+00:00,scheduler,0,100,17797.6,24564.0,63,449.03
2026-06-09T11:10:34.505365+00:00,scheduler,0,100,17797.6,24564.0,64,448.759
2026-06-09T11:10:39.505814+00:00,scheduler,0,100,17797.6,24564.0,65,449.32
2026-06-09T11:10:44.506236+00:00,scheduler,0,0,16773.6,24564.0,52,65.236
2026-06-09T11:10:49.506644+00:00,scheduler,0,0,16773.6,24564.0,50,54.651
2026-06-09T11:10:54.507032+00:00,scheduler,0,0,16773.6,24564.0,49,54.419
2026-06-09T11:10:59.507463+00:00,scheduler,0,0,16773.6,24564.0,47,43.095
2026-06-09T11:11:04.507928+00:00,scheduler,0,0,16773.6,24564.0,46,15.84
2026-06-09T11:11:09.508410+00:00,scheduler,0,0,16773.6,24564.0,46,15.231
2026-06-09T11:11:14.508836+00:00,scheduler,0,0,16773.6,24564.0,45,15.183
2026-06-09T11:11:19.509224+00:00,scheduler,0,0,16773.6,24564.0,45,15.274
2026-06-09T11:11:24.509618+00:00,scheduler,0,0,16773.6,24564.0,44,15.405
2026-06-09T11:11:29.510154+00:00,scheduler,0,0,16773.6,24564.0,44,15.1
2026-06-09T11:11:34.510653+00:00,scheduler,0,0,16773.6,24564.0,43,15.314
2026-06-09T11:11:39.511240+00:00,scheduler,0,0,16773.6,24564.0,43,14.523
2026-06-09T11:11:44.511750+00:00,scheduler,0,0,16773.6,24564.0,43,14.554
2026-06-09T11:11:49.512267+00:00,scheduler,0,0,16773.6,24564.0,42,14.512
2026-06-09T11:11:54.512778+00:00,scheduler,0,0,16773.6,24564.0,42,14.26
2026-06-09T11:11:59.513256+00:00,scheduler,0,0,16773.6,24564.0,42,14.242
2026-06-09T11:12:04.513657+00:00,scheduler,0,0,16773.6,24564.0,43,52.002
2026-06-09T11:12:09.514080+00:00,scheduler,0,0,16773.6,24564.0,43,52.599
2026-06-09T11:12:14.514462+00:00,scheduler,0,1,16773.6,24564.0,43,52.234
2026-06-09T11:12:19.514844+00:00,scheduler,0,6,16773.6,24564.0,43,52.41
2026-06-09T11:12:24.515258+00:00,scheduler,0,6,16773.6,24564.0,43,53.054
2026-06-09T11:12:29.672972+00:00,scheduler,0,99,1487.6,24564.0,44,62.89
2026-06-09T11:12:34.690814+00:00,scheduler,0,0,1487.6,24564.0,43,52.162
2026-06-09T11:12:39.691273+00:00,scheduler,0,0,1487.6,24564.0,43,51.95
2026-06-09T11:12:44.692670+00:00,scheduler,0,0,1487.6,24564.0,43,52.212
2026-06-09T11:12:49.693090+00:00,scheduler,0,0,1487.6,24564.0,42,14.976
2026-06-09T11:12:54.694463+00:00,scheduler,0,0,1487.6,24564.0,41,14.723
2026-06-09T11:12:59.694859+00:00,scheduler,0,0,1487.6,24564.0,41,14.715
2026-06-09T11:13:04.696187+00:00,scheduler,0,0,1487.6,24564.0,41,14.759
2026-06-09T11:13:09.696762+00:00,scheduler,0,0,1487.6,24564.0,41,14.68
2026-06-09T11:13:14.698952+00:00,scheduler,0,0,1487.6,24564.0,41,14.751
2026-06-09T11:13:19.699534+00:00,scheduler,0,0,1487.6,24564.0,41,14.805
2026-06-09T11:13:24.700056+00:00,scheduler,0,0,1487.6,24564.0,41,14.701
2026-06-09T11:13:29.700618+00:00,scheduler,0,0,1487.6,24564.0,40,14.571
2026-06-09T11:13:34.701130+00:00,scheduler,0,0,1487.6,24564.0,40,14.756
2026-06-09T11:13:39.701561+00:00,scheduler,0,0,1487.6,24564.0,40,14.676
2026-06-09T11:13:44.702108+00:00,scheduler,0,0,1487.6,24564.0,40,14.538
2026-06-09T11:13:49.702613+00:00,scheduler,0,0,1487.6,24564.0,40,14.42
2026-06-09T11:13:54.703122+00:00,scheduler,0,0,1487.6,24564.0,40,14.456
2026-06-09T11:13:59.703667+00:00,scheduler,0,0,1487.6,24564.0,40,14.61
2026-06-09T11:14:04.704167+00:00,scheduler,0,0,1487.6,24564.0,40,14.532
2026-06-09T11:14:09.704648+00:00,scheduler,0,0,1487.6,24564.0,40,14.237
2026-06-09T11:14:14.705122+00:00,scheduler,0,0,1487.6,24564.0,40,14.674
2026-06-09T11:14:19.705682+00:00,scheduler,0,0,1487.6,24564.0,40,14.45
2026-06-09T11:14:24.706219+00:00,scheduler,0,0,1487.6,24564.0,40,14.175
2026-06-09T11:14:29.706690+00:00,scheduler,0,0,1487.6,24564.0,40,14.363
2026-06-09T11:14:34.707148+00:00,scheduler,0,0,1487.6,24564.0,40,14.546
2026-06-09T11:14:39.707557+00:00,scheduler,0,0,1487.6,24564.0,40,14.598
2026-06-09T11:14:44.708021+00:00,scheduler,0,0,1487.6,24564.0,40,14.33
2026-06-09T11:14:49.708479+00:00,scheduler,0,0,1487.6,24564.0,39,14.219
2026-06-09T11:14:54.708889+00:00,scheduler,0,0,1487.6,24564.0,39,14.087
2026-06-09T11:14:59.709296+00:00,scheduler,0,0,1487.6,24564.0,39,14.28
2026-06-09T11:15:04.709716+00:00,scheduler,0,0,1487.6,24564.0,39,14.44
2026-06-09T11:15:09.710139+00:00,scheduler,0,0,1487.6,24564.0,39,14.089
2026-06-09T11:15:14.710574+00:00,scheduler,0,0,1487.6,24564.0,39,14.197
2026-06-09T11:15:19.710990+00:00,scheduler,0,0,1487.6,24564.0,39,14.064
2026-06-09T11:15:24.711415+00:00,scheduler,0,0,1487.6,24564.0,39,14.042
2026-06-09T11:15:29.711839+00:00,scheduler,0,0,1487.6,24564.0,39,14.396
2026-06-09T11:15:34.712323+00:00,scheduler,0,0,1487.6,24564.0,39,14.472
2026-06-09T11:15:39.712745+00:00,scheduler,0,0,1487.6,24564.0,39,14.442
2026-06-09T11:15:44.713147+00:00,scheduler,0,0,1487.6,24564.0,39,14.667
2026-06-09T11:15:49.713566+00:00,scheduler,0,0,1487.6,24564.0,39,14.47
2026-06-09T11:15:54.714017+00:00,scheduler,0,0,1487.6,24564.0,39,14.492
2026-06-09T11:15:59.714488+00:00,scheduler,0,0,1487.6,24564.0,39,14.458
2026-06-09T11:16:04.714978+00:00,scheduler,0,0,1487.6,24564.0,39,14.717
2026-06-09T11:16:09.717838+00:00,scheduler,0,0,1487.6,24564.0,39,14.685
2026-06-09T11:16:14.718351+00:00,scheduler,0,0,1487.6,24564.0,39,14.299
2026-06-09T11:16:19.718958+00:00,scheduler,0,0,1487.6,24564.0,39,14.368
2026-06-09T11:16:24.719797+00:00,scheduler,0,0,1487.6,24564.0,39,14.343
2026-06-09T11:16:29.720310+00:00,scheduler,0,0,1487.6,24564.0,39,14.466
2026-06-09T11:16:34.720741+00:00,scheduler,0,25,9799.6,24564.0,41,52.75
2026-06-09T11:16:39.721111+00:00,scheduler,0,0,12049.6,24564.0,41,52.137
2026-06-09T11:16:44.721515+00:00,scheduler,0,0,16773.6,24564.0,41,52.007
2026-06-09T11:16:49.721947+00:00,scheduler,0,0,16773.6,24564.0,42,51.995
2026-06-09T11:16:54.722355+00:00,scheduler,0,0,16773.6,24564.0,42,51.919
2026-06-09T11:16:59.722767+00:00,scheduler,0,0,16773.6,24564.0,42,51.908
2026-06-09T11:17:04.723175+00:00,scheduler,0,0,16773.6,24564.0,40,15.123
2026-06-09T11:17:09.723601+00:00,scheduler,0,0,16773.6,24564.0,40,15.049
2026-06-09T11:17:14.725019+00:00,scheduler,0,0,16773.6,24564.0,40,15.038
2026-06-09T11:17:19.725653+00:00,scheduler,0,0,16773.6,24564.0,40,15.419
2026-06-09T11:17:24.726175+00:00,scheduler,0,0,16773.6,24564.0,40,15.1
2026-06-09T11:17:29.726687+00:00,scheduler,0,100,17715.6,24564.0,61,448.738
2026-06-09T11:17:34.727253+00:00,scheduler,0,100,20121.6,24564.0,62,448.295
2026-06-09T11:17:39.727850+00:00,scheduler,0,0,16773.6,24564.0,45,53.599
2026-06-09T11:17:44.728412+00:00,scheduler,0,0,16773.6,24564.0,45,52.806
2026-06-09T11:17:49.728926+00:00,scheduler,0,0,16773.6,24564.0,45,52.746
2026-06-09T11:17:54.729379+00:00,scheduler,0,0,16773.6,24564.0,43,17.395
2026-06-09T11:17:59.729825+00:00,scheduler,0,0,16773.6,24564.0,43,15.429
2026-06-09T11:18:04.730308+00:00,scheduler,0,0,16773.6,24564.0,43,15.646
2026-06-09T11:18:09.730771+00:00,scheduler,0,0,16773.6,24564.0,42,15.388
2026-06-09T11:18:14.731334+00:00,scheduler,0,0,16773.6,24564.0,42,15.49
2026-06-09T11:18:19.731898+00:00,scheduler,0,0,16773.6,24564.0,42,15.283
2026-06-09T11:18:24.732446+00:00,scheduler,0,0,16773.6,24564.0,42,15.225
2026-06-09T11:18:29.732887+00:00,scheduler,0,0,16773.6,24564.0,42,15.061
2026-06-09T11:18:34.733305+00:00,scheduler,0,0,16773.6,24564.0,41,15.206
2026-06-09T11:18:39.733733+00:00,scheduler,0,0,16773.6,24564.0,41,15.401
2026-06-09T11:18:44.734142+00:00,scheduler,0,0,16773.6,24564.0,41,15.262
2026-06-09T11:18:49.734551+00:00,scheduler,0,0,16773.6,24564.0,41,15.251
2026-06-09T11:18:54.734978+00:00,scheduler,0,0,16773.6,24564.0,41,15.3
2026-06-09T11:18:59.735447+00:00,scheduler,0,0,16773.6,24564.0,41,15.037
2026-06-09T11:19:04.735904+00:00,scheduler,0,0,16773.6,24564.0,41,14.965
2026-06-09T11:19:09.736364+00:00,scheduler,0,0,16773.6,24564.0,40,15.114
2026-06-09T11:19:14.736843+00:00,scheduler,0,0,16773.6,24564.0,40,14.72
2026-06-09T11:19:19.737365+00:00,scheduler,0,0,16773.6,24564.0,40,15.1
2026-06-09T11:19:24.738033+00:00,scheduler,0,0,16773.6,24564.0,40,14.784
2026-06-09T11:19:29.738633+00:00,scheduler,0,0,16773.6,24564.0,40,14.891
2026-06-09T11:19:34.739217+00:00,scheduler,0,0,16773.6,24564.0,40,14.704
2026-06-09T11:19:39.739774+00:00,scheduler,0,0,16773.6,24564.0,40,14.616
2026-06-09T11:19:44.740370+00:00,scheduler,0,0,16773.6,24564.0,40,14.482
2026-06-09T11:19:49.740952+00:00,scheduler,0,0,16773.6,24564.0,40,14.583
2026-06-09T11:19:54.741583+00:00,scheduler,0,0,16773.6,24564.0,40,14.613
2026-06-09T11:19:59.742149+00:00,scheduler,0,0,16773.6,24564.0,40,14.669
2026-06-09T11:20:04.742596+00:00,scheduler,0,0,16773.6,24564.0,40,14.607
2026-06-09T11:20:09.743040+00:00,scheduler,0,0,16773.6,24564.0,40,14.855
2026-06-09T11:20:14.743508+00:00,scheduler,0,0,16773.6,24564.0,40,14.965
2026-06-09T11:20:19.743949+00:00,scheduler,0,0,16773.6,24564.0,40,15.037
2026-06-09T11:20:24.744432+00:00,scheduler,0,0,16773.6,24564.0,39,14.886
2026-06-09T11:20:29.744877+00:00,scheduler,0,0,16773.6,24564.0,39,14.811
2026-06-09T11:20:34.745330+00:00,scheduler,0,0,16773.6,24564.0,39,14.622
2026-06-09T11:20:39.745773+00:00,scheduler,0,0,16773.6,24564.0,39,14.756
2026-06-09T11:20:44.746233+00:00,scheduler,0,0,16773.6,24564.0,39,14.597
2026-06-09T11:20:49.746681+00:00,scheduler,0,0,16773.6,24564.0,41,51.313
2026-06-09T11:20:54.747099+00:00,scheduler,0,0,16773.6,24564.0,41,51.653
2026-06-09T11:20:59.747529+00:00,scheduler,0,0,16773.6,24564.0,41,52.048
2026-06-09T11:21:04.747995+00:00,scheduler,0,0,16773.6,24564.0,41,51.571
2026-06-09T11:21:09.748456+00:00,scheduler,0,0,16773.6,24564.0,42,51.831
2026-06-09T11:21:14.748897+00:00,scheduler,0,0,16773.6,24564.0,42,51.454
2026-06-09T11:21:19.749375+00:00,scheduler,0,0,16773.6,24564.0,42,51.745
2026-06-09T11:21:24.749836+00:00,scheduler,0,0,16773.6,24564.0,42,52.308
2026-06-09T11:21:29.750295+00:00,scheduler,0,0,16773.6,24564.0,42,52.181
2026-06-09T11:21:34.750727+00:00,scheduler,0,0,16773.6,24564.0,42,52.316
2026-06-09T11:21:39.751257+00:00,scheduler,0,0,16773.6,24564.0,42,52.254
2026-06-09T11:21:44.751663+00:00,scheduler,0,0,16773.6,24564.0,43,52.009
2026-06-09T11:21:49.752111+00:00,scheduler,0,0,16773.6,24564.0,43,52.283
2026-06-09T11:21:54.752546+00:00,scheduler,0,0,16773.6,24564.0,43,52.342
2026-06-09T11:21:59.752999+00:00,scheduler,0,0,16773.6,24564.0,43,51.948
2026-06-09T11:22:04.753429+00:00,scheduler,0,0,16773.6,24564.0,43,52.282
2026-06-09T11:22:09.753856+00:00,scheduler,0,0,16773.6,24564.0,43,52.286
2026-06-09T11:22:14.754256+00:00,scheduler,0,0,16773.6,24564.0,43,52.074
2026-06-09T11:22:19.754675+00:00,scheduler,0,0,16773.6,24564.0,43,52.521
2026-06-09T11:22:24.755111+00:00,scheduler,0,0,16773.6,24564.0,43,52.321
2026-06-09T11:22:29.755526+00:00,scheduler,0,0,16773.6,24564.0,43,52.155
2026-06-09T11:22:34.755924+00:00,scheduler,0,0,16773.6,24564.0,43,52.439
2026-06-09T11:22:39.756364+00:00,scheduler,0,6,16773.6,24564.0,43,52.682
2026-06-09T11:22:44.756764+00:00,scheduler,0,0,8701.6,24564.0,43,52.24
2026-06-09T11:22:49.757162+00:00,scheduler,0,2,4373.6,24564.0,43,52.724
2026-06-09T11:22:54.757561+00:00,scheduler,0,2,6061.6,24564.0,43,52.618
2026-06-09T11:22:59.757957+00:00,scheduler,0,0,7381.6,24564.0,43,52.227
2026-06-09T11:23:04.758360+00:00,scheduler,0,2,8593.6,24564.0,43,52.602
2026-06-09T11:23:09.758761+00:00,scheduler,0,1,11563.6,24564.0,44,52.858
2026-06-09T11:23:14.759162+00:00,scheduler,0,2,12823.6,24564.0,44,52.525
2026-06-09T11:23:19.759588+00:00,scheduler,0,2,14389.6,24564.0,44,52.644
2026-06-09T11:23:24.759994+00:00,scheduler,0,1,15163.6,24564.0,43,52.802
2026-06-09T11:23:29.760437+00:00,scheduler,0,1,16773.6,24564.0,44,53.212
2026-06-09T11:23:34.760962+00:00,scheduler,0,0,16773.6,24564.0,43,52.831
2026-06-09T11:23:39.761557+00:00,scheduler,0,0,16773.6,24564.0,43,52.789
2026-06-09T11:23:44.762139+00:00,scheduler,0,0,16773.6,24564.0,43,52.773
2026-06-09T11:23:49.762681+00:00,scheduler,0,0,16773.6,24564.0,42,17.974
2026-06-09T11:23:54.763217+00:00,scheduler,0,0,16773.6,24564.0,42,15.371
2026-06-09T11:23:59.763789+00:00,scheduler,0,0,16773.6,24564.0,42,15.382
2026-06-09T11:24:04.764369+00:00,scheduler,0,0,16773.6,24564.0,41,15.228
2026-06-09T11:24:09.764903+00:00,scheduler,0,0,16773.6,24564.0,41,14.9
2026-06-09T11:24:14.765450+00:00,scheduler,0,0,16773.6,24564.0,41,15.088
2026-06-09T11:24:19.766013+00:00,scheduler,0,0,16773.6,24564.0,41,15.023
2026-06-09T11:24:24.766593+00:00,scheduler,0,0,16773.6,24564.0,41,15.114
2026-06-09T11:24:29.767156+00:00,scheduler,0,100,17797.6,24564.0,61,437.715
2026-06-09T11:24:34.767669+00:00,scheduler,0,100,17797.6,24564.0,62,448.995
2026-06-09T11:24:39.768194+00:00,scheduler,0,100,17797.6,24564.0,62,449.326
2026-06-09T11:24:44.768744+00:00,scheduler,0,100,17797.6,24564.0,65,448.943
2026-06-09T11:24:49.769398+00:00,scheduler,0,0,20203.6,24564.0,52,120.217
2026-06-09T11:24:54.769951+00:00,scheduler,0,0,16773.6,24564.0,50,54.846
2026-06-09T11:24:59.770540+00:00,scheduler,0,0,16773.6,24564.0,49,54.535
2026-06-09T11:25:04.771162+00:00,scheduler,0,0,16773.6,24564.0,48,54.529
2026-06-09T11:25:09.771698+00:00,scheduler,0,0,16773.6,24564.0,46,15.646
2026-06-09T11:25:14.772193+00:00,scheduler,0,0,16773.6,24564.0,45,15.601
2026-06-09T11:25:19.772977+00:00,scheduler,0,0,16773.6,24564.0,45,15.595
2026-06-09T11:25:24.773459+00:00,scheduler,0,0,16773.6,24564.0,44,15.582
2026-06-09T11:25:29.773942+00:00,scheduler,0,0,16773.6,24564.0,44,14.847
2026-06-09T11:25:34.774387+00:00,scheduler,0,0,16773.6,24564.0,43,15.03
2026-06-09T11:25:39.774923+00:00,scheduler,0,0,16773.6,24564.0,43,14.969
2026-06-09T11:25:44.775507+00:00,scheduler,0,0,16773.6,24564.0,43,14.971
2026-06-09T11:25:49.776047+00:00,scheduler,0,0,16773.6,24564.0,42,15.293
2026-06-09T11:25:54.776497+00:00,scheduler,0,0,16773.6,24564.0,42,15.111
2026-06-09T11:25:59.776928+00:00,scheduler,0,0,16773.6,24564.0,42,14.744
2026-06-09T11:26:04.777361+00:00,scheduler,0,0,16773.6,24564.0,42,14.687
2026-06-09T11:26:09.777768+00:00,scheduler,0,0,16773.6,24564.0,42,14.624
2026-06-09T11:26:14.778181+00:00,scheduler,0,0,16773.6,24564.0,41,14.422
2026-06-09T11:26:19.778608+00:00,scheduler,0,0,16773.6,24564.0,41,14.562
2026-06-09T11:26:24.779055+00:00,scheduler,0,0,16773.6,24564.0,41,14.59
2026-06-09T11:26:29.779524+00:00,scheduler,0,0,16773.6,24564.0,41,14.523
2026-06-09T11:26:34.779979+00:00,scheduler,0,0,16773.6,24564.0,41,14.46
2026-06-09T11:26:39.780437+00:00,scheduler,0,8,16773.6,24564.0,42,52.007
2026-06-09T11:26:44.780851+00:00,scheduler,0,96,1487.6,24564.0,43,60.012
2026-06-09T11:26:49.781292+00:00,scheduler,0,0,1487.6,24564.0,42,51.35
2026-06-09T11:26:54.781727+00:00,scheduler,0,0,1487.6,24564.0,42,50.857
2026-06-09T11:26:59.782163+00:00,scheduler,0,0,1487.6,24564.0,43,51.325
2026-06-09T11:27:04.782581+00:00,scheduler,0,0,1487.6,24564.0,41,14.5
2026-06-09T11:27:09.784123+00:00,scheduler,0,0,1487.6,24564.0,41,14.541
2026-06-09T11:27:14.784541+00:00,scheduler,0,0,1487.6,24564.0,41,14.603
2026-06-09T11:27:19.784960+00:00,scheduler,0,0,1487.6,24564.0,41,14.489
2026-06-09T11:27:24.785371+00:00,scheduler,0,0,1487.6,24564.0,41,14.581
2026-06-09T11:27:29.785767+00:00,scheduler,0,0,2229.6,24564.0,40,14.928
2026-06-09T11:27:34.811041+00:00,scheduler,0,1,3025.6,24564.0,42,51.938
2026-06-09T11:27:39.811468+00:00,scheduler,0,0,4189.6,24564.0,42,52.308
2026-06-09T11:27:44.811913+00:00,scheduler,0,2,5877.6,24564.0,42,52.304
2026-06-09T11:27:49.812342+00:00,scheduler,0,1,7041.6,24564.0,42,52.437
2026-06-09T11:27:54.812736+00:00,scheduler,0,0,8157.6,24564.0,42,52.515
2026-06-09T11:27:59.814373+00:00,scheduler,0,0,8777.6,24564.0,43,52.238
2026-06-09T11:28:04.814811+00:00,scheduler,0,2,11491.6,24564.0,43,52.694
2026-06-09T11:28:09.815712+00:00,scheduler,0,2,13453.6,24564.0,43,52.73
2026-06-09T11:28:14.816101+00:00,scheduler,0,2,15163.6,24564.0,43,52.379
2026-06-09T11:28:19.816949+00:00,scheduler,0,0,16567.6,24564.0,43,52.518
2026-06-09T11:28:24.817395+00:00,scheduler,0,0,16773.6,24564.0,43,52.068
2026-06-09T11:28:29.817806+00:00,scheduler,0,0,16773.6,24564.0,43,51.998
2026-06-09T11:28:34.818196+00:00,scheduler,0,0,16773.6,24564.0,43,52.134
2026-06-09T11:28:39.818614+00:00,scheduler,0,0,16773.6,24564.0,42,50.57
2026-06-09T11:28:44.818998+00:00,scheduler,0,0,16773.6,24564.0,42,15.329
2026-06-09T11:28:49.819411+00:00,scheduler,0,0,16773.6,24564.0,41,15.344
2026-06-09T11:28:54.819851+00:00,scheduler,0,0,16773.6,24564.0,41,15.215
2026-06-09T11:28:59.820278+00:00,scheduler,0,0,16773.6,24564.0,41,14.908
2026-06-09T11:29:04.820659+00:00,scheduler,0,0,16773.6,24564.0,41,15.274
2026-06-09T11:29:09.821042+00:00,scheduler,0,100,17797.6,24564.0,62,450.214
2026-06-09T11:29:14.821437+00:00,scheduler,0,100,17797.6,24564.0,63,449.997
2026-06-09T11:29:19.821824+00:00,scheduler,0,0,16773.6,24564.0,46,53.709
2026-06-09T11:29:24.822265+00:00,scheduler,0,0,16773.6,24564.0,45,52.373
2026-06-09T11:29:29.822686+00:00,scheduler,0,0,16773.6,24564.0,45,52.542
2026-06-09T11:29:34.823099+00:00,scheduler,0,0,16773.6,24564.0,44,19.61
2026-06-09T11:29:39.823523+00:00,scheduler,0,0,16773.6,24564.0,43,15.441
2026-06-09T11:29:44.824143+00:00,scheduler,0,0,16773.6,24564.0,43,15.266
2026-06-09T11:29:49.824710+00:00,scheduler,0,0,16773.6,24564.0,43,15.491
2026-06-09T11:29:54.825293+00:00,scheduler,0,0,16773.6,24564.0,42,15.582
2026-06-09T11:29:59.825984+00:00,scheduler,0,0,16773.6,24564.0,42,15.565
2026-06-09T11:30:04.826549+00:00,scheduler,0,0,16773.6,24564.0,42,15.32
2026-06-09T11:30:09.827060+00:00,scheduler,0,0,16773.6,24564.0,42,14.9
2026-06-09T11:30:14.827701+00:00,scheduler,0,0,16773.6,24564.0,42,15.002
2026-06-09T11:30:19.828224+00:00,scheduler,0,0,16773.6,24564.0,41,14.824
2026-06-09T11:30:24.828686+00:00,scheduler,0,0,16773.6,24564.0,41,14.59
2026-06-09T11:30:29.829150+00:00,scheduler,0,0,16773.6,24564.0,41,14.856
2026-06-09T11:30:34.829655+00:00,scheduler,0,0,16773.6,24564.0,41,14.71
2026-06-09T11:30:39.830191+00:00,scheduler,0,0,16773.6,24564.0,41,14.997
2026-06-09T11:30:44.830712+00:00,scheduler,0,0,16773.6,24564.0,41,14.958
2026-06-09T11:30:49.831220+00:00,scheduler,0,0,16773.6,24564.0,41,14.796
2026-06-09T11:30:54.831702+00:00,scheduler,0,0,16773.6,24564.0,40,14.823
2026-06-09T11:30:59.832236+00:00,scheduler,0,5,16773.6,24564.0,42,52.505
2026-06-09T11:31:04.832729+00:00,scheduler,0,7,16773.6,24564.0,42,52.634
2026-06-09T11:31:09.833268+00:00,scheduler,0,1,16773.6,24564.0,42,52.175
2026-06-09T11:31:14.851855+00:00,scheduler,0,0,16773.6,24564.0,42,52.355
2026-06-09T11:31:19.853138+00:00,scheduler,0,0,2229.6,24564.0,42,51.633
2026-06-09T11:31:24.853609+00:00,scheduler,0,1,3065.6,24564.0,42,52.013
2026-06-09T11:31:29.854125+00:00,scheduler,0,2,4121.6,24564.0,42,52.22
2026-06-09T11:31:34.854603+00:00,scheduler,0,1,5101.6,24564.0,43,51.849
2026-06-09T11:31:39.855173+00:00,scheduler,0,1,5925.6,24564.0,43,52.225
2026-06-09T11:31:44.855615+00:00,scheduler,0,0,16773.6,24564.0,43,52.097
2026-06-09T11:31:49.856121+00:00,scheduler,0,0,16773.6,24564.0,43,51.997
2026-06-09T11:31:54.856587+00:00,scheduler,0,0,16773.6,24564.0,43,51.785
2026-06-09T11:31:59.857033+00:00,scheduler,0,0,16773.6,24564.0,43,52.115
2026-06-09T11:32:04.857527+00:00,scheduler,0,0,16773.6,24564.0,41,15.006
2026-06-09T11:32:09.857989+00:00,scheduler,0,0,16773.6,24564.0,41,14.815
2026-06-09T11:32:14.858564+00:00,scheduler,0,0,16773.6,24564.0,41,14.95
2026-06-09T11:32:19.859023+00:00,scheduler,0,0,16773.6,24564.0,41,14.744
2026-06-09T11:32:24.859576+00:00,scheduler,0,0,16773.6,24564.0,41,14.749
2026-06-09T11:32:29.860024+00:00,scheduler,0,0,16773.6,24564.0,41,14.748
2026-06-09T11:32:34.860497+00:00,scheduler,0,0,16773.6,24564.0,40,14.698
2026-06-09T11:32:39.860925+00:00,scheduler,0,100,17797.6,24564.0,61,447.845
2026-06-09T11:32:44.861362+00:00,scheduler,0,100,17797.6,24564.0,63,448.52
2026-06-09T11:32:49.861776+00:00,scheduler,0,100,17797.6,24564.0,64,448.501
2026-06-09T11:32:54.862188+00:00,scheduler,0,100,17797.6,24564.0,65,449.268
2026-06-09T11:32:59.862623+00:00,scheduler,0,0,16773.6,24564.0,50,54.97
2026-06-09T11:33:04.863130+00:00,scheduler,0,0,16773.6,24564.0,49,54.112
2026-06-09T11:33:09.863565+00:00,scheduler,0,0,16773.6,24564.0,48,54.549
2026-06-09T11:33:14.864011+00:00,scheduler,0,0,16773.6,24564.0,47,38.18
2026-06-09T11:33:19.864466+00:00,scheduler,0,0,16773.6,24564.0,46,16.343
2026-06-09T11:33:24.864868+00:00,scheduler,0,0,16773.6,24564.0,45,15.874
2026-06-09T11:33:29.865298+00:00,scheduler,0,0,16773.6,24564.0,45,15.838
2026-06-09T11:33:34.865698+00:00,scheduler,0,0,16773.6,24564.0,44,15.674
2026-06-09T11:33:39.866115+00:00,scheduler,0,0,16773.6,24564.0,44,15.612
2026-06-09T11:33:44.866560+00:00,scheduler,0,0,16773.6,24564.0,43,15.294
2026-06-09T11:33:49.867085+00:00,scheduler,0,0,16773.6,24564.0,43,15.245
2026-06-09T11:33:54.867485+00:00,scheduler,0,0,16773.6,24564.0,44,53.009
2026-06-09T11:33:59.867939+00:00,scheduler,0,0,16773.6,24564.0,44,52.947
2026-06-09T11:34:04.868376+00:00,scheduler,0,0,16773.6,24564.0,44,52.728
2026-06-09T11:34:09.868788+00:00,scheduler,0,0,16773.6,24564.0,44,52.747
2026-06-09T11:34:14.869225+00:00,scheduler,0,6,16773.6,24564.0,44,52.697
2026-06-09T11:34:19.869742+00:00,scheduler,0,1,16773.6,24564.0,44,52.254
2026-06-09T11:34:24.872553+00:00,scheduler,0,0,16773.6,24564.0,44,52.565
2026-06-09T11:34:29.872996+00:00,scheduler,0,0,1487.6,24564.0,44,66.691
2026-06-09T11:34:34.873413+00:00,scheduler,0,0,1487.6,24564.0,44,52.195
2026-06-09T11:34:39.873851+00:00,scheduler,0,0,1487.6,24564.0,44,51.838
2026-06-09T11:34:44.874422+00:00,scheduler,0,0,1487.6,24564.0,44,51.451
2026-06-09T11:34:49.874841+00:00,scheduler,0,0,1487.6,24564.0,42,15.45
2026-06-09T11:34:54.875304+00:00,scheduler,0,0,1487.6,24564.0,42,15.45
2026-06-09T11:34:59.875723+00:00,scheduler,0,0,1487.6,24564.0,42,15.305
2026-06-09T11:35:04.876160+00:00,scheduler,0,0,1487.6,24564.0,41,15.258
2026-06-09T11:35:09.876571+00:00,scheduler,0,0,1487.6,24564.0,41,14.905
2026-06-09T11:35:14.876963+00:00,scheduler,0,0,1487.6,24564.0,41,14.991
2026-06-09T11:35:19.877402+00:00,scheduler,0,0,1487.6,24564.0,41,15.361
2026-06-09T11:35:24.877811+00:00,scheduler,0,0,1487.6,24564.0,41,15.293
2026-06-09T11:35:29.878264+00:00,scheduler,0,0,1487.6,24564.0,41,15.097
2026-06-09T11:35:34.878705+00:00,scheduler,0,0,1487.6,24564.0,41,14.918
2026-06-09T11:35:39.879910+00:00,scheduler,0,0,1487.6,24564.0,41,15.173
2026-06-09T11:35:44.880442+00:00,scheduler,0,0,1487.6,24564.0,40,14.956
2026-06-09T11:35:49.880854+00:00,scheduler,0,0,1487.6,24564.0,40,15.119
2026-06-09T11:35:54.881312+00:00,scheduler,0,0,1487.6,24564.0,40,15.179
2026-06-09T11:35:59.883780+00:00,scheduler,0,0,1487.6,24564.0,40,14.832
2026-06-09T11:36:04.884174+00:00,scheduler,0,0,1487.6,24564.0,40,14.853
2026-06-09T11:36:09.884607+00:00,scheduler,0,0,1487.6,24564.0,40,14.787
2026-06-09T11:36:14.884971+00:00,scheduler,0,0,1487.6,24564.0,40,14.805
2026-06-09T11:36:19.885404+00:00,scheduler,0,2,2725.6,24564.0,41,52.962
2026-06-09T11:36:24.894321+00:00,scheduler,0,1,8545.6,24564.0,42,52.619
2026-06-09T11:36:29.894717+00:00,scheduler,0,16,16603.6,24564.0,42,53.551
2026-06-09T11:36:34.895093+00:00,scheduler,0,0,16773.6,24564.0,42,52.406
2026-06-09T11:36:39.895502+00:00,scheduler,0,0,16773.6,24564.0,42,52.369
2026-06-09T11:36:44.895901+00:00,scheduler,0,0,16773.6,24564.0,42,52.382
2026-06-09T11:36:49.896389+00:00,scheduler,0,0,16773.6,24564.0,41,22.791
2026-06-09T11:36:54.896862+00:00,scheduler,0,0,16773.6,24564.0,41,15.072
2026-06-09T11:36:59.897571+00:00,scheduler,0,0,16773.6,24564.0,41,15.304
2026-06-09T11:37:04.898045+00:00,scheduler,0,0,16773.6,24564.0,40,14.857
2026-06-09T11:37:09.898529+00:00,scheduler,0,53,17715.6,24564.0,60,133.51
2026-06-09T11:37:14.899025+00:00,scheduler,0,100,17715.6,24564.0,61,447.653
2026-06-09T11:37:19.899582+00:00,scheduler,0,0,16773.6,24564.0,46,61.678
2026-06-09T11:37:24.899982+00:00,scheduler,0,0,16773.6,24564.0,45,52.89
2026-06-09T11:37:29.900460+00:00,scheduler,0,0,16773.6,24564.0,45,52.86
2026-06-09T11:37:34.900988+00:00,scheduler,0,0,16773.6,24564.0,44,38.769
2026-06-09T11:37:39.901804+00:00,scheduler,0,0,16773.6,24564.0,43,15.418
2026-06-09T11:37:44.902260+00:00,scheduler,0,0,16773.6,24564.0,43,15.367
2026-06-09T11:37:49.902681+00:00,scheduler,0,0,16773.6,24564.0,42,15.268
2026-06-09T11:37:54.903103+00:00,scheduler,0,0,16773.6,24564.0,42,15.22
2026-06-09T11:37:59.903570+00:00,scheduler,0,0,16773.6,24564.0,42,15.289
2026-06-09T11:38:04.903991+00:00,scheduler,0,0,16773.6,24564.0,42,15.416
2026-06-09T11:38:09.904481+00:00,scheduler,0,5,16773.6,24564.0,43,53.129
2026-06-09T11:38:14.904898+00:00,scheduler,0,0,16773.6,24564.0,43,53.194
2026-06-09T11:38:19.905347+00:00,scheduler,0,0,16773.6,24564.0,43,52.703
2026-06-09T11:38:24.905769+00:00,scheduler,0,7,16773.6,24564.0,43,53.194
2026-06-09T11:38:29.906207+00:00,scheduler,0,6,16773.6,24564.0,43,53.352
2026-06-09T11:38:34.906635+00:00,scheduler,0,28,9213.6,24564.0,43,62.746
2026-06-09T11:38:39.907094+00:00,scheduler,0,2,10519.6,24564.0,43,53.26
2026-06-09T11:38:44.907478+00:00,scheduler,0,8,16773.6,24564.0,43,54.255
2026-06-09T11:38:49.907918+00:00,scheduler,0,0,16773.6,24564.0,43,52.891
2026-06-09T11:38:54.908436+00:00,scheduler,0,0,16773.6,24564.0,43,52.72
2026-06-09T11:38:59.908932+00:00,scheduler,0,0,16773.6,24564.0,43,52.525
2026-06-09T11:39:04.909357+00:00,scheduler,0,0,16773.6,24564.0,42,17.092
2026-06-09T11:39:09.909770+00:00,scheduler,0,0,16773.6,24564.0,42,15.277
2026-06-09T11:39:14.910221+00:00,scheduler,0,0,16773.6,24564.0,41,15.266
2026-06-09T11:39:19.910644+00:00,scheduler,0,0,16773.6,24564.0,41,15.316
2026-06-09T11:39:24.911035+00:00,scheduler,0,0,16773.6,24564.0,41,15.138
2026-06-09T11:39:29.911462+00:00,scheduler,0,0,16773.6,24564.0,41,15.331
2026-06-09T11:39:34.911875+00:00,scheduler,0,0,16773.6,24564.0,41,15.539
2026-06-09T11:39:39.912293+00:00,scheduler,0,0,16773.6,24564.0,41,15.296
2026-06-09T11:39:44.912701+00:00,scheduler,0,0,16773.6,24564.0,41,15.405
2026-06-09T11:39:49.913107+00:00,scheduler,0,100,17797.6,24564.0,62,448.484
2026-06-09T11:39:54.913485+00:00,scheduler,0,100,17797.6,24564.0,64,450.045
2026-06-09T11:39:59.913894+00:00,scheduler,0,100,17797.6,24564.0,65,448.729
2026-06-09T11:40:04.914286+00:00,scheduler,0,100,17797.6,24564.0,66,450.19
2026-06-09T11:40:09.914687+00:00,scheduler,0,0,16773.6,24564.0,50,55.661
2026-06-09T11:40:14.915138+00:00,scheduler,0,0,16773.6,24564.0,49,55.122
2026-06-09T11:40:19.915527+00:00,scheduler,0,0,16773.6,24564.0,48,54.749
2026-06-09T11:40:24.915921+00:00,scheduler,0,0,16773.6,24564.0,47,23.017
2026-06-09T11:40:29.916368+00:00,scheduler,0,0,16773.6,24564.0,46,15.998
2026-06-09T11:40:34.916812+00:00,scheduler,0,0,16773.6,24564.0,45,15.9
2026-06-09T11:40:39.917257+00:00,scheduler,0,0,16773.6,24564.0,45,15.646
2026-06-09T11:40:44.917644+00:00,scheduler,0,0,16773.6,24564.0,44,15.64
2026-06-09T11:40:49.918050+00:00,scheduler,0,0,16773.6,24564.0,44,15.776
2026-06-09T11:40:54.918498+00:00,scheduler,0,0,16773.6,24564.0,43,15.833
2026-06-09T11:40:59.919021+00:00,scheduler,0,21,16773.6,24564.0,44,53.642
2026-06-09T11:41:04.919582+00:00,scheduler,0,7,16773.6,24564.0,44,53.451
2026-06-09T11:41:09.920170+00:00,scheduler,0,0,1487.6,24564.0,44,66.836
2026-06-09T11:41:14.920823+00:00,scheduler,0,0,1487.6,24564.0,44,52.192
2026-06-09T11:41:19.921412+00:00,scheduler,0,0,1487.6,24564.0,44,52.011
2026-06-09T11:41:24.922044+00:00,scheduler,0,0,1487.6,24564.0,43,49.607
2026-06-09T11:41:29.922607+00:00,scheduler,0,0,1487.6,24564.0,42,15.545
2026-06-09T11:41:34.923129+00:00,scheduler,0,0,1487.6,24564.0,42,15.368
2026-06-09T11:41:39.923641+00:00,scheduler,0,0,1487.6,24564.0,42,15.606
2026-06-09T11:41:44.924169+00:00,scheduler,0,0,1487.6,24564.0,41,15.382
2026-06-09T11:41:49.924592+00:00,scheduler,0,0,1487.6,24564.0,41,14.942
2026-06-09T11:41:54.925025+00:00,scheduler,0,0,1487.6,24564.0,41,15.083
2026-06-09T11:41:59.925479+00:00,scheduler,0,0,1487.6,24564.0,41,14.78
2026-06-09T11:42:04.925916+00:00,scheduler,0,0,1487.6,24564.0,41,14.747
2026-06-09T11:42:09.926390+00:00,scheduler,0,0,1487.6,24564.0,40,15.121
2026-06-09T11:42:14.926933+00:00,scheduler,0,0,1487.6,24564.0,40,15.183
2026-06-09T11:42:19.927489+00:00,scheduler,0,0,1487.6,24564.0,40,14.834
2026-06-09T11:42:24.928019+00:00,scheduler,0,0,1487.6,24564.0,40,14.789
2026-06-09T11:42:29.928690+00:00,scheduler,0,0,1487.6,24564.0,40,14.977
2026-06-09T11:42:34.929288+00:00,scheduler,0,0,6129.6,24564.0,41,52.018
2026-06-09T11:42:39.929806+00:00,scheduler,0,0,7177.6,24564.0,42,52.047
2026-06-09T11:42:44.930272+00:00,scheduler,0,1,8437.6,24564.0,42,52.504
2026-06-09T11:42:49.930728+00:00,scheduler,0,2,9213.6,24564.0,42,51.893
2026-06-09T11:42:54.931197+00:00,scheduler,0,0,12049.6,24564.0,42,52.306
2026-06-09T11:42:59.931641+00:00,scheduler,0,1,12751.6,24564.0,42,52.207
2026-06-09T11:43:04.932120+00:00,scheduler,0,1,13993.6,24564.0,42,52.651
2026-06-09T11:43:09.932540+00:00,scheduler,0,2,15397.6,24564.0,42,52.539
2026-06-09T11:43:14.932997+00:00,scheduler,0,0,16603.6,24564.0,42,52.395
2026-06-09T11:43:19.936190+00:00,scheduler,0,0,16773.6,24564.0,42,52.231
2026-06-09T11:43:24.936641+00:00,scheduler,0,0,16773.6,24564.0,42,52.191
2026-06-09T11:43:29.938660+00:00,scheduler,0,0,16773.6,24564.0,42,51.897
2026-06-09T11:43:34.939130+00:00,scheduler,0,0,16773.6,24564.0,41,17.459
2026-06-09T11:43:39.939602+00:00,scheduler,0,0,16773.6,24564.0,41,14.857
2026-06-09T11:43:44.940096+00:00,scheduler,0,0,16773.6,24564.0,41,14.842
2026-06-09T11:43:49.940532+00:00,scheduler,0,0,16773.6,24564.0,41,14.94
2026-06-09T11:43:54.940991+00:00,scheduler,0,0,16773.6,24564.0,41,14.683
2026-06-09T11:43:59.941438+00:00,scheduler,0,0,16773.6,24564.0,40,14.738
2026-06-09T11:44:04.943884+00:00,scheduler,0,0,16773.6,24564.0,40,15.093
2026-06-09T11:44:09.944366+00:00,scheduler,0,0,16773.6,24564.0,40,14.874
2026-06-09T11:44:14.944839+00:00,scheduler,0,0,17049.6,24564.0,40,14.971
2026-06-09T11:44:19.945284+00:00,scheduler,0,100,17797.6,24564.0,62,449.719
2026-06-09T11:44:24.945707+00:00,scheduler,0,73,16773.6,24564.0,47,66.949
2026-06-09T11:44:29.946108+00:00,scheduler,0,0,16773.6,24564.0,45,52.898
2026-06-09T11:44:34.946528+00:00,scheduler,0,0,16773.6,24564.0,45,52.971
2026-06-09T11:44:39.947086+00:00,scheduler,0,0,16773.6,24564.0,45,52.913
2026-06-09T11:44:44.947592+00:00,scheduler,0,0,16773.6,24564.0,43,15.457
2026-06-09T11:44:49.948119+00:00,scheduler,0,0,16773.6,24564.0,43,15.52
2026-06-09T11:44:54.948611+00:00,scheduler,0,0,16773.6,24564.0,42,15.393
2026-06-09T11:44:59.949120+00:00,scheduler,0,0,16773.6,24564.0,42,15.173
2026-06-09T11:45:04.949615+00:00,scheduler,0,0,16773.6,24564.0,42,15.256
2026-06-09T11:45:09.950047+00:00,scheduler,0,0,16773.6,24564.0,42,15.121
2026-06-09T11:45:14.950533+00:00,scheduler,0,0,16773.6,24564.0,41,15.21
2026-06-09T11:45:19.950954+00:00,scheduler,0,0,16773.6,24564.0,43,52.383
2026-06-09T11:45:24.951528+00:00,scheduler,0,0,16773.6,24564.0,43,52.359
2026-06-09T11:45:29.952104+00:00,scheduler,0,0,16773.6,24564.0,43,52.395
2026-06-09T11:45:34.952623+00:00,scheduler,0,0,16773.6,24564.0,43,52.241
2026-06-09T11:45:39.953124+00:00,scheduler,0,0,16773.6,24564.0,43,52.068
2026-06-09T11:45:44.953623+00:00,scheduler,0,0,16773.6,24564.0,43,52.041
2026-06-09T11:45:49.954147+00:00,scheduler,0,0,16773.6,24564.0,43,52.016
2026-06-09T11:45:54.954769+00:00,scheduler,0,0,16773.6,24564.0,43,52.032
2026-06-09T11:45:59.955319+00:00,scheduler,0,0,16773.6,24564.0,43,52.464
2026-06-09T11:46:04.955847+00:00,scheduler,0,0,16773.6,24564.0,43,52.307
2026-06-09T11:46:09.956403+00:00,scheduler,0,0,16773.6,24564.0,43,52.405
2026-06-09T11:46:14.956887+00:00,scheduler,0,0,16773.6,24564.0,43,52.255
2026-06-09T11:46:19.957406+00:00,scheduler,0,0,16773.6,24564.0,43,51.937
2026-06-09T11:46:24.957954+00:00,scheduler,0,0,16773.6,24564.0,43,52.146
2026-06-09T11:46:29.958482+00:00,scheduler,0,0,16773.6,24564.0,43,52.114
2026-06-09T11:46:34.959013+00:00,scheduler,0,0,16773.6,24564.0,43,52.569
2026-06-09T11:46:39.959463+00:00,scheduler,0,0,16773.6,24564.0,43,52.011
2026-06-09T11:46:44.959898+00:00,scheduler,0,0,16773.6,24564.0,43,52.566
2026-06-09T11:46:49.960356+00:00,scheduler,0,0,16773.6,24564.0,43,52.959
2026-06-09T11:46:54.960763+00:00,scheduler,0,0,16773.6,24564.0,43,52.895
2026-06-09T11:46:59.961197+00:00,scheduler,0,0,16773.6,24564.0,43,52.958
2026-06-09T11:47:04.961732+00:00,scheduler,0,0,16773.6,24564.0,43,52.598
2026-06-09T11:47:09.962116+00:00,scheduler,0,0,16773.6,24564.0,43,52.612
2026-06-09T11:47:14.962593+00:00,scheduler,0,0,16773.6,24564.0,43,52.635
2026-06-09T11:47:19.963041+00:00,scheduler,0,0,16773.6,24564.0,43,52.198
2026-06-09T11:47:24.963504+00:00,scheduler,0,0,16773.6,24564.0,43,52.739
2026-06-09T11:47:29.963935+00:00,scheduler,0,0,16773.6,24564.0,43,52.138
2026-06-09T11:47:34.964405+00:00,scheduler,0,0,16773.6,24564.0,43,52.604
2026-06-09T11:47:39.964797+00:00,scheduler,0,7,16773.6,24564.0,43,52.61
2026-06-09T11:47:44.965230+00:00,scheduler,0,0,1487.6,24564.0,44,67.134
2026-06-09T11:47:49.965625+00:00,scheduler,0,1,3297.6,24564.0,43,52.341
2026-06-09T11:47:54.966041+00:00,scheduler,0,1,4557.6,24564.0,43,52.355
2026-06-09T11:47:59.966466+00:00,scheduler,0,1,5673.6,24564.0,43,52.294
2026-06-09T11:48:04.966878+00:00,scheduler,0,4,12049.6,24564.0,43,53.006
2026-06-09T11:48:09.967300+00:00,scheduler,0,0,16773.6,24564.0,43,52.298
2026-06-09T11:48:14.967711+00:00,scheduler,0,0,16773.6,24564.0,43,52.284
2026-06-09T11:48:19.968120+00:00,scheduler,0,0,16773.6,24564.0,43,52.358
2026-06-09T11:48:24.968575+00:00,scheduler,0,0,16773.6,24564.0,42,40.783
2026-06-09T11:48:29.969278+00:00,scheduler,0,0,16773.6,24564.0,42,15.627
2026-06-09T11:48:34.969835+00:00,scheduler,0,0,16773.6,24564.0,41,15.616
2026-06-09T11:48:39.970440+00:00,scheduler,0,0,16773.6,24564.0,41,15.233
2026-06-09T11:48:44.970945+00:00,scheduler,0,0,16773.6,24564.0,41,15.039
2026-06-09T11:48:49.971474+00:00,scheduler,0,0,16773.6,24564.0,41,15.251
2026-06-09T11:48:54.971974+00:00,scheduler,0,0,16773.6,24564.0,41,15.035
2026-06-09T11:48:59.972508+00:00,scheduler,0,0,16773.6,24564.0,41,14.995
2026-06-09T11:49:04.972977+00:00,scheduler,0,0,16773.6,24564.0,40,14.85
2026-06-09T11:49:09.973514+00:00,scheduler,0,100,17797.6,24564.0,62,414.219
2026-06-09T11:49:14.973995+00:00,scheduler,0,100,17797.6,24564.0,61,448.233
2026-06-09T11:49:19.974501+00:00,scheduler,0,100,17797.6,24564.0,63,449.862
2026-06-09T11:49:24.974856+00:00,scheduler,0,100,17797.6,24564.0,64,448.825
2026-06-09T11:49:29.975269+00:00,scheduler,0,0,20203.6,24564.0,52,136.791
2026-06-09T11:49:34.975683+00:00,scheduler,0,0,16773.6,24564.0,49,54.855
2026-06-09T11:49:39.976089+00:00,scheduler,0,0,16773.6,24564.0,49,54.857
2026-06-09T11:49:44.976466+00:00,scheduler,0,0,16773.6,24564.0,48,54.874
2026-06-09T11:49:49.976884+00:00,scheduler,0,0,16773.6,24564.0,46,16.373
2026-06-09T11:49:54.977285+00:00,scheduler,0,0,16773.6,24564.0,45,15.95
2026-06-09T11:49:59.977688+00:00,scheduler,0,0,16773.6,24564.0,45,15.843
2026-06-09T11:50:04.978091+00:00,scheduler,0,0,16773.6,24564.0,44,15.292
2026-06-09T11:50:09.978465+00:00,scheduler,0,0,16773.6,24564.0,44,15.652
2026-06-09T11:50:14.978853+00:00,scheduler,0,0,16773.6,24564.0,43,15.441
2026-06-09T11:50:19.979255+00:00,scheduler,0,0,16773.6,24564.0,43,15.433
2026-06-09T11:50:24.979641+00:00,scheduler,0,0,16773.6,24564.0,43,15.527
2026-06-09T11:50:29.980190+00:00,scheduler,0,0,16773.6,24564.0,42,15.14
2026-06-09T11:50:34.980579+00:00,scheduler,0,0,16773.6,24564.0,42,15.292
2026-06-09T11:50:39.980969+00:00,scheduler,0,0,16773.6,24564.0,42,15.232
2026-06-09T11:50:44.981388+00:00,scheduler,0,0,16773.6,24564.0,41,15.202
2026-06-09T11:50:49.981789+00:00,scheduler,0,0,16773.6,24564.0,41,15.061
2026-06-09T11:50:54.982207+00:00,scheduler,0,0,16773.6,24564.0,41,15.245
2026-06-09T11:50:59.982591+00:00,scheduler,0,0,16773.6,24564.0,41,15.024
2026-06-09T11:51:04.982987+00:00,scheduler,0,0,16773.6,24564.0,41,14.865
2026-06-09T11:51:09.983366+00:00,scheduler,0,0,16773.6,24564.0,41,15.036
2026-06-09T11:51:14.983732+00:00,scheduler,0,0,16773.6,24564.0,41,14.659
2026-06-09T11:51:19.984130+00:00,scheduler,0,0,16773.6,24564.0,42,51.984
2026-06-09T11:51:24.984499+00:00,scheduler,0,0,16773.6,24564.0,42,52.215
2026-06-09T11:51:29.984906+00:00,scheduler,0,0,16773.6,24564.0,42,52.015
2026-06-09T11:51:34.985360+00:00,scheduler,0,0,1487.6,24564.0,42,61.413
2026-06-09T11:51:39.985806+00:00,scheduler,0,0,1487.6,24564.0,42,51.918
2026-06-09T11:51:44.986257+00:00,scheduler,0,0,1487.6,24564.0,43,51.882
2026-06-09T11:51:49.986651+00:00,scheduler,0,0,1487.6,24564.0,42,34.815
2026-06-09T11:51:54.987105+00:00,scheduler,0,0,1487.6,24564.0,41,15.051
2026-06-09T11:51:59.987505+00:00,scheduler,0,0,1487.6,24564.0,41,14.947
2026-06-09T11:52:04.987939+00:00,scheduler,0,0,1487.6,24564.0,41,14.891
2026-06-09T11:52:09.988389+00:00,scheduler,0,0,1487.6,24564.0,41,14.945
2026-06-09T11:52:14.988842+00:00,scheduler,0,0,1487.6,24564.0,41,15.016
2026-06-09T11:52:19.989391+00:00,scheduler,0,0,1487.6,24564.0,40,14.963
2026-06-09T11:52:24.989878+00:00,scheduler,0,0,1487.6,24564.0,40,14.772
2026-06-09T11:52:29.990363+00:00,scheduler,0,0,1487.6,24564.0,40,14.457
2026-06-09T11:52:34.990792+00:00,scheduler,0,0,1487.6,24564.0,40,14.655
2026-06-09T11:52:39.991212+00:00,scheduler,0,0,1487.6,24564.0,40,14.207
2026-06-09T11:52:44.991644+00:00,scheduler,0,0,1487.6,24564.0,40,13.976
2026-06-09T11:52:49.992157+00:00,scheduler,0,0,1487.6,24564.0,40,13.892
2026-06-09T11:52:54.992683+00:00,scheduler,0,0,1487.6,24564.0,40,14.14
2026-06-09T11:52:59.993105+00:00,scheduler,0,0,1487.6,24564.0,40,14.112
2026-06-09T11:53:04.993503+00:00,scheduler,0,0,1487.6,24564.0,40,14.43
2026-06-09T11:53:09.993859+00:00,scheduler,0,0,1487.6,24564.0,40,14.48
2026-06-09T11:53:14.994231+00:00,scheduler,0,0,1487.6,24564.0,40,14.613
2026-06-09T11:53:19.994615+00:00,scheduler,0,0,1487.6,24564.0,40,14.471
2026-06-09T11:53:24.995002+00:00,scheduler,0,0,1487.6,24564.0,40,14.331
2026-06-09T11:53:29.995396+00:00,scheduler,0,0,1487.6,24564.0,39,14.367
2026-06-09T11:53:34.995767+00:00,scheduler,0,0,1487.6,24564.0,39,13.932
2026-06-09T11:53:39.996149+00:00,scheduler,0,0,1487.6,24564.0,39,13.897
2026-06-09T11:53:44.996551+00:00,scheduler,0,0,1487.6,24564.0,39,14.027
2026-06-09T11:53:49.996986+00:00,scheduler,0,0,1487.6,24564.0,39,13.759
2026-06-09T11:53:54.997558+00:00,scheduler,0,0,1487.6,24564.0,39,13.862
2026-06-09T11:53:59.998079+00:00,scheduler,0,0,1487.6,24564.0,39,13.847
2026-06-09T11:54:04.998545+00:00,scheduler,0,0,1487.6,24564.0,39,13.595
2026-06-09T11:54:09.999045+00:00,scheduler,0,0,1487.6,24564.0,39,14.222
2026-06-09T11:54:14.999610+00:00,scheduler,0,0,1487.6,24564.0,39,14.045
2026-06-09T11:54:20.000086+00:00,scheduler,0,0,1487.6,24564.0,39,14.168
2026-06-09T11:54:25.000586+00:00,scheduler,0,0,1487.6,24564.0,39,13.995
2026-06-09T11:54:30.001117+00:00,scheduler,0,0,1487.6,24564.0,39,13.901
2026-06-09T11:54:35.001711+00:00,scheduler,0,0,1487.6,24564.0,39,14.231
2026-06-09T11:54:40.002613+00:00,scheduler,0,0,1487.6,24564.0,39,14.235
2026-06-09T11:54:45.003515+00:00,scheduler,0,0,1487.6,24564.0,39,14.44
2026-06-09T11:54:50.004025+00:00,scheduler,0,0,1487.6,24564.0,39,14.197
2026-06-09T11:54:55.004593+00:00,scheduler,0,0,1487.6,24564.0,39,14.409
2026-06-09T11:55:00.005124+00:00,scheduler,0,0,1487.6,24564.0,39,14.237
2026-06-09T11:55:05.005649+00:00,scheduler,0,0,1487.6,24564.0,39,14.251
2026-06-09T11:55:10.006112+00:00,scheduler,0,0,1487.6,24564.0,39,14.201
2026-06-09T11:55:15.007424+00:00,scheduler,0,0,1487.6,24564.0,39,14.172
2026-06-09T11:55:20.007856+00:00,scheduler,0,0,1487.6,24564.0,39,14.057
2026-06-09T11:55:25.009254+00:00,scheduler,0,0,1487.6,24564.0,39,14.343
2026-06-09T11:55:30.009691+00:00,scheduler,0,0,1487.6,24564.0,39,14.274
2026-06-09T11:55:35.010299+00:00,scheduler,0,0,1487.6,24564.0,39,14.439
2026-06-09T11:55:40.011616+00:00,scheduler,0,0,1487.6,24564.0,39,14.396
2026-06-09T11:55:45.012131+00:00,scheduler,0,0,1487.6,24564.0,39,14.708
2026-06-09T11:55:50.013980+00:00,scheduler,0,0,1487.6,24564.0,39,14.247
2026-06-09T11:55:55.014525+00:00,scheduler,0,0,1487.6,24564.0,39,14.628
2026-06-09T11:56:00.015146+00:00,scheduler,0,0,1487.6,24564.0,39,14.178
2026-06-09T11:56:05.015671+00:00,scheduler,0,0,1487.6,24564.0,39,14.296
2026-06-09T11:56:10.016246+00:00,scheduler,0,0,1487.6,24564.0,39,14.201
2026-06-09T11:56:15.016768+00:00,scheduler,0,0,1487.6,24564.0,39,14.103
2026-06-09T11:56:20.017311+00:00,scheduler,0,0,1487.6,24564.0,39,13.935
2026-06-09T11:56:25.017839+00:00,scheduler,0,0,1487.6,24564.0,39,14.443
2026-06-09T11:56:30.018439+00:00,scheduler,0,0,1487.6,24564.0,39,14.459
2026-06-09T11:56:35.018953+00:00,scheduler,0,0,2521.6,24564.0,39,14.244
2026-06-09T11:56:40.019511+00:00,scheduler,0,0,16773.6,24564.0,41,53.011
2026-06-09T11:56:45.020053+00:00,scheduler,0,0,16773.6,24564.0,41,52.914
2026-06-09T11:56:50.020641+00:00,scheduler,0,0,16773.6,24564.0,41,53.009
2026-06-09T11:56:55.021187+00:00,scheduler,0,0,16773.6,24564.0,41,53.055
2026-06-09T11:57:00.021743+00:00,scheduler,0,0,16773.6,24564.0,40,14.663
2026-06-09T11:57:05.022334+00:00,scheduler,0,0,16773.6,24564.0,40,14.868
2026-06-09T11:57:10.024105+00:00,scheduler,0,0,16773.6,24564.0,40,14.722
2026-06-09T11:57:15.026573+00:00,scheduler,0,100,17797.6,24564.0,60,457.08
2026-06-09T11:57:20.028188+00:00,scheduler,0,100,17797.6,24564.0,62,448.325
2026-06-09T11:57:25.031831+00:00,scheduler,0,0,16773.6,24564.0,45,54.072
2026-06-09T11:57:30.032457+00:00,scheduler,0,0,16773.6,24564.0,45,53.296
2026-06-09T11:57:35.036111+00:00,scheduler,0,0,16773.6,24564.0,44,53.166
2026-06-09T11:57:40.036642+00:00,scheduler,0,0,16773.6,24564.0,43,28.96
2026-06-09T11:57:45.037179+00:00,scheduler,0,0,16773.6,24564.0,43,14.965
2026-06-09T11:57:50.037685+00:00,scheduler,0,0,16773.6,24564.0,43,15.191
2026-06-09T11:57:55.038237+00:00,scheduler,0,0,16773.6,24564.0,42,14.932
2026-06-09T11:58:00.040741+00:00,scheduler,0,0,16773.6,24564.0,42,15.1
2026-06-09T11:58:05.044099+00:00,scheduler,0,0,16773.6,24564.0,42,15.011
2026-06-09T11:58:10.046698+00:00,scheduler,0,0,16773.6,24564.0,42,15.247
2026-06-09T11:58:15.047282+00:00,scheduler,0,0,16773.6,24564.0,41,15.089
2026-06-09T11:58:20.047878+00:00,scheduler,0,0,16773.6,24564.0,41,15.072
2026-06-09T11:58:25.050522+00:00,scheduler,0,0,16773.6,24564.0,41,15.132
2026-06-09T11:58:30.051104+00:00,scheduler,0,0,16773.6,24564.0,41,15.108
2026-06-09T11:58:35.051578+00:00,scheduler,0,0,16773.6,24564.0,41,15.177
2026-06-09T11:58:40.051997+00:00,scheduler,0,0,16773.6,24564.0,41,15.05
2026-06-09T11:58:45.054762+00:00,scheduler,0,0,16773.6,24564.0,41,15.062
2026-06-09T11:58:50.055288+00:00,scheduler,0,0,16773.6,24564.0,40,14.96
2026-06-09T11:58:55.056968+00:00,scheduler,0,0,16773.6,24564.0,42,53.11
2026-06-09T11:59:00.059334+00:00,scheduler,0,0,16773.6,24564.0,42,53.411
2026-06-09T11:59:05.070014+00:00,scheduler,0,0,16773.6,24564.0,42,53.555
2026-06-09T11:59:10.073525+00:00,scheduler,0,0,16773.6,24564.0,42,53.832
2026-06-09T11:59:15.076579+00:00,scheduler,0,0,16773.6,24564.0,42,53.594
2026-06-09T11:59:20.081965+00:00,scheduler,0,0,16773.6,24564.0,42,53.373
2026-06-09T11:59:25.082439+00:00,scheduler,0,0,16773.6,24564.0,42,53.338
2026-06-09T11:59:30.084126+00:00,scheduler,0,0,16773.6,24564.0,42,53.672
2026-06-09T11:59:35.085662+00:00,scheduler,0,0,16773.6,24564.0,43,53.563
2026-06-09T11:59:40.086235+00:00,scheduler,0,0,16773.6,24564.0,43,52.618
2026-06-09T11:59:45.087923+00:00,scheduler,0,0,16773.6,24564.0,43,53.207
2026-06-09T11:59:50.090576+00:00,scheduler,0,0,16773.6,24564.0,43,53.47
2026-06-09T11:59:55.091147+00:00,scheduler,0,0,16773.6,24564.0,43,53.61
2026-06-09T12:00:00.099152+00:00,scheduler,0,0,16773.6,24564.0,43,53.718
2026-06-09T12:00:05.107775+00:00,scheduler,0,0,16773.6,24564.0,43,54.049
2026-06-09T12:00:10.116401+00:00,scheduler,0,0,16773.6,24564.0,43,53.803
2026-06-09T12:00:15.123570+00:00,scheduler,0,0,16773.6,24564.0,43,53.951
2026-06-09T12:00:20.134488+00:00,scheduler,0,0,16773.6,24564.0,43,54.037
2026-06-09T12:00:25.137945+00:00,scheduler,0,0,16773.6,24564.0,43,53.216
2026-06-09T12:00:30.141481+00:00,scheduler,0,7,16773.6,24564.0,43,54.053
2026-06-09T12:00:35.142012+00:00,scheduler,0,0,1487.6,24564.0,44,67.053
2026-06-09T12:00:40.142540+00:00,scheduler,0,2,7293.6,24564.0,43,53.643
2026-06-09T12:00:45.142959+00:00,scheduler,0,0,8777.6,24564.0,43,53.761
2026-06-09T12:00:50.143411+00:00,scheduler,0,2,10969.6,24564.0,43,54.013
2026-06-09T12:00:55.143796+00:00,scheduler,0,1,12517.6,24564.0,43,53.631
2026-06-09T12:01:00.144294+00:00,scheduler,0,1,13921.6,24564.0,43,53.623
2026-06-09T12:01:05.144900+00:00,scheduler,0,0,15397.6,24564.0,43,53.774
2026-06-09T12:01:10.145479+00:00,scheduler,0,0,16729.6,24564.0,43,53.727
2026-06-09T12:01:15.146015+00:00,scheduler,0,0,16773.6,24564.0,43,53.342
2026-06-09T12:01:20.146603+00:00,scheduler,0,0,16773.6,24564.0,43,53.073
2026-06-09T12:01:25.147123+00:00,scheduler,0,0,16773.6,24564.0,43,53.386
2026-06-09T12:01:30.147534+00:00,scheduler,0,0,16773.6,24564.0,42,22.566
2026-06-09T12:01:35.147942+00:00,scheduler,0,0,16773.6,24564.0,41,14.704
2026-06-09T12:01:40.148367+00:00,scheduler,0,0,16773.6,24564.0,41,14.848
2026-06-09T12:01:45.148749+00:00,scheduler,0,0,16773.6,24564.0,41,14.98
2026-06-09T12:01:50.149125+00:00,scheduler,0,0,16773.6,24564.0,41,14.649
2026-06-09T12:01:55.149537+00:00,scheduler,0,100,17797.6,24564.0,62,144.827
2026-06-09T12:02:00.149922+00:00,scheduler,0,100,17797.6,24564.0,62,449.718
2026-06-09T12:02:05.150345+00:00,scheduler,0,100,17797.6,24564.0,63,449.125
2026-06-09T12:02:10.150742+00:00,scheduler,0,100,17797.6,24564.0,65,448.448
2026-06-09T12:02:15.151147+00:00,scheduler,0,0,20203.6,24564.0,53,304.095
2026-06-09T12:02:20.151544+00:00,scheduler,0,0,16773.6,24564.0,50,55.239
2026-06-09T12:02:25.151943+00:00,scheduler,0,0,16773.6,24564.0,49,54.782
2026-06-09T12:02:30.152388+00:00,scheduler,0,0,16773.6,24564.0,48,54.551
2026-06-09T12:02:35.152872+00:00,scheduler,0,0,16773.6,24564.0,46,16.223
2026-06-09T12:02:40.153328+00:00,scheduler,0,0,16773.6,24564.0,45,15.871
2026-06-09T12:02:45.153828+00:00,scheduler,0,0,16773.6,24564.0,45,15.673
2026-06-09T12:02:50.154267+00:00,scheduler,0,0,16773.6,24564.0,44,15.31
2026-06-09T12:02:55.154664+00:00,scheduler,0,0,16773.6,24564.0,44,15.054
2026-06-09T12:03:00.155056+00:00,scheduler,0,0,16773.6,24564.0,43,14.995
2026-06-09T12:03:05.155501+00:00,scheduler,0,0,16773.6,24564.0,43,14.705
2026-06-09T12:03:10.155905+00:00,scheduler,0,0,16773.6,24564.0,42,14.245
2026-06-09T12:03:15.156354+00:00,scheduler,0,0,16773.6,24564.0,42,13.977
2026-06-09T12:03:20.156845+00:00,scheduler,0,0,16773.6,24564.0,42,14.505
2026-06-09T12:03:25.157678+00:00,scheduler,0,5,16773.6,24564.0,43,53.932
2026-06-09T12:03:30.158097+00:00,scheduler,0,5,16773.6,24564.0,43,53.827
2026-06-09T12:03:35.158510+00:00,scheduler,0,0,1487.6,24564.0,44,65.417
2026-06-09T12:03:40.158891+00:00,scheduler,0,0,1487.6,24564.0,43,52.831
2026-06-09T12:03:45.159303+00:00,scheduler,0,0,1487.6,24564.0,43,52.468
2026-06-09T12:03:50.159685+00:00,scheduler,0,0,1487.6,24564.0,43,52.707
2026-06-09T12:03:55.160102+00:00,scheduler,0,0,1487.6,24564.0,42,14.793
2026-06-09T12:04:00.160494+00:00,scheduler,0,0,1487.6,24564.0,41,14.604
2026-06-09T12:04:05.160882+00:00,scheduler,0,0,1487.6,24564.0,41,14.547
2026-06-09T12:04:10.161300+00:00,scheduler,0,0,1487.6,24564.0,41,14.855
2026-06-09T12:04:15.161670+00:00,scheduler,0,0,1487.6,24564.0,41,14.455
2026-06-09T12:04:20.162048+00:00,scheduler,0,0,1487.6,24564.0,41,14.555
2026-06-09T12:04:25.162455+00:00,scheduler,0,0,1487.6,24564.0,41,14.218
2026-06-09T12:04:30.162842+00:00,scheduler,0,0,1487.6,24564.0,41,14.406
2026-06-09T12:04:35.163239+00:00,scheduler,0,0,1487.6,24564.0,40,14.572
2026-06-09T12:04:40.163620+00:00,scheduler,0,0,1487.6,24564.0,40,14.913
2026-06-09T12:04:45.163997+00:00,scheduler,0,0,1487.6,24564.0,40,14.661
2026-06-09T12:04:50.164417+00:00,scheduler,0,0,1487.6,24564.0,40,14.25
2026-06-09T12:04:55.164879+00:00,scheduler,0,0,1487.6,24564.0,40,14.528
2026-06-09T12:05:00.165269+00:00,scheduler,0,0,1487.6,24564.0,40,14.262
2026-06-09T12:05:05.165670+00:00,scheduler,0,0,1487.6,24564.0,40,14.335
2026-06-09T12:05:10.166035+00:00,scheduler,0,0,1487.6,24564.0,40,14.083
2026-06-09T12:05:15.166449+00:00,scheduler,0,0,1487.6,24564.0,40,14.175
2026-06-09T12:05:20.166836+00:00,scheduler,0,0,1487.6,24564.0,40,14.059
2026-06-09T12:05:25.167297+00:00,scheduler,0,0,1487.6,24564.0,40,14.466
2026-06-09T12:05:30.167833+00:00,scheduler,0,0,1487.6,24564.0,40,14.123
2026-06-09T12:05:35.168531+00:00,scheduler,0,0,1487.6,24564.0,40,13.9
2026-06-09T12:05:40.168993+00:00,scheduler,0,0,1487.6,24564.0,40,14.107
2026-06-09T12:05:45.169402+00:00,scheduler,0,0,1487.6,24564.0,40,14.592
2026-06-09T12:05:50.169773+00:00,scheduler,0,0,1487.6,24564.0,40,14.397
2026-06-09T12:05:55.170223+00:00,scheduler,0,0,1487.6,24564.0,39,14.347
2026-06-09T12:06:00.170612+00:00,scheduler,0,1,2229.6,24564.0,41,52.494
2026-06-09T12:06:05.171000+00:00,scheduler,0,1,3549.6,24564.0,41,52.948
2026-06-09T12:06:10.171455+00:00,scheduler,0,1,5189.6,24564.0,41,52.966
2026-06-09T12:06:15.171941+00:00,scheduler,0,2,6721.6,24564.0,42,52.692
2026-06-09T12:06:20.172499+00:00,scheduler,0,1,7769.6,24564.0,42,52.814
2026-06-09T12:06:25.173005+00:00,scheduler,0,2,8729.6,24564.0,42,52.57
2026-06-09T12:06:30.173605+00:00,scheduler,0,1,11257.6,24564.0,42,52.527
2026-06-09T12:06:35.174674+00:00,scheduler,0,2,12751.6,24564.0,42,52.474
2026-06-09T12:06:40.175194+00:00,scheduler,0,1,14389.6,24564.0,42,52.446
2026-06-09T12:06:45.175736+00:00,scheduler,0,1,15631.6,24564.0,42,52.621
2026-06-09T12:06:50.177717+00:00,scheduler,0,0,16773.6,24564.0,42,53.0
2026-06-09T12:06:55.178213+00:00,scheduler,0,0,16773.6,24564.0,42,53.058
2026-06-09T12:07:00.178678+00:00,scheduler,0,0,16773.6,24564.0,43,53.251
2026-06-09T12:07:05.179227+00:00,scheduler,0,0,16773.6,24564.0,43,53.334
2026-06-09T12:07:10.179839+00:00,scheduler,0,0,16773.6,24564.0,41,14.088
2026-06-09T12:07:15.180474+00:00,scheduler,0,0,16773.6,24564.0,41,14.204
2026-06-09T12:07:20.180979+00:00,scheduler,0,100,17797.6,24564.0,61,449.83
2026-06-09T12:07:25.181512+00:00,scheduler,0,0,20203.6,24564.0,48,185.964
2026-06-09T12:07:30.182229+00:00,scheduler,0,0,16773.6,24564.0,46,53.85
2026-06-09T12:07:35.182797+00:00,scheduler,0,0,16773.6,24564.0,45,53.29
2026-06-09T12:07:40.183467+00:00,scheduler,0,0,16773.6,24564.0,45,53.508
2026-06-09T12:07:45.183980+00:00,scheduler,0,0,16773.6,24564.0,44,15.612
2026-06-09T12:07:50.184597+00:00,scheduler,0,0,16773.6,24564.0,43,14.645
2026-06-09T12:07:55.185161+00:00,scheduler,0,0,16773.6,24564.0,43,14.437
2026-06-09T12:08:00.185662+00:00,scheduler,0,0,16773.6,24564.0,42,14.387
2026-06-09T12:08:05.186103+00:00,scheduler,0,0,16773.6,24564.0,42,14.393
2026-06-09T12:08:10.186500+00:00,scheduler,0,0,16773.6,24564.0,42,14.259
2026-06-09T12:08:15.186934+00:00,scheduler,0,0,16773.6,24564.0,42,14.188
2026-06-09T12:08:20.187365+00:00,scheduler,0,0,16773.6,24564.0,42,14.409
2026-06-09T12:08:25.187776+00:00,scheduler,0,0,16773.6,24564.0,41,14.101
2026-06-09T12:08:30.188167+00:00,scheduler,0,0,16773.6,24564.0,41,14.217
2026-06-09T12:08:35.188584+00:00,scheduler,0,0,16773.6,24564.0,41,14.071
2026-06-09T12:08:40.189010+00:00,scheduler,0,0,16773.6,24564.0,41,14.079
2026-06-09T12:08:45.189461+00:00,scheduler,0,0,16773.6,24564.0,41,14.317
2026-06-09T12:08:50.189925+00:00,scheduler,0,0,16773.6,24564.0,41,14.117
2026-06-09T12:08:55.190481+00:00,scheduler,0,0,16773.6,24564.0,40,14.324
2026-06-09T12:09:00.190937+00:00,scheduler,0,0,16773.6,24564.0,40,14.582
2026-06-09T12:09:05.191403+00:00,scheduler,0,0,16773.6,24564.0,40,14.15
2026-06-09T12:09:10.191819+00:00,scheduler,0,0,16773.6,24564.0,40,14.313
2026-06-09T12:09:15.192285+00:00,scheduler,0,0,16773.6,24564.0,40,14.452
2026-06-09T12:09:20.192702+00:00,scheduler,0,0,16773.6,24564.0,40,14.319
2026-06-09T12:09:25.193216+00:00,scheduler,0,0,16773.6,24564.0,40,13.916
2026-06-09T12:09:30.193681+00:00,scheduler,0,0,16773.6,24564.0,40,14.252
2026-06-09T12:09:35.194215+00:00,scheduler,0,0,16773.6,24564.0,40,14.348
2026-06-09T12:09:40.194688+00:00,scheduler,0,0,16773.6,24564.0,40,14.198
2026-06-09T12:09:45.195193+00:00,scheduler,0,0,16773.6,24564.0,40,14.254
2026-06-09T12:09:50.195690+00:00,scheduler,0,0,16773.6,24564.0,40,13.754
2026-06-09T12:09:55.196243+00:00,scheduler,0,0,16773.6,24564.0,40,14.352
2026-06-09T12:10:00.196744+00:00,scheduler,0,0,16773.6,24564.0,40,14.39
2026-06-09T12:10:05.197323+00:00,scheduler,0,0,16773.6,24564.0,41,51.666
2026-06-09T12:10:10.197850+00:00,scheduler,0,0,16773.6,24564.0,41,51.65
2026-06-09T12:10:15.198502+00:00,scheduler,0,0,16773.6,24564.0,41,51.99
2026-06-09T12:10:20.199054+00:00,scheduler,0,1,16773.6,24564.0,42,51.612
2026-06-09T12:10:25.199749+00:00,scheduler,0,0,16773.6,24564.0,42,51.768
2026-06-09T12:10:30.200290+00:00,scheduler,0,0,16773.6,24564.0,42,51.877
2026-06-09T12:10:35.200680+00:00,scheduler,0,0,16773.6,24564.0,42,51.926
2026-06-09T12:10:40.201052+00:00,scheduler,0,1,16773.6,24564.0,42,52.278
2026-06-09T12:10:45.201445+00:00,scheduler,0,0,16773.6,24564.0,42,52.109
2026-06-09T12:10:50.201816+00:00,scheduler,0,0,16773.6,24564.0,42,52.638
2026-06-09T12:10:55.202228+00:00,scheduler,0,0,16773.6,24564.0,42,52.817
2026-06-09T12:11:00.202608+00:00,scheduler,0,7,16773.6,24564.0,43,53.064
2026-06-09T12:11:05.203021+00:00,scheduler,0,0,13033.6,24564.0,43,53.014
2026-06-09T12:11:10.203428+00:00,scheduler,0,2,3005.6,24564.0,43,52.908
2026-06-09T12:11:15.203825+00:00,scheduler,0,2,4665.6,24564.0,43,53.089
2026-06-09T12:11:20.204272+00:00,scheduler,0,1,6265.6,24564.0,43,52.4
2026-06-09T12:11:25.204751+00:00,scheduler,0,2,7905.6,24564.0,43,52.76
2026-06-09T12:11:30.205281+00:00,scheduler,0,1,9339.6,24564.0,43,52.837
2026-06-09T12:11:35.205705+00:00,scheduler,0,1,10735.6,24564.0,43,52.817
2026-06-09T12:11:40.206159+00:00,scheduler,0,2,12283.6,24564.0,43,52.845
2026-06-09T12:11:45.206592+00:00,scheduler,0,0,13687.6,24564.0,43,52.766
2026-06-09T12:11:50.207106+00:00,scheduler,0,0,14389.6,24564.0,43,53.048
2026-06-09T12:11:55.207560+00:00,scheduler,0,0,15091.6,24564.0,43,53.505
2026-06-09T12:12:00.209239+00:00,scheduler,0,0,16773.6,24564.0,43,52.635
2026-06-09T12:12:05.209649+00:00,scheduler,0,0,16773.6,24564.0,43,52.545
2026-06-09T12:12:10.210055+00:00,scheduler,0,0,16773.6,24564.0,43,52.841
2026-06-09T12:12:15.210512+00:00,scheduler,0,0,16773.6,24564.0,43,51.956
2026-06-09T12:12:20.210959+00:00,scheduler,0,0,16773.6,24564.0,41,15.155
2026-06-09T12:12:25.211486+00:00,scheduler,0,0,16773.6,24564.0,41,14.886
2026-06-09T12:12:30.211920+00:00,scheduler,0,0,16773.6,24564.0,41,15.032
2026-06-09T12:12:35.212388+00:00,scheduler,0,100,17797.6,24564.0,62,448.666
2026-06-09T12:12:40.212793+00:00,scheduler,0,100,17797.6,24564.0,63,448.245
2026-06-09T12:12:45.213215+00:00,scheduler,0,100,17797.6,24564.0,64,449.509
2026-06-09T12:12:50.213596+00:00,scheduler,0,100,17797.6,24564.0,64,448.872
2026-06-09T12:12:55.214001+00:00,scheduler,0,0,16773.6,24564.0,51,70.23
2026-06-09T12:13:00.214479+00:00,scheduler,0,0,16773.6,24564.0,49,55.011
2026-06-09T12:13:05.214902+00:00,scheduler,0,0,16773.6,24564.0,49,54.881
2026-06-09T12:13:10.215365+00:00,scheduler,0,0,16773.6,24564.0,48,54.778
2026-06-09T12:13:15.215791+00:00,scheduler,0,0,16773.6,24564.0,46,16.239
2026-06-09T12:13:20.216359+00:00,scheduler,0,0,16773.6,24564.0,45,15.977
2026-06-09T12:13:25.216927+00:00,scheduler,0,0,16773.6,24564.0,44,16.057
2026-06-09T12:13:30.217586+00:00,scheduler,0,0,16773.6,24564.0,44,15.555
2026-06-09T12:13:35.218132+00:00,scheduler,0,0,16773.6,24564.0,43,15.491
2026-06-09T12:13:40.218671+00:00,scheduler,0,0,16773.6,24564.0,43,15.462
2026-06-09T12:13:45.219129+00:00,scheduler,0,0,16773.6,24564.0,43,15.433
2026-06-09T12:13:50.219676+00:00,scheduler,0,0,16773.6,24564.0,42,15.305
2026-06-09T12:13:55.220221+00:00,scheduler,0,0,16773.6,24564.0,42,15.198
2026-06-09T12:14:00.220700+00:00,scheduler,0,0,16773.6,24564.0,42,14.785
2026-06-09T12:14:05.221160+00:00,scheduler,0,0,16773.6,24564.0,42,14.809
2026-06-09T12:14:10.221621+00:00,scheduler,0,0,16773.6,24564.0,41,14.703
2026-06-09T12:14:15.222087+00:00,scheduler,0,0,16773.6,24564.0,41,14.813
2026-06-09T12:14:20.222509+00:00,scheduler,0,0,16773.6,24564.0,41,14.731
2026-06-09T12:14:25.224225+00:00,scheduler,0,0,16773.6,24564.0,41,14.881
2026-06-09T12:14:30.224641+00:00,scheduler,0,0,16773.6,24564.0,41,14.778
2026-06-09T12:14:35.225018+00:00,scheduler,0,0,16773.6,24564.0,41,14.525
2026-06-09T12:14:40.225463+00:00,scheduler,0,0,16773.6,24564.0,40,14.791
2026-06-09T12:14:45.225868+00:00,scheduler,0,0,16773.6,24564.0,40,15.109
2026-06-09T12:14:50.226262+00:00,scheduler,0,0,16773.6,24564.0,40,15.432
2026-06-09T12:14:55.226662+00:00,scheduler,0,0,16773.6,24564.0,40,14.949
2026-06-09T12:15:00.227099+00:00,scheduler,0,1,16773.6,24564.0,42,52.367
2026-06-09T12:15:05.227489+00:00,scheduler,0,0,16773.6,24564.0,42,52.23
2026-06-09T12:15:10.227919+00:00,scheduler,0,0,16773.6,24564.0,42,52.93
2026-06-09T12:15:15.228353+00:00,scheduler,0,0,16773.6,24564.0,42,52.414
2026-06-09T12:15:20.228760+00:00,scheduler,0,0,16773.6,24564.0,42,52.919
2026-06-09T12:15:25.229223+00:00,scheduler,0,0,16773.6,24564.0,42,53.056
2026-06-09T12:15:30.229627+00:00,scheduler,0,0,16773.6,24564.0,42,52.987
2026-06-09T12:15:35.234332+00:00,scheduler,0,0,16773.6,24564.0,42,52.987
2026-06-09T12:15:40.234899+00:00,scheduler,0,1,16773.6,24564.0,42,53.001
2026-06-09T12:15:45.240109+00:00,scheduler,0,0,16773.6,24564.0,43,52.897
2026-06-09T12:15:50.240540+00:00,scheduler,0,0,16773.6,24564.0,43,52.933
2026-06-09T12:15:55.240954+00:00,scheduler,0,7,16773.6,24564.0,43,53.671
2026-06-09T12:16:00.241398+00:00,scheduler,0,0,1487.6,24564.0,43,64.232
2026-06-09T12:16:05.241821+00:00,scheduler,0,0,1487.6,24564.0,43,52.827
2026-06-09T12:16:10.242285+00:00,scheduler,0,0,1487.6,24564.0,43,52.848
2026-06-09T12:16:15.242713+00:00,scheduler,0,0,1487.6,24564.0,43,52.859
2026-06-09T12:16:20.243115+00:00,scheduler,0,0,1487.6,24564.0,41,15.802
2026-06-09T12:16:25.243530+00:00,scheduler,0,0,1487.6,24564.0,41,15.591
2026-06-09T12:16:30.243974+00:00,scheduler,0,0,1487.6,24564.0,41,15.558
2026-06-09T12:16:35.244410+00:00,scheduler,0,0,1487.6,24564.0,41,15.501
2026-06-09T12:16:40.244860+00:00,scheduler,0,0,1487.6,24564.0,41,15.176
2026-06-09T12:16:45.245307+00:00,scheduler,0,0,1487.6,24564.0,41,15.519
2026-06-09T12:16:50.245749+00:00,scheduler,0,0,1487.6,24564.0,40,15.217
2026-06-09T12:16:55.246169+00:00,scheduler,0,0,1487.6,24564.0,40,15.324
2026-06-09T12:17:00.246734+00:00,scheduler,0,0,1487.6,24564.0,40,15.561
2026-06-09T12:17:05.247275+00:00,scheduler,0,0,1487.6,24564.0,40,15.197
2026-06-09T12:17:10.248326+00:00,scheduler,0,0,1487.6,24564.0,40,15.463
2026-06-09T12:17:15.248867+00:00,scheduler,0,0,1487.6,24564.0,40,15.267
2026-06-09T12:17:20.249314+00:00,scheduler,0,0,1487.6,24564.0,40,15.46
2026-06-09T12:17:25.250474+00:00,scheduler,0,0,1487.6,24564.0,40,15.551
2026-06-09T12:17:30.250883+00:00,scheduler,0,0,1487.6,24564.0,40,15.433
2026-06-09T12:17:35.251779+00:00,scheduler,0,0,1487.6,24564.0,40,15.629
2026-06-09T12:17:40.252212+00:00,scheduler,0,0,1487.6,24564.0,40,15.332
2026-06-09T12:17:45.252592+00:00,scheduler,0,0,1487.6,24564.0,40,15.163
2026-06-09T12:17:50.253113+00:00,scheduler,0,0,1487.6,24564.0,40,15.217
2026-06-09T12:17:55.253829+00:00,scheduler,0,0,1487.6,24564.0,40,15.361
