timestamp,worker_id,gpu_id,util_percent,memory_used_mb,memory_total_mb,temp_c,power_w
2026-06-08T06:19:27.948389+00:00,scheduler,0,0,400.8,10240.0,35,22.99
2026-06-08T06:19:27.948389+00:00,scheduler,1,0,376.8,10240.0,38,24.687
2026-06-08T06:19:27.948389+00:00,scheduler,2,0,400.8,10240.0,35,19.345
2026-06-08T06:19:27.948389+00:00,scheduler,3,0,400.8,10240.0,35,27.394
2026-06-08T06:19:33.062854+00:00,scheduler,0,0,400.8,10240.0,35,22.949
2026-06-08T06:19:33.062854+00:00,scheduler,1,0,376.8,10240.0,38,24.834
2026-06-08T06:19:33.062854+00:00,scheduler,2,0,400.8,10240.0,35,19.459
2026-06-08T06:19:33.062854+00:00,scheduler,3,0,400.8,10240.0,35,27.454
2026-06-08T06:19:38.063764+00:00,scheduler,0,0,400.8,10240.0,35,22.991
2026-06-08T06:19:38.063764+00:00,scheduler,1,0,376.8,10240.0,38,24.595
2026-06-08T06:19:38.063764+00:00,scheduler,2,0,400.8,10240.0,35,19.469
2026-06-08T06:19:38.063764+00:00,scheduler,3,0,400.8,10240.0,35,27.494
2026-06-08T06:19:43.064677+00:00,scheduler,0,0,400.8,10240.0,35,22.91
2026-06-08T06:19:43.064677+00:00,scheduler,1,0,376.8,10240.0,38,24.713
2026-06-08T06:19:43.064677+00:00,scheduler,2,0,400.8,10240.0,35,19.237
2026-06-08T06:19:43.064677+00:00,scheduler,3,0,400.8,10240.0,35,27.542
2026-06-08T06:19:51.763729+00:00,scheduler,0,0,400.8,10240.0,35,22.872
2026-06-08T06:19:51.763729+00:00,scheduler,1,0,376.8,10240.0,38,24.686
2026-06-08T06:19:51.763729+00:00,scheduler,2,0,400.8,10240.0,35,19.255
2026-06-08T06:19:51.763729+00:00,scheduler,3,0,400.8,10240.0,35,27.287
2026-06-08T06:19:56.861241+00:00,scheduler,0,0,400.8,10240.0,35,22.874
2026-06-08T06:19:56.861241+00:00,scheduler,1,0,376.8,10240.0,38,24.769
2026-06-08T06:19:56.861241+00:00,scheduler,2,0,400.8,10240.0,35,19.456
2026-06-08T06:19:56.861241+00:00,scheduler,3,0,400.8,10240.0,35,27.379
2026-06-08T06:20:01.861873+00:00,scheduler,0,0,400.8,10240.0,35,22.699
2026-06-08T06:20:01.861873+00:00,scheduler,1,0,376.8,10240.0,38,24.702
2026-06-08T06:20:01.861873+00:00,scheduler,2,0,400.8,10240.0,35,19.403
2026-06-08T06:20:01.861873+00:00,scheduler,3,0,400.8,10240.0,35,27.284
2026-06-08T06:20:06.862389+00:00,scheduler,0,0,400.8,10240.0,35,22.884
2026-06-08T06:20:06.862389+00:00,scheduler,1,0,376.8,10240.0,38,24.646
2026-06-08T06:20:06.862389+00:00,scheduler,2,0,400.8,10240.0,35,19.487
2026-06-08T06:20:06.862389+00:00,scheduler,3,0,400.8,10240.0,35,27.301
2026-06-08T06:20:12.071624+00:00,scheduler,0,0,400.8,10240.0,35,22.89
2026-06-08T06:20:12.071624+00:00,scheduler,1,0,376.8,10240.0,38,24.719
2026-06-08T06:20:12.071624+00:00,scheduler,2,0,400.8,10240.0,35,19.343
2026-06-08T06:20:12.071624+00:00,scheduler,3,0,400.8,10240.0,35,27.524
2026-06-08T06:20:17.073805+00:00,scheduler,0,0,400.8,10240.0,35,22.861
2026-06-08T06:20:17.073805+00:00,scheduler,1,0,376.8,10240.0,38,24.821
2026-06-08T06:20:17.073805+00:00,scheduler,2,0,400.8,10240.0,35,19.311
2026-06-08T06:20:17.073805+00:00,scheduler,3,0,400.8,10240.0,35,27.423
2026-06-08T06:20:22.982627+00:00,scheduler,0,0,400.8,10240.0,35,22.768
2026-06-08T06:20:22.982627+00:00,scheduler,1,0,376.8,10240.0,38,24.782
2026-06-08T06:20:22.982627+00:00,scheduler,2,0,400.8,10240.0,35,19.387
2026-06-08T06:20:22.982627+00:00,scheduler,3,0,400.8,10240.0,35,27.44
2026-06-08T06:20:28.004318+00:00,scheduler,0,0,400.8,10240.0,35,22.905
2026-06-08T06:20:28.004318+00:00,scheduler,1,0,376.8,10240.0,38,24.6
2026-06-08T06:20:28.004318+00:00,scheduler,2,0,400.8,10240.0,35,19.348
2026-06-08T06:20:28.004318+00:00,scheduler,3,0,400.8,10240.0,35,27.413
2026-06-08T06:20:33.136273+00:00,scheduler,0,0,400.8,10240.0,35,22.805
2026-06-08T06:20:33.136273+00:00,scheduler,1,0,376.8,10240.0,38,24.605
2026-06-08T06:20:33.136273+00:00,scheduler,2,0,400.8,10240.0,35,19.316
2026-06-08T06:20:33.136273+00:00,scheduler,3,0,400.8,10240.0,35,27.55
2026-06-08T06:20:38.254274+00:00,scheduler,0,0,400.8,10240.0,35,22.783
2026-06-08T06:20:38.254274+00:00,scheduler,1,0,376.8,10240.0,38,24.636
2026-06-08T06:20:38.254274+00:00,scheduler,2,0,400.8,10240.0,35,19.474
2026-06-08T06:20:38.254274+00:00,scheduler,3,0,400.8,10240.0,35,27.59
2026-06-08T06:20:43.254792+00:00,scheduler,0,0,621.9,10240.0,40,93.196
2026-06-08T06:20:43.254792+00:00,scheduler,1,0,376.8,10240.0,38,24.866
2026-06-08T06:20:43.254792+00:00,scheduler,2,0,400.8,10240.0,35,20.063
2026-06-08T06:20:43.254792+00:00,scheduler,3,0,400.8,10240.0,36,27.643
2026-06-08T06:20:48.270710+00:00,scheduler,0,0,621.9,10240.0,40,93.372
2026-06-08T06:20:48.270710+00:00,scheduler,1,0,376.8,10240.0,38,24.67
2026-06-08T06:20:48.270710+00:00,scheduler,2,0,400.8,10240.0,35,19.486
2026-06-08T06:20:48.270710+00:00,scheduler,3,0,400.8,10240.0,35,27.471
2026-06-08T06:20:53.391634+00:00,scheduler,0,0,621.9,10240.0,41,93.678
2026-06-08T06:20:53.391634+00:00,scheduler,1,0,376.8,10240.0,38,24.641
2026-06-08T06:20:53.391634+00:00,scheduler,2,0,400.8,10240.0,35,19.552
2026-06-08T06:20:53.391634+00:00,scheduler,3,0,400.8,10240.0,35,27.511
2026-06-08T06:20:58.458968+00:00,scheduler,0,0,621.9,10240.0,41,93.797
2026-06-08T06:20:58.458968+00:00,scheduler,1,0,376.8,10240.0,38,24.759
2026-06-08T06:20:58.458968+00:00,scheduler,2,0,400.8,10240.0,35,19.577
2026-06-08T06:20:58.458968+00:00,scheduler,3,0,400.8,10240.0,35,27.5
2026-06-08T06:21:03.459576+00:00,scheduler,0,0,621.9,10240.0,37,23.087
2026-06-08T06:21:03.459576+00:00,scheduler,1,0,376.8,10240.0,38,24.683
2026-06-08T06:21:03.459576+00:00,scheduler,2,0,400.8,10240.0,35,19.533
2026-06-08T06:21:03.459576+00:00,scheduler,3,0,400.8,10240.0,35,27.431
2026-06-08T06:21:08.460154+00:00,scheduler,0,0,621.9,10240.0,37,23.177
2026-06-08T06:21:08.460154+00:00,scheduler,1,0,376.8,10240.0,38,24.709
2026-06-08T06:21:08.460154+00:00,scheduler,2,0,400.8,10240.0,35,19.548
2026-06-08T06:21:08.460154+00:00,scheduler,3,0,400.8,10240.0,35,27.417
2026-06-08T06:21:13.460761+00:00,scheduler,0,0,621.9,10240.0,37,22.949
2026-06-08T06:21:13.460761+00:00,scheduler,1,0,376.8,10240.0,38,24.789
2026-06-08T06:21:13.460761+00:00,scheduler,2,0,400.8,10240.0,35,19.563
2026-06-08T06:21:13.460761+00:00,scheduler,3,0,400.8,10240.0,35,27.507
2026-06-08T06:21:18.461302+00:00,scheduler,0,0,621.9,10240.0,37,22.909
2026-06-08T06:21:18.461302+00:00,scheduler,1,0,376.8,10240.0,38,24.729
2026-06-08T06:21:18.461302+00:00,scheduler,2,0,400.8,10240.0,35,19.642
2026-06-08T06:21:18.461302+00:00,scheduler,3,0,400.8,10240.0,35,27.549
2026-06-08T06:21:23.461817+00:00,scheduler,0,0,621.9,10240.0,36,23.047
2026-06-08T06:21:23.461817+00:00,scheduler,1,0,376.8,10240.0,38,24.669
2026-06-08T06:21:23.461817+00:00,scheduler,2,0,400.8,10240.0,35,19.536
2026-06-08T06:21:23.461817+00:00,scheduler,3,0,400.8,10240.0,35,27.392
2026-06-08T06:21:28.462383+00:00,scheduler,0,0,621.9,10240.0,36,23.004
2026-06-08T06:21:28.462383+00:00,scheduler,1,0,376.8,10240.0,38,24.715
2026-06-08T06:21:28.462383+00:00,scheduler,2,0,400.8,10240.0,35,19.43
2026-06-08T06:21:28.462383+00:00,scheduler,3,0,400.8,10240.0,35,27.301
2026-06-08T06:21:33.463646+00:00,scheduler,0,0,621.9,10240.0,36,23.044
2026-06-08T06:21:33.463646+00:00,scheduler,1,0,376.8,10240.0,38,24.772
2026-06-08T06:21:33.463646+00:00,scheduler,2,0,400.8,10240.0,35,19.436
2026-06-08T06:21:33.463646+00:00,scheduler,3,0,400.8,10240.0,35,27.426
2026-06-08T06:21:38.464687+00:00,scheduler,0,0,1365.9,10240.0,41,93.823
2026-06-08T06:21:38.464687+00:00,scheduler,1,0,376.8,10240.0,38,24.709
2026-06-08T06:21:38.464687+00:00,scheduler,2,0,400.8,10240.0,35,19.263
2026-06-08T06:21:38.464687+00:00,scheduler,3,0,400.8,10240.0,35,27.454
2026-06-08T06:21:43.465275+00:00,scheduler,0,0,1365.9,10240.0,41,93.821
2026-06-08T06:21:43.465275+00:00,scheduler,1,0,376.8,10240.0,38,24.611
2026-06-08T06:21:43.465275+00:00,scheduler,2,0,400.8,10240.0,35,19.263
2026-06-08T06:21:43.465275+00:00,scheduler,3,0,400.8,10240.0,35,27.355
2026-06-08T06:21:48.465864+00:00,scheduler,0,0,1365.9,10240.0,42,93.915
2026-06-08T06:21:48.465864+00:00,scheduler,1,0,376.8,10240.0,38,24.732
2026-06-08T06:21:48.465864+00:00,scheduler,2,0,400.8,10240.0,35,19.498
2026-06-08T06:21:48.465864+00:00,scheduler,3,0,400.8,10240.0,35,27.54
2026-06-08T06:21:53.466396+00:00,scheduler,0,0,1365.9,10240.0,42,94.333
2026-06-08T06:21:53.466396+00:00,scheduler,1,0,376.8,10240.0,38,24.67
2026-06-08T06:21:53.466396+00:00,scheduler,2,0,400.8,10240.0,35,19.539
2026-06-08T06:21:53.466396+00:00,scheduler,3,0,400.8,10240.0,35,27.402
2026-06-08T06:21:58.466943+00:00,scheduler,0,0,1365.9,10240.0,42,94.335
2026-06-08T06:21:58.466943+00:00,scheduler,1,0,376.8,10240.0,38,24.642
2026-06-08T06:21:58.466943+00:00,scheduler,2,0,400.8,10240.0,35,19.306
2026-06-08T06:21:58.466943+00:00,scheduler,3,0,400.8,10240.0,35,27.522
2026-06-08T06:22:03.467483+00:00,scheduler,0,1,1425.9,10240.0,43,94.465
2026-06-08T06:22:03.467483+00:00,scheduler,1,0,376.8,10240.0,38,24.711
2026-06-08T06:22:03.467483+00:00,scheduler,2,0,400.8,10240.0,35,19.458
2026-06-08T06:22:03.467483+00:00,scheduler,3,0,400.8,10240.0,35,27.438
2026-06-08T06:22:08.468099+00:00,scheduler,0,0,1521.9,10240.0,43,94.571
2026-06-08T06:22:08.468099+00:00,scheduler,1,0,376.8,10240.0,38,24.768
2026-06-08T06:22:08.468099+00:00,scheduler,2,0,400.8,10240.0,35,19.455
2026-06-08T06:22:08.468099+00:00,scheduler,3,0,400.8,10240.0,35,27.4
2026-06-08T06:22:13.469030+00:00,scheduler,0,0,1657.9,10240.0,43,94.901
2026-06-08T06:22:13.469030+00:00,scheduler,1,0,376.8,10240.0,38,24.652
2026-06-08T06:22:13.469030+00:00,scheduler,2,0,400.8,10240.0,35,19.432
2026-06-08T06:22:13.469030+00:00,scheduler,3,0,400.8,10240.0,35,27.299
2026-06-08T06:22:18.469716+00:00,scheduler,0,0,1861.9,10240.0,43,94.824
2026-06-08T06:22:18.469716+00:00,scheduler,1,0,376.8,10240.0,38,24.67
2026-06-08T06:22:18.469716+00:00,scheduler,2,0,400.8,10240.0,35,19.482
2026-06-08T06:22:18.469716+00:00,scheduler,3,0,400.8,10240.0,35,27.398
2026-06-08T06:22:23.470410+00:00,scheduler,0,0,2045.9,10240.0,44,95.058
2026-06-08T06:22:23.470410+00:00,scheduler,1,0,376.8,10240.0,38,24.703
2026-06-08T06:22:23.470410+00:00,scheduler,2,0,400.8,10240.0,35,19.744
2026-06-08T06:22:23.470410+00:00,scheduler,3,0,400.8,10240.0,35,27.661
2026-06-08T06:22:28.471165+00:00,scheduler,0,0,2201.9,10240.0,44,95.172
2026-06-08T06:22:28.471165+00:00,scheduler,1,0,376.8,10240.0,38,24.633
2026-06-08T06:22:28.471165+00:00,scheduler,2,0,400.8,10240.0,35,19.541
2026-06-08T06:22:28.471165+00:00,scheduler,3,0,400.8,10240.0,35,27.484
2026-06-08T06:22:33.471926+00:00,scheduler,0,0,2433.9,10240.0,44,95.013
2026-06-08T06:22:33.471926+00:00,scheduler,1,0,376.8,10240.0,39,24.619
2026-06-08T06:22:33.471926+00:00,scheduler,2,0,400.8,10240.0,35,19.483
2026-06-08T06:22:33.471926+00:00,scheduler,3,0,400.8,10240.0,35,27.606
2026-06-08T06:22:38.472628+00:00,scheduler,0,1,2589.9,10240.0,44,95.021
2026-06-08T06:22:38.472628+00:00,scheduler,1,0,376.8,10240.0,38,24.738
2026-06-08T06:22:38.472628+00:00,scheduler,2,0,400.8,10240.0,35,19.555
2026-06-08T06:22:38.472628+00:00,scheduler,3,0,400.8,10240.0,35,27.524
2026-06-08T06:22:43.473191+00:00,scheduler,0,1,2753.9,10240.0,44,95.258
2026-06-08T06:22:43.473191+00:00,scheduler,1,0,376.8,10240.0,38,24.711
2026-06-08T06:22:43.473191+00:00,scheduler,2,0,400.8,10240.0,35,19.597
2026-06-08T06:22:43.473191+00:00,scheduler,3,0,400.8,10240.0,35,27.375
2026-06-08T06:22:48.473730+00:00,scheduler,0,0,2821.9,10240.0,44,95.111
2026-06-08T06:22:48.473730+00:00,scheduler,1,0,376.8,10240.0,39,24.733
2026-06-08T06:22:48.473730+00:00,scheduler,2,0,400.8,10240.0,35,19.586
2026-06-08T06:22:48.473730+00:00,scheduler,3,0,400.8,10240.0,35,27.62
2026-06-08T06:22:53.474319+00:00,scheduler,0,1,3025.9,10240.0,45,95.144
2026-06-08T06:22:53.474319+00:00,scheduler,1,0,376.8,10240.0,38,24.697
2026-06-08T06:22:53.474319+00:00,scheduler,2,0,400.8,10240.0,35,19.62
2026-06-08T06:22:53.474319+00:00,scheduler,3,0,400.8,10240.0,35,27.659
2026-06-08T06:22:58.474866+00:00,scheduler,0,0,3209.9,10240.0,45,95.455
2026-06-08T06:22:58.474866+00:00,scheduler,1,0,376.8,10240.0,38,24.737
2026-06-08T06:22:58.474866+00:00,scheduler,2,0,400.8,10240.0,35,19.595
2026-06-08T06:22:58.474866+00:00,scheduler,3,0,400.8,10240.0,35,27.506
2026-06-08T06:23:03.475404+00:00,scheduler,0,0,3365.9,10240.0,45,95.246
2026-06-08T06:23:03.475404+00:00,scheduler,1,0,376.8,10240.0,39,24.642
2026-06-08T06:23:03.475404+00:00,scheduler,2,0,400.8,10240.0,35,19.482
2026-06-08T06:23:03.475404+00:00,scheduler,3,0,400.8,10240.0,35,27.672
2026-06-08T06:23:08.475937+00:00,scheduler,0,1,3529.9,10240.0,45,95.382
2026-06-08T06:23:08.475937+00:00,scheduler,1,0,376.8,10240.0,38,24.65
2026-06-08T06:23:08.475937+00:00,scheduler,2,0,400.8,10240.0,35,19.558
2026-06-08T06:23:08.475937+00:00,scheduler,3,0,400.8,10240.0,35,27.599
2026-06-08T06:23:13.476572+00:00,scheduler,0,1,3645.9,10240.0,45,95.318
2026-06-08T06:23:13.476572+00:00,scheduler,1,0,376.8,10240.0,39,24.712
2026-06-08T06:23:13.476572+00:00,scheduler,2,0,400.8,10240.0,35,19.561
2026-06-08T06:23:13.476572+00:00,scheduler,3,0,400.8,10240.0,35,27.434
2026-06-08T06:23:18.477166+00:00,scheduler,0,0,3801.9,10240.0,45,95.49
2026-06-08T06:23:18.477166+00:00,scheduler,1,0,376.8,10240.0,39,24.568
2026-06-08T06:23:18.477166+00:00,scheduler,2,0,400.8,10240.0,35,19.546
2026-06-08T06:23:18.477166+00:00,scheduler,3,0,400.8,10240.0,35,27.466
2026-06-08T06:23:23.477749+00:00,scheduler,0,0,3897.9,10240.0,45,95.398
2026-06-08T06:23:23.477749+00:00,scheduler,1,0,376.8,10240.0,39,24.579
2026-06-08T06:23:23.477749+00:00,scheduler,2,0,400.8,10240.0,36,19.488
2026-06-08T06:23:23.477749+00:00,scheduler,3,0,400.8,10240.0,35,27.386
2026-06-08T06:23:28.478315+00:00,scheduler,0,0,4081.9,10240.0,45,95.671
2026-06-08T06:23:28.478315+00:00,scheduler,1,0,376.8,10240.0,39,24.765
2026-06-08T06:23:28.478315+00:00,scheduler,2,0,400.8,10240.0,36,19.515
2026-06-08T06:23:28.478315+00:00,scheduler,3,0,400.8,10240.0,35,27.388
2026-06-08T06:23:33.478940+00:00,scheduler,0,0,4237.9,10240.0,45,95.441
2026-06-08T06:23:33.478940+00:00,scheduler,1,0,376.8,10240.0,39,24.849
2026-06-08T06:23:33.478940+00:00,scheduler,2,0,400.8,10240.0,35,19.744
2026-06-08T06:23:33.478940+00:00,scheduler,3,0,400.8,10240.0,35,27.302
2026-06-08T06:23:38.479567+00:00,scheduler,0,0,4305.9,10240.0,45,95.415
2026-06-08T06:23:38.479567+00:00,scheduler,1,0,376.8,10240.0,39,24.648
2026-06-08T06:23:38.479567+00:00,scheduler,2,0,400.8,10240.0,35,19.66
2026-06-08T06:23:38.479567+00:00,scheduler,3,0,400.8,10240.0,35,27.363
2026-06-08T06:23:43.480074+00:00,scheduler,0,0,4421.9,10240.0,45,95.532
2026-06-08T06:23:43.480074+00:00,scheduler,1,0,376.8,10240.0,39,24.641
2026-06-08T06:23:43.480074+00:00,scheduler,2,0,400.8,10240.0,35,19.608
2026-06-08T06:23:43.480074+00:00,scheduler,3,0,400.8,10240.0,35,27.348
2026-06-08T06:23:48.480665+00:00,scheduler,0,0,4625.9,10240.0,45,95.605
2026-06-08T06:23:48.480665+00:00,scheduler,1,0,376.8,10240.0,39,24.812
2026-06-08T06:23:48.480665+00:00,scheduler,2,0,400.8,10240.0,35,19.631
2026-06-08T06:23:48.480665+00:00,scheduler,3,0,400.8,10240.0,35,27.47
2026-06-08T06:23:53.481313+00:00,scheduler,0,0,4857.9,10240.0,45,95.596
2026-06-08T06:23:53.481313+00:00,scheduler,1,0,376.8,10240.0,39,24.695
2026-06-08T06:23:53.481313+00:00,scheduler,2,0,400.8,10240.0,35,19.54
2026-06-08T06:23:53.481313+00:00,scheduler,3,0,400.8,10240.0,35,27.572
2026-06-08T06:23:58.481812+00:00,scheduler,0,0,5013.9,10240.0,45,95.597
2026-06-08T06:23:58.481812+00:00,scheduler,1,0,376.8,10240.0,39,24.726
2026-06-08T06:23:58.481812+00:00,scheduler,2,0,400.8,10240.0,35,19.522
2026-06-08T06:23:58.481812+00:00,scheduler,3,0,400.8,10240.0,36,27.461
2026-06-08T06:24:03.482430+00:00,scheduler,0,0,5197.9,10240.0,45,95.543
2026-06-08T06:24:03.482430+00:00,scheduler,1,0,376.8,10240.0,39,24.848
2026-06-08T06:24:03.482430+00:00,scheduler,2,0,400.8,10240.0,35,19.514
2026-06-08T06:24:03.482430+00:00,scheduler,3,0,400.8,10240.0,35,27.393
2026-06-08T06:24:08.482963+00:00,scheduler,0,0,5305.9,10240.0,45,95.546
2026-06-08T06:24:08.482963+00:00,scheduler,1,0,376.8,10240.0,39,24.597
2026-06-08T06:24:08.482963+00:00,scheduler,2,0,400.8,10240.0,35,19.428
2026-06-08T06:24:08.482963+00:00,scheduler,3,0,400.8,10240.0,35,27.414
2026-06-08T06:24:13.483631+00:00,scheduler,0,1,5537.9,10240.0,45,95.465
2026-06-08T06:24:13.483631+00:00,scheduler,1,0,376.8,10240.0,39,24.636
2026-06-08T06:24:13.483631+00:00,scheduler,2,0,400.8,10240.0,35,19.333
2026-06-08T06:24:13.483631+00:00,scheduler,3,0,400.8,10240.0,35,27.406
2026-06-08T06:24:18.484178+00:00,scheduler,0,0,5741.9,10240.0,45,95.476
2026-06-08T06:24:18.484178+00:00,scheduler,1,0,376.8,10240.0,39,24.644
2026-06-08T06:24:18.484178+00:00,scheduler,2,0,400.8,10240.0,36,19.433
2026-06-08T06:24:18.484178+00:00,scheduler,3,0,400.8,10240.0,35,27.475
2026-06-08T06:24:23.484686+00:00,scheduler,0,0,5857.9,10240.0,45,95.516
2026-06-08T06:24:23.484686+00:00,scheduler,1,0,376.8,10240.0,39,24.771
2026-06-08T06:24:23.484686+00:00,scheduler,2,0,400.8,10240.0,35,19.61
2026-06-08T06:24:23.484686+00:00,scheduler,3,0,400.8,10240.0,35,27.509
2026-06-08T06:24:28.485271+00:00,scheduler,0,0,5973.9,10240.0,45,95.452
2026-06-08T06:24:28.485271+00:00,scheduler,1,0,376.8,10240.0,39,24.632
2026-06-08T06:24:28.485271+00:00,scheduler,2,0,400.8,10240.0,35,19.459
2026-06-08T06:24:28.485271+00:00,scheduler,3,0,400.8,10240.0,35,27.401
2026-06-08T06:24:33.485813+00:00,scheduler,0,0,6041.9,10240.0,45,95.504
2026-06-08T06:24:33.485813+00:00,scheduler,1,0,376.8,10240.0,39,24.699
2026-06-08T06:24:33.485813+00:00,scheduler,2,0,400.8,10240.0,35,19.546
2026-06-08T06:24:33.485813+00:00,scheduler,3,0,400.8,10240.0,35,27.496
2026-06-08T06:24:38.486456+00:00,scheduler,0,0,6225.9,10240.0,45,95.618
2026-06-08T06:24:38.486456+00:00,scheduler,1,0,376.8,10240.0,39,24.714
2026-06-08T06:24:38.486456+00:00,scheduler,2,0,400.8,10240.0,35,19.559
2026-06-08T06:24:38.486456+00:00,scheduler,3,0,400.8,10240.0,35,27.523
2026-06-08T06:24:43.487321+00:00,scheduler,0,0,6313.9,10240.0,45,95.622
2026-06-08T06:24:43.487321+00:00,scheduler,1,0,376.8,10240.0,39,24.662
2026-06-08T06:24:43.487321+00:00,scheduler,2,0,400.8,10240.0,35,19.534
2026-06-08T06:24:43.487321+00:00,scheduler,3,0,400.8,10240.0,35,27.476
2026-06-08T06:24:48.488012+00:00,scheduler,0,0,6429.9,10240.0,45,95.671
2026-06-08T06:24:48.488012+00:00,scheduler,1,0,376.8,10240.0,39,24.646
2026-06-08T06:24:48.488012+00:00,scheduler,2,0,400.8,10240.0,36,19.579
2026-06-08T06:24:48.488012+00:00,scheduler,3,0,400.8,10240.0,36,27.351
2026-06-08T06:24:53.488568+00:00,scheduler,0,0,6517.9,10240.0,45,95.759
2026-06-08T06:24:53.488568+00:00,scheduler,1,0,376.8,10240.0,39,24.782
2026-06-08T06:24:53.488568+00:00,scheduler,2,0,400.8,10240.0,35,19.736
2026-06-08T06:24:53.488568+00:00,scheduler,3,0,400.8,10240.0,36,27.518
2026-06-08T06:24:58.489219+00:00,scheduler,0,0,6653.9,10240.0,45,95.845
2026-06-08T06:24:58.489219+00:00,scheduler,1,0,376.8,10240.0,39,24.85
2026-06-08T06:24:58.489219+00:00,scheduler,2,0,400.8,10240.0,36,19.554
2026-06-08T06:24:58.489219+00:00,scheduler,3,0,400.8,10240.0,35,27.453
2026-06-08T06:25:03.489878+00:00,scheduler,0,0,6797.9,10240.0,45,95.766
2026-06-08T06:25:03.489878+00:00,scheduler,1,0,376.8,10240.0,39,24.625
2026-06-08T06:25:03.489878+00:00,scheduler,2,0,400.8,10240.0,35,19.518
2026-06-08T06:25:03.489878+00:00,scheduler,3,0,400.8,10240.0,36,27.534
2026-06-08T06:25:08.490794+00:00,scheduler,0,1,7001.9,10240.0,45,95.643
2026-06-08T06:25:08.490794+00:00,scheduler,1,0,376.8,10240.0,39,24.583
2026-06-08T06:25:08.490794+00:00,scheduler,2,0,400.8,10240.0,35,19.442
2026-06-08T06:25:08.490794+00:00,scheduler,3,0,400.8,10240.0,35,27.595
2026-06-08T06:25:13.492671+00:00,scheduler,0,0,7137.9,10240.0,45,95.804
2026-06-08T06:25:13.492671+00:00,scheduler,1,0,376.8,10240.0,39,24.814
2026-06-08T06:25:13.492671+00:00,scheduler,2,0,400.8,10240.0,35,19.623
2026-06-08T06:25:13.492671+00:00,scheduler,3,0,400.8,10240.0,35,27.558
2026-06-08T06:25:18.493289+00:00,scheduler,0,0,7293.9,10240.0,45,95.908
2026-06-08T06:25:18.493289+00:00,scheduler,1,0,376.8,10240.0,39,24.769
2026-06-08T06:25:18.493289+00:00,scheduler,2,0,400.8,10240.0,35,19.544
2026-06-08T06:25:18.493289+00:00,scheduler,3,0,400.8,10240.0,35,27.537
2026-06-08T06:25:23.493881+00:00,scheduler,0,0,7409.9,10240.0,45,95.863
2026-06-08T06:25:23.493881+00:00,scheduler,1,0,376.8,10240.0,39,24.74
2026-06-08T06:25:23.493881+00:00,scheduler,2,0,400.8,10240.0,36,19.632
2026-06-08T06:25:23.493881+00:00,scheduler,3,0,400.8,10240.0,36,27.446
2026-06-08T06:25:28.494448+00:00,scheduler,0,0,7525.9,10240.0,45,95.691
2026-06-08T06:25:28.494448+00:00,scheduler,1,0,376.8,10240.0,39,24.841
2026-06-08T06:25:28.494448+00:00,scheduler,2,0,400.8,10240.0,35,19.847
2026-06-08T06:25:28.494448+00:00,scheduler,3,0,400.8,10240.0,35,27.528
2026-06-08T06:25:33.495056+00:00,scheduler,0,0,7593.9,10240.0,45,95.78
2026-06-08T06:25:33.495056+00:00,scheduler,1,0,376.8,10240.0,39,24.717
2026-06-08T06:25:33.495056+00:00,scheduler,2,0,400.8,10240.0,35,19.757
2026-06-08T06:25:33.495056+00:00,scheduler,3,0,400.8,10240.0,35,27.495
2026-06-08T06:25:38.495698+00:00,scheduler,0,1,7797.9,10240.0,45,95.497
2026-06-08T06:25:38.495698+00:00,scheduler,1,0,376.8,10240.0,39,24.72
2026-06-08T06:25:38.495698+00:00,scheduler,2,0,400.8,10240.0,35,19.56
2026-06-08T06:25:38.495698+00:00,scheduler,3,0,400.8,10240.0,35,27.455
2026-06-08T06:25:43.496243+00:00,scheduler,0,0,7913.9,10240.0,45,95.39
2026-06-08T06:25:43.496243+00:00,scheduler,1,0,376.8,10240.0,39,24.619
2026-06-08T06:25:43.496243+00:00,scheduler,2,0,400.8,10240.0,35,19.749
2026-06-08T06:25:43.496243+00:00,scheduler,3,0,400.8,10240.0,35,27.414
2026-06-08T06:25:48.496846+00:00,scheduler,0,0,8117.9,10240.0,45,95.499
2026-06-08T06:25:48.496846+00:00,scheduler,1,0,376.8,10240.0,39,24.792
2026-06-08T06:25:48.496846+00:00,scheduler,2,0,400.8,10240.0,35,19.641
2026-06-08T06:25:48.496846+00:00,scheduler,3,0,400.8,10240.0,36,27.52
2026-06-08T06:25:53.497423+00:00,scheduler,0,0,8301.9,10240.0,45,95.479
2026-06-08T06:25:53.497423+00:00,scheduler,1,0,376.8,10240.0,39,24.776
2026-06-08T06:25:53.497423+00:00,scheduler,2,0,400.8,10240.0,35,19.57
2026-06-08T06:25:53.497423+00:00,scheduler,3,0,400.8,10240.0,35,27.575
2026-06-08T06:25:58.498035+00:00,scheduler,0,0,8405.9,10240.0,45,95.664
2026-06-08T06:25:58.498035+00:00,scheduler,1,0,376.8,10240.0,39,24.703
2026-06-08T06:25:58.498035+00:00,scheduler,2,0,400.8,10240.0,35,19.536
2026-06-08T06:25:58.498035+00:00,scheduler,3,0,400.8,10240.0,35,27.578
2026-06-08T06:26:03.498716+00:00,scheduler,0,0,8717.9,10240.0,47,146.61
2026-06-08T06:26:03.498716+00:00,scheduler,1,0,376.8,10240.0,39,24.865
2026-06-08T06:26:03.498716+00:00,scheduler,2,0,400.8,10240.0,35,19.671
2026-06-08T06:26:03.498716+00:00,scheduler,3,0,400.8,10240.0,35,27.538
2026-06-08T06:26:08.499380+00:00,scheduler,0,8,8717.9,10240.0,46,96.865
2026-06-08T06:26:08.499380+00:00,scheduler,1,0,376.8,10240.0,39,24.701
2026-06-08T06:26:08.499380+00:00,scheduler,2,0,400.8,10240.0,36,19.512
2026-06-08T06:26:08.499380+00:00,scheduler,3,0,400.8,10240.0,35,27.531
2026-06-08T06:26:13.500047+00:00,scheduler,0,1,989.9,10240.0,46,98.044
2026-06-08T06:26:13.500047+00:00,scheduler,1,0,376.8,10240.0,39,24.617
2026-06-08T06:26:13.500047+00:00,scheduler,2,0,400.8,10240.0,35,19.662
2026-06-08T06:26:13.500047+00:00,scheduler,3,0,400.8,10240.0,35,27.303
2026-06-08T06:26:18.500726+00:00,scheduler,0,0,1043.9,10240.0,46,96.333
2026-06-08T06:26:18.500726+00:00,scheduler,1,0,376.8,10240.0,39,24.759
2026-06-08T06:26:18.500726+00:00,scheduler,2,0,400.8,10240.0,35,19.553
2026-06-08T06:26:18.500726+00:00,scheduler,3,0,400.8,10240.0,35,27.343
2026-06-08T06:26:23.501452+00:00,scheduler,0,0,1107.9,10240.0,46,96.217
2026-06-08T06:26:23.501452+00:00,scheduler,1,0,376.8,10240.0,39,24.821
2026-06-08T06:26:23.501452+00:00,scheduler,2,0,400.8,10240.0,36,19.537
2026-06-08T06:26:23.501452+00:00,scheduler,3,0,400.8,10240.0,35,27.456
2026-06-08T06:26:28.502132+00:00,scheduler,0,0,1341.9,10240.0,46,96.103
2026-06-08T06:26:28.502132+00:00,scheduler,1,0,376.8,10240.0,39,24.677
2026-06-08T06:26:28.502132+00:00,scheduler,2,0,400.8,10240.0,36,19.535
2026-06-08T06:26:28.502132+00:00,scheduler,3,0,400.8,10240.0,35,27.364
2026-06-08T06:26:33.502805+00:00,scheduler,0,1,1395.9,10240.0,46,95.995
2026-06-08T06:26:33.502805+00:00,scheduler,1,0,376.8,10240.0,39,24.689
2026-06-08T06:26:33.502805+00:00,scheduler,2,0,400.8,10240.0,35,19.519
2026-06-08T06:26:33.502805+00:00,scheduler,3,0,400.8,10240.0,35,27.453
2026-06-08T06:26:38.503520+00:00,scheduler,0,0,1557.9,10240.0,46,96.189
2026-06-08T06:26:38.503520+00:00,scheduler,1,0,376.8,10240.0,39,24.787
2026-06-08T06:26:38.503520+00:00,scheduler,2,0,400.8,10240.0,35,19.485
2026-06-08T06:26:38.503520+00:00,scheduler,3,0,400.8,10240.0,35,27.361
2026-06-08T06:26:43.504307+00:00,scheduler,0,1,1629.9,10240.0,45,96.217
2026-06-08T06:26:43.504307+00:00,scheduler,1,0,376.8,10240.0,39,24.621
2026-06-08T06:26:43.504307+00:00,scheduler,2,0,400.8,10240.0,35,19.445
2026-06-08T06:26:43.504307+00:00,scheduler,3,0,400.8,10240.0,35,27.359
2026-06-08T06:26:48.504883+00:00,scheduler,0,1,1809.9,10240.0,45,96.283
2026-06-08T06:26:48.504883+00:00,scheduler,1,0,376.8,10240.0,39,24.675
2026-06-08T06:26:48.504883+00:00,scheduler,2,0,400.8,10240.0,35,19.324
2026-06-08T06:26:48.504883+00:00,scheduler,3,0,400.8,10240.0,35,27.204
2026-06-08T06:26:53.505551+00:00,scheduler,0,1,2025.9,10240.0,45,96.379
2026-06-08T06:26:53.505551+00:00,scheduler,1,0,376.8,10240.0,39,24.782
2026-06-08T06:26:53.505551+00:00,scheduler,2,0,400.8,10240.0,35,19.375
2026-06-08T06:26:53.505551+00:00,scheduler,3,0,400.8,10240.0,35,27.38
2026-06-08T06:26:58.506086+00:00,scheduler,0,0,2277.9,10240.0,45,96.294
2026-06-08T06:26:58.506086+00:00,scheduler,1,0,376.8,10240.0,39,24.738
2026-06-08T06:26:58.506086+00:00,scheduler,2,0,400.8,10240.0,35,19.616
2026-06-08T06:26:58.506086+00:00,scheduler,3,0,400.8,10240.0,35,27.298
2026-06-08T06:27:03.506608+00:00,scheduler,0,0,2277.9,10240.0,45,96.199
2026-06-08T06:27:03.506608+00:00,scheduler,1,0,376.8,10240.0,39,24.771
2026-06-08T06:27:03.506608+00:00,scheduler,2,0,400.8,10240.0,35,19.719
2026-06-08T06:27:03.506608+00:00,scheduler,3,0,400.8,10240.0,35,27.375
2026-06-08T06:27:08.507280+00:00,scheduler,0,0,2439.9,10240.0,45,96.466
2026-06-08T06:27:08.507280+00:00,scheduler,1,0,376.8,10240.0,39,24.738
2026-06-08T06:27:08.507280+00:00,scheduler,2,0,400.8,10240.0,35,19.488
2026-06-08T06:27:08.507280+00:00,scheduler,3,0,400.8,10240.0,35,27.336
2026-06-08T06:27:13.507874+00:00,scheduler,0,1,2637.9,10240.0,45,96.362
2026-06-08T06:27:13.507874+00:00,scheduler,1,0,376.8,10240.0,39,24.817
2026-06-08T06:27:13.507874+00:00,scheduler,2,0,400.8,10240.0,35,19.704
2026-06-08T06:27:13.507874+00:00,scheduler,3,0,400.8,10240.0,35,27.265
2026-06-08T06:27:18.508438+00:00,scheduler,0,0,2799.9,10240.0,45,96.201
2026-06-08T06:27:18.508438+00:00,scheduler,1,0,376.8,10240.0,39,24.702
2026-06-08T06:27:18.508438+00:00,scheduler,2,0,400.8,10240.0,35,19.649
2026-06-08T06:27:18.508438+00:00,scheduler,3,0,400.8,10240.0,35,27.383
2026-06-08T06:27:23.509014+00:00,scheduler,0,0,2907.9,10240.0,45,96.241
2026-06-08T06:27:23.509014+00:00,scheduler,1,0,376.8,10240.0,39,24.691
2026-06-08T06:27:23.509014+00:00,scheduler,2,0,400.8,10240.0,35,19.59
2026-06-08T06:27:23.509014+00:00,scheduler,3,0,400.8,10240.0,35,27.413
2026-06-08T06:27:28.509686+00:00,scheduler,0,0,2961.9,10240.0,45,96.289
2026-06-08T06:27:28.509686+00:00,scheduler,1,0,376.8,10240.0,39,24.869
2026-06-08T06:27:28.509686+00:00,scheduler,2,0,400.8,10240.0,35,19.707
2026-06-08T06:27:28.509686+00:00,scheduler,3,0,400.8,10240.0,35,27.42
2026-06-08T06:27:33.510230+00:00,scheduler,0,0,3213.9,10240.0,45,96.232
2026-06-08T06:27:33.510230+00:00,scheduler,1,0,376.8,10240.0,39,24.718
2026-06-08T06:27:33.510230+00:00,scheduler,2,0,400.8,10240.0,35,19.366
2026-06-08T06:27:33.510230+00:00,scheduler,3,0,400.8,10240.0,35,27.492
2026-06-08T06:27:38.510737+00:00,scheduler,0,0,3375.9,10240.0,45,96.168
2026-06-08T06:27:38.510737+00:00,scheduler,1,0,376.8,10240.0,39,24.788
2026-06-08T06:27:38.510737+00:00,scheduler,2,0,400.8,10240.0,35,19.568
2026-06-08T06:27:38.510737+00:00,scheduler,3,0,400.8,10240.0,35,27.431
2026-06-08T06:27:43.511374+00:00,scheduler,0,0,3375.9,10240.0,45,96.153
2026-06-08T06:27:43.511374+00:00,scheduler,1,0,376.8,10240.0,39,24.848
2026-06-08T06:27:43.511374+00:00,scheduler,2,0,400.8,10240.0,35,19.46
2026-06-08T06:27:43.511374+00:00,scheduler,3,0,400.8,10240.0,35,27.386
2026-06-08T06:27:48.511921+00:00,scheduler,0,1,3591.9,10240.0,45,95.984
2026-06-08T06:27:48.511921+00:00,scheduler,1,0,376.8,10240.0,39,24.918
2026-06-08T06:27:48.511921+00:00,scheduler,2,0,400.8,10240.0,35,19.444
2026-06-08T06:27:48.511921+00:00,scheduler,3,0,400.8,10240.0,35,27.444
2026-06-08T06:27:53.512464+00:00,scheduler,0,0,3591.9,10240.0,45,96.064
2026-06-08T06:27:53.512464+00:00,scheduler,1,0,376.8,10240.0,39,24.755
2026-06-08T06:27:53.512464+00:00,scheduler,2,0,400.8,10240.0,35,19.395
2026-06-08T06:27:53.512464+00:00,scheduler,3,0,400.8,10240.0,35,27.421
2026-06-08T06:27:58.513003+00:00,scheduler,0,0,3825.9,10240.0,45,96.193
2026-06-08T06:27:58.513003+00:00,scheduler,1,0,376.8,10240.0,39,24.691
2026-06-08T06:27:58.513003+00:00,scheduler,2,0,400.8,10240.0,35,19.414
2026-06-08T06:27:58.513003+00:00,scheduler,3,0,400.8,10240.0,35,27.556
2026-06-08T06:28:03.513549+00:00,scheduler,0,0,3825.9,10240.0,45,96.096
2026-06-08T06:28:03.513549+00:00,scheduler,1,0,376.8,10240.0,39,24.823
2026-06-08T06:28:03.513549+00:00,scheduler,2,0,400.8,10240.0,35,19.416
2026-06-08T06:28:03.513549+00:00,scheduler,3,0,400.8,10240.0,35,27.476
2026-06-08T06:28:08.514098+00:00,scheduler,0,0,3897.9,10240.0,45,96.177
2026-06-08T06:28:08.514098+00:00,scheduler,1,0,376.8,10240.0,39,24.695
2026-06-08T06:28:08.514098+00:00,scheduler,2,0,400.8,10240.0,35,19.401
2026-06-08T06:28:08.514098+00:00,scheduler,3,0,400.8,10240.0,35,27.431
2026-06-08T06:28:13.514656+00:00,scheduler,0,1,4131.9,10240.0,45,96.112
2026-06-08T06:28:13.514656+00:00,scheduler,1,0,376.8,10240.0,39,24.667
2026-06-08T06:28:13.514656+00:00,scheduler,2,0,400.8,10240.0,35,19.491
2026-06-08T06:28:13.514656+00:00,scheduler,3,0,400.8,10240.0,35,27.371
2026-06-08T06:28:18.515240+00:00,scheduler,0,0,4293.9,10240.0,45,96.126
2026-06-08T06:28:18.515240+00:00,scheduler,1,0,376.8,10240.0,39,24.79
2026-06-08T06:28:18.515240+00:00,scheduler,2,0,400.8,10240.0,35,19.596
2026-06-08T06:28:18.515240+00:00,scheduler,3,0,400.8,10240.0,35,27.258
2026-06-08T06:28:23.515818+00:00,scheduler,0,0,4365.9,10240.0,45,96.117
2026-06-08T06:28:23.515818+00:00,scheduler,1,0,376.8,10240.0,39,24.666
2026-06-08T06:28:23.515818+00:00,scheduler,2,0,400.8,10240.0,35,19.43
2026-06-08T06:28:23.515818+00:00,scheduler,3,0,400.8,10240.0,35,27.268
2026-06-08T06:28:28.516628+00:00,scheduler,0,0,4527.9,10240.0,45,96.143
2026-06-08T06:28:28.516628+00:00,scheduler,1,0,376.8,10240.0,39,24.66
2026-06-08T06:28:28.516628+00:00,scheduler,2,0,400.8,10240.0,35,19.556
2026-06-08T06:28:28.516628+00:00,scheduler,3,0,400.8,10240.0,35,27.389
2026-06-08T06:28:33.517324+00:00,scheduler,0,0,4761.9,10240.0,45,96.301
2026-06-08T06:28:33.517324+00:00,scheduler,1,0,376.8,10240.0,39,24.648
2026-06-08T06:28:33.517324+00:00,scheduler,2,0,400.8,10240.0,35,19.64
2026-06-08T06:28:33.517324+00:00,scheduler,3,0,400.8,10240.0,35,27.373
2026-06-08T06:28:38.518116+00:00,scheduler,0,0,4995.9,10240.0,45,96.223
2026-06-08T06:28:38.518116+00:00,scheduler,1,0,376.8,10240.0,39,24.763
2026-06-08T06:28:38.518116+00:00,scheduler,2,0,400.8,10240.0,35,19.581
2026-06-08T06:28:38.518116+00:00,scheduler,3,0,400.8,10240.0,35,27.222
2026-06-08T06:28:43.518993+00:00,scheduler,0,0,4995.9,10240.0,45,96.289
2026-06-08T06:28:43.518993+00:00,scheduler,1,0,376.8,10240.0,39,24.603
2026-06-08T06:28:43.518993+00:00,scheduler,2,0,400.8,10240.0,35,19.488
2026-06-08T06:28:43.518993+00:00,scheduler,3,0,400.8,10240.0,35,27.488
2026-06-08T06:28:48.519873+00:00,scheduler,0,0,5067.9,10240.0,45,96.217
2026-06-08T06:28:48.519873+00:00,scheduler,1,0,376.8,10240.0,39,24.616
2026-06-08T06:28:48.519873+00:00,scheduler,2,0,400.8,10240.0,35,19.566
2026-06-08T06:28:48.519873+00:00,scheduler,3,0,400.8,10240.0,35,27.481
2026-06-08T06:28:53.520665+00:00,scheduler,0,0,5229.9,10240.0,45,96.211
2026-06-08T06:28:53.520665+00:00,scheduler,1,0,376.8,10240.0,39,24.741
2026-06-08T06:28:53.520665+00:00,scheduler,2,0,400.8,10240.0,35,19.596
2026-06-08T06:28:53.520665+00:00,scheduler,3,0,400.8,10240.0,35,27.42
2026-06-08T06:28:58.521482+00:00,scheduler,0,0,5463.9,10240.0,45,96.219
2026-06-08T06:28:58.521482+00:00,scheduler,1,0,376.8,10240.0,39,24.683
2026-06-08T06:28:58.521482+00:00,scheduler,2,0,400.8,10240.0,35,19.625
2026-06-08T06:28:58.521482+00:00,scheduler,3,0,400.8,10240.0,35,27.266
2026-06-08T06:29:03.522161+00:00,scheduler,0,0,5463.9,10240.0,45,96.324
2026-06-08T06:29:03.522161+00:00,scheduler,1,0,376.8,10240.0,39,24.666
2026-06-08T06:29:03.522161+00:00,scheduler,2,0,400.8,10240.0,35,19.523
2026-06-08T06:29:03.522161+00:00,scheduler,3,0,400.8,10240.0,35,27.364
2026-06-08T06:29:08.522796+00:00,scheduler,0,1,5697.9,10240.0,45,96.314
2026-06-08T06:29:08.522796+00:00,scheduler,1,0,376.8,10240.0,39,24.704
2026-06-08T06:29:08.522796+00:00,scheduler,2,0,400.8,10240.0,35,19.432
2026-06-08T06:29:08.522796+00:00,scheduler,3,0,400.8,10240.0,35,27.444
2026-06-08T06:29:13.523356+00:00,scheduler,0,0,5931.9,10240.0,45,96.075
2026-06-08T06:29:13.523356+00:00,scheduler,1,0,376.8,10240.0,39,24.757
2026-06-08T06:29:13.523356+00:00,scheduler,2,0,400.8,10240.0,35,19.467
2026-06-08T06:29:13.523356+00:00,scheduler,3,0,400.8,10240.0,35,27.381
2026-06-08T06:29:18.523868+00:00,scheduler,0,0,6003.9,10240.0,45,96.041
2026-06-08T06:29:18.523868+00:00,scheduler,1,0,376.8,10240.0,39,24.652
2026-06-08T06:29:18.523868+00:00,scheduler,2,0,400.8,10240.0,35,19.512
2026-06-08T06:29:18.523868+00:00,scheduler,3,0,400.8,10240.0,35,27.445
2026-06-08T06:29:23.524438+00:00,scheduler,0,0,6165.9,10240.0,45,96.137
2026-06-08T06:29:23.524438+00:00,scheduler,1,0,376.8,10240.0,39,24.717
2026-06-08T06:29:23.524438+00:00,scheduler,2,0,400.8,10240.0,35,19.433
2026-06-08T06:29:23.524438+00:00,scheduler,3,0,400.8,10240.0,35,27.355
2026-06-08T06:29:28.524968+00:00,scheduler,0,0,6237.9,10240.0,45,96.168
2026-06-08T06:29:28.524968+00:00,scheduler,1,0,376.8,10240.0,39,24.821
2026-06-08T06:29:28.524968+00:00,scheduler,2,0,400.8,10240.0,35,19.497
2026-06-08T06:29:28.524968+00:00,scheduler,3,0,400.8,10240.0,35,27.492
2026-06-08T06:29:33.525512+00:00,scheduler,0,0,6471.9,10240.0,45,96.12
2026-06-08T06:29:33.525512+00:00,scheduler,1,0,376.8,10240.0,39,24.697
2026-06-08T06:29:33.525512+00:00,scheduler,2,0,400.8,10240.0,35,19.41
2026-06-08T06:29:33.525512+00:00,scheduler,3,0,400.8,10240.0,35,27.43
2026-06-08T06:29:38.526075+00:00,scheduler,0,0,6633.9,10240.0,45,96.11
2026-06-08T06:29:38.526075+00:00,scheduler,1,0,376.8,10240.0,39,24.662
2026-06-08T06:29:38.526075+00:00,scheduler,2,0,400.8,10240.0,35,19.465
2026-06-08T06:29:38.526075+00:00,scheduler,3,0,400.8,10240.0,35,27.405
2026-06-08T06:29:43.526648+00:00,scheduler,0,1,6867.9,10240.0,45,95.996
2026-06-08T06:29:43.526648+00:00,scheduler,1,0,376.8,10240.0,39,24.867
2026-06-08T06:29:43.526648+00:00,scheduler,2,0,400.8,10240.0,35,19.47
2026-06-08T06:29:43.526648+00:00,scheduler,3,0,400.8,10240.0,35,27.599
2026-06-08T06:29:48.527240+00:00,scheduler,0,0,6867.9,10240.0,45,96.182
2026-06-08T06:29:48.527240+00:00,scheduler,1,0,376.8,10240.0,39,24.742
2026-06-08T06:29:48.527240+00:00,scheduler,2,0,400.8,10240.0,35,19.406
2026-06-08T06:29:48.527240+00:00,scheduler,3,0,400.8,10240.0,35,27.422
2026-06-08T06:29:53.527903+00:00,scheduler,0,0,7101.9,10240.0,45,96.08
2026-06-08T06:29:53.527903+00:00,scheduler,1,0,376.8,10240.0,39,24.719
2026-06-08T06:29:53.527903+00:00,scheduler,2,0,400.8,10240.0,35,19.305
2026-06-08T06:29:53.527903+00:00,scheduler,3,0,400.8,10240.0,35,27.334
2026-06-08T06:29:58.528596+00:00,scheduler,0,0,7173.9,10240.0,45,96.125
2026-06-08T06:29:58.528596+00:00,scheduler,1,0,376.8,10240.0,39,24.713
2026-06-08T06:29:58.528596+00:00,scheduler,2,0,400.8,10240.0,35,19.359
2026-06-08T06:29:58.528596+00:00,scheduler,3,0,400.8,10240.0,35,27.4
2026-06-08T06:30:03.529086+00:00,scheduler,0,0,7335.9,10240.0,45,96.123
2026-06-08T06:30:03.529086+00:00,scheduler,1,0,376.8,10240.0,39,24.835
2026-06-08T06:30:03.529086+00:00,scheduler,2,0,400.8,10240.0,35,19.678
2026-06-08T06:30:03.529086+00:00,scheduler,3,0,400.8,10240.0,35,27.471
2026-06-08T06:30:08.529935+00:00,scheduler,0,0,7569.9,10240.0,45,95.99
2026-06-08T06:30:08.529935+00:00,scheduler,1,0,376.8,10240.0,39,24.76
2026-06-08T06:30:08.529935+00:00,scheduler,2,0,400.8,10240.0,35,19.447
2026-06-08T06:30:08.529935+00:00,scheduler,3,0,400.8,10240.0,35,27.34
2026-06-08T06:30:13.530745+00:00,scheduler,0,0,7569.9,10240.0,45,96.226
2026-06-08T06:30:13.530745+00:00,scheduler,1,0,376.8,10240.0,39,24.642
2026-06-08T06:30:13.530745+00:00,scheduler,2,0,400.8,10240.0,35,19.43
2026-06-08T06:30:13.530745+00:00,scheduler,3,0,400.8,10240.0,35,27.402
2026-06-08T06:30:18.531452+00:00,scheduler,0,0,7569.9,10240.0,45,96.212
2026-06-08T06:30:18.531452+00:00,scheduler,1,0,376.8,10240.0,39,24.842
2026-06-08T06:30:18.531452+00:00,scheduler,2,0,400.8,10240.0,35,19.452
2026-06-08T06:30:18.531452+00:00,scheduler,3,0,400.8,10240.0,35,27.364
2026-06-08T06:30:23.531966+00:00,scheduler,0,0,7641.9,10240.0,45,95.972
2026-06-08T06:30:23.531966+00:00,scheduler,1,0,376.8,10240.0,39,24.81
2026-06-08T06:30:23.531966+00:00,scheduler,2,0,400.8,10240.0,35,19.34
2026-06-08T06:30:23.531966+00:00,scheduler,3,0,400.8,10240.0,35,27.522
2026-06-08T06:30:28.532674+00:00,scheduler,0,0,7803.9,10240.0,45,96.081
2026-06-08T06:30:28.532674+00:00,scheduler,1,0,376.8,10240.0,39,24.761
2026-06-08T06:30:28.532674+00:00,scheduler,2,0,400.8,10240.0,35,19.283
2026-06-08T06:30:28.532674+00:00,scheduler,3,0,400.8,10240.0,35,27.342
2026-06-08T06:30:33.533338+00:00,scheduler,0,1,8037.9,10240.0,45,96.01
2026-06-08T06:30:33.533338+00:00,scheduler,1,0,376.8,10240.0,39,24.755
2026-06-08T06:30:33.533338+00:00,scheduler,2,0,400.8,10240.0,35,19.287
2026-06-08T06:30:33.533338+00:00,scheduler,3,0,400.8,10240.0,35,27.422
2026-06-08T06:30:38.533929+00:00,scheduler,0,0,8145.9,10240.0,45,96.241
2026-06-08T06:30:38.533929+00:00,scheduler,1,0,376.8,10240.0,39,24.78
2026-06-08T06:30:38.533929+00:00,scheduler,2,0,400.8,10240.0,35,19.301
2026-06-08T06:30:38.533929+00:00,scheduler,3,0,400.8,10240.0,35,27.416
2026-06-08T06:30:43.534552+00:00,scheduler,0,100,8833.9,10240.0,58,318.704
2026-06-08T06:30:43.534552+00:00,scheduler,1,0,376.8,10240.0,39,24.87
2026-06-08T06:30:43.534552+00:00,scheduler,2,0,400.8,10240.0,35,19.66
2026-06-08T06:30:43.534552+00:00,scheduler,3,0,400.8,10240.0,35,27.328
2026-06-08T06:30:48.535186+00:00,scheduler,0,100,8833.9,10240.0,59,319.237
2026-06-08T06:30:48.535186+00:00,scheduler,1,0,376.8,10240.0,39,25.05
2026-06-08T06:30:48.535186+00:00,scheduler,2,0,400.8,10240.0,35,19.682
2026-06-08T06:30:48.535186+00:00,scheduler,3,0,400.8,10240.0,35,27.49
2026-06-08T06:30:53.535858+00:00,scheduler,0,100,8833.9,10240.0,60,318.676
2026-06-08T06:30:53.535858+00:00,scheduler,1,0,376.8,10240.0,39,24.957
2026-06-08T06:30:53.535858+00:00,scheduler,2,0,400.8,10240.0,35,19.879
2026-06-08T06:30:53.535858+00:00,scheduler,3,0,400.8,10240.0,35,27.537
2026-06-08T06:30:58.536759+00:00,scheduler,0,100,8833.9,10240.0,61,318.569
2026-06-08T06:30:58.536759+00:00,scheduler,1,0,376.8,10240.0,39,24.867
2026-06-08T06:30:58.536759+00:00,scheduler,2,0,400.8,10240.0,35,19.8
2026-06-08T06:30:58.536759+00:00,scheduler,3,0,400.8,10240.0,35,27.519
2026-06-08T06:31:03.537293+00:00,scheduler,0,100,8833.9,10240.0,62,318.506
2026-06-08T06:31:03.537293+00:00,scheduler,1,0,376.8,10240.0,39,24.835
2026-06-08T06:31:03.537293+00:00,scheduler,2,0,400.8,10240.0,35,19.841
2026-06-08T06:31:03.537293+00:00,scheduler,3,0,400.8,10240.0,35,27.545
2026-06-08T06:31:08.537892+00:00,scheduler,0,100,8833.9,10240.0,63,318.927
2026-06-08T06:31:08.537892+00:00,scheduler,1,0,376.8,10240.0,39,24.845
2026-06-08T06:31:08.537892+00:00,scheduler,2,0,400.8,10240.0,35,19.993
2026-06-08T06:31:08.537892+00:00,scheduler,3,0,400.8,10240.0,35,27.466
2026-06-08T06:31:13.538524+00:00,scheduler,0,100,8833.9,10240.0,64,318.705
2026-06-08T06:31:13.538524+00:00,scheduler,1,0,376.8,10240.0,39,24.758
2026-06-08T06:31:13.538524+00:00,scheduler,2,0,400.8,10240.0,35,19.939
2026-06-08T06:31:13.538524+00:00,scheduler,3,0,400.8,10240.0,35,27.513
2026-06-08T06:31:18.539071+00:00,scheduler,0,100,8833.9,10240.0,64,318.352
2026-06-08T06:31:18.539071+00:00,scheduler,1,0,376.8,10240.0,39,24.926
2026-06-08T06:31:18.539071+00:00,scheduler,2,0,400.8,10240.0,35,19.645
2026-06-08T06:31:18.539071+00:00,scheduler,3,0,400.8,10240.0,35,27.447
2026-06-08T06:31:23.539650+00:00,scheduler,0,12,8833.9,10240.0,54,99.698
2026-06-08T06:31:23.539650+00:00,scheduler,1,0,376.8,10240.0,39,24.654
2026-06-08T06:31:23.539650+00:00,scheduler,2,0,400.8,10240.0,35,19.481
2026-06-08T06:31:23.539650+00:00,scheduler,3,0,400.8,10240.0,35,27.44
2026-06-08T06:31:28.540275+00:00,scheduler,0,0,823.9,10240.0,53,117.646
2026-06-08T06:31:28.540275+00:00,scheduler,1,0,376.8,10240.0,39,24.732
2026-06-08T06:31:28.540275+00:00,scheduler,2,0,400.8,10240.0,35,19.427
2026-06-08T06:31:28.540275+00:00,scheduler,3,0,400.8,10240.0,35,27.374
2026-06-08T06:31:33.540774+00:00,scheduler,0,0,909.9,10240.0,51,97.521
2026-06-08T06:31:33.540774+00:00,scheduler,1,0,376.8,10240.0,39,24.641
2026-06-08T06:31:33.540774+00:00,scheduler,2,0,400.8,10240.0,35,19.347
2026-06-08T06:31:33.540774+00:00,scheduler,3,0,400.8,10240.0,35,27.321
2026-06-08T06:31:38.541521+00:00,scheduler,0,33,2981.9,10240.0,50,102.274
2026-06-08T06:31:38.541521+00:00,scheduler,1,0,376.8,10240.0,39,24.581
2026-06-08T06:31:38.541521+00:00,scheduler,2,0,400.8,10240.0,35,19.37
2026-06-08T06:31:38.541521+00:00,scheduler,3,0,400.8,10240.0,35,27.377
2026-06-08T06:31:43.542305+00:00,scheduler,0,0,701.9,10240.0,50,96.755
2026-06-08T06:31:43.542305+00:00,scheduler,1,0,376.8,10240.0,39,24.79
2026-06-08T06:31:43.542305+00:00,scheduler,2,0,400.8,10240.0,35,19.438
2026-06-08T06:31:43.542305+00:00,scheduler,3,0,400.8,10240.0,35,27.231
2026-06-08T06:31:48.542953+00:00,scheduler,0,0,701.9,10240.0,49,96.623
2026-06-08T06:31:48.542953+00:00,scheduler,1,0,376.8,10240.0,39,24.665
2026-06-08T06:31:48.542953+00:00,scheduler,2,0,400.8,10240.0,35,19.388
2026-06-08T06:31:48.542953+00:00,scheduler,3,0,400.8,10240.0,35,27.29
2026-06-08T06:31:53.543487+00:00,scheduler,0,0,701.9,10240.0,48,97.33
2026-06-08T06:31:53.543487+00:00,scheduler,1,0,376.8,10240.0,39,24.7
2026-06-08T06:31:53.543487+00:00,scheduler,2,0,400.8,10240.0,35,19.503
2026-06-08T06:31:53.543487+00:00,scheduler,3,0,400.8,10240.0,35,27.324
2026-06-08T06:31:58.544092+00:00,scheduler,0,0,701.9,10240.0,44,44.71
2026-06-08T06:31:58.544092+00:00,scheduler,1,0,376.8,10240.0,39,24.661
2026-06-08T06:31:58.544092+00:00,scheduler,2,0,400.8,10240.0,35,19.435
2026-06-08T06:31:58.544092+00:00,scheduler,3,0,400.8,10240.0,35,27.228
2026-06-08T06:32:03.544729+00:00,scheduler,0,0,701.9,10240.0,43,23.609
2026-06-08T06:32:03.544729+00:00,scheduler,1,0,376.8,10240.0,39,24.827
2026-06-08T06:32:03.544729+00:00,scheduler,2,0,400.8,10240.0,35,19.542
2026-06-08T06:32:03.544729+00:00,scheduler,3,0,400.8,10240.0,35,27.216
2026-06-08T06:32:08.545474+00:00,scheduler,0,29,3771.9,10240.0,45,43.485
2026-06-08T06:32:08.545474+00:00,scheduler,1,0,376.8,10240.0,39,24.669
2026-06-08T06:32:08.545474+00:00,scheduler,2,0,400.8,10240.0,35,19.431
2026-06-08T06:32:08.545474+00:00,scheduler,3,0,400.8,10240.0,35,27.277
2026-06-08T06:32:13.546103+00:00,scheduler,0,9,8721.9,10240.0,46,97.174
2026-06-08T06:32:13.546103+00:00,scheduler,1,0,376.8,10240.0,39,24.638
2026-06-08T06:32:13.546103+00:00,scheduler,2,0,400.8,10240.0,35,19.527
2026-06-08T06:32:13.546103+00:00,scheduler,3,0,400.8,10240.0,35,27.351
2026-06-08T06:32:18.547040+00:00,scheduler,0,32,8043.9,10240.0,47,114.097
2026-06-08T06:32:18.547040+00:00,scheduler,1,0,376.8,10240.0,39,24.758
2026-06-08T06:32:18.547040+00:00,scheduler,2,0,400.8,10240.0,35,19.391
2026-06-08T06:32:18.547040+00:00,scheduler,3,0,400.8,10240.0,35,27.434
2026-06-08T06:32:23.547764+00:00,scheduler,0,100,8837.9,10240.0,59,318.898
2026-06-08T06:32:23.547764+00:00,scheduler,1,0,376.8,10240.0,39,24.896
2026-06-08T06:32:23.547764+00:00,scheduler,2,0,400.8,10240.0,35,19.85
2026-06-08T06:32:23.547764+00:00,scheduler,3,0,400.8,10240.0,35,27.57
2026-06-08T06:32:28.548332+00:00,scheduler,0,100,8837.9,10240.0,60,318.781
2026-06-08T06:32:28.548332+00:00,scheduler,1,0,376.8,10240.0,39,24.86
2026-06-08T06:32:28.548332+00:00,scheduler,2,0,400.8,10240.0,35,19.775
2026-06-08T06:32:28.548332+00:00,scheduler,3,0,400.8,10240.0,35,27.514
2026-06-08T06:32:33.548871+00:00,scheduler,0,100,8837.9,10240.0,61,318.401
2026-06-08T06:32:33.548871+00:00,scheduler,1,0,376.8,10240.0,39,25.037
2026-06-08T06:32:33.548871+00:00,scheduler,2,0,400.8,10240.0,35,19.817
2026-06-08T06:32:33.548871+00:00,scheduler,3,0,400.8,10240.0,35,27.374
2026-06-08T06:32:38.549454+00:00,scheduler,0,100,8837.9,10240.0,62,318.385
2026-06-08T06:32:38.549454+00:00,scheduler,1,0,376.8,10240.0,39,24.864
2026-06-08T06:32:38.549454+00:00,scheduler,2,0,400.8,10240.0,35,19.858
2026-06-08T06:32:38.549454+00:00,scheduler,3,0,400.8,10240.0,35,27.401
2026-06-08T06:32:43.549934+00:00,scheduler,0,100,8837.9,10240.0,63,318.54
2026-06-08T06:32:43.549934+00:00,scheduler,1,0,376.8,10240.0,39,24.82
2026-06-08T06:32:43.549934+00:00,scheduler,2,0,400.8,10240.0,35,19.733
2026-06-08T06:32:43.549934+00:00,scheduler,3,0,400.8,10240.0,35,27.429
2026-06-08T06:32:48.550508+00:00,scheduler,0,100,8837.9,10240.0,63,318.597
2026-06-08T06:32:48.550508+00:00,scheduler,1,0,376.8,10240.0,39,24.838
2026-06-08T06:32:48.550508+00:00,scheduler,2,0,400.8,10240.0,35,19.656
2026-06-08T06:32:48.550508+00:00,scheduler,3,0,400.8,10240.0,35,27.601
2026-06-08T06:32:53.550999+00:00,scheduler,0,100,8837.9,10240.0,64,318.815
2026-06-08T06:32:53.550999+00:00,scheduler,1,0,376.8,10240.0,39,24.894
2026-06-08T06:32:53.550999+00:00,scheduler,2,0,400.8,10240.0,35,19.911
2026-06-08T06:32:53.550999+00:00,scheduler,3,0,400.8,10240.0,35,27.328
2026-06-08T06:32:58.551660+00:00,scheduler,0,100,8837.9,10240.0,64,318.862
2026-06-08T06:32:58.551660+00:00,scheduler,1,0,376.8,10240.0,39,24.911
2026-06-08T06:32:58.551660+00:00,scheduler,2,0,400.8,10240.0,35,19.757
2026-06-08T06:32:58.551660+00:00,scheduler,3,0,400.8,10240.0,35,27.324
2026-06-08T06:33:03.552302+00:00,scheduler,0,8,8837.9,10240.0,53,99.401
2026-06-08T06:33:03.552302+00:00,scheduler,1,0,376.8,10240.0,39,24.614
2026-06-08T06:33:03.552302+00:00,scheduler,2,0,400.8,10240.0,35,19.546
2026-06-08T06:33:03.552302+00:00,scheduler,3,0,400.8,10240.0,35,27.264
2026-06-08T06:33:08.552905+00:00,scheduler,0,0,699.9,10240.0,53,119.468
2026-06-08T06:33:08.552905+00:00,scheduler,1,0,376.8,10240.0,39,24.742
2026-06-08T06:33:08.552905+00:00,scheduler,2,0,400.8,10240.0,35,19.475
2026-06-08T06:33:08.552905+00:00,scheduler,3,0,400.8,10240.0,35,27.344
2026-06-08T06:33:13.553863+00:00,scheduler,0,0,699.9,10240.0,51,97.74
2026-06-08T06:33:13.553863+00:00,scheduler,1,0,376.8,10240.0,39,24.581
2026-06-08T06:33:13.553863+00:00,scheduler,2,0,400.8,10240.0,35,19.416
2026-06-08T06:33:13.553863+00:00,scheduler,3,0,400.8,10240.0,35,27.337
2026-06-08T06:33:18.554598+00:00,scheduler,0,0,699.9,10240.0,50,97.186
2026-06-08T06:33:18.554598+00:00,scheduler,1,0,376.8,10240.0,39,24.594
2026-06-08T06:33:18.554598+00:00,scheduler,2,0,400.8,10240.0,35,19.305
2026-06-08T06:33:18.554598+00:00,scheduler,3,0,400.8,10240.0,35,27.427
2026-06-08T06:33:23.555190+00:00,scheduler,0,0,699.9,10240.0,49,98.193
2026-06-08T06:33:23.555190+00:00,scheduler,1,0,376.8,10240.0,39,24.638
2026-06-08T06:33:23.555190+00:00,scheduler,2,0,400.8,10240.0,35,19.371
2026-06-08T06:33:23.555190+00:00,scheduler,3,0,400.8,10240.0,35,27.418
2026-06-08T06:33:28.556023+00:00,scheduler,0,0,699.9,10240.0,44,24.259
2026-06-08T06:33:28.556023+00:00,scheduler,1,0,376.8,10240.0,39,24.739
2026-06-08T06:33:28.556023+00:00,scheduler,2,0,400.8,10240.0,35,19.519
2026-06-08T06:33:28.556023+00:00,scheduler,3,0,400.8,10240.0,35,27.322
2026-06-08T06:33:33.556943+00:00,scheduler,0,0,699.9,10240.0,43,23.86
2026-06-08T06:33:33.556943+00:00,scheduler,1,0,376.8,10240.0,39,24.638
2026-06-08T06:33:33.556943+00:00,scheduler,2,0,400.8,10240.0,35,19.422
2026-06-08T06:33:33.556943+00:00,scheduler,3,0,400.8,10240.0,35,27.28
2026-06-08T06:33:38.557815+00:00,scheduler,0,0,699.9,10240.0,42,23.79
2026-06-08T06:33:38.557815+00:00,scheduler,1,0,376.8,10240.0,39,24.69
2026-06-08T06:33:38.557815+00:00,scheduler,2,0,400.8,10240.0,35,19.322
2026-06-08T06:33:38.557815+00:00,scheduler,3,0,400.8,10240.0,35,27.219
2026-06-08T06:33:43.558650+00:00,scheduler,0,0,699.9,10240.0,41,23.636
2026-06-08T06:33:43.558650+00:00,scheduler,1,0,376.8,10240.0,39,24.802
2026-06-08T06:33:43.558650+00:00,scheduler,2,0,400.8,10240.0,35,19.489
2026-06-08T06:33:43.558650+00:00,scheduler,3,0,400.8,10240.0,35,27.35
2026-06-08T06:33:48.559373+00:00,scheduler,0,10,8721.9,10240.0,48,175.736
2026-06-08T06:33:48.559373+00:00,scheduler,1,0,376.8,10240.0,39,24.759
2026-06-08T06:33:48.559373+00:00,scheduler,2,0,400.8,10240.0,35,19.49
2026-06-08T06:33:48.559373+00:00,scheduler,3,0,400.8,10240.0,35,27.383
2026-06-08T06:33:53.560243+00:00,scheduler,0,60,2031.9,10240.0,46,97.109
2026-06-08T06:33:53.560243+00:00,scheduler,1,0,376.8,10240.0,39,24.779
2026-06-08T06:33:53.560243+00:00,scheduler,2,0,400.8,10240.0,35,19.471
2026-06-08T06:33:53.560243+00:00,scheduler,3,0,400.8,10240.0,35,27.256
2026-06-08T06:33:58.561076+00:00,scheduler,0,100,8837.9,10240.0,58,318.324
2026-06-08T06:33:58.561076+00:00,scheduler,1,0,376.8,10240.0,39,25.087
2026-06-08T06:33:58.561076+00:00,scheduler,2,0,400.8,10240.0,35,19.752
2026-06-08T06:33:58.561076+00:00,scheduler,3,0,400.8,10240.0,35,27.357
2026-06-08T06:34:03.561676+00:00,scheduler,0,100,8837.9,10240.0,59,318.543
2026-06-08T06:34:03.561676+00:00,scheduler,1,0,376.8,10240.0,39,24.974
2026-06-08T06:34:03.561676+00:00,scheduler,2,0,400.8,10240.0,35,19.797
2026-06-08T06:34:03.561676+00:00,scheduler,3,0,400.8,10240.0,35,27.694
2026-06-08T06:34:08.562228+00:00,scheduler,0,100,8837.9,10240.0,60,318.931
2026-06-08T06:34:08.562228+00:00,scheduler,1,0,376.8,10240.0,39,24.875
2026-06-08T06:34:08.562228+00:00,scheduler,2,0,400.8,10240.0,35,19.685
2026-06-08T06:34:08.562228+00:00,scheduler,3,0,400.8,10240.0,35,27.492
2026-06-08T06:34:13.562714+00:00,scheduler,0,100,8837.9,10240.0,61,318.482
2026-06-08T06:34:13.562714+00:00,scheduler,1,0,376.8,10240.0,39,24.917
2026-06-08T06:34:13.562714+00:00,scheduler,2,0,400.8,10240.0,35,19.779
2026-06-08T06:34:13.562714+00:00,scheduler,3,0,400.8,10240.0,35,27.315
2026-06-08T06:34:18.563275+00:00,scheduler,0,100,8837.9,10240.0,62,318.438
2026-06-08T06:34:18.563275+00:00,scheduler,1,0,376.8,10240.0,39,25.082
2026-06-08T06:34:18.563275+00:00,scheduler,2,0,400.8,10240.0,35,19.847
2026-06-08T06:34:18.563275+00:00,scheduler,3,0,400.8,10240.0,35,27.321
2026-06-08T06:34:23.563760+00:00,scheduler,0,100,8837.9,10240.0,63,318.538
2026-06-08T06:34:23.563760+00:00,scheduler,1,0,376.8,10240.0,39,25.013
2026-06-08T06:34:23.563760+00:00,scheduler,2,0,400.8,10240.0,35,19.881
2026-06-08T06:34:23.563760+00:00,scheduler,3,0,400.8,10240.0,35,27.478
2026-06-08T06:34:28.564235+00:00,scheduler,0,100,8837.9,10240.0,63,318.635
2026-06-08T06:34:28.564235+00:00,scheduler,1,0,376.8,10240.0,39,24.9
2026-06-08T06:34:28.564235+00:00,scheduler,2,0,400.8,10240.0,35,19.895
2026-06-08T06:34:28.564235+00:00,scheduler,3,0,400.8,10240.0,35,27.424
2026-06-08T06:34:33.564712+00:00,scheduler,0,100,8837.9,10240.0,64,318.933
2026-06-08T06:34:33.564712+00:00,scheduler,1,0,376.8,10240.0,39,25.067
2026-06-08T06:34:33.564712+00:00,scheduler,2,0,400.8,10240.0,35,19.875
2026-06-08T06:34:33.564712+00:00,scheduler,3,0,400.8,10240.0,35,27.485
2026-06-08T06:34:38.565271+00:00,scheduler,0,12,8837.9,10240.0,54,117.652
2026-06-08T06:34:38.565271+00:00,scheduler,1,0,376.8,10240.0,39,24.714
2026-06-08T06:34:38.565271+00:00,scheduler,2,0,400.8,10240.0,35,19.557
2026-06-08T06:34:38.565271+00:00,scheduler,3,0,400.8,10240.0,35,27.532
2026-06-08T06:34:43.566063+00:00,scheduler,0,0,699.9,10240.0,53,117.157
2026-06-08T06:34:43.566063+00:00,scheduler,1,0,376.8,10240.0,39,24.644
2026-06-08T06:34:43.566063+00:00,scheduler,2,0,400.8,10240.0,35,19.415
2026-06-08T06:34:43.566063+00:00,scheduler,3,0,400.8,10240.0,35,27.59
2026-06-08T06:34:48.566815+00:00,scheduler,0,0,699.9,10240.0,51,97.961
2026-06-08T06:34:48.566815+00:00,scheduler,1,0,376.8,10240.0,39,24.689
2026-06-08T06:34:48.566815+00:00,scheduler,2,0,400.8,10240.0,35,19.359
2026-06-08T06:34:48.566815+00:00,scheduler,3,0,400.8,10240.0,35,27.527
2026-06-08T06:34:53.567537+00:00,scheduler,0,0,699.9,10240.0,50,97.414
2026-06-08T06:34:53.567537+00:00,scheduler,1,0,376.8,10240.0,39,24.774
2026-06-08T06:34:53.567537+00:00,scheduler,2,0,400.8,10240.0,35,19.613
2026-06-08T06:34:53.567537+00:00,scheduler,3,0,400.8,10240.0,35,27.4
2026-06-08T06:34:58.568230+00:00,scheduler,0,0,699.9,10240.0,49,96.864
2026-06-08T06:34:58.568230+00:00,scheduler,1,0,376.8,10240.0,39,24.65
2026-06-08T06:34:58.568230+00:00,scheduler,2,0,400.8,10240.0,35,19.423
2026-06-08T06:34:58.568230+00:00,scheduler,3,0,400.8,10240.0,35,27.282
2026-06-08T06:35:03.568846+00:00,scheduler,0,0,699.9,10240.0,45,24.033
2026-06-08T06:35:03.568846+00:00,scheduler,1,0,376.8,10240.0,39,24.659
2026-06-08T06:35:03.568846+00:00,scheduler,2,0,400.8,10240.0,35,19.438
2026-06-08T06:35:03.568846+00:00,scheduler,3,0,400.8,10240.0,35,27.353
2026-06-08T06:35:08.569361+00:00,scheduler,0,0,699.9,10240.0,43,24.057
2026-06-08T06:35:08.569361+00:00,scheduler,1,0,376.8,10240.0,39,24.751
2026-06-08T06:35:08.569361+00:00,scheduler,2,0,400.8,10240.0,35,19.564
2026-06-08T06:35:08.569361+00:00,scheduler,3,0,400.8,10240.0,35,27.363
2026-06-08T06:35:13.569849+00:00,scheduler,0,0,699.9,10240.0,43,23.85
2026-06-08T06:35:13.569849+00:00,scheduler,1,0,376.8,10240.0,39,24.573
2026-06-08T06:35:13.569849+00:00,scheduler,2,0,400.8,10240.0,35,19.442
2026-06-08T06:35:13.569849+00:00,scheduler,3,0,400.8,10240.0,35,27.271
2026-06-08T06:35:18.570595+00:00,scheduler,0,0,699.9,10240.0,42,23.673
2026-06-08T06:35:18.570595+00:00,scheduler,1,0,376.8,10240.0,39,24.663
2026-06-08T06:35:18.570595+00:00,scheduler,2,0,400.8,10240.0,35,19.472
2026-06-08T06:35:18.570595+00:00,scheduler,3,0,400.8,10240.0,35,27.369
2026-06-08T06:35:23.571175+00:00,scheduler,0,0,699.9,10240.0,41,23.806
2026-06-08T06:35:23.571175+00:00,scheduler,1,0,376.8,10240.0,39,24.836
2026-06-08T06:35:23.571175+00:00,scheduler,2,0,400.8,10240.0,35,19.592
2026-06-08T06:35:23.571175+00:00,scheduler,3,0,400.8,10240.0,35,27.372
2026-06-08T06:35:28.571869+00:00,scheduler,0,0,699.9,10240.0,40,23.499
2026-06-08T06:35:28.571869+00:00,scheduler,1,0,376.8,10240.0,39,24.719
2026-06-08T06:35:28.571869+00:00,scheduler,2,0,400.8,10240.0,35,19.549
2026-06-08T06:35:28.571869+00:00,scheduler,3,0,400.8,10240.0,35,27.649
2026-06-08T06:35:33.572728+00:00,scheduler,0,0,699.9,10240.0,40,23.546
2026-06-08T06:35:33.572728+00:00,scheduler,1,0,376.8,10240.0,39,24.7
2026-06-08T06:35:33.572728+00:00,scheduler,2,0,400.8,10240.0,35,19.388
2026-06-08T06:35:33.572728+00:00,scheduler,3,0,400.8,10240.0,35,27.328
2026-06-08T06:35:38.573488+00:00,scheduler,0,0,699.9,10240.0,39,23.515
2026-06-08T06:35:38.573488+00:00,scheduler,1,0,376.8,10240.0,39,24.611
2026-06-08T06:35:38.573488+00:00,scheduler,2,0,400.8,10240.0,35,19.414
2026-06-08T06:35:38.573488+00:00,scheduler,3,0,400.8,10240.0,35,27.384
2026-06-08T06:35:43.574273+00:00,scheduler,0,0,699.9,10240.0,39,23.429
2026-06-08T06:35:43.574273+00:00,scheduler,1,0,376.8,10240.0,39,24.761
2026-06-08T06:35:43.574273+00:00,scheduler,2,0,400.8,10240.0,35,19.536
2026-06-08T06:35:43.574273+00:00,scheduler,3,0,400.8,10240.0,35,27.264
2026-06-08T06:35:48.574957+00:00,scheduler,0,0,699.9,10240.0,39,23.311
2026-06-08T06:35:48.574957+00:00,scheduler,1,0,376.8,10240.0,39,24.6
2026-06-08T06:35:48.574957+00:00,scheduler,2,0,400.8,10240.0,35,19.5
2026-06-08T06:35:48.574957+00:00,scheduler,3,0,400.8,10240.0,35,27.43
2026-06-08T06:35:53.575607+00:00,scheduler,0,0,699.9,10240.0,38,23.385
2026-06-08T06:35:53.575607+00:00,scheduler,1,0,376.8,10240.0,39,24.575
2026-06-08T06:35:53.575607+00:00,scheduler,2,0,400.8,10240.0,35,19.422
2026-06-08T06:35:53.575607+00:00,scheduler,3,0,400.8,10240.0,35,27.403
2026-06-08T06:35:58.576121+00:00,scheduler,0,0,699.9,10240.0,38,23.235
2026-06-08T06:35:58.576121+00:00,scheduler,1,0,376.8,10240.0,39,24.789
2026-06-08T06:35:58.576121+00:00,scheduler,2,0,400.8,10240.0,35,19.479
2026-06-08T06:35:58.576121+00:00,scheduler,3,0,400.8,10240.0,35,27.381
2026-06-08T06:36:03.576845+00:00,scheduler,0,0,699.9,10240.0,38,23.169
2026-06-08T06:36:03.576845+00:00,scheduler,1,0,376.8,10240.0,39,24.622
2026-06-08T06:36:03.576845+00:00,scheduler,2,0,400.8,10240.0,35,19.485
2026-06-08T06:36:03.576845+00:00,scheduler,3,0,400.8,10240.0,35,27.367
2026-06-08T06:36:08.577725+00:00,scheduler,0,0,699.9,10240.0,38,23.356
2026-06-08T06:36:08.577725+00:00,scheduler,1,0,376.8,10240.0,39,24.6
2026-06-08T06:36:08.577725+00:00,scheduler,2,0,400.8,10240.0,35,19.414
2026-06-08T06:36:08.577725+00:00,scheduler,3,0,400.8,10240.0,35,27.334
2026-06-08T06:36:13.578270+00:00,scheduler,0,0,699.9,10240.0,37,23.194
2026-06-08T06:36:13.578270+00:00,scheduler,1,0,376.8,10240.0,39,24.689
2026-06-08T06:36:13.578270+00:00,scheduler,2,0,400.8,10240.0,35,19.332
2026-06-08T06:36:13.578270+00:00,scheduler,3,0,400.8,10240.0,35,27.367
2026-06-08T06:36:18.578773+00:00,scheduler,0,0,699.9,10240.0,37,23.193
2026-06-08T06:36:18.578773+00:00,scheduler,1,0,376.8,10240.0,39,24.775
2026-06-08T06:36:18.578773+00:00,scheduler,2,0,400.8,10240.0,35,19.423
2026-06-08T06:36:18.578773+00:00,scheduler,3,0,400.8,10240.0,35,27.469
2026-06-08T06:36:23.579243+00:00,scheduler,0,0,699.9,10240.0,37,23.165
2026-06-08T06:36:23.579243+00:00,scheduler,1,0,376.8,10240.0,39,24.655
2026-06-08T06:36:23.579243+00:00,scheduler,2,0,400.8,10240.0,35,19.273
2026-06-08T06:36:23.579243+00:00,scheduler,3,0,400.8,10240.0,35,27.416
2026-06-08T06:36:28.579860+00:00,scheduler,0,0,699.9,10240.0,37,23.174
2026-06-08T06:36:28.579860+00:00,scheduler,1,0,376.8,10240.0,39,24.606
2026-06-08T06:36:28.579860+00:00,scheduler,2,0,400.8,10240.0,35,19.356
2026-06-08T06:36:28.579860+00:00,scheduler,3,0,400.8,10240.0,35,27.557
2026-06-08T06:36:33.580690+00:00,scheduler,0,0,699.9,10240.0,37,23.136
2026-06-08T06:36:33.580690+00:00,scheduler,1,0,376.8,10240.0,39,24.762
2026-06-08T06:36:33.580690+00:00,scheduler,2,0,400.8,10240.0,35,19.582
2026-06-08T06:36:33.580690+00:00,scheduler,3,0,400.8,10240.0,35,27.325
2026-06-08T06:36:38.584291+00:00,scheduler,0,0,699.9,10240.0,37,23.128
2026-06-08T06:36:38.584291+00:00,scheduler,1,0,376.8,10240.0,39,24.564
2026-06-08T06:36:38.584291+00:00,scheduler,2,0,400.8,10240.0,35,19.406
2026-06-08T06:36:38.584291+00:00,scheduler,3,0,400.8,10240.0,35,27.459
2026-06-08T06:36:43.586006+00:00,scheduler,0,0,699.9,10240.0,37,23.25
2026-06-08T06:36:43.586006+00:00,scheduler,1,0,376.8,10240.0,39,24.635
2026-06-08T06:36:43.586006+00:00,scheduler,2,0,400.8,10240.0,35,19.446
2026-06-08T06:36:43.586006+00:00,scheduler,3,0,400.8,10240.0,35,27.563
2026-06-08T06:36:48.593362+00:00,scheduler,0,0,699.9,10240.0,37,23.076
2026-06-08T06:36:48.593362+00:00,scheduler,1,0,376.8,10240.0,39,24.763
2026-06-08T06:36:48.593362+00:00,scheduler,2,0,400.8,10240.0,35,19.587
2026-06-08T06:36:48.593362+00:00,scheduler,3,0,400.8,10240.0,35,27.425
2026-06-08T06:36:53.606361+00:00,scheduler,0,0,699.9,10240.0,36,23.096
2026-06-08T06:36:53.606361+00:00,scheduler,1,0,376.8,10240.0,39,24.595
2026-06-08T06:36:53.606361+00:00,scheduler,2,0,400.8,10240.0,35,19.418
2026-06-08T06:36:53.606361+00:00,scheduler,3,0,400.8,10240.0,35,27.499
2026-06-08T06:36:58.607015+00:00,scheduler,0,0,699.9,10240.0,36,23.03
2026-06-08T06:36:58.607015+00:00,scheduler,1,0,376.8,10240.0,39,24.798
2026-06-08T06:36:58.607015+00:00,scheduler,2,0,400.8,10240.0,35,19.415
2026-06-08T06:36:58.607015+00:00,scheduler,3,0,400.8,10240.0,35,27.509
2026-06-08T06:37:03.607704+00:00,scheduler,0,0,699.9,10240.0,36,22.993
2026-06-08T06:37:03.607704+00:00,scheduler,1,0,376.8,10240.0,39,24.708
2026-06-08T06:37:03.607704+00:00,scheduler,2,0,400.8,10240.0,35,19.515
2026-06-08T06:37:03.607704+00:00,scheduler,3,0,400.8,10240.0,35,27.456
2026-06-08T06:37:08.608499+00:00,scheduler,0,0,699.9,10240.0,36,22.99
2026-06-08T06:37:08.608499+00:00,scheduler,1,0,376.8,10240.0,39,24.638
2026-06-08T06:37:08.608499+00:00,scheduler,2,0,400.8,10240.0,35,19.492
2026-06-08T06:37:08.608499+00:00,scheduler,3,0,400.8,10240.0,35,27.469
2026-06-08T06:37:13.609229+00:00,scheduler,0,0,699.9,10240.0,36,23.133
2026-06-08T06:37:13.609229+00:00,scheduler,1,0,376.8,10240.0,39,24.602
2026-06-08T06:37:13.609229+00:00,scheduler,2,0,400.8,10240.0,35,19.62
2026-06-08T06:37:13.609229+00:00,scheduler,3,0,400.8,10240.0,35,27.555
2026-06-08T06:37:18.609767+00:00,scheduler,0,0,699.9,10240.0,36,23.044
2026-06-08T06:37:18.609767+00:00,scheduler,1,0,376.8,10240.0,39,24.766
2026-06-08T06:37:18.609767+00:00,scheduler,2,0,400.8,10240.0,35,19.528
2026-06-08T06:37:18.609767+00:00,scheduler,3,0,400.8,10240.0,35,27.348
2026-06-08T06:37:23.610370+00:00,scheduler,0,0,921.1,10240.0,41,93.621
2026-06-08T06:37:23.610370+00:00,scheduler,1,0,376.8,10240.0,39,24.696
2026-06-08T06:37:23.610370+00:00,scheduler,2,0,400.8,10240.0,35,19.44
2026-06-08T06:37:23.610370+00:00,scheduler,3,0,400.8,10240.0,35,27.436
2026-06-08T06:37:28.611022+00:00,scheduler,0,0,921.1,10240.0,41,93.935
2026-06-08T06:37:28.611022+00:00,scheduler,1,0,390.9,10240.0,39,24.696
2026-06-08T06:37:28.611022+00:00,scheduler,2,0,400.8,10240.0,35,19.368
2026-06-08T06:37:28.611022+00:00,scheduler,3,0,400.8,10240.0,35,27.502
2026-06-08T06:37:33.632396+00:00,scheduler,0,0,921.1,10240.0,42,93.888
2026-06-08T06:37:33.632396+00:00,scheduler,1,0,597.9,10240.0,48,99.773
2026-06-08T06:37:33.632396+00:00,scheduler,2,0,400.8,10240.0,35,19.684
2026-06-08T06:37:33.632396+00:00,scheduler,3,0,621.9,10240.0,41,96.723
2026-06-08T06:37:38.633088+00:00,scheduler,0,0,921.1,10240.0,38,24.914
2026-06-08T06:37:38.633088+00:00,scheduler,1,0,597.9,10240.0,49,100.455
2026-06-08T06:37:38.633088+00:00,scheduler,2,0,400.8,10240.0,35,19.445
2026-06-08T06:37:38.633088+00:00,scheduler,3,0,621.9,10240.0,42,97.082
2026-06-08T06:37:43.633641+00:00,scheduler,0,0,921.1,10240.0,37,23.15
2026-06-08T06:37:43.633641+00:00,scheduler,1,0,597.9,10240.0,50,100.893
2026-06-08T06:37:43.633641+00:00,scheduler,2,0,400.8,10240.0,35,19.419
2026-06-08T06:37:43.633641+00:00,scheduler,3,0,621.9,10240.0,43,97.322
2026-06-08T06:37:48.634127+00:00,scheduler,0,0,921.1,10240.0,37,23.234
2026-06-08T06:37:48.634127+00:00,scheduler,1,0,597.9,10240.0,44,36.335
2026-06-08T06:37:48.634127+00:00,scheduler,2,0,621.9,10240.0,40,90.352
2026-06-08T06:37:48.634127+00:00,scheduler,3,0,621.9,10240.0,43,97.562
2026-06-08T06:37:53.634683+00:00,scheduler,0,0,921.1,10240.0,37,23.092
2026-06-08T06:37:53.634683+00:00,scheduler,1,0,597.9,10240.0,41,24.93
2026-06-08T06:37:53.634683+00:00,scheduler,2,0,621.9,10240.0,41,91.043
2026-06-08T06:37:53.634683+00:00,scheduler,3,0,621.9,10240.0,38,27.743
2026-06-08T06:37:58.635236+00:00,scheduler,0,0,921.1,10240.0,37,23.112
2026-06-08T06:37:58.635236+00:00,scheduler,1,0,597.9,10240.0,41,24.779
2026-06-08T06:37:58.635236+00:00,scheduler,2,0,621.9,10240.0,42,91.293
2026-06-08T06:37:58.635236+00:00,scheduler,3,0,621.9,10240.0,37,27.697
2026-06-08T06:38:03.635768+00:00,scheduler,0,0,921.1,10240.0,37,23.154
2026-06-08T06:38:03.635768+00:00,scheduler,1,0,597.9,10240.0,40,24.706
2026-06-08T06:38:03.635768+00:00,scheduler,2,0,621.9,10240.0,43,91.446
2026-06-08T06:38:03.635768+00:00,scheduler,3,0,621.9,10240.0,37,27.66
2026-06-08T06:38:08.636580+00:00,scheduler,0,0,921.1,10240.0,37,23.127
2026-06-08T06:38:08.636580+00:00,scheduler,1,0,597.9,10240.0,40,24.779
2026-06-08T06:38:08.636580+00:00,scheduler,2,0,621.9,10240.0,38,19.661
2026-06-08T06:38:08.636580+00:00,scheduler,3,0,621.9,10240.0,37,27.514
2026-06-08T06:38:13.637222+00:00,scheduler,0,100,9017.1,10240.0,46,118.062
2026-06-08T06:38:13.637222+00:00,scheduler,1,30,7753.9,10240.0,48,100.45
2026-06-08T06:38:13.637222+00:00,scheduler,2,0,621.9,10240.0,37,19.758
2026-06-08T06:38:13.637222+00:00,scheduler,3,0,621.9,10240.0,37,27.638
2026-06-08T06:38:18.637907+00:00,scheduler,0,12,9017.1,10240.0,42,95.445
2026-06-08T06:38:18.637907+00:00,scheduler,1,12,8693.9,10240.0,50,101.053
2026-06-08T06:38:18.637907+00:00,scheduler,2,0,621.9,10240.0,37,19.604
2026-06-08T06:38:18.637907+00:00,scheduler,3,30,7961.9,10240.0,42,97.927
2026-06-08T06:38:23.638434+00:00,scheduler,0,100,9131.1,10240.0,55,318.214
2026-06-08T06:38:23.638434+00:00,scheduler,1,32,6609.9,10240.0,53,126.335
2026-06-08T06:38:23.638434+00:00,scheduler,2,0,621.9,10240.0,37,19.739
2026-06-08T06:38:23.638434+00:00,scheduler,3,12,8717.9,10240.0,44,97.683
2026-06-08T06:38:28.638898+00:00,scheduler,0,100,9133.1,10240.0,57,319.346
2026-06-08T06:38:28.638898+00:00,scheduler,1,100,8809.9,10240.0,70,280.969
2026-06-08T06:38:28.638898+00:00,scheduler,2,0,621.9,10240.0,37,19.972
2026-06-08T06:38:28.638898+00:00,scheduler,3,100,8831.9,10240.0,49,129.206
2026-06-08T06:38:33.639451+00:00,scheduler,0,100,9133.1,10240.0,58,319.39
2026-06-08T06:38:33.639451+00:00,scheduler,1,100,8809.9,10240.0,70,264.476
2026-06-08T06:38:33.639451+00:00,scheduler,2,0,621.9,10240.0,37,19.742
2026-06-08T06:38:33.639451+00:00,scheduler,3,100,8833.9,10240.0,69,318.719
2026-06-08T06:38:38.640101+00:00,scheduler,0,100,9133.1,10240.0,59,319.265
2026-06-08T06:38:38.640101+00:00,scheduler,1,100,8809.9,10240.0,70,261.93
2026-06-08T06:38:38.640101+00:00,scheduler,2,0,621.9,10240.0,36,19.844
2026-06-08T06:38:38.640101+00:00,scheduler,3,100,8833.9,10240.0,71,318.848
2026-06-08T06:38:43.640783+00:00,scheduler,0,100,9133.1,10240.0,60,318.441
2026-06-08T06:38:43.640783+00:00,scheduler,1,100,8809.9,10240.0,70,255.807
2026-06-08T06:38:43.640783+00:00,scheduler,2,0,621.9,10240.0,36,19.901
2026-06-08T06:38:43.640783+00:00,scheduler,3,100,8833.9,10240.0,72,318.451
2026-06-08T06:38:48.641461+00:00,scheduler,0,100,9133.1,10240.0,61,319.199
2026-06-08T06:38:48.641461+00:00,scheduler,1,100,8809.9,10240.0,71,258.571
2026-06-08T06:38:48.641461+00:00,scheduler,2,0,621.9,10240.0,36,19.923
2026-06-08T06:38:48.641461+00:00,scheduler,3,100,8833.9,10240.0,73,318.122
2026-06-08T06:38:53.643346+00:00,scheduler,0,100,9133.1,10240.0,62,317.64
2026-06-08T06:38:53.643346+00:00,scheduler,1,100,8809.9,10240.0,71,252.474
2026-06-08T06:38:53.643346+00:00,scheduler,2,0,621.9,10240.0,36,19.812
2026-06-08T06:38:53.643346+00:00,scheduler,3,100,8833.9,10240.0,74,318.004
2026-06-08T06:38:58.643930+00:00,scheduler,0,100,9133.1,10240.0,63,318.502
2026-06-08T06:38:58.643930+00:00,scheduler,1,100,8809.9,10240.0,71,254.127
2026-06-08T06:38:58.643930+00:00,scheduler,2,0,621.9,10240.0,36,19.816
2026-06-08T06:38:58.643930+00:00,scheduler,3,100,8833.9,10240.0,75,319.162
2026-06-08T06:39:03.644567+00:00,scheduler,0,12,9133.1,10240.0,55,119.322
2026-06-08T06:39:03.644567+00:00,scheduler,1,100,8809.9,10240.0,72,250.203
2026-06-08T06:39:03.644567+00:00,scheduler,2,11,8717.9,10240.0,45,129.099
2026-06-08T06:39:03.644567+00:00,scheduler,3,100,8833.9,10240.0,75,312.305
2026-06-08T06:39:08.645131+00:00,scheduler,0,5,5005.1,10240.0,52,97.942
2026-06-08T06:39:08.645131+00:00,scheduler,1,100,8809.9,10240.0,72,247.025
2026-06-08T06:39:08.645131+00:00,scheduler,2,5,8717.9,10240.0,43,92.209
2026-06-08T06:39:08.645131+00:00,scheduler,3,100,8833.9,10240.0,75,312.566
2026-06-08T06:39:13.647153+00:00,scheduler,0,0,1001.1,10240.0,51,99.361
2026-06-08T06:39:13.647153+00:00,scheduler,1,5,8809.9,10240.0,59,106.389
2026-06-08T06:39:13.647153+00:00,scheduler,2,100,8831.9,10240.0,57,191.689
2026-06-08T06:39:13.647153+00:00,scheduler,3,5,8833.9,10240.0,55,100.741
2026-06-08T06:39:18.652065+00:00,scheduler,0,0,1001.1,10240.0,50,97.176
2026-06-08T06:39:18.652065+00:00,scheduler,1,5,8809.9,10240.0,58,105.419
2026-06-08T06:39:18.652065+00:00,scheduler,2,100,8833.9,10240.0,66,318.259
2026-06-08T06:39:18.652065+00:00,scheduler,3,5,8833.9,10240.0,53,100.243
2026-06-08T06:39:23.665687+00:00,scheduler,0,0,1001.1,10240.0,50,96.668
2026-06-08T06:39:23.665687+00:00,scheduler,1,0,677.9,10240.0,59,113.74
2026-06-08T06:39:23.665687+00:00,scheduler,2,100,8833.9,10240.0,67,299.757
2026-06-08T06:39:23.665687+00:00,scheduler,3,0,701.9,10240.0,55,124.256
2026-06-08T06:39:28.666259+00:00,scheduler,0,0,1001.1,10240.0,45,29.507
2026-06-08T06:39:28.666259+00:00,scheduler,1,0,677.9,10240.0,58,105.272
2026-06-08T06:39:28.666259+00:00,scheduler,2,100,8833.9,10240.0,67,288.037
2026-06-08T06:39:28.666259+00:00,scheduler,3,0,701.9,10240.0,52,99.398
2026-06-08T06:39:33.666906+00:00,scheduler,0,0,1001.1,10240.0,44,23.968
2026-06-08T06:39:33.666906+00:00,scheduler,1,0,677.9,10240.0,57,104.88
2026-06-08T06:39:33.666906+00:00,scheduler,2,100,8833.9,10240.0,68,285.547
2026-06-08T06:39:33.666906+00:00,scheduler,3,0,701.9,10240.0,51,99.081
2026-06-08T06:39:38.667639+00:00,scheduler,0,12,9021.1,10240.0,49,158.454
2026-06-08T06:39:38.667639+00:00,scheduler,1,0,677.9,10240.0,52,85.935
2026-06-08T06:39:38.667639+00:00,scheduler,2,100,8833.9,10240.0,69,279.522
2026-06-08T06:39:38.667639+00:00,scheduler,3,0,701.9,10240.0,50,98.526
2026-06-08T06:39:43.668332+00:00,scheduler,0,6,9021.1,10240.0,47,96.969
2026-06-08T06:39:43.668332+00:00,scheduler,1,0,677.9,10240.0,49,25.739
2026-06-08T06:39:43.668332+00:00,scheduler,2,100,8833.9,10240.0,69,276.164
2026-06-08T06:39:43.668332+00:00,scheduler,3,0,701.9,10240.0,44,28.15
2026-06-08T06:39:48.669021+00:00,scheduler,0,100,9137.1,10240.0,58,319.225
2026-06-08T06:39:48.669021+00:00,scheduler,1,0,677.9,10240.0,47,25.689
2026-06-08T06:39:48.669021+00:00,scheduler,2,100,8833.9,10240.0,69,270.715
2026-06-08T06:39:48.669021+00:00,scheduler,3,0,701.9,10240.0,43,28.104
2026-06-08T06:39:53.669740+00:00,scheduler,0,100,9137.1,10240.0,60,318.615
2026-06-08T06:39:53.669740+00:00,scheduler,1,0,677.9,10240.0,47,25.59
2026-06-08T06:39:53.669740+00:00,scheduler,2,100,8833.9,10240.0,69,266.666
2026-06-08T06:39:53.669740+00:00,scheduler,3,0,701.9,10240.0,42,27.886
2026-06-08T06:39:58.670559+00:00,scheduler,0,100,9137.1,10240.0,61,318.922
2026-06-08T06:39:58.670559+00:00,scheduler,1,0,677.9,10240.0,46,25.604
2026-06-08T06:39:58.670559+00:00,scheduler,2,10,8833.9,10240.0,56,109.443
2026-06-08T06:39:58.670559+00:00,scheduler,3,11,8721.9,10240.0,50,161.34
2026-06-08T06:40:03.671185+00:00,scheduler,0,100,9137.1,10240.0,62,318.796
2026-06-08T06:40:03.671185+00:00,scheduler,1,8,8697.9,10240.0,59,175.775
2026-06-08T06:40:03.671185+00:00,scheduler,2,1,701.9,10240.0,56,158.101
2026-06-08T06:40:03.671185+00:00,scheduler,3,8,1221.9,10240.0,47,97.81
2026-06-08T06:40:08.671785+00:00,scheduler,0,100,9137.1,10240.0,62,318.795
2026-06-08T06:40:08.671785+00:00,scheduler,1,9,8697.9,10240.0,55,103.44
2026-06-08T06:40:08.671785+00:00,scheduler,2,0,701.9,10240.0,52,96.101
2026-06-08T06:40:08.671785+00:00,scheduler,3,100,8837.9,10240.0,70,318.619
2026-06-08T06:40:13.672396+00:00,scheduler,0,100,9137.1,10240.0,63,319.774
2026-06-08T06:40:13.672396+00:00,scheduler,1,100,8813.9,10240.0,73,276.379
2026-06-08T06:40:13.672396+00:00,scheduler,2,0,701.9,10240.0,51,94.981
2026-06-08T06:40:13.672396+00:00,scheduler,3,100,8837.9,10240.0,72,318.118
2026-06-08T06:40:18.673022+00:00,scheduler,0,100,9137.1,10240.0,64,319.433
2026-06-08T06:40:18.673022+00:00,scheduler,1,100,8813.9,10240.0,71,258.81
2026-06-08T06:40:18.673022+00:00,scheduler,2,0,701.9,10240.0,51,94.192
2026-06-08T06:40:18.673022+00:00,scheduler,3,100,8837.9,10240.0,73,318.815
2026-06-08T06:40:23.673508+00:00,scheduler,0,100,9137.1,10240.0,64,317.881
2026-06-08T06:40:23.673508+00:00,scheduler,1,100,8813.9,10240.0,72,253.113
2026-06-08T06:40:23.673508+00:00,scheduler,2,0,701.9,10240.0,45,21.022
2026-06-08T06:40:23.673508+00:00,scheduler,3,100,8837.9,10240.0,74,318.528
2026-06-08T06:40:28.674274+00:00,scheduler,0,8,9137.1,10240.0,56,119.742
2026-06-08T06:40:28.674274+00:00,scheduler,1,100,8813.9,10240.0,72,249.722
2026-06-08T06:40:28.674274+00:00,scheduler,2,0,701.9,10240.0,44,20.476
2026-06-08T06:40:28.674274+00:00,scheduler,3,100,8837.9,10240.0,75,318.074
2026-06-08T06:40:33.674870+00:00,scheduler,0,8,9137.1,10240.0,52,98.146
2026-06-08T06:40:33.674870+00:00,scheduler,1,100,8813.9,10240.0,72,252.556
2026-06-08T06:40:33.674870+00:00,scheduler,2,0,701.9,10240.0,43,20.768
2026-06-08T06:40:33.674870+00:00,scheduler,3,100,8837.9,10240.0,75,316.014
2026-06-08T06:40:38.675555+00:00,scheduler,0,0,999.1,10240.0,51,102.473
2026-06-08T06:40:38.675555+00:00,scheduler,1,100,8813.9,10240.0,72,245.755
2026-06-08T06:40:38.675555+00:00,scheduler,2,0,701.9,10240.0,42,20.497
2026-06-08T06:40:38.675555+00:00,scheduler,3,100,8837.9,10240.0,75,312.434
2026-06-08T06:40:43.676250+00:00,scheduler,0,0,999.1,10240.0,50,96.893
2026-06-08T06:40:43.676250+00:00,scheduler,1,100,8813.9,10240.0,73,246.512
2026-06-08T06:40:43.676250+00:00,scheduler,2,0,701.9,10240.0,41,20.118
2026-06-08T06:40:43.676250+00:00,scheduler,3,100,8837.9,10240.0,76,316.424
2026-06-08T06:40:48.676951+00:00,scheduler,0,0,999.1,10240.0,50,96.63
2026-06-08T06:40:48.676951+00:00,scheduler,1,100,8813.9,10240.0,73,244.488
2026-06-08T06:40:48.676951+00:00,scheduler,2,0,701.9,10240.0,40,20.15
2026-06-08T06:40:48.676951+00:00,scheduler,3,16,8837.9,10240.0,60,130.595
2026-06-08T06:40:53.677569+00:00,scheduler,0,0,999.1,10240.0,45,26.177
2026-06-08T06:40:53.677569+00:00,scheduler,1,100,8813.9,10240.0,73,242.819
2026-06-08T06:40:53.677569+00:00,scheduler,2,0,701.9,10240.0,40,20.134
2026-06-08T06:40:53.677569+00:00,scheduler,3,5,8837.9,10240.0,54,100.468
2026-06-08T06:40:58.678345+00:00,scheduler,0,0,999.1,10240.0,44,24.099
2026-06-08T06:40:58.678345+00:00,scheduler,1,12,8813.9,10240.0,66,153.179
2026-06-08T06:40:58.678345+00:00,scheduler,2,19,3539.9,10240.0,42,37.444
2026-06-08T06:40:58.678345+00:00,scheduler,3,0,699.9,10240.0,54,111.984
2026-06-08T06:41:03.679013+00:00,scheduler,0,0,999.1,10240.0,43,23.787
2026-06-08T06:41:03.679013+00:00,scheduler,1,57,2819.9,10240.0,61,107.542
2026-06-08T06:41:03.679013+00:00,scheduler,2,65,8721.9,10240.0,48,99.642
2026-06-08T06:41:03.679013+00:00,scheduler,3,0,699.9,10240.0,52,99.435
2026-06-08T06:41:08.679619+00:00,scheduler,0,0,999.1,10240.0,42,23.571
2026-06-08T06:41:08.679619+00:00,scheduler,1,0,675.9,10240.0,60,106.954
2026-06-08T06:41:08.679619+00:00,scheduler,2,5,8721.9,10240.0,46,93.191
2026-06-08T06:41:08.679619+00:00,scheduler,3,0,699.9,10240.0,51,99.155
2026-06-08T06:41:13.680280+00:00,scheduler,0,39,9021.1,10240.0,47,162.279
2026-06-08T06:41:13.680280+00:00,scheduler,1,0,675.9,10240.0,59,105.948
2026-06-08T06:41:13.680280+00:00,scheduler,2,29,3435.9,10240.0,48,107.565
2026-06-08T06:41:13.680280+00:00,scheduler,3,0,699.9,10240.0,49,96.45
2026-06-08T06:41:18.680869+00:00,scheduler,0,9,1187.1,10240.0,47,100.507
2026-06-08T06:41:18.680869+00:00,scheduler,1,0,675.9,10240.0,59,105.455
2026-06-08T06:41:18.680869+00:00,scheduler,2,100,8837.9,10240.0,65,319.045
2026-06-08T06:41:18.680869+00:00,scheduler,3,0,699.9,10240.0,44,28.304
2026-06-08T06:41:23.681522+00:00,scheduler,0,12,9135.1,10240.0,51,107.098
2026-06-08T06:41:23.681522+00:00,scheduler,1,0,675.9,10240.0,51,25.853
2026-06-08T06:41:23.681522+00:00,scheduler,2,100,8837.9,10240.0,68,302.92
2026-06-08T06:41:23.681522+00:00,scheduler,3,0,699.9,10240.0,43,28.086
2026-06-08T06:41:28.681948+00:00,scheduler,0,100,9137.1,10240.0,59,318.261
2026-06-08T06:41:28.681948+00:00,scheduler,1,0,675.9,10240.0,49,25.566
2026-06-08T06:41:28.681948+00:00,scheduler,2,100,8837.9,10240.0,68,289.172
2026-06-08T06:41:28.681948+00:00,scheduler,3,0,1441.9,10240.0,42,28.145
2026-06-08T06:41:33.682460+00:00,scheduler,0,100,9137.1,10240.0,60,319.209
2026-06-08T06:41:33.682460+00:00,scheduler,1,0,675.9,10240.0,48,25.462
2026-06-08T06:41:33.682460+00:00,scheduler,2,100,8837.9,10240.0,68,280.051
2026-06-08T06:41:33.682460+00:00,scheduler,3,10,8721.9,10240.0,50,122.794
2026-06-08T06:41:38.683018+00:00,scheduler,0,100,9137.1,10240.0,61,318.541
2026-06-08T06:41:38.683018+00:00,scheduler,1,0,675.9,10240.0,47,25.544
2026-06-08T06:41:38.683018+00:00,scheduler,2,100,8837.9,10240.0,69,277.531
2026-06-08T06:41:38.683018+00:00,scheduler,3,100,8837.9,10240.0,65,215.912
2026-06-08T06:41:43.686750+00:00,scheduler,0,100,9137.1,10240.0,62,318.537
2026-06-08T06:41:43.686750+00:00,scheduler,1,0,675.9,10240.0,47,25.452
2026-06-08T06:41:43.686750+00:00,scheduler,2,100,8837.9,10240.0,69,271.023
2026-06-08T06:41:43.686750+00:00,scheduler,3,100,8837.9,10240.0,72,318.896
2026-06-08T06:41:48.687349+00:00,scheduler,0,100,9137.1,10240.0,62,318.675
2026-06-08T06:41:48.687349+00:00,scheduler,1,0,675.9,10240.0,46,25.277
2026-06-08T06:41:48.687349+00:00,scheduler,2,100,8837.9,10240.0,70,267.499
2026-06-08T06:41:48.687349+00:00,scheduler,3,100,8837.9,10240.0,73,319.294
2026-06-08T06:41:53.687886+00:00,scheduler,0,100,9137.1,10240.0,63,318.967
2026-06-08T06:41:53.687886+00:00,scheduler,1,0,675.9,10240.0,46,25.248
2026-06-08T06:41:53.687886+00:00,scheduler,2,100,8837.9,10240.0,70,266.843
2026-06-08T06:41:53.687886+00:00,scheduler,3,100,8837.9,10240.0,74,319.386
2026-06-08T06:41:58.688601+00:00,scheduler,0,100,9137.1,10240.0,63,318.481
2026-06-08T06:41:58.688601+00:00,scheduler,1,0,675.9,10240.0,45,25.439
2026-06-08T06:41:58.688601+00:00,scheduler,2,100,8837.9,10240.0,70,266.592
2026-06-08T06:41:58.688601+00:00,scheduler,3,100,8837.9,10240.0,74,317.89
2026-06-08T06:42:03.689265+00:00,scheduler,0,100,9137.1,10240.0,64,318.646
2026-06-08T06:42:03.689265+00:00,scheduler,1,0,675.9,10240.0,45,25.254
2026-06-08T06:42:03.689265+00:00,scheduler,2,8,8837.9,10240.0,55,99.822
2026-06-08T06:42:03.689265+00:00,scheduler,3,100,8837.9,10240.0,74,309.266
2026-06-08T06:42:08.689876+00:00,scheduler,0,8,9137.1,10240.0,53,98.781
2026-06-08T06:42:08.689876+00:00,scheduler,1,0,675.9,10240.0,44,25.094
2026-06-08T06:42:08.689876+00:00,scheduler,2,0,699.9,10240.0,54,112.16
2026-06-08T06:42:08.689876+00:00,scheduler,3,100,8837.9,10240.0,75,314.271
2026-06-08T06:42:13.690601+00:00,scheduler,0,0,999.1,10240.0,52,106.567
2026-06-08T06:42:13.690601+00:00,scheduler,1,12,5589.9,10240.0,52,101.407
2026-06-08T06:42:13.690601+00:00,scheduler,2,0,699.9,10240.0,52,95.53
2026-06-08T06:42:13.690601+00:00,scheduler,3,100,8837.9,10240.0,75,314.788
2026-06-08T06:42:18.691172+00:00,scheduler,0,0,999.1,10240.0,51,97.23
2026-06-08T06:42:18.691172+00:00,scheduler,1,9,8697.9,10240.0,57,129.258
2026-06-08T06:42:18.691172+00:00,scheduler,2,0,699.9,10240.0,51,94.81
2026-06-08T06:42:18.691172+00:00,scheduler,3,100,8837.9,10240.0,76,315.182
2026-06-08T06:42:23.691810+00:00,scheduler,0,0,999.1,10240.0,50,97.213
2026-06-08T06:42:23.691810+00:00,scheduler,1,31,4509.9,10240.0,56,117.75
2026-06-08T06:42:23.691810+00:00,scheduler,2,0,699.9,10240.0,47,54.433
2026-06-08T06:42:23.691810+00:00,scheduler,3,11,8837.9,10240.0,55,101.091
2026-06-08T06:42:28.692452+00:00,scheduler,0,0,999.1,10240.0,46,80.749
2026-06-08T06:42:28.692452+00:00,scheduler,1,100,8813.9,10240.0,72,269.766
2026-06-08T06:42:28.692452+00:00,scheduler,2,0,699.9,10240.0,44,20.833
2026-06-08T06:42:28.692452+00:00,scheduler,3,0,699.9,10240.0,56,126.76
2026-06-08T06:42:33.693165+00:00,scheduler,0,0,999.1,10240.0,44,24.186
2026-06-08T06:42:33.693165+00:00,scheduler,1,100,8813.9,10240.0,71,258.847
2026-06-08T06:42:33.693165+00:00,scheduler,2,0,699.9,10240.0,43,20.892
2026-06-08T06:42:33.693165+00:00,scheduler,3,0,699.9,10240.0,53,99.974
2026-06-08T06:42:38.693707+00:00,scheduler,0,0,999.1,10240.0,43,23.845
2026-06-08T06:42:38.693707+00:00,scheduler,1,100,8813.9,10240.0,71,254.1
2026-06-08T06:42:38.693707+00:00,scheduler,2,0,699.9,10240.0,42,20.533
2026-06-08T06:42:38.693707+00:00,scheduler,3,0,699.9,10240.0,51,99.093
2026-06-08T06:42:43.694411+00:00,scheduler,0,0,999.1,10240.0,42,24.08
2026-06-08T06:42:43.694411+00:00,scheduler,1,100,8813.9,10240.0,72,252.108
2026-06-08T06:42:43.694411+00:00,scheduler,2,0,699.9,10240.0,41,20.38
2026-06-08T06:42:43.694411+00:00,scheduler,3,0,699.9,10240.0,51,98.729
2026-06-08T06:42:48.695058+00:00,scheduler,0,0,999.1,10240.0,41,23.783
2026-06-08T06:42:48.695058+00:00,scheduler,1,100,8813.9,10240.0,72,248.771
2026-06-08T06:42:48.695058+00:00,scheduler,2,12,3993.9,10240.0,46,92.888
2026-06-08T06:42:48.695058+00:00,scheduler,3,0,699.9,10240.0,44,28.348
2026-06-08T06:42:53.695712+00:00,scheduler,0,0,999.1,10240.0,41,23.823
2026-06-08T06:42:53.695712+00:00,scheduler,1,100,8813.9,10240.0,72,244.556
2026-06-08T06:42:53.695712+00:00,scheduler,2,11,8721.9,10240.0,48,114.303
2026-06-08T06:42:53.695712+00:00,scheduler,3,0,699.9,10240.0,43,28.097
2026-06-08T06:42:58.697606+00:00,scheduler,0,0,999.1,10240.0,40,23.576
2026-06-08T06:42:58.697606+00:00,scheduler,1,100,8813.9,10240.0,72,242.899
2026-06-08T06:42:58.697606+00:00,scheduler,2,32,5937.9,10240.0,49,113.549
2026-06-08T06:42:58.697606+00:00,scheduler,3,0,699.9,10240.0,42,28.163
2026-06-08T06:43:03.698126+00:00,scheduler,0,0,999.1,10240.0,40,23.433
2026-06-08T06:43:03.698126+00:00,scheduler,1,100,8813.9,10240.0,73,243.319
2026-06-08T06:43:03.698126+00:00,scheduler,2,100,8837.9,10240.0,67,319.0
2026-06-08T06:43:03.698126+00:00,scheduler,3,0,699.9,10240.0,41,27.859
2026-06-08T06:43:08.698620+00:00,scheduler,0,0,999.1,10240.0,39,23.533
2026-06-08T06:43:08.698620+00:00,scheduler,1,100,8813.9,10240.0,73,243.32
2026-06-08T06:43:08.698620+00:00,scheduler,2,100,8837.9,10240.0,68,292.67
2026-06-08T06:43:08.698620+00:00,scheduler,3,0,699.9,10240.0,40,27.855
2026-06-08T06:43:13.699153+00:00,scheduler,0,0,999.1,10240.0,39,23.48
2026-06-08T06:43:13.699153+00:00,scheduler,1,8,8813.9,10240.0,61,108.542
2026-06-08T06:43:13.699153+00:00,scheduler,2,100,8837.9,10240.0,68,283.741
2026-06-08T06:43:13.699153+00:00,scheduler,3,0,699.9,10240.0,40,27.742
2026-06-08T06:43:18.699839+00:00,scheduler,0,0,999.1,10240.0,38,23.372
2026-06-08T06:43:18.699839+00:00,scheduler,1,0,675.9,10240.0,63,134.355
2026-06-08T06:43:18.699839+00:00,scheduler,2,100,8837.9,10240.0,69,281.261
2026-06-08T06:43:18.699839+00:00,scheduler,3,0,699.9,10240.0,39,27.766
2026-06-08T06:43:23.700389+00:00,scheduler,0,0,999.1,10240.0,38,23.413
2026-06-08T06:43:23.700389+00:00,scheduler,1,0,675.9,10240.0,59,105.64
2026-06-08T06:43:23.700389+00:00,scheduler,2,100,8837.9,10240.0,69,276.168
2026-06-08T06:43:23.700389+00:00,scheduler,3,0,699.9,10240.0,39,27.745
2026-06-08T06:43:28.700932+00:00,scheduler,0,0,999.1,10240.0,38,23.41
2026-06-08T06:43:28.700932+00:00,scheduler,1,0,675.9,10240.0,59,104.981
2026-06-08T06:43:28.700932+00:00,scheduler,2,100,8837.9,10240.0,70,269.523
2026-06-08T06:43:28.700932+00:00,scheduler,3,0,699.9,10240.0,38,27.663
2026-06-08T06:43:33.701405+00:00,scheduler,0,0,999.1,10240.0,38,23.39
2026-06-08T06:43:33.701405+00:00,scheduler,1,0,675.9,10240.0,58,105.431
2026-06-08T06:43:33.701405+00:00,scheduler,2,100,8837.9,10240.0,70,267.325
2026-06-08T06:43:33.701405+00:00,scheduler,3,0,699.9,10240.0,38,27.589
2026-06-08T06:43:38.701970+00:00,scheduler,0,0,999.1,10240.0,37,23.339
2026-06-08T06:43:38.701970+00:00,scheduler,1,0,675.9,10240.0,51,25.787
2026-06-08T06:43:38.701970+00:00,scheduler,2,100,8837.9,10240.0,70,268.572
2026-06-08T06:43:38.701970+00:00,scheduler,3,0,699.9,10240.0,38,27.741
2026-06-08T06:43:43.702506+00:00,scheduler,0,0,999.1,10240.0,37,23.407
2026-06-08T06:43:43.702506+00:00,scheduler,1,0,675.9,10240.0,49,25.424
2026-06-08T06:43:43.702506+00:00,scheduler,2,8,8837.9,10240.0,63,207.112
2026-06-08T06:43:43.702506+00:00,scheduler,3,0,699.9,10240.0,38,27.645
2026-06-08T06:43:48.703028+00:00,scheduler,0,0,999.1,10240.0,37,23.405
2026-06-08T06:43:48.703028+00:00,scheduler,1,0,675.9,10240.0,48,25.315
2026-06-08T06:43:48.703028+00:00,scheduler,2,5,8837.9,10240.0,55,98.711
2026-06-08T06:43:48.703028+00:00,scheduler,3,0,699.9,10240.0,38,27.534
2026-06-08T06:43:53.703624+00:00,scheduler,0,0,999.1,10240.0,37,23.357
2026-06-08T06:43:53.703624+00:00,scheduler,1,0,675.9,10240.0,47,25.073
2026-06-08T06:43:53.703624+00:00,scheduler,2,0,699.9,10240.0,54,110.94
2026-06-08T06:43:53.703624+00:00,scheduler,3,0,699.9,10240.0,37,27.639
2026-06-08T06:43:58.704291+00:00,scheduler,0,0,999.1,10240.0,37,23.313
2026-06-08T06:43:58.704291+00:00,scheduler,1,0,675.9,10240.0,46,25.132
2026-06-08T06:43:58.704291+00:00,scheduler,2,0,699.9,10240.0,52,95.592
2026-06-08T06:43:58.704291+00:00,scheduler,3,0,699.9,10240.0,37,27.619
2026-06-08T06:44:03.704880+00:00,scheduler,0,0,999.1,10240.0,37,23.325
2026-06-08T06:44:03.704880+00:00,scheduler,1,0,675.9,10240.0,46,24.806
2026-06-08T06:44:03.704880+00:00,scheduler,2,0,699.9,10240.0,51,94.399
2026-06-08T06:44:03.704880+00:00,scheduler,3,0,699.9,10240.0,37,27.57
2026-06-08T06:44:08.705412+00:00,scheduler,0,0,999.1,10240.0,37,23.357
2026-06-08T06:44:08.705412+00:00,scheduler,1,0,675.9,10240.0,45,24.975
2026-06-08T06:44:08.705412+00:00,scheduler,2,0,699.9,10240.0,49,89.828
2026-06-08T06:44:08.705412+00:00,scheduler,3,0,699.9,10240.0,37,27.462
2026-06-08T06:44:13.706308+00:00,scheduler,0,0,999.1,10240.0,37,23.302
2026-06-08T06:44:13.706308+00:00,scheduler,1,0,675.9,10240.0,45,24.735
2026-06-08T06:44:13.706308+00:00,scheduler,2,0,699.9,10240.0,45,20.461
2026-06-08T06:44:13.706308+00:00,scheduler,3,0,699.9,10240.0,37,27.343
2026-06-08T06:44:18.707034+00:00,scheduler,0,0,999.1,10240.0,36,23.278
2026-06-08T06:44:18.707034+00:00,scheduler,1,0,675.9,10240.0,45,24.89
2026-06-08T06:44:18.707034+00:00,scheduler,2,0,699.9,10240.0,43,20.306
2026-06-08T06:44:18.707034+00:00,scheduler,3,0,699.9,10240.0,37,27.475
2026-06-08T06:44:23.707715+00:00,scheduler,0,0,999.1,10240.0,36,23.258
2026-06-08T06:44:23.707715+00:00,scheduler,1,0,675.9,10240.0,44,24.894
2026-06-08T06:44:23.707715+00:00,scheduler,2,0,699.9,10240.0,42,20.217
2026-06-08T06:44:23.707715+00:00,scheduler,3,0,699.9,10240.0,37,27.546
2026-06-08T06:44:28.708293+00:00,scheduler,0,0,999.1,10240.0,36,23.318
2026-06-08T06:44:28.708293+00:00,scheduler,1,0,675.9,10240.0,44,24.776
2026-06-08T06:44:28.708293+00:00,scheduler,2,0,699.9,10240.0,42,19.802
2026-06-08T06:44:28.708293+00:00,scheduler,3,0,699.9,10240.0,36,27.546
2026-06-08T06:44:33.708876+00:00,scheduler,0,0,999.1,10240.0,36,23.128
2026-06-08T06:44:33.708876+00:00,scheduler,1,0,675.9,10240.0,44,24.755
2026-06-08T06:44:33.708876+00:00,scheduler,2,0,699.9,10240.0,41,19.639
2026-06-08T06:44:33.708876+00:00,scheduler,3,0,699.9,10240.0,36,27.479
2026-06-08T06:44:38.709457+00:00,scheduler,0,0,999.1,10240.0,36,23.202
2026-06-08T06:44:38.709457+00:00,scheduler,1,0,675.9,10240.0,43,24.786
2026-06-08T06:44:38.709457+00:00,scheduler,2,0,699.9,10240.0,40,19.835
2026-06-08T06:44:38.709457+00:00,scheduler,3,0,699.9,10240.0,36,27.486
2026-06-08T06:44:43.710071+00:00,scheduler,0,0,999.1,10240.0,36,23.476
2026-06-08T06:44:43.710071+00:00,scheduler,1,0,675.9,10240.0,43,24.785
2026-06-08T06:44:43.710071+00:00,scheduler,2,0,699.9,10240.0,40,19.657
2026-06-08T06:44:43.710071+00:00,scheduler,3,0,699.9,10240.0,36,27.344
2026-06-08T06:44:48.710718+00:00,scheduler,0,0,999.1,10240.0,36,23.284
2026-06-08T06:44:48.710718+00:00,scheduler,1,0,675.9,10240.0,43,24.754
2026-06-08T06:44:48.710718+00:00,scheduler,2,0,699.9,10240.0,39,19.584
2026-06-08T06:44:48.710718+00:00,scheduler,3,0,699.9,10240.0,36,27.543
2026-06-08T06:44:53.711253+00:00,scheduler,0,9,9021.1,10240.0,42,148.336
2026-06-08T06:44:53.711253+00:00,scheduler,1,0,675.9,10240.0,43,24.823
2026-06-08T06:44:53.711253+00:00,scheduler,2,0,699.9,10240.0,39,19.468
2026-06-08T06:44:53.711253+00:00,scheduler,3,0,699.9,10240.0,36,27.603
2026-06-08T06:44:58.711756+00:00,scheduler,0,12,9021.1,10240.0,41,94.243
2026-06-08T06:44:58.711756+00:00,scheduler,1,0,675.9,10240.0,42,24.73
2026-06-08T06:44:58.711756+00:00,scheduler,2,0,699.9,10240.0,39,19.541
2026-06-08T06:44:58.711756+00:00,scheduler,3,0,699.9,10240.0,36,27.51
2026-06-08T06:45:03.712261+00:00,scheduler,0,100,9137.1,10240.0,55,318.954
2026-06-08T06:45:03.712261+00:00,scheduler,1,0,675.9,10240.0,42,25.14
2026-06-08T06:45:03.712261+00:00,scheduler,2,0,699.9,10240.0,39,19.979
2026-06-08T06:45:03.712261+00:00,scheduler,3,0,699.9,10240.0,36,27.579
2026-06-08T06:45:08.712777+00:00,scheduler,0,100,9137.1,10240.0,56,318.605
2026-06-08T06:45:08.712777+00:00,scheduler,1,0,675.9,10240.0,42,24.945
2026-06-08T06:45:08.712777+00:00,scheduler,2,0,699.9,10240.0,38,19.705
2026-06-08T06:45:08.712777+00:00,scheduler,3,0,699.9,10240.0,36,27.437
2026-06-08T06:45:13.713422+00:00,scheduler,0,100,9137.1,10240.0,58,318.675
2026-06-08T06:45:13.713422+00:00,scheduler,1,0,675.9,10240.0,42,25.089
2026-06-08T06:45:13.713422+00:00,scheduler,2,0,699.9,10240.0,38,19.658
2026-06-08T06:45:13.713422+00:00,scheduler,3,0,699.9,10240.0,36,27.605
2026-06-08T06:45:18.713989+00:00,scheduler,0,100,9137.1,10240.0,59,319.167
2026-06-08T06:45:18.713989+00:00,scheduler,1,0,675.9,10240.0,42,25.237
2026-06-08T06:45:18.713989+00:00,scheduler,2,0,699.9,10240.0,38,19.797
2026-06-08T06:45:18.713989+00:00,scheduler,3,0,699.9,10240.0,36,27.494
2026-06-08T06:45:23.714704+00:00,scheduler,0,100,9137.1,10240.0,60,318.311
2026-06-08T06:45:23.714704+00:00,scheduler,1,0,675.9,10240.0,42,25.088
2026-06-08T06:45:23.714704+00:00,scheduler,2,0,699.9,10240.0,38,19.659
2026-06-08T06:45:23.714704+00:00,scheduler,3,0,699.9,10240.0,36,27.45
2026-06-08T06:45:28.715423+00:00,scheduler,0,100,9137.1,10240.0,61,318.645
2026-06-08T06:45:28.715423+00:00,scheduler,1,0,675.9,10240.0,41,25.236
2026-06-08T06:45:28.715423+00:00,scheduler,2,0,699.9,10240.0,38,19.564
2026-06-08T06:45:28.715423+00:00,scheduler,3,0,699.9,10240.0,36,27.67
2026-06-08T06:45:33.716101+00:00,scheduler,0,100,9137.1,10240.0,62,318.748
2026-06-08T06:45:33.716101+00:00,scheduler,1,0,675.9,10240.0,41,25.092
2026-06-08T06:45:33.716101+00:00,scheduler,2,0,699.9,10240.0,38,19.72
2026-06-08T06:45:33.716101+00:00,scheduler,3,0,699.9,10240.0,36,27.585
2026-06-08T06:45:38.716741+00:00,scheduler,0,100,9137.1,10240.0,63,318.665
2026-06-08T06:45:38.716741+00:00,scheduler,1,0,675.9,10240.0,41,25.053
2026-06-08T06:45:38.716741+00:00,scheduler,2,0,699.9,10240.0,37,19.646
2026-06-08T06:45:38.716741+00:00,scheduler,3,0,699.9,10240.0,36,27.389
2026-06-08T06:45:43.717278+00:00,scheduler,0,12,9137.1,10240.0,53,113.87
2026-06-08T06:45:43.717278+00:00,scheduler,1,0,675.9,10240.0,41,24.799
2026-06-08T06:45:43.717278+00:00,scheduler,2,0,699.9,10240.0,37,19.422
2026-06-08T06:45:43.717278+00:00,scheduler,3,0,699.9,10240.0,36,27.442
2026-06-08T06:45:48.717792+00:00,scheduler,0,22,999.1,10240.0,53,149.464
2026-06-08T06:45:48.717792+00:00,scheduler,1,0,675.9,10240.0,41,24.673
2026-06-08T06:45:48.717792+00:00,scheduler,2,0,2053.9,10240.0,37,19.322
2026-06-08T06:45:48.717792+00:00,scheduler,3,0,699.9,10240.0,36,27.59
2026-06-08T06:45:53.718257+00:00,scheduler,0,0,999.1,10240.0,51,97.664
2026-06-08T06:45:53.718257+00:00,scheduler,1,0,675.9,10240.0,41,24.753
2026-06-08T06:45:53.718257+00:00,scheduler,2,12,8741.9,10240.0,45,113.374
2026-06-08T06:45:53.718257+00:00,scheduler,3,0,699.9,10240.0,36,27.426
2026-06-08T06:45:58.718745+00:00,scheduler,0,0,999.1,10240.0,50,97.221
2026-06-08T06:45:58.718745+00:00,scheduler,1,0,675.9,10240.0,41,24.845
2026-06-08T06:45:58.718745+00:00,scheduler,2,5,8741.9,10240.0,44,92.064
2026-06-08T06:45:58.718745+00:00,scheduler,3,0,699.9,10240.0,36,27.523
2026-06-08T06:46:03.719240+00:00,scheduler,0,0,999.1,10240.0,49,96.768
2026-06-08T06:46:03.719240+00:00,scheduler,1,0,675.9,10240.0,41,24.738
2026-06-08T06:46:03.719240+00:00,scheduler,2,30,8857.9,10240.0,45,98.07
2026-06-08T06:46:03.719240+00:00,scheduler,3,0,699.9,10240.0,36,27.416
2026-06-08T06:46:08.719853+00:00,scheduler,0,0,999.1,10240.0,45,24.258
2026-06-08T06:46:08.719853+00:00,scheduler,1,0,675.9,10240.0,41,24.811
2026-06-08T06:46:08.719853+00:00,scheduler,2,100,8857.9,10240.0,66,318.667
2026-06-08T06:46:08.719853+00:00,scheduler,3,31,8377.9,10240.0,42,97.46
2026-06-08T06:46:13.720509+00:00,scheduler,0,0,999.1,10240.0,44,24.2
2026-06-08T06:46:13.720509+00:00,scheduler,1,0,675.9,10240.0,41,24.807
2026-06-08T06:46:13.720509+00:00,scheduler,2,100,8857.9,10240.0,67,299.566
2026-06-08T06:46:13.720509+00:00,scheduler,3,8,8721.9,10240.0,44,101.569
2026-06-08T06:46:18.721062+00:00,scheduler,0,0,999.1,10240.0,43,23.903
2026-06-08T06:46:18.721062+00:00,scheduler,1,0,675.9,10240.0,41,24.983
2026-06-08T06:46:18.721062+00:00,scheduler,2,100,8857.9,10240.0,68,287.455
2026-06-08T06:46:18.721062+00:00,scheduler,3,100,8837.9,10240.0,63,297.588
2026-06-08T06:46:23.721711+00:00,scheduler,0,55,9021.1,10240.0,54,175.338
2026-06-08T06:46:23.721711+00:00,scheduler,1,0,675.9,10240.0,41,24.874
2026-06-08T06:46:23.721711+00:00,scheduler,2,100,8857.9,10240.0,68,282.751
2026-06-08T06:46:23.721711+00:00,scheduler,3,100,8837.9,10240.0,70,318.712
2026-06-08T06:46:28.722302+00:00,scheduler,0,9,9021.1,10240.0,47,96.822
2026-06-08T06:46:28.722302+00:00,scheduler,1,0,675.9,10240.0,40,24.869
2026-06-08T06:46:28.722302+00:00,scheduler,2,100,8857.9,10240.0,68,273.869
2026-06-08T06:46:28.722302+00:00,scheduler,3,100,8837.9,10240.0,71,318.783
2026-06-08T06:46:33.722884+00:00,scheduler,0,100,9137.1,10240.0,59,319.27
2026-06-08T06:46:33.722884+00:00,scheduler,1,0,675.9,10240.0,40,24.97
2026-06-08T06:46:33.722884+00:00,scheduler,2,100,8857.9,10240.0,69,271.18
2026-06-08T06:46:33.722884+00:00,scheduler,3,100,8837.9,10240.0,72,318.547
2026-06-08T06:46:38.723489+00:00,scheduler,0,100,9137.1,10240.0,60,319.227
2026-06-08T06:46:38.723489+00:00,scheduler,1,0,675.9,10240.0,40,24.911
2026-06-08T06:46:38.723489+00:00,scheduler,2,100,8857.9,10240.0,70,271.289
2026-06-08T06:46:38.723489+00:00,scheduler,3,100,8837.9,10240.0,73,318.69
2026-06-08T06:46:43.724095+00:00,scheduler,0,100,9137.1,10240.0,61,318.084
2026-06-08T06:46:43.724095+00:00,scheduler,1,0,675.9,10240.0,40,24.831
2026-06-08T06:46:43.724095+00:00,scheduler,2,100,8857.9,10240.0,70,263.729
2026-06-08T06:46:43.724095+00:00,scheduler,3,100,8837.9,10240.0,74,318.724
2026-06-08T06:46:48.724698+00:00,scheduler,0,100,9137.1,10240.0,62,318.701
2026-06-08T06:46:48.724698+00:00,scheduler,1,0,675.9,10240.0,40,25.022
2026-06-08T06:46:48.724698+00:00,scheduler,2,6,8857.9,10240.0,59,126.727
2026-06-08T06:46:48.724698+00:00,scheduler,3,100,8837.9,10240.0,74,318.679
2026-06-08T06:46:53.725305+00:00,scheduler,0,100,9137.1,10240.0,63,318.464
2026-06-08T06:46:53.725305+00:00,scheduler,1,0,675.9,10240.0,40,25.038
2026-06-08T06:46:53.725305+00:00,scheduler,2,8,783.9,10240.0,54,98.163
2026-06-08T06:46:53.725305+00:00,scheduler,3,100,8837.9,10240.0,75,319.13
2026-06-08T06:46:58.725846+00:00,scheduler,0,100,9137.1,10240.0,63,318.688
2026-06-08T06:46:58.725846+00:00,scheduler,1,0,675.9,10240.0,40,24.911
2026-06-08T06:46:58.725846+00:00,scheduler,2,0,699.9,10240.0,53,99.236
2026-06-08T06:46:58.725846+00:00,scheduler,3,100,8837.9,10240.0,75,316.946
2026-06-08T06:47:03.726415+00:00,scheduler,0,100,9137.1,10240.0,64,318.721
2026-06-08T06:47:03.726415+00:00,scheduler,1,0,675.9,10240.0,40,24.978
2026-06-08T06:47:03.726415+00:00,scheduler,2,0,699.9,10240.0,52,95.733
2026-06-08T06:47:03.726415+00:00,scheduler,3,12,4817.9,10240.0,55,100.919
2026-06-08T06:47:08.727062+00:00,scheduler,0,100,9137.1,10240.0,64,318.895
2026-06-08T06:47:08.727062+00:00,scheduler,1,0,675.9,10240.0,40,25.023
2026-06-08T06:47:08.727062+00:00,scheduler,2,0,699.9,10240.0,51,94.782
2026-06-08T06:47:08.727062+00:00,scheduler,3,0,699.9,10240.0,53,106.898
2026-06-08T06:47:13.727653+00:00,scheduler,0,9,9137.1,10240.0,55,118.144
2026-06-08T06:47:13.727653+00:00,scheduler,1,0,675.9,10240.0,40,24.853
2026-06-08T06:47:13.727653+00:00,scheduler,2,0,699.9,10240.0,46,21.784
2026-06-08T06:47:13.727653+00:00,scheduler,3,0,699.9,10240.0,52,99.803
2026-06-08T06:47:18.728383+00:00,scheduler,0,0,999.1,10240.0,54,139.6
2026-06-08T06:47:18.728383+00:00,scheduler,1,0,675.9,10240.0,40,24.632
2026-06-08T06:47:18.728383+00:00,scheduler,2,0,699.9,10240.0,44,20.688
2026-06-08T06:47:18.728383+00:00,scheduler,3,0,699.9,10240.0,51,99.298
2026-06-08T06:47:23.729070+00:00,scheduler,0,0,999.1,10240.0,51,98.091
2026-06-08T06:47:23.729070+00:00,scheduler,1,0,675.9,10240.0,40,24.678
2026-06-08T06:47:23.729070+00:00,scheduler,2,0,699.9,10240.0,43,20.304
2026-06-08T06:47:23.729070+00:00,scheduler,3,0,699.9,10240.0,46,42.759
2026-06-08T06:47:28.729811+00:00,scheduler,0,0,999.1,10240.0,50,97.245
2026-06-08T06:47:28.729811+00:00,scheduler,1,0,675.9,10240.0,40,24.645
2026-06-08T06:47:28.729811+00:00,scheduler,2,0,699.9,10240.0,42,20.154
2026-06-08T06:47:28.729811+00:00,scheduler,3,0,699.9,10240.0,44,28.345
2026-06-08T06:47:33.730492+00:00,scheduler,0,0,999.1,10240.0,50,97.085
2026-06-08T06:47:33.730492+00:00,scheduler,1,0,675.9,10240.0,40,24.601
2026-06-08T06:47:33.730492+00:00,scheduler,2,0,699.9,10240.0,41,19.944
2026-06-08T06:47:33.730492+00:00,scheduler,3,0,699.9,10240.0,43,28.192
2026-06-08T06:47:38.731108+00:00,scheduler,0,0,999.1,10240.0,45,24.159
2026-06-08T06:47:38.731108+00:00,scheduler,1,26,4085.9,10240.0,48,100.029
2026-06-08T06:47:38.731108+00:00,scheduler,2,12,5041.9,10240.0,46,92.948
2026-06-08T06:47:38.731108+00:00,scheduler,3,0,699.9,10240.0,42,28.014
2026-06-08T06:47:43.731781+00:00,scheduler,0,0,999.1,10240.0,44,23.961
2026-06-08T06:47:43.731781+00:00,scheduler,1,9,8717.9,10240.0,54,127.762
2026-06-08T06:47:43.731781+00:00,scheduler,2,8,8741.9,10240.0,50,118.093
2026-06-08T06:47:43.731781+00:00,scheduler,3,0,699.9,10240.0,41,27.755
2026-06-08T06:47:48.732686+00:00,scheduler,0,0,999.1,10240.0,43,23.798
2026-06-08T06:47:48.732686+00:00,scheduler,1,12,3593.9,10240.0,54,127.565
2026-06-08T06:47:48.732686+00:00,scheduler,2,29,3113.9,10240.0,49,111.092
2026-06-08T06:47:48.732686+00:00,scheduler,3,0,699.9,10240.0,40,27.737
2026-06-08T06:47:53.733423+00:00,scheduler,0,0,999.1,10240.0,42,23.75
2026-06-08T06:47:53.733423+00:00,scheduler,1,100,8833.9,10240.0,72,318.646
2026-06-08T06:47:53.733423+00:00,scheduler,2,100,8857.9,10240.0,67,318.853
2026-06-08T06:47:53.733423+00:00,scheduler,3,0,699.9,10240.0,40,27.782
2026-06-08T06:47:58.734156+00:00,scheduler,0,0,999.1,10240.0,41,23.673
2026-06-08T06:47:58.734156+00:00,scheduler,1,100,8833.9,10240.0,70,269.446
2026-06-08T06:47:58.734156+00:00,scheduler,2,100,8857.9,10240.0,68,293.86
2026-06-08T06:47:58.734156+00:00,scheduler,3,29,8531.9,10240.0,45,98.299
2026-06-08T06:48:03.734809+00:00,scheduler,0,0,999.1,10240.0,40,23.701
2026-06-08T06:48:03.734809+00:00,scheduler,1,100,8833.9,10240.0,70,261.762
2026-06-08T06:48:03.734809+00:00,scheduler,2,100,8857.9,10240.0,68,282.594
2026-06-08T06:48:03.734809+00:00,scheduler,3,8,8721.9,10240.0,47,98.638
2026-06-08T06:48:08.735417+00:00,scheduler,0,0,999.1,10240.0,40,23.65
2026-06-08T06:48:08.735417+00:00,scheduler,1,100,8833.9,10240.0,70,258.477
2026-06-08T06:48:08.735417+00:00,scheduler,2,100,8857.9,10240.0,69,277.063
2026-06-08T06:48:08.735417+00:00,scheduler,3,100,8837.9,10240.0,68,318.573
2026-06-08T06:48:13.735958+00:00,scheduler,0,0,999.1,10240.0,40,23.501
2026-06-08T06:48:13.735958+00:00,scheduler,1,100,8833.9,10240.0,71,259.591
2026-06-08T06:48:13.735958+00:00,scheduler,2,100,8857.9,10240.0,69,276.109
2026-06-08T06:48:13.735958+00:00,scheduler,3,100,8837.9,10240.0,72,318.836
2026-06-08T06:48:18.736455+00:00,scheduler,0,0,999.1,10240.0,39,23.522
2026-06-08T06:48:18.736455+00:00,scheduler,1,100,8833.9,10240.0,71,255.417
2026-06-08T06:48:18.736455+00:00,scheduler,2,100,8857.9,10240.0,69,270.58
2026-06-08T06:48:18.736455+00:00,scheduler,3,100,8837.9,10240.0,73,318.09
2026-06-08T06:48:23.736921+00:00,scheduler,0,0,3585.1,10240.0,43,38.608
2026-06-08T06:48:23.736921+00:00,scheduler,1,100,8833.9,10240.0,72,249.33
2026-06-08T06:48:23.736921+00:00,scheduler,2,100,8857.9,10240.0,70,269.398
2026-06-08T06:48:23.736921+00:00,scheduler,3,100,8837.9,10240.0,73,318.577
2026-06-08T06:48:28.737427+00:00,scheduler,0,9,9021.1,10240.0,44,95.804
2026-06-08T06:48:28.737427+00:00,scheduler,1,100,8833.9,10240.0,72,252.58
2026-06-08T06:48:28.737427+00:00,scheduler,2,100,8857.9,10240.0,70,266.587
2026-06-08T06:48:28.737427+00:00,scheduler,3,100,8837.9,10240.0,74,318.843
2026-06-08T06:48:33.738090+00:00,scheduler,0,100,9137.1,10240.0,56,319.394
2026-06-08T06:48:33.738090+00:00,scheduler,1,100,8833.9,10240.0,72,250.083
2026-06-08T06:48:33.738090+00:00,scheduler,2,100,8857.9,10240.0,66,247.646
2026-06-08T06:48:33.738090+00:00,scheduler,3,100,8837.9,10240.0,75,318.572
2026-06-08T06:48:38.738643+00:00,scheduler,0,100,9137.1,10240.0,58,318.173
2026-06-08T06:48:38.738643+00:00,scheduler,1,9,8833.9,10240.0,62,123.367
2026-06-08T06:48:38.738643+00:00,scheduler,2,9,8857.9,10240.0,55,99.43
2026-06-08T06:48:38.738643+00:00,scheduler,3,100,8837.9,10240.0,75,318.636
2026-06-08T06:48:43.739282+00:00,scheduler,0,100,9137.1,10240.0,59,319.291
2026-06-08T06:48:43.739282+00:00,scheduler,1,0,675.9,10240.0,63,166.293
2026-06-08T06:48:43.739282+00:00,scheduler,2,0,699.9,10240.0,54,109.158
2026-06-08T06:48:43.739282+00:00,scheduler,3,100,8837.9,10240.0,76,317.426
2026-06-08T06:48:48.739919+00:00,scheduler,0,100,9137.1,10240.0,60,319.12
2026-06-08T06:48:48.739919+00:00,scheduler,1,0,675.9,10240.0,59,105.875
2026-06-08T06:48:48.739919+00:00,scheduler,2,0,699.9,10240.0,52,96.181
2026-06-08T06:48:48.739919+00:00,scheduler,3,10,8837.9,10240.0,62,180.205
2026-06-08T06:48:53.740576+00:00,scheduler,0,100,9137.1,10240.0,61,318.593
2026-06-08T06:48:53.740576+00:00,scheduler,1,0,675.9,10240.0,58,105.338
2026-06-08T06:48:53.740576+00:00,scheduler,2,0,699.9,10240.0,52,95.458
2026-06-08T06:48:53.740576+00:00,scheduler,3,8,8837.9,10240.0,55,100.698
2026-06-08T06:48:58.741177+00:00,scheduler,0,100,9137.1,10240.0,62,318.631
2026-06-08T06:48:58.741177+00:00,scheduler,1,0,675.9,10240.0,58,105.013
2026-06-08T06:48:58.741177+00:00,scheduler,2,0,699.9,10240.0,51,94.258
2026-06-08T06:48:58.741177+00:00,scheduler,3,0,699.9,10240.0,53,105.463
2026-06-08T06:49:03.741765+00:00,scheduler,0,100,9137.1,10240.0,63,318.492
2026-06-08T06:49:03.741765+00:00,scheduler,1,0,675.9,10240.0,51,26.343
2026-06-08T06:49:03.741765+00:00,scheduler,2,0,699.9,10240.0,45,20.994
2026-06-08T06:49:03.741765+00:00,scheduler,3,0,699.9,10240.0,52,99.62
2026-06-08T06:49:08.742332+00:00,scheduler,0,100,9137.1,10240.0,63,319.101
2026-06-08T06:49:08.742332+00:00,scheduler,1,0,675.9,10240.0,49,25.983
2026-06-08T06:49:08.742332+00:00,scheduler,2,0,699.9,10240.0,43,20.616
2026-06-08T06:49:08.742332+00:00,scheduler,3,0,699.9,10240.0,51,99.369
2026-06-08T06:49:13.742986+00:00,scheduler,0,12,9137.1,10240.0,55,119.529
2026-06-08T06:49:13.742986+00:00,scheduler,1,0,675.9,10240.0,48,25.6
2026-06-08T06:49:13.742986+00:00,scheduler,2,0,699.9,10240.0,43,20.351
2026-06-08T06:49:13.742986+00:00,scheduler,3,0,699.9,10240.0,46,33.869
2026-06-08T06:49:18.743702+00:00,scheduler,0,5,1273.1,10240.0,52,99.527
2026-06-08T06:49:18.743702+00:00,scheduler,1,0,675.9,10240.0,47,25.16
2026-06-08T06:49:18.743702+00:00,scheduler,2,0,699.9,10240.0,42,19.993
2026-06-08T06:49:18.743702+00:00,scheduler,3,0,699.9,10240.0,44,28.195
2026-06-08T06:49:23.744268+00:00,scheduler,0,0,999.1,10240.0,51,98.041
2026-06-08T06:49:23.744268+00:00,scheduler,1,0,675.9,10240.0,46,25.121
2026-06-08T06:49:23.744268+00:00,scheduler,2,0,699.9,10240.0,41,20.016
2026-06-08T06:49:23.744268+00:00,scheduler,3,0,699.9,10240.0,43,28.247
2026-06-08T06:49:28.744826+00:00,scheduler,0,0,999.1,10240.0,50,97.255
2026-06-08T06:49:28.744826+00:00,scheduler,1,0,675.9,10240.0,46,25.085
2026-06-08T06:49:28.744826+00:00,scheduler,2,0,699.9,10240.0,41,19.873
2026-06-08T06:49:28.744826+00:00,scheduler,3,0,699.9,10240.0,42,28.023
2026-06-08T06:49:33.745600+00:00,scheduler,0,0,999.1,10240.0,49,96.729
2026-06-08T06:49:33.745600+00:00,scheduler,1,26,3853.9,10240.0,51,65.091
2026-06-08T06:49:33.745600+00:00,scheduler,2,0,699.9,10240.0,40,19.811
2026-06-08T06:49:33.745600+00:00,scheduler,3,0,699.9,10240.0,41,27.88
2026-06-08T06:49:38.746156+00:00,scheduler,0,0,999.1,10240.0,45,25.747
2026-06-08T06:49:38.746156+00:00,scheduler,1,9,8697.9,10240.0,56,119.247
2026-06-08T06:49:38.746156+00:00,scheduler,2,0,699.9,10240.0,40,19.6
2026-06-08T06:49:38.746156+00:00,scheduler,3,0,699.9,10240.0,40,28.029
2026-06-08T06:49:43.746860+00:00,scheduler,0,0,999.1,10240.0,44,24.131
2026-06-08T06:49:43.746860+00:00,scheduler,1,100,8813.9,10240.0,73,318.127
2026-06-08T06:49:43.746860+00:00,scheduler,2,0,699.9,10240.0,39,19.598
2026-06-08T06:49:43.746860+00:00,scheduler,3,31,6689.9,10240.0,45,98.611
2026-06-08T06:49:48.747561+00:00,scheduler,0,0,999.1,10240.0,43,23.958
2026-06-08T06:49:48.747561+00:00,scheduler,1,100,8813.9,10240.0,71,259.14
2026-06-08T06:49:48.747561+00:00,scheduler,2,0,699.9,10240.0,39,19.931
2026-06-08T06:49:48.747561+00:00,scheduler,3,8,8721.9,10240.0,47,98.594
2026-06-08T06:49:53.748157+00:00,scheduler,0,0,999.1,10240.0,42,23.836
2026-06-08T06:49:53.748157+00:00,scheduler,1,100,8813.9,10240.0,72,255.79
2026-06-08T06:49:53.748157+00:00,scheduler,2,51,8701.9,10240.0,53,136.903
2026-06-08T06:49:53.748157+00:00,scheduler,3,100,8837.9,10240.0,68,318.631
2026-06-08T06:49:58.748788+00:00,scheduler,0,0,999.1,10240.0,41,23.634
2026-06-08T06:49:58.748788+00:00,scheduler,1,100,8813.9,10240.0,72,252.657
2026-06-08T06:49:58.748788+00:00,scheduler,2,12,2663.9,10240.0,47,101.546
2026-06-08T06:49:58.748788+00:00,scheduler,3,100,8837.9,10240.0,72,318.343
2026-06-08T06:50:03.749430+00:00,scheduler,0,0,999.1,10240.0,41,23.46
2026-06-08T06:50:03.749430+00:00,scheduler,1,100,8813.9,10240.0,72,251.277
2026-06-08T06:50:03.749430+00:00,scheduler,2,100,8857.9,10240.0,66,318.796
2026-06-08T06:50:03.749430+00:00,scheduler,3,100,8837.9,10240.0,73,318.536
2026-06-08T06:50:08.750099+00:00,scheduler,0,0,999.1,10240.0,40,23.455
2026-06-08T06:50:08.750099+00:00,scheduler,1,100,8813.9,10240.0,72,248.776
2026-06-08T06:50:08.750099+00:00,scheduler,2,100,8857.9,10240.0,67,300.739
2026-06-08T06:50:08.750099+00:00,scheduler,3,100,8837.9,10240.0,74,318.607
2026-06-08T06:50:13.750762+00:00,scheduler,0,0,999.1,10240.0,40,23.511
2026-06-08T06:50:13.750762+00:00,scheduler,1,100,8813.9,10240.0,73,249.078
2026-06-08T06:50:13.750762+00:00,scheduler,2,100,8857.9,10240.0,67,286.626
2026-06-08T06:50:13.750762+00:00,scheduler,3,100,8837.9,10240.0,74,318.842
2026-06-08T06:50:18.751427+00:00,scheduler,0,0,999.1,10240.0,39,23.403
2026-06-08T06:50:18.751427+00:00,scheduler,1,100,8813.9,10240.0,73,243.642
2026-06-08T06:50:18.751427+00:00,scheduler,2,100,8857.9,10240.0,68,277.745
2026-06-08T06:50:18.751427+00:00,scheduler,3,100,8837.9,10240.0,75,319.118
2026-06-08T06:50:23.751989+00:00,scheduler,0,0,999.1,10240.0,39,23.435
2026-06-08T06:50:23.751989+00:00,scheduler,1,100,8813.9,10240.0,73,243.201
2026-06-08T06:50:23.751989+00:00,scheduler,2,100,8857.9,10240.0,69,277.527
2026-06-08T06:50:23.751989+00:00,scheduler,3,100,8837.9,10240.0,75,318.536
2026-06-08T06:50:28.752656+00:00,scheduler,0,0,999.1,10240.0,39,23.359
2026-06-08T06:50:28.752656+00:00,scheduler,1,9,8813.9,10240.0,66,142.014
2026-06-08T06:50:28.752656+00:00,scheduler,2,100,8857.9,10240.0,69,271.537
2026-06-08T06:50:28.752656+00:00,scheduler,3,100,8837.9,10240.0,76,318.791
2026-06-08T06:50:33.753280+00:00,scheduler,0,0,999.1,10240.0,38,23.396
2026-06-08T06:50:33.753280+00:00,scheduler,1,10,1221.9,10240.0,61,110.071
2026-06-08T06:50:33.753280+00:00,scheduler,2,100,8857.9,10240.0,70,267.733
2026-06-08T06:50:33.753280+00:00,scheduler,3,8,8837.9,10240.0,61,131.501
2026-06-08T06:50:38.753969+00:00,scheduler,0,0,999.1,10240.0,38,23.398
2026-06-08T06:50:38.753969+00:00,scheduler,1,0,675.9,10240.0,60,106.717
2026-06-08T06:50:38.753969+00:00,scheduler,2,100,8857.9,10240.0,70,268.005
2026-06-08T06:50:38.753969+00:00,scheduler,3,9,8837.9,10240.0,54,100.764
2026-06-08T06:50:43.754568+00:00,scheduler,0,0,999.1,10240.0,38,23.341
2026-06-08T06:50:43.754568+00:00,scheduler,1,0,675.9,10240.0,59,106.027
2026-06-08T06:50:43.754568+00:00,scheduler,2,22,8857.9,10240.0,62,151.668
2026-06-08T06:50:43.754568+00:00,scheduler,3,0,699.9,10240.0,53,106.935
2026-06-08T06:50:48.755169+00:00,scheduler,0,0,999.1,10240.0,38,23.375
2026-06-08T06:50:48.755169+00:00,scheduler,1,0,675.9,10240.0,58,106.159
2026-06-08T06:50:48.755169+00:00,scheduler,2,10,783.9,10240.0,60,143.219
2026-06-08T06:50:48.755169+00:00,scheduler,3,0,699.9,10240.0,52,99.823
2026-06-08T06:50:53.755699+00:00,scheduler,0,0,999.1,10240.0,38,23.166
2026-06-08T06:50:53.755699+00:00,scheduler,1,0,675.9,10240.0,52,26.537
2026-06-08T06:50:53.755699+00:00,scheduler,2,0,699.9,10240.0,53,97.214
2026-06-08T06:50:53.755699+00:00,scheduler,3,0,699.9,10240.0,51,99.465
2026-06-08T06:50:58.756189+00:00,scheduler,0,0,999.1,10240.0,37,23.101
2026-06-08T06:50:58.756189+00:00,scheduler,1,0,675.9,10240.0,49,25.386
2026-06-08T06:50:58.756189+00:00,scheduler,2,0,699.9,10240.0,52,95.416
2026-06-08T06:50:58.756189+00:00,scheduler,3,0,699.9,10240.0,46,60.532
2026-06-08T06:51:03.756719+00:00,scheduler,0,0,999.1,10240.0,37,23.109
2026-06-08T06:51:03.756719+00:00,scheduler,1,0,675.9,10240.0,48,25.466
2026-06-08T06:51:03.756719+00:00,scheduler,2,0,699.9,10240.0,51,94.569
2026-06-08T06:51:03.756719+00:00,scheduler,3,0,699.9,10240.0,44,28.28
2026-06-08T06:51:08.757374+00:00,scheduler,0,0,999.1,10240.0,37,23.231
2026-06-08T06:51:08.757374+00:00,scheduler,1,0,675.9,10240.0,47,25.235
2026-06-08T06:51:08.757374+00:00,scheduler,2,0,699.9,10240.0,46,20.703
2026-06-08T06:51:08.757374+00:00,scheduler,3,0,699.9,10240.0,43,28.059
2026-06-08T06:51:13.757867+00:00,scheduler,0,0,999.1,10240.0,37,23.128
2026-06-08T06:51:13.757867+00:00,scheduler,1,0,675.9,10240.0,47,25.134
2026-06-08T06:51:13.757867+00:00,scheduler,2,0,699.9,10240.0,44,20.188
2026-06-08T06:51:13.757867+00:00,scheduler,3,0,699.9,10240.0,42,28.142
2026-06-08T06:51:18.758420+00:00,scheduler,0,0,999.1,10240.0,37,23.141
2026-06-08T06:51:18.758420+00:00,scheduler,1,0,675.9,10240.0,46,25.043
2026-06-08T06:51:18.758420+00:00,scheduler,2,0,699.9,10240.0,43,19.98
2026-06-08T06:51:18.758420+00:00,scheduler,3,0,699.9,10240.0,41,27.973
2026-06-08T06:51:23.758963+00:00,scheduler,0,0,999.1,10240.0,37,23.501
2026-06-08T06:51:23.758963+00:00,scheduler,1,0,675.9,10240.0,46,25.119
2026-06-08T06:51:23.758963+00:00,scheduler,2,0,699.9,10240.0,42,19.729
2026-06-08T06:51:23.758963+00:00,scheduler,3,0,699.9,10240.0,41,27.808
2026-06-08T06:51:28.759573+00:00,scheduler,0,0,999.1,10240.0,37,23.229
2026-06-08T06:51:28.759573+00:00,scheduler,1,0,675.9,10240.0,45,25.101
2026-06-08T06:51:28.759573+00:00,scheduler,2,0,699.9,10240.0,41,19.799
2026-06-08T06:51:28.759573+00:00,scheduler,3,0,699.9,10240.0,40,27.856
2026-06-08T06:51:33.760100+00:00,scheduler,0,0,999.1,10240.0,37,23.082
2026-06-08T06:51:33.760100+00:00,scheduler,1,94,8697.9,10240.0,58,171.919
2026-06-08T06:51:33.760100+00:00,scheduler,2,0,699.9,10240.0,41,19.948
2026-06-08T06:51:33.760100+00:00,scheduler,3,0,699.9,10240.0,39,27.933
2026-06-08T06:51:38.760690+00:00,scheduler,0,0,999.1,10240.0,37,23.288
2026-06-08T06:51:38.760690+00:00,scheduler,1,32,4509.9,10240.0,57,126.471
2026-06-08T06:51:38.760690+00:00,scheduler,2,0,699.9,10240.0,40,19.526
2026-06-08T06:51:38.760690+00:00,scheduler,3,0,699.9,10240.0,39,27.859
2026-06-08T06:51:43.761109+00:00,scheduler,0,0,999.1,10240.0,37,23.38
2026-06-08T06:51:43.761109+00:00,scheduler,1,100,8813.9,10240.0,71,264.599
2026-06-08T06:51:43.761109+00:00,scheduler,2,0,699.9,10240.0,40,20.033
2026-06-08T06:51:43.761109+00:00,scheduler,3,0,699.9,10240.0,39,27.789
2026-06-08T06:51:48.761635+00:00,scheduler,0,0,999.1,10240.0,36,23.173
2026-06-08T06:51:48.761635+00:00,scheduler,1,100,8813.9,10240.0,71,258.855
2026-06-08T06:51:48.761635+00:00,scheduler,2,0,699.9,10240.0,39,19.696
2026-06-08T06:51:48.761635+00:00,scheduler,3,0,699.9,10240.0,38,27.905
2026-06-08T06:51:53.762084+00:00,scheduler,0,0,999.1,10240.0,36,23.183
2026-06-08T06:51:53.762084+00:00,scheduler,1,100,8813.9,10240.0,72,252.561
2026-06-08T06:51:53.762084+00:00,scheduler,2,0,699.9,10240.0,39,19.794
2026-06-08T06:51:53.762084+00:00,scheduler,3,0,699.9,10240.0,38,27.554
2026-06-08T06:51:58.762569+00:00,scheduler,0,0,999.1,10240.0,36,23.177
2026-06-08T06:51:58.762569+00:00,scheduler,1,100,8813.9,10240.0,72,252.421
2026-06-08T06:51:58.762569+00:00,scheduler,2,0,699.9,10240.0,39,19.818
2026-06-08T06:51:58.762569+00:00,scheduler,3,0,699.9,10240.0,38,27.704
2026-06-08T06:52:03.763072+00:00,scheduler,0,0,999.1,10240.0,36,23.152
2026-06-08T06:52:03.763072+00:00,scheduler,1,100,8813.9,10240.0,72,246.702
2026-06-08T06:52:03.763072+00:00,scheduler,2,0,699.9,10240.0,39,19.902
2026-06-08T06:52:03.763072+00:00,scheduler,3,0,699.9,10240.0,38,27.635
2026-06-08T06:52:08.763672+00:00,scheduler,0,0,999.1,10240.0,36,23.2
2026-06-08T06:52:08.763672+00:00,scheduler,1,100,8813.9,10240.0,72,243.033
2026-06-08T06:52:08.763672+00:00,scheduler,2,0,699.9,10240.0,38,19.734
2026-06-08T06:52:08.763672+00:00,scheduler,3,0,699.9,10240.0,38,27.574
2026-06-08T06:52:13.764231+00:00,scheduler,0,0,999.1,10240.0,36,23.213
2026-06-08T06:52:13.764231+00:00,scheduler,1,100,8813.9,10240.0,72,246.687
2026-06-08T06:52:13.764231+00:00,scheduler,2,0,699.9,10240.0,38,19.662
2026-06-08T06:52:13.764231+00:00,scheduler,3,0,699.9,10240.0,37,27.397
2026-06-08T06:52:18.764724+00:00,scheduler,0,0,999.1,10240.0,36,23.3
2026-06-08T06:52:18.764724+00:00,scheduler,1,100,8813.9,10240.0,73,247.062
2026-06-08T06:52:18.764724+00:00,scheduler,2,0,699.9,10240.0,38,19.578
2026-06-08T06:52:18.764724+00:00,scheduler,3,0,699.9,10240.0,37,27.434
2026-06-08T06:52:23.765241+00:00,scheduler,0,0,999.1,10240.0,36,23.272
2026-06-08T06:52:23.765241+00:00,scheduler,1,100,8813.9,10240.0,73,243.087
2026-06-08T06:52:23.765241+00:00,scheduler,2,0,699.9,10240.0,38,19.623
2026-06-08T06:52:23.765241+00:00,scheduler,3,0,699.9,10240.0,37,27.615
2026-06-08T06:52:28.765908+00:00,scheduler,0,0,999.1,10240.0,36,23.132
2026-06-08T06:52:28.765908+00:00,scheduler,1,8,8813.9,10240.0,61,107.962
2026-06-08T06:52:28.765908+00:00,scheduler,2,0,699.9,10240.0,38,19.33
2026-06-08T06:52:28.765908+00:00,scheduler,3,0,699.9,10240.0,37,27.442
2026-06-08T06:52:33.766711+00:00,scheduler,0,0,999.1,10240.0,36,23.215
2026-06-08T06:52:33.766711+00:00,scheduler,1,0,675.9,10240.0,63,135.161
2026-06-08T06:52:33.766711+00:00,scheduler,2,0,699.9,10240.0,38,19.508
2026-06-08T06:52:33.766711+00:00,scheduler,3,0,699.9,10240.0,37,27.757
2026-06-08T06:52:38.767547+00:00,scheduler,0,0,999.1,10240.0,36,23.177
2026-06-08T06:52:38.767547+00:00,scheduler,1,0,675.9,10240.0,59,106.437
2026-06-08T06:52:38.767547+00:00,scheduler,2,0,699.9,10240.0,37,19.4
2026-06-08T06:52:38.767547+00:00,scheduler,3,0,699.9,10240.0,37,27.462
2026-06-08T06:52:43.768163+00:00,scheduler,0,0,999.1,10240.0,36,23.192
2026-06-08T06:52:43.768163+00:00,scheduler,1,0,675.9,10240.0,58,105.882
2026-06-08T06:52:43.768163+00:00,scheduler,2,0,699.9,10240.0,37,19.226
2026-06-08T06:52:43.768163+00:00,scheduler,3,0,699.9,10240.0,37,27.588
2026-06-08T06:52:48.768766+00:00,scheduler,0,0,999.1,10240.0,36,23.336
2026-06-08T06:52:48.768766+00:00,scheduler,1,0,675.9,10240.0,58,105.56
2026-06-08T06:52:48.768766+00:00,scheduler,2,0,699.9,10240.0,37,19.225
2026-06-08T06:52:48.768766+00:00,scheduler,3,0,699.9,10240.0,37,27.434
2026-06-08T06:52:53.769497+00:00,scheduler,0,0,999.1,10240.0,36,23.324
2026-06-08T06:52:53.769497+00:00,scheduler,1,0,675.9,10240.0,50,25.312
2026-06-08T06:52:53.769497+00:00,scheduler,2,0,699.9,10240.0,37,19.303
2026-06-08T06:52:53.769497+00:00,scheduler,3,0,699.9,10240.0,37,27.281
2026-06-08T06:52:58.770183+00:00,scheduler,0,0,999.1,10240.0,36,23.187
2026-06-08T06:52:58.770183+00:00,scheduler,1,0,675.9,10240.0,48,25.128
2026-06-08T06:52:58.770183+00:00,scheduler,2,0,699.9,10240.0,37,19.157
2026-06-08T06:52:58.770183+00:00,scheduler,3,28,2993.9,10240.0,42,96.802
2026-06-08T06:53:03.770823+00:00,scheduler,0,0,999.1,10240.0,36,23.163
2026-06-08T06:53:03.770823+00:00,scheduler,1,0,675.9,10240.0,48,24.965
2026-06-08T06:53:03.770823+00:00,scheduler,2,0,699.9,10240.0,37,19.225
2026-06-08T06:53:03.770823+00:00,scheduler,3,8,8721.9,10240.0,44,98.12
2026-06-08T06:53:08.771565+00:00,scheduler,0,0,999.1,10240.0,36,23.288
2026-06-08T06:53:08.771565+00:00,scheduler,1,0,675.9,10240.0,47,25.005
2026-06-08T06:53:08.771565+00:00,scheduler,2,0,699.9,10240.0,37,19.412
2026-06-08T06:53:08.771565+00:00,scheduler,3,7,8721.9,10240.0,44,98.249
2026-06-08T06:53:13.772267+00:00,scheduler,0,0,999.1,10240.0,36,23.245
2026-06-08T06:53:13.772267+00:00,scheduler,1,0,675.9,10240.0,46,25.095
2026-06-08T06:53:13.772267+00:00,scheduler,2,0,699.9,10240.0,37,19.397
2026-06-08T06:53:13.772267+00:00,scheduler,3,100,8837.9,10240.0,66,319.294
2026-06-08T06:53:18.772804+00:00,scheduler,0,0,999.1,10240.0,36,23.2
2026-06-08T06:53:18.772804+00:00,scheduler,1,0,675.9,10240.0,45,25.471
2026-06-08T06:53:18.772804+00:00,scheduler,2,0,699.9,10240.0,37,19.628
2026-06-08T06:53:18.772804+00:00,scheduler,3,100,8837.9,10240.0,71,319.653
2026-06-08T06:53:23.773393+00:00,scheduler,0,0,999.1,10240.0,36,23.238
2026-06-08T06:53:23.773393+00:00,scheduler,1,0,675.9,10240.0,45,25.371
2026-06-08T06:53:23.773393+00:00,scheduler,2,0,699.9,10240.0,37,19.715
2026-06-08T06:53:23.773393+00:00,scheduler,3,100,8837.9,10240.0,72,318.573
2026-06-08T06:53:28.774074+00:00,scheduler,0,0,999.1,10240.0,36,23.221
2026-06-08T06:53:28.774074+00:00,scheduler,1,0,675.9,10240.0,45,25.311
2026-06-08T06:53:28.774074+00:00,scheduler,2,0,699.9,10240.0,37,19.638
2026-06-08T06:53:28.774074+00:00,scheduler,3,100,8837.9,10240.0,73,318.603
2026-06-08T06:53:33.774678+00:00,scheduler,0,0,999.1,10240.0,36,23.113
2026-06-08T06:53:33.774678+00:00,scheduler,1,0,675.9,10240.0,44,25.18
2026-06-08T06:53:33.774678+00:00,scheduler,2,0,699.9,10240.0,37,19.694
2026-06-08T06:53:33.774678+00:00,scheduler,3,100,8837.9,10240.0,73,318.671
2026-06-08T06:53:38.775337+00:00,scheduler,0,0,999.1,10240.0,36,23.12
2026-06-08T06:53:38.775337+00:00,scheduler,1,0,675.9,10240.0,44,25.372
2026-06-08T06:53:38.775337+00:00,scheduler,2,0,699.9,10240.0,37,19.547
2026-06-08T06:53:38.775337+00:00,scheduler,3,100,8837.9,10240.0,74,318.844
2026-06-08T06:53:43.776015+00:00,scheduler,0,0,999.1,10240.0,36,23.294
2026-06-08T06:53:43.776015+00:00,scheduler,1,0,675.9,10240.0,44,25.454
2026-06-08T06:53:43.776015+00:00,scheduler,2,0,699.9,10240.0,37,19.459
2026-06-08T06:53:43.776015+00:00,scheduler,3,100,8837.9,10240.0,75,318.957
2026-06-08T06:53:48.776717+00:00,scheduler,0,0,999.1,10240.0,36,23.175
2026-06-08T06:53:48.776717+00:00,scheduler,1,0,675.9,10240.0,43,25.256
2026-06-08T06:53:48.776717+00:00,scheduler,2,0,699.9,10240.0,37,19.705
2026-06-08T06:53:48.776717+00:00,scheduler,3,100,8837.9,10240.0,75,318.487
2026-06-08T06:53:53.777374+00:00,scheduler,0,0,999.1,10240.0,36,23.207
2026-06-08T06:53:53.777374+00:00,scheduler,1,0,675.9,10240.0,43,25.114
2026-06-08T06:53:53.777374+00:00,scheduler,2,0,699.9,10240.0,37,19.523
2026-06-08T06:53:53.777374+00:00,scheduler,3,42,8837.9,10240.0,63,221.973
2026-06-08T06:53:58.777989+00:00,scheduler,0,0,999.1,10240.0,36,23.178
2026-06-08T06:53:58.777989+00:00,scheduler,1,0,675.9,10240.0,43,24.803
2026-06-08T06:53:58.777989+00:00,scheduler,2,0,699.9,10240.0,36,19.16
2026-06-08T06:53:58.777989+00:00,scheduler,3,7,8837.9,10240.0,55,100.91
2026-06-08T06:54:03.778731+00:00,scheduler,0,0,999.1,10240.0,36,23.137
2026-06-08T06:54:03.778731+00:00,scheduler,1,0,675.9,10240.0,42,25.024
2026-06-08T06:54:03.778731+00:00,scheduler,2,0,699.9,10240.0,36,19.403
2026-06-08T06:54:03.778731+00:00,scheduler,3,0,699.9,10240.0,54,107.509
2026-06-08T06:54:08.779354+00:00,scheduler,0,0,999.1,10240.0,36,23.102
2026-06-08T06:54:08.779354+00:00,scheduler,1,0,675.9,10240.0,42,24.75
2026-06-08T06:54:08.779354+00:00,scheduler,2,0,699.9,10240.0,36,19.189
2026-06-08T06:54:08.779354+00:00,scheduler,3,0,699.9,10240.0,53,100.059
2026-06-08T06:54:13.779980+00:00,scheduler,0,0,999.1,10240.0,36,23.207
2026-06-08T06:54:13.779980+00:00,scheduler,1,0,675.9,10240.0,42,24.794
2026-06-08T06:54:13.779980+00:00,scheduler,2,0,699.9,10240.0,36,19.229
2026-06-08T06:54:13.779980+00:00,scheduler,3,0,699.9,10240.0,52,99.803
2026-06-08T06:54:18.780654+00:00,scheduler,0,0,999.1,10240.0,36,23.421
2026-06-08T06:54:18.780654+00:00,scheduler,1,0,675.9,10240.0,42,24.843
2026-06-08T06:54:18.780654+00:00,scheduler,2,0,699.9,10240.0,36,19.086
2026-06-08T06:54:18.780654+00:00,scheduler,3,0,699.9,10240.0,47,73.074
2026-06-08T06:54:23.781269+00:00,scheduler,0,0,999.1,10240.0,36,23.07
2026-06-08T06:54:23.781269+00:00,scheduler,1,0,675.9,10240.0,42,24.706
2026-06-08T06:54:23.781269+00:00,scheduler,2,0,699.9,10240.0,36,19.103
2026-06-08T06:54:23.781269+00:00,scheduler,3,0,699.9,10240.0,44,28.171
2026-06-08T06:54:28.781865+00:00,scheduler,0,0,999.1,10240.0,36,23.101
2026-06-08T06:54:28.781865+00:00,scheduler,1,0,675.9,10240.0,42,24.692
2026-06-08T06:54:28.781865+00:00,scheduler,2,0,699.9,10240.0,36,19.038
2026-06-08T06:54:28.781865+00:00,scheduler,3,0,699.9,10240.0,43,28.144
2026-06-08T06:54:33.782547+00:00,scheduler,0,0,999.1,10240.0,36,23.297
2026-06-08T06:54:33.782547+00:00,scheduler,1,0,675.9,10240.0,41,24.711
2026-06-08T06:54:33.782547+00:00,scheduler,2,0,699.9,10240.0,36,19.108
2026-06-08T06:54:33.782547+00:00,scheduler,3,0,699.9,10240.0,42,28.003
2026-06-08T06:54:38.783183+00:00,scheduler,0,4,1741.1,10240.0,39,48.847
2026-06-08T06:54:38.783183+00:00,scheduler,1,0,675.9,10240.0,41,24.865
2026-06-08T06:54:38.783183+00:00,scheduler,2,0,699.9,10240.0,36,19.226
2026-06-08T06:54:38.783183+00:00,scheduler,3,0,699.9,10240.0,41,27.959
2026-06-08T06:54:43.784017+00:00,scheduler,0,10,9021.1,10240.0,42,111.861
2026-06-08T06:54:43.784017+00:00,scheduler,1,0,675.9,10240.0,41,24.825
2026-06-08T06:54:43.784017+00:00,scheduler,2,0,699.9,10240.0,36,19.195
2026-06-08T06:54:43.784017+00:00,scheduler,3,0,699.9,10240.0,41,27.868
2026-06-08T06:54:48.784628+00:00,scheduler,0,15,3213.1,10240.0,43,111.373
2026-06-08T06:54:48.784628+00:00,scheduler,1,0,675.9,10240.0,41,24.676
2026-06-08T06:54:48.784628+00:00,scheduler,2,0,699.9,10240.0,36,19.052
2026-06-08T06:54:48.784628+00:00,scheduler,3,0,699.9,10240.0,40,27.973
2026-06-08T06:54:53.785241+00:00,scheduler,0,100,9137.1,10240.0,54,318.432
2026-06-08T06:54:53.785241+00:00,scheduler,1,0,675.9,10240.0,41,25.127
2026-06-08T06:54:53.785241+00:00,scheduler,2,0,699.9,10240.0,36,19.438
2026-06-08T06:54:53.785241+00:00,scheduler,3,0,699.9,10240.0,40,27.899
2026-06-08T06:54:58.785825+00:00,scheduler,0,100,9137.1,10240.0,56,319.184
2026-06-08T06:54:58.785825+00:00,scheduler,1,0,675.9,10240.0,41,25.034
2026-06-08T06:54:58.785825+00:00,scheduler,2,8,8721.9,10240.0,45,113.568
2026-06-08T06:54:58.785825+00:00,scheduler,3,29,8721.9,10240.0,52,155.731
2026-06-08T06:55:03.786433+00:00,scheduler,0,100,9137.1,10240.0,58,318.702
2026-06-08T06:55:03.786433+00:00,scheduler,1,0,675.9,10240.0,41,24.957
2026-06-08T06:55:03.786433+00:00,scheduler,2,100,8837.9,10240.0,62,318.897
2026-06-08T06:55:03.786433+00:00,scheduler,3,11,8721.9,10240.0,47,98.641
2026-06-08T06:55:08.787104+00:00,scheduler,0,100,9137.1,10240.0,59,318.943
2026-06-08T06:55:08.787104+00:00,scheduler,1,0,675.9,10240.0,41,25.117
2026-06-08T06:55:08.787104+00:00,scheduler,2,100,8837.9,10240.0,66,319.477
2026-06-08T06:55:08.787104+00:00,scheduler,3,32,8837.9,10240.0,62,185.855
2026-06-08T06:55:13.787835+00:00,scheduler,0,100,9137.1,10240.0,60,318.401
2026-06-08T06:55:13.787835+00:00,scheduler,1,52,8697.9,10240.0,58,184.43
2026-06-08T06:55:13.787835+00:00,scheduler,2,100,8837.9,10240.0,67,299.1
2026-06-08T06:55:13.787835+00:00,scheduler,3,100,8837.9,10240.0,71,319.322
2026-06-08T06:55:18.788411+00:00,scheduler,0,100,9137.1,10240.0,61,318.532
2026-06-08T06:55:18.788411+00:00,scheduler,1,10,8697.9,10240.0,51,101.169
2026-06-08T06:55:18.788411+00:00,scheduler,2,100,8837.9,10240.0,67,290.947
2026-06-08T06:55:18.788411+00:00,scheduler,3,100,8837.9,10240.0,73,317.526
2026-06-08T06:55:23.788985+00:00,scheduler,0,100,9137.1,10240.0,62,318.946
2026-06-08T06:55:23.788985+00:00,scheduler,1,100,8813.9,10240.0,70,286.044
2026-06-08T06:55:23.788985+00:00,scheduler,2,100,8837.9,10240.0,68,285.789
2026-06-08T06:55:23.788985+00:00,scheduler,3,100,8837.9,10240.0,74,318.646
2026-06-08T06:55:28.789649+00:00,scheduler,0,100,9137.1,10240.0,63,318.895
2026-06-08T06:55:28.789649+00:00,scheduler,1,100,8813.9,10240.0,70,269.567
2026-06-08T06:55:28.789649+00:00,scheduler,2,100,8837.9,10240.0,69,278.181
2026-06-08T06:55:28.789649+00:00,scheduler,3,100,8837.9,10240.0,74,319.052
2026-06-08T06:55:33.790300+00:00,scheduler,0,14,9137.1,10240.0,55,119.911
2026-06-08T06:55:33.790300+00:00,scheduler,1,100,8813.9,10240.0,70,264.882
2026-06-08T06:55:33.790300+00:00,scheduler,2,100,8837.9,10240.0,69,271.935
2026-06-08T06:55:33.790300+00:00,scheduler,3,100,8837.9,10240.0,75,319.539
2026-06-08T06:55:38.790943+00:00,scheduler,0,8,1127.1,10240.0,52,98.617
2026-06-08T06:55:38.790943+00:00,scheduler,1,100,8813.9,10240.0,71,260.042
2026-06-08T06:55:38.790943+00:00,scheduler,2,100,8837.9,10240.0,70,270.001
2026-06-08T06:55:38.790943+00:00,scheduler,3,100,8837.9,10240.0,76,317.51
2026-06-08T06:55:43.791533+00:00,scheduler,0,0,999.1,10240.0,51,97.412
2026-06-08T06:55:43.791533+00:00,scheduler,1,100,8813.9,10240.0,71,255.459
2026-06-08T06:55:43.791533+00:00,scheduler,2,100,8837.9,10240.0,70,269.191
2026-06-08T06:55:43.791533+00:00,scheduler,3,100,8837.9,10240.0,75,317.178
2026-06-08T06:55:48.792257+00:00,scheduler,0,0,999.1,10240.0,50,97.045
2026-06-08T06:55:48.792257+00:00,scheduler,1,100,8813.9,10240.0,71,255.513
2026-06-08T06:55:48.792257+00:00,scheduler,2,6,8837.9,10240.0,55,99.649
2026-06-08T06:55:48.792257+00:00,scheduler,3,100,8837.9,10240.0,76,316.348
2026-06-08T06:55:53.792985+00:00,scheduler,0,0,999.1,10240.0,50,96.893
2026-06-08T06:55:53.792985+00:00,scheduler,1,100,8813.9,10240.0,72,255.771
2026-06-08T06:55:53.792985+00:00,scheduler,2,0,699.9,10240.0,56,123.171
2026-06-08T06:55:53.792985+00:00,scheduler,3,11,8837.9,10240.0,56,101.107
2026-06-08T06:55:58.793600+00:00,scheduler,0,0,999.1,10240.0,45,24.98
2026-06-08T06:55:58.793600+00:00,scheduler,1,100,8813.9,10240.0,72,252.782
2026-06-08T06:55:58.793600+00:00,scheduler,2,0,699.9,10240.0,53,95.665
2026-06-08T06:55:58.793600+00:00,scheduler,3,0,699.9,10240.0,56,126.04
2026-06-08T06:56:03.794264+00:00,scheduler,0,0,999.1,10240.0,44,24.289
2026-06-08T06:56:03.794264+00:00,scheduler,1,100,8813.9,10240.0,72,251.75
2026-06-08T06:56:03.794264+00:00,scheduler,2,0,699.9,10240.0,52,94.889
2026-06-08T06:56:03.794264+00:00,scheduler,3,0,699.9,10240.0,53,99.901
2026-06-08T06:56:08.794847+00:00,scheduler,0,0,999.1,10240.0,43,23.986
2026-06-08T06:56:08.794847+00:00,scheduler,1,12,8813.9,10240.0,60,108.105
2026-06-08T06:56:08.794847+00:00,scheduler,2,0,699.9,10240.0,49,88.555
2026-06-08T06:56:08.794847+00:00,scheduler,3,0,699.9,10240.0,52,99.546
2026-06-08T06:56:13.795480+00:00,scheduler,0,0,999.1,10240.0,42,23.818
2026-06-08T06:56:13.795480+00:00,scheduler,1,0,675.9,10240.0,62,133.797
2026-06-08T06:56:13.795480+00:00,scheduler,2,0,699.9,10240.0,45,20.64
2026-06-08T06:56:13.795480+00:00,scheduler,3,0,699.9,10240.0,51,98.975
2026-06-08T06:56:18.796117+00:00,scheduler,0,30,6553.1,10240.0,46,97.364
2026-06-08T06:56:18.796117+00:00,scheduler,1,0,675.9,10240.0,59,105.896
2026-06-08T06:56:18.796117+00:00,scheduler,2,0,699.9,10240.0,44,20.314
2026-06-08T06:56:18.796117+00:00,scheduler,3,0,699.9,10240.0,45,28.115
2026-06-08T06:56:23.796823+00:00,scheduler,0,8,9021.1,10240.0,46,97.534
2026-06-08T06:56:23.796823+00:00,scheduler,1,0,675.9,10240.0,58,105.428
2026-06-08T06:56:23.796823+00:00,scheduler,2,0,699.9,10240.0,43,20.153
2026-06-08T06:56:23.796823+00:00,scheduler,3,0,699.9,10240.0,43,28.142
2026-06-08T06:56:28.797730+00:00,scheduler,0,100,9137.1,10240.0,58,318.638
2026-06-08T06:56:28.797730+00:00,scheduler,1,0,675.9,10240.0,58,104.923
2026-06-08T06:56:28.797730+00:00,scheduler,2,0,699.9,10240.0,42,20.304
2026-06-08T06:56:28.797730+00:00,scheduler,3,0,699.9,10240.0,42,28.109
2026-06-08T06:56:33.798412+00:00,scheduler,0,100,9137.1,10240.0,59,318.984
2026-06-08T06:56:33.798412+00:00,scheduler,1,0,675.9,10240.0,50,25.715
2026-06-08T06:56:33.798412+00:00,scheduler,2,0,699.9,10240.0,41,20.23
2026-06-08T06:56:33.798412+00:00,scheduler,3,0,699.9,10240.0,42,28.043
2026-06-08T06:56:38.799011+00:00,scheduler,0,100,9137.1,10240.0,60,318.126
2026-06-08T06:56:38.799011+00:00,scheduler,1,0,675.9,10240.0,49,25.528
2026-06-08T06:56:38.799011+00:00,scheduler,2,10,8721.9,10240.0,49,160.586
2026-06-08T06:56:38.799011+00:00,scheduler,3,0,2217.9,10240.0,44,42.435
2026-06-08T06:56:43.799689+00:00,scheduler,0,100,9137.1,10240.0,61,318.024
2026-06-08T06:56:43.799689+00:00,scheduler,1,0,675.9,10240.0,48,25.667
2026-06-08T06:56:43.799689+00:00,scheduler,2,32,5073.9,10240.0,49,116.837
2026-06-08T06:56:43.799689+00:00,scheduler,3,13,8721.9,10240.0,49,121.917
2026-06-08T06:56:48.800273+00:00,scheduler,0,100,9137.1,10240.0,62,318.738
2026-06-08T06:56:48.800273+00:00,scheduler,1,0,675.9,10240.0,47,25.554
2026-06-08T06:56:48.800273+00:00,scheduler,2,100,8837.9,10240.0,67,319.346
2026-06-08T06:56:48.800273+00:00,scheduler,3,30,8835.9,10240.0,48,120.409
2026-06-08T06:56:53.800770+00:00,scheduler,0,100,9137.1,10240.0,63,318.93
2026-06-08T06:56:53.800770+00:00,scheduler,1,0,675.9,10240.0,46,25.451
2026-06-08T06:56:53.800770+00:00,scheduler,2,100,8837.9,10240.0,68,288.675
2026-06-08T06:56:53.800770+00:00,scheduler,3,100,8837.9,10240.0,71,319.251
2026-06-08T06:56:58.801418+00:00,scheduler,0,100,9137.1,10240.0,64,319.085
2026-06-08T06:56:58.801418+00:00,scheduler,1,0,675.9,10240.0,46,25.104
2026-06-08T06:56:58.801418+00:00,scheduler,2,100,8837.9,10240.0,69,284.47
2026-06-08T06:56:58.801418+00:00,scheduler,3,100,8837.9,10240.0,73,318.578
2026-06-08T06:57:03.801957+00:00,scheduler,0,100,9137.1,10240.0,64,319.265
2026-06-08T06:57:03.801957+00:00,scheduler,1,49,7781.9,10240.0,54,116.705
2026-06-08T06:57:03.801957+00:00,scheduler,2,100,8837.9,10240.0,69,274.176
2026-06-08T06:57:03.801957+00:00,scheduler,3,100,8837.9,10240.0,73,318.825
2026-06-08T06:57:08.802635+00:00,scheduler,0,18,9137.1,10240.0,56,120.859
2026-06-08T06:57:08.802635+00:00,scheduler,1,11,8697.9,10240.0,55,103.235
2026-06-08T06:57:08.802635+00:00,scheduler,2,100,8837.9,10240.0,69,276.12
2026-06-08T06:57:08.802635+00:00,scheduler,3,100,8837.9,10240.0,74,319.272
2026-06-08T06:57:13.803248+00:00,scheduler,0,8,3279.1,10240.0,55,102.824
2026-06-08T06:57:13.803248+00:00,scheduler,1,100,8813.9,10240.0,72,268.392
2026-06-08T06:57:13.803248+00:00,scheduler,2,100,8837.9,10240.0,70,270.143
2026-06-08T06:57:13.803248+00:00,scheduler,3,100,8837.9,10240.0,75,318.653
2026-06-08T06:57:18.803914+00:00,scheduler,0,0,999.1,10240.0,52,97.797
2026-06-08T06:57:18.803914+00:00,scheduler,1,100,8813.9,10240.0,71,261.256
2026-06-08T06:57:18.803914+00:00,scheduler,2,100,8837.9,10240.0,70,265.655
2026-06-08T06:57:18.803914+00:00,scheduler,3,100,8837.9,10240.0,75,318.786
2026-06-08T06:57:23.804558+00:00,scheduler,0,0,999.1,10240.0,51,97.274
2026-06-08T06:57:23.804558+00:00,scheduler,1,100,8813.9,10240.0,71,253.632
2026-06-08T06:57:23.804558+00:00,scheduler,2,100,8837.9,10240.0,70,265.643
2026-06-08T06:57:23.804558+00:00,scheduler,3,100,8837.9,10240.0,76,318.822
2026-06-08T06:57:28.805178+00:00,scheduler,0,0,999.1,10240.0,50,97.039
2026-06-08T06:57:28.805178+00:00,scheduler,1,100,8813.9,10240.0,72,253.276
2026-06-08T06:57:28.805178+00:00,scheduler,2,8,8837.9,10240.0,63,187.002
2026-06-08T06:57:28.805178+00:00,scheduler,3,100,8837.9,10240.0,76,317.674
2026-06-08T06:57:33.805739+00:00,scheduler,0,0,999.1,10240.0,45,25.565
2026-06-08T06:57:33.805739+00:00,scheduler,1,100,8813.9,10240.0,72,252.414
2026-06-08T06:57:33.805739+00:00,scheduler,2,10,8837.9,10240.0,55,99.117
2026-06-08T06:57:33.805739+00:00,scheduler,3,9,8837.9,10240.0,56,101.514
2026-06-08T06:57:38.806339+00:00,scheduler,0,0,999.1,10240.0,44,24.202
2026-06-08T06:57:38.806339+00:00,scheduler,1,100,8813.9,10240.0,72,248.151
2026-06-08T06:57:38.806339+00:00,scheduler,2,0,699.9,10240.0,54,104.655
2026-06-08T06:57:38.806339+00:00,scheduler,3,0,699.9,10240.0,55,113.081
2026-06-08T06:57:43.807079+00:00,scheduler,0,0,999.1,10240.0,43,23.969
2026-06-08T06:57:43.807079+00:00,scheduler,1,100,8813.9,10240.0,73,248.836
2026-06-08T06:57:43.807079+00:00,scheduler,2,0,699.9,10240.0,52,95.946
2026-06-08T06:57:43.807079+00:00,scheduler,3,0,699.9,10240.0,53,99.88
2026-06-08T06:57:48.807911+00:00,scheduler,0,0,999.1,10240.0,42,23.878
2026-06-08T06:57:48.807911+00:00,scheduler,1,100,8813.9,10240.0,73,245.905
2026-06-08T06:57:48.807911+00:00,scheduler,2,0,699.9,10240.0,52,95.147
2026-06-08T06:57:48.807911+00:00,scheduler,3,0,699.9,10240.0,52,99.599
2026-06-08T06:57:53.808604+00:00,scheduler,0,0,999.1,10240.0,41,23.9
2026-06-08T06:57:53.808604+00:00,scheduler,1,100,8813.9,10240.0,73,244.157
2026-06-08T06:57:53.808604+00:00,scheduler,2,0,699.9,10240.0,47,23.392
2026-06-08T06:57:53.808604+00:00,scheduler,3,0,699.9,10240.0,47,68.883
2026-06-08T06:57:58.809282+00:00,scheduler,0,37,4225.1,10240.0,45,57.772
2026-06-08T06:57:58.809282+00:00,scheduler,1,9,8813.9,10240.0,62,112.741
2026-06-08T06:57:58.809282+00:00,scheduler,2,0,699.9,10240.0,45,20.346
2026-06-08T06:57:58.809282+00:00,scheduler,3,0,699.9,10240.0,44,28.484
2026-06-08T06:58:03.810018+00:00,scheduler,0,9,9021.1,10240.0,46,112.204
2026-06-08T06:58:03.810018+00:00,scheduler,1,0,675.9,10240.0,63,135.199
2026-06-08T06:58:03.810018+00:00,scheduler,2,0,699.9,10240.0,43,20.212
2026-06-08T06:58:03.810018+00:00,scheduler,3,0,699.9,10240.0,43,28.285
2026-06-08T06:58:08.810811+00:00,scheduler,0,100,9137.1,10240.0,56,233.03
2026-06-08T06:58:08.810811+00:00,scheduler,1,0,675.9,10240.0,60,106.987
2026-06-08T06:58:08.810811+00:00,scheduler,2,0,699.9,10240.0,43,19.979
2026-06-08T06:58:08.810811+00:00,scheduler,3,0,699.9,10240.0,42,28.185
2026-06-08T06:58:13.811664+00:00,scheduler,0,100,9137.1,10240.0,59,318.83
2026-06-08T06:58:13.811664+00:00,scheduler,1,0,675.9,10240.0,59,106.066
2026-06-08T06:58:13.811664+00:00,scheduler,2,0,699.9,10240.0,42,20.478
2026-06-08T06:58:13.811664+00:00,scheduler,3,0,699.9,10240.0,42,27.987
2026-06-08T06:58:18.812286+00:00,scheduler,0,100,9137.1,10240.0,60,318.588
2026-06-08T06:58:18.812286+00:00,scheduler,1,0,675.9,10240.0,59,105.643
2026-06-08T06:58:18.812286+00:00,scheduler,2,0,699.9,10240.0,41,20.228
2026-06-08T06:58:18.812286+00:00,scheduler,3,0,699.9,10240.0,41,27.991
2026-06-08T06:58:23.813087+00:00,scheduler,0,100,9137.1,10240.0,61,318.556
2026-06-08T06:58:23.813087+00:00,scheduler,1,0,675.9,10240.0,51,25.536
2026-06-08T06:58:23.813087+00:00,scheduler,2,0,699.9,10240.0,41,20.204
2026-06-08T06:58:23.813087+00:00,scheduler,3,0,699.9,10240.0,40,27.977
2026-06-08T06:58:28.813824+00:00,scheduler,0,100,9137.1,10240.0,62,318.617
2026-06-08T06:58:28.813824+00:00,scheduler,1,0,675.9,10240.0,49,25.722
2026-06-08T06:58:28.813824+00:00,scheduler,2,0,699.9,10240.0,40,20.051
2026-06-08T06:58:28.813824+00:00,scheduler,3,0,699.9,10240.0,40,27.678
2026-06-08T06:58:33.814391+00:00,scheduler,0,100,9137.1,10240.0,62,318.883
2026-06-08T06:58:33.814391+00:00,scheduler,1,0,675.9,10240.0,48,25.725
2026-06-08T06:58:33.814391+00:00,scheduler,2,0,699.9,10240.0,40,19.996
2026-06-08T06:58:33.814391+00:00,scheduler,3,0,699.9,10240.0,39,27.681
2026-06-08T06:58:38.815148+00:00,scheduler,0,100,9137.1,10240.0,63,318.819
2026-06-08T06:58:38.815148+00:00,scheduler,1,0,675.9,10240.0,48,25.69
2026-06-08T06:58:38.815148+00:00,scheduler,2,0,699.9,10240.0,39,19.939
2026-06-08T06:58:38.815148+00:00,scheduler,3,0,699.9,10240.0,39,27.721
2026-06-08T06:58:43.815734+00:00,scheduler,0,100,9137.1,10240.0,64,318.209
2026-06-08T06:58:43.815734+00:00,scheduler,1,0,675.9,10240.0,47,25.453
2026-06-08T06:58:43.815734+00:00,scheduler,2,45,8721.9,10240.0,48,116.833
2026-06-08T06:58:43.815734+00:00,scheduler,3,0,699.9,10240.0,39,27.638
2026-06-08T06:58:48.816344+00:00,scheduler,0,100,9137.1,10240.0,64,318.49
2026-06-08T06:58:48.816344+00:00,scheduler,1,0,675.9,10240.0,46,25.711
2026-06-08T06:58:48.816344+00:00,scheduler,2,100,8837.9,10240.0,64,317.822
2026-06-08T06:58:48.816344+00:00,scheduler,3,0,699.9,10240.0,38,27.673
2026-06-08T06:58:53.816968+00:00,scheduler,0,8,9137.1,10240.0,53,98.756
2026-06-08T06:58:53.816968+00:00,scheduler,1,0,675.9,10240.0,46,25.658
2026-06-08T06:58:53.816968+00:00,scheduler,2,100,8837.9,10240.0,67,308.864
2026-06-08T06:58:53.816968+00:00,scheduler,3,0,699.9,10240.0,38,27.558
2026-06-08T06:58:58.817634+00:00,scheduler,0,0,999.1,10240.0,52,100.765
2026-06-08T06:58:58.817634+00:00,scheduler,1,0,675.9,10240.0,45,25.582
2026-06-08T06:58:58.817634+00:00,scheduler,2,100,8837.9,10240.0,68,292.84
2026-06-08T06:58:58.817634+00:00,scheduler,3,0,699.9,10240.0,38,27.729
2026-06-08T06:59:03.818169+00:00,scheduler,0,0,999.1,10240.0,51,97.489
2026-06-08T06:59:03.818169+00:00,scheduler,1,0,675.9,10240.0,45,25.483
2026-06-08T06:59:03.818169+00:00,scheduler,2,100,8837.9,10240.0,68,282.653
2026-06-08T06:59:03.818169+00:00,scheduler,3,0,699.9,10240.0,38,27.709
2026-06-08T06:59:08.818769+00:00,scheduler,0,0,999.1,10240.0,50,97.255
2026-06-08T06:59:08.818769+00:00,scheduler,1,0,675.9,10240.0,45,25.453
2026-06-08T06:59:08.818769+00:00,scheduler,2,100,8837.9,10240.0,69,274.719
2026-06-08T06:59:08.818769+00:00,scheduler,3,0,699.9,10240.0,38,27.72
2026-06-08T06:59:13.819534+00:00,scheduler,0,0,999.1,10240.0,46,32.911
2026-06-08T06:59:13.819534+00:00,scheduler,1,0,675.9,10240.0,44,25.458
2026-06-08T06:59:13.819534+00:00,scheduler,2,100,8837.9,10240.0,69,274.987
2026-06-08T06:59:13.819534+00:00,scheduler,3,0,699.9,10240.0,37,27.728
2026-06-08T06:59:18.820181+00:00,scheduler,0,0,999.1,10240.0,45,23.907
2026-06-08T06:59:18.820181+00:00,scheduler,1,0,2417.9,10240.0,49,40.353
2026-06-08T06:59:18.820181+00:00,scheduler,2,100,8837.9,10240.0,69,268.187
2026-06-08T06:59:18.820181+00:00,scheduler,3,0,699.9,10240.0,37,27.636
2026-06-08T06:59:23.820845+00:00,scheduler,0,0,999.1,10240.0,43,23.795
2026-06-08T06:59:23.820845+00:00,scheduler,1,10,8697.9,10240.0,56,126.259
2026-06-08T06:59:23.820845+00:00,scheduler,2,100,8837.9,10240.0,70,264.136
2026-06-08T06:59:23.820845+00:00,scheduler,3,0,699.9,10240.0,37,27.716
2026-06-08T06:59:28.821484+00:00,scheduler,0,0,999.1,10240.0,43,23.931
2026-06-08T06:59:28.821484+00:00,scheduler,1,100,8813.9,10240.0,70,218.167
2026-06-08T06:59:28.821484+00:00,scheduler,2,100,8837.9,10240.0,70,264.351
2026-06-08T06:59:28.821484+00:00,scheduler,3,0,699.9,10240.0,37,27.572
2026-06-08T06:59:33.822039+00:00,scheduler,0,0,999.1,10240.0,42,23.819
2026-06-08T06:59:33.822039+00:00,scheduler,1,100,8813.9,10240.0,70,260.142
2026-06-08T06:59:33.822039+00:00,scheduler,2,9,8837.9,10240.0,56,100.873
2026-06-08T06:59:33.822039+00:00,scheduler,3,0,699.9,10240.0,37,27.696
2026-06-08T06:59:38.822594+00:00,scheduler,0,0,999.1,10240.0,41,23.897
2026-06-08T06:59:38.822594+00:00,scheduler,1,100,8813.9,10240.0,71,258.707
2026-06-08T06:59:38.822594+00:00,scheduler,2,0,699.9,10240.0,57,123.57
2026-06-08T06:59:38.822594+00:00,scheduler,3,0,699.9,10240.0,37,27.477
2026-06-08T06:59:43.823256+00:00,scheduler,0,0,999.1,10240.0,41,23.621
2026-06-08T06:59:43.823256+00:00,scheduler,1,100,8813.9,10240.0,71,251.583
2026-06-08T06:59:43.823256+00:00,scheduler,2,0,699.9,10240.0,53,96.371
2026-06-08T06:59:43.823256+00:00,scheduler,3,0,699.9,10240.0,37,27.703
2026-06-08T06:59:48.823909+00:00,scheduler,0,0,999.1,10240.0,40,23.575
2026-06-08T06:59:48.823909+00:00,scheduler,1,100,8813.9,10240.0,72,252.279
2026-06-08T06:59:48.823909+00:00,scheduler,2,0,699.9,10240.0,52,95.679
2026-06-08T06:59:48.823909+00:00,scheduler,3,0,699.9,10240.0,37,27.587
2026-06-08T06:59:53.824553+00:00,scheduler,0,0,999.1,10240.0,40,23.586
2026-06-08T06:59:53.824553+00:00,scheduler,1,100,8813.9,10240.0,72,249.655
2026-06-08T06:59:53.824553+00:00,scheduler,2,0,699.9,10240.0,51,94.951
2026-06-08T06:59:53.824553+00:00,scheduler,3,84,8721.9,10240.0,48,179.426
2026-06-08T06:59:58.825188+00:00,scheduler,0,0,999.1,10240.0,39,23.503
2026-06-08T06:59:58.825188+00:00,scheduler,1,100,8813.9,10240.0,72,248.714
2026-06-08T06:59:58.825188+00:00,scheduler,2,0,699.9,10240.0,46,20.869
2026-06-08T06:59:58.825188+00:00,scheduler,3,51,8835.9,10240.0,56,150.425
2026-06-08T07:00:03.825794+00:00,scheduler,0,0,999.1,10240.0,39,23.494
2026-06-08T07:00:03.825794+00:00,scheduler,1,100,8813.9,10240.0,73,248.06
2026-06-08T07:00:03.825794+00:00,scheduler,2,0,699.9,10240.0,44,20.801
2026-06-08T07:00:03.825794+00:00,scheduler,3,100,8837.9,10240.0,70,319.051
2026-06-08T07:00:08.826626+00:00,scheduler,0,0,999.1,10240.0,39,23.535
2026-06-08T07:00:08.826626+00:00,scheduler,1,100,8813.9,10240.0,73,247.186
2026-06-08T07:00:08.826626+00:00,scheduler,2,0,699.9,10240.0,43,20.358
2026-06-08T07:00:08.826626+00:00,scheduler,3,100,8837.9,10240.0,71,319.192
2026-06-08T07:00:13.827423+00:00,scheduler,0,0,999.1,10240.0,38,23.528
2026-06-08T07:00:13.827423+00:00,scheduler,1,13,8813.9,10240.0,66,155.135
2026-06-08T07:00:13.827423+00:00,scheduler,2,0,699.9,10240.0,42,20.433
2026-06-08T07:00:13.827423+00:00,scheduler,3,100,8837.9,10240.0,72,318.513
2026-06-08T07:00:18.828088+00:00,scheduler,0,0,999.1,10240.0,38,23.394
2026-06-08T07:00:18.828088+00:00,scheduler,1,8,8813.9,10240.0,60,106.965
2026-06-08T07:00:18.828088+00:00,scheduler,2,0,699.9,10240.0,41,20.292
2026-06-08T07:00:18.828088+00:00,scheduler,3,100,8837.9,10240.0,73,318.533
2026-06-08T07:00:23.828727+00:00,scheduler,0,0,999.1,10240.0,38,23.339
2026-06-08T07:00:23.828727+00:00,scheduler,1,0,675.9,10240.0,60,114.153
2026-06-08T07:00:23.828727+00:00,scheduler,2,0,699.9,10240.0,41,20.076
2026-06-08T07:00:23.828727+00:00,scheduler,3,100,8837.9,10240.0,74,318.286
2026-06-08T07:00:28.829445+00:00,scheduler,0,0,999.1,10240.0,38,23.436
2026-06-08T07:00:28.829445+00:00,scheduler,1,0,675.9,10240.0,59,105.858
2026-06-08T07:00:28.829445+00:00,scheduler,2,0,699.9,10240.0,41,20.067
2026-06-08T07:00:28.829445+00:00,scheduler,3,100,8837.9,10240.0,74,318.918
2026-06-08T07:00:33.830242+00:00,scheduler,0,0,999.1,10240.0,38,23.379
2026-06-08T07:00:33.830242+00:00,scheduler,1,0,675.9,10240.0,59,105.582
2026-06-08T07:00:33.830242+00:00,scheduler,2,0,699.9,10240.0,40,20.204
2026-06-08T07:00:33.830242+00:00,scheduler,3,100,8837.9,10240.0,75,318.754
2026-06-08T07:00:38.831012+00:00,scheduler,0,0,999.1,10240.0,38,23.735
2026-06-08T07:00:38.831012+00:00,scheduler,1,0,675.9,10240.0,53,30.537
2026-06-08T07:00:38.831012+00:00,scheduler,2,0,699.9,10240.0,40,19.998
2026-06-08T07:00:38.831012+00:00,scheduler,3,100,8837.9,10240.0,75,318.919
2026-06-08T07:00:43.831915+00:00,scheduler,0,0,999.1,10240.0,37,23.488
2026-06-08T07:00:43.831915+00:00,scheduler,1,0,675.9,10240.0,50,25.436
2026-06-08T07:00:43.831915+00:00,scheduler,2,0,699.9,10240.0,39,19.645
2026-06-08T07:00:43.831915+00:00,scheduler,3,12,8837.9,10240.0,55,100.969
2026-06-08T07:00:48.832586+00:00,scheduler,0,0,999.1,10240.0,37,23.443
2026-06-08T07:00:48.832586+00:00,scheduler,1,0,675.9,10240.0,49,25.349
2026-06-08T07:00:48.832586+00:00,scheduler,2,0,699.9,10240.0,39,19.817
2026-06-08T07:00:48.832586+00:00,scheduler,3,0,699.9,10240.0,56,127.52
2026-06-08T07:00:53.833240+00:00,scheduler,0,0,999.1,10240.0,37,23.393
2026-06-08T07:00:53.833240+00:00,scheduler,1,0,675.9,10240.0,48,25.257
2026-06-08T07:00:53.833240+00:00,scheduler,2,0,699.9,10240.0,39,19.637
2026-06-08T07:00:53.833240+00:00,scheduler,3,0,699.9,10240.0,53,99.931
2026-06-08T07:00:58.834015+00:00,scheduler,0,0,999.1,10240.0,37,23.373
2026-06-08T07:00:58.834015+00:00,scheduler,1,0,675.9,10240.0,47,25.192
2026-06-08T07:00:58.834015+00:00,scheduler,2,0,699.9,10240.0,39,19.321
2026-06-08T07:00:58.834015+00:00,scheduler,3,0,699.9,10240.0,52,99.512
2026-06-08T07:01:03.834705+00:00,scheduler,0,0,999.1,10240.0,37,23.388
2026-06-08T07:01:03.834705+00:00,scheduler,1,0,675.9,10240.0,46,25.114
2026-06-08T07:01:03.834705+00:00,scheduler,2,0,699.9,10240.0,38,19.297
2026-06-08T07:01:03.834705+00:00,scheduler,3,0,699.9,10240.0,51,99.19
2026-06-08T07:01:08.835270+00:00,scheduler,0,0,999.1,10240.0,37,23.423
2026-06-08T07:01:08.835270+00:00,scheduler,1,0,675.9,10240.0,46,25.071
2026-06-08T07:01:08.835270+00:00,scheduler,2,0,699.9,10240.0,38,19.402
2026-06-08T07:01:08.835270+00:00,scheduler,3,0,699.9,10240.0,45,28.266
2026-06-08T07:01:13.835829+00:00,scheduler,0,0,999.1,10240.0,37,23.433
2026-06-08T07:01:13.835829+00:00,scheduler,1,0,675.9,10240.0,45,25.039
2026-06-08T07:01:13.835829+00:00,scheduler,2,0,699.9,10240.0,38,19.205
2026-06-08T07:01:13.835829+00:00,scheduler,3,0,699.9,10240.0,43,28.041
2026-06-08T07:01:18.836510+00:00,scheduler,0,0,999.1,10240.0,37,23.396
2026-06-08T07:01:18.836510+00:00,scheduler,1,0,675.9,10240.0,45,25.076
2026-06-08T07:01:18.836510+00:00,scheduler,2,0,699.9,10240.0,38,19.337
2026-06-08T07:01:18.836510+00:00,scheduler,3,0,699.9,10240.0,43,28.223
2026-06-08T07:01:23.837105+00:00,scheduler,0,0,999.1,10240.0,37,23.269
2026-06-08T07:01:23.837105+00:00,scheduler,1,0,675.9,10240.0,45,24.969
2026-06-08T07:01:23.837105+00:00,scheduler,2,0,699.9,10240.0,38,19.266
2026-06-08T07:01:23.837105+00:00,scheduler,3,0,699.9,10240.0,42,27.732
2026-06-08T07:01:28.837741+00:00,scheduler,0,0,999.1,10240.0,37,23.423
2026-06-08T07:01:28.837741+00:00,scheduler,1,0,675.9,10240.0,44,25.098
2026-06-08T07:01:28.837741+00:00,scheduler,2,0,699.9,10240.0,38,19.395
2026-06-08T07:01:28.837741+00:00,scheduler,3,47,8721.9,10240.0,50,123.551
2026-06-08T07:01:33.838416+00:00,scheduler,0,0,999.1,10240.0,37,23.264
2026-06-08T07:01:33.838416+00:00,scheduler,1,0,675.9,10240.0,44,24.991
2026-06-08T07:01:33.838416+00:00,scheduler,2,0,699.9,10240.0,38,19.264
2026-06-08T07:01:33.838416+00:00,scheduler,3,27,8835.9,10240.0,49,128.866
2026-06-08T07:01:38.839008+00:00,scheduler,0,0,999.1,10240.0,37,23.258
2026-06-08T07:01:38.839008+00:00,scheduler,1,0,675.9,10240.0,44,25.34
2026-06-08T07:01:38.839008+00:00,scheduler,2,0,699.9,10240.0,37,19.609
2026-06-08T07:01:38.839008+00:00,scheduler,3,100,8837.9,10240.0,71,318.122
2026-06-08T07:01:43.839668+00:00,scheduler,0,0,999.1,10240.0,37,23.342
2026-06-08T07:01:43.839668+00:00,scheduler,1,0,675.9,10240.0,44,25.316
2026-06-08T07:01:43.839668+00:00,scheduler,2,0,699.9,10240.0,37,19.816
2026-06-08T07:01:43.839668+00:00,scheduler,3,100,8837.9,10240.0,73,318.068
2026-06-08T07:01:48.840237+00:00,scheduler,0,14,9021.1,10240.0,42,96.544
2026-06-08T07:01:48.840237+00:00,scheduler,1,0,675.9,10240.0,43,25.48
2026-06-08T07:01:48.840237+00:00,scheduler,2,0,699.9,10240.0,37,19.623
2026-06-08T07:01:48.840237+00:00,scheduler,3,100,8837.9,10240.0,74,318.178
2026-06-08T07:01:53.840908+00:00,scheduler,0,100,9137.1,10240.0,55,318.663
2026-06-08T07:01:53.840908+00:00,scheduler,1,0,675.9,10240.0,43,25.333
2026-06-08T07:01:53.840908+00:00,scheduler,2,0,699.9,10240.0,37,19.616
2026-06-08T07:01:53.840908+00:00,scheduler,3,100,8837.9,10240.0,74,318.44
2026-06-08T07:01:58.841458+00:00,scheduler,0,100,9137.1,10240.0,57,319.052
2026-06-08T07:01:58.841458+00:00,scheduler,1,0,675.9,10240.0,43,25.329
2026-06-08T07:01:58.841458+00:00,scheduler,2,0,699.9,10240.0,37,19.835
2026-06-08T07:01:58.841458+00:00,scheduler,3,100,8837.9,10240.0,75,318.467
2026-06-08T07:02:03.842054+00:00,scheduler,0,100,9137.1,10240.0,58,318.694
2026-06-08T07:02:03.842054+00:00,scheduler,1,0,675.9,10240.0,43,25.241
2026-06-08T07:02:03.842054+00:00,scheduler,2,0,699.9,10240.0,37,19.746
2026-06-08T07:02:03.842054+00:00,scheduler,3,100,8837.9,10240.0,75,319.171
2026-06-08T07:02:08.842662+00:00,scheduler,0,100,9137.1,10240.0,59,319.03
2026-06-08T07:02:08.842662+00:00,scheduler,1,0,675.9,10240.0,42,25.201
2026-06-08T07:02:08.842662+00:00,scheduler,2,0,699.9,10240.0,37,19.54
2026-06-08T07:02:08.842662+00:00,scheduler,3,100,8837.9,10240.0,75,317.245
2026-06-08T07:02:13.843275+00:00,scheduler,0,100,9137.1,10240.0,61,318.862
2026-06-08T07:02:13.843275+00:00,scheduler,1,0,675.9,10240.0,42,25.186
2026-06-08T07:02:13.843275+00:00,scheduler,2,0,699.9,10240.0,37,19.565
2026-06-08T07:02:13.843275+00:00,scheduler,3,100,8837.9,10240.0,76,317.61
2026-06-08T07:02:18.843884+00:00,scheduler,0,100,9137.1,10240.0,61,318.596
2026-06-08T07:02:18.843884+00:00,scheduler,1,0,675.9,10240.0,42,25.117
2026-06-08T07:02:18.843884+00:00,scheduler,2,62,8097.9,10240.0,43,107.609
2026-06-08T07:02:18.843884+00:00,scheduler,3,8,8837.9,10240.0,56,101.438
2026-06-08T07:02:23.844556+00:00,scheduler,0,100,9137.1,10240.0,62,318.728
2026-06-08T07:02:23.844556+00:00,scheduler,1,0,675.9,10240.0,42,25.025
2026-06-08T07:02:23.844556+00:00,scheduler,2,10,1977.9,10240.0,45,97.954
2026-06-08T07:02:23.844556+00:00,scheduler,3,0,699.9,10240.0,57,126.668
2026-06-08T07:02:28.845181+00:00,scheduler,0,100,9137.1,10240.0,63,318.975
2026-06-08T07:02:28.845181+00:00,scheduler,1,0,675.9,10240.0,42,25.119
2026-06-08T07:02:28.845181+00:00,scheduler,2,100,8837.9,10240.0,64,318.544
2026-06-08T07:02:28.845181+00:00,scheduler,3,0,699.9,10240.0,53,99.847
2026-06-08T07:02:33.845819+00:00,scheduler,0,10,9137.1,10240.0,55,119.577
2026-06-08T07:02:33.845819+00:00,scheduler,1,0,675.9,10240.0,42,25.209
2026-06-08T07:02:33.845819+00:00,scheduler,2,100,8837.9,10240.0,66,308.057
2026-06-08T07:02:33.845819+00:00,scheduler,3,0,699.9,10240.0,52,99.275
2026-06-08T07:02:38.846484+00:00,scheduler,0,65,999.1,10240.0,53,146.297
2026-06-08T07:02:38.846484+00:00,scheduler,1,0,675.9,10240.0,42,25.079
2026-06-08T07:02:38.846484+00:00,scheduler,2,100,8837.9,10240.0,67,296.58
2026-06-08T07:02:38.846484+00:00,scheduler,3,0,699.9,10240.0,52,98.98
2026-06-08T07:02:43.847162+00:00,scheduler,0,0,999.1,10240.0,51,97.495
2026-06-08T07:02:43.847162+00:00,scheduler,1,0,675.9,10240.0,42,25.217
2026-06-08T07:02:43.847162+00:00,scheduler,2,100,8837.9,10240.0,68,285.623
2026-06-08T07:02:43.847162+00:00,scheduler,3,0,699.9,10240.0,45,28.438
2026-06-08T07:02:48.847993+00:00,scheduler,0,0,999.1,10240.0,50,97.232
2026-06-08T07:02:48.847993+00:00,scheduler,1,0,675.9,10240.0,41,25.271
2026-06-08T07:02:48.847993+00:00,scheduler,2,100,8837.9,10240.0,68,279.723
2026-06-08T07:02:48.847993+00:00,scheduler,3,0,699.9,10240.0,44,28.188
2026-06-08T07:02:53.848702+00:00,scheduler,0,0,999.1,10240.0,50,96.968
2026-06-08T07:02:53.848702+00:00,scheduler,1,0,675.9,10240.0,41,25.105
2026-06-08T07:02:53.848702+00:00,scheduler,2,100,8837.9,10240.0,69,274.554
2026-06-08T07:02:53.848702+00:00,scheduler,3,0,699.9,10240.0,43,27.869
2026-06-08T07:02:58.849469+00:00,scheduler,0,0,999.1,10240.0,45,24.071
2026-06-08T07:02:58.849469+00:00,scheduler,1,0,675.9,10240.0,41,25.053
2026-06-08T07:02:58.849469+00:00,scheduler,2,100,8837.9,10240.0,69,271.492
2026-06-08T07:02:58.849469+00:00,scheduler,3,0,699.9,10240.0,42,27.749
2026-06-08T07:03:03.850173+00:00,scheduler,0,0,1741.1,10240.0,45,29.625
2026-06-08T07:03:03.850173+00:00,scheduler,1,0,675.9,10240.0,41,25.065
2026-06-08T07:03:03.850173+00:00,scheduler,2,100,8837.9,10240.0,69,269.723
2026-06-08T07:03:03.850173+00:00,scheduler,3,48,8721.9,10240.0,59,168.617
2026-06-08T07:03:08.850776+00:00,scheduler,0,47,9021.1,10240.0,49,116.721
2026-06-08T07:03:08.850776+00:00,scheduler,1,0,675.9,10240.0,41,25.19
2026-06-08T07:03:08.850776+00:00,scheduler,2,100,8837.9,10240.0,67,260.413
2026-06-08T07:03:08.850776+00:00,scheduler,3,44,7341.9,10240.0,50,124.539
2026-06-08T07:03:13.851535+00:00,scheduler,0,30,9135.1,10240.0,52,130.518
2026-06-08T07:03:13.851535+00:00,scheduler,1,0,675.9,10240.0,41,25.162
2026-06-08T07:03:13.851535+00:00,scheduler,2,11,8837.9,10240.0,55,99.026
2026-06-08T07:03:13.851535+00:00,scheduler,3,100,8837.9,10240.0,72,319.477
2026-06-08T07:03:18.852100+00:00,scheduler,0,100,9137.1,10240.0,60,319.315
2026-06-08T07:03:18.852100+00:00,scheduler,1,0,675.9,10240.0,41,25.199
2026-06-08T07:03:18.852100+00:00,scheduler,2,0,699.9,10240.0,54,102.722
2026-06-08T07:03:18.852100+00:00,scheduler,3,100,8837.9,10240.0,73,318.77
2026-06-08T07:03:23.852729+00:00,scheduler,0,100,9137.1,10240.0,61,318.994
2026-06-08T07:03:23.852729+00:00,scheduler,1,0,675.9,10240.0,41,25.233
2026-06-08T07:03:23.852729+00:00,scheduler,2,0,699.9,10240.0,52,95.358
2026-06-08T07:03:23.852729+00:00,scheduler,3,100,8837.9,10240.0,74,319.082
2026-06-08T07:03:28.853287+00:00,scheduler,0,100,9137.1,10240.0,62,318.746
2026-06-08T07:03:28.853287+00:00,scheduler,1,0,675.9,10240.0,41,25.01
2026-06-08T07:03:28.853287+00:00,scheduler,2,0,699.9,10240.0,51,94.64
2026-06-08T07:03:28.853287+00:00,scheduler,3,100,8837.9,10240.0,74,318.676
2026-06-08T07:03:33.855214+00:00,scheduler,0,100,9137.1,10240.0,63,318.445
2026-06-08T07:03:33.855214+00:00,scheduler,1,0,675.9,10240.0,41,25.076
2026-06-08T07:03:33.855214+00:00,scheduler,2,0,699.9,10240.0,47,37.932
2026-06-08T07:03:33.855214+00:00,scheduler,3,100,8837.9,10240.0,75,318.569
2026-06-08T07:03:38.855797+00:00,scheduler,0,100,9137.1,10240.0,63,318.781
2026-06-08T07:03:38.855797+00:00,scheduler,1,0,675.9,10240.0,41,25.24
2026-06-08T07:03:38.855797+00:00,scheduler,2,0,699.9,10240.0,45,20.573
2026-06-08T07:03:38.855797+00:00,scheduler,3,100,8837.9,10240.0,75,318.963
2026-06-08T07:03:43.856582+00:00,scheduler,0,100,9137.1,10240.0,64,319.221
2026-06-08T07:03:43.856582+00:00,scheduler,1,0,675.9,10240.0,41,25.153
2026-06-08T07:03:43.856582+00:00,scheduler,2,0,699.9,10240.0,44,20.669
2026-06-08T07:03:43.856582+00:00,scheduler,3,100,8837.9,10240.0,76,316.848
2026-06-08T07:03:48.857229+00:00,scheduler,0,100,9137.1,10240.0,64,318.184
2026-06-08T07:03:48.857229+00:00,scheduler,1,0,675.9,10240.0,41,25.172
2026-06-08T07:03:48.857229+00:00,scheduler,2,0,699.9,10240.0,43,20.411
2026-06-08T07:03:48.857229+00:00,scheduler,3,100,8837.9,10240.0,76,317.352
2026-06-08T07:03:53.857877+00:00,scheduler,0,100,9137.1,10240.0,65,318.322
2026-06-08T07:03:53.857877+00:00,scheduler,1,0,675.9,10240.0,41,25.25
2026-06-08T07:03:53.857877+00:00,scheduler,2,0,699.9,10240.0,42,20.318
2026-06-08T07:03:53.857877+00:00,scheduler,3,10,8837.9,10240.0,56,101.572
2026-06-08T07:03:58.858552+00:00,scheduler,0,10,9137.1,10240.0,54,99.593
2026-06-08T07:03:58.858552+00:00,scheduler,1,0,675.9,10240.0,41,25.018
2026-06-08T07:03:58.858552+00:00,scheduler,2,0,699.9,10240.0,41,19.965
2026-06-08T07:03:58.858552+00:00,scheduler,3,0,699.9,10240.0,57,127.514
2026-06-08T07:04:03.859235+00:00,scheduler,0,0,999.1,10240.0,54,117.919
2026-06-08T07:04:03.859235+00:00,scheduler,1,0,675.9,10240.0,41,24.95
2026-06-08T07:04:03.859235+00:00,scheduler,2,0,699.9,10240.0,41,20.019
2026-06-08T07:04:03.859235+00:00,scheduler,3,0,699.9,10240.0,53,100.071
2026-06-08T07:04:08.859855+00:00,scheduler,0,0,999.1,10240.0,51,97.977
2026-06-08T07:04:08.859855+00:00,scheduler,1,0,675.9,10240.0,41,24.842
2026-06-08T07:04:08.859855+00:00,scheduler,2,0,699.9,10240.0,40,19.761
2026-06-08T07:04:08.859855+00:00,scheduler,3,0,699.9,10240.0,52,99.437
2026-06-08T07:04:13.860532+00:00,scheduler,0,0,999.1,10240.0,50,97.636
2026-06-08T07:04:13.860532+00:00,scheduler,1,0,675.9,10240.0,41,24.811
2026-06-08T07:04:13.860532+00:00,scheduler,2,0,699.9,10240.0,40,19.67
2026-06-08T07:04:13.860532+00:00,scheduler,3,0,699.9,10240.0,51,96.023
2026-06-08T07:04:18.861186+00:00,scheduler,0,0,999.1,10240.0,50,97.19
2026-06-08T07:04:18.861186+00:00,scheduler,1,0,675.9,10240.0,41,24.636
2026-06-08T07:04:18.861186+00:00,scheduler,2,0,699.9,10240.0,40,19.541
2026-06-08T07:04:18.861186+00:00,scheduler,3,0,699.9,10240.0,45,28.158
2026-06-08T07:04:23.861889+00:00,scheduler,0,0,999.1,10240.0,45,24.057
2026-06-08T07:04:23.861889+00:00,scheduler,1,0,675.9,10240.0,41,24.746
2026-06-08T07:04:23.861889+00:00,scheduler,2,0,699.9,10240.0,39,19.594
2026-06-08T07:04:23.861889+00:00,scheduler,3,0,699.9,10240.0,43,28.058
2026-06-08T07:04:28.862598+00:00,scheduler,0,0,999.1,10240.0,44,23.992
2026-06-08T07:04:28.862598+00:00,scheduler,1,0,675.9,10240.0,41,24.748
2026-06-08T07:04:28.862598+00:00,scheduler,2,11,8721.9,10240.0,48,115.732
2026-06-08T07:04:28.862598+00:00,scheduler,3,0,699.9,10240.0,43,28.014
2026-06-08T07:04:33.863254+00:00,scheduler,0,0,999.1,10240.0,43,23.843
2026-06-08T07:04:33.863254+00:00,scheduler,1,0,675.9,10240.0,41,25.148
2026-06-08T07:04:33.863254+00:00,scheduler,2,100,8837.9,10240.0,65,318.793
2026-06-08T07:04:33.863254+00:00,scheduler,3,0,699.9,10240.0,42,27.935
2026-06-08T07:04:38.863795+00:00,scheduler,0,0,999.1,10240.0,42,23.818
2026-06-08T07:04:38.863795+00:00,scheduler,1,0,675.9,10240.0,41,24.945
2026-06-08T07:04:38.863795+00:00,scheduler,2,100,8837.9,10240.0,67,302.789
2026-06-08T07:04:38.863795+00:00,scheduler,3,0,699.9,10240.0,41,27.923
2026-06-08T07:04:43.864405+00:00,scheduler,0,0,999.1,10240.0,41,23.698
2026-06-08T07:04:43.864405+00:00,scheduler,1,0,675.9,10240.0,41,25.046
2026-06-08T07:04:43.864405+00:00,scheduler,2,100,8837.9,10240.0,68,289.121
2026-06-08T07:04:43.864405+00:00,scheduler,3,0,699.9,10240.0,40,27.695
2026-06-08T07:04:48.864976+00:00,scheduler,0,0,999.1,10240.0,41,23.652
2026-06-08T07:04:48.864976+00:00,scheduler,1,0,675.9,10240.0,41,25.048
2026-06-08T07:04:48.864976+00:00,scheduler,2,100,8837.9,10240.0,68,284.428
2026-06-08T07:04:48.864976+00:00,scheduler,3,0,699.9,10240.0,40,27.715
2026-06-08T07:04:53.865597+00:00,scheduler,0,47,9001.1,10240.0,46,111.162
2026-06-08T07:04:53.865597+00:00,scheduler,1,0,675.9,10240.0,41,24.974
2026-06-08T07:04:53.865597+00:00,scheduler,2,100,8837.9,10240.0,68,276.206
2026-06-08T07:04:53.865597+00:00,scheduler,3,0,699.9,10240.0,39,27.82
2026-06-08T07:04:58.866181+00:00,scheduler,0,51,6309.1,10240.0,46,109.271
2026-06-08T07:04:58.866181+00:00,scheduler,1,0,675.9,10240.0,41,25.042
2026-06-08T07:04:58.866181+00:00,scheduler,2,100,8837.9,10240.0,69,272.109
2026-06-08T07:04:58.866181+00:00,scheduler,3,0,699.9,10240.0,39,27.811
2026-06-08T07:05:03.866701+00:00,scheduler,0,100,9137.1,10240.0,58,318.795
2026-06-08T07:05:03.866701+00:00,scheduler,1,0,675.9,10240.0,41,25.082
2026-06-08T07:05:03.866701+00:00,scheduler,2,100,8837.9,10240.0,70,271.202
2026-06-08T07:05:03.866701+00:00,scheduler,3,0,699.9,10240.0,39,27.777
2026-06-08T07:05:08.867240+00:00,scheduler,0,100,9137.1,10240.0,59,318.067
2026-06-08T07:05:08.867240+00:00,scheduler,1,0,675.9,10240.0,41,25.005
2026-06-08T07:05:08.867240+00:00,scheduler,2,100,8837.9,10240.0,70,265.706
2026-06-08T07:05:08.867240+00:00,scheduler,3,0,699.9,10240.0,39,27.721
2026-06-08T07:05:13.867769+00:00,scheduler,0,100,9137.1,10240.0,60,318.609
2026-06-08T07:05:13.867769+00:00,scheduler,1,0,675.9,10240.0,41,25.039
2026-06-08T07:05:13.867769+00:00,scheduler,2,100,8837.9,10240.0,70,259.198
2026-06-08T07:05:13.867769+00:00,scheduler,3,0,699.9,10240.0,38,27.603
2026-06-08T07:05:18.868400+00:00,scheduler,0,100,9137.1,10240.0,61,318.634
2026-06-08T07:05:18.868400+00:00,scheduler,1,0,675.9,10240.0,41,25.098
2026-06-08T07:05:18.868400+00:00,scheduler,2,9,8837.9,10240.0,55,99.366
2026-06-08T07:05:18.868400+00:00,scheduler,3,0,699.9,10240.0,38,27.59
2026-06-08T07:05:23.869035+00:00,scheduler,0,100,9137.1,10240.0,62,318.978
2026-06-08T07:05:23.869035+00:00,scheduler,1,0,675.9,10240.0,41,25.196
2026-06-08T07:05:23.869035+00:00,scheduler,2,0,699.9,10240.0,54,107.329
2026-06-08T07:05:23.869035+00:00,scheduler,3,0,699.9,10240.0,38,27.52
2026-06-08T07:05:28.869675+00:00,scheduler,0,100,9137.1,10240.0,63,318.604
2026-06-08T07:05:28.869675+00:00,scheduler,1,0,675.9,10240.0,41,25.045
2026-06-08T07:05:28.869675+00:00,scheduler,2,0,699.9,10240.0,53,96.26
2026-06-08T07:05:28.869675+00:00,scheduler,3,0,699.9,10240.0,38,27.557
2026-06-08T07:05:33.870224+00:00,scheduler,0,100,9137.1,10240.0,64,318.808
2026-06-08T07:05:33.870224+00:00,scheduler,1,0,675.9,10240.0,41,24.986
2026-06-08T07:05:33.870224+00:00,scheduler,2,0,699.9,10240.0,52,95.102
2026-06-08T07:05:33.870224+00:00,scheduler,3,0,699.9,10240.0,38,27.628
2026-06-08T07:05:38.870811+00:00,scheduler,0,100,9137.1,10240.0,64,318.443
2026-06-08T07:05:38.870811+00:00,scheduler,1,0,675.9,10240.0,41,25.1
2026-06-08T07:05:38.870811+00:00,scheduler,2,0,699.9,10240.0,51,92.247
2026-06-08T07:05:38.870811+00:00,scheduler,3,0,699.9,10240.0,37,27.652
2026-06-08T07:05:43.871363+00:00,scheduler,0,11,9137.1,10240.0,53,99.492
2026-06-08T07:05:43.871363+00:00,scheduler,1,0,675.9,10240.0,41,24.688
2026-06-08T07:05:43.871363+00:00,scheduler,2,0,699.9,10240.0,45,20.579
2026-06-08T07:05:43.871363+00:00,scheduler,3,0,699.9,10240.0,37,27.749
2026-06-08T07:05:48.871976+00:00,scheduler,0,0,999.1,10240.0,52,107.215
2026-06-08T07:05:48.871976+00:00,scheduler,1,0,675.9,10240.0,41,24.652
2026-06-08T07:05:48.871976+00:00,scheduler,2,0,699.9,10240.0,44,20.297
2026-06-08T07:05:48.871976+00:00,scheduler,3,0,699.9,10240.0,37,27.699
2026-06-08T07:05:53.873949+00:00,scheduler,0,0,999.1,10240.0,51,97.886
2026-06-08T07:05:53.873949+00:00,scheduler,1,0,675.9,10240.0,41,24.628
2026-06-08T07:05:53.873949+00:00,scheduler,2,0,699.9,10240.0,43,20.423
2026-06-08T07:05:53.873949+00:00,scheduler,3,0,699.9,10240.0,37,27.697
2026-06-08T07:05:58.874605+00:00,scheduler,0,0,999.1,10240.0,50,97.561
2026-06-08T07:05:58.874605+00:00,scheduler,1,0,675.9,10240.0,41,24.82
2026-06-08T07:05:58.874605+00:00,scheduler,2,50,8721.9,10240.0,51,158.634
2026-06-08T07:05:58.874605+00:00,scheduler,3,0,699.9,10240.0,37,27.463
2026-06-08T07:06:03.875141+00:00,scheduler,0,0,999.1,10240.0,47,84.581
2026-06-08T07:06:03.875141+00:00,scheduler,1,0,675.9,10240.0,41,24.754
2026-06-08T07:06:03.875141+00:00,scheduler,2,48,8835.9,10240.0,51,119.946
2026-06-08T07:06:03.875141+00:00,scheduler,3,0,699.9,10240.0,37,27.654
2026-06-08T07:06:08.875684+00:00,scheduler,0,0,999.1,10240.0,45,23.959
2026-06-08T07:06:08.875684+00:00,scheduler,1,0,675.9,10240.0,41,24.842
2026-06-08T07:06:08.875684+00:00,scheduler,2,100,8837.9,10240.0,68,302.332
2026-06-08T07:06:08.875684+00:00,scheduler,3,0,699.9,10240.0,37,27.568
2026-06-08T07:06:13.876250+00:00,scheduler,0,0,999.1,10240.0,44,23.881
2026-06-08T07:06:13.876250+00:00,scheduler,1,0,675.9,10240.0,41,25.056
2026-06-08T07:06:13.876250+00:00,scheduler,2,100,8837.9,10240.0,68,281.846
2026-06-08T07:06:13.876250+00:00,scheduler,3,0,699.9,10240.0,37,27.442
2026-06-08T07:06:18.876781+00:00,scheduler,0,0,999.1,10240.0,43,23.979
2026-06-08T07:06:18.876781+00:00,scheduler,1,0,675.9,10240.0,41,24.934
2026-06-08T07:06:18.876781+00:00,scheduler,2,100,8837.9,10240.0,69,279.36
2026-06-08T07:06:18.876781+00:00,scheduler,3,0,699.9,10240.0,37,27.612
2026-06-08T07:06:23.877341+00:00,scheduler,0,0,999.1,10240.0,42,23.852
2026-06-08T07:06:23.877341+00:00,scheduler,1,0,675.9,10240.0,41,24.881
2026-06-08T07:06:23.877341+00:00,scheduler,2,100,8837.9,10240.0,69,271.738
2026-06-08T07:06:23.877341+00:00,scheduler,3,0,699.9,10240.0,37,27.541
2026-06-08T07:06:28.878039+00:00,scheduler,0,0,999.1,10240.0,41,23.81
2026-06-08T07:06:28.878039+00:00,scheduler,1,48,8697.9,10240.0,59,153.392
2026-06-08T07:06:28.878039+00:00,scheduler,2,100,8837.9,10240.0,70,272.501
2026-06-08T07:06:28.878039+00:00,scheduler,3,0,699.9,10240.0,37,27.421
2026-06-08T07:06:33.878611+00:00,scheduler,0,0,999.1,10240.0,41,23.7
2026-06-08T07:06:33.878611+00:00,scheduler,1,9,8697.9,10240.0,51,101.131
2026-06-08T07:06:33.878611+00:00,scheduler,2,100,8837.9,10240.0,70,272.919
2026-06-08T07:06:33.878611+00:00,scheduler,3,0,699.9,10240.0,37,27.614
2026-06-08T07:06:38.879233+00:00,scheduler,0,0,999.1,10240.0,40,23.688
2026-06-08T07:06:38.879233+00:00,scheduler,1,100,8813.9,10240.0,70,283.462
2026-06-08T07:06:38.879233+00:00,scheduler,2,100,8837.9,10240.0,70,265.411
2026-06-08T07:06:38.879233+00:00,scheduler,3,0,699.9,10240.0,37,27.518
2026-06-08T07:06:43.879843+00:00,scheduler,0,0,999.1,10240.0,40,23.474
2026-06-08T07:06:43.879843+00:00,scheduler,1,100,8813.9,10240.0,70,272.882
2026-06-08T07:06:43.879843+00:00,scheduler,2,100,8837.9,10240.0,71,266.014
2026-06-08T07:06:43.879843+00:00,scheduler,3,0,699.9,10240.0,37,27.503
2026-06-08T07:06:48.880464+00:00,scheduler,0,0,999.1,10240.0,40,23.594
2026-06-08T07:06:48.880464+00:00,scheduler,1,100,8813.9,10240.0,70,263.134
2026-06-08T07:06:48.880464+00:00,scheduler,2,8,8837.9,10240.0,61,132.812
2026-06-08T07:06:48.880464+00:00,scheduler,3,0,699.9,10240.0,37,27.583
2026-06-08T07:06:53.881089+00:00,scheduler,0,0,999.1,10240.0,39,23.475
2026-06-08T07:06:53.881089+00:00,scheduler,1,100,8813.9,10240.0,71,261.873
2026-06-08T07:06:53.881089+00:00,scheduler,2,8,807.9,10240.0,55,99.11
2026-06-08T07:06:53.881089+00:00,scheduler,3,0,699.9,10240.0,36,27.681
2026-06-08T07:06:58.881696+00:00,scheduler,0,0,999.1,10240.0,39,23.573
2026-06-08T07:06:58.881696+00:00,scheduler,1,100,8813.9,10240.0,71,258.635
2026-06-08T07:06:58.881696+00:00,scheduler,2,0,699.9,10240.0,54,97.419
2026-06-08T07:06:58.881696+00:00,scheduler,3,0,699.9,10240.0,37,27.591
2026-06-08T07:07:03.882246+00:00,scheduler,0,0,999.1,10240.0,39,23.49
2026-06-08T07:07:03.882246+00:00,scheduler,1,100,8813.9,10240.0,71,252.568
2026-06-08T07:07:03.882246+00:00,scheduler,2,0,699.9,10240.0,53,95.619
2026-06-08T07:07:03.882246+00:00,scheduler,3,0,699.9,10240.0,36,27.473
2026-06-08T07:07:08.882824+00:00,scheduler,0,0,999.1,10240.0,38,23.403
2026-06-08T07:07:08.882824+00:00,scheduler,1,100,8813.9,10240.0,72,248.0
2026-06-08T07:07:08.882824+00:00,scheduler,2,0,699.9,10240.0,52,94.818
2026-06-08T07:07:08.882824+00:00,scheduler,3,0,699.9,10240.0,36,27.416
2026-06-08T07:07:13.883422+00:00,scheduler,0,0,999.1,10240.0,38,23.442
2026-06-08T07:07:13.883422+00:00,scheduler,1,100,8813.9,10240.0,72,249.928
2026-06-08T07:07:13.883422+00:00,scheduler,2,0,699.9,10240.0,46,22.348
2026-06-08T07:07:13.883422+00:00,scheduler,3,0,699.9,10240.0,36,27.685
2026-06-08T07:07:18.884022+00:00,scheduler,0,0,999.1,10240.0,38,23.35
2026-06-08T07:07:18.884022+00:00,scheduler,1,100,8813.9,10240.0,73,250.935
2026-06-08T07:07:18.884022+00:00,scheduler,2,0,699.9,10240.0,45,20.645
2026-06-08T07:07:18.884022+00:00,scheduler,3,0,699.9,10240.0,36,27.579
2026-06-08T07:07:23.884555+00:00,scheduler,0,0,999.1,10240.0,38,23.448
2026-06-08T07:07:23.884555+00:00,scheduler,1,10,8813.9,10240.0,60,107.747
2026-06-08T07:07:23.884555+00:00,scheduler,2,0,699.9,10240.0,44,20.242
2026-06-08T07:07:23.884555+00:00,scheduler,3,0,699.9,10240.0,36,27.393
2026-06-08T07:07:28.885124+00:00,scheduler,0,0,999.1,10240.0,38,23.389
2026-06-08T07:07:28.885124+00:00,scheduler,1,0,675.9,10240.0,62,132.707
2026-06-08T07:07:28.885124+00:00,scheduler,2,0,699.9,10240.0,43,20.075
2026-06-08T07:07:28.885124+00:00,scheduler,3,0,699.9,10240.0,36,27.687
2026-06-08T07:07:33.885790+00:00,scheduler,0,0,999.1,10240.0,37,23.568
2026-06-08T07:07:33.885790+00:00,scheduler,1,0,675.9,10240.0,59,105.847
2026-06-08T07:07:33.885790+00:00,scheduler,2,0,699.9,10240.0,42,19.818
2026-06-08T07:07:33.885790+00:00,scheduler,3,0,699.9,10240.0,36,27.605
2026-06-08T07:07:38.886440+00:00,scheduler,0,0,999.1,10240.0,37,23.33
2026-06-08T07:07:38.886440+00:00,scheduler,1,0,675.9,10240.0,58,105.463
2026-06-08T07:07:38.886440+00:00,scheduler,2,0,699.9,10240.0,41,19.839
2026-06-08T07:07:38.886440+00:00,scheduler,3,0,699.9,10240.0,36,27.442
2026-06-08T07:07:43.886993+00:00,scheduler,0,0,999.1,10240.0,37,23.452
2026-06-08T07:07:43.886993+00:00,scheduler,1,0,675.9,10240.0,58,106.002
2026-06-08T07:07:43.886993+00:00,scheduler,2,0,699.9,10240.0,41,19.605
2026-06-08T07:07:43.886993+00:00,scheduler,3,0,699.9,10240.0,36,27.492
2026-06-08T07:07:48.887656+00:00,scheduler,0,0,999.1,10240.0,37,23.428
2026-06-08T07:07:48.887656+00:00,scheduler,1,0,675.9,10240.0,50,25.205
2026-06-08T07:07:48.887656+00:00,scheduler,2,0,699.9,10240.0,40,19.39
2026-06-08T07:07:48.887656+00:00,scheduler,3,0,699.9,10240.0,36,27.634
2026-06-08T07:07:53.888249+00:00,scheduler,0,0,999.1,10240.0,37,23.701
2026-06-08T07:07:53.888249+00:00,scheduler,1,10,8697.9,10240.0,61,190.987
2026-06-08T07:07:53.888249+00:00,scheduler,2,0,699.9,10240.0,40,19.544
2026-06-08T07:07:53.888249+00:00,scheduler,3,0,699.9,10240.0,36,27.408
2026-06-08T07:07:58.888858+00:00,scheduler,0,0,999.1,10240.0,37,23.525
2026-06-08T07:07:58.888858+00:00,scheduler,1,6,1791.9,10240.0,57,108.669
2026-06-08T07:07:58.888858+00:00,scheduler,2,0,699.9,10240.0,40,19.396
2026-06-08T07:07:58.888858+00:00,scheduler,3,0,699.9,10240.0,36,27.581
2026-06-08T07:08:03.889514+00:00,scheduler,0,0,999.1,10240.0,37,23.476
2026-06-08T07:08:03.889514+00:00,scheduler,1,100,8813.9,10240.0,73,266.542
2026-06-08T07:08:03.889514+00:00,scheduler,2,0,699.9,10240.0,39,19.858
2026-06-08T07:08:03.889514+00:00,scheduler,3,0,699.9,10240.0,36,27.621
2026-06-08T07:08:08.890142+00:00,scheduler,0,0,999.1,10240.0,37,23.529
2026-06-08T07:08:08.890142+00:00,scheduler,1,100,8813.9,10240.0,72,251.67
2026-06-08T07:08:08.890142+00:00,scheduler,2,0,699.9,10240.0,39,19.759
2026-06-08T07:08:08.890142+00:00,scheduler,3,14,8721.9,10240.0,45,116.217
2026-06-08T07:08:13.890789+00:00,scheduler,0,0,999.1,10240.0,37,23.465
2026-06-08T07:08:13.890789+00:00,scheduler,1,100,8813.9,10240.0,72,252.768
2026-06-08T07:08:13.890789+00:00,scheduler,2,0,699.9,10240.0,39,19.666
2026-06-08T07:08:13.890789+00:00,scheduler,3,100,8837.9,10240.0,66,319.543
2026-06-08T07:08:18.891344+00:00,scheduler,0,0,999.1,10240.0,37,23.334
2026-06-08T07:08:18.891344+00:00,scheduler,1,100,8813.9,10240.0,72,249.34
2026-06-08T07:08:18.891344+00:00,scheduler,2,0,699.9,10240.0,39,19.578
2026-06-08T07:08:18.891344+00:00,scheduler,3,100,8837.9,10240.0,70,318.659
2026-06-08T07:08:23.891941+00:00,scheduler,0,0,999.1,10240.0,37,23.419
2026-06-08T07:08:23.891941+00:00,scheduler,1,100,8813.9,10240.0,72,243.031
2026-06-08T07:08:23.891941+00:00,scheduler,2,0,699.9,10240.0,38,19.534
2026-06-08T07:08:23.891941+00:00,scheduler,3,100,8837.9,10240.0,72,318.526
2026-06-08T07:08:28.892546+00:00,scheduler,0,0,999.1,10240.0,37,23.288
2026-06-08T07:08:28.892546+00:00,scheduler,1,100,8813.9,10240.0,72,243.239
2026-06-08T07:08:28.892546+00:00,scheduler,2,0,699.9,10240.0,38,19.671
2026-06-08T07:08:28.892546+00:00,scheduler,3,100,8837.9,10240.0,73,319.698
2026-06-08T07:08:33.893258+00:00,scheduler,0,0,999.1,10240.0,37,23.357
2026-06-08T07:08:33.893258+00:00,scheduler,1,100,8813.9,10240.0,73,242.945
2026-06-08T07:08:33.893258+00:00,scheduler,2,0,699.9,10240.0,38,19.584
2026-06-08T07:08:33.893258+00:00,scheduler,3,100,8837.9,10240.0,73,318.507
2026-06-08T07:08:38.895272+00:00,scheduler,0,0,999.1,10240.0,37,23.286
2026-06-08T07:08:38.895272+00:00,scheduler,1,100,8813.9,10240.0,73,242.459
2026-06-08T07:08:38.895272+00:00,scheduler,2,0,699.9,10240.0,38,19.799
2026-06-08T07:08:38.895272+00:00,scheduler,3,100,8837.9,10240.0,74,318.74
2026-06-08T07:08:43.895965+00:00,scheduler,0,0,999.1,10240.0,37,23.484
2026-06-08T07:08:43.895965+00:00,scheduler,1,100,8813.9,10240.0,73,242.484
2026-06-08T07:08:43.895965+00:00,scheduler,2,0,699.9,10240.0,38,19.601
2026-06-08T07:08:43.895965+00:00,scheduler,3,100,8837.9,10240.0,75,319.057
2026-06-08T07:08:48.896676+00:00,scheduler,0,0,999.1,10240.0,37,23.463
2026-06-08T07:08:48.896676+00:00,scheduler,1,9,8813.9,10240.0,62,109.707
2026-06-08T07:08:48.896676+00:00,scheduler,2,0,699.9,10240.0,38,19.726
2026-06-08T07:08:48.896676+00:00,scheduler,3,100,8837.9,10240.0,75,318.239
2026-06-08T07:08:53.903593+00:00,scheduler,0,0,999.1,10240.0,37,23.309
2026-06-08T07:08:53.903593+00:00,scheduler,1,0,675.9,10240.0,63,135.331
2026-06-08T07:08:53.903593+00:00,scheduler,2,0,699.9,10240.0,38,19.788
2026-06-08T07:08:53.903593+00:00,scheduler,3,10,8837.9,10240.0,60,131.778
2026-06-08T07:08:58.911697+00:00,scheduler,0,0,999.1,10240.0,37,23.317
2026-06-08T07:08:58.911697+00:00,scheduler,1,0,675.9,10240.0,60,106.738
2026-06-08T07:08:58.911697+00:00,scheduler,2,0,699.9,10240.0,38,19.408
2026-06-08T07:08:58.911697+00:00,scheduler,3,5,8837.9,10240.0,54,100.696
2026-06-08T07:09:03.914468+00:00,scheduler,0,0,999.1,10240.0,37,23.226
2026-06-08T07:09:03.914468+00:00,scheduler,1,0,675.9,10240.0,59,106.718
2026-06-08T07:09:03.914468+00:00,scheduler,2,0,699.9,10240.0,38,19.424
2026-06-08T07:09:03.914468+00:00,scheduler,3,0,699.9,10240.0,54,105.856
2026-06-08T07:09:08.915029+00:00,scheduler,0,0,999.1,10240.0,36,23.202
2026-06-08T07:09:08.915029+00:00,scheduler,1,0,675.9,10240.0,58,106.399
2026-06-08T07:09:08.915029+00:00,scheduler,2,0,699.9,10240.0,37,19.501
2026-06-08T07:09:08.915029+00:00,scheduler,3,0,699.9,10240.0,52,100.001
2026-06-08T07:09:13.915769+00:00,scheduler,0,0,999.1,10240.0,36,23.243
2026-06-08T07:09:13.915769+00:00,scheduler,1,0,675.9,10240.0,51,25.48
2026-06-08T07:09:13.915769+00:00,scheduler,2,0,699.9,10240.0,37,19.238
2026-06-08T07:09:13.915769+00:00,scheduler,3,0,699.9,10240.0,52,99.866
2026-06-08T07:09:18.916394+00:00,scheduler,0,0,999.1,10240.0,36,23.261
2026-06-08T07:09:18.916394+00:00,scheduler,1,0,675.9,10240.0,49,25.454
2026-06-08T07:09:18.916394+00:00,scheduler,2,0,4545.9,10240.0,42,46.181
2026-06-08T07:09:18.916394+00:00,scheduler,3,0,699.9,10240.0,47,63.787
2026-06-08T07:09:23.916960+00:00,scheduler,0,0,999.1,10240.0,36,23.183
2026-06-08T07:09:23.916960+00:00,scheduler,1,0,675.9,10240.0,48,25.126
2026-06-08T07:09:23.916960+00:00,scheduler,2,53,5469.9,10240.0,47,119.361
2026-06-08T07:09:23.916960+00:00,scheduler,3,0,699.9,10240.0,44,28.454
2026-06-08T07:09:28.917588+00:00,scheduler,0,0,999.1,10240.0,36,23.289
2026-06-08T07:09:28.917588+00:00,scheduler,1,0,675.9,10240.0,47,25.603
2026-06-08T07:09:28.917588+00:00,scheduler,2,100,8837.9,10240.0,65,318.649
2026-06-08T07:09:28.917588+00:00,scheduler,3,0,699.9,10240.0,44,28.109
2026-06-08T07:09:33.918169+00:00,scheduler,0,0,999.1,10240.0,36,23.373
2026-06-08T07:09:33.918169+00:00,scheduler,1,0,675.9,10240.0,47,25.418
2026-06-08T07:09:33.918169+00:00,scheduler,2,100,8837.9,10240.0,67,303.812
2026-06-08T07:09:33.918169+00:00,scheduler,3,0,699.9,10240.0,42,28.079
2026-06-08T07:09:38.918850+00:00,scheduler,0,9,9021.1,10240.0,42,105.454
2026-06-08T07:09:38.918850+00:00,scheduler,1,0,675.9,10240.0,46,25.526
2026-06-08T07:09:38.918850+00:00,scheduler,2,100,8837.9,10240.0,67,294.785
2026-06-08T07:09:38.918850+00:00,scheduler,3,0,699.9,10240.0,42,27.826
2026-06-08T07:09:43.919536+00:00,scheduler,0,65,5301.1,10240.0,43,106.251
2026-06-08T07:09:43.919536+00:00,scheduler,1,0,3581.9,10240.0,50,37.343
2026-06-08T07:09:43.919536+00:00,scheduler,2,100,8837.9,10240.0,68,284.605
2026-06-08T07:09:43.919536+00:00,scheduler,3,0,699.9,10240.0,41,27.752
2026-06-08T07:09:48.920138+00:00,scheduler,0,100,9137.1,10240.0,55,318.595
2026-06-08T07:09:48.920138+00:00,scheduler,1,10,8697.9,10240.0,55,104.133
2026-06-08T07:09:48.920138+00:00,scheduler,2,100,8837.9,10240.0,69,279.873
2026-06-08T07:09:48.920138+00:00,scheduler,3,0,1549.9,10240.0,41,32.206
2026-06-08T07:09:53.920784+00:00,scheduler,0,100,9137.1,10240.0,57,318.625
2026-06-08T07:09:53.920784+00:00,scheduler,1,100,8813.9,10240.0,71,272.031
2026-06-08T07:09:53.920784+00:00,scheduler,2,100,8837.9,10240.0,69,274.469
2026-06-08T07:09:53.920784+00:00,scheduler,3,12,2283.9,10240.0,49,118.617
2026-06-08T07:09:58.921379+00:00,scheduler,0,100,9137.1,10240.0,59,318.727
2026-06-08T07:09:58.921379+00:00,scheduler,1,100,8813.9,10240.0,71,259.015
2026-06-08T07:09:58.921379+00:00,scheduler,2,100,8837.9,10240.0,69,269.588
2026-06-08T07:09:58.921379+00:00,scheduler,3,100,8837.9,10240.0,71,319.041
2026-06-08T07:10:03.921930+00:00,scheduler,0,100,9137.1,10240.0,60,318.981
2026-06-08T07:10:03.921930+00:00,scheduler,1,100,8813.9,10240.0,71,252.188
2026-06-08T07:10:03.921930+00:00,scheduler,2,100,8837.9,10240.0,70,267.066
2026-06-08T07:10:03.921930+00:00,scheduler,3,100,8837.9,10240.0,73,318.93
2026-06-08T07:10:08.922563+00:00,scheduler,0,100,9137.1,10240.0,61,318.433
2026-06-08T07:10:08.922563+00:00,scheduler,1,100,8813.9,10240.0,72,253.839
2026-06-08T07:10:08.922563+00:00,scheduler,2,16,8837.9,10240.0,61,132.832
2026-06-08T07:10:08.922563+00:00,scheduler,3,100,8837.9,10240.0,73,319.021
2026-06-08T07:10:13.923079+00:00,scheduler,0,100,9137.1,10240.0,62,318.464
2026-06-08T07:10:13.923079+00:00,scheduler,1,100,8813.9,10240.0,72,250.898
2026-06-08T07:10:13.923079+00:00,scheduler,2,8,765.9,10240.0,60,131.778
2026-06-08T07:10:13.923079+00:00,scheduler,3,100,8837.9,10240.0,74,318.348
2026-06-08T07:10:18.923589+00:00,scheduler,0,100,9137.1,10240.0,63,318.55
2026-06-08T07:10:18.923589+00:00,scheduler,1,100,8813.9,10240.0,72,251.616
2026-06-08T07:10:18.923589+00:00,scheduler,2,0,699.9,10240.0,53,97.591
2026-06-08T07:10:18.923589+00:00,scheduler,3,100,8837.9,10240.0,75,318.833
2026-06-08T07:10:23.924122+00:00,scheduler,0,100,9137.1,10240.0,63,318.757
2026-06-08T07:10:23.924122+00:00,scheduler,1,100,8813.9,10240.0,72,247.884
2026-06-08T07:10:23.924122+00:00,scheduler,2,0,699.9,10240.0,52,95.774
2026-06-08T07:10:23.924122+00:00,scheduler,3,100,8837.9,10240.0,75,318.558
2026-06-08T07:10:28.924656+00:00,scheduler,0,10,9137.1,10240.0,53,98.501
2026-06-08T07:10:28.924656+00:00,scheduler,1,100,8813.9,10240.0,73,247.751
2026-06-08T07:10:28.924656+00:00,scheduler,2,0,699.9,10240.0,52,95.071
2026-06-08T07:10:28.924656+00:00,scheduler,3,100,8837.9,10240.0,76,318.926
2026-06-08T07:10:33.925181+00:00,scheduler,0,0,999.1,10240.0,53,115.638
2026-06-08T07:10:33.925181+00:00,scheduler,1,100,8813.9,10240.0,73,247.92
2026-06-08T07:10:33.925181+00:00,scheduler,2,0,699.9,10240.0,46,21.375
2026-06-08T07:10:33.925181+00:00,scheduler,3,100,8837.9,10240.0,76,316.794
2026-06-08T07:10:38.925697+00:00,scheduler,0,0,999.1,10240.0,51,97.553
2026-06-08T07:10:38.925697+00:00,scheduler,1,8,8813.9,10240.0,62,115.113
2026-06-08T07:10:38.925697+00:00,scheduler,2,0,699.9,10240.0,45,21.01
2026-06-08T07:10:38.925697+00:00,scheduler,3,10,8837.9,10240.0,57,109.94
2026-06-08T07:10:43.926275+00:00,scheduler,0,0,999.1,10240.0,50,97.234
2026-06-08T07:10:43.926275+00:00,scheduler,1,0,675.9,10240.0,63,134.221
2026-06-08T07:10:43.926275+00:00,scheduler,2,0,699.9,10240.0,44,20.992
2026-06-08T07:10:43.926275+00:00,scheduler,3,0,699.9,10240.0,57,127.632
2026-06-08T07:10:48.926941+00:00,scheduler,0,0,999.1,10240.0,50,97.394
2026-06-08T07:10:48.926941+00:00,scheduler,1,0,675.9,10240.0,60,106.666
2026-06-08T07:10:48.926941+00:00,scheduler,2,0,699.9,10240.0,43,20.483
2026-06-08T07:10:48.926941+00:00,scheduler,3,0,699.9,10240.0,53,100.24
2026-06-08T07:10:53.927542+00:00,scheduler,0,0,999.1,10240.0,45,23.787
2026-06-08T07:10:53.927542+00:00,scheduler,1,0,675.9,10240.0,59,106.182
2026-06-08T07:10:53.927542+00:00,scheduler,2,0,699.9,10240.0,42,20.344
2026-06-08T07:10:53.927542+00:00,scheduler,3,0,699.9,10240.0,52,99.705
2026-06-08T07:10:58.928266+00:00,scheduler,0,0,999.1,10240.0,44,23.82
2026-06-08T07:10:58.928266+00:00,scheduler,1,0,675.9,10240.0,59,105.886
2026-06-08T07:10:58.928266+00:00,scheduler,2,0,699.9,10240.0,41,20.232
2026-06-08T07:10:58.928266+00:00,scheduler,3,0,699.9,10240.0,52,99.634
2026-06-08T07:11:03.928939+00:00,scheduler,0,0,999.1,10240.0,43,23.898
2026-06-08T07:11:03.928939+00:00,scheduler,1,0,675.9,10240.0,51,25.868
2026-06-08T07:11:03.928939+00:00,scheduler,2,0,699.9,10240.0,41,19.829
2026-06-08T07:11:03.928939+00:00,scheduler,3,0,699.9,10240.0,45,28.476
2026-06-08T07:11:08.929492+00:00,scheduler,0,0,999.1,10240.0,42,23.645
2026-06-08T07:11:08.929492+00:00,scheduler,1,0,675.9,10240.0,50,25.212
2026-06-08T07:11:08.929492+00:00,scheduler,2,0,699.9,10240.0,40,19.88
2026-06-08T07:11:08.929492+00:00,scheduler,3,0,699.9,10240.0,44,28.19
2026-06-08T07:11:13.930130+00:00,scheduler,0,38,9021.1,10240.0,48,114.726
2026-06-08T07:11:13.930130+00:00,scheduler,1,0,675.9,10240.0,49,25.336
2026-06-08T07:11:13.930130+00:00,scheduler,2,0,699.9,10240.0,40,20.117
2026-06-08T07:11:13.930130+00:00,scheduler,3,0,699.9,10240.0,43,28.102
2026-06-08T07:11:18.930919+00:00,scheduler,0,54,8181.1,10240.0,48,115.852
2026-06-08T07:11:18.930919+00:00,scheduler,1,0,675.9,10240.0,48,25.151
2026-06-08T07:11:18.930919+00:00,scheduler,2,0,699.9,10240.0,40,19.789
2026-06-08T07:11:18.930919+00:00,scheduler,3,0,699.9,10240.0,42,28.12
2026-06-08T07:11:23.931634+00:00,scheduler,0,100,9137.1,10240.0,59,318.623
2026-06-08T07:11:23.931634+00:00,scheduler,1,0,675.9,10240.0,48,25.859
2026-06-08T07:11:23.931634+00:00,scheduler,2,10,8721.9,10240.0,48,116.799
2026-06-08T07:11:23.931634+00:00,scheduler,3,0,699.9,10240.0,41,27.914
2026-06-08T07:11:28.932173+00:00,scheduler,0,100,9137.1,10240.0,60,318.756
2026-06-08T07:11:28.932173+00:00,scheduler,1,0,675.9,10240.0,47,25.599
2026-06-08T07:11:28.932173+00:00,scheduler,2,100,8837.9,10240.0,65,319.27
2026-06-08T07:11:28.932173+00:00,scheduler,3,0,4061.9,10240.0,44,39.972
2026-06-08T07:11:33.932812+00:00,scheduler,0,100,9137.1,10240.0,61,318.343
2026-06-08T07:11:33.932812+00:00,scheduler,1,0,675.9,10240.0,46,25.541
2026-06-08T07:11:33.932812+00:00,scheduler,2,100,8837.9,10240.0,67,303.103
2026-06-08T07:11:33.932812+00:00,scheduler,3,51,5235.9,10240.0,50,125.157
2026-06-08T07:11:38.933441+00:00,scheduler,0,100,9137.1,10240.0,62,318.326
2026-06-08T07:11:38.933441+00:00,scheduler,1,0,675.9,10240.0,46,25.577
2026-06-08T07:11:38.933441+00:00,scheduler,2,100,8837.9,10240.0,68,288.834
2026-06-08T07:11:38.933441+00:00,scheduler,3,100,8837.9,10240.0,71,319.106
2026-06-08T07:11:43.933973+00:00,scheduler,0,100,9137.1,10240.0,63,318.488
2026-06-08T07:11:43.933973+00:00,scheduler,1,0,675.9,10240.0,46,25.429
2026-06-08T07:11:43.933973+00:00,scheduler,2,100,8837.9,10240.0,68,279.717
2026-06-08T07:11:43.933973+00:00,scheduler,3,100,8837.9,10240.0,73,318.362
2026-06-08T07:11:48.934489+00:00,scheduler,0,100,9137.1,10240.0,63,318.858
2026-06-08T07:11:48.934489+00:00,scheduler,1,0,675.9,10240.0,45,25.414
2026-06-08T07:11:48.934489+00:00,scheduler,2,100,8837.9,10240.0,69,276.844
2026-06-08T07:11:48.934489+00:00,scheduler,3,100,8837.9,10240.0,74,319.226
2026-06-08T07:11:53.935042+00:00,scheduler,0,100,9137.1,10240.0,64,319.13
2026-06-08T07:11:53.935042+00:00,scheduler,1,0,675.9,10240.0,45,25.473
2026-06-08T07:11:53.935042+00:00,scheduler,2,100,8837.9,10240.0,69,270.717
2026-06-08T07:11:53.935042+00:00,scheduler,3,100,8837.9,10240.0,74,318.401
2026-06-08T07:11:58.935658+00:00,scheduler,0,100,9137.1,10240.0,64,318.88
2026-06-08T07:11:58.935658+00:00,scheduler,1,0,675.9,10240.0,44,25.304
2026-06-08T07:11:58.935658+00:00,scheduler,2,100,8837.9,10240.0,70,270.013
2026-06-08T07:11:58.935658+00:00,scheduler,3,100,8837.9,10240.0,75,318.784
2026-06-08T07:12:03.936166+00:00,scheduler,0,10,9137.1,10240.0,53,98.95
2026-06-08T07:12:03.936166+00:00,scheduler,1,0,675.9,10240.0,44,25.265
2026-06-08T07:12:03.936166+00:00,scheduler,2,100,8837.9,10240.0,70,270.489
2026-06-08T07:12:03.936166+00:00,scheduler,3,100,8837.9,10240.0,75,318.478
2026-06-08T07:12:08.936700+00:00,scheduler,0,0,999.1,10240.0,52,106.566
2026-06-08T07:12:08.936700+00:00,scheduler,1,0,675.9,10240.0,44,25.257
2026-06-08T07:12:08.936700+00:00,scheduler,2,100,8837.9,10240.0,70,265.184
2026-06-08T07:12:08.936700+00:00,scheduler,3,100,8837.9,10240.0,75,318.776
2026-06-08T07:12:13.937328+00:00,scheduler,0,0,999.1,10240.0,51,97.57
2026-06-08T07:12:13.937328+00:00,scheduler,1,0,675.9,10240.0,44,25.318
2026-06-08T07:12:13.937328+00:00,scheduler,2,8,8837.9,10240.0,56,100.293
2026-06-08T07:12:13.937328+00:00,scheduler,3,100,8837.9,10240.0,76,316.372
2026-06-08T07:12:18.937976+00:00,scheduler,0,0,999.1,10240.0,50,97.402
2026-06-08T07:12:18.937976+00:00,scheduler,1,0,675.9,10240.0,44,25.134
2026-06-08T07:12:18.937976+00:00,scheduler,2,0,699.9,10240.0,55,112.2
2026-06-08T07:12:18.937976+00:00,scheduler,3,12,8837.9,10240.0,57,104.4
2026-06-08T07:12:23.938666+00:00,scheduler,0,0,999.1,10240.0,47,82.008
2026-06-08T07:12:23.938666+00:00,scheduler,1,0,675.9,10240.0,43,24.894
2026-06-08T07:12:23.938666+00:00,scheduler,2,0,699.9,10240.0,53,95.902
2026-06-08T07:12:23.938666+00:00,scheduler,3,0,699.9,10240.0,57,127.465
2026-06-08T07:12:28.939277+00:00,scheduler,0,0,999.1,10240.0,45,24.151
2026-06-08T07:12:28.939277+00:00,scheduler,1,0,675.9,10240.0,43,24.832
2026-06-08T07:12:28.939277+00:00,scheduler,2,0,699.9,10240.0,52,94.771
2026-06-08T07:12:28.939277+00:00,scheduler,3,0,699.9,10240.0,53,100.251
2026-06-08T07:12:33.939881+00:00,scheduler,0,0,999.1,10240.0,44,23.812
2026-06-08T07:12:33.939881+00:00,scheduler,1,0,675.9,10240.0,43,24.942
2026-06-08T07:12:33.939881+00:00,scheduler,2,0,699.9,10240.0,51,90.121
2026-06-08T07:12:33.939881+00:00,scheduler,3,0,699.9,10240.0,52,99.385
2026-06-08T07:12:38.940554+00:00,scheduler,0,12,9021.1,10240.0,49,115.882
2026-06-08T07:12:38.940554+00:00,scheduler,1,0,675.9,10240.0,43,24.984
2026-06-08T07:12:38.940554+00:00,scheduler,2,0,699.9,10240.0,45,21.021
2026-06-08T07:12:38.940554+00:00,scheduler,3,0,699.9,10240.0,51,98.997
2026-06-08T07:12:43.941143+00:00,scheduler,0,96,9137.1,10240.0,58,229.037
2026-06-08T07:12:43.941143+00:00,scheduler,1,0,675.9,10240.0,43,24.933
2026-06-08T07:12:43.941143+00:00,scheduler,2,0,699.9,10240.0,44,20.634
2026-06-08T07:12:43.941143+00:00,scheduler,3,0,699.9,10240.0,45,28.477
2026-06-08T07:12:48.941742+00:00,scheduler,0,100,9137.1,10240.0,60,319.317
2026-06-08T07:12:48.941742+00:00,scheduler,1,0,675.9,10240.0,43,25.176
2026-06-08T07:12:48.941742+00:00,scheduler,2,0,699.9,10240.0,43,20.892
2026-06-08T07:12:48.941742+00:00,scheduler,3,0,699.9,10240.0,44,28.093
2026-06-08T07:12:53.942266+00:00,scheduler,0,100,9137.1,10240.0,61,319.466
2026-06-08T07:12:53.942266+00:00,scheduler,1,0,675.9,10240.0,43,25.181
2026-06-08T07:12:53.942266+00:00,scheduler,2,0,699.9,10240.0,42,20.609
2026-06-08T07:12:53.942266+00:00,scheduler,3,0,699.9,10240.0,43,27.944
2026-06-08T07:12:58.942876+00:00,scheduler,0,100,9137.1,10240.0,62,318.105
2026-06-08T07:12:58.942876+00:00,scheduler,1,0,675.9,10240.0,43,25.066
2026-06-08T07:12:58.942876+00:00,scheduler,2,0,699.9,10240.0,42,20.539
2026-06-08T07:12:58.942876+00:00,scheduler,3,0,699.9,10240.0,42,28.131
2026-06-08T07:13:03.943519+00:00,scheduler,0,100,9137.1,10240.0,63,319.083
2026-06-08T07:13:03.943519+00:00,scheduler,1,0,675.9,10240.0,43,24.932
2026-06-08T07:13:03.943519+00:00,scheduler,2,0,699.9,10240.0,41,20.439
2026-06-08T07:13:03.943519+00:00,scheduler,3,0,699.9,10240.0,41,27.844
2026-06-08T07:13:08.944069+00:00,scheduler,0,100,9137.1,10240.0,63,319.168
2026-06-08T07:13:08.944069+00:00,scheduler,1,0,675.9,10240.0,42,25.246
2026-06-08T07:13:08.944069+00:00,scheduler,2,0,699.9,10240.0,40,20.26
2026-06-08T07:13:08.944069+00:00,scheduler,3,0,699.9,10240.0,40,27.756
2026-06-08T07:13:13.944729+00:00,scheduler,0,100,9137.1,10240.0,64,319.297
2026-06-08T07:13:13.944729+00:00,scheduler,1,0,675.9,10240.0,42,25.012
2026-06-08T07:13:13.944729+00:00,scheduler,2,0,699.9,10240.0,40,20.245
2026-06-08T07:13:13.944729+00:00,scheduler,3,0,699.9,10240.0,40,27.767
2026-06-08T07:13:18.945250+00:00,scheduler,0,100,9137.1,10240.0,64,318.606
2026-06-08T07:13:18.945250+00:00,scheduler,1,0,675.9,10240.0,42,24.983
2026-06-08T07:13:18.945250+00:00,scheduler,2,40,8721.9,10240.0,49,118.215
2026-06-08T07:13:18.945250+00:00,scheduler,3,0,699.9,10240.0,40,27.839
2026-06-08T07:13:23.945781+00:00,scheduler,0,100,9137.1,10240.0,65,319.442
2026-06-08T07:13:23.945781+00:00,scheduler,1,0,675.9,10240.0,42,25.037
2026-06-08T07:13:23.945781+00:00,scheduler,2,100,8837.9,10240.0,65,319.323
2026-06-08T07:13:23.945781+00:00,scheduler,3,0,699.9,10240.0,39,27.726
2026-06-08T07:13:28.946415+00:00,scheduler,0,9,9137.1,10240.0,53,99.023
2026-06-08T07:13:28.946415+00:00,scheduler,1,0,675.9,10240.0,42,25.072
2026-06-08T07:13:28.946415+00:00,scheduler,2,100,8837.9,10240.0,67,299.833
2026-06-08T07:13:28.946415+00:00,scheduler,3,0,699.9,10240.0,39,27.687
2026-06-08T07:13:33.947028+00:00,scheduler,0,0,999.1,10240.0,52,103.082
2026-06-08T07:13:33.947028+00:00,scheduler,1,0,675.9,10240.0,42,25.011
2026-06-08T07:13:33.947028+00:00,scheduler,2,100,8837.9,10240.0,68,288.937
2026-06-08T07:13:33.947028+00:00,scheduler,3,0,699.9,10240.0,39,27.571
2026-06-08T07:13:38.947712+00:00,scheduler,0,0,999.1,10240.0,51,97.598
2026-06-08T07:13:38.947712+00:00,scheduler,1,0,675.9,10240.0,42,25.037
2026-06-08T07:13:38.947712+00:00,scheduler,2,100,8837.9,10240.0,68,280.324
2026-06-08T07:13:38.947712+00:00,scheduler,3,0,699.9,10240.0,38,27.608
2026-06-08T07:13:43.948346+00:00,scheduler,0,0,999.1,10240.0,50,97.211
2026-06-08T07:13:43.948346+00:00,scheduler,1,0,675.9,10240.0,42,25.099
2026-06-08T07:13:43.948346+00:00,scheduler,2,100,8837.9,10240.0,69,274.712
2026-06-08T07:13:43.948346+00:00,scheduler,3,0,699.9,10240.0,38,27.47
2026-06-08T07:13:48.948960+00:00,scheduler,0,0,999.1,10240.0,47,51.724
2026-06-08T07:13:48.948960+00:00,scheduler,1,0,675.9,10240.0,42,25.091
2026-06-08T07:13:48.948960+00:00,scheduler,2,100,8837.9,10240.0,69,270.864
2026-06-08T07:13:48.948960+00:00,scheduler,3,0,699.9,10240.0,38,27.517
2026-06-08T07:13:53.949694+00:00,scheduler,0,0,999.1,10240.0,45,23.877
2026-06-08T07:13:53.949694+00:00,scheduler,1,0,675.9,10240.0,42,24.924
2026-06-08T07:13:53.949694+00:00,scheduler,2,100,8837.9,10240.0,70,269.896
2026-06-08T07:13:53.949694+00:00,scheduler,3,0,699.9,10240.0,38,27.659
2026-06-08T07:13:58.950326+00:00,scheduler,0,0,999.1,10240.0,44,23.748
2026-06-08T07:13:58.950326+00:00,scheduler,1,0,675.9,10240.0,42,24.911
2026-06-08T07:13:58.950326+00:00,scheduler,2,100,8837.9,10240.0,70,264.186
2026-06-08T07:13:58.950326+00:00,scheduler,3,0,699.9,10240.0,38,27.451
2026-06-08T07:14:03.950922+00:00,scheduler,0,0,999.1,10240.0,43,23.692
2026-06-08T07:14:03.950922+00:00,scheduler,1,0,675.9,10240.0,42,25.011
2026-06-08T07:14:03.950922+00:00,scheduler,2,100,8837.9,10240.0,70,266.072
2026-06-08T07:14:03.950922+00:00,scheduler,3,0,699.9,10240.0,38,27.576
2026-06-08T07:14:08.951583+00:00,scheduler,0,0,999.1,10240.0,42,23.621
2026-06-08T07:14:08.951583+00:00,scheduler,1,0,675.9,10240.0,42,24.718
2026-06-08T07:14:08.951583+00:00,scheduler,2,8,8837.9,10240.0,56,100.484
2026-06-08T07:14:08.951583+00:00,scheduler,3,0,699.9,10240.0,37,27.617
2026-06-08T07:14:13.952318+00:00,scheduler,0,0,999.1,10240.0,42,23.769
2026-06-08T07:14:13.952318+00:00,scheduler,1,0,675.9,10240.0,42,24.747
2026-06-08T07:14:13.952318+00:00,scheduler,2,0,699.9,10240.0,57,122.71
2026-06-08T07:14:13.952318+00:00,scheduler,3,0,699.9,10240.0,37,27.526
2026-06-08T07:14:18.952949+00:00,scheduler,0,0,999.1,10240.0,41,23.291
2026-06-08T07:14:18.952949+00:00,scheduler,1,0,675.9,10240.0,42,24.829
2026-06-08T07:14:18.952949+00:00,scheduler,2,0,699.9,10240.0,53,96.371
2026-06-08T07:14:18.952949+00:00,scheduler,3,0,699.9,10240.0,37,27.478
2026-06-08T07:14:23.953637+00:00,scheduler,0,0,999.1,10240.0,40,23.555
2026-06-08T07:14:23.953637+00:00,scheduler,1,0,675.9,10240.0,42,24.689
2026-06-08T07:14:23.953637+00:00,scheduler,2,0,699.9,10240.0,52,95.459
2026-06-08T07:14:23.953637+00:00,scheduler,3,0,699.9,10240.0,37,27.637
2026-06-08T07:14:28.954220+00:00,scheduler,0,0,999.1,10240.0,40,23.414
2026-06-08T07:14:28.954220+00:00,scheduler,1,27,8677.9,10240.0,54,110.412
2026-06-08T07:14:28.954220+00:00,scheduler,2,0,699.9,10240.0,51,94.373
2026-06-08T07:14:28.954220+00:00,scheduler,3,0,699.9,10240.0,37,27.511
2026-06-08T07:14:33.954788+00:00,scheduler,0,0,999.1,10240.0,40,23.4
2026-06-08T07:14:33.954788+00:00,scheduler,1,12,8697.9,10240.0,51,101.378
2026-06-08T07:14:33.954788+00:00,scheduler,2,0,699.9,10240.0,46,21.299
2026-06-08T07:14:33.954788+00:00,scheduler,3,0,699.9,10240.0,37,27.635
2026-06-08T07:14:38.955394+00:00,scheduler,0,0,999.1,10240.0,39,23.445
2026-06-08T07:14:38.955394+00:00,scheduler,1,100,8813.9,10240.0,72,319.198
2026-06-08T07:14:38.955394+00:00,scheduler,2,0,699.9,10240.0,44,20.683
2026-06-08T07:14:38.955394+00:00,scheduler,3,0,699.9,10240.0,37,27.501
2026-06-08T07:14:43.955899+00:00,scheduler,0,0,999.1,10240.0,39,23.38
2026-06-08T07:14:43.955899+00:00,scheduler,1,100,8813.9,10240.0,70,266.893
2026-06-08T07:14:43.955899+00:00,scheduler,2,0,699.9,10240.0,43,20.669
2026-06-08T07:14:43.955899+00:00,scheduler,3,0,699.9,10240.0,37,27.593
2026-06-08T07:14:48.956468+00:00,scheduler,0,0,999.1,10240.0,39,23.318
2026-06-08T07:14:48.956468+00:00,scheduler,1,100,8813.9,10240.0,70,264.952
2026-06-08T07:14:48.956468+00:00,scheduler,2,0,699.9,10240.0,42,20.313
2026-06-08T07:14:48.956468+00:00,scheduler,3,0,699.9,10240.0,37,27.65
2026-06-08T07:14:53.957028+00:00,scheduler,0,0,999.1,10240.0,39,23.382
2026-06-08T07:14:53.957028+00:00,scheduler,1,100,8813.9,10240.0,71,261.775
2026-06-08T07:14:53.957028+00:00,scheduler,2,0,699.9,10240.0,42,20.405
2026-06-08T07:14:53.957028+00:00,scheduler,3,0,699.9,10240.0,37,27.565
2026-06-08T07:14:58.957579+00:00,scheduler,0,0,999.1,10240.0,38,23.381
2026-06-08T07:14:58.957579+00:00,scheduler,1,100,8813.9,10240.0,71,258.68
2026-06-08T07:14:58.957579+00:00,scheduler,2,0,699.9,10240.0,41,20.308
2026-06-08T07:14:58.957579+00:00,scheduler,3,0,699.9,10240.0,37,27.6
2026-06-08T07:15:03.958125+00:00,scheduler,0,0,999.1,10240.0,38,23.523
2026-06-08T07:15:03.958125+00:00,scheduler,1,100,8813.9,10240.0,72,255.004
2026-06-08T07:15:03.958125+00:00,scheduler,2,0,699.9,10240.0,41,20.318
2026-06-08T07:15:03.958125+00:00,scheduler,3,0,699.9,10240.0,37,27.487
2026-06-08T07:15:08.958633+00:00,scheduler,0,0,999.1,10240.0,38,23.299
2026-06-08T07:15:08.958633+00:00,scheduler,1,100,8813.9,10240.0,72,254.166
2026-06-08T07:15:08.958633+00:00,scheduler,2,0,699.9,10240.0,40,20.511
2026-06-08T07:15:08.958633+00:00,scheduler,3,0,1441.9,10240.0,37,28.928
2026-06-08T07:15:13.959271+00:00,scheduler,0,0,999.1,10240.0,38,23.321
2026-06-08T07:15:13.959271+00:00,scheduler,1,100,8813.9,10240.0,72,249.527
2026-06-08T07:15:13.959271+00:00,scheduler,2,0,699.9,10240.0,40,20.145
2026-06-08T07:15:13.959271+00:00,scheduler,3,15,8721.9,10240.0,45,114.026
2026-06-08T07:15:18.959860+00:00,scheduler,0,0,999.1,10240.0,38,23.364
2026-06-08T07:15:18.959860+00:00,scheduler,1,100,8813.9,10240.0,72,248.445
2026-06-08T07:15:18.959860+00:00,scheduler,2,0,699.9,10240.0,40,20.196
2026-06-08T07:15:18.959860+00:00,scheduler,3,28,7647.9,10240.0,46,118.941
2026-06-08T07:15:23.960519+00:00,scheduler,0,0,999.1,10240.0,38,23.281
2026-06-08T07:15:23.960519+00:00,scheduler,1,11,8813.9,10240.0,63,131.935
2026-06-08T07:15:23.960519+00:00,scheduler,2,0,699.9,10240.0,39,20.051
2026-06-08T07:15:23.960519+00:00,scheduler,3,100,8837.9,10240.0,69,319.393
2026-06-08T07:15:28.961052+00:00,scheduler,0,0,999.1,10240.0,37,23.226
2026-06-08T07:15:28.961052+00:00,scheduler,1,37,675.9,10240.0,63,165.775
2026-06-08T07:15:28.961052+00:00,scheduler,2,0,699.9,10240.0,39,19.949
2026-06-08T07:15:28.961052+00:00,scheduler,3,100,8837.9,10240.0,71,318.671
2026-06-08T07:15:33.961569+00:00,scheduler,0,0,999.1,10240.0,37,23.203
2026-06-08T07:15:33.961569+00:00,scheduler,1,0,675.9,10240.0,59,106.067
2026-06-08T07:15:33.961569+00:00,scheduler,2,0,699.9,10240.0,39,20.012
2026-06-08T07:15:33.961569+00:00,scheduler,3,100,8837.9,10240.0,72,318.604
2026-06-08T07:15:38.962052+00:00,scheduler,0,0,999.1,10240.0,37,23.369
2026-06-08T07:15:38.962052+00:00,scheduler,1,0,675.9,10240.0,59,105.916
2026-06-08T07:15:38.962052+00:00,scheduler,2,0,699.9,10240.0,39,19.948
2026-06-08T07:15:38.962052+00:00,scheduler,3,100,8837.9,10240.0,73,318.52
2026-06-08T07:15:43.962694+00:00,scheduler,0,0,999.1,10240.0,37,23.256
2026-06-08T07:15:43.962694+00:00,scheduler,1,0,675.9,10240.0,58,105.528
2026-06-08T07:15:43.962694+00:00,scheduler,2,0,699.9,10240.0,39,19.904
2026-06-08T07:15:43.962694+00:00,scheduler,3,100,8837.9,10240.0,74,318.789
2026-06-08T07:15:48.963246+00:00,scheduler,0,0,999.1,10240.0,37,23.268
2026-06-08T07:15:48.963246+00:00,scheduler,1,0,675.9,10240.0,51,26.025
2026-06-08T07:15:48.963246+00:00,scheduler,2,0,699.9,10240.0,38,19.816
2026-06-08T07:15:48.963246+00:00,scheduler,3,100,8837.9,10240.0,74,319.302
2026-06-08T07:15:53.963739+00:00,scheduler,0,0,999.1,10240.0,37,23.293
2026-06-08T07:15:53.963739+00:00,scheduler,1,0,675.9,10240.0,49,25.945
2026-06-08T07:15:53.963739+00:00,scheduler,2,0,699.9,10240.0,38,19.871
2026-06-08T07:15:53.963739+00:00,scheduler,3,100,8837.9,10240.0,75,318.799
2026-06-08T07:15:58.964261+00:00,scheduler,0,0,999.1,10240.0,37,23.209
2026-06-08T07:15:58.964261+00:00,scheduler,1,0,1417.9,10240.0,48,25.906
2026-06-08T07:15:58.964261+00:00,scheduler,2,0,699.9,10240.0,38,19.909
2026-06-08T07:15:58.964261+00:00,scheduler,3,100,8837.9,10240.0,75,315.853
2026-06-08T07:16:03.964852+00:00,scheduler,0,0,999.1,10240.0,37,23.108
2026-06-08T07:16:03.964852+00:00,scheduler,1,11,8697.9,10240.0,60,164.74
2026-06-08T07:16:03.964852+00:00,scheduler,2,0,699.9,10240.0,38,19.699
2026-06-08T07:16:03.964852+00:00,scheduler,3,9,8837.9,10240.0,56,101.393
2026-06-08T07:16:08.965583+00:00,scheduler,0,0,999.1,10240.0,37,23.084
2026-06-08T07:16:08.965583+00:00,scheduler,1,6,6897.9,10240.0,56,104.627
2026-06-08T07:16:08.965583+00:00,scheduler,2,0,699.9,10240.0,38,19.791
2026-06-08T07:16:08.965583+00:00,scheduler,3,0,699.9,10240.0,56,127.686
2026-06-08T07:16:13.966280+00:00,scheduler,0,0,999.1,10240.0,37,23.147
2026-06-08T07:16:13.966280+00:00,scheduler,1,100,8813.9,10240.0,72,272.439
2026-06-08T07:16:13.966280+00:00,scheduler,2,0,699.9,10240.0,38,19.883
2026-06-08T07:16:13.966280+00:00,scheduler,3,0,699.9,10240.0,53,99.654
2026-06-08T07:16:18.966825+00:00,scheduler,0,0,999.1,10240.0,37,23.21
2026-06-08T07:16:18.966825+00:00,scheduler,1,100,8813.9,10240.0,72,254.098
2026-06-08T07:16:18.966825+00:00,scheduler,2,0,699.9,10240.0,38,19.914
2026-06-08T07:16:18.966825+00:00,scheduler,3,0,699.9,10240.0,52,99.285
2026-06-08T07:16:23.967386+00:00,scheduler,0,0,999.1,10240.0,37,23.226
2026-06-08T07:16:23.967386+00:00,scheduler,1,100,8813.9,10240.0,72,252.964
2026-06-08T07:16:23.967386+00:00,scheduler,2,0,699.9,10240.0,38,19.966
2026-06-08T07:16:23.967386+00:00,scheduler,3,0,699.9,10240.0,51,99.002
2026-06-08T07:16:28.968006+00:00,scheduler,0,0,999.1,10240.0,37,23.261
2026-06-08T07:16:28.968006+00:00,scheduler,1,100,8813.9,10240.0,72,252.546
2026-06-08T07:16:28.968006+00:00,scheduler,2,0,699.9,10240.0,37,19.773
2026-06-08T07:16:28.968006+00:00,scheduler,3,0,699.9,10240.0,45,28.189
2026-06-08T07:16:33.968557+00:00,scheduler,0,0,999.1,10240.0,37,23.289
2026-06-08T07:16:33.968557+00:00,scheduler,1,100,8813.9,10240.0,72,249.643
2026-06-08T07:16:33.968557+00:00,scheduler,2,0,699.9,10240.0,37,19.624
2026-06-08T07:16:33.968557+00:00,scheduler,3,0,699.9,10240.0,44,28.003
2026-06-08T07:16:38.969103+00:00,scheduler,0,0,999.1,10240.0,37,23.363
2026-06-08T07:16:38.969103+00:00,scheduler,1,100,8813.9,10240.0,72,246.209
2026-06-08T07:16:38.969103+00:00,scheduler,2,0,699.9,10240.0,37,19.541
2026-06-08T07:16:38.969103+00:00,scheduler,3,0,699.9,10240.0,43,28.217
2026-06-08T07:16:43.969768+00:00,scheduler,0,0,999.1,10240.0,37,23.338
2026-06-08T07:16:43.969768+00:00,scheduler,1,100,8813.9,10240.0,73,246.575
2026-06-08T07:16:43.969768+00:00,scheduler,2,0,699.9,10240.0,37,19.585
2026-06-08T07:16:43.969768+00:00,scheduler,3,0,699.9,10240.0,42,27.907
2026-06-08T07:16:48.970329+00:00,scheduler,0,0,999.1,10240.0,37,23.29
2026-06-08T07:16:48.970329+00:00,scheduler,1,100,8813.9,10240.0,73,246.883
2026-06-08T07:16:48.970329+00:00,scheduler,2,0,699.9,10240.0,37,19.391
2026-06-08T07:16:48.970329+00:00,scheduler,3,0,699.9,10240.0,41,27.818
2026-06-08T07:16:53.970941+00:00,scheduler,0,0,999.1,10240.0,37,23.284
2026-06-08T07:16:53.970941+00:00,scheduler,1,100,8813.9,10240.0,73,243.423
2026-06-08T07:16:53.970941+00:00,scheduler,2,0,699.9,10240.0,37,19.612
2026-06-08T07:16:53.970941+00:00,scheduler,3,0,699.9,10240.0,41,27.905
2026-06-08T07:16:58.971590+00:00,scheduler,0,0,999.1,10240.0,37,23.282
2026-06-08T07:16:58.971590+00:00,scheduler,1,11,8813.9,10240.0,63,121.149
2026-06-08T07:16:58.971590+00:00,scheduler,2,0,699.9,10240.0,37,19.535
2026-06-08T07:16:58.971590+00:00,scheduler,3,8,2421.9,10240.0,45,84.423
2026-06-08T07:17:03.972140+00:00,scheduler,0,0,999.1,10240.0,37,23.302
2026-06-08T07:17:03.972140+00:00,scheduler,1,75,675.9,10240.0,64,156.719
2026-06-08T07:17:03.972140+00:00,scheduler,2,10,8721.9,10240.0,46,153.504
2026-06-08T07:17:03.972140+00:00,scheduler,3,10,8721.9,10240.0,49,120.472
2026-06-08T07:17:08.972779+00:00,scheduler,0,0,999.1,10240.0,37,23.317
2026-06-08T07:17:08.972779+00:00,scheduler,1,0,675.9,10240.0,60,106.497
2026-06-08T07:17:08.972779+00:00,scheduler,2,100,8837.9,10240.0,62,318.662
2026-06-08T07:17:08.972779+00:00,scheduler,3,19,8835.9,10240.0,51,111.09
2026-06-08T07:17:13.973499+00:00,scheduler,0,0,999.1,10240.0,37,23.333
2026-06-08T07:17:13.973499+00:00,scheduler,1,0,675.9,10240.0,59,105.723
2026-06-08T07:17:13.973499+00:00,scheduler,2,100,8837.9,10240.0,66,317.842
2026-06-08T07:17:13.973499+00:00,scheduler,3,100,8837.9,10240.0,71,318.604
2026-06-08T07:17:18.974160+00:00,scheduler,0,0,999.1,10240.0,36,23.399
2026-06-08T07:17:18.974160+00:00,scheduler,1,0,675.9,10240.0,58,105.343
2026-06-08T07:17:18.974160+00:00,scheduler,2,100,8837.9,10240.0,67,296.698
2026-06-08T07:17:18.974160+00:00,scheduler,3,100,8837.9,10240.0,73,319.354
2026-06-08T07:17:23.974717+00:00,scheduler,0,47,9021.1,10240.0,48,150.051
2026-06-08T07:17:23.974717+00:00,scheduler,1,0,675.9,10240.0,51,25.76
2026-06-08T07:17:23.974717+00:00,scheduler,2,100,8837.9,10240.0,68,290.248
2026-06-08T07:17:23.974717+00:00,scheduler,3,100,8837.9,10240.0,73,318.021
2026-06-08T07:17:28.975279+00:00,scheduler,0,83,4599.1,10240.0,43,102.594
2026-06-08T07:17:28.975279+00:00,scheduler,1,0,675.9,10240.0,49,25.818
2026-06-08T07:17:28.975279+00:00,scheduler,2,100,8837.9,10240.0,68,280.946
2026-06-08T07:17:28.975279+00:00,scheduler,3,100,8837.9,10240.0,74,318.063
2026-06-08T07:17:33.975886+00:00,scheduler,0,100,9137.1,10240.0,55,318.525
2026-06-08T07:17:33.975886+00:00,scheduler,1,0,675.9,10240.0,48,25.682
2026-06-08T07:17:33.975886+00:00,scheduler,2,100,8837.9,10240.0,69,278.584
2026-06-08T07:17:33.975886+00:00,scheduler,3,100,8837.9,10240.0,75,318.265
2026-06-08T07:17:38.976575+00:00,scheduler,0,100,9137.1,10240.0,57,318.084
2026-06-08T07:17:38.976575+00:00,scheduler,1,0,675.9,10240.0,47,25.626
2026-06-08T07:17:38.976575+00:00,scheduler,2,100,8837.9,10240.0,69,272.896
2026-06-08T07:17:38.976575+00:00,scheduler,3,100,8837.9,10240.0,75,318.156
2026-06-08T07:17:43.977103+00:00,scheduler,0,100,9137.1,10240.0,59,318.526
2026-06-08T07:17:43.977103+00:00,scheduler,1,0,675.9,10240.0,47,25.628
2026-06-08T07:17:43.977103+00:00,scheduler,2,100,8837.9,10240.0,69,266.336
2026-06-08T07:17:43.977103+00:00,scheduler,3,100,8837.9,10240.0,75,315.271
2026-06-08T07:17:48.977735+00:00,scheduler,0,100,9137.1,10240.0,60,319.122
2026-06-08T07:17:48.977735+00:00,scheduler,1,0,675.9,10240.0,46,25.469
2026-06-08T07:17:48.977735+00:00,scheduler,2,100,8837.9,10240.0,70,265.613
2026-06-08T07:17:48.977735+00:00,scheduler,3,100,8837.9,10240.0,76,316.759
2026-06-08T07:17:53.978369+00:00,scheduler,0,100,9137.1,10240.0,61,318.376
2026-06-08T07:17:53.978369+00:00,scheduler,1,0,675.9,10240.0,46,25.445
2026-06-08T07:17:53.978369+00:00,scheduler,2,11,8837.9,10240.0,56,100.593
2026-06-08T07:17:53.978369+00:00,scheduler,3,7,8837.9,10240.0,56,101.568
2026-06-08T07:17:58.979001+00:00,scheduler,0,100,9137.1,10240.0,62,318.6
2026-06-08T07:17:58.979001+00:00,scheduler,1,0,675.9,10240.0,45,25.556
2026-06-08T07:17:58.979001+00:00,scheduler,2,0,699.9,10240.0,55,110.452
2026-06-08T07:17:58.979001+00:00,scheduler,3,0,699.9,10240.0,57,127.57
2026-06-08T07:18:03.979625+00:00,scheduler,0,100,9137.1,10240.0,63,318.87
2026-06-08T07:18:03.979625+00:00,scheduler,1,0,675.9,10240.0,45,25.281
2026-06-08T07:18:03.979625+00:00,scheduler,2,0,699.9,10240.0,53,96.07
2026-06-08T07:18:03.979625+00:00,scheduler,3,0,699.9,10240.0,53,100.086
2026-06-08T07:18:08.980243+00:00,scheduler,0,100,9137.1,10240.0,63,319.078
2026-06-08T07:18:08.980243+00:00,scheduler,1,0,2689.9,10240.0,49,49.31
2026-06-08T07:18:08.980243+00:00,scheduler,2,0,699.9,10240.0,52,95.332
2026-06-08T07:18:08.980243+00:00,scheduler,3,0,699.9,10240.0,52,99.547
2026-06-08T07:18:13.980862+00:00,scheduler,0,10,9137.1,10240.0,53,98.793
2026-06-08T07:18:13.980862+00:00,scheduler,1,8,8697.9,10240.0,56,128.046
2026-06-08T07:18:13.980862+00:00,scheduler,2,0,699.9,10240.0,50,90.953
2026-06-08T07:18:13.980862+00:00,scheduler,3,0,699.9,10240.0,52,99.184
2026-06-08T07:18:18.981559+00:00,scheduler,0,0,999.1,10240.0,53,117.34
2026-06-08T07:18:18.981559+00:00,scheduler,1,22,6849.9,10240.0,55,118.192
2026-06-08T07:18:18.981559+00:00,scheduler,2,0,699.9,10240.0,46,20.763
2026-06-08T07:18:18.981559+00:00,scheduler,3,0,699.9,10240.0,45,28.394
2026-06-08T07:18:23.982143+00:00,scheduler,0,0,999.1,10240.0,51,97.48
2026-06-08T07:18:23.982143+00:00,scheduler,1,100,8813.9,10240.0,71,268.134
2026-06-08T07:18:23.982143+00:00,scheduler,2,0,699.9,10240.0,44,20.625
2026-06-08T07:18:23.982143+00:00,scheduler,3,0,699.9,10240.0,44,28.12
2026-06-08T07:18:28.982802+00:00,scheduler,0,0,999.1,10240.0,50,97.054
2026-06-08T07:18:28.982802+00:00,scheduler,1,100,8813.9,10240.0,71,259.109
2026-06-08T07:18:28.982802+00:00,scheduler,2,0,699.9,10240.0,43,20.485
2026-06-08T07:18:28.982802+00:00,scheduler,3,0,699.9,10240.0,43,28.115
2026-06-08T07:18:33.983534+00:00,scheduler,0,0,999.1,10240.0,50,96.844
2026-06-08T07:18:33.983534+00:00,scheduler,1,100,8813.9,10240.0,71,255.414
2026-06-08T07:18:33.983534+00:00,scheduler,2,0,699.9,10240.0,43,20.34
2026-06-08T07:18:33.983534+00:00,scheduler,3,0,699.9,10240.0,42,27.925
2026-06-08T07:18:38.984171+00:00,scheduler,0,0,999.1,10240.0,45,23.842
2026-06-08T07:18:38.984171+00:00,scheduler,1,100,8813.9,10240.0,72,252.391
2026-06-08T07:18:38.984171+00:00,scheduler,2,0,699.9,10240.0,42,20.082
2026-06-08T07:18:38.984171+00:00,scheduler,3,0,699.9,10240.0,41,27.773
2026-06-08T07:18:43.984870+00:00,scheduler,0,0,999.1,10240.0,44,23.848
2026-06-08T07:18:43.984870+00:00,scheduler,1,100,8813.9,10240.0,72,250.571
2026-06-08T07:18:43.984870+00:00,scheduler,2,0,699.9,10240.0,41,20.341
2026-06-08T07:18:43.984870+00:00,scheduler,3,0,699.9,10240.0,41,27.869
2026-06-08T07:18:48.985513+00:00,scheduler,0,0,999.1,10240.0,43,23.644
2026-06-08T07:18:48.985513+00:00,scheduler,1,100,8813.9,10240.0,72,251.087
2026-06-08T07:18:48.985513+00:00,scheduler,2,0,699.9,10240.0,41,19.912
2026-06-08T07:18:48.985513+00:00,scheduler,3,0,699.9,10240.0,40,27.83
2026-06-08T07:18:53.986147+00:00,scheduler,0,0,999.1,10240.0,42,23.536
2026-06-08T07:18:53.986147+00:00,scheduler,1,100,8813.9,10240.0,72,246.31
2026-06-08T07:18:53.986147+00:00,scheduler,2,29,5525.9,10240.0,45,47.349
2026-06-08T07:18:53.986147+00:00,scheduler,3,27,2421.9,10240.0,44,63.13
2026-06-08T07:18:58.986827+00:00,scheduler,0,0,999.1,10240.0,42,23.499
2026-06-08T07:18:58.986827+00:00,scheduler,1,100,8813.9,10240.0,73,246.941
2026-06-08T07:18:58.986827+00:00,scheduler,2,48,8835.9,10240.0,49,118.861
2026-06-08T07:18:58.986827+00:00,scheduler,3,44,8721.9,10240.0,49,122.763
2026-06-08T07:19:03.987431+00:00,scheduler,0,10,9021.1,10240.0,46,98.331
2026-06-08T07:19:03.987431+00:00,scheduler,1,100,8813.9,10240.0,73,246.747
2026-06-08T07:19:03.987431+00:00,scheduler,2,100,8837.9,10240.0,67,317.296
2026-06-08T07:19:03.987431+00:00,scheduler,3,30,8837.9,10240.0,62,202.446
2026-06-08T07:19:08.988042+00:00,scheduler,0,100,9137.1,10240.0,58,319.0
2026-06-08T07:19:08.988042+00:00,scheduler,1,10,8813.9,10240.0,61,107.859
2026-06-08T07:19:08.988042+00:00,scheduler,2,100,8837.9,10240.0,68,290.988
2026-06-08T07:19:08.988042+00:00,scheduler,3,100,8837.9,10240.0,71,318.484
2026-06-08T07:19:13.988666+00:00,scheduler,0,100,9137.1,10240.0,59,318.77
2026-06-08T07:19:13.988666+00:00,scheduler,1,0,675.9,10240.0,61,114.686
2026-06-08T07:19:13.988666+00:00,scheduler,2,100,8837.9,10240.0,68,280.68
2026-06-08T07:19:13.988666+00:00,scheduler,3,100,8837.9,10240.0,72,318.416
2026-06-08T07:19:18.989329+00:00,scheduler,0,100,9137.1,10240.0,61,318.606
2026-06-08T07:19:18.989329+00:00,scheduler,1,0,675.9,10240.0,59,106.072
2026-06-08T07:19:18.989329+00:00,scheduler,2,100,8837.9,10240.0,69,273.49
2026-06-08T07:19:18.989329+00:00,scheduler,3,100,8837.9,10240.0,73,318.62
2026-06-08T07:19:23.989887+00:00,scheduler,0,100,9137.1,10240.0,62,318.264
2026-06-08T07:19:23.989887+00:00,scheduler,1,0,675.9,10240.0,59,106.16
2026-06-08T07:19:23.989887+00:00,scheduler,2,100,8837.9,10240.0,69,272.437
2026-06-08T07:19:23.989887+00:00,scheduler,3,100,8837.9,10240.0,74,318.852
2026-06-08T07:19:28.990554+00:00,scheduler,0,100,9137.1,10240.0,62,318.722
2026-06-08T07:19:28.990554+00:00,scheduler,1,0,675.9,10240.0,53,44.588
2026-06-08T07:19:28.990554+00:00,scheduler,2,100,8837.9,10240.0,69,267.756
2026-06-08T07:19:28.990554+00:00,scheduler,3,100,8837.9,10240.0,75,319.272
2026-06-08T07:19:33.991227+00:00,scheduler,0,100,9137.1,10240.0,63,318.854
2026-06-08T07:19:33.991227+00:00,scheduler,1,0,675.9,10240.0,50,26.012
2026-06-08T07:19:33.991227+00:00,scheduler,2,100,8837.9,10240.0,70,269.647
2026-06-08T07:19:33.991227+00:00,scheduler,3,100,8837.9,10240.0,75,318.97
2026-06-08T07:19:38.991814+00:00,scheduler,0,100,9137.1,10240.0,64,318.782
2026-06-08T07:19:38.991814+00:00,scheduler,1,0,675.9,10240.0,49,25.677
2026-06-08T07:19:38.991814+00:00,scheduler,2,100,8837.9,10240.0,70,263.937
2026-06-08T07:19:38.991814+00:00,scheduler,3,100,8837.9,10240.0,76,319.275
2026-06-08T07:19:43.992574+00:00,scheduler,0,100,9137.1,10240.0,64,318.512
2026-06-08T07:19:43.992574+00:00,scheduler,1,0,675.9,10240.0,48,25.747
2026-06-08T07:19:43.992574+00:00,scheduler,2,19,8837.9,10240.0,61,132.672
2026-06-08T07:19:43.992574+00:00,scheduler,3,100,8837.9,10240.0,75,315.769
2026-06-08T07:19:48.993132+00:00,scheduler,0,14,9137.1,10240.0,56,121.489
2026-06-08T07:19:48.993132+00:00,scheduler,1,0,675.9,10240.0,48,25.414
2026-06-08T07:19:48.993132+00:00,scheduler,2,0,699.9,10240.0,58,157.378
2026-06-08T07:19:48.993132+00:00,scheduler,3,8,8837.9,10240.0,56,101.052
2026-06-08T07:19:53.993747+00:00,scheduler,0,0,999.1,10240.0,54,151.114
2026-06-08T07:19:53.993747+00:00,scheduler,1,0,675.9,10240.0,47,25.418
2026-06-08T07:19:53.993747+00:00,scheduler,2,0,699.9,10240.0,54,96.804
2026-06-08T07:19:53.993747+00:00,scheduler,3,0,699.9,10240.0,55,112.711
2026-06-08T07:19:58.994561+00:00,scheduler,0,0,999.1,10240.0,52,98.189
2026-06-08T07:19:58.994561+00:00,scheduler,1,0,675.9,10240.0,47,25.179
2026-06-08T07:19:58.994561+00:00,scheduler,2,0,699.9,10240.0,53,95.238
2026-06-08T07:19:58.994561+00:00,scheduler,3,0,699.9,10240.0,53,100.146
2026-06-08T07:20:03.995186+00:00,scheduler,0,0,999.1,10240.0,51,97.528
2026-06-08T07:20:03.995186+00:00,scheduler,1,0,675.9,10240.0,46,25.278
2026-06-08T07:20:03.995186+00:00,scheduler,2,0,699.9,10240.0,52,94.654
2026-06-08T07:20:03.995186+00:00,scheduler,3,0,699.9,10240.0,52,99.64
2026-06-08T07:20:08.995797+00:00,scheduler,0,0,999.1,10240.0,50,97.441
2026-06-08T07:20:08.995797+00:00,scheduler,1,0,675.9,10240.0,46,25.045
2026-06-08T07:20:08.995797+00:00,scheduler,2,0,699.9,10240.0,46,20.798
2026-06-08T07:20:08.995797+00:00,scheduler,3,0,699.9,10240.0,50,97.749
2026-06-08T07:20:13.996492+00:00,scheduler,0,0,999.1,10240.0,46,24.004
2026-06-08T07:20:13.996492+00:00,scheduler,1,0,675.9,10240.0,45,24.954
2026-06-08T07:20:13.996492+00:00,scheduler,2,0,699.9,10240.0,45,20.112
2026-06-08T07:20:13.996492+00:00,scheduler,3,0,699.9,10240.0,45,28.346
2026-06-08T07:20:18.997143+00:00,scheduler,0,0,999.1,10240.0,44,24.143
2026-06-08T07:20:18.997143+00:00,scheduler,1,0,675.9,10240.0,45,24.97
2026-06-08T07:20:18.997143+00:00,scheduler,2,0,699.9,10240.0,43,20.216
2026-06-08T07:20:18.997143+00:00,scheduler,3,0,699.9,10240.0,44,27.875
2026-06-08T07:20:23.997824+00:00,scheduler,0,0,999.1,10240.0,43,23.61
2026-06-08T07:20:23.997824+00:00,scheduler,1,0,675.9,10240.0,45,24.971
2026-06-08T07:20:23.997824+00:00,scheduler,2,0,699.9,10240.0,43,19.894
2026-06-08T07:20:23.997824+00:00,scheduler,3,0,699.9,10240.0,43,27.903
2026-06-08T07:20:28.998425+00:00,scheduler,0,0,999.1,10240.0,43,23.758
2026-06-08T07:20:28.998425+00:00,scheduler,1,0,675.9,10240.0,45,25.027
2026-06-08T07:20:28.998425+00:00,scheduler,2,0,699.9,10240.0,42,19.771
2026-06-08T07:20:28.998425+00:00,scheduler,3,0,699.9,10240.0,42,27.823
2026-06-08T07:20:33.998984+00:00,scheduler,0,0,999.1,10240.0,42,23.555
2026-06-08T07:20:33.998984+00:00,scheduler,1,0,675.9,10240.0,45,25.018
2026-06-08T07:20:33.998984+00:00,scheduler,2,65,8721.9,10240.0,52,178.436
2026-06-08T07:20:33.998984+00:00,scheduler,3,0,699.9,10240.0,41,27.783
2026-06-08T07:20:38.999569+00:00,scheduler,0,0,999.1,10240.0,41,23.663
2026-06-08T07:20:38.999569+00:00,scheduler,1,0,675.9,10240.0,44,25.126
2026-06-08T07:20:38.999569+00:00,scheduler,2,100,8837.9,10240.0,64,319.63
2026-06-08T07:20:38.999569+00:00,scheduler,3,0,699.9,10240.0,41,27.688
2026-06-08T07:20:44.000076+00:00,scheduler,0,0,999.1,10240.0,41,23.656
2026-06-08T07:20:44.000076+00:00,scheduler,1,0,675.9,10240.0,44,25.432
2026-06-08T07:20:44.000076+00:00,scheduler,2,100,8837.9,10240.0,68,296.895
2026-06-08T07:20:44.000076+00:00,scheduler,3,0,699.9,10240.0,40,27.652
2026-06-08T07:20:49.000679+00:00,scheduler,0,0,999.1,10240.0,40,23.556
2026-06-08T07:20:49.000679+00:00,scheduler,1,0,675.9,10240.0,44,25.237
2026-06-08T07:20:49.000679+00:00,scheduler,2,100,8837.9,10240.0,68,287.606
2026-06-08T07:20:49.000679+00:00,scheduler,3,0,699.9,10240.0,40,27.656
2026-06-08T07:20:54.001162+00:00,scheduler,0,0,999.1,10240.0,40,23.487
2026-06-08T07:20:54.001162+00:00,scheduler,1,0,675.9,10240.0,44,25.284
2026-06-08T07:20:54.001162+00:00,scheduler,2,100,8837.9,10240.0,69,281.6
2026-06-08T07:20:54.001162+00:00,scheduler,3,0,699.9,10240.0,39,27.795
2026-06-08T07:20:59.001692+00:00,scheduler,0,0,999.1,10240.0,40,23.466
2026-06-08T07:20:59.001692+00:00,scheduler,1,0,675.9,10240.0,44,25.14
2026-06-08T07:20:59.001692+00:00,scheduler,2,100,8837.9,10240.0,69,270.651
2026-06-08T07:20:59.001692+00:00,scheduler,3,0,699.9,10240.0,39,27.797
2026-06-08T07:21:04.002253+00:00,scheduler,0,0,999.1,10240.0,39,23.501
2026-06-08T07:21:04.002253+00:00,scheduler,1,0,675.9,10240.0,44,25.125
2026-06-08T07:21:04.002253+00:00,scheduler,2,100,8837.9,10240.0,69,269.358
2026-06-08T07:21:04.002253+00:00,scheduler,3,0,699.9,10240.0,39,27.571
2026-06-08T07:21:09.002793+00:00,scheduler,0,64,9001.1,10240.0,44,110.537
2026-06-08T07:21:09.002793+00:00,scheduler,1,0,675.9,10240.0,43,25.135
2026-06-08T07:21:09.002793+00:00,scheduler,2,100,8837.9,10240.0,70,269.596
2026-06-08T07:21:09.002793+00:00,scheduler,3,0,699.9,10240.0,39,27.605
2026-06-08T07:21:14.003329+00:00,scheduler,0,70,4365.1,10240.0,46,109.086
2026-06-08T07:21:14.003329+00:00,scheduler,1,0,675.9,10240.0,43,25.321
2026-06-08T07:21:14.003329+00:00,scheduler,2,100,8837.9,10240.0,70,265.971
2026-06-08T07:21:14.003329+00:00,scheduler,3,0,699.9,10240.0,38,27.68
2026-06-08T07:21:19.003900+00:00,scheduler,0,100,9137.1,10240.0,57,318.747
2026-06-08T07:21:19.003900+00:00,scheduler,1,0,675.9,10240.0,43,25.257
2026-06-08T07:21:19.003900+00:00,scheduler,2,100,8837.9,10240.0,70,263.93
2026-06-08T07:21:19.003900+00:00,scheduler,3,0,699.9,10240.0,38,27.613
2026-06-08T07:21:24.004455+00:00,scheduler,0,100,9137.1,10240.0,59,318.948
2026-06-08T07:21:24.004455+00:00,scheduler,1,0,675.9,10240.0,43,25.105
2026-06-08T07:21:24.004455+00:00,scheduler,2,10,8837.9,10240.0,57,105.71
2026-06-08T07:21:24.004455+00:00,scheduler,3,0,699.9,10240.0,38,27.665
2026-06-08T07:21:29.005069+00:00,scheduler,0,100,9137.1,10240.0,60,319.077
2026-06-08T07:21:29.005069+00:00,scheduler,1,0,675.9,10240.0,43,25.295
2026-06-08T07:21:29.005069+00:00,scheduler,2,0,699.9,10240.0,58,124.815
2026-06-08T07:21:29.005069+00:00,scheduler,3,0,699.9,10240.0,38,27.679
2026-06-08T07:21:34.005673+00:00,scheduler,0,100,9137.1,10240.0,61,318.746
2026-06-08T07:21:34.005673+00:00,scheduler,1,0,675.9,10240.0,43,25.151
2026-06-08T07:21:34.005673+00:00,scheduler,2,0,699.9,10240.0,54,96.466
2026-06-08T07:21:34.005673+00:00,scheduler,3,0,699.9,10240.0,38,27.661
2026-06-08T07:21:39.006470+00:00,scheduler,0,100,9137.1,10240.0,62,319.617
2026-06-08T07:21:39.006470+00:00,scheduler,1,0,675.9,10240.0,43,25.258
2026-06-08T07:21:39.006470+00:00,scheduler,2,0,699.9,10240.0,53,95.635
2026-06-08T07:21:39.006470+00:00,scheduler,3,0,699.9,10240.0,38,27.586
2026-06-08T07:21:44.008345+00:00,scheduler,0,100,9137.1,10240.0,63,318.851
2026-06-08T07:21:44.008345+00:00,scheduler,1,0,675.9,10240.0,43,25.308
2026-06-08T07:21:44.008345+00:00,scheduler,2,0,699.9,10240.0,52,90.268
2026-06-08T07:21:44.008345+00:00,scheduler,3,0,699.9,10240.0,38,27.561
2026-06-08T07:21:49.009032+00:00,scheduler,0,100,9137.1,10240.0,63,318.885
2026-06-08T07:21:49.009032+00:00,scheduler,1,0,675.9,10240.0,42,25.302
2026-06-08T07:21:49.009032+00:00,scheduler,2,0,699.9,10240.0,46,21.118
2026-06-08T07:21:49.009032+00:00,scheduler,3,0,699.9,10240.0,38,27.67
2026-06-08T07:21:54.009664+00:00,scheduler,0,100,9137.1,10240.0,64,319.054
2026-06-08T07:21:54.009664+00:00,scheduler,1,0,675.9,10240.0,42,25.068
2026-06-08T07:21:54.009664+00:00,scheduler,2,0,699.9,10240.0,45,20.724
2026-06-08T07:21:54.009664+00:00,scheduler,3,0,699.9,10240.0,37,27.607
2026-06-08T07:21:59.010267+00:00,scheduler,0,9,9137.1,10240.0,54,103.463
2026-06-08T07:21:59.010267+00:00,scheduler,1,0,675.9,10240.0,42,24.808
2026-06-08T07:21:59.010267+00:00,scheduler,2,0,699.9,10240.0,44,20.176
2026-06-08T07:21:59.010267+00:00,scheduler,3,0,699.9,10240.0,37,27.538
2026-06-08T07:22:04.010964+00:00,scheduler,0,0,999.1,10240.0,54,116.434
2026-06-08T07:22:04.010964+00:00,scheduler,1,0,675.9,10240.0,42,24.934
2026-06-08T07:22:04.010964+00:00,scheduler,2,0,699.9,10240.0,43,20.161
2026-06-08T07:22:04.010964+00:00,scheduler,3,0,699.9,10240.0,37,27.691
2026-06-08T07:22:09.011553+00:00,scheduler,0,0,999.1,10240.0,51,98.086
2026-06-08T07:22:09.011553+00:00,scheduler,1,0,675.9,10240.0,42,24.779
2026-06-08T07:22:09.011553+00:00,scheduler,2,0,699.9,10240.0,42,19.84
2026-06-08T07:22:09.011553+00:00,scheduler,3,0,699.9,10240.0,37,27.614
2026-06-08T07:22:14.012173+00:00,scheduler,0,0,999.1,10240.0,51,97.508
2026-06-08T07:22:14.012173+00:00,scheduler,1,66,8697.9,10240.0,59,185.991
2026-06-08T07:22:14.012173+00:00,scheduler,2,0,699.9,10240.0,42,19.979
2026-06-08T07:22:14.012173+00:00,scheduler,3,0,699.9,10240.0,37,27.516
2026-06-08T07:22:19.014120+00:00,scheduler,0,0,999.1,10240.0,50,97.19
2026-06-08T07:22:19.014120+00:00,scheduler,1,69,3807.9,10240.0,54,113.064
2026-06-08T07:22:19.014120+00:00,scheduler,2,0,699.9,10240.0,41,19.781
2026-06-08T07:22:19.014120+00:00,scheduler,3,0,699.9,10240.0,37,27.568
2026-06-08T07:22:24.014770+00:00,scheduler,0,0,999.1,10240.0,45,24.118
2026-06-08T07:22:24.014770+00:00,scheduler,1,100,8813.9,10240.0,70,274.421
2026-06-08T07:22:24.014770+00:00,scheduler,2,0,699.9,10240.0,41,20.042
2026-06-08T07:22:24.014770+00:00,scheduler,3,0,699.9,10240.0,37,27.652
2026-06-08T07:22:29.015442+00:00,scheduler,0,0,999.1,10240.0,44,23.794
2026-06-08T07:22:29.015442+00:00,scheduler,1,100,8813.9,10240.0,70,260.721
2026-06-08T07:22:29.015442+00:00,scheduler,2,0,699.9,10240.0,40,19.963
2026-06-08T07:22:29.015442+00:00,scheduler,3,0,699.9,10240.0,37,27.629
2026-06-08T07:22:34.016062+00:00,scheduler,0,0,999.1,10240.0,43,23.793
2026-06-08T07:22:34.016062+00:00,scheduler,1,100,8813.9,10240.0,71,262.571
2026-06-08T07:22:34.016062+00:00,scheduler,2,0,699.9,10240.0,40,19.921
2026-06-08T07:22:34.016062+00:00,scheduler,3,0,699.9,10240.0,37,27.573
2026-06-08T07:22:39.016661+00:00,scheduler,0,0,999.1,10240.0,42,23.686
2026-06-08T07:22:39.016661+00:00,scheduler,1,100,8813.9,10240.0,71,257.11
2026-06-08T07:22:39.016661+00:00,scheduler,2,0,699.9,10240.0,40,19.931
2026-06-08T07:22:39.016661+00:00,scheduler,3,26,5525.9,10240.0,42,97.234
2026-06-08T07:22:44.017450+00:00,scheduler,0,0,999.1,10240.0,42,23.728
2026-06-08T07:22:44.017450+00:00,scheduler,1,100,8813.9,10240.0,72,256.783
2026-06-08T07:22:44.017450+00:00,scheduler,2,0,699.9,10240.0,39,20.114
2026-06-08T07:22:44.017450+00:00,scheduler,3,9,8721.9,10240.0,45,115.539
2026-06-08T07:22:49.018077+00:00,scheduler,0,0,999.1,10240.0,41,23.652
2026-06-08T07:22:49.018077+00:00,scheduler,1,100,8813.9,10240.0,72,256.187
2026-06-08T07:22:49.018077+00:00,scheduler,2,0,699.9,10240.0,39,19.924
2026-06-08T07:22:49.018077+00:00,scheduler,3,100,8837.9,10240.0,67,318.891
2026-06-08T07:22:54.018654+00:00,scheduler,0,0,999.1,10240.0,41,23.372
2026-06-08T07:22:54.018654+00:00,scheduler,1,100,8813.9,10240.0,72,252.808
2026-06-08T07:22:54.018654+00:00,scheduler,2,0,699.9,10240.0,39,20.027
2026-06-08T07:22:54.018654+00:00,scheduler,3,100,8837.9,10240.0,71,319.645
2026-06-08T07:22:59.019187+00:00,scheduler,0,0,999.1,10240.0,40,23.353
2026-06-08T07:22:59.019187+00:00,scheduler,1,100,8813.9,10240.0,72,244.851
2026-06-08T07:22:59.019187+00:00,scheduler,2,0,699.9,10240.0,39,20.129
2026-06-08T07:22:59.019187+00:00,scheduler,3,100,8837.9,10240.0,72,319.044
2026-06-08T07:23:04.019765+00:00,scheduler,0,0,999.1,10240.0,40,23.603
2026-06-08T07:23:04.019765+00:00,scheduler,1,100,8813.9,10240.0,72,246.609
2026-06-08T07:23:04.019765+00:00,scheduler,2,0,699.9,10240.0,39,19.893
2026-06-08T07:23:04.019765+00:00,scheduler,3,100,8837.9,10240.0,73,319.177
2026-06-08T07:23:09.020480+00:00,scheduler,0,0,999.1,10240.0,40,23.455
2026-06-08T07:23:09.020480+00:00,scheduler,1,9,8813.9,10240.0,60,107.437
2026-06-08T07:23:09.020480+00:00,scheduler,2,0,699.9,10240.0,38,19.902
2026-06-08T07:23:09.020480+00:00,scheduler,3,100,8837.9,10240.0,74,319.036
2026-06-08T07:23:14.021020+00:00,scheduler,0,0,999.1,10240.0,39,23.432
2026-06-08T07:23:14.021020+00:00,scheduler,1,0,675.9,10240.0,60,112.843
2026-06-08T07:23:14.021020+00:00,scheduler,2,0,699.9,10240.0,38,19.958
2026-06-08T07:23:14.021020+00:00,scheduler,3,100,8837.9,10240.0,74,319.17
2026-06-08T07:23:19.021576+00:00,scheduler,0,0,999.1,10240.0,39,23.321
2026-06-08T07:23:19.021576+00:00,scheduler,1,0,675.9,10240.0,59,106.27
2026-06-08T07:23:19.021576+00:00,scheduler,2,0,699.9,10240.0,38,19.766
2026-06-08T07:23:19.021576+00:00,scheduler,3,100,8837.9,10240.0,74,318.48
2026-06-08T07:23:24.022226+00:00,scheduler,0,0,999.1,10240.0,39,23.223
2026-06-08T07:23:24.022226+00:00,scheduler,1,0,675.9,10240.0,59,105.847
2026-06-08T07:23:24.022226+00:00,scheduler,2,0,699.9,10240.0,38,19.805
2026-06-08T07:23:24.022226+00:00,scheduler,3,100,8837.9,10240.0,75,318.667
2026-06-08T07:23:29.022761+00:00,scheduler,0,0,999.1,10240.0,39,23.346
2026-06-08T07:23:29.022761+00:00,scheduler,1,0,675.9,10240.0,53,43.667
2026-06-08T07:23:29.022761+00:00,scheduler,2,0,699.9,10240.0,38,19.749
2026-06-08T07:23:29.022761+00:00,scheduler,3,13,8837.9,10240.0,60,127.678
2026-06-08T07:23:34.023372+00:00,scheduler,0,0,999.1,10240.0,38,23.249
2026-06-08T07:23:34.023372+00:00,scheduler,1,0,675.9,10240.0,50,25.603
2026-06-08T07:23:34.023372+00:00,scheduler,2,0,699.9,10240.0,38,19.441
2026-06-08T07:23:34.023372+00:00,scheduler,3,71,765.9,10240.0,59,144.441
2026-06-08T07:23:39.024021+00:00,scheduler,0,0,999.1,10240.0,38,23.246
2026-06-08T07:23:39.024021+00:00,scheduler,1,0,675.9,10240.0,49,25.343
2026-06-08T07:23:39.024021+00:00,scheduler,2,0,699.9,10240.0,38,19.464
2026-06-08T07:23:39.024021+00:00,scheduler,3,0,699.9,10240.0,54,100.555
2026-06-08T07:23:44.024673+00:00,scheduler,0,0,999.1,10240.0,38,23.222
2026-06-08T07:23:44.024673+00:00,scheduler,1,0,675.9,10240.0,48,25.351
2026-06-08T07:23:44.024673+00:00,scheduler,2,0,699.9,10240.0,38,19.445
2026-06-08T07:23:44.024673+00:00,scheduler,3,0,699.9,10240.0,53,100.001
2026-06-08T07:23:49.025343+00:00,scheduler,0,0,999.1,10240.0,38,23.263
2026-06-08T07:23:49.025343+00:00,scheduler,1,0,675.9,10240.0,47,25.281
2026-06-08T07:23:49.025343+00:00,scheduler,2,0,699.9,10240.0,38,19.341
2026-06-08T07:23:49.025343+00:00,scheduler,3,0,699.9,10240.0,52,99.659
2026-06-08T07:23:54.026046+00:00,scheduler,0,0,999.1,10240.0,38,23.192
2026-06-08T07:23:54.026046+00:00,scheduler,1,0,675.9,10240.0,47,25.201
2026-06-08T07:23:54.026046+00:00,scheduler,2,0,699.9,10240.0,38,19.315
2026-06-08T07:23:54.026046+00:00,scheduler,3,0,699.9,10240.0,46,30.718
2026-06-08T07:23:59.026651+00:00,scheduler,0,0,999.1,10240.0,38,23.065
2026-06-08T07:23:59.026651+00:00,scheduler,1,0,675.9,10240.0,46,25.067
2026-06-08T07:23:59.026651+00:00,scheduler,2,0,699.9,10240.0,38,19.419
2026-06-08T07:23:59.026651+00:00,scheduler,3,0,699.9,10240.0,44,28.055
2026-06-08T07:24:04.027327+00:00,scheduler,0,0,999.1,10240.0,38,23.343
2026-06-08T07:24:04.027327+00:00,scheduler,1,0,675.9,10240.0,46,25.185
2026-06-08T07:24:04.027327+00:00,scheduler,2,9,8721.9,10240.0,45,108.689
2026-06-08T07:24:04.027327+00:00,scheduler,3,0,699.9,10240.0,43,28.186
2026-06-08T07:24:09.028043+00:00,scheduler,0,0,999.1,10240.0,38,23.262
2026-06-08T07:24:09.028043+00:00,scheduler,1,0,675.9,10240.0,45,25.086
2026-06-08T07:24:09.028043+00:00,scheduler,2,8,1815.9,10240.0,45,95.812
2026-06-08T07:24:09.028043+00:00,scheduler,3,0,699.9,10240.0,43,28.068
2026-06-08T07:24:14.028799+00:00,scheduler,0,0,999.1,10240.0,38,23.334
2026-06-08T07:24:14.028799+00:00,scheduler,1,0,1913.9,10240.0,45,26.285
2026-06-08T07:24:14.028799+00:00,scheduler,2,100,8837.9,10240.0,64,318.026
2026-06-08T07:24:14.028799+00:00,scheduler,3,0,699.9,10240.0,42,27.958
2026-06-08T07:24:19.029477+00:00,scheduler,0,0,999.1,10240.0,38,23.376
2026-06-08T07:24:19.029477+00:00,scheduler,1,12,8697.9,10240.0,55,104.243
2026-06-08T07:24:19.029477+00:00,scheduler,2,100,8837.9,10240.0,66,303.201
2026-06-08T07:24:19.029477+00:00,scheduler,3,0,699.9,10240.0,41,27.874
2026-06-08T07:24:24.030099+00:00,scheduler,0,0,999.1,10240.0,37,23.323
2026-06-08T07:24:24.030099+00:00,scheduler,1,100,8813.9,10240.0,72,287.803
2026-06-08T07:24:24.030099+00:00,scheduler,2,100,8837.9,10240.0,67,293.224
2026-06-08T07:24:24.030099+00:00,scheduler,3,0,699.9,10240.0,41,27.85
2026-06-08T07:24:29.030744+00:00,scheduler,0,0,999.1,10240.0,37,23.295
2026-06-08T07:24:29.030744+00:00,scheduler,1,100,8813.9,10240.0,71,258.252
2026-06-08T07:24:29.030744+00:00,scheduler,2,100,8837.9,10240.0,68,283.369
2026-06-08T07:24:29.030744+00:00,scheduler,3,0,699.9,10240.0,40,27.742
2026-06-08T07:24:34.031345+00:00,scheduler,0,0,999.1,10240.0,37,23.301
2026-06-08T07:24:34.031345+00:00,scheduler,1,100,8813.9,10240.0,71,255.946
2026-06-08T07:24:34.031345+00:00,scheduler,2,100,8837.9,10240.0,69,279.585
2026-06-08T07:24:34.031345+00:00,scheduler,3,0,2217.9,10240.0,42,35.49
2026-06-08T07:24:39.031961+00:00,scheduler,0,0,999.1,10240.0,37,23.336
2026-06-08T07:24:39.031961+00:00,scheduler,1,100,8813.9,10240.0,72,255.98
2026-06-08T07:24:39.031961+00:00,scheduler,2,100,8837.9,10240.0,69,274.679
2026-06-08T07:24:39.031961+00:00,scheduler,3,9,8721.9,10240.0,49,119.817
2026-06-08T07:24:44.032619+00:00,scheduler,0,0,999.1,10240.0,37,23.2
2026-06-08T07:24:44.032619+00:00,scheduler,1,100,8813.9,10240.0,72,249.245
2026-06-08T07:24:44.032619+00:00,scheduler,2,100,8837.9,10240.0,69,270.778
2026-06-08T07:24:44.032619+00:00,scheduler,3,100,8837.9,10240.0,68,318.183
2026-06-08T07:24:49.033230+00:00,scheduler,0,0,999.1,10240.0,37,23.258
2026-06-08T07:24:49.033230+00:00,scheduler,1,100,8813.9,10240.0,72,248.446
2026-06-08T07:24:49.033230+00:00,scheduler,2,100,8837.9,10240.0,70,265.366
2026-06-08T07:24:49.033230+00:00,scheduler,3,100,8837.9,10240.0,72,318.579
2026-06-08T07:24:54.033764+00:00,scheduler,0,0,999.1,10240.0,37,23.323
2026-06-08T07:24:54.033764+00:00,scheduler,1,100,8813.9,10240.0,72,248.921
2026-06-08T07:24:54.033764+00:00,scheduler,2,100,8837.9,10240.0,70,266.531
2026-06-08T07:24:54.033764+00:00,scheduler,3,100,8837.9,10240.0,73,318.395
2026-06-08T07:24:59.034346+00:00,scheduler,0,0,999.1,10240.0,37,23.236
2026-06-08T07:24:59.034346+00:00,scheduler,1,100,8813.9,10240.0,73,247.515
2026-06-08T07:24:59.034346+00:00,scheduler,2,9,8837.9,10240.0,55,99.537
2026-06-08T07:24:59.034346+00:00,scheduler,3,100,8837.9,10240.0,74,318.885
2026-06-08T07:25:04.034978+00:00,scheduler,0,0,999.1,10240.0,37,22.992
2026-06-08T07:25:04.034978+00:00,scheduler,1,100,8813.9,10240.0,73,247.241
2026-06-08T07:25:04.034978+00:00,scheduler,2,0,699.9,10240.0,55,112.411
2026-06-08T07:25:04.034978+00:00,scheduler,3,100,8837.9,10240.0,74,319.328
2026-06-08T07:25:09.035737+00:00,scheduler,0,0,999.1,10240.0,37,23.203
2026-06-08T07:25:09.035737+00:00,scheduler,1,8,8813.9,10240.0,62,117.213
2026-06-08T07:25:09.035737+00:00,scheduler,2,0,699.9,10240.0,53,96.418
2026-06-08T07:25:09.035737+00:00,scheduler,3,100,8837.9,10240.0,75,319.075
2026-06-08T07:25:14.036370+00:00,scheduler,0,0,999.1,10240.0,37,23.173
2026-06-08T07:25:14.036370+00:00,scheduler,1,0,675.9,10240.0,63,135.56
2026-06-08T07:25:14.036370+00:00,scheduler,2,0,699.9,10240.0,52,95.234
2026-06-08T07:25:14.036370+00:00,scheduler,3,100,8837.9,10240.0,75,318.966
2026-06-08T07:25:19.037012+00:00,scheduler,0,0,999.1,10240.0,37,23.309
2026-06-08T07:25:19.037012+00:00,scheduler,1,0,675.9,10240.0,59,106.791
2026-06-08T07:25:19.037012+00:00,scheduler,2,0,699.9,10240.0,48,64.661
2026-06-08T07:25:19.037012+00:00,scheduler,3,100,8837.9,10240.0,75,316.513
2026-06-08T07:25:24.037630+00:00,scheduler,0,0,999.1,10240.0,37,23.187
2026-06-08T07:25:24.037630+00:00,scheduler,1,0,675.9,10240.0,59,106.72
2026-06-08T07:25:24.037630+00:00,scheduler,2,0,699.9,10240.0,46,20.818
2026-06-08T07:25:24.037630+00:00,scheduler,3,13,8837.9,10240.0,62,158.871
2026-06-08T07:25:29.038278+00:00,scheduler,0,0,999.1,10240.0,37,23.174
2026-06-08T07:25:29.038278+00:00,scheduler,1,0,675.9,10240.0,58,106.44
2026-06-08T07:25:29.038278+00:00,scheduler,2,0,699.9,10240.0,44,20.379
2026-06-08T07:25:29.038278+00:00,scheduler,3,6,8837.9,10240.0,55,100.993
2026-06-08T07:25:34.038944+00:00,scheduler,0,0,999.1,10240.0,37,23.11
2026-06-08T07:25:34.038944+00:00,scheduler,1,0,675.9,10240.0,51,25.584
2026-06-08T07:25:34.038944+00:00,scheduler,2,0,699.9,10240.0,43,20.146
2026-06-08T07:25:34.038944+00:00,scheduler,3,0,699.9,10240.0,54,107.791
2026-06-08T07:25:39.039619+00:00,scheduler,0,0,999.1,10240.0,37,23.111
2026-06-08T07:25:39.039619+00:00,scheduler,1,0,675.9,10240.0,49,25.596
2026-06-08T07:25:39.039619+00:00,scheduler,2,0,699.9,10240.0,43,19.68
2026-06-08T07:25:39.039619+00:00,scheduler,3,0,699.9,10240.0,53,100.049
2026-06-08T07:25:44.040209+00:00,scheduler,0,0,999.1,10240.0,37,23.193
2026-06-08T07:25:44.040209+00:00,scheduler,1,0,675.9,10240.0,48,25.311
2026-06-08T07:25:44.040209+00:00,scheduler,2,0,699.9,10240.0,42,19.724
2026-06-08T07:25:44.040209+00:00,scheduler,3,0,699.9,10240.0,52,99.705
2026-06-08T07:25:49.040763+00:00,scheduler,0,0,999.1,10240.0,37,23.109
2026-06-08T07:25:49.040763+00:00,scheduler,1,0,675.9,10240.0,48,25.193
2026-06-08T07:25:49.040763+00:00,scheduler,2,0,699.9,10240.0,41,19.578
2026-06-08T07:25:49.040763+00:00,scheduler,3,0,699.9,10240.0,47,64.883
2026-06-08T07:25:54.041428+00:00,scheduler,0,0,999.1,10240.0,37,23.087
2026-06-08T07:25:54.041428+00:00,scheduler,1,0,675.9,10240.0,47,25.253
2026-06-08T07:25:54.041428+00:00,scheduler,2,0,699.9,10240.0,41,19.45
2026-06-08T07:25:54.041428+00:00,scheduler,3,0,699.9,10240.0,45,28.395
2026-06-08T07:25:59.042238+00:00,scheduler,0,0,999.1,10240.0,37,22.993
2026-06-08T07:25:59.042238+00:00,scheduler,1,0,675.9,10240.0,46,25.251
2026-06-08T07:25:59.042238+00:00,scheduler,2,0,699.9,10240.0,41,19.425
2026-06-08T07:25:59.042238+00:00,scheduler,3,0,699.9,10240.0,44,28.141
2026-06-08T07:26:04.042883+00:00,scheduler,0,0,999.1,10240.0,37,23.122
2026-06-08T07:26:04.042883+00:00,scheduler,1,0,675.9,10240.0,46,25.275
2026-06-08T07:26:04.042883+00:00,scheduler,2,9,8721.9,10240.0,49,116.72
2026-06-08T07:26:04.042883+00:00,scheduler,3,0,699.9,10240.0,43,28.039
2026-06-08T07:26:09.043514+00:00,scheduler,0,0,999.1,10240.0,37,23.051
2026-06-08T07:26:09.043514+00:00,scheduler,1,26,8697.9,10240.0,58,131.606
2026-06-08T07:26:09.043514+00:00,scheduler,2,15,2913.9,10240.0,48,101.442
2026-06-08T07:26:09.043514+00:00,scheduler,3,0,699.9,10240.0,42,28.031
2026-06-08T07:26:14.044147+00:00,scheduler,0,0,999.1,10240.0,37,23.088
2026-06-08T07:26:14.044147+00:00,scheduler,1,100,8813.9,10240.0,73,316.544
2026-06-08T07:26:14.044147+00:00,scheduler,2,100,8837.9,10240.0,66,318.488
2026-06-08T07:26:14.044147+00:00,scheduler,3,0,699.9,10240.0,41,27.945
2026-06-08T07:26:19.044735+00:00,scheduler,0,0,999.1,10240.0,37,23.153
2026-06-08T07:26:19.044735+00:00,scheduler,1,100,8813.9,10240.0,71,259.731
2026-06-08T07:26:19.044735+00:00,scheduler,2,100,8837.9,10240.0,68,292.276
2026-06-08T07:26:19.044735+00:00,scheduler,3,0,699.9,10240.0,41,27.836
2026-06-08T07:26:24.045479+00:00,scheduler,0,0,999.1,10240.0,37,23.103
2026-06-08T07:26:24.045479+00:00,scheduler,1,100,8813.9,10240.0,72,253.997
2026-06-08T07:26:24.045479+00:00,scheduler,2,100,8837.9,10240.0,68,282.703
2026-06-08T07:26:24.045479+00:00,scheduler,3,0,699.9,10240.0,40,27.869
2026-06-08T07:26:29.046152+00:00,scheduler,0,0,999.1,10240.0,37,23.056
2026-06-08T07:26:29.046152+00:00,scheduler,1,100,8813.9,10240.0,72,251.461
2026-06-08T07:26:29.046152+00:00,scheduler,2,100,8837.9,10240.0,69,280.024
2026-06-08T07:26:29.046152+00:00,scheduler,3,49,8721.9,10240.0,49,123.016
2026-06-08T07:26:34.046804+00:00,scheduler,0,0,999.1,10240.0,37,23.247
2026-06-08T07:26:34.046804+00:00,scheduler,1,100,8813.9,10240.0,72,252.398
2026-06-08T07:26:34.046804+00:00,scheduler,2,100,8837.9,10240.0,69,274.625
2026-06-08T07:26:34.046804+00:00,scheduler,3,100,8837.9,10240.0,69,319.135
2026-06-08T07:26:39.047378+00:00,scheduler,0,0,999.1,10240.0,37,23.232
2026-06-08T07:26:39.047378+00:00,scheduler,1,100,8813.9,10240.0,72,248.338
2026-06-08T07:26:39.047378+00:00,scheduler,2,100,8837.9,10240.0,69,267.41
2026-06-08T07:26:39.047378+00:00,scheduler,3,100,8837.9,10240.0,72,319.141
2026-06-08T07:26:44.047981+00:00,scheduler,0,0,999.1,10240.0,37,23.271
2026-06-08T07:26:44.047981+00:00,scheduler,1,100,8813.9,10240.0,73,247.937
2026-06-08T07:26:44.047981+00:00,scheduler,2,100,8837.9,10240.0,70,270.456
2026-06-08T07:26:44.047981+00:00,scheduler,3,100,8837.9,10240.0,73,319.106
2026-06-08T07:26:49.048559+00:00,scheduler,0,0,999.1,10240.0,37,23.119
2026-06-08T07:26:49.048559+00:00,scheduler,1,100,8813.9,10240.0,73,248.58
2026-06-08T07:26:49.048559+00:00,scheduler,2,100,8837.9,10240.0,70,265.921
2026-06-08T07:26:49.048559+00:00,scheduler,3,100,8837.9,10240.0,74,319.088
2026-06-08T07:26:54.049161+00:00,scheduler,0,0,999.1,10240.0,37,23.274
2026-06-08T07:26:54.049161+00:00,scheduler,1,100,8813.9,10240.0,73,244.14
2026-06-08T07:26:54.049161+00:00,scheduler,2,100,8837.9,10240.0,70,264.178
2026-06-08T07:26:54.049161+00:00,scheduler,3,100,8837.9,10240.0,74,318.855
2026-06-08T07:26:59.049789+00:00,scheduler,0,0,999.1,10240.0,37,23.153
2026-06-08T07:26:59.049789+00:00,scheduler,1,21,8813.9,10240.0,66,142.093
2026-06-08T07:26:59.049789+00:00,scheduler,2,9,8837.9,10240.0,56,99.997
2026-06-08T07:26:59.049789+00:00,scheduler,3,100,8837.9,10240.0,75,318.383
2026-06-08T07:27:04.050427+00:00,scheduler,0,0,999.1,10240.0,37,23.245
2026-06-08T07:27:04.050427+00:00,scheduler,1,100,675.9,10240.0,64,159.307
2026-06-08T07:27:04.050427+00:00,scheduler,2,0,699.9,10240.0,55,115.028
2026-06-08T07:27:04.050427+00:00,scheduler,3,100,8837.9,10240.0,76,319.327
2026-06-08T07:27:09.051012+00:00,scheduler,0,0,999.1,10240.0,37,23.342
2026-06-08T07:27:09.051012+00:00,scheduler,1,0,675.9,10240.0,60,106.769
2026-06-08T07:27:09.051012+00:00,scheduler,2,0,699.9,10240.0,53,96.068
2026-06-08T07:27:09.051012+00:00,scheduler,3,100,8837.9,10240.0,76,319.917
2026-06-08T07:27:14.051668+00:00,scheduler,0,0,999.1,10240.0,37,23.196
2026-06-08T07:27:14.051668+00:00,scheduler,1,0,675.9,10240.0,59,106.133
2026-06-08T07:27:14.051668+00:00,scheduler,2,0,699.9,10240.0,52,95.451
2026-06-08T07:27:14.051668+00:00,scheduler,3,11,8837.9,10240.0,61,132.314
2026-06-08T07:27:19.052253+00:00,scheduler,0,0,999.1,10240.0,37,23.149
2026-06-08T07:27:19.052253+00:00,scheduler,1,0,675.9,10240.0,59,106.058
2026-06-08T07:27:19.052253+00:00,scheduler,2,0,699.9,10240.0,48,70.224
2026-06-08T07:27:19.052253+00:00,scheduler,3,5,2979.9,10240.0,55,101.511
2026-06-08T07:27:24.052884+00:00,scheduler,0,0,999.1,10240.0,37,23.114
2026-06-08T07:27:24.052884+00:00,scheduler,1,0,675.9,10240.0,51,25.241
2026-06-08T07:27:24.052884+00:00,scheduler,2,0,699.9,10240.0,46,20.507
2026-06-08T07:27:24.052884+00:00,scheduler,3,0,699.9,10240.0,54,100.521
2026-06-08T07:27:29.053628+00:00,scheduler,0,0,999.1,10240.0,37,23.175
2026-06-08T07:27:29.053628+00:00,scheduler,1,0,675.9,10240.0,50,25.441
2026-06-08T07:27:29.053628+00:00,scheduler,2,0,699.9,10240.0,44,20.111
2026-06-08T07:27:29.053628+00:00,scheduler,3,0,699.9,10240.0,53,100.019
2026-06-08T07:27:34.054189+00:00,scheduler,0,0,999.1,10240.0,37,23.062
2026-06-08T07:27:34.054189+00:00,scheduler,1,0,675.9,10240.0,49,25.349
2026-06-08T07:27:34.054189+00:00,scheduler,2,47,8721.9,10240.0,59,179.449
2026-06-08T07:27:34.054189+00:00,scheduler,3,0,699.9,10240.0,52,99.725
2026-06-08T07:27:39.054828+00:00,scheduler,0,0,999.1,10240.0,37,23.115
2026-06-08T07:27:39.054828+00:00,scheduler,1,0,675.9,10240.0,48,25.22
2026-06-08T07:27:39.054828+00:00,scheduler,2,10,1599.9,10240.0,50,94.837
2026-06-08T07:27:39.054828+00:00,scheduler,3,0,699.9,10240.0,47,29.731
2026-06-08T07:27:44.055493+00:00,scheduler,0,0,999.1,10240.0,37,23.264
2026-06-08T07:27:44.055493+00:00,scheduler,1,0,675.9,10240.0,47,25.609
2026-06-08T07:27:44.055493+00:00,scheduler,2,100,8837.9,10240.0,68,315.339
2026-06-08T07:27:44.055493+00:00,scheduler,3,0,699.9,10240.0,45,28.226
2026-06-08T07:27:49.056275+00:00,scheduler,0,0,999.1,10240.0,37,23.078
2026-06-08T07:27:49.056275+00:00,scheduler,1,0,675.9,10240.0,47,25.496
2026-06-08T07:27:49.056275+00:00,scheduler,2,100,8837.9,10240.0,68,282.152
2026-06-08T07:27:49.056275+00:00,scheduler,3,0,699.9,10240.0,43,28.138
2026-06-08T07:27:54.057055+00:00,scheduler,0,0,999.1,10240.0,37,23.038
2026-06-08T07:27:54.057055+00:00,scheduler,1,0,675.9,10240.0,46,25.39
2026-06-08T07:27:54.057055+00:00,scheduler,2,100,8837.9,10240.0,69,273.477
2026-06-08T07:27:54.057055+00:00,scheduler,3,0,699.9,10240.0,43,27.812
2026-06-08T07:27:59.057883+00:00,scheduler,0,0,999.1,10240.0,37,23.262
2026-06-08T07:27:59.057883+00:00,scheduler,1,0,675.9,10240.0,46,25.387
2026-06-08T07:27:59.057883+00:00,scheduler,2,100,8837.9,10240.0,69,273.874
2026-06-08T07:27:59.057883+00:00,scheduler,3,0,699.9,10240.0,42,27.937
2026-06-08T07:28:04.058575+00:00,scheduler,0,0,999.1,10240.0,37,23.163
2026-06-08T07:28:04.058575+00:00,scheduler,1,0,675.9,10240.0,45,25.226
2026-06-08T07:28:04.058575+00:00,scheduler,2,100,8837.9,10240.0,70,267.701
2026-06-08T07:28:04.058575+00:00,scheduler,3,0,699.9,10240.0,41,27.931
2026-06-08T07:28:09.059228+00:00,scheduler,0,0,999.1,10240.0,37,23.145
2026-06-08T07:28:09.059228+00:00,scheduler,1,0,675.9,10240.0,45,25.25
2026-06-08T07:28:09.059228+00:00,scheduler,2,100,8837.9,10240.0,70,265.684
2026-06-08T07:28:09.059228+00:00,scheduler,3,0,699.9,10240.0,41,27.718
2026-06-08T07:28:14.059875+00:00,scheduler,0,0,999.1,10240.0,37,23.065
2026-06-08T07:28:14.059875+00:00,scheduler,1,0,675.9,10240.0,45,25.079
2026-06-08T07:28:14.059875+00:00,scheduler,2,100,8837.9,10240.0,70,265.854
2026-06-08T07:28:14.059875+00:00,scheduler,3,0,699.9,10240.0,40,27.854
2026-06-08T07:28:19.060519+00:00,scheduler,0,0,999.1,10240.0,37,23.137
2026-06-08T07:28:19.060519+00:00,scheduler,1,0,675.9,10240.0,45,25.072
2026-06-08T07:28:19.060519+00:00,scheduler,2,100,8837.9,10240.0,71,266.407
2026-06-08T07:28:19.060519+00:00,scheduler,3,0,699.9,10240.0,40,27.867
2026-06-08T07:28:24.061104+00:00,scheduler,0,0,999.1,10240.0,37,23.112
2026-06-08T07:28:24.061104+00:00,scheduler,1,0,675.9,10240.0,44,25.252
2026-06-08T07:28:24.061104+00:00,scheduler,2,100,8837.9,10240.0,70,260.951
2026-06-08T07:28:24.061104+00:00,scheduler,3,0,699.9,10240.0,39,27.785
2026-06-08T07:28:29.061727+00:00,scheduler,0,0,999.1,10240.0,37,22.919
2026-06-08T07:28:29.061727+00:00,scheduler,1,0,675.9,10240.0,44,24.788
2026-06-08T07:28:29.061727+00:00,scheduler,2,10,8837.9,10240.0,56,100.135
2026-06-08T07:28:29.061727+00:00,scheduler,3,0,699.9,10240.0,39,27.771
2026-06-08T07:28:34.062342+00:00,scheduler,0,0,999.1,10240.0,37,23.139
2026-06-08T07:28:34.062342+00:00,scheduler,1,0,675.9,10240.0,44,24.899
2026-06-08T07:28:34.062342+00:00,scheduler,2,0,699.9,10240.0,55,102.438
2026-06-08T07:28:34.062342+00:00,scheduler,3,0,699.9,10240.0,39,27.59
2026-06-08T07:28:39.062945+00:00,scheduler,0,0,999.1,10240.0,36,23.059
2026-06-08T07:28:39.062945+00:00,scheduler,1,0,675.9,10240.0,44,24.889
2026-06-08T07:28:39.062945+00:00,scheduler,2,0,699.9,10240.0,53,95.937
2026-06-08T07:28:39.062945+00:00,scheduler,3,0,699.9,10240.0,39,27.54
2026-06-08T07:28:44.063726+00:00,scheduler,0,0,999.1,10240.0,37,23.07
2026-06-08T07:28:44.063726+00:00,scheduler,1,0,675.9,10240.0,43,24.909
2026-06-08T07:28:44.063726+00:00,scheduler,2,0,699.9,10240.0,52,94.828
2026-06-08T07:28:44.063726+00:00,scheduler,3,0,699.9,10240.0,39,27.604
2026-06-08T07:28:49.064404+00:00,scheduler,0,0,999.1,10240.0,36,23.046
2026-06-08T07:28:49.064404+00:00,scheduler,1,0,675.9,10240.0,43,24.694
2026-06-08T07:28:49.064404+00:00,scheduler,2,0,699.9,10240.0,47,39.639
2026-06-08T07:28:49.064404+00:00,scheduler,3,0,699.9,10240.0,38,27.459
2026-06-08T07:28:54.065031+00:00,scheduler,0,0,999.1,10240.0,36,23.033
2026-06-08T07:28:54.065031+00:00,scheduler,1,0,675.9,10240.0,43,24.809
2026-06-08T07:28:54.065031+00:00,scheduler,2,0,699.9,10240.0,45,20.493
2026-06-08T07:28:54.065031+00:00,scheduler,3,0,699.9,10240.0,38,27.442
2026-06-08T07:28:59.065704+00:00,scheduler,0,0,999.1,10240.0,37,22.973
2026-06-08T07:28:59.065704+00:00,scheduler,1,0,675.9,10240.0,43,24.861
2026-06-08T07:28:59.065704+00:00,scheduler,2,0,699.9,10240.0,44,20.082
2026-06-08T07:28:59.065704+00:00,scheduler,3,0,699.9,10240.0,38,27.444
2026-06-08T07:29:04.066423+00:00,scheduler,0,0,999.1,10240.0,36,23.012
2026-06-08T07:29:04.066423+00:00,scheduler,1,0,675.9,10240.0,43,24.761
2026-06-08T07:29:04.066423+00:00,scheduler,2,0,699.9,10240.0,44,19.963
2026-06-08T07:29:04.066423+00:00,scheduler,3,0,699.9,10240.0,38,27.442
2026-06-08T07:29:09.067068+00:00,scheduler,0,0,999.1,10240.0,36,23.178
2026-06-08T07:29:09.067068+00:00,scheduler,1,0,675.9,10240.0,43,24.758
2026-06-08T07:29:09.067068+00:00,scheduler,2,0,699.9,10240.0,43,19.879
2026-06-08T07:29:09.067068+00:00,scheduler,3,0,699.9,10240.0,38,27.376
2026-06-08T07:29:14.067724+00:00,scheduler,0,35,5913.1,10240.0,40,52.857
2026-06-08T07:29:14.067724+00:00,scheduler,1,0,675.9,10240.0,43,24.901
2026-06-08T07:29:14.067724+00:00,scheduler,2,0,699.9,10240.0,42,19.968
2026-06-08T07:29:14.067724+00:00,scheduler,3,0,699.9,10240.0,38,27.421
2026-06-08T07:29:19.068385+00:00,scheduler,0,11,9021.1,10240.0,42,94.354
2026-06-08T07:29:19.068385+00:00,scheduler,1,0,675.9,10240.0,43,24.804
2026-06-08T07:29:19.068385+00:00,scheduler,2,0,699.9,10240.0,42,19.834
2026-06-08T07:29:19.068385+00:00,scheduler,3,0,699.9,10240.0,38,27.588
2026-06-08T07:29:24.069027+00:00,scheduler,0,100,9137.1,10240.0,54,318.784
2026-06-08T07:29:24.069027+00:00,scheduler,1,0,675.9,10240.0,42,25.015
2026-06-08T07:29:24.069027+00:00,scheduler,2,0,699.9,10240.0,41,20.042
2026-06-08T07:29:24.069027+00:00,scheduler,3,0,699.9,10240.0,37,27.457
2026-06-08T07:29:29.069674+00:00,scheduler,0,100,9137.1,10240.0,56,318.625
2026-06-08T07:29:29.069674+00:00,scheduler,1,0,675.9,10240.0,42,25.156
2026-06-08T07:29:29.069674+00:00,scheduler,2,0,699.9,10240.0,41,20.043
2026-06-08T07:29:29.069674+00:00,scheduler,3,0,699.9,10240.0,37,27.426
2026-06-08T07:29:34.070234+00:00,scheduler,0,100,9137.1,10240.0,58,318.956
2026-06-08T07:29:34.070234+00:00,scheduler,1,0,675.9,10240.0,42,25.183
2026-06-08T07:29:34.070234+00:00,scheduler,2,0,699.9,10240.0,40,19.952
2026-06-08T07:29:34.070234+00:00,scheduler,3,0,699.9,10240.0,37,27.788
2026-06-08T07:29:39.070846+00:00,scheduler,0,100,9137.1,10240.0,59,318.961
2026-06-08T07:29:39.070846+00:00,scheduler,1,0,675.9,10240.0,42,25.046
2026-06-08T07:29:39.070846+00:00,scheduler,2,0,699.9,10240.0,40,20.093
2026-06-08T07:29:39.070846+00:00,scheduler,3,0,699.9,10240.0,37,27.541
2026-06-08T07:29:44.071453+00:00,scheduler,0,100,9137.1,10240.0,60,318.096
2026-06-08T07:29:44.071453+00:00,scheduler,1,0,675.9,10240.0,42,25.079
2026-06-08T07:29:44.071453+00:00,scheduler,2,0,699.9,10240.0,40,19.905
2026-06-08T07:29:44.071453+00:00,scheduler,3,0,699.9,10240.0,37,27.576
2026-06-08T07:29:49.072112+00:00,scheduler,0,100,9137.1,10240.0,61,318.423
2026-06-08T07:29:49.072112+00:00,scheduler,1,0,675.9,10240.0,42,25.395
2026-06-08T07:29:49.072112+00:00,scheduler,2,0,699.9,10240.0,40,19.908
2026-06-08T07:29:49.072112+00:00,scheduler,3,0,699.9,10240.0,37,27.409
2026-06-08T07:29:54.072891+00:00,scheduler,0,100,9137.1,10240.0,62,318.79
2026-06-08T07:29:54.072891+00:00,scheduler,1,0,675.9,10240.0,42,25.262
2026-06-08T07:29:54.072891+00:00,scheduler,2,0,699.9,10240.0,39,20.121
2026-06-08T07:29:54.072891+00:00,scheduler,3,0,699.9,10240.0,37,27.523
2026-06-08T07:29:59.073548+00:00,scheduler,0,100,9137.1,10240.0,63,318.689
2026-06-08T07:29:59.073548+00:00,scheduler,1,47,8697.9,10240.0,58,140.259
2026-06-08T07:29:59.073548+00:00,scheduler,2,0,699.9,10240.0,39,20.021
2026-06-08T07:29:59.073548+00:00,scheduler,3,0,699.9,10240.0,37,27.541
2026-06-08T07:30:04.074178+00:00,scheduler,0,100,9137.1,10240.0,56,230.154
2026-06-08T07:30:04.074178+00:00,scheduler,1,10,8697.9,10240.0,52,101.573
2026-06-08T07:30:04.074178+00:00,scheduler,2,0,699.9,10240.0,39,19.827
2026-06-08T07:30:04.074178+00:00,scheduler,3,0,699.9,10240.0,37,27.602
2026-06-08T07:30:09.074863+00:00,scheduler,0,9,9137.1,10240.0,53,98.543
2026-06-08T07:30:09.074863+00:00,scheduler,1,100,8813.9,10240.0,70,278.599
2026-06-08T07:30:09.074863+00:00,scheduler,2,0,699.9,10240.0,39,19.914
2026-06-08T07:30:09.074863+00:00,scheduler,3,0,699.9,10240.0,37,27.392
2026-06-08T07:30:14.075509+00:00,scheduler,0,0,999.1,10240.0,52,100.752
2026-06-08T07:30:14.075509+00:00,scheduler,1,100,8813.9,10240.0,70,269.413
2026-06-08T07:30:14.075509+00:00,scheduler,2,0,699.9,10240.0,39,19.945
2026-06-08T07:30:14.075509+00:00,scheduler,3,0,699.9,10240.0,37,27.632
2026-06-08T07:30:19.076146+00:00,scheduler,0,0,999.1,10240.0,51,97.313
2026-06-08T07:30:19.076146+00:00,scheduler,1,100,8813.9,10240.0,70,258.198
2026-06-08T07:30:19.076146+00:00,scheduler,2,0,699.9,10240.0,38,19.932
2026-06-08T07:30:19.076146+00:00,scheduler,3,0,699.9,10240.0,37,27.42
2026-06-08T07:30:24.076802+00:00,scheduler,0,0,999.1,10240.0,50,97.09
2026-06-08T07:30:24.076802+00:00,scheduler,1,100,8813.9,10240.0,71,258.067
2026-06-08T07:30:24.076802+00:00,scheduler,2,0,699.9,10240.0,38,19.819
2026-06-08T07:30:24.076802+00:00,scheduler,3,0,699.9,10240.0,37,27.614
2026-06-08T07:30:29.077431+00:00,scheduler,0,0,999.1,10240.0,47,49.53
2026-06-08T07:30:29.077431+00:00,scheduler,1,100,8813.9,10240.0,71,257.671
2026-06-08T07:30:29.077431+00:00,scheduler,2,0,699.9,10240.0,38,19.767
2026-06-08T07:30:29.077431+00:00,scheduler,3,0,699.9,10240.0,37,27.718
2026-06-08T07:30:34.078146+00:00,scheduler,0,0,999.1,10240.0,45,24.068
2026-06-08T07:30:34.078146+00:00,scheduler,1,100,8813.9,10240.0,72,257.783
2026-06-08T07:30:34.078146+00:00,scheduler,2,0,699.9,10240.0,38,19.611
2026-06-08T07:30:34.078146+00:00,scheduler,3,0,699.9,10240.0,37,27.597
2026-06-08T07:30:39.078811+00:00,scheduler,0,0,999.1,10240.0,44,23.842
2026-06-08T07:30:39.078811+00:00,scheduler,1,100,8813.9,10240.0,72,254.867
2026-06-08T07:30:39.078811+00:00,scheduler,2,0,699.9,10240.0,38,19.674
2026-06-08T07:30:39.078811+00:00,scheduler,3,0,699.9,10240.0,37,27.439
2026-06-08T07:30:44.079385+00:00,scheduler,0,0,999.1,10240.0,43,23.959
2026-06-08T07:30:44.079385+00:00,scheduler,1,100,8813.9,10240.0,72,250.393
2026-06-08T07:30:44.079385+00:00,scheduler,2,0,699.9,10240.0,38,19.624
2026-06-08T07:30:44.079385+00:00,scheduler,3,0,699.9,10240.0,37,27.388
2026-06-08T07:30:49.080019+00:00,scheduler,0,0,999.1,10240.0,42,23.736
2026-06-08T07:30:49.080019+00:00,scheduler,1,100,8813.9,10240.0,72,245.076
2026-06-08T07:30:49.080019+00:00,scheduler,2,0,699.9,10240.0,38,19.582
2026-06-08T07:30:49.080019+00:00,scheduler,3,0,699.9,10240.0,37,27.509
2026-06-08T07:30:54.080649+00:00,scheduler,0,30,8791.1,10240.0,46,97.235
2026-06-08T07:30:54.080649+00:00,scheduler,1,10,8813.9,10240.0,61,108.349
2026-06-08T07:30:54.080649+00:00,scheduler,2,0,699.9,10240.0,38,19.72
2026-06-08T07:30:54.080649+00:00,scheduler,3,0,699.9,10240.0,37,27.386
2026-06-08T07:30:59.081187+00:00,scheduler,0,8,9021.1,10240.0,47,97.151
2026-06-08T07:30:59.081187+00:00,scheduler,1,0,675.9,10240.0,63,133.664
2026-06-08T07:30:59.081187+00:00,scheduler,2,0,699.9,10240.0,38,19.418
2026-06-08T07:30:59.081187+00:00,scheduler,3,0,699.9,10240.0,37,27.424
2026-06-08T07:31:04.152394+00:00,scheduler,0,0,9021.1,10240.0,47,96.459
2026-06-08T07:31:04.152394+00:00,scheduler,1,0,675.9,10240.0,59,105.908
2026-06-08T07:31:04.152394+00:00,scheduler,2,0,699.9,10240.0,38,19.749
2026-06-08T07:31:04.152394+00:00,scheduler,3,0,5157.9,10240.0,44,97.298
2026-06-08T07:31:11.824506+00:00,scheduler,0,100,9137.1,10240.0,58,318.605
2026-06-08T07:31:11.824506+00:00,scheduler,1,0,675.9,10240.0,58,105.63
2026-06-08T07:31:11.824506+00:00,scheduler,2,0,699.9,10240.0,38,19.748
2026-06-08T07:31:11.824506+00:00,scheduler,3,42,8721.9,10240.0,47,120.22
2026-06-08T07:31:16.840925+00:00,scheduler,0,100,9137.1,10240.0,60,318.974
2026-06-08T07:31:16.840925+00:00,scheduler,1,0,675.9,10240.0,52,28.733
2026-06-08T07:31:16.840925+00:00,scheduler,2,0,699.9,10240.0,38,19.766
2026-06-08T07:31:16.840925+00:00,scheduler,3,100,8837.9,10240.0,67,318.595
2026-06-08T07:31:21.841589+00:00,scheduler,0,100,9137.1,10240.0,61,319.282
2026-06-08T07:31:21.841589+00:00,scheduler,1,0,675.9,10240.0,50,26.025
2026-06-08T07:31:21.841589+00:00,scheduler,2,0,699.9,10240.0,37,19.691
2026-06-08T07:31:21.841589+00:00,scheduler,3,100,8837.9,10240.0,71,318.394
2026-06-08T07:31:26.842240+00:00,scheduler,0,100,9137.1,10240.0,62,318.745
2026-06-08T07:31:26.842240+00:00,scheduler,1,0,675.9,10240.0,49,25.967
2026-06-08T07:31:26.842240+00:00,scheduler,2,0,699.9,10240.0,37,19.833
2026-06-08T07:31:26.842240+00:00,scheduler,3,100,8837.9,10240.0,72,319.265
2026-06-08T07:31:31.842865+00:00,scheduler,0,100,9137.1,10240.0,63,318.687
2026-06-08T07:31:31.842865+00:00,scheduler,1,0,675.9,10240.0,48,25.663
2026-06-08T07:31:31.842865+00:00,scheduler,2,0,699.9,10240.0,37,19.819
2026-06-08T07:31:31.842865+00:00,scheduler,3,100,8837.9,10240.0,73,318.201
2026-06-08T07:31:36.843564+00:00,scheduler,0,100,9137.1,10240.0,63,318.971
2026-06-08T07:31:36.843564+00:00,scheduler,1,0,675.9,10240.0,47,25.645
2026-06-08T07:31:36.843564+00:00,scheduler,2,0,699.9,10240.0,37,19.781
2026-06-08T07:31:36.843564+00:00,scheduler,3,100,8837.9,10240.0,74,318.431
2026-06-08T07:31:41.844238+00:00,scheduler,0,100,9137.1,10240.0,64,319.204
2026-06-08T07:31:41.844238+00:00,scheduler,1,0,675.9,10240.0,47,25.487
2026-06-08T07:31:41.844238+00:00,scheduler,2,0,699.9,10240.0,37,19.874
2026-06-08T07:31:41.844238+00:00,scheduler,3,100,8837.9,10240.0,74,319.05
2026-06-08T07:31:46.845009+00:00,scheduler,0,100,9137.1,10240.0,65,319.169
2026-06-08T07:31:46.845009+00:00,scheduler,1,10,8697.9,10240.0,58,130.6
2026-06-08T07:31:46.845009+00:00,scheduler,2,0,699.9,10240.0,37,19.891
2026-06-08T07:31:46.845009+00:00,scheduler,3,100,8837.9,10240.0,75,319.0
2026-06-08T07:31:51.845697+00:00,scheduler,0,9,9137.1,10240.0,56,130.474
2026-06-08T07:31:51.845697+00:00,scheduler,1,100,8813.9,10240.0,73,258.891
2026-06-08T07:31:51.845697+00:00,scheduler,2,0,699.9,10240.0,37,19.76
2026-06-08T07:31:51.845697+00:00,scheduler,3,100,8837.9,10240.0,75,318.147
2026-06-08T07:31:56.846362+00:00,scheduler,0,9,9137.1,10240.0,53,98.916
2026-06-08T07:31:56.846362+00:00,scheduler,1,100,8813.9,10240.0,71,261.323
2026-06-08T07:31:56.846362+00:00,scheduler,2,0,699.9,10240.0,37,19.634
2026-06-08T07:31:56.846362+00:00,scheduler,3,17,8837.9,10240.0,61,152.365
2026-06-08T07:32:01.847089+00:00,scheduler,0,0,999.1,10240.0,52,101.033
2026-06-08T07:32:01.847089+00:00,scheduler,1,100,8813.9,10240.0,72,256.052
2026-06-08T07:32:01.847089+00:00,scheduler,2,0,699.9,10240.0,37,19.778
2026-06-08T07:32:01.847089+00:00,scheduler,3,42,699.9,10240.0,61,146.007
2026-06-08T07:32:06.847770+00:00,scheduler,0,0,999.1,10240.0,51,97.749
2026-06-08T07:32:06.847770+00:00,scheduler,1,100,8813.9,10240.0,72,251.26
2026-06-08T07:32:06.847770+00:00,scheduler,2,0,699.9,10240.0,37,19.792
2026-06-08T07:32:06.847770+00:00,scheduler,3,0,699.9,10240.0,54,100.496
2026-06-08T07:32:11.848372+00:00,scheduler,0,0,999.1,10240.0,51,97.185
2026-06-08T07:32:11.848372+00:00,scheduler,1,100,8813.9,10240.0,72,249.559
2026-06-08T07:32:11.848372+00:00,scheduler,2,0,699.9,10240.0,37,19.752
2026-06-08T07:32:11.848372+00:00,scheduler,3,0,699.9,10240.0,53,99.82
2026-06-08T07:32:16.848960+00:00,scheduler,0,0,999.1,10240.0,46,26.002
2026-06-08T07:32:16.848960+00:00,scheduler,1,100,8813.9,10240.0,72,247.911
2026-06-08T07:32:16.848960+00:00,scheduler,2,0,699.9,10240.0,37,19.715
2026-06-08T07:32:16.848960+00:00,scheduler,3,0,699.9,10240.0,52,99.688
2026-06-08T07:32:21.849544+00:00,scheduler,0,0,999.1,10240.0,45,24.073
2026-06-08T07:32:21.849544+00:00,scheduler,1,100,8813.9,10240.0,72,243.901
2026-06-08T07:32:21.849544+00:00,scheduler,2,0,699.9,10240.0,37,19.654
2026-06-08T07:32:21.849544+00:00,scheduler,3,0,699.9,10240.0,46,29.113
2026-06-08T07:32:26.850243+00:00,scheduler,0,0,999.1,10240.0,44,23.92
2026-06-08T07:32:26.850243+00:00,scheduler,1,100,8813.9,10240.0,73,247.437
2026-06-08T07:32:26.850243+00:00,scheduler,2,0,699.9,10240.0,37,19.627
2026-06-08T07:32:26.850243+00:00,scheduler,3,0,699.9,10240.0,45,28.177
2026-06-08T07:32:31.850813+00:00,scheduler,0,0,999.1,10240.0,43,23.857
2026-06-08T07:32:31.850813+00:00,scheduler,1,100,8813.9,10240.0,73,247.743
2026-06-08T07:32:31.850813+00:00,scheduler,2,0,699.9,10240.0,37,19.591
2026-06-08T07:32:31.850813+00:00,scheduler,3,0,699.9,10240.0,43,28.26
2026-06-08T07:32:36.851446+00:00,scheduler,0,0,999.1,10240.0,42,23.71
2026-06-08T07:32:36.851446+00:00,scheduler,1,9,8813.9,10240.0,67,158.733
2026-06-08T07:32:36.851446+00:00,scheduler,2,0,699.9,10240.0,37,19.807
2026-06-08T07:32:36.851446+00:00,scheduler,3,9,8721.9,10240.0,52,173.234
2026-06-08T07:32:41.852077+00:00,scheduler,0,0,999.1,10240.0,42,23.579
2026-06-08T07:32:41.852077+00:00,scheduler,1,9,2687.9,10240.0,61,108.263
2026-06-08T07:32:41.852077+00:00,scheduler,2,0,699.9,10240.0,37,19.409
2026-06-08T07:32:41.852077+00:00,scheduler,3,28,8835.9,10240.0,62,160.437
2026-06-08T07:32:46.852624+00:00,scheduler,0,0,999.1,10240.0,41,23.748
2026-06-08T07:32:46.852624+00:00,scheduler,1,0,675.9,10240.0,61,113.318
2026-06-08T07:32:46.852624+00:00,scheduler,2,0,699.9,10240.0,37,19.854
2026-06-08T07:32:46.852624+00:00,scheduler,3,100,8837.9,10240.0,72,318.797
2026-06-08T07:32:51.853211+00:00,scheduler,0,0,999.1,10240.0,41,23.724
2026-06-08T07:32:51.853211+00:00,scheduler,1,0,675.9,10240.0,60,106.366
2026-06-08T07:32:51.853211+00:00,scheduler,2,10,8721.9,10240.0,46,164.654
2026-06-08T07:32:51.853211+00:00,scheduler,3,100,8837.9,10240.0,74,318.889
2026-06-08T07:32:56.853704+00:00,scheduler,0,0,999.1,10240.0,40,23.491
2026-06-08T07:32:56.853704+00:00,scheduler,1,0,675.9,10240.0,59,106.67
2026-06-08T07:32:56.853704+00:00,scheduler,2,10,6073.9,10240.0,44,92.338
2026-06-08T07:32:56.853704+00:00,scheduler,3,100,8837.9,10240.0,74,319.436
2026-06-08T07:33:01.854238+00:00,scheduler,0,0,999.1,10240.0,40,23.54
2026-06-08T07:33:01.854238+00:00,scheduler,1,0,675.9,10240.0,53,44.225
2026-06-08T07:33:01.854238+00:00,scheduler,2,100,8837.9,10240.0,64,318.502
2026-06-08T07:33:01.854238+00:00,scheduler,3,100,8837.9,10240.0,75,318.961
2026-06-08T07:33:06.854746+00:00,scheduler,0,0,999.1,10240.0,40,23.632
2026-06-08T07:33:06.854746+00:00,scheduler,1,0,675.9,10240.0,50,26.182
2026-06-08T07:33:06.854746+00:00,scheduler,2,100,8837.9,10240.0,66,304.058
2026-06-08T07:33:06.854746+00:00,scheduler,3,100,8837.9,10240.0,75,319.213
2026-06-08T07:33:11.855277+00:00,scheduler,0,0,999.1,10240.0,39,23.475
2026-06-08T07:33:11.855277+00:00,scheduler,1,0,675.9,10240.0,49,26.083
2026-06-08T07:33:11.855277+00:00,scheduler,2,100,8837.9,10240.0,67,292.013
2026-06-08T07:33:11.855277+00:00,scheduler,3,100,8837.9,10240.0,76,318.824
2026-06-08T07:33:16.855827+00:00,scheduler,0,0,999.1,10240.0,39,23.448
2026-06-08T07:33:16.855827+00:00,scheduler,1,0,675.9,10240.0,48,25.884
2026-06-08T07:33:16.855827+00:00,scheduler,2,100,8837.9,10240.0,67,283.361
2026-06-08T07:33:16.855827+00:00,scheduler,3,100,8837.9,10240.0,76,317.298
2026-06-08T07:33:21.856431+00:00,scheduler,0,10,9021.1,10240.0,45,111.921
2026-06-08T07:33:21.856431+00:00,scheduler,1,0,675.9,10240.0,48,25.77
2026-06-08T07:33:21.856431+00:00,scheduler,2,100,8837.9,10240.0,68,278.613
2026-06-08T07:33:21.856431+00:00,scheduler,3,100,8837.9,10240.0,76,318.078
2026-06-08T07:33:26.856985+00:00,scheduler,0,29,6705.1,10240.0,46,113.198
2026-06-08T07:33:26.856985+00:00,scheduler,1,0,675.9,10240.0,47,25.622
2026-06-08T07:33:26.856985+00:00,scheduler,2,100,8837.9,10240.0,69,277.041
2026-06-08T07:33:26.856985+00:00,scheduler,3,9,8837.9,10240.0,56,101.686
2026-06-08T07:33:31.857523+00:00,scheduler,0,100,9137.1,10240.0,57,318.696
2026-06-08T07:33:31.857523+00:00,scheduler,1,31,8697.9,10240.0,54,104.111
2026-06-08T07:33:31.857523+00:00,scheduler,2,100,8837.9,10240.0,69,270.848
2026-06-08T07:33:31.857523+00:00,scheduler,3,0,699.9,10240.0,55,110.677
2026-06-08T07:33:36.858027+00:00,scheduler,0,100,9137.1,10240.0,59,318.992
2026-06-08T07:33:36.858027+00:00,scheduler,1,29,3411.9,10240.0,58,113.213
2026-06-08T07:33:36.858027+00:00,scheduler,2,100,8837.9,10240.0,70,272.809
2026-06-08T07:33:36.858027+00:00,scheduler,3,0,699.9,10240.0,54,99.955
2026-06-08T07:33:41.858556+00:00,scheduler,0,100,9137.1,10240.0,60,318.552
2026-06-08T07:33:41.858556+00:00,scheduler,1,100,8813.9,10240.0,72,267.201
2026-06-08T07:33:41.858556+00:00,scheduler,2,100,8837.9,10240.0,69,266.896
2026-06-08T07:33:41.858556+00:00,scheduler,3,0,699.9,10240.0,52,99.576
2026-06-08T07:33:46.859129+00:00,scheduler,0,100,9137.1,10240.0,61,318.577
2026-06-08T07:33:46.859129+00:00,scheduler,1,100,8813.9,10240.0,72,260.061
2026-06-08T07:33:46.859129+00:00,scheduler,2,10,8837.9,10240.0,55,99.234
2026-06-08T07:33:46.859129+00:00,scheduler,3,0,699.9,10240.0,48,83.495
2026-06-08T07:33:51.859735+00:00,scheduler,0,100,9137.1,10240.0,62,318.812
2026-06-08T07:33:51.859735+00:00,scheduler,1,100,8813.9,10240.0,72,255.39
2026-06-08T07:33:51.859735+00:00,scheduler,2,0,699.9,10240.0,54,105.184
2026-06-08T07:33:51.859735+00:00,scheduler,3,0,699.9,10240.0,45,28.289
2026-06-08T07:33:56.860357+00:00,scheduler,0,100,9137.1,10240.0,63,318.759
2026-06-08T07:33:56.860357+00:00,scheduler,1,100,8813.9,10240.0,72,247.945
2026-06-08T07:33:56.860357+00:00,scheduler,2,0,699.9,10240.0,53,96.503
2026-06-08T07:33:56.860357+00:00,scheduler,3,0,699.9,10240.0,44,28.173
2026-06-08T07:34:01.860870+00:00,scheduler,0,100,9137.1,10240.0,64,318.93
2026-06-08T07:34:01.860870+00:00,scheduler,1,100,8813.9,10240.0,73,252.443
2026-06-08T07:34:01.860870+00:00,scheduler,2,0,699.9,10240.0,52,95.697
2026-06-08T07:34:01.860870+00:00,scheduler,3,0,699.9,10240.0,43,27.981
2026-06-08T07:34:06.861528+00:00,scheduler,0,100,9137.1,10240.0,64,319.058
2026-06-08T07:34:06.861528+00:00,scheduler,1,100,8813.9,10240.0,72,247.076
2026-06-08T07:34:06.861528+00:00,scheduler,2,0,699.9,10240.0,49,46.712
2026-06-08T07:34:06.861528+00:00,scheduler,3,0,699.9,10240.0,42,27.95
2026-06-08T07:34:11.862060+00:00,scheduler,0,8,9137.1,10240.0,53,99.228
2026-06-08T07:34:11.862060+00:00,scheduler,1,100,8813.9,10240.0,73,247.878
2026-06-08T07:34:11.862060+00:00,scheduler,2,0,699.9,10240.0,45,20.824
2026-06-08T07:34:11.862060+00:00,scheduler,3,0,699.9,10240.0,42,28.276
2026-06-08T07:34:16.862695+00:00,scheduler,0,0,999.1,10240.0,54,117.786
2026-06-08T07:34:16.862695+00:00,scheduler,1,100,8813.9,10240.0,73,243.328
2026-06-08T07:34:16.862695+00:00,scheduler,2,0,699.9,10240.0,44,20.591
2026-06-08T07:34:16.862695+00:00,scheduler,3,0,699.9,10240.0,41,27.918
2026-06-08T07:34:21.863285+00:00,scheduler,0,0,999.1,10240.0,52,97.819
2026-06-08T07:34:21.863285+00:00,scheduler,1,100,8813.9,10240.0,73,242.139
2026-06-08T07:34:21.863285+00:00,scheduler,2,10,8721.9,10240.0,52,119.488
2026-06-08T07:34:21.863285+00:00,scheduler,3,0,699.9,10240.0,40,28.066
2026-06-08T07:34:26.952614+00:00,scheduler,0,0,999.1,10240.0,51,97.518
2026-06-08T07:34:26.952614+00:00,scheduler,1,0,8813.9,10240.0,62,108.218
2026-06-08T07:34:26.952614+00:00,scheduler,2,0,8721.9,10240.0,49,93.264
2026-06-08T07:34:26.952614+00:00,scheduler,3,0,699.9,10240.0,40,27.855
2026-06-08T07:34:32.251682+00:00,scheduler,0,0,999.1,10240.0,47,26.615
2026-06-08T07:34:32.251682+00:00,scheduler,1,0,8813.9,10240.0,60,107.175
2026-06-08T07:34:32.251682+00:00,scheduler,2,0,8721.9,10240.0,49,92.821
2026-06-08T07:34:32.251682+00:00,scheduler,3,0,699.9,10240.0,39,27.907
2026-06-08T07:34:42.607385+00:00,scheduler,0,0,999.1,10240.0,44,23.832
2026-06-08T07:34:42.607385+00:00,scheduler,1,0,8813.9,10240.0,59,106.917
2026-06-08T07:34:42.607385+00:00,scheduler,2,0,8721.9,10240.0,49,92.833
2026-06-08T07:34:42.607385+00:00,scheduler,3,0,699.9,10240.0,39,27.827
