timestamp,worker_id,gpu_id,util_percent,memory_used_mb,memory_total_mb,temp_c,power_w
2026-05-22T09:57:14.615077+00:00,scheduler,0,0,400.8,10240.0,34,17.614
2026-05-22T09:57:14.615077+00:00,scheduler,1,0,400.8,10240.0,34,26.927
2026-05-22T09:57:14.615077+00:00,scheduler,2,0,400.8,10240.0,34,22.344
2026-05-22T09:57:14.615077+00:00,scheduler,3,0,376.8,10240.0,37,24.329
2026-05-22T09:57:19.677984+00:00,scheduler,0,0,400.8,10240.0,34,17.711
2026-05-22T09:57:19.677984+00:00,scheduler,1,0,400.8,10240.0,34,26.801
2026-05-22T09:57:19.677984+00:00,scheduler,2,0,400.8,10240.0,34,22.446
2026-05-22T09:57:19.677984+00:00,scheduler,3,0,376.8,10240.0,37,24.441
2026-05-22T09:57:24.799149+00:00,scheduler,0,0,621.9,10240.0,39,89.939
2026-05-22T09:57:24.799149+00:00,scheduler,1,0,400.8,10240.0,34,27.719
2026-05-22T09:57:24.799149+00:00,scheduler,2,0,400.8,10240.0,34,23.558
2026-05-22T09:57:24.799149+00:00,scheduler,3,0,376.8,10240.0,38,25.283
2026-05-22T09:57:29.801243+00:00,scheduler,0,0,621.9,10240.0,40,90.422
2026-05-22T09:57:29.801243+00:00,scheduler,1,0,400.8,10240.0,34,26.783
2026-05-22T09:57:29.801243+00:00,scheduler,2,0,400.8,10240.0,34,22.331
2026-05-22T09:57:29.801243+00:00,scheduler,3,0,376.8,10240.0,37,24.304
2026-05-22T09:57:34.801999+00:00,scheduler,0,0,621.9,10240.0,40,90.698
2026-05-22T09:57:34.801999+00:00,scheduler,1,0,400.8,10240.0,34,26.899
2026-05-22T09:57:34.801999+00:00,scheduler,2,0,400.8,10240.0,34,22.485
2026-05-22T09:57:34.801999+00:00,scheduler,3,0,376.8,10240.0,37,24.402
2026-05-22T09:57:39.802739+00:00,scheduler,0,0,621.9,10240.0,41,90.756
2026-05-22T09:57:39.802739+00:00,scheduler,1,0,400.8,10240.0,34,26.795
2026-05-22T09:57:39.802739+00:00,scheduler,2,0,400.8,10240.0,33,22.436
2026-05-22T09:57:39.802739+00:00,scheduler,3,0,376.8,10240.0,37,24.352
2026-05-22T09:57:44.803559+00:00,scheduler,0,0,621.9,10240.0,36,18.017
2026-05-22T09:57:44.803559+00:00,scheduler,1,0,400.8,10240.0,34,26.705
2026-05-22T09:57:44.803559+00:00,scheduler,2,0,400.8,10240.0,34,22.284
2026-05-22T09:57:44.803559+00:00,scheduler,3,0,376.8,10240.0,37,24.313
2026-05-22T09:57:49.804324+00:00,scheduler,0,0,621.9,10240.0,35,17.928
2026-05-22T09:57:49.804324+00:00,scheduler,1,0,400.8,10240.0,34,26.864
2026-05-22T09:57:49.804324+00:00,scheduler,2,0,400.8,10240.0,34,22.424
2026-05-22T09:57:49.804324+00:00,scheduler,3,0,376.8,10240.0,37,24.442
2026-05-22T09:57:54.805012+00:00,scheduler,0,0,621.9,10240.0,35,17.839
2026-05-22T09:57:54.805012+00:00,scheduler,1,0,400.8,10240.0,34,26.879
2026-05-22T09:57:54.805012+00:00,scheduler,2,0,400.8,10240.0,34,22.497
2026-05-22T09:57:54.805012+00:00,scheduler,3,0,376.8,10240.0,37,24.38
2026-05-22T09:57:59.805700+00:00,scheduler,0,0,621.9,10240.0,35,18.023
2026-05-22T09:57:59.805700+00:00,scheduler,1,0,400.8,10240.0,34,26.829
2026-05-22T09:57:59.805700+00:00,scheduler,2,0,400.8,10240.0,34,22.334
2026-05-22T09:57:59.805700+00:00,scheduler,3,0,376.8,10240.0,37,24.454
2026-05-22T09:58:04.806538+00:00,scheduler,0,0,621.9,10240.0,35,17.951
2026-05-22T09:58:04.806538+00:00,scheduler,1,0,400.8,10240.0,34,26.756
2026-05-22T09:58:04.806538+00:00,scheduler,2,0,400.8,10240.0,34,22.171
2026-05-22T09:58:04.806538+00:00,scheduler,3,0,376.8,10240.0,37,24.468
2026-05-22T09:58:09.807394+00:00,scheduler,0,0,621.9,10240.0,35,17.923
2026-05-22T09:58:09.807394+00:00,scheduler,1,0,400.8,10240.0,34,26.925
2026-05-22T09:58:09.807394+00:00,scheduler,2,0,400.8,10240.0,34,22.356
2026-05-22T09:58:09.807394+00:00,scheduler,3,0,376.8,10240.0,37,24.507
2026-05-22T09:58:14.808141+00:00,scheduler,0,0,621.9,10240.0,35,18.063
2026-05-22T09:58:14.808141+00:00,scheduler,1,0,400.8,10240.0,34,26.826
2026-05-22T09:58:14.808141+00:00,scheduler,2,0,400.8,10240.0,34,22.321
2026-05-22T09:58:14.808141+00:00,scheduler,3,0,376.8,10240.0,37,24.373
2026-05-22T09:58:19.808839+00:00,scheduler,0,0,621.9,10240.0,35,17.963
2026-05-22T09:58:19.808839+00:00,scheduler,1,0,400.8,10240.0,34,26.818
2026-05-22T09:58:19.808839+00:00,scheduler,2,0,400.8,10240.0,34,22.234
2026-05-22T09:58:19.808839+00:00,scheduler,3,0,376.8,10240.0,37,24.294
2026-05-22T09:58:24.809656+00:00,scheduler,0,0,621.9,10240.0,35,17.944
2026-05-22T09:58:24.809656+00:00,scheduler,1,0,400.8,10240.0,34,26.929
2026-05-22T09:58:24.809656+00:00,scheduler,2,0,400.8,10240.0,34,22.4
2026-05-22T09:58:24.809656+00:00,scheduler,3,0,376.8,10240.0,37,24.469
2026-05-22T09:58:29.810352+00:00,scheduler,0,0,621.9,10240.0,35,17.899
2026-05-22T09:58:29.810352+00:00,scheduler,1,0,400.8,10240.0,34,26.942
2026-05-22T09:58:29.810352+00:00,scheduler,2,0,400.8,10240.0,34,22.298
2026-05-22T09:58:29.810352+00:00,scheduler,3,0,376.8,10240.0,37,24.375
2026-05-22T09:58:34.811046+00:00,scheduler,0,2,1365.9,10240.0,38,37.806
2026-05-22T09:58:34.811046+00:00,scheduler,1,0,400.8,10240.0,34,26.884
2026-05-22T09:58:34.811046+00:00,scheduler,2,0,400.8,10240.0,34,22.415
2026-05-22T09:58:34.811046+00:00,scheduler,3,0,376.8,10240.0,37,24.416
2026-05-22T09:58:39.811735+00:00,scheduler,0,3,2297.9,10240.0,40,90.723
2026-05-22T09:58:39.811735+00:00,scheduler,1,0,400.8,10240.0,34,26.896
2026-05-22T09:58:39.811735+00:00,scheduler,2,0,400.8,10240.0,34,22.51
2026-05-22T09:58:39.811735+00:00,scheduler,3,0,376.8,10240.0,37,24.492
2026-05-22T09:58:44.812414+00:00,scheduler,0,3,3597.9,10240.0,41,90.858
2026-05-22T09:58:44.812414+00:00,scheduler,1,0,400.8,10240.0,34,26.807
2026-05-22T09:58:44.812414+00:00,scheduler,2,0,400.8,10240.0,34,22.489
2026-05-22T09:58:44.812414+00:00,scheduler,3,0,376.8,10240.0,37,24.364
2026-05-22T09:58:49.813115+00:00,scheduler,0,4,4965.9,10240.0,42,91.236
2026-05-22T09:58:49.813115+00:00,scheduler,1,0,400.8,10240.0,34,26.897
2026-05-22T09:58:49.813115+00:00,scheduler,2,0,400.8,10240.0,34,22.387
2026-05-22T09:58:49.813115+00:00,scheduler,3,0,376.8,10240.0,37,24.349
2026-05-22T09:58:54.813870+00:00,scheduler,0,1,5973.9,10240.0,42,91.286
2026-05-22T09:58:54.813870+00:00,scheduler,1,0,400.8,10240.0,34,26.923
2026-05-22T09:58:54.813870+00:00,scheduler,2,0,400.8,10240.0,34,22.392
2026-05-22T09:58:54.813870+00:00,scheduler,3,0,376.8,10240.0,37,24.453
2026-05-22T09:58:59.814588+00:00,scheduler,0,3,7185.9,10240.0,42,91.46
2026-05-22T09:58:59.814588+00:00,scheduler,1,0,400.8,10240.0,34,27.049
2026-05-22T09:58:59.814588+00:00,scheduler,2,0,400.8,10240.0,34,22.493
2026-05-22T09:58:59.814588+00:00,scheduler,3,0,376.8,10240.0,37,24.534
2026-05-22T09:59:04.816588+00:00,scheduler,0,1,8117.9,10240.0,43,91.532
2026-05-22T09:59:04.816588+00:00,scheduler,1,0,400.8,10240.0,34,26.961
2026-05-22T09:59:04.816588+00:00,scheduler,2,0,400.8,10240.0,34,22.298
2026-05-22T09:59:04.816588+00:00,scheduler,3,0,376.8,10240.0,37,24.417
2026-05-22T09:59:09.817293+00:00,scheduler,0,10,8717.9,10240.0,44,103.741
2026-05-22T09:59:09.817293+00:00,scheduler,1,0,400.8,10240.0,34,27.075
2026-05-22T09:59:09.817293+00:00,scheduler,2,0,400.8,10240.0,34,22.404
2026-05-22T09:59:09.817293+00:00,scheduler,3,0,376.8,10240.0,37,24.416
2026-05-22T09:59:14.818045+00:00,scheduler,0,0,969.9,10240.0,45,101.89
2026-05-22T09:59:14.818045+00:00,scheduler,1,0,400.8,10240.0,34,27.024
2026-05-22T09:59:14.818045+00:00,scheduler,2,0,400.8,10240.0,34,22.452
2026-05-22T09:59:14.818045+00:00,scheduler,3,0,376.8,10240.0,37,24.495
2026-05-22T09:59:19.818669+00:00,scheduler,0,3,2059.9,10240.0,44,91.953
2026-05-22T09:59:19.818669+00:00,scheduler,1,0,400.8,10240.0,34,26.904
2026-05-22T09:59:19.818669+00:00,scheduler,2,0,400.8,10240.0,34,22.377
2026-05-22T09:59:19.818669+00:00,scheduler,3,0,376.8,10240.0,37,24.437
2026-05-22T09:59:24.819342+00:00,scheduler,0,3,3247.9,10240.0,44,91.867
2026-05-22T09:59:24.819342+00:00,scheduler,1,0,400.8,10240.0,34,26.923
2026-05-22T09:59:24.819342+00:00,scheduler,2,0,400.8,10240.0,34,22.22
2026-05-22T09:59:24.819342+00:00,scheduler,3,0,376.8,10240.0,37,24.423
2026-05-22T09:59:29.820180+00:00,scheduler,0,3,4579.9,10240.0,44,91.977
2026-05-22T09:59:29.820180+00:00,scheduler,1,0,400.8,10240.0,34,26.873
2026-05-22T09:59:29.820180+00:00,scheduler,2,0,400.8,10240.0,34,22.361
2026-05-22T09:59:29.820180+00:00,scheduler,3,0,376.8,10240.0,37,24.473
2026-05-22T09:59:34.824977+00:00,scheduler,0,3,5749.9,10240.0,44,92.064
2026-05-22T09:59:34.824977+00:00,scheduler,1,0,400.8,10240.0,34,26.885
2026-05-22T09:59:34.824977+00:00,scheduler,2,0,400.8,10240.0,34,22.414
2026-05-22T09:59:34.824977+00:00,scheduler,3,0,376.8,10240.0,37,24.47
2026-05-22T09:59:39.829502+00:00,scheduler,0,3,7315.9,10240.0,45,92.085
2026-05-22T09:59:39.829502+00:00,scheduler,1,0,400.8,10240.0,34,26.806
2026-05-22T09:59:39.829502+00:00,scheduler,2,0,400.8,10240.0,34,22.388
2026-05-22T09:59:39.829502+00:00,scheduler,3,0,376.8,10240.0,37,24.425
2026-05-22T09:59:44.832583+00:00,scheduler,0,100,8447.9,10240.0,62,318.956
2026-05-22T09:59:44.832583+00:00,scheduler,1,0,400.8,10240.0,34,26.992
2026-05-22T09:59:44.832583+00:00,scheduler,2,0,400.8,10240.0,34,22.585
2026-05-22T09:59:44.832583+00:00,scheduler,3,0,376.8,10240.0,37,24.561
2026-05-22T09:59:49.833281+00:00,scheduler,0,100,8447.9,10240.0,66,305.469
2026-05-22T09:59:49.833281+00:00,scheduler,1,0,400.8,10240.0,34,27.198
2026-05-22T09:59:49.833281+00:00,scheduler,2,0,400.8,10240.0,34,22.781
2026-05-22T09:59:49.833281+00:00,scheduler,3,0,376.8,10240.0,37,24.75
2026-05-22T09:59:54.834094+00:00,scheduler,0,100,8447.9,10240.0,67,293.732
2026-05-22T09:59:54.834094+00:00,scheduler,1,0,400.8,10240.0,34,27.071
2026-05-22T09:59:54.834094+00:00,scheduler,2,0,400.8,10240.0,34,22.599
2026-05-22T09:59:54.834094+00:00,scheduler,3,0,376.8,10240.0,37,24.653
2026-05-22T09:59:59.834734+00:00,scheduler,0,9,8447.9,10240.0,51,95.842
2026-05-22T09:59:59.834734+00:00,scheduler,1,0,400.8,10240.0,34,26.969
2026-05-22T09:59:59.834734+00:00,scheduler,2,0,400.8,10240.0,34,22.357
2026-05-22T09:59:59.834734+00:00,scheduler,3,0,376.8,10240.0,37,24.408
2026-05-22T10:00:04.835350+00:00,scheduler,0,28,1979.9,10240.0,51,124.56
2026-05-22T10:00:04.835350+00:00,scheduler,1,0,400.8,10240.0,34,27.115
2026-05-22T10:00:04.835350+00:00,scheduler,2,0,400.8,10240.0,34,22.386
2026-05-22T10:00:04.835350+00:00,scheduler,3,0,376.8,10240.0,37,24.566
2026-05-22T10:00:09.836026+00:00,scheduler,0,0,701.9,10240.0,49,93.591
2026-05-22T10:00:09.836026+00:00,scheduler,1,0,400.8,10240.0,34,26.96
2026-05-22T10:00:09.836026+00:00,scheduler,2,0,400.8,10240.0,34,22.463
2026-05-22T10:00:09.836026+00:00,scheduler,3,0,376.8,10240.0,37,24.459
2026-05-22T10:00:14.836795+00:00,scheduler,0,0,701.9,10240.0,48,93.268
2026-05-22T10:00:14.836795+00:00,scheduler,1,0,400.8,10240.0,34,26.906
2026-05-22T10:00:14.836795+00:00,scheduler,2,0,400.8,10240.0,34,22.382
2026-05-22T10:00:14.836795+00:00,scheduler,3,0,376.8,10240.0,37,24.534
2026-05-22T10:00:19.837503+00:00,scheduler,0,0,701.9,10240.0,48,93.021
2026-05-22T10:00:19.837503+00:00,scheduler,1,0,400.8,10240.0,34,26.876
2026-05-22T10:00:19.837503+00:00,scheduler,2,0,400.8,10240.0,34,22.266
2026-05-22T10:00:19.837503+00:00,scheduler,3,0,376.8,10240.0,37,24.479
2026-05-22T10:00:24.838290+00:00,scheduler,0,0,701.9,10240.0,43,19.752
2026-05-22T10:00:24.838290+00:00,scheduler,1,0,400.8,10240.0,34,26.838
2026-05-22T10:00:24.838290+00:00,scheduler,2,0,400.8,10240.0,34,22.457
2026-05-22T10:00:24.838290+00:00,scheduler,3,0,376.8,10240.0,37,24.574
2026-05-22T10:00:29.838947+00:00,scheduler,0,0,701.9,10240.0,41,18.917
2026-05-22T10:00:29.838947+00:00,scheduler,1,0,400.8,10240.0,34,26.817
2026-05-22T10:00:29.838947+00:00,scheduler,2,0,400.8,10240.0,34,22.358
2026-05-22T10:00:29.838947+00:00,scheduler,3,0,376.8,10240.0,37,24.424
2026-05-22T10:00:34.839668+00:00,scheduler,0,0,701.9,10240.0,40,18.471
2026-05-22T10:00:34.839668+00:00,scheduler,1,0,400.8,10240.0,34,26.724
2026-05-22T10:00:34.839668+00:00,scheduler,2,0,400.8,10240.0,34,22.459
2026-05-22T10:00:34.839668+00:00,scheduler,3,0,376.8,10240.0,37,24.395
2026-05-22T10:00:39.840502+00:00,scheduler,0,0,701.9,10240.0,39,18.593
2026-05-22T10:00:39.840502+00:00,scheduler,1,0,400.8,10240.0,34,26.846
2026-05-22T10:00:39.840502+00:00,scheduler,2,0,400.8,10240.0,34,22.351
2026-05-22T10:00:39.840502+00:00,scheduler,3,0,376.8,10240.0,37,24.53
2026-05-22T10:00:44.841307+00:00,scheduler,0,0,701.9,10240.0,39,18.313
2026-05-22T10:00:44.841307+00:00,scheduler,1,0,400.8,10240.0,34,26.71
2026-05-22T10:00:44.841307+00:00,scheduler,2,0,400.8,10240.0,34,22.234
2026-05-22T10:00:44.841307+00:00,scheduler,3,0,376.8,10240.0,37,24.432
2026-05-22T10:00:49.842098+00:00,scheduler,0,0,701.9,10240.0,38,18.46
2026-05-22T10:00:49.842098+00:00,scheduler,1,0,400.8,10240.0,34,26.736
2026-05-22T10:00:49.842098+00:00,scheduler,2,0,400.8,10240.0,34,22.228
2026-05-22T10:00:49.842098+00:00,scheduler,3,0,376.8,10240.0,37,24.387
2026-05-22T10:00:54.842825+00:00,scheduler,0,0,701.9,10240.0,38,18.239
2026-05-22T10:00:54.842825+00:00,scheduler,1,0,400.8,10240.0,34,26.771
2026-05-22T10:00:54.842825+00:00,scheduler,2,0,400.8,10240.0,34,22.377
2026-05-22T10:00:54.842825+00:00,scheduler,3,0,376.8,10240.0,37,24.418
2026-05-22T10:00:59.843535+00:00,scheduler,0,0,701.9,10240.0,38,18.122
2026-05-22T10:00:59.843535+00:00,scheduler,1,0,400.8,10240.0,34,26.956
2026-05-22T10:00:59.843535+00:00,scheduler,2,0,400.8,10240.0,34,22.409
2026-05-22T10:00:59.843535+00:00,scheduler,3,0,376.8,10240.0,37,24.55
2026-05-22T10:01:04.844308+00:00,scheduler,0,0,701.9,10240.0,37,18.277
2026-05-22T10:01:04.844308+00:00,scheduler,1,0,400.8,10240.0,34,26.884
2026-05-22T10:01:04.844308+00:00,scheduler,2,0,400.8,10240.0,34,22.286
2026-05-22T10:01:04.844308+00:00,scheduler,3,0,376.8,10240.0,37,24.35
2026-05-22T10:01:09.845027+00:00,scheduler,0,0,701.9,10240.0,37,18.167
2026-05-22T10:01:09.845027+00:00,scheduler,1,0,400.8,10240.0,34,26.803
2026-05-22T10:01:09.845027+00:00,scheduler,2,0,400.8,10240.0,34,22.221
2026-05-22T10:01:09.845027+00:00,scheduler,3,0,376.8,10240.0,37,24.435
2026-05-22T10:01:14.845733+00:00,scheduler,0,0,701.9,10240.0,37,18.258
2026-05-22T10:01:14.845733+00:00,scheduler,1,0,400.8,10240.0,34,26.898
2026-05-22T10:01:14.845733+00:00,scheduler,2,0,400.8,10240.0,34,22.417
2026-05-22T10:01:14.845733+00:00,scheduler,3,0,376.8,10240.0,37,24.523
2026-05-22T10:01:19.846432+00:00,scheduler,0,0,701.9,10240.0,36,18.218
2026-05-22T10:01:19.846432+00:00,scheduler,1,0,400.8,10240.0,34,26.629
2026-05-22T10:01:19.846432+00:00,scheduler,2,0,400.8,10240.0,34,22.224
2026-05-22T10:01:19.846432+00:00,scheduler,3,0,376.8,10240.0,37,24.39
2026-05-22T10:01:24.847100+00:00,scheduler,0,10,8701.9,10240.0,45,134.875
2026-05-22T10:01:24.847100+00:00,scheduler,1,0,400.8,10240.0,34,26.941
2026-05-22T10:01:24.847100+00:00,scheduler,2,0,400.8,10240.0,34,22.507
2026-05-22T10:01:24.847100+00:00,scheduler,3,0,376.8,10240.0,37,24.482
2026-05-22T10:01:29.847863+00:00,scheduler,0,9,3941.9,10240.0,43,91.947
2026-05-22T10:01:29.847863+00:00,scheduler,1,0,400.8,10240.0,34,26.823
2026-05-22T10:01:29.847863+00:00,scheduler,2,0,400.8,10240.0,34,22.447
2026-05-22T10:01:29.847863+00:00,scheduler,3,0,376.8,10240.0,37,24.547
2026-05-22T10:01:34.848575+00:00,scheduler,0,100,8449.9,10240.0,63,319.155
2026-05-22T10:01:34.848575+00:00,scheduler,1,0,400.8,10240.0,34,26.956
2026-05-22T10:01:34.848575+00:00,scheduler,2,0,400.8,10240.0,34,22.825
2026-05-22T10:01:34.848575+00:00,scheduler,3,0,376.8,10240.0,37,24.631
2026-05-22T10:01:39.850666+00:00,scheduler,0,100,8449.9,10240.0,66,308.418
2026-05-22T10:01:39.850666+00:00,scheduler,1,0,400.8,10240.0,34,27.041
2026-05-22T10:01:39.850666+00:00,scheduler,2,0,400.8,10240.0,34,22.603
2026-05-22T10:01:39.850666+00:00,scheduler,3,0,376.8,10240.0,37,24.721
2026-05-22T10:01:44.851636+00:00,scheduler,0,100,8449.9,10240.0,66,293.999
2026-05-22T10:01:44.851636+00:00,scheduler,1,0,400.8,10240.0,34,27.184
2026-05-22T10:01:44.851636+00:00,scheduler,2,0,400.8,10240.0,34,22.552
2026-05-22T10:01:44.851636+00:00,scheduler,3,0,376.8,10240.0,37,24.781
2026-05-22T10:01:49.852573+00:00,scheduler,0,10,8449.9,10240.0,49,93.923
2026-05-22T10:01:49.852573+00:00,scheduler,1,0,400.8,10240.0,34,27.105
2026-05-22T10:01:49.852573+00:00,scheduler,2,0,400.8,10240.0,34,22.38
2026-05-22T10:01:49.852573+00:00,scheduler,3,0,376.8,10240.0,37,24.632
2026-05-22T10:01:54.853394+00:00,scheduler,0,0,699.9,10240.0,48,95.572
2026-05-22T10:01:54.853394+00:00,scheduler,1,0,400.8,10240.0,34,26.848
2026-05-22T10:01:54.853394+00:00,scheduler,2,0,400.8,10240.0,34,22.274
2026-05-22T10:01:54.853394+00:00,scheduler,3,0,376.8,10240.0,37,24.454
2026-05-22T10:01:59.854175+00:00,scheduler,0,0,699.9,10240.0,48,92.915
2026-05-22T10:01:59.854175+00:00,scheduler,1,0,400.8,10240.0,34,26.73
2026-05-22T10:01:59.854175+00:00,scheduler,2,0,400.8,10240.0,33,22.206
2026-05-22T10:01:59.854175+00:00,scheduler,3,0,376.8,10240.0,37,24.379
2026-05-22T10:02:04.854896+00:00,scheduler,0,0,699.9,10240.0,47,92.745
2026-05-22T10:02:04.854896+00:00,scheduler,1,0,400.8,10240.0,34,26.782
2026-05-22T10:02:04.854896+00:00,scheduler,2,0,400.8,10240.0,33,22.545
2026-05-22T10:02:04.854896+00:00,scheduler,3,0,376.8,10240.0,37,24.543
2026-05-22T10:02:09.855643+00:00,scheduler,0,0,699.9,10240.0,43,28.85
2026-05-22T10:02:09.855643+00:00,scheduler,1,0,400.8,10240.0,34,26.641
2026-05-22T10:02:09.855643+00:00,scheduler,2,0,400.8,10240.0,34,22.511
2026-05-22T10:02:09.855643+00:00,scheduler,3,0,376.8,10240.0,37,24.39
2026-05-22T10:02:14.856387+00:00,scheduler,0,0,699.9,10240.0,41,18.734
2026-05-22T10:02:14.856387+00:00,scheduler,1,0,400.8,10240.0,34,26.686
2026-05-22T10:02:14.856387+00:00,scheduler,2,0,400.8,10240.0,34,22.496
2026-05-22T10:02:14.856387+00:00,scheduler,3,0,376.8,10240.0,37,24.49
2026-05-22T10:02:19.857134+00:00,scheduler,0,0,699.9,10240.0,40,18.481
2026-05-22T10:02:19.857134+00:00,scheduler,1,0,400.8,10240.0,34,26.781
2026-05-22T10:02:19.857134+00:00,scheduler,2,0,400.8,10240.0,34,22.57
2026-05-22T10:02:19.857134+00:00,scheduler,3,0,376.8,10240.0,37,24.529
2026-05-22T10:02:24.857863+00:00,scheduler,0,0,699.9,10240.0,39,18.602
2026-05-22T10:02:24.857863+00:00,scheduler,1,0,400.8,10240.0,34,26.91
2026-05-22T10:02:24.857863+00:00,scheduler,2,0,400.8,10240.0,34,22.599
2026-05-22T10:02:24.857863+00:00,scheduler,3,0,376.8,10240.0,37,24.563
2026-05-22T10:02:29.858623+00:00,scheduler,0,0,699.9,10240.0,39,18.465
2026-05-22T10:02:29.858623+00:00,scheduler,1,0,400.8,10240.0,34,26.898
2026-05-22T10:02:29.858623+00:00,scheduler,2,0,400.8,10240.0,34,22.459
2026-05-22T10:02:29.858623+00:00,scheduler,3,0,376.8,10240.0,37,24.477
2026-05-22T10:02:34.859341+00:00,scheduler,0,0,699.9,10240.0,38,18.212
2026-05-22T10:02:34.859341+00:00,scheduler,1,0,400.8,10240.0,34,26.794
2026-05-22T10:02:34.859341+00:00,scheduler,2,0,400.8,10240.0,33,22.42
2026-05-22T10:02:34.859341+00:00,scheduler,3,0,376.8,10240.0,37,24.509
2026-05-22T10:02:39.860185+00:00,scheduler,0,0,699.9,10240.0,38,18.345
2026-05-22T10:02:39.860185+00:00,scheduler,1,0,400.8,10240.0,34,26.936
2026-05-22T10:02:39.860185+00:00,scheduler,2,0,400.8,10240.0,33,22.522
2026-05-22T10:02:39.860185+00:00,scheduler,3,0,376.8,10240.0,37,24.642
2026-05-22T10:02:44.860870+00:00,scheduler,0,0,699.9,10240.0,37,18.326
2026-05-22T10:02:44.860870+00:00,scheduler,1,0,400.8,10240.0,34,26.808
2026-05-22T10:02:44.860870+00:00,scheduler,2,0,400.8,10240.0,33,22.378
2026-05-22T10:02:44.860870+00:00,scheduler,3,0,376.8,10240.0,37,24.527
2026-05-22T10:02:49.861582+00:00,scheduler,0,0,699.9,10240.0,37,18.099
2026-05-22T10:02:49.861582+00:00,scheduler,1,0,400.8,10240.0,34,26.718
2026-05-22T10:02:49.861582+00:00,scheduler,2,0,400.8,10240.0,34,22.306
2026-05-22T10:02:49.861582+00:00,scheduler,3,0,376.8,10240.0,37,24.484
2026-05-22T10:02:54.862409+00:00,scheduler,0,0,699.9,10240.0,37,18.441
2026-05-22T10:02:54.862409+00:00,scheduler,1,0,400.8,10240.0,34,26.837
2026-05-22T10:02:54.862409+00:00,scheduler,2,0,400.8,10240.0,33,22.464
2026-05-22T10:02:54.862409+00:00,scheduler,3,0,376.8,10240.0,37,24.568
2026-05-22T10:02:59.863201+00:00,scheduler,0,0,699.9,10240.0,36,18.069
2026-05-22T10:02:59.863201+00:00,scheduler,1,0,400.8,10240.0,33,26.8
2026-05-22T10:02:59.863201+00:00,scheduler,2,0,400.8,10240.0,34,22.45
2026-05-22T10:02:59.863201+00:00,scheduler,3,0,376.8,10240.0,37,24.423
2026-05-22T10:03:04.863902+00:00,scheduler,0,0,699.9,10240.0,36,18.19
2026-05-22T10:03:04.863902+00:00,scheduler,1,0,400.8,10240.0,34,26.65
2026-05-22T10:03:04.863902+00:00,scheduler,2,0,400.8,10240.0,33,22.338
2026-05-22T10:03:04.863902+00:00,scheduler,3,0,376.8,10240.0,37,24.47
2026-05-22T10:03:09.864664+00:00,scheduler,0,0,699.9,10240.0,36,18.139
2026-05-22T10:03:09.864664+00:00,scheduler,1,0,400.8,10240.0,34,26.771
2026-05-22T10:03:09.864664+00:00,scheduler,2,0,400.8,10240.0,33,22.614
2026-05-22T10:03:09.864664+00:00,scheduler,3,0,376.8,10240.0,37,24.51
2026-05-22T10:03:14.865482+00:00,scheduler,0,0,699.9,10240.0,36,18.053
2026-05-22T10:03:14.865482+00:00,scheduler,1,0,400.8,10240.0,34,26.778
2026-05-22T10:03:14.865482+00:00,scheduler,2,0,400.8,10240.0,33,22.64
2026-05-22T10:03:14.865482+00:00,scheduler,3,0,376.8,10240.0,37,24.664
2026-05-22T10:03:19.866246+00:00,scheduler,0,0,699.9,10240.0,36,18.141
2026-05-22T10:03:19.866246+00:00,scheduler,1,0,400.8,10240.0,34,26.669
2026-05-22T10:03:19.866246+00:00,scheduler,2,0,400.8,10240.0,33,22.555
2026-05-22T10:03:19.866246+00:00,scheduler,3,0,376.8,10240.0,37,24.533
2026-05-22T10:03:24.867114+00:00,scheduler,0,0,699.9,10240.0,36,17.985
2026-05-22T10:03:24.867114+00:00,scheduler,1,0,400.8,10240.0,34,26.751
2026-05-22T10:03:24.867114+00:00,scheduler,2,0,400.8,10240.0,33,22.425
2026-05-22T10:03:24.867114+00:00,scheduler,3,0,376.8,10240.0,37,24.504
2026-05-22T10:03:29.867814+00:00,scheduler,0,0,699.9,10240.0,35,17.957
2026-05-22T10:03:29.867814+00:00,scheduler,1,0,400.8,10240.0,34,26.82
2026-05-22T10:03:29.867814+00:00,scheduler,2,0,400.8,10240.0,33,22.435
2026-05-22T10:03:29.867814+00:00,scheduler,3,0,376.8,10240.0,37,24.603
2026-05-22T10:03:34.868550+00:00,scheduler,0,0,699.9,10240.0,35,17.952
2026-05-22T10:03:34.868550+00:00,scheduler,1,0,400.8,10240.0,34,26.836
2026-05-22T10:03:34.868550+00:00,scheduler,2,0,400.8,10240.0,33,22.501
2026-05-22T10:03:34.868550+00:00,scheduler,3,0,376.8,10240.0,37,24.479
2026-05-22T10:03:39.869279+00:00,scheduler,0,0,699.9,10240.0,35,18.05
2026-05-22T10:03:39.869279+00:00,scheduler,1,0,400.8,10240.0,34,26.741
2026-05-22T10:03:39.869279+00:00,scheduler,2,0,400.8,10240.0,34,22.386
2026-05-22T10:03:39.869279+00:00,scheduler,3,0,376.8,10240.0,37,24.445
2026-05-22T10:03:44.870010+00:00,scheduler,0,0,699.9,10240.0,35,18.07
2026-05-22T10:03:44.870010+00:00,scheduler,1,0,400.8,10240.0,34,26.713
2026-05-22T10:03:44.870010+00:00,scheduler,2,0,400.8,10240.0,34,22.393
2026-05-22T10:03:44.870010+00:00,scheduler,3,0,376.8,10240.0,37,24.596
2026-05-22T10:03:49.870643+00:00,scheduler,0,30,3605.9,10240.0,39,52.362
2026-05-22T10:03:49.870643+00:00,scheduler,1,0,400.8,10240.0,34,26.769
2026-05-22T10:03:49.870643+00:00,scheduler,2,0,400.8,10240.0,34,22.479
2026-05-22T10:03:49.870643+00:00,scheduler,3,0,376.8,10240.0,37,24.568
2026-05-22T10:03:54.871372+00:00,scheduler,0,11,8701.9,10240.0,42,91.508
2026-05-22T10:03:54.871372+00:00,scheduler,1,0,400.8,10240.0,34,26.735
2026-05-22T10:03:54.871372+00:00,scheduler,2,0,400.8,10240.0,33,22.393
2026-05-22T10:03:54.871372+00:00,scheduler,3,0,376.8,10240.0,37,24.486
2026-05-22T10:03:59.872090+00:00,scheduler,0,100,8449.9,10240.0,47,128.401
2026-05-22T10:03:59.872090+00:00,scheduler,1,0,400.8,10240.0,34,26.895
2026-05-22T10:03:59.872090+00:00,scheduler,2,0,400.8,10240.0,34,22.382
2026-05-22T10:03:59.872090+00:00,scheduler,3,0,376.8,10240.0,37,24.463
2026-05-22T10:04:04.872795+00:00,scheduler,0,100,8449.9,10240.0,64,318.504
2026-05-22T10:04:04.872795+00:00,scheduler,1,0,400.8,10240.0,34,27.054
2026-05-22T10:04:04.872795+00:00,scheduler,2,0,400.8,10240.0,34,22.722
2026-05-22T10:04:04.872795+00:00,scheduler,3,0,376.8,10240.0,37,24.644
2026-05-22T10:04:09.873467+00:00,scheduler,0,100,8449.9,10240.0,65,304.675
2026-05-22T10:04:09.873467+00:00,scheduler,1,0,400.8,10240.0,34,26.942
2026-05-22T10:04:09.873467+00:00,scheduler,2,0,400.8,10240.0,34,22.608
2026-05-22T10:04:09.873467+00:00,scheduler,3,0,376.8,10240.0,37,24.597
2026-05-22T10:04:14.874180+00:00,scheduler,0,11,8449.9,10240.0,52,119.545
2026-05-22T10:04:14.874180+00:00,scheduler,1,0,400.8,10240.0,34,26.968
2026-05-22T10:04:14.874180+00:00,scheduler,2,0,400.8,10240.0,33,22.443
2026-05-22T10:04:14.874180+00:00,scheduler,3,0,376.8,10240.0,37,24.411
2026-05-22T10:04:19.874873+00:00,scheduler,0,0,699.9,10240.0,50,118.395
2026-05-22T10:04:19.874873+00:00,scheduler,1,0,400.8,10240.0,34,26.844
2026-05-22T10:04:19.874873+00:00,scheduler,2,0,400.8,10240.0,34,22.614
2026-05-22T10:04:19.874873+00:00,scheduler,3,0,376.8,10240.0,37,24.548
2026-05-22T10:04:24.875610+00:00,scheduler,0,0,699.9,10240.0,47,92.612
2026-05-22T10:04:24.875610+00:00,scheduler,1,0,400.8,10240.0,34,26.775
2026-05-22T10:04:24.875610+00:00,scheduler,2,0,400.8,10240.0,34,22.596
2026-05-22T10:04:24.875610+00:00,scheduler,3,0,376.8,10240.0,37,24.428
2026-05-22T10:04:29.876384+00:00,scheduler,0,0,699.9,10240.0,47,92.376
2026-05-22T10:04:29.876384+00:00,scheduler,1,0,400.8,10240.0,34,26.831
2026-05-22T10:04:29.876384+00:00,scheduler,2,0,400.8,10240.0,34,22.458
2026-05-22T10:04:29.876384+00:00,scheduler,3,0,376.8,10240.0,37,24.468
2026-05-22T10:04:34.877312+00:00,scheduler,0,0,699.9,10240.0,47,92.553
2026-05-22T10:04:34.877312+00:00,scheduler,1,0,400.8,10240.0,34,26.8
2026-05-22T10:04:34.877312+00:00,scheduler,2,0,400.8,10240.0,34,22.348
2026-05-22T10:04:34.877312+00:00,scheduler,3,0,376.8,10240.0,37,24.451
2026-05-22T10:04:39.878041+00:00,scheduler,0,0,699.9,10240.0,41,18.655
2026-05-22T10:04:39.878041+00:00,scheduler,1,0,400.8,10240.0,34,26.944
2026-05-22T10:04:39.878041+00:00,scheduler,2,0,400.8,10240.0,34,22.459
2026-05-22T10:04:39.878041+00:00,scheduler,3,0,376.8,10240.0,37,24.531
2026-05-22T10:04:44.878930+00:00,scheduler,0,0,699.9,10240.0,40,18.207
2026-05-22T10:04:44.878930+00:00,scheduler,1,0,400.8,10240.0,34,26.861
2026-05-22T10:04:44.878930+00:00,scheduler,2,0,400.8,10240.0,34,22.427
2026-05-22T10:04:44.878930+00:00,scheduler,3,0,376.8,10240.0,37,24.389
2026-05-22T10:04:49.879737+00:00,scheduler,0,0,699.9,10240.0,39,18.595
2026-05-22T10:04:49.879737+00:00,scheduler,1,0,400.8,10240.0,34,26.92
2026-05-22T10:04:49.879737+00:00,scheduler,2,0,400.8,10240.0,34,22.297
2026-05-22T10:04:49.879737+00:00,scheduler,3,0,376.8,10240.0,37,24.388
2026-05-22T10:04:54.880519+00:00,scheduler,0,0,699.9,10240.0,39,18.204
2026-05-22T10:04:54.880519+00:00,scheduler,1,0,400.8,10240.0,34,26.964
2026-05-22T10:04:54.880519+00:00,scheduler,2,0,400.8,10240.0,34,22.447
2026-05-22T10:04:54.880519+00:00,scheduler,3,0,376.8,10240.0,37,24.459
2026-05-22T10:04:59.881287+00:00,scheduler,0,0,699.9,10240.0,38,18.216
2026-05-22T10:04:59.881287+00:00,scheduler,1,0,400.8,10240.0,34,26.952
2026-05-22T10:04:59.881287+00:00,scheduler,2,0,400.8,10240.0,34,22.389
2026-05-22T10:04:59.881287+00:00,scheduler,3,0,376.8,10240.0,37,24.45
2026-05-22T10:05:04.882153+00:00,scheduler,0,0,699.9,10240.0,38,18.11
2026-05-22T10:05:04.882153+00:00,scheduler,1,0,400.8,10240.0,34,26.926
2026-05-22T10:05:04.882153+00:00,scheduler,2,0,400.8,10240.0,34,22.372
2026-05-22T10:05:04.882153+00:00,scheduler,3,0,376.8,10240.0,37,24.48
2026-05-22T10:05:09.883022+00:00,scheduler,0,0,699.9,10240.0,38,18.092
2026-05-22T10:05:09.883022+00:00,scheduler,1,0,400.8,10240.0,34,26.991
2026-05-22T10:05:09.883022+00:00,scheduler,2,0,400.8,10240.0,34,22.357
2026-05-22T10:05:09.883022+00:00,scheduler,3,0,376.8,10240.0,37,24.559
2026-05-22T10:05:14.883836+00:00,scheduler,0,0,699.9,10240.0,37,18.194
2026-05-22T10:05:14.883836+00:00,scheduler,1,0,400.8,10240.0,34,27.082
2026-05-22T10:05:14.883836+00:00,scheduler,2,0,400.8,10240.0,34,22.417
2026-05-22T10:05:14.883836+00:00,scheduler,3,0,376.8,10240.0,37,24.64
2026-05-22T10:05:19.884600+00:00,scheduler,0,0,699.9,10240.0,37,18.188
2026-05-22T10:05:19.884600+00:00,scheduler,1,0,400.8,10240.0,34,26.952
2026-05-22T10:05:19.884600+00:00,scheduler,2,0,400.8,10240.0,34,22.288
2026-05-22T10:05:19.884600+00:00,scheduler,3,0,376.8,10240.0,37,24.389
2026-05-22T10:05:24.885266+00:00,scheduler,0,0,699.9,10240.0,37,18.095
2026-05-22T10:05:24.885266+00:00,scheduler,1,0,400.8,10240.0,34,26.937
2026-05-22T10:05:24.885266+00:00,scheduler,2,0,400.8,10240.0,34,22.385
2026-05-22T10:05:24.885266+00:00,scheduler,3,0,376.8,10240.0,37,24.412
2026-05-22T10:05:29.886052+00:00,scheduler,0,0,699.9,10240.0,37,18.055
2026-05-22T10:05:29.886052+00:00,scheduler,1,0,400.8,10240.0,34,26.996
2026-05-22T10:05:29.886052+00:00,scheduler,2,0,400.8,10240.0,34,22.486
2026-05-22T10:05:29.886052+00:00,scheduler,3,0,376.8,10240.0,37,24.548
2026-05-22T10:05:34.886806+00:00,scheduler,0,0,699.9,10240.0,36,18.085
2026-05-22T10:05:34.886806+00:00,scheduler,1,0,400.8,10240.0,34,27.032
2026-05-22T10:05:34.886806+00:00,scheduler,2,0,400.8,10240.0,34,22.286
2026-05-22T10:05:34.886806+00:00,scheduler,3,0,376.8,10240.0,37,24.48
2026-05-22T10:05:39.887544+00:00,scheduler,0,0,699.9,10240.0,36,17.895
2026-05-22T10:05:39.887544+00:00,scheduler,1,0,400.8,10240.0,34,26.976
2026-05-22T10:05:39.887544+00:00,scheduler,2,0,400.8,10240.0,34,22.452
2026-05-22T10:05:39.887544+00:00,scheduler,3,0,376.8,10240.0,37,24.468
2026-05-22T10:05:44.888347+00:00,scheduler,0,0,699.9,10240.0,36,17.946
2026-05-22T10:05:44.888347+00:00,scheduler,1,0,400.8,10240.0,34,26.928
2026-05-22T10:05:44.888347+00:00,scheduler,2,0,400.8,10240.0,34,22.589
2026-05-22T10:05:44.888347+00:00,scheduler,3,0,376.8,10240.0,37,24.578
2026-05-22T10:05:49.889139+00:00,scheduler,0,0,699.9,10240.0,36,18.139
2026-05-22T10:05:49.889139+00:00,scheduler,1,0,400.8,10240.0,34,26.844
2026-05-22T10:05:49.889139+00:00,scheduler,2,0,400.8,10240.0,34,22.477
2026-05-22T10:05:49.889139+00:00,scheduler,3,0,376.8,10240.0,37,24.438
2026-05-22T10:05:55.034805+00:00,scheduler,0,0,699.9,10240.0,36,18.191
2026-05-22T10:05:55.034805+00:00,scheduler,1,0,400.8,10240.0,34,26.888
2026-05-22T10:05:55.034805+00:00,scheduler,2,0,400.8,10240.0,34,22.354
2026-05-22T10:05:55.034805+00:00,scheduler,3,0,376.8,10240.0,37,24.444
2026-05-22T10:06:00.039036+00:00,scheduler,0,0,699.9,10240.0,36,18.35
2026-05-22T10:06:00.039036+00:00,scheduler,1,0,400.8,10240.0,35,31.653
2026-05-22T10:06:00.039036+00:00,scheduler,2,0,400.8,10240.0,34,22.82
2026-05-22T10:06:00.039036+00:00,scheduler,3,0,376.8,10240.0,38,29.748
2026-05-22T10:06:05.039706+00:00,scheduler,0,0,699.9,10240.0,36,18.031
2026-05-22T10:06:05.039706+00:00,scheduler,1,0,400.8,10240.0,34,26.905
2026-05-22T10:06:05.039706+00:00,scheduler,2,0,400.8,10240.0,34,22.381
2026-05-22T10:06:05.039706+00:00,scheduler,3,0,376.8,10240.0,37,24.488
2026-05-22T10:06:10.040405+00:00,scheduler,0,0,699.9,10240.0,36,18.154
2026-05-22T10:06:10.040405+00:00,scheduler,1,0,400.8,10240.0,34,26.843
2026-05-22T10:06:10.040405+00:00,scheduler,2,0,400.8,10240.0,34,22.355
2026-05-22T10:06:10.040405+00:00,scheduler,3,0,376.8,10240.0,37,24.504
2026-05-22T10:06:15.041090+00:00,scheduler,0,0,699.9,10240.0,35,18.062
2026-05-22T10:06:15.041090+00:00,scheduler,1,0,400.8,10240.0,34,26.894
2026-05-22T10:06:15.041090+00:00,scheduler,2,0,400.8,10240.0,34,22.502
2026-05-22T10:06:15.041090+00:00,scheduler,3,0,376.8,10240.0,37,24.547
2026-05-22T10:06:20.041769+00:00,scheduler,0,0,699.9,10240.0,35,18.018
2026-05-22T10:06:20.041769+00:00,scheduler,1,0,400.8,10240.0,34,26.926
2026-05-22T10:06:20.041769+00:00,scheduler,2,0,400.8,10240.0,34,22.463
2026-05-22T10:06:20.041769+00:00,scheduler,3,0,376.8,10240.0,37,24.465
2026-05-22T10:06:25.042340+00:00,scheduler,0,0,699.9,10240.0,35,17.799
2026-05-22T10:06:25.042340+00:00,scheduler,1,0,400.8,10240.0,34,26.793
2026-05-22T10:06:25.042340+00:00,scheduler,2,0,400.8,10240.0,34,22.461
2026-05-22T10:06:25.042340+00:00,scheduler,3,0,376.8,10240.0,37,24.486
2026-05-22T10:06:30.042948+00:00,scheduler,0,0,699.9,10240.0,35,18.043
2026-05-22T10:06:30.042948+00:00,scheduler,1,0,400.8,10240.0,34,27.055
2026-05-22T10:06:30.042948+00:00,scheduler,2,0,400.8,10240.0,34,22.59
2026-05-22T10:06:30.042948+00:00,scheduler,3,0,376.8,10240.0,37,24.583
2026-05-22T10:06:35.043609+00:00,scheduler,0,0,699.9,10240.0,35,17.829
2026-05-22T10:06:35.043609+00:00,scheduler,1,0,400.8,10240.0,34,26.933
2026-05-22T10:06:35.043609+00:00,scheduler,2,0,400.8,10240.0,34,22.604
2026-05-22T10:06:35.043609+00:00,scheduler,3,0,376.8,10240.0,37,24.477
2026-05-22T10:06:40.044275+00:00,scheduler,0,0,921.1,10240.0,41,90.338
2026-05-22T10:06:40.044275+00:00,scheduler,1,0,621.9,10240.0,39,95.616
2026-05-22T10:06:40.044275+00:00,scheduler,2,2,621.9,10240.0,36,27.466
2026-05-22T10:06:40.044275+00:00,scheduler,3,0,376.8,10240.0,37,24.58
2026-05-22T10:06:45.044995+00:00,scheduler,0,0,921.1,10240.0,42,90.729
2026-05-22T10:06:45.044995+00:00,scheduler,1,0,621.9,10240.0,41,96.768
2026-05-22T10:06:45.044995+00:00,scheduler,2,0,621.9,10240.0,39,93.044
2026-05-22T10:06:45.044995+00:00,scheduler,3,0,597.9,10240.0,44,97.317
2026-05-22T10:06:50.045566+00:00,scheduler,0,0,921.1,10240.0,42,90.929
2026-05-22T10:06:50.045566+00:00,scheduler,1,0,621.9,10240.0,41,96.726
2026-05-22T10:06:50.045566+00:00,scheduler,2,0,621.9,10240.0,39,93.223
2026-05-22T10:06:50.045566+00:00,scheduler,3,0,597.9,10240.0,47,99.439
2026-05-22T10:06:55.046238+00:00,scheduler,0,0,921.1,10240.0,39,67.318
2026-05-22T10:06:55.046238+00:00,scheduler,1,0,621.9,10240.0,42,96.823
2026-05-22T10:06:55.046238+00:00,scheduler,2,0,621.9,10240.0,40,93.186
2026-05-22T10:06:55.046238+00:00,scheduler,3,0,597.9,10240.0,47,99.83
2026-05-22T10:07:00.046851+00:00,scheduler,0,0,921.1,10240.0,37,18.37
2026-05-22T10:07:00.046851+00:00,scheduler,1,0,621.9,10240.0,37,27.179
2026-05-22T10:07:00.046851+00:00,scheduler,2,0,621.9,10240.0,36,22.623
2026-05-22T10:07:00.046851+00:00,scheduler,3,0,597.9,10240.0,48,100.033
2026-05-22T10:07:05.047434+00:00,scheduler,0,0,921.1,10240.0,36,18.144
2026-05-22T10:07:05.047434+00:00,scheduler,1,0,621.9,10240.0,36,27.143
2026-05-22T10:07:05.047434+00:00,scheduler,2,0,621.9,10240.0,35,22.322
2026-05-22T10:07:05.047434+00:00,scheduler,3,0,597.9,10240.0,40,24.886
2026-05-22T10:07:10.048073+00:00,scheduler,0,0,921.1,10240.0,36,18.083
2026-05-22T10:07:10.048073+00:00,scheduler,1,0,621.9,10240.0,36,27.048
2026-05-22T10:07:10.048073+00:00,scheduler,2,0,621.9,10240.0,35,22.56
2026-05-22T10:07:10.048073+00:00,scheduler,3,0,597.9,10240.0,39,24.516
2026-05-22T10:07:15.048716+00:00,scheduler,0,0,921.1,10240.0,36,18.02
2026-05-22T10:07:15.048716+00:00,scheduler,1,0,1365.9,10240.0,35,27.081
2026-05-22T10:07:15.048716+00:00,scheduler,2,0,621.9,10240.0,35,22.452
2026-05-22T10:07:15.048716+00:00,scheduler,3,0,597.9,10240.0,39,24.635
2026-05-22T10:07:20.049390+00:00,scheduler,0,0,921.1,10240.0,36,18.192
2026-05-22T10:07:20.049390+00:00,scheduler,1,8,8697.9,10240.0,44,134.57
2026-05-22T10:07:20.049390+00:00,scheduler,2,0,621.9,10240.0,35,22.56
2026-05-22T10:07:20.049390+00:00,scheduler,3,0,597.9,10240.0,39,24.569
2026-05-22T10:07:25.050281+00:00,scheduler,0,0,1665.1,10240.0,36,18.232
2026-05-22T10:07:25.050281+00:00,scheduler,1,8,8697.9,10240.0,43,97.685
2026-05-22T10:07:25.050281+00:00,scheduler,2,0,621.9,10240.0,35,22.487
2026-05-22T10:07:25.050281+00:00,scheduler,3,0,597.9,10240.0,39,24.472
2026-05-22T10:07:30.051010+00:00,scheduler,0,13,9017.1,10240.0,45,114.258
2026-05-22T10:07:30.051010+00:00,scheduler,1,100,8447.9,10240.0,64,318.693
2026-05-22T10:07:30.051010+00:00,scheduler,2,0,621.9,10240.0,35,22.818
2026-05-22T10:07:30.051010+00:00,scheduler,3,0,597.9,10240.0,38,24.885
2026-05-22T10:07:35.051832+00:00,scheduler,0,40,7615.1,10240.0,45,113.751
2026-05-22T10:07:35.051832+00:00,scheduler,1,100,8447.9,10240.0,69,317.59
2026-05-22T10:07:35.051832+00:00,scheduler,2,0,621.9,10240.0,35,22.77
2026-05-22T10:07:35.051832+00:00,scheduler,3,0,597.9,10240.0,38,24.701
2026-05-22T10:07:40.052382+00:00,scheduler,0,100,8747.1,10240.0,64,318.853
2026-05-22T10:07:40.052382+00:00,scheduler,1,100,8447.9,10240.0,71,319.029
2026-05-22T10:07:40.052382+00:00,scheduler,2,31,8435.9,10240.0,39,94.227
2026-05-22T10:07:40.052382+00:00,scheduler,3,9,8693.9,10240.0,51,123.584
2026-05-22T10:07:45.053022+00:00,scheduler,0,100,8747.1,10240.0,66,300.109
2026-05-22T10:07:45.053022+00:00,scheduler,1,8,8447.9,10240.0,49,98.996
2026-05-22T10:07:45.053022+00:00,scheduler,2,7,8717.9,10240.0,40,93.748
2026-05-22T10:07:45.053022+00:00,scheduler,3,84,1351.9,10240.0,49,100.53
2026-05-22T10:07:50.053845+00:00,scheduler,0,6,8747.1,10240.0,55,129.681
2026-05-22T10:07:50.053845+00:00,scheduler,1,1,701.9,10240.0,50,129.469
2026-05-22T10:07:50.053845+00:00,scheduler,2,32,8089.9,10240.0,42,111.395
2026-05-22T10:07:50.053845+00:00,scheduler,3,100,8423.9,10240.0,69,285.292
2026-05-22T10:07:55.054614+00:00,scheduler,0,10,7847.1,10240.0,48,93.734
2026-05-22T10:07:55.054614+00:00,scheduler,1,0,701.9,10240.0,47,97.788
2026-05-22T10:07:55.054614+00:00,scheduler,2,100,8447.9,10240.0,55,318.974
2026-05-22T10:07:55.054614+00:00,scheduler,3,100,8423.9,10240.0,69,270.991
2026-05-22T10:08:00.055298+00:00,scheduler,0,0,1001.1,10240.0,48,93.664
2026-05-22T10:08:00.055298+00:00,scheduler,1,0,701.9,10240.0,47,97.778
2026-05-22T10:08:00.055298+00:00,scheduler,2,100,8447.9,10240.0,57,315.292
2026-05-22T10:08:00.055298+00:00,scheduler,3,100,8423.9,10240.0,69,265.829
2026-05-22T10:08:05.055914+00:00,scheduler,0,0,1001.1,10240.0,47,92.718
2026-05-22T10:08:05.055914+00:00,scheduler,1,0,701.9,10240.0,47,97.667
2026-05-22T10:08:05.055914+00:00,scheduler,2,9,8447.9,10240.0,48,113.281
2026-05-22T10:08:05.055914+00:00,scheduler,3,8,8423.9,10240.0,54,103.862
2026-05-22T10:08:10.056486+00:00,scheduler,0,0,1001.1,10240.0,47,92.399
2026-05-22T10:08:10.056486+00:00,scheduler,1,0,701.9,10240.0,41,27.671
2026-05-22T10:08:10.056486+00:00,scheduler,2,98,923.9,10240.0,46,97.287
2026-05-22T10:08:10.056486+00:00,scheduler,3,0,677.9,10240.0,56,129.093
2026-05-22T10:08:15.057132+00:00,scheduler,0,0,1001.1,10240.0,43,48.99
2026-05-22T10:08:15.057132+00:00,scheduler,1,0,701.9,10240.0,40,27.699
2026-05-22T10:08:15.057132+00:00,scheduler,2,0,701.9,10240.0,45,95.965
2026-05-22T10:08:15.057132+00:00,scheduler,3,0,677.9,10240.0,53,102.158
2026-05-22T10:08:20.057724+00:00,scheduler,0,0,1001.1,10240.0,41,19.121
2026-05-22T10:08:20.057724+00:00,scheduler,1,0,701.9,10240.0,39,27.424
2026-05-22T10:08:20.057724+00:00,scheduler,2,0,701.9,10240.0,45,95.919
2026-05-22T10:08:20.057724+00:00,scheduler,3,0,677.9,10240.0,53,102.1
2026-05-22T10:08:25.058419+00:00,scheduler,0,0,1001.1,10240.0,40,18.823
2026-05-22T10:08:25.058419+00:00,scheduler,1,0,701.9,10240.0,39,27.227
2026-05-22T10:08:25.058419+00:00,scheduler,2,0,701.9,10240.0,45,95.832
2026-05-22T10:08:25.058419+00:00,scheduler,3,0,677.9,10240.0,53,102.036
2026-05-22T10:08:30.059064+00:00,scheduler,0,0,1001.1,10240.0,39,18.651
2026-05-22T10:08:30.059064+00:00,scheduler,1,0,701.9,10240.0,38,27.322
2026-05-22T10:08:30.059064+00:00,scheduler,2,0,701.9,10240.0,41,25.759
2026-05-22T10:08:30.059064+00:00,scheduler,3,0,677.9,10240.0,45,25.153
2026-05-22T10:08:35.059710+00:00,scheduler,0,0,1001.1,10240.0,39,18.343
2026-05-22T10:08:35.059710+00:00,scheduler,1,0,701.9,10240.0,38,27.212
2026-05-22T10:08:35.059710+00:00,scheduler,2,0,701.9,10240.0,40,23.035
2026-05-22T10:08:35.059710+00:00,scheduler,3,0,677.9,10240.0,44,25.047
2026-05-22T10:08:40.060325+00:00,scheduler,0,0,1001.1,10240.0,38,18.521
2026-05-22T10:08:40.060325+00:00,scheduler,1,0,701.9,10240.0,37,27.202
2026-05-22T10:08:40.060325+00:00,scheduler,2,0,701.9,10240.0,39,22.932
2026-05-22T10:08:40.060325+00:00,scheduler,3,0,677.9,10240.0,43,24.724
2026-05-22T10:08:45.061029+00:00,scheduler,0,0,1001.1,10240.0,38,18.655
2026-05-22T10:08:45.061029+00:00,scheduler,1,0,701.9,10240.0,37,27.171
2026-05-22T10:08:45.061029+00:00,scheduler,2,0,701.9,10240.0,39,23.046
2026-05-22T10:08:45.061029+00:00,scheduler,3,0,677.9,10240.0,42,24.832
2026-05-22T10:08:50.061657+00:00,scheduler,0,0,1001.1,10240.0,37,18.377
2026-05-22T10:08:50.061657+00:00,scheduler,1,0,701.9,10240.0,37,27.064
2026-05-22T10:08:50.061657+00:00,scheduler,2,0,701.9,10240.0,38,22.811
2026-05-22T10:08:50.061657+00:00,scheduler,3,0,677.9,10240.0,42,24.614
2026-05-22T10:08:55.062263+00:00,scheduler,0,0,1001.1,10240.0,37,18.313
2026-05-22T10:08:55.062263+00:00,scheduler,1,0,701.9,10240.0,36,27.04
2026-05-22T10:08:55.062263+00:00,scheduler,2,0,701.9,10240.0,38,22.714
2026-05-22T10:08:55.062263+00:00,scheduler,3,0,677.9,10240.0,42,24.667
2026-05-22T10:09:00.062892+00:00,scheduler,0,0,1001.1,10240.0,37,18.563
2026-05-22T10:09:00.062892+00:00,scheduler,1,0,701.9,10240.0,36,27.092
2026-05-22T10:09:00.062892+00:00,scheduler,2,0,701.9,10240.0,37,22.722
2026-05-22T10:09:00.062892+00:00,scheduler,3,0,677.9,10240.0,42,24.704
2026-05-22T10:09:05.063475+00:00,scheduler,0,0,1001.1,10240.0,37,18.474
2026-05-22T10:09:05.063475+00:00,scheduler,1,0,701.9,10240.0,36,27.244
2026-05-22T10:09:05.063475+00:00,scheduler,2,0,701.9,10240.0,37,22.888
2026-05-22T10:09:05.063475+00:00,scheduler,3,0,677.9,10240.0,41,24.684
2026-05-22T10:09:10.064137+00:00,scheduler,0,0,1001.1,10240.0,36,18.355
2026-05-22T10:09:10.064137+00:00,scheduler,1,0,701.9,10240.0,36,27.183
2026-05-22T10:09:10.064137+00:00,scheduler,2,0,701.9,10240.0,37,22.725
2026-05-22T10:09:10.064137+00:00,scheduler,3,0,677.9,10240.0,41,24.796
2026-05-22T10:09:15.064772+00:00,scheduler,0,0,1001.1,10240.0,36,18.476
2026-05-22T10:09:15.064772+00:00,scheduler,1,0,701.9,10240.0,36,27.02
2026-05-22T10:09:15.064772+00:00,scheduler,2,97,8701.9,10240.0,47,124.131
2026-05-22T10:09:15.064772+00:00,scheduler,3,0,677.9,10240.0,41,24.602
2026-05-22T10:09:20.065629+00:00,scheduler,0,0,1001.1,10240.0,36,18.482
2026-05-22T10:09:20.065629+00:00,scheduler,1,0,701.9,10240.0,35,27.323
2026-05-22T10:09:20.065629+00:00,scheduler,2,9,8701.9,10240.0,42,94.985
2026-05-22T10:09:20.065629+00:00,scheduler,3,0,1419.9,10240.0,41,24.736
2026-05-22T10:09:25.066332+00:00,scheduler,0,0,1001.1,10240.0,36,18.797
2026-05-22T10:09:25.066332+00:00,scheduler,1,0,701.9,10240.0,35,27.317
2026-05-22T10:09:25.066332+00:00,scheduler,2,100,8449.9,10240.0,55,318.454
2026-05-22T10:09:25.066332+00:00,scheduler,3,12,8677.9,10240.0,51,101.72
2026-05-22T10:09:30.067095+00:00,scheduler,0,0,1001.1,10240.0,36,18.949
2026-05-22T10:09:30.067095+00:00,scheduler,1,0,701.9,10240.0,35,27.234
2026-05-22T10:09:30.067095+00:00,scheduler,2,100,8449.9,10240.0,57,318.276
2026-05-22T10:09:30.067095+00:00,scheduler,3,100,8425.9,10240.0,70,276.874
2026-05-22T10:09:35.067813+00:00,scheduler,0,0,1001.1,10240.0,36,19.135
2026-05-22T10:09:35.067813+00:00,scheduler,1,0,701.9,10240.0,35,27.488
2026-05-22T10:09:35.067813+00:00,scheduler,2,100,8449.9,10240.0,58,317.038
2026-05-22T10:09:35.067813+00:00,scheduler,3,100,8425.9,10240.0,70,271.127
2026-05-22T10:09:40.068499+00:00,scheduler,0,0,1001.1,10240.0,36,18.921
2026-05-22T10:09:40.068499+00:00,scheduler,1,0,701.9,10240.0,35,27.393
2026-05-22T10:09:40.068499+00:00,scheduler,2,10,8449.9,10240.0,47,97.099
2026-05-22T10:09:40.068499+00:00,scheduler,3,100,8425.9,10240.0,70,263.176
2026-05-22T10:09:45.069232+00:00,scheduler,0,0,1001.1,10240.0,35,18.621
2026-05-22T10:09:45.069232+00:00,scheduler,1,27,3239.9,10240.0,38,48.91
2026-05-22T10:09:45.069232+00:00,scheduler,2,0,699.9,10240.0,46,105.685
2026-05-22T10:09:45.069232+00:00,scheduler,3,12,8425.9,10240.0,58,126.061
2026-05-22T10:09:50.069966+00:00,scheduler,0,0,1001.1,10240.0,35,18.746
2026-05-22T10:09:50.069966+00:00,scheduler,1,8,8701.9,10240.0,42,97.231
2026-05-22T10:09:50.069966+00:00,scheduler,2,0,699.9,10240.0,46,96.024
2026-05-22T10:09:50.069966+00:00,scheduler,3,0,675.9,10240.0,58,130.172
2026-05-22T10:09:55.073050+00:00,scheduler,0,0,1001.1,10240.0,35,18.599
2026-05-22T10:09:55.073050+00:00,scheduler,1,44,7087.9,10240.0,44,116.697
2026-05-22T10:09:55.073050+00:00,scheduler,2,0,699.9,10240.0,46,96.29
2026-05-22T10:09:55.073050+00:00,scheduler,3,0,675.9,10240.0,54,103.282
2026-05-22T10:10:00.076230+00:00,scheduler,0,0,1001.1,10240.0,35,18.856
2026-05-22T10:10:00.076230+00:00,scheduler,1,100,8449.9,10240.0,67,317.756
2026-05-22T10:10:00.076230+00:00,scheduler,2,0,699.9,10240.0,42,85.647
2026-05-22T10:10:00.076230+00:00,scheduler,3,0,675.9,10240.0,54,102.657
2026-05-22T10:10:05.076796+00:00,scheduler,0,50,9001.1,10240.0,42,113.496
2026-05-22T10:10:05.076796+00:00,scheduler,1,100,8449.9,10240.0,70,318.638
2026-05-22T10:10:05.076796+00:00,scheduler,2,0,699.9,10240.0,41,23.403
2026-05-22T10:10:05.076796+00:00,scheduler,3,0,675.9,10240.0,54,102.846
2026-05-22T10:10:10.077462+00:00,scheduler,0,12,9001.1,10240.0,42,91.675
2026-05-22T10:10:10.077462+00:00,scheduler,1,12,8449.9,10240.0,53,125.636
2026-05-22T10:10:10.077462+00:00,scheduler,2,0,699.9,10240.0,40,23.281
2026-05-22T10:10:10.077462+00:00,scheduler,3,0,675.9,10240.0,46,25.662
2026-05-22T10:10:15.078301+00:00,scheduler,0,100,8749.1,10240.0,62,319.031
2026-05-22T10:10:15.078301+00:00,scheduler,1,0,699.9,10240.0,50,121.563
2026-05-22T10:10:15.078301+00:00,scheduler,2,0,699.9,10240.0,39,23.15
2026-05-22T10:10:15.078301+00:00,scheduler,3,0,675.9,10240.0,45,25.458
2026-05-22T10:10:20.080568+00:00,scheduler,0,100,8749.1,10240.0,65,317.897
2026-05-22T10:10:20.080568+00:00,scheduler,1,0,699.9,10240.0,47,97.593
2026-05-22T10:10:20.080568+00:00,scheduler,2,0,699.9,10240.0,39,23.188
2026-05-22T10:10:20.080568+00:00,scheduler,3,0,675.9,10240.0,44,25.358
2026-05-22T10:10:25.081206+00:00,scheduler,0,100,8749.1,10240.0,66,302.235
2026-05-22T10:10:25.081206+00:00,scheduler,1,0,699.9,10240.0,47,98.329
2026-05-22T10:10:25.081206+00:00,scheduler,2,0,699.9,10240.0,38,23.139
2026-05-22T10:10:25.081206+00:00,scheduler,3,0,675.9,10240.0,43,25.062
2026-05-22T10:10:30.081922+00:00,scheduler,0,10,8749.1,10240.0,48,94.599
2026-05-22T10:10:30.081922+00:00,scheduler,1,0,699.9,10240.0,47,98.564
2026-05-22T10:10:30.081922+00:00,scheduler,2,0,699.9,10240.0,38,22.814
2026-05-22T10:10:30.081922+00:00,scheduler,3,0,675.9,10240.0,43,24.86
2026-05-22T10:10:35.082873+00:00,scheduler,0,0,999.1,10240.0,48,106.979
2026-05-22T10:10:35.082873+00:00,scheduler,1,0,699.9,10240.0,41,27.787
2026-05-22T10:10:35.082873+00:00,scheduler,2,0,699.9,10240.0,37,22.747
2026-05-22T10:10:35.082873+00:00,scheduler,3,0,675.9,10240.0,43,25.153
2026-05-22T10:10:40.083611+00:00,scheduler,0,0,999.1,10240.0,47,92.702
2026-05-22T10:10:40.083611+00:00,scheduler,1,0,699.9,10240.0,40,27.485
2026-05-22T10:10:40.083611+00:00,scheduler,2,0,699.9,10240.0,37,22.796
2026-05-22T10:10:40.083611+00:00,scheduler,3,0,675.9,10240.0,42,24.749
2026-05-22T10:10:45.084275+00:00,scheduler,0,0,999.1,10240.0,47,92.581
2026-05-22T10:10:45.084275+00:00,scheduler,1,0,699.9,10240.0,39,27.198
2026-05-22T10:10:45.084275+00:00,scheduler,2,0,699.9,10240.0,37,22.761
2026-05-22T10:10:45.084275+00:00,scheduler,3,0,675.9,10240.0,42,24.831
2026-05-22T10:10:50.084905+00:00,scheduler,0,0,999.1,10240.0,44,81.628
2026-05-22T10:10:50.084905+00:00,scheduler,1,0,699.9,10240.0,38,27.4
2026-05-22T10:10:50.084905+00:00,scheduler,2,10,8701.9,10240.0,43,156.881
2026-05-22T10:10:50.084905+00:00,scheduler,3,0,675.9,10240.0,42,24.845
2026-05-22T10:10:55.085560+00:00,scheduler,0,0,999.1,10240.0,40,19.03
2026-05-22T10:10:55.085560+00:00,scheduler,1,0,699.9,10240.0,38,27.305
2026-05-22T10:10:55.085560+00:00,scheduler,2,9,973.9,10240.0,42,94.728
2026-05-22T10:10:55.085560+00:00,scheduler,3,0,675.9,10240.0,41,24.629
2026-05-22T10:11:00.086213+00:00,scheduler,0,0,999.1,10240.0,40,19.359
2026-05-22T10:11:00.086213+00:00,scheduler,1,9,8701.9,10240.0,46,119.065
2026-05-22T10:11:00.086213+00:00,scheduler,2,100,8449.9,10240.0,56,317.094
2026-05-22T10:11:00.086213+00:00,scheduler,3,0,675.9,10240.0,41,25.172
2026-05-22T10:11:05.087011+00:00,scheduler,0,0,999.1,10240.0,39,19.326
2026-05-22T10:11:05.087011+00:00,scheduler,1,32,4351.9,10240.0,46,113.354
2026-05-22T10:11:05.087011+00:00,scheduler,2,100,8449.9,10240.0,57,317.171
2026-05-22T10:11:05.087011+00:00,scheduler,3,0,675.9,10240.0,41,25.129
2026-05-22T10:11:10.087907+00:00,scheduler,0,0,999.1,10240.0,38,19.342
2026-05-22T10:11:10.087907+00:00,scheduler,1,100,8449.9,10240.0,68,317.99
2026-05-22T10:11:10.087907+00:00,scheduler,2,100,8449.9,10240.0,59,318.276
2026-05-22T10:11:10.087907+00:00,scheduler,3,0,675.9,10240.0,41,25.124
2026-05-22T10:11:15.088790+00:00,scheduler,0,0,999.1,10240.0,38,19.202
2026-05-22T10:11:15.088790+00:00,scheduler,1,100,8449.9,10240.0,71,318.856
2026-05-22T10:11:15.088790+00:00,scheduler,2,10,8449.9,10240.0,46,95.863
2026-05-22T10:11:15.088790+00:00,scheduler,3,8,8677.9,10240.0,53,163.86
2026-05-22T10:11:20.089416+00:00,scheduler,0,0,999.1,10240.0,38,19.261
2026-05-22T10:11:20.089416+00:00,scheduler,1,11,8449.9,10240.0,57,208.435
2026-05-22T10:11:20.089416+00:00,scheduler,2,0,699.9,10240.0,46,98.758
2026-05-22T10:11:20.089416+00:00,scheduler,3,10,715.9,10240.0,50,101.38
2026-05-22T10:11:25.090069+00:00,scheduler,0,0,999.1,10240.0,37,19.116
2026-05-22T10:11:25.090069+00:00,scheduler,1,0,699.9,10240.0,52,119.399
2026-05-22T10:11:25.090069+00:00,scheduler,2,0,699.9,10240.0,46,94.902
2026-05-22T10:11:25.090069+00:00,scheduler,3,100,8425.9,10240.0,70,277.368
2026-05-22T10:11:30.090680+00:00,scheduler,0,54,5049.1,10240.0,41,33.525
2026-05-22T10:11:30.090680+00:00,scheduler,1,0,699.9,10240.0,48,98.819
2026-05-22T10:11:30.090680+00:00,scheduler,2,0,699.9,10240.0,45,94.871
2026-05-22T10:11:30.090680+00:00,scheduler,3,100,8425.9,10240.0,69,265.732
2026-05-22T10:11:35.091315+00:00,scheduler,0,13,9001.1,10240.0,44,92.553
2026-05-22T10:11:35.091315+00:00,scheduler,1,0,699.9,10240.0,48,98.919
2026-05-22T10:11:35.091315+00:00,scheduler,2,0,699.9,10240.0,41,47.671
2026-05-22T10:11:35.091315+00:00,scheduler,3,100,8425.9,10240.0,70,260.158
2026-05-22T10:11:40.091888+00:00,scheduler,0,100,8749.1,10240.0,62,318.957
2026-05-22T10:11:40.091888+00:00,scheduler,1,0,699.9,10240.0,48,98.753
2026-05-22T10:11:40.091888+00:00,scheduler,2,0,699.9,10240.0,40,23.254
2026-05-22T10:11:40.091888+00:00,scheduler,3,9,8425.9,10240.0,55,104.531
2026-05-22T10:11:45.092428+00:00,scheduler,0,100,8749.1,10240.0,66,309.804
2026-05-22T10:11:45.092428+00:00,scheduler,1,0,699.9,10240.0,42,29.851
2026-05-22T10:11:45.092428+00:00,scheduler,2,0,699.9,10240.0,39,23.194
2026-05-22T10:11:45.092428+00:00,scheduler,3,0,675.9,10240.0,56,116.191
2026-05-22T10:11:50.093072+00:00,scheduler,0,100,8749.1,10240.0,67,297.856
2026-05-22T10:11:50.093072+00:00,scheduler,1,0,699.9,10240.0,41,27.935
2026-05-22T10:11:50.093072+00:00,scheduler,2,0,699.9,10240.0,39,23.291
2026-05-22T10:11:50.093072+00:00,scheduler,3,0,675.9,10240.0,54,103.402
2026-05-22T10:11:55.095018+00:00,scheduler,0,10,8749.1,10240.0,50,94.891
2026-05-22T10:11:55.095018+00:00,scheduler,1,0,699.9,10240.0,40,27.462
2026-05-22T10:11:55.095018+00:00,scheduler,2,0,699.9,10240.0,38,22.845
2026-05-22T10:11:55.095018+00:00,scheduler,3,0,675.9,10240.0,54,103.248
2026-05-22T10:12:00.097029+00:00,scheduler,0,0,999.1,10240.0,49,107.893
2026-05-22T10:12:00.097029+00:00,scheduler,1,0,699.9,10240.0,39,27.533
2026-05-22T10:12:00.097029+00:00,scheduler,2,0,699.9,10240.0,38,22.824
2026-05-22T10:12:00.097029+00:00,scheduler,3,0,675.9,10240.0,49,73.907
2026-05-22T10:12:05.097619+00:00,scheduler,0,0,999.1,10240.0,48,92.293
2026-05-22T10:12:05.097619+00:00,scheduler,1,0,699.9,10240.0,38,27.499
2026-05-22T10:12:05.097619+00:00,scheduler,2,0,699.9,10240.0,38,22.926
2026-05-22T10:12:05.097619+00:00,scheduler,3,0,675.9,10240.0,46,24.876
2026-05-22T10:12:10.098280+00:00,scheduler,0,0,999.1,10240.0,47,92.68
2026-05-22T10:12:10.098280+00:00,scheduler,1,0,699.9,10240.0,38,27.623
2026-05-22T10:12:10.098280+00:00,scheduler,2,0,699.9,10240.0,37,22.715
2026-05-22T10:12:10.098280+00:00,scheduler,3,0,675.9,10240.0,45,24.995
2026-05-22T10:12:15.099001+00:00,scheduler,0,0,999.1,10240.0,43,68.985
2026-05-22T10:12:15.099001+00:00,scheduler,1,0,699.9,10240.0,37,27.491
2026-05-22T10:12:15.099001+00:00,scheduler,2,0,699.9,10240.0,37,22.817
2026-05-22T10:12:15.099001+00:00,scheduler,3,0,675.9,10240.0,44,24.861
2026-05-22T10:12:20.100961+00:00,scheduler,0,0,999.1,10240.0,41,18.836
2026-05-22T10:12:20.100961+00:00,scheduler,1,0,699.9,10240.0,37,27.301
2026-05-22T10:12:20.100961+00:00,scheduler,2,0,699.9,10240.0,37,22.626
2026-05-22T10:12:20.100961+00:00,scheduler,3,0,675.9,10240.0,43,24.786
2026-05-22T10:12:25.101628+00:00,scheduler,0,0,999.1,10240.0,40,18.686
2026-05-22T10:12:25.101628+00:00,scheduler,1,0,699.9,10240.0,37,27.197
2026-05-22T10:12:25.101628+00:00,scheduler,2,0,699.9,10240.0,36,22.58
2026-05-22T10:12:25.101628+00:00,scheduler,3,0,675.9,10240.0,43,24.904
2026-05-22T10:12:30.102218+00:00,scheduler,0,0,999.1,10240.0,39,18.607
2026-05-22T10:12:30.102218+00:00,scheduler,1,0,699.9,10240.0,36,27.249
2026-05-22T10:12:30.102218+00:00,scheduler,2,0,699.9,10240.0,36,22.55
2026-05-22T10:12:30.102218+00:00,scheduler,3,0,675.9,10240.0,43,24.791
2026-05-22T10:12:35.102917+00:00,scheduler,0,0,999.1,10240.0,39,18.502
2026-05-22T10:12:35.102917+00:00,scheduler,1,0,699.9,10240.0,36,27.099
2026-05-22T10:12:35.102917+00:00,scheduler,2,0,699.9,10240.0,36,22.466
2026-05-22T10:12:35.102917+00:00,scheduler,3,0,675.9,10240.0,42,24.729
2026-05-22T10:12:40.103490+00:00,scheduler,0,0,999.1,10240.0,38,18.423
2026-05-22T10:12:40.103490+00:00,scheduler,1,0,699.9,10240.0,36,27.056
2026-05-22T10:12:40.103490+00:00,scheduler,2,0,699.9,10240.0,36,22.436
2026-05-22T10:12:40.103490+00:00,scheduler,3,0,675.9,10240.0,42,24.85
2026-05-22T10:12:45.104315+00:00,scheduler,0,0,999.1,10240.0,38,18.61
2026-05-22T10:12:45.104315+00:00,scheduler,1,0,699.9,10240.0,36,27.109
2026-05-22T10:12:45.104315+00:00,scheduler,2,0,699.9,10240.0,35,22.447
2026-05-22T10:12:45.104315+00:00,scheduler,3,0,675.9,10240.0,42,24.718
2026-05-22T10:12:50.105149+00:00,scheduler,0,0,999.1,10240.0,37,18.412
2026-05-22T10:12:50.105149+00:00,scheduler,1,0,699.9,10240.0,35,26.979
2026-05-22T10:12:50.105149+00:00,scheduler,2,0,699.9,10240.0,35,22.582
2026-05-22T10:12:50.105149+00:00,scheduler,3,0,675.9,10240.0,41,24.7
2026-05-22T10:12:55.105782+00:00,scheduler,0,0,999.1,10240.0,37,18.236
2026-05-22T10:12:55.105782+00:00,scheduler,1,0,699.9,10240.0,35,27.005
2026-05-22T10:12:55.105782+00:00,scheduler,2,0,699.9,10240.0,35,22.469
2026-05-22T10:12:55.105782+00:00,scheduler,3,0,675.9,10240.0,41,24.649
2026-05-22T10:13:00.106520+00:00,scheduler,0,0,999.1,10240.0,37,18.31
2026-05-22T10:13:00.106520+00:00,scheduler,1,0,699.9,10240.0,35,27.035
2026-05-22T10:13:00.106520+00:00,scheduler,2,0,699.9,10240.0,35,22.469
2026-05-22T10:13:00.106520+00:00,scheduler,3,0,675.9,10240.0,41,24.743
2026-05-22T10:13:05.107403+00:00,scheduler,0,0,999.1,10240.0,36,18.23
2026-05-22T10:13:05.107403+00:00,scheduler,1,0,699.9,10240.0,35,27.095
2026-05-22T10:13:05.107403+00:00,scheduler,2,0,699.9,10240.0,35,22.397
2026-05-22T10:13:05.107403+00:00,scheduler,3,0,675.9,10240.0,41,24.62
2026-05-22T10:13:10.108076+00:00,scheduler,0,0,999.1,10240.0,36,18.218
2026-05-22T10:13:10.108076+00:00,scheduler,1,0,699.9,10240.0,35,27.074
2026-05-22T10:13:10.108076+00:00,scheduler,2,0,699.9,10240.0,35,22.362
2026-05-22T10:13:10.108076+00:00,scheduler,3,0,675.9,10240.0,41,24.672
2026-05-22T10:13:15.108637+00:00,scheduler,0,0,999.1,10240.0,36,18.36
2026-05-22T10:13:15.108637+00:00,scheduler,1,0,699.9,10240.0,35,27.001
2026-05-22T10:13:15.108637+00:00,scheduler,2,0,699.9,10240.0,35,22.236
2026-05-22T10:13:15.108637+00:00,scheduler,3,0,675.9,10240.0,40,24.628
2026-05-22T10:13:20.109403+00:00,scheduler,0,0,999.1,10240.0,36,18.414
2026-05-22T10:13:20.109403+00:00,scheduler,1,0,699.9,10240.0,35,26.956
2026-05-22T10:13:20.109403+00:00,scheduler,2,0,699.9,10240.0,35,22.268
2026-05-22T10:13:20.109403+00:00,scheduler,3,0,675.9,10240.0,40,24.619
2026-05-22T10:13:25.110251+00:00,scheduler,0,0,999.1,10240.0,36,18.276
2026-05-22T10:13:25.110251+00:00,scheduler,1,0,699.9,10240.0,35,27.053
2026-05-22T10:13:25.110251+00:00,scheduler,2,0,699.9,10240.0,35,22.443
2026-05-22T10:13:25.110251+00:00,scheduler,3,0,1457.9,10240.0,40,24.626
2026-05-22T10:13:30.110827+00:00,scheduler,0,0,999.1,10240.0,36,18.412
2026-05-22T10:13:30.110827+00:00,scheduler,1,0,699.9,10240.0,34,27.204
2026-05-22T10:13:30.110827+00:00,scheduler,2,0,699.9,10240.0,34,22.386
2026-05-22T10:13:30.110827+00:00,scheduler,3,8,8697.9,10240.0,51,117.252
2026-05-22T10:13:35.111612+00:00,scheduler,0,0,999.1,10240.0,35,18.404
2026-05-22T10:13:35.111612+00:00,scheduler,1,0,699.9,10240.0,34,27.069
2026-05-22T10:13:35.111612+00:00,scheduler,2,0,699.9,10240.0,35,22.335
2026-05-22T10:13:35.111612+00:00,scheduler,3,8,8697.9,10240.0,50,100.786
2026-05-22T10:13:40.112291+00:00,scheduler,0,0,999.1,10240.0,35,18.802
2026-05-22T10:13:40.112291+00:00,scheduler,1,0,1441.9,10240.0,34,27.36
2026-05-22T10:13:40.112291+00:00,scheduler,2,0,699.9,10240.0,34,22.532
2026-05-22T10:13:40.112291+00:00,scheduler,3,100,8425.9,10240.0,69,301.248
2026-05-22T10:13:45.112973+00:00,scheduler,0,0,1741.1,10240.0,35,18.874
2026-05-22T10:13:45.112973+00:00,scheduler,1,11,8701.9,10240.0,43,115.659
2026-05-22T10:13:45.112973+00:00,scheduler,2,0,1441.9,10240.0,34,22.726
2026-05-22T10:13:45.112973+00:00,scheduler,3,100,8425.9,10240.0,69,265.229
2026-05-22T10:13:50.113631+00:00,scheduler,0,11,9001.1,10240.0,42,94.311
2026-05-22T10:13:50.113631+00:00,scheduler,1,23,8131.9,10240.0,42,108.308
2026-05-22T10:13:50.113631+00:00,scheduler,2,11,8701.9,10240.0,40,109.049
2026-05-22T10:13:50.113631+00:00,scheduler,3,100,8425.9,10240.0,69,259.965
2026-05-22T10:13:55.114321+00:00,scheduler,0,100,8749.1,10240.0,47,137.468
2026-05-22T10:13:55.114321+00:00,scheduler,1,100,8449.9,10240.0,67,316.453
2026-05-22T10:13:55.114321+00:00,scheduler,2,30,8449.9,10240.0,40,106.765
2026-05-22T10:13:55.114321+00:00,scheduler,3,8,8425.9,10240.0,56,105.083
2026-05-22T10:14:00.114951+00:00,scheduler,0,100,8749.1,10240.0,64,318.548
2026-05-22T10:14:00.114951+00:00,scheduler,1,100,8449.9,10240.0,69,317.448
2026-05-22T10:14:00.114951+00:00,scheduler,2,100,8449.9,10240.0,55,318.857
2026-05-22T10:14:00.114951+00:00,scheduler,3,0,675.9,10240.0,57,140.686
2026-05-22T10:14:05.115591+00:00,scheduler,0,100,8749.1,10240.0,66,301.629
2026-05-22T10:14:05.115591+00:00,scheduler,1,11,8449.9,10240.0,52,125.29
2026-05-22T10:14:05.115591+00:00,scheduler,2,100,8449.9,10240.0,56,318.564
2026-05-22T10:14:05.115591+00:00,scheduler,3,0,675.9,10240.0,54,103.369
2026-05-22T10:14:10.116254+00:00,scheduler,0,10,8749.1,10240.0,52,119.933
2026-05-22T10:14:10.116254+00:00,scheduler,1,0,699.9,10240.0,49,119.285
2026-05-22T10:14:10.116254+00:00,scheduler,2,10,8449.9,10240.0,46,109.329
2026-05-22T10:14:10.116254+00:00,scheduler,3,0,675.9,10240.0,54,103.13
2026-05-22T10:14:15.116918+00:00,scheduler,0,0,999.1,10240.0,50,131.003
2026-05-22T10:14:15.116918+00:00,scheduler,1,0,699.9,10240.0,47,98.697
2026-05-22T10:14:15.116918+00:00,scheduler,2,0,699.9,10240.0,46,112.478
2026-05-22T10:14:15.116918+00:00,scheduler,3,0,675.9,10240.0,54,102.743
2026-05-22T10:14:20.117552+00:00,scheduler,0,0,999.1,10240.0,47,92.223
2026-05-22T10:14:20.117552+00:00,scheduler,1,0,699.9,10240.0,47,99.065
2026-05-22T10:14:20.117552+00:00,scheduler,2,0,699.9,10240.0,45,95.49
2026-05-22T10:14:20.117552+00:00,scheduler,3,0,675.9,10240.0,46,25.167
2026-05-22T10:14:25.118153+00:00,scheduler,0,0,999.1,10240.0,47,92.214
2026-05-22T10:14:25.118153+00:00,scheduler,1,0,699.9,10240.0,46,99.131
2026-05-22T10:14:25.118153+00:00,scheduler,2,0,699.9,10240.0,44,95.435
2026-05-22T10:14:25.118153+00:00,scheduler,3,0,675.9,10240.0,45,25.183
2026-05-22T10:14:30.118726+00:00,scheduler,0,0,999.1,10240.0,47,91.929
2026-05-22T10:14:30.118726+00:00,scheduler,1,0,699.9,10240.0,41,27.548
2026-05-22T10:14:30.118726+00:00,scheduler,2,0,699.9,10240.0,45,95.642
2026-05-22T10:14:30.118726+00:00,scheduler,3,0,675.9,10240.0,44,24.78
2026-05-22T10:14:35.119436+00:00,scheduler,0,0,999.1,10240.0,41,19.024
2026-05-22T10:14:35.119436+00:00,scheduler,1,0,699.9,10240.0,40,27.534
2026-05-22T10:14:35.119436+00:00,scheduler,2,0,699.9,10240.0,40,22.846
2026-05-22T10:14:35.119436+00:00,scheduler,3,0,675.9,10240.0,43,24.721
2026-05-22T10:14:40.120011+00:00,scheduler,0,0,999.1,10240.0,40,18.662
2026-05-22T10:14:40.120011+00:00,scheduler,1,0,699.9,10240.0,39,27.418
2026-05-22T10:14:40.120011+00:00,scheduler,2,0,699.9,10240.0,39,22.938
2026-05-22T10:14:40.120011+00:00,scheduler,3,0,675.9,10240.0,43,24.876
2026-05-22T10:14:45.120794+00:00,scheduler,0,0,999.1,10240.0,39,18.88
2026-05-22T10:14:45.120794+00:00,scheduler,1,0,699.9,10240.0,38,27.307
2026-05-22T10:14:45.120794+00:00,scheduler,2,0,699.9,10240.0,39,22.817
2026-05-22T10:14:45.120794+00:00,scheduler,3,0,675.9,10240.0,42,24.748
2026-05-22T10:14:50.121394+00:00,scheduler,0,0,999.1,10240.0,39,18.508
2026-05-22T10:14:50.121394+00:00,scheduler,1,0,699.9,10240.0,38,27.469
2026-05-22T10:14:50.121394+00:00,scheduler,2,0,699.9,10240.0,38,22.704
2026-05-22T10:14:50.121394+00:00,scheduler,3,0,675.9,10240.0,42,24.825
2026-05-22T10:14:55.122342+00:00,scheduler,0,0,999.1,10240.0,38,18.509
2026-05-22T10:14:55.122342+00:00,scheduler,1,0,699.9,10240.0,37,27.226
2026-05-22T10:14:55.122342+00:00,scheduler,2,0,699.9,10240.0,38,22.613
2026-05-22T10:14:55.122342+00:00,scheduler,3,0,675.9,10240.0,42,24.875
2026-05-22T10:15:00.123162+00:00,scheduler,0,0,999.1,10240.0,38,18.439
2026-05-22T10:15:00.123162+00:00,scheduler,1,0,699.9,10240.0,37,27.063
2026-05-22T10:15:00.123162+00:00,scheduler,2,0,699.9,10240.0,37,22.731
2026-05-22T10:15:00.123162+00:00,scheduler,3,0,675.9,10240.0,41,24.856
2026-05-22T10:15:05.123835+00:00,scheduler,0,0,999.1,10240.0,37,18.327
2026-05-22T10:15:05.123835+00:00,scheduler,1,0,699.9,10240.0,37,27.285
2026-05-22T10:15:05.123835+00:00,scheduler,2,0,699.9,10240.0,37,22.664
2026-05-22T10:15:05.123835+00:00,scheduler,3,0,675.9,10240.0,41,24.651
2026-05-22T10:15:10.124511+00:00,scheduler,0,11,9001.1,10240.0,46,115.613
2026-05-22T10:15:10.124511+00:00,scheduler,1,0,699.9,10240.0,36,27.198
2026-05-22T10:15:10.124511+00:00,scheduler,2,0,699.9,10240.0,37,22.835
2026-05-22T10:15:10.124511+00:00,scheduler,3,0,675.9,10240.0,41,24.805
2026-05-22T10:15:15.125317+00:00,scheduler,0,50,6685.1,10240.0,46,107.017
2026-05-22T10:15:15.125317+00:00,scheduler,1,0,699.9,10240.0,36,27.046
2026-05-22T10:15:15.125317+00:00,scheduler,2,0,699.9,10240.0,37,22.612
2026-05-22T10:15:15.125317+00:00,scheduler,3,0,675.9,10240.0,41,24.693
2026-05-22T10:15:20.126086+00:00,scheduler,0,100,8749.1,10240.0,66,318.709
2026-05-22T10:15:20.126086+00:00,scheduler,1,0,699.9,10240.0,36,27.385
2026-05-22T10:15:20.126086+00:00,scheduler,2,0,699.9,10240.0,36,22.962
2026-05-22T10:15:20.126086+00:00,scheduler,3,0,1417.9,10240.0,40,25.207
2026-05-22T10:15:25.126808+00:00,scheduler,0,100,8749.1,10240.0,66,299.036
2026-05-22T10:15:25.126808+00:00,scheduler,1,0,699.9,10240.0,36,27.406
2026-05-22T10:15:25.126808+00:00,scheduler,2,0,699.9,10240.0,36,22.947
2026-05-22T10:15:25.126808+00:00,scheduler,3,8,8677.9,10240.0,52,122.406
2026-05-22T10:15:30.127373+00:00,scheduler,0,19,8749.1,10240.0,56,129.925
2026-05-22T10:15:30.127373+00:00,scheduler,1,0,699.9,10240.0,36,27.274
2026-05-22T10:15:30.127373+00:00,scheduler,2,11,8701.9,10240.0,43,111.729
2026-05-22T10:15:30.127373+00:00,scheduler,3,9,1463.9,10240.0,50,101.161
2026-05-22T10:15:35.128016+00:00,scheduler,0,0,999.1,10240.0,51,120.126
2026-05-22T10:15:35.128016+00:00,scheduler,1,0,699.9,10240.0,35,27.289
2026-05-22T10:15:35.128016+00:00,scheduler,2,47,3577.9,10240.0,42,97.786
2026-05-22T10:15:35.128016+00:00,scheduler,3,100,8425.9,10240.0,70,296.012
2026-05-22T10:15:40.128540+00:00,scheduler,0,0,999.1,10240.0,48,93.142
2026-05-22T10:15:40.128540+00:00,scheduler,1,0,699.9,10240.0,35,27.468
2026-05-22T10:15:40.128540+00:00,scheduler,2,100,8449.9,10240.0,56,319.108
2026-05-22T10:15:40.128540+00:00,scheduler,3,100,8425.9,10240.0,70,267.037
2026-05-22T10:15:45.129233+00:00,scheduler,0,0,999.1,10240.0,48,92.751
2026-05-22T10:15:45.129233+00:00,scheduler,1,0,699.9,10240.0,35,27.322
2026-05-22T10:15:45.129233+00:00,scheduler,2,100,8449.9,10240.0,57,316.505
2026-05-22T10:15:45.129233+00:00,scheduler,3,100,8425.9,10240.0,70,262.943
2026-05-22T10:15:50.129866+00:00,scheduler,0,0,999.1,10240.0,47,92.525
2026-05-22T10:15:50.129866+00:00,scheduler,1,32,8425.9,10240.0,40,97.315
2026-05-22T10:15:50.129866+00:00,scheduler,2,8,8449.9,10240.0,49,160.681
2026-05-22T10:15:50.129866+00:00,scheduler,3,10,8425.9,10240.0,56,105.2
2026-05-22T10:15:55.130392+00:00,scheduler,0,0,999.1,10240.0,42,19.8
2026-05-22T10:15:55.130392+00:00,scheduler,1,13,8701.9,10240.0,42,97.199
2026-05-22T10:15:55.130392+00:00,scheduler,2,7,8449.9,10240.0,46,95.703
2026-05-22T10:15:55.130392+00:00,scheduler,3,0,675.9,10240.0,56,119.069
2026-05-22T10:16:00.131032+00:00,scheduler,0,0,999.1,10240.0,41,19.512
2026-05-22T10:16:00.131032+00:00,scheduler,1,100,8449.9,10240.0,64,318.607
2026-05-22T10:16:00.131032+00:00,scheduler,2,0,699.9,10240.0,46,99.756
2026-05-22T10:16:00.131032+00:00,scheduler,3,0,675.9,10240.0,54,102.687
2026-05-22T10:16:05.131595+00:00,scheduler,0,0,999.1,10240.0,40,19.462
2026-05-22T10:16:05.131595+00:00,scheduler,1,100,8449.9,10240.0,69,318.782
2026-05-22T10:16:05.131595+00:00,scheduler,2,0,699.9,10240.0,46,95.894
2026-05-22T10:16:05.131595+00:00,scheduler,3,0,675.9,10240.0,54,102.307
2026-05-22T10:16:10.132378+00:00,scheduler,0,0,999.1,10240.0,39,19.504
2026-05-22T10:16:10.132378+00:00,scheduler,1,100,8449.9,10240.0,71,318.593
2026-05-22T10:16:10.132378+00:00,scheduler,2,0,699.9,10240.0,45,95.853
2026-05-22T10:16:10.132378+00:00,scheduler,3,0,675.9,10240.0,48,77.166
2026-05-22T10:16:15.133020+00:00,scheduler,0,0,999.1,10240.0,39,18.702
2026-05-22T10:16:15.133020+00:00,scheduler,1,11,8449.9,10240.0,49,98.843
2026-05-22T10:16:15.133020+00:00,scheduler,2,0,699.9,10240.0,41,40.641
2026-05-22T10:16:15.133020+00:00,scheduler,3,0,675.9,10240.0,46,25.263
2026-05-22T10:16:20.133688+00:00,scheduler,0,0,999.1,10240.0,38,18.611
2026-05-22T10:16:20.133688+00:00,scheduler,1,0,699.9,10240.0,48,104.473
2026-05-22T10:16:20.133688+00:00,scheduler,2,0,699.9,10240.0,40,23.053
2026-05-22T10:16:20.133688+00:00,scheduler,3,0,675.9,10240.0,44,25.021
2026-05-22T10:16:25.134308+00:00,scheduler,0,0,999.1,10240.0,38,18.435
2026-05-22T10:16:25.134308+00:00,scheduler,1,0,699.9,10240.0,47,98.846
2026-05-22T10:16:25.134308+00:00,scheduler,2,0,699.9,10240.0,39,22.725
2026-05-22T10:16:25.134308+00:00,scheduler,3,0,675.9,10240.0,44,25.097
2026-05-22T10:16:30.134916+00:00,scheduler,0,0,999.1,10240.0,37,18.568
2026-05-22T10:16:30.134916+00:00,scheduler,1,0,699.9,10240.0,47,98.755
2026-05-22T10:16:30.134916+00:00,scheduler,2,0,699.9,10240.0,39,22.886
2026-05-22T10:16:30.134916+00:00,scheduler,3,0,675.9,10240.0,43,24.729
2026-05-22T10:16:35.135545+00:00,scheduler,0,0,999.1,10240.0,37,18.405
2026-05-22T10:16:35.135545+00:00,scheduler,1,0,699.9,10240.0,42,37.282
2026-05-22T10:16:35.135545+00:00,scheduler,2,0,699.9,10240.0,38,22.958
2026-05-22T10:16:35.135545+00:00,scheduler,3,0,675.9,10240.0,43,24.959
2026-05-22T10:16:40.136220+00:00,scheduler,0,0,999.1,10240.0,37,18.332
2026-05-22T10:16:40.136220+00:00,scheduler,1,0,699.9,10240.0,40,27.549
2026-05-22T10:16:40.136220+00:00,scheduler,2,0,699.9,10240.0,38,22.759
2026-05-22T10:16:40.136220+00:00,scheduler,3,0,675.9,10240.0,42,24.782
2026-05-22T10:16:45.136839+00:00,scheduler,0,0,999.1,10240.0,37,18.343
2026-05-22T10:16:45.136839+00:00,scheduler,1,0,699.9,10240.0,39,27.514
2026-05-22T10:16:45.136839+00:00,scheduler,2,0,699.9,10240.0,38,22.662
2026-05-22T10:16:45.136839+00:00,scheduler,3,0,675.9,10240.0,42,24.725
2026-05-22T10:16:50.137503+00:00,scheduler,0,0,999.1,10240.0,36,18.251
2026-05-22T10:16:50.137503+00:00,scheduler,1,0,699.9,10240.0,39,27.437
2026-05-22T10:16:50.137503+00:00,scheduler,2,0,699.9,10240.0,37,22.811
2026-05-22T10:16:50.137503+00:00,scheduler,3,0,675.9,10240.0,42,24.695
2026-05-22T10:16:55.138186+00:00,scheduler,0,0,999.1,10240.0,36,18.301
2026-05-22T10:16:55.138186+00:00,scheduler,1,0,699.9,10240.0,38,27.192
2026-05-22T10:16:55.138186+00:00,scheduler,2,0,699.9,10240.0,37,22.686
2026-05-22T10:16:55.138186+00:00,scheduler,3,0,675.9,10240.0,42,24.751
2026-05-22T10:17:00.138767+00:00,scheduler,0,62,9001.1,10240.0,46,117.859
2026-05-22T10:17:00.138767+00:00,scheduler,1,0,699.9,10240.0,38,27.188
2026-05-22T10:17:00.138767+00:00,scheduler,2,0,699.9,10240.0,37,22.478
2026-05-22T10:17:00.138767+00:00,scheduler,3,0,675.9,10240.0,41,24.666
2026-05-22T10:17:05.139403+00:00,scheduler,0,11,9001.1,10240.0,43,92.258
2026-05-22T10:17:05.139403+00:00,scheduler,1,0,699.9,10240.0,37,27.462
2026-05-22T10:17:05.139403+00:00,scheduler,2,23,8701.9,10240.0,43,136.435
2026-05-22T10:17:05.139403+00:00,scheduler,3,11,8677.9,10240.0,54,126.614
2026-05-22T10:17:10.139992+00:00,scheduler,0,100,8749.1,10240.0,63,317.265
2026-05-22T10:17:10.139992+00:00,scheduler,1,0,699.9,10240.0,37,27.331
2026-05-22T10:17:10.139992+00:00,scheduler,2,9,757.9,10240.0,42,95.013
2026-05-22T10:17:10.139992+00:00,scheduler,3,49,7297.9,10240.0,54,124.619
2026-05-22T10:17:15.140604+00:00,scheduler,0,100,8749.1,10240.0,65,309.956
2026-05-22T10:17:15.140604+00:00,scheduler,1,0,699.9,10240.0,37,27.296
2026-05-22T10:17:15.140604+00:00,scheduler,2,100,8449.9,10240.0,56,318.776
2026-05-22T10:17:15.140604+00:00,scheduler,3,100,8425.9,10240.0,70,269.358
2026-05-22T10:17:20.141280+00:00,scheduler,0,100,8749.1,10240.0,66,294.892
2026-05-22T10:17:20.141280+00:00,scheduler,1,0,699.9,10240.0,36,27.42
2026-05-22T10:17:20.141280+00:00,scheduler,2,100,8449.9,10240.0,57,317.134
2026-05-22T10:17:20.141280+00:00,scheduler,3,100,8425.9,10240.0,70,257.793
2026-05-22T10:17:25.141957+00:00,scheduler,0,11,6095.1,10240.0,49,94.297
2026-05-22T10:17:25.141957+00:00,scheduler,1,92,8701.9,10240.0,47,112.844
2026-05-22T10:17:25.141957+00:00,scheduler,2,22,8449.9,10240.0,52,272.746
2026-05-22T10:17:25.141957+00:00,scheduler,3,19,8425.9,10240.0,62,164.395
2026-05-22T10:17:30.142570+00:00,scheduler,0,0,999.1,10240.0,48,100.525
2026-05-22T10:17:30.142570+00:00,scheduler,1,11,865.9,10240.0,43,97.394
2026-05-22T10:17:30.142570+00:00,scheduler,2,8,8449.9,10240.0,46,96.697
2026-05-22T10:17:30.142570+00:00,scheduler,3,33,675.9,10240.0,60,126.477
2026-05-22T10:17:35.143154+00:00,scheduler,0,0,999.1,10240.0,47,93.42
2026-05-22T10:17:35.143154+00:00,scheduler,1,100,8449.9,10240.0,66,318.059
2026-05-22T10:17:35.143154+00:00,scheduler,2,0,699.9,10240.0,46,100.424
2026-05-22T10:17:35.143154+00:00,scheduler,3,0,675.9,10240.0,55,104.127
2026-05-22T10:17:40.143815+00:00,scheduler,0,0,999.1,10240.0,47,93.173
2026-05-22T10:17:40.143815+00:00,scheduler,1,100,8449.9,10240.0,70,317.99
2026-05-22T10:17:40.143815+00:00,scheduler,2,0,699.9,10240.0,46,96.11
2026-05-22T10:17:40.143815+00:00,scheduler,3,0,675.9,10240.0,54,103.047
2026-05-22T10:17:45.144499+00:00,scheduler,0,0,999.1,10240.0,43,59.601
2026-05-22T10:17:45.144499+00:00,scheduler,1,100,8449.9,10240.0,71,318.816
2026-05-22T10:17:45.144499+00:00,scheduler,2,0,699.9,10240.0,45,95.944
2026-05-22T10:17:45.144499+00:00,scheduler,3,0,675.9,10240.0,54,102.898
2026-05-22T10:17:50.145187+00:00,scheduler,0,0,999.1,10240.0,41,18.83
2026-05-22T10:17:50.145187+00:00,scheduler,1,9,8449.9,10240.0,49,98.884
2026-05-22T10:17:50.145187+00:00,scheduler,2,0,699.9,10240.0,42,56.673
2026-05-22T10:17:50.145187+00:00,scheduler,3,0,675.9,10240.0,47,26.099
2026-05-22T10:17:55.145976+00:00,scheduler,0,0,999.1,10240.0,40,18.685
2026-05-22T10:17:55.145976+00:00,scheduler,1,0,699.9,10240.0,48,104.485
2026-05-22T10:17:55.145976+00:00,scheduler,2,0,699.9,10240.0,40,23.101
2026-05-22T10:17:55.145976+00:00,scheduler,3,0,675.9,10240.0,45,25.01
2026-05-22T10:18:00.146566+00:00,scheduler,0,0,999.1,10240.0,39,18.895
2026-05-22T10:18:00.146566+00:00,scheduler,1,0,699.9,10240.0,47,98.257
2026-05-22T10:18:00.146566+00:00,scheduler,2,0,699.9,10240.0,40,22.947
2026-05-22T10:18:00.146566+00:00,scheduler,3,0,675.9,10240.0,44,24.838
2026-05-22T10:18:05.147285+00:00,scheduler,0,0,999.1,10240.0,39,18.479
2026-05-22T10:18:05.147285+00:00,scheduler,1,0,699.9,10240.0,47,98.178
2026-05-22T10:18:05.147285+00:00,scheduler,2,0,699.9,10240.0,39,22.832
2026-05-22T10:18:05.147285+00:00,scheduler,3,0,675.9,10240.0,44,25.2
2026-05-22T10:18:10.148031+00:00,scheduler,0,0,999.1,10240.0,38,18.59
2026-05-22T10:18:10.148031+00:00,scheduler,1,0,699.9,10240.0,42,52.008
2026-05-22T10:18:10.148031+00:00,scheduler,2,0,699.9,10240.0,38,22.914
2026-05-22T10:18:10.148031+00:00,scheduler,3,0,675.9,10240.0,43,24.929
2026-05-22T10:18:15.148717+00:00,scheduler,0,0,999.1,10240.0,38,18.337
2026-05-22T10:18:15.148717+00:00,scheduler,1,0,699.9,10240.0,40,27.325
2026-05-22T10:18:15.148717+00:00,scheduler,2,0,699.9,10240.0,38,22.814
2026-05-22T10:18:15.148717+00:00,scheduler,3,0,675.9,10240.0,43,24.809
2026-05-22T10:18:20.149315+00:00,scheduler,0,0,999.1,10240.0,37,18.354
2026-05-22T10:18:20.149315+00:00,scheduler,1,0,699.9,10240.0,40,27.301
2026-05-22T10:18:20.149315+00:00,scheduler,2,0,699.9,10240.0,38,22.704
2026-05-22T10:18:20.149315+00:00,scheduler,3,0,675.9,10240.0,42,24.664
2026-05-22T10:18:25.149956+00:00,scheduler,0,0,999.1,10240.0,37,18.223
2026-05-22T10:18:25.149956+00:00,scheduler,1,0,699.9,10240.0,39,27.171
2026-05-22T10:18:25.149956+00:00,scheduler,2,0,699.9,10240.0,37,22.904
2026-05-22T10:18:25.149956+00:00,scheduler,3,0,675.9,10240.0,42,24.688
2026-05-22T10:18:30.151914+00:00,scheduler,0,0,999.1,10240.0,37,18.137
2026-05-22T10:18:30.151914+00:00,scheduler,1,0,699.9,10240.0,38,27.303
2026-05-22T10:18:30.151914+00:00,scheduler,2,0,699.9,10240.0,37,22.732
2026-05-22T10:18:30.151914+00:00,scheduler,3,0,675.9,10240.0,42,24.806
2026-05-22T10:18:35.152530+00:00,scheduler,0,0,999.1,10240.0,36,18.243
2026-05-22T10:18:35.152530+00:00,scheduler,1,0,699.9,10240.0,38,27.178
2026-05-22T10:18:35.152530+00:00,scheduler,2,0,699.9,10240.0,37,22.627
2026-05-22T10:18:35.152530+00:00,scheduler,3,0,675.9,10240.0,41,24.691
2026-05-22T10:18:40.153259+00:00,scheduler,0,0,999.1,10240.0,36,17.996
2026-05-22T10:18:40.153259+00:00,scheduler,1,0,699.9,10240.0,37,26.985
2026-05-22T10:18:40.153259+00:00,scheduler,2,0,699.9,10240.0,36,22.609
2026-05-22T10:18:40.153259+00:00,scheduler,3,0,675.9,10240.0,41,24.691
2026-05-22T10:18:45.153900+00:00,scheduler,0,0,999.1,10240.0,36,18.048
2026-05-22T10:18:45.153900+00:00,scheduler,1,0,699.9,10240.0,37,27.042
2026-05-22T10:18:45.153900+00:00,scheduler,2,0,699.9,10240.0,36,22.759
2026-05-22T10:18:45.153900+00:00,scheduler,3,0,675.9,10240.0,41,24.728
2026-05-22T10:18:50.154560+00:00,scheduler,0,0,999.1,10240.0,36,17.924
2026-05-22T10:18:50.154560+00:00,scheduler,1,0,699.9,10240.0,37,26.901
2026-05-22T10:18:50.154560+00:00,scheduler,2,0,699.9,10240.0,36,22.729
2026-05-22T10:18:50.154560+00:00,scheduler,3,0,675.9,10240.0,41,24.686
2026-05-22T10:18:55.155240+00:00,scheduler,0,0,999.1,10240.0,36,18.065
2026-05-22T10:18:55.155240+00:00,scheduler,1,0,699.9,10240.0,36,27.04
2026-05-22T10:18:55.155240+00:00,scheduler,2,0,699.9,10240.0,36,23.041
2026-05-22T10:18:55.155240+00:00,scheduler,3,0,675.9,10240.0,41,24.622
2026-05-22T10:19:00.155900+00:00,scheduler,0,0,999.1,10240.0,36,18.009
2026-05-22T10:19:00.155900+00:00,scheduler,1,0,699.9,10240.0,36,26.919
2026-05-22T10:19:00.155900+00:00,scheduler,2,0,699.9,10240.0,36,22.854
2026-05-22T10:19:00.155900+00:00,scheduler,3,0,675.9,10240.0,41,24.584
2026-05-22T10:19:05.156541+00:00,scheduler,0,0,999.1,10240.0,35,18.135
2026-05-22T10:19:05.156541+00:00,scheduler,1,0,699.9,10240.0,36,26.98
2026-05-22T10:19:05.156541+00:00,scheduler,2,0,699.9,10240.0,35,22.63
2026-05-22T10:19:05.156541+00:00,scheduler,3,0,675.9,10240.0,40,24.699
2026-05-22T10:19:10.157101+00:00,scheduler,0,0,999.1,10240.0,35,18.281
2026-05-22T10:19:10.157101+00:00,scheduler,1,0,699.9,10240.0,36,26.905
2026-05-22T10:19:10.157101+00:00,scheduler,2,0,699.9,10240.0,35,22.753
2026-05-22T10:19:10.157101+00:00,scheduler,3,0,675.9,10240.0,40,24.495
2026-05-22T10:19:15.157710+00:00,scheduler,0,0,999.1,10240.0,35,18.069
2026-05-22T10:19:15.157710+00:00,scheduler,1,0,699.9,10240.0,35,26.788
2026-05-22T10:19:15.157710+00:00,scheduler,2,0,699.9,10240.0,35,22.652
2026-05-22T10:19:15.157710+00:00,scheduler,3,0,675.9,10240.0,40,24.62
2026-05-22T10:19:20.158245+00:00,scheduler,0,0,999.1,10240.0,35,18.174
2026-05-22T10:19:20.158245+00:00,scheduler,1,0,699.9,10240.0,35,26.931
2026-05-22T10:19:20.158245+00:00,scheduler,2,0,699.9,10240.0,35,22.624
2026-05-22T10:19:20.158245+00:00,scheduler,3,49,8677.9,10240.0,49,115.805
2026-05-22T10:19:25.158791+00:00,scheduler,0,0,999.1,10240.0,35,18.313
2026-05-22T10:19:25.158791+00:00,scheduler,1,0,699.9,10240.0,35,26.781
2026-05-22T10:19:25.158791+00:00,scheduler,2,0,699.9,10240.0,35,22.701
2026-05-22T10:19:25.158791+00:00,scheduler,3,48,4489.9,10240.0,52,109.46
2026-05-22T10:19:30.159404+00:00,scheduler,0,0,999.1,10240.0,35,18.59
2026-05-22T10:19:30.159404+00:00,scheduler,1,0,699.9,10240.0,35,27.234
2026-05-22T10:19:30.159404+00:00,scheduler,2,0,699.9,10240.0,35,22.737
2026-05-22T10:19:30.159404+00:00,scheduler,3,100,8425.9,10240.0,69,276.296
2026-05-22T10:19:35.160074+00:00,scheduler,0,0,1741.1,10240.0,35,18.434
2026-05-22T10:19:35.160074+00:00,scheduler,1,0,699.9,10240.0,35,27.198
2026-05-22T10:19:35.160074+00:00,scheduler,2,0,699.9,10240.0,35,22.712
2026-05-22T10:19:35.160074+00:00,scheduler,3,100,8425.9,10240.0,70,266.511
2026-05-22T10:19:40.160591+00:00,scheduler,0,12,9001.1,10240.0,42,91.794
2026-05-22T10:19:40.160591+00:00,scheduler,1,0,699.9,10240.0,35,27.192
2026-05-22T10:19:40.160591+00:00,scheduler,2,0,699.9,10240.0,35,22.969
2026-05-22T10:19:40.160591+00:00,scheduler,3,14,8425.9,10240.0,63,222.148
2026-05-22T10:19:45.161253+00:00,scheduler,0,100,8749.1,10240.0,61,319.05
2026-05-22T10:19:45.161253+00:00,scheduler,1,0,699.9,10240.0,35,27.315
2026-05-22T10:19:45.161253+00:00,scheduler,2,0,699.9,10240.0,35,22.676
2026-05-22T10:19:45.161253+00:00,scheduler,3,13,1605.9,10240.0,55,104.206
2026-05-22T10:19:50.161800+00:00,scheduler,0,100,8749.1,10240.0,65,318.337
2026-05-22T10:19:50.161800+00:00,scheduler,1,0,699.9,10240.0,35,27.28
2026-05-22T10:19:50.161800+00:00,scheduler,2,0,699.9,10240.0,35,22.711
2026-05-22T10:19:50.161800+00:00,scheduler,3,0,675.9,10240.0,54,103.355
2026-05-22T10:19:55.162333+00:00,scheduler,0,100,8749.1,10240.0,66,301.845
2026-05-22T10:19:55.162333+00:00,scheduler,1,0,699.9,10240.0,35,27.238
2026-05-22T10:19:55.162333+00:00,scheduler,2,0,699.9,10240.0,35,22.682
2026-05-22T10:19:55.162333+00:00,scheduler,3,0,675.9,10240.0,54,102.536
2026-05-22T10:20:00.163017+00:00,scheduler,0,11,8749.1,10240.0,49,94.116
2026-05-22T10:20:00.163017+00:00,scheduler,1,0,699.9,10240.0,35,27.071
2026-05-22T10:20:00.163017+00:00,scheduler,2,0,699.9,10240.0,34,22.52
2026-05-22T10:20:00.163017+00:00,scheduler,3,0,675.9,10240.0,54,102.462
2026-05-22T10:20:05.163640+00:00,scheduler,0,0,999.1,10240.0,48,107.099
2026-05-22T10:20:05.163640+00:00,scheduler,1,32,6485.9,10240.0,39,96.77
2026-05-22T10:20:05.163640+00:00,scheduler,2,0,699.9,10240.0,34,22.515
2026-05-22T10:20:05.163640+00:00,scheduler,3,0,675.9,10240.0,48,29.959
2026-05-22T10:20:10.164256+00:00,scheduler,0,0,999.1,10240.0,47,93.168
2026-05-22T10:20:10.164256+00:00,scheduler,1,10,8701.9,10240.0,42,96.901
2026-05-22T10:20:10.164256+00:00,scheduler,2,10,8721.9,10240.0,41,110.095
2026-05-22T10:20:10.164256+00:00,scheduler,3,0,675.9,10240.0,45,25.407
2026-05-22T10:20:15.164923+00:00,scheduler,0,0,999.1,10240.0,47,92.836
2026-05-22T10:20:15.164923+00:00,scheduler,1,100,8449.9,10240.0,59,212.378
2026-05-22T10:20:15.164923+00:00,scheduler,2,30,5073.9,10240.0,41,108.19
2026-05-22T10:20:15.164923+00:00,scheduler,3,0,675.9,10240.0,44,25.192
2026-05-22T10:20:20.165507+00:00,scheduler,0,0,999.1,10240.0,43,75.148
2026-05-22T10:20:20.165507+00:00,scheduler,1,100,8449.9,10240.0,67,315.336
2026-05-22T10:20:20.165507+00:00,scheduler,2,100,8449.9,10240.0,55,318.74
2026-05-22T10:20:20.165507+00:00,scheduler,3,0,675.9,10240.0,43,25.214
2026-05-22T10:20:25.166077+00:00,scheduler,0,0,999.1,10240.0,40,19.669
2026-05-22T10:20:25.166077+00:00,scheduler,1,100,8449.9,10240.0,70,318.072
2026-05-22T10:20:25.166077+00:00,scheduler,2,100,8449.9,10240.0,56,318.795
2026-05-22T10:20:25.166077+00:00,scheduler,3,0,675.9,10240.0,43,25.479
2026-05-22T10:20:30.166603+00:00,scheduler,0,0,999.1,10240.0,40,19.187
2026-05-22T10:20:30.166603+00:00,scheduler,1,11,8449.9,10240.0,49,104.13
2026-05-22T10:20:30.166603+00:00,scheduler,2,11,8449.9,10240.0,48,151.253
2026-05-22T10:20:30.166603+00:00,scheduler,3,0,675.9,10240.0,42,25.091
2026-05-22T10:20:35.167184+00:00,scheduler,0,0,999.1,10240.0,39,18.58
2026-05-22T10:20:35.167184+00:00,scheduler,1,0,699.9,10240.0,49,122.121
2026-05-22T10:20:35.167184+00:00,scheduler,2,3,8449.9,10240.0,45,96.612
2026-05-22T10:20:35.167184+00:00,scheduler,3,0,675.9,10240.0,42,24.943
2026-05-22T10:20:40.167809+00:00,scheduler,0,0,999.1,10240.0,38,18.726
2026-05-22T10:20:40.167809+00:00,scheduler,1,0,699.9,10240.0,47,98.444
2026-05-22T10:20:40.167809+00:00,scheduler,2,0,699.9,10240.0,45,98.208
2026-05-22T10:20:40.167809+00:00,scheduler,3,0,675.9,10240.0,42,24.706
2026-05-22T10:20:45.168578+00:00,scheduler,0,0,999.1,10240.0,38,18.624
2026-05-22T10:20:45.168578+00:00,scheduler,1,0,699.9,10240.0,47,98.508
2026-05-22T10:20:45.168578+00:00,scheduler,2,0,699.9,10240.0,45,95.881
2026-05-22T10:20:45.168578+00:00,scheduler,3,0,675.9,10240.0,41,24.634
2026-05-22T10:20:50.169257+00:00,scheduler,0,0,999.1,10240.0,38,18.542
2026-05-22T10:20:50.169257+00:00,scheduler,1,0,699.9,10240.0,46,98.451
2026-05-22T10:20:50.169257+00:00,scheduler,2,0,699.9,10240.0,45,95.821
2026-05-22T10:20:50.169257+00:00,scheduler,3,0,675.9,10240.0,41,24.836
2026-05-22T10:20:55.169856+00:00,scheduler,0,0,999.1,10240.0,37,18.257
2026-05-22T10:20:55.169856+00:00,scheduler,1,0,699.9,10240.0,41,27.728
2026-05-22T10:20:55.169856+00:00,scheduler,2,0,699.9,10240.0,41,44.355
2026-05-22T10:20:55.169856+00:00,scheduler,3,0,675.9,10240.0,41,24.571
2026-05-22T10:21:00.170593+00:00,scheduler,0,0,999.1,10240.0,37,18.605
2026-05-22T10:21:00.170593+00:00,scheduler,1,0,699.9,10240.0,40,27.557
2026-05-22T10:21:00.170593+00:00,scheduler,2,0,699.9,10240.0,40,23.373
2026-05-22T10:21:00.170593+00:00,scheduler,3,24,8677.9,10240.0,54,140.528
2026-05-22T10:21:05.171295+00:00,scheduler,0,14,9001.1,10240.0,46,115.678
2026-05-22T10:21:05.171295+00:00,scheduler,1,0,699.9,10240.0,39,27.559
2026-05-22T10:21:05.171295+00:00,scheduler,2,0,699.9,10240.0,39,23.107
2026-05-22T10:21:05.171295+00:00,scheduler,3,49,8425.9,10240.0,54,128.752
2026-05-22T10:21:10.173277+00:00,scheduler,0,100,8749.1,10240.0,54,142.842
2026-05-22T10:21:10.173277+00:00,scheduler,1,0,699.9,10240.0,38,27.581
2026-05-22T10:21:10.173277+00:00,scheduler,2,0,699.9,10240.0,38,23.194
2026-05-22T10:21:10.173277+00:00,scheduler,3,100,8425.9,10240.0,70,270.361
2026-05-22T10:21:15.173892+00:00,scheduler,0,100,8749.1,10240.0,66,319.056
2026-05-22T10:21:15.173892+00:00,scheduler,1,0,699.9,10240.0,38,27.488
2026-05-22T10:21:15.173892+00:00,scheduler,2,0,699.9,10240.0,38,23.104
2026-05-22T10:21:15.173892+00:00,scheduler,3,100,8425.9,10240.0,70,261.291
2026-05-22T10:21:20.174528+00:00,scheduler,0,100,8749.1,10240.0,66,300.123
2026-05-22T10:21:20.174528+00:00,scheduler,1,0,699.9,10240.0,37,27.659
2026-05-22T10:21:20.174528+00:00,scheduler,2,0,699.9,10240.0,38,23.099
2026-05-22T10:21:20.174528+00:00,scheduler,3,11,8425.9,10240.0,60,135.565
2026-05-22T10:21:25.175154+00:00,scheduler,0,11,8749.1,10240.0,53,122.983
2026-05-22T10:21:25.175154+00:00,scheduler,1,0,699.9,10240.0,37,27.234
2026-05-22T10:21:25.175154+00:00,scheduler,2,0,699.9,10240.0,37,23.04
2026-05-22T10:21:25.175154+00:00,scheduler,3,0,675.9,10240.0,58,139.579
2026-05-22T10:21:30.175723+00:00,scheduler,0,0,999.1,10240.0,51,125.611
2026-05-22T10:21:30.175723+00:00,scheduler,1,30,8701.9,10240.0,42,97.81
2026-05-22T10:21:30.175723+00:00,scheduler,2,0,699.9,10240.0,37,23.003
2026-05-22T10:21:30.175723+00:00,scheduler,3,0,675.9,10240.0,54,103.17
2026-05-22T10:21:35.176394+00:00,scheduler,0,0,999.1,10240.0,48,92.748
2026-05-22T10:21:35.176394+00:00,scheduler,1,10,8701.9,10240.0,44,98.051
2026-05-22T10:21:35.176394+00:00,scheduler,2,0,699.9,10240.0,37,23.046
2026-05-22T10:21:35.176394+00:00,scheduler,3,0,675.9,10240.0,54,102.749
2026-05-22T10:21:40.178345+00:00,scheduler,0,0,999.1,10240.0,48,92.767
2026-05-22T10:21:40.178345+00:00,scheduler,1,100,8449.9,10240.0,63,257.174
2026-05-22T10:21:40.178345+00:00,scheduler,2,0,699.9,10240.0,37,22.915
2026-05-22T10:21:40.178345+00:00,scheduler,3,0,675.9,10240.0,54,102.756
2026-05-22T10:21:45.180227+00:00,scheduler,0,0,999.1,10240.0,47,92.687
2026-05-22T10:21:45.180227+00:00,scheduler,1,100,8449.9,10240.0,69,317.532
2026-05-22T10:21:45.180227+00:00,scheduler,2,0,699.9,10240.0,36,23.013
2026-05-22T10:21:45.180227+00:00,scheduler,3,0,675.9,10240.0,47,25.861
2026-05-22T10:21:50.182004+00:00,scheduler,0,0,999.1,10240.0,42,20.219
2026-05-22T10:21:50.182004+00:00,scheduler,1,100,8449.9,10240.0,71,319.041
2026-05-22T10:21:50.182004+00:00,scheduler,2,0,699.9,10240.0,36,23.145
2026-05-22T10:21:50.182004+00:00,scheduler,3,0,675.9,10240.0,45,25.148
2026-05-22T10:21:55.182594+00:00,scheduler,0,0,999.1,10240.0,41,19.119
2026-05-22T10:21:55.182594+00:00,scheduler,1,10,8449.9,10240.0,50,99.91
2026-05-22T10:21:55.182594+00:00,scheduler,2,0,699.9,10240.0,36,22.741
2026-05-22T10:21:55.182594+00:00,scheduler,3,0,675.9,10240.0,44,25.216
2026-05-22T10:22:00.186620+00:00,scheduler,0,0,999.1,10240.0,40,18.932
2026-05-22T10:22:00.186620+00:00,scheduler,1,0,699.9,10240.0,51,122.32
2026-05-22T10:22:00.186620+00:00,scheduler,2,0,699.9,10240.0,36,22.731
2026-05-22T10:22:00.186620+00:00,scheduler,3,0,675.9,10240.0,44,24.77
2026-05-22T10:22:05.187290+00:00,scheduler,0,0,999.1,10240.0,39,18.79
2026-05-22T10:22:05.187290+00:00,scheduler,1,0,699.9,10240.0,48,98.373
2026-05-22T10:22:05.187290+00:00,scheduler,2,28,5865.9,10240.0,40,94.473
2026-05-22T10:22:05.187290+00:00,scheduler,3,0,675.9,10240.0,43,24.898
2026-05-22T10:22:10.193512+00:00,scheduler,0,0,999.1,10240.0,39,18.643
2026-05-22T10:22:10.193512+00:00,scheduler,1,0,699.9,10240.0,48,98.257
2026-05-22T10:22:10.193512+00:00,scheduler,2,11,8721.9,10240.0,41,94.382
2026-05-22T10:22:10.193512+00:00,scheduler,3,0,675.9,10240.0,43,24.798
2026-05-22T10:22:15.196389+00:00,scheduler,0,41,3497.1,10240.0,40,21.317
2026-05-22T10:22:15.196389+00:00,scheduler,1,0,699.9,10240.0,45,92.234
2026-05-22T10:22:15.196389+00:00,scheduler,2,32,8449.9,10240.0,42,111.212
2026-05-22T10:22:15.196389+00:00,scheduler,3,0,675.9,10240.0,42,24.793
2026-05-22T10:22:20.197037+00:00,scheduler,0,12,9001.1,10240.0,45,105.968
2026-05-22T10:22:20.197037+00:00,scheduler,1,0,699.9,10240.0,41,27.871
2026-05-22T10:22:20.197037+00:00,scheduler,2,100,8449.9,10240.0,56,317.83
2026-05-22T10:22:20.197037+00:00,scheduler,3,0,675.9,10240.0,42,25.296
2026-05-22T10:22:25.197699+00:00,scheduler,0,100,8749.1,10240.0,63,319.265
2026-05-22T10:22:25.197699+00:00,scheduler,1,0,699.9,10240.0,40,27.699
2026-05-22T10:22:25.197699+00:00,scheduler,2,100,8449.9,10240.0,57,318.215
2026-05-22T10:22:25.197699+00:00,scheduler,3,0,675.9,10240.0,42,25.02
2026-05-22T10:22:30.198349+00:00,scheduler,0,100,8749.1,10240.0,67,308.331
2026-05-22T10:22:30.198349+00:00,scheduler,1,0,699.9,10240.0,39,27.719
2026-05-22T10:22:30.198349+00:00,scheduler,2,10,8449.9,10240.0,47,113.102
2026-05-22T10:22:30.198349+00:00,scheduler,3,11,8677.9,10240.0,53,123.221
2026-05-22T10:22:35.199033+00:00,scheduler,0,100,8749.1,10240.0,67,291.852
2026-05-22T10:22:35.199033+00:00,scheduler,1,0,699.9,10240.0,39,27.436
2026-05-22T10:22:35.199033+00:00,scheduler,2,0,699.9,10240.0,47,113.064
2026-05-22T10:22:35.199033+00:00,scheduler,3,100,8425.9,10240.0,71,319.984
2026-05-22T10:22:40.199652+00:00,scheduler,0,11,8749.1,10240.0,51,96.344
2026-05-22T10:22:40.199652+00:00,scheduler,1,0,699.9,10240.0,38,27.548
2026-05-22T10:22:40.199652+00:00,scheduler,2,0,699.9,10240.0,46,95.943
2026-05-22T10:22:40.199652+00:00,scheduler,3,100,8425.9,10240.0,70,262.183
2026-05-22T10:22:45.200334+00:00,scheduler,0,0,999.1,10240.0,50,99.595
2026-05-22T10:22:45.200334+00:00,scheduler,1,0,699.9,10240.0,38,27.353
2026-05-22T10:22:45.200334+00:00,scheduler,2,0,699.9,10240.0,46,96.051
2026-05-22T10:22:45.200334+00:00,scheduler,3,100,8425.9,10240.0,69,256.342
2026-05-22T10:22:50.200948+00:00,scheduler,0,0,999.1,10240.0,48,92.958
2026-05-22T10:22:50.200948+00:00,scheduler,1,0,699.9,10240.0,37,27.591
2026-05-22T10:22:50.200948+00:00,scheduler,2,0,699.9,10240.0,45,95.924
2026-05-22T10:22:50.200948+00:00,scheduler,3,8,8425.9,10240.0,57,118.786
2026-05-22T10:22:55.201598+00:00,scheduler,0,0,999.1,10240.0,48,92.624
2026-05-22T10:22:55.201598+00:00,scheduler,1,0,699.9,10240.0,37,27.417
2026-05-22T10:22:55.201598+00:00,scheduler,2,0,699.9,10240.0,41,23.226
2026-05-22T10:22:55.201598+00:00,scheduler,3,0,675.9,10240.0,58,130.779
2026-05-22T10:23:00.203368+00:00,scheduler,0,0,999.1,10240.0,44,23.251
2026-05-22T10:23:00.203368+00:00,scheduler,1,0,699.9,10240.0,37,27.198
2026-05-22T10:23:00.203368+00:00,scheduler,2,0,699.9,10240.0,40,23.324
2026-05-22T10:23:00.203368+00:00,scheduler,3,0,675.9,10240.0,55,103.616
2026-05-22T10:23:05.204061+00:00,scheduler,0,0,999.1,10240.0,42,19.346
2026-05-22T10:23:05.204061+00:00,scheduler,1,0,699.9,10240.0,36,27.216
2026-05-22T10:23:05.204061+00:00,scheduler,2,0,699.9,10240.0,39,22.832
2026-05-22T10:23:05.204061+00:00,scheduler,3,0,675.9,10240.0,54,103.19
2026-05-22T10:23:10.204676+00:00,scheduler,0,0,999.1,10240.0,40,18.769
2026-05-22T10:23:10.204676+00:00,scheduler,1,0,699.9,10240.0,36,27.249
2026-05-22T10:23:10.204676+00:00,scheduler,2,0,699.9,10240.0,39,23.025
2026-05-22T10:23:10.204676+00:00,scheduler,3,0,675.9,10240.0,54,102.887
2026-05-22T10:23:15.205451+00:00,scheduler,0,0,999.1,10240.0,40,18.785
2026-05-22T10:23:15.205451+00:00,scheduler,1,0,699.9,10240.0,36,27.061
2026-05-22T10:23:15.205451+00:00,scheduler,2,0,699.9,10240.0,38,22.869
2026-05-22T10:23:15.205451+00:00,scheduler,3,0,675.9,10240.0,46,25.167
2026-05-22T10:23:20.206240+00:00,scheduler,0,0,999.1,10240.0,39,18.783
2026-05-22T10:23:20.206240+00:00,scheduler,1,0,699.9,10240.0,36,27.094
2026-05-22T10:23:20.206240+00:00,scheduler,2,0,699.9,10240.0,38,23.015
2026-05-22T10:23:20.206240+00:00,scheduler,3,0,675.9,10240.0,45,24.912
2026-05-22T10:23:25.206860+00:00,scheduler,0,0,999.1,10240.0,39,18.68
2026-05-22T10:23:25.206860+00:00,scheduler,1,10,8701.9,10240.0,45,119.408
2026-05-22T10:23:25.206860+00:00,scheduler,2,0,699.9,10240.0,37,23.014
2026-05-22T10:23:25.206860+00:00,scheduler,3,0,675.9,10240.0,44,25.09
2026-05-22T10:23:30.209775+00:00,scheduler,0,0,999.1,10240.0,38,19.073
2026-05-22T10:23:30.209775+00:00,scheduler,1,32,4585.9,10240.0,45,112.576
2026-05-22T10:23:30.209775+00:00,scheduler,2,10,8701.9,10240.0,44,131.756
2026-05-22T10:23:30.209775+00:00,scheduler,3,0,675.9,10240.0,44,25.047
2026-05-22T10:23:35.212573+00:00,scheduler,0,0,999.1,10240.0,38,19.247
2026-05-22T10:23:35.212573+00:00,scheduler,1,100,8449.9,10240.0,67,318.745
2026-05-22T10:23:35.212573+00:00,scheduler,2,23,2893.9,10240.0,44,104.47
2026-05-22T10:23:35.212573+00:00,scheduler,3,0,675.9,10240.0,43,25.237
2026-05-22T10:23:40.213214+00:00,scheduler,0,0,999.1,10240.0,37,19.49
2026-05-22T10:23:40.213214+00:00,scheduler,1,100,8449.9,10240.0,70,318.828
2026-05-22T10:23:40.213214+00:00,scheduler,2,100,8449.9,10240.0,56,317.499
2026-05-22T10:23:40.213214+00:00,scheduler,3,0,675.9,10240.0,43,25.172
2026-05-22T10:23:45.213833+00:00,scheduler,0,0,999.1,10240.0,37,19.571
2026-05-22T10:23:45.213833+00:00,scheduler,1,11,8449.9,10240.0,57,215.492
2026-05-22T10:23:45.213833+00:00,scheduler,2,100,8449.9,10240.0,58,317.174
2026-05-22T10:23:45.213833+00:00,scheduler,3,0,675.9,10240.0,43,25.248
2026-05-22T10:23:50.214595+00:00,scheduler,0,0,999.1,10240.0,37,19.268
2026-05-22T10:23:50.214595+00:00,scheduler,1,63,699.9,10240.0,52,115.672
2026-05-22T10:23:50.214595+00:00,scheduler,2,11,8449.9,10240.0,52,278.242
2026-05-22T10:23:50.214595+00:00,scheduler,3,0,675.9,10240.0,42,24.979
2026-05-22T10:23:55.215203+00:00,scheduler,0,0,999.1,10240.0,37,18.811
2026-05-22T10:23:55.215203+00:00,scheduler,1,0,699.9,10240.0,48,98.566
2026-05-22T10:23:55.215203+00:00,scheduler,2,8,743.9,10240.0,47,96.1
2026-05-22T10:23:55.215203+00:00,scheduler,3,0,675.9,10240.0,42,24.734
2026-05-22T10:24:00.215803+00:00,scheduler,0,0,999.1,10240.0,36,18.633
2026-05-22T10:24:00.215803+00:00,scheduler,1,0,699.9,10240.0,47,98.954
2026-05-22T10:24:00.215803+00:00,scheduler,2,0,699.9,10240.0,46,95.428
2026-05-22T10:24:00.215803+00:00,scheduler,3,0,675.9,10240.0,42,24.775
2026-05-22T10:24:05.216498+00:00,scheduler,0,0,999.1,10240.0,36,18.558
2026-05-22T10:24:05.216498+00:00,scheduler,1,0,699.9,10240.0,47,98.952
2026-05-22T10:24:05.216498+00:00,scheduler,2,0,699.9,10240.0,46,95.143
2026-05-22T10:24:05.216498+00:00,scheduler,3,0,675.9,10240.0,41,24.591
2026-05-22T10:24:10.217363+00:00,scheduler,0,0,999.1,10240.0,36,18.498
2026-05-22T10:24:10.217363+00:00,scheduler,1,0,699.9,10240.0,41,29.089
2026-05-22T10:24:10.217363+00:00,scheduler,2,0,699.9,10240.0,46,95.039
2026-05-22T10:24:10.217363+00:00,scheduler,3,0,675.9,10240.0,41,24.57
2026-05-22T10:24:15.218074+00:00,scheduler,0,0,999.1,10240.0,36,18.28
2026-05-22T10:24:15.218074+00:00,scheduler,1,0,699.9,10240.0,40,27.537
2026-05-22T10:24:15.218074+00:00,scheduler,2,0,699.9,10240.0,42,29.511
2026-05-22T10:24:15.218074+00:00,scheduler,3,0,675.9,10240.0,41,24.579
2026-05-22T10:24:20.218790+00:00,scheduler,0,0,999.1,10240.0,36,18.396
2026-05-22T10:24:20.218790+00:00,scheduler,1,0,699.9,10240.0,39,27.536
2026-05-22T10:24:20.218790+00:00,scheduler,2,0,699.9,10240.0,41,23.247
2026-05-22T10:24:20.218790+00:00,scheduler,3,0,675.9,10240.0,41,24.475
2026-05-22T10:24:25.219465+00:00,scheduler,0,0,999.1,10240.0,36,18.351
2026-05-22T10:24:25.219465+00:00,scheduler,1,0,699.9,10240.0,39,27.215
2026-05-22T10:24:25.219465+00:00,scheduler,2,0,699.9,10240.0,40,22.885
2026-05-22T10:24:25.219465+00:00,scheduler,3,0,675.9,10240.0,41,24.45
2026-05-22T10:24:30.220094+00:00,scheduler,0,0,999.1,10240.0,36,18.537
2026-05-22T10:24:30.220094+00:00,scheduler,1,0,699.9,10240.0,38,27.218
2026-05-22T10:24:30.220094+00:00,scheduler,2,0,699.9,10240.0,39,22.927
2026-05-22T10:24:30.220094+00:00,scheduler,3,0,675.9,10240.0,40,24.691
2026-05-22T10:24:35.220698+00:00,scheduler,0,0,999.1,10240.0,35,18.38
2026-05-22T10:24:35.220698+00:00,scheduler,1,0,699.9,10240.0,38,27.109
2026-05-22T10:24:35.220698+00:00,scheduler,2,0,699.9,10240.0,39,22.965
2026-05-22T10:24:35.220698+00:00,scheduler,3,0,675.9,10240.0,40,24.473
2026-05-22T10:24:40.221360+00:00,scheduler,0,0,999.1,10240.0,35,18.218
2026-05-22T10:24:40.221360+00:00,scheduler,1,0,699.9,10240.0,37,27.213
2026-05-22T10:24:40.221360+00:00,scheduler,2,0,699.9,10240.0,38,22.839
2026-05-22T10:24:40.221360+00:00,scheduler,3,0,675.9,10240.0,40,24.467
2026-05-22T10:24:45.222028+00:00,scheduler,0,0,999.1,10240.0,35,18.315
2026-05-22T10:24:45.222028+00:00,scheduler,1,0,699.9,10240.0,37,27.472
2026-05-22T10:24:45.222028+00:00,scheduler,2,0,699.9,10240.0,38,22.694
2026-05-22T10:24:45.222028+00:00,scheduler,3,0,675.9,10240.0,40,24.68
2026-05-22T10:24:50.222662+00:00,scheduler,0,0,999.1,10240.0,35,18.269
2026-05-22T10:24:50.222662+00:00,scheduler,1,0,699.9,10240.0,37,27.095
2026-05-22T10:24:50.222662+00:00,scheduler,2,0,699.9,10240.0,37,22.85
2026-05-22T10:24:50.222662+00:00,scheduler,3,0,675.9,10240.0,40,24.66
2026-05-22T10:24:55.223371+00:00,scheduler,0,11,9001.1,10240.0,44,114.408
2026-05-22T10:24:55.223371+00:00,scheduler,1,0,699.9,10240.0,36,27.127
2026-05-22T10:24:55.223371+00:00,scheduler,2,0,699.9,10240.0,37,22.788
2026-05-22T10:24:55.223371+00:00,scheduler,3,62,6413.9,10240.0,47,51.553
2026-05-22T10:25:00.224104+00:00,scheduler,0,100,8749.1,10240.0,61,318.54
2026-05-22T10:25:00.224104+00:00,scheduler,1,0,699.9,10240.0,36,27.282
2026-05-22T10:25:00.224104+00:00,scheduler,2,0,699.9,10240.0,37,23.021
2026-05-22T10:25:00.224104+00:00,scheduler,3,10,8677.9,10240.0,50,100.925
2026-05-22T10:25:05.224764+00:00,scheduler,0,100,8749.1,10240.0,65,318.851
2026-05-22T10:25:05.224764+00:00,scheduler,1,0,699.9,10240.0,36,27.316
2026-05-22T10:25:05.224764+00:00,scheduler,2,0,699.9,10240.0,37,23.086
2026-05-22T10:25:05.224764+00:00,scheduler,3,100,8425.9,10240.0,69,305.791
2026-05-22T10:25:10.225470+00:00,scheduler,0,100,8749.1,10240.0,66,302.173
2026-05-22T10:25:10.225470+00:00,scheduler,1,0,699.9,10240.0,36,27.209
2026-05-22T10:25:10.225470+00:00,scheduler,2,0,699.9,10240.0,36,23.007
2026-05-22T10:25:10.225470+00:00,scheduler,3,100,8425.9,10240.0,69,266.987
2026-05-22T10:25:15.226159+00:00,scheduler,0,11,8749.1,10240.0,49,95.947
2026-05-22T10:25:15.226159+00:00,scheduler,1,0,699.9,10240.0,36,27.332
2026-05-22T10:25:15.226159+00:00,scheduler,2,0,699.9,10240.0,36,22.819
2026-05-22T10:25:15.226159+00:00,scheduler,3,100,8425.9,10240.0,70,265.719
2026-05-22T10:25:20.226822+00:00,scheduler,0,0,999.1,10240.0,48,107.521
2026-05-22T10:25:20.226822+00:00,scheduler,1,0,699.9,10240.0,35,27.027
2026-05-22T10:25:20.226822+00:00,scheduler,2,0,699.9,10240.0,36,22.644
2026-05-22T10:25:20.226822+00:00,scheduler,3,8,8425.9,10240.0,55,105.15
2026-05-22T10:25:25.227468+00:00,scheduler,0,0,999.1,10240.0,47,93.182
2026-05-22T10:25:25.227468+00:00,scheduler,1,0,699.9,10240.0,35,27.105
2026-05-22T10:25:25.227468+00:00,scheduler,2,0,699.9,10240.0,36,22.642
2026-05-22T10:25:25.227468+00:00,scheduler,3,0,675.9,10240.0,55,117.886
2026-05-22T10:25:30.228096+00:00,scheduler,0,0,999.1,10240.0,47,93.045
2026-05-22T10:25:30.228096+00:00,scheduler,1,0,699.9,10240.0,35,27.095
2026-05-22T10:25:30.228096+00:00,scheduler,2,0,699.9,10240.0,36,22.613
2026-05-22T10:25:30.228096+00:00,scheduler,3,0,675.9,10240.0,54,102.844
2026-05-22T10:25:35.228866+00:00,scheduler,0,0,999.1,10240.0,43,58.732
2026-05-22T10:25:35.228866+00:00,scheduler,1,0,699.9,10240.0,35,27.202
2026-05-22T10:25:35.228866+00:00,scheduler,2,0,699.9,10240.0,35,22.541
2026-05-22T10:25:35.228866+00:00,scheduler,3,0,675.9,10240.0,54,102.72
2026-05-22T10:25:40.229509+00:00,scheduler,0,0,999.1,10240.0,41,18.914
2026-05-22T10:25:40.229509+00:00,scheduler,1,0,699.9,10240.0,35,26.951
2026-05-22T10:25:40.229509+00:00,scheduler,2,0,699.9,10240.0,35,22.511
2026-05-22T10:25:40.229509+00:00,scheduler,3,0,675.9,10240.0,48,66.334
2026-05-22T10:25:45.230197+00:00,scheduler,0,0,999.1,10240.0,40,18.776
2026-05-22T10:25:45.230197+00:00,scheduler,1,0,699.9,10240.0,35,27.032
2026-05-22T10:25:45.230197+00:00,scheduler,2,0,699.9,10240.0,35,22.506
2026-05-22T10:25:45.230197+00:00,scheduler,3,0,675.9,10240.0,45,25.299
2026-05-22T10:25:50.230835+00:00,scheduler,0,0,999.1,10240.0,39,18.578
2026-05-22T10:25:50.230835+00:00,scheduler,1,0,699.9,10240.0,35,27.118
2026-05-22T10:25:50.230835+00:00,scheduler,2,0,699.9,10240.0,35,22.684
2026-05-22T10:25:50.230835+00:00,scheduler,3,0,675.9,10240.0,44,24.948
2026-05-22T10:25:55.231623+00:00,scheduler,0,0,999.1,10240.0,38,18.737
2026-05-22T10:25:55.231623+00:00,scheduler,1,0,699.9,10240.0,35,26.876
2026-05-22T10:25:55.231623+00:00,scheduler,2,0,699.9,10240.0,35,22.419
2026-05-22T10:25:55.231623+00:00,scheduler,3,0,675.9,10240.0,44,24.783
2026-05-22T10:26:00.232338+00:00,scheduler,0,0,999.1,10240.0,38,18.613
2026-05-22T10:26:00.232338+00:00,scheduler,1,0,699.9,10240.0,35,26.994
2026-05-22T10:26:00.232338+00:00,scheduler,2,0,699.9,10240.0,35,22.277
2026-05-22T10:26:00.232338+00:00,scheduler,3,0,675.9,10240.0,43,24.797
2026-05-22T10:26:05.233121+00:00,scheduler,0,0,999.1,10240.0,38,18.595
2026-05-22T10:26:05.233121+00:00,scheduler,1,0,699.9,10240.0,35,26.979
2026-05-22T10:26:05.233121+00:00,scheduler,2,0,699.9,10240.0,35,22.465
2026-05-22T10:26:05.233121+00:00,scheduler,3,0,675.9,10240.0,43,24.854
2026-05-22T10:26:10.233810+00:00,scheduler,0,0,999.1,10240.0,37,18.578
2026-05-22T10:26:10.233810+00:00,scheduler,1,0,699.9,10240.0,35,26.919
2026-05-22T10:26:10.233810+00:00,scheduler,2,0,699.9,10240.0,35,22.373
2026-05-22T10:26:10.233810+00:00,scheduler,3,0,675.9,10240.0,42,24.721
2026-05-22T10:26:15.234402+00:00,scheduler,0,0,999.1,10240.0,37,18.586
2026-05-22T10:26:15.234402+00:00,scheduler,1,0,699.9,10240.0,34,26.993
2026-05-22T10:26:15.234402+00:00,scheduler,2,0,699.9,10240.0,35,22.351
2026-05-22T10:26:15.234402+00:00,scheduler,3,0,675.9,10240.0,42,24.669
2026-05-22T10:26:20.235151+00:00,scheduler,0,0,999.1,10240.0,37,18.442
2026-05-22T10:26:20.235151+00:00,scheduler,1,0,699.9,10240.0,34,26.928
2026-05-22T10:26:20.235151+00:00,scheduler,2,0,699.9,10240.0,35,22.329
2026-05-22T10:26:20.235151+00:00,scheduler,3,0,675.9,10240.0,42,24.603
2026-05-22T10:26:25.235809+00:00,scheduler,0,0,999.1,10240.0,36,18.432
2026-05-22T10:26:25.235809+00:00,scheduler,1,0,699.9,10240.0,34,26.962
2026-05-22T10:26:25.235809+00:00,scheduler,2,0,699.9,10240.0,35,22.499
2026-05-22T10:26:25.235809+00:00,scheduler,3,0,675.9,10240.0,41,24.739
2026-05-22T10:26:30.236439+00:00,scheduler,0,0,999.1,10240.0,36,18.77
2026-05-22T10:26:30.236439+00:00,scheduler,1,40,8701.9,10240.0,43,141.665
2026-05-22T10:26:30.236439+00:00,scheduler,2,0,699.9,10240.0,34,22.541
2026-05-22T10:26:30.236439+00:00,scheduler,3,0,675.9,10240.0,41,24.854
2026-05-22T10:26:35.237102+00:00,scheduler,0,21,9001.1,10240.0,45,132.335
2026-05-22T10:26:35.237102+00:00,scheduler,1,41,8449.9,10240.0,43,117.15
2026-05-22T10:26:35.237102+00:00,scheduler,2,0,699.9,10240.0,34,22.611
2026-05-22T10:26:35.237102+00:00,scheduler,3,0,675.9,10240.0,41,25.203
2026-05-22T10:26:40.237785+00:00,scheduler,0,51,8749.1,10240.0,45,117.285
2026-05-22T10:26:40.237785+00:00,scheduler,1,100,8449.9,10240.0,67,317.199
2026-05-22T10:26:40.237785+00:00,scheduler,2,0,699.9,10240.0,34,22.758
2026-05-22T10:26:40.237785+00:00,scheduler,3,50,8527.9,10240.0,50,115.356
2026-05-22T10:26:45.238329+00:00,scheduler,0,100,8749.1,10240.0,65,317.065
2026-05-22T10:26:45.238329+00:00,scheduler,1,100,8449.9,10240.0,70,318.812
2026-05-22T10:26:45.238329+00:00,scheduler,2,11,8701.9,10240.0,41,110.493
2026-05-22T10:26:45.238329+00:00,scheduler,3,11,8677.9,10240.0,51,101.18
2026-05-22T10:26:50.238936+00:00,scheduler,0,100,8749.1,10240.0,66,306.196
2026-05-22T10:26:50.238936+00:00,scheduler,1,8,8449.9,10240.0,52,124.549
2026-05-22T10:26:50.238936+00:00,scheduler,2,100,8449.9,10240.0,52,239.804
2026-05-22T10:26:50.238936+00:00,scheduler,3,100,8425.9,10240.0,70,288.458
2026-05-22T10:26:55.239734+00:00,scheduler,0,11,8749.1,10240.0,53,124.603
2026-05-22T10:26:55.239734+00:00,scheduler,1,8,743.9,10240.0,47,98.564
2026-05-22T10:26:55.239734+00:00,scheduler,2,100,8449.9,10240.0,55,318.641
2026-05-22T10:26:55.239734+00:00,scheduler,3,100,8425.9,10240.0,69,264.201
2026-05-22T10:27:00.240340+00:00,scheduler,0,0,999.1,10240.0,51,119.178
2026-05-22T10:27:00.240340+00:00,scheduler,1,0,699.9,10240.0,47,98.476
2026-05-22T10:27:00.240340+00:00,scheduler,2,100,8449.9,10240.0,57,317.735
2026-05-22T10:27:00.240340+00:00,scheduler,3,100,8425.9,10240.0,70,259.569
2026-05-22T10:27:05.240951+00:00,scheduler,0,0,999.1,10240.0,48,93.762
2026-05-22T10:27:05.240951+00:00,scheduler,1,0,699.9,10240.0,46,98.29
2026-05-22T10:27:05.240951+00:00,scheduler,2,11,8449.9,10240.0,45,96.304
2026-05-22T10:27:05.240951+00:00,scheduler,3,9,8425.9,10240.0,56,105.061
2026-05-22T10:27:10.241666+00:00,scheduler,0,0,999.1,10240.0,47,93.366
2026-05-22T10:27:10.241666+00:00,scheduler,1,0,699.9,10240.0,46,98.313
2026-05-22T10:27:10.241666+00:00,scheduler,2,0,699.9,10240.0,46,111.75
2026-05-22T10:27:10.241666+00:00,scheduler,3,0,675.9,10240.0,56,118.284
2026-05-22T10:27:15.242371+00:00,scheduler,0,0,999.1,10240.0,47,93.032
2026-05-22T10:27:15.242371+00:00,scheduler,1,0,699.9,10240.0,41,27.83
2026-05-22T10:27:15.242371+00:00,scheduler,2,0,699.9,10240.0,45,95.584
2026-05-22T10:27:15.242371+00:00,scheduler,3,0,675.9,10240.0,54,103.494
2026-05-22T10:27:20.243102+00:00,scheduler,0,0,999.1,10240.0,41,19.323
2026-05-22T10:27:20.243102+00:00,scheduler,1,0,699.9,10240.0,40,27.374
2026-05-22T10:27:20.243102+00:00,scheduler,2,0,699.9,10240.0,45,95.651
2026-05-22T10:27:20.243102+00:00,scheduler,3,0,675.9,10240.0,54,103.165
2026-05-22T10:27:25.243773+00:00,scheduler,0,0,999.1,10240.0,40,19.001
2026-05-22T10:27:25.243773+00:00,scheduler,1,0,699.9,10240.0,39,27.5
2026-05-22T10:27:25.243773+00:00,scheduler,2,0,699.9,10240.0,44,95.648
2026-05-22T10:27:25.243773+00:00,scheduler,3,0,675.9,10240.0,49,78.73
2026-05-22T10:27:30.244407+00:00,scheduler,0,0,999.1,10240.0,39,18.678
2026-05-22T10:27:30.244407+00:00,scheduler,1,0,699.9,10240.0,38,27.337
2026-05-22T10:27:30.244407+00:00,scheduler,2,0,699.9,10240.0,40,22.976
2026-05-22T10:27:30.244407+00:00,scheduler,3,0,675.9,10240.0,45,25.056
2026-05-22T10:27:35.245034+00:00,scheduler,0,0,999.1,10240.0,39,18.599
2026-05-22T10:27:35.245034+00:00,scheduler,1,0,699.9,10240.0,38,27.221
2026-05-22T10:27:35.245034+00:00,scheduler,2,0,699.9,10240.0,39,22.946
2026-05-22T10:27:35.245034+00:00,scheduler,3,0,675.9,10240.0,44,24.769
2026-05-22T10:27:40.245666+00:00,scheduler,0,0,999.1,10240.0,38,18.589
2026-05-22T10:27:40.245666+00:00,scheduler,1,0,699.9,10240.0,37,27.313
2026-05-22T10:27:40.245666+00:00,scheduler,2,0,699.9,10240.0,39,22.766
2026-05-22T10:27:40.245666+00:00,scheduler,3,0,675.9,10240.0,44,24.953
2026-05-22T10:27:45.246289+00:00,scheduler,0,0,999.1,10240.0,38,18.384
2026-05-22T10:27:45.246289+00:00,scheduler,1,0,699.9,10240.0,37,27.168
2026-05-22T10:27:45.246289+00:00,scheduler,2,0,699.9,10240.0,38,22.721
2026-05-22T10:27:45.246289+00:00,scheduler,3,0,675.9,10240.0,43,24.739
2026-05-22T10:27:50.247035+00:00,scheduler,0,0,999.1,10240.0,38,18.368
2026-05-22T10:27:50.247035+00:00,scheduler,1,0,699.9,10240.0,37,27.13
2026-05-22T10:27:50.247035+00:00,scheduler,2,0,699.9,10240.0,38,22.921
2026-05-22T10:27:50.247035+00:00,scheduler,3,0,675.9,10240.0,43,24.808
2026-05-22T10:27:55.247814+00:00,scheduler,0,0,999.1,10240.0,37,18.495
2026-05-22T10:27:55.247814+00:00,scheduler,1,0,699.9,10240.0,37,27.035
2026-05-22T10:27:55.247814+00:00,scheduler,2,0,699.9,10240.0,37,22.587
2026-05-22T10:27:55.247814+00:00,scheduler,3,0,675.9,10240.0,42,24.636
2026-05-22T10:28:00.248476+00:00,scheduler,0,0,999.1,10240.0,37,18.471
2026-05-22T10:28:00.248476+00:00,scheduler,1,12,8701.9,10240.0,44,114.731
2026-05-22T10:28:00.248476+00:00,scheduler,2,0,699.9,10240.0,37,22.796
2026-05-22T10:28:00.248476+00:00,scheduler,3,0,675.9,10240.0,42,24.801
2026-05-22T10:28:05.249200+00:00,scheduler,0,0,999.1,10240.0,37,18.407
2026-05-22T10:28:05.249200+00:00,scheduler,1,100,8449.9,10240.0,51,131.792
2026-05-22T10:28:05.249200+00:00,scheduler,2,0,1441.9,10240.0,37,22.639
2026-05-22T10:28:05.249200+00:00,scheduler,3,0,675.9,10240.0,42,25.126
2026-05-22T10:28:10.249881+00:00,scheduler,0,0,999.1,10240.0,36,19.08
2026-05-22T10:28:10.249881+00:00,scheduler,1,100,8449.9,10240.0,69,316.462
2026-05-22T10:28:10.249881+00:00,scheduler,2,14,8701.9,10240.0,42,106.035
2026-05-22T10:28:10.249881+00:00,scheduler,3,0,675.9,10240.0,41,25.054
2026-05-22T10:28:15.250520+00:00,scheduler,0,0,999.1,10240.0,36,19.126
2026-05-22T10:28:15.250520+00:00,scheduler,1,100,8449.9,10240.0,71,318.899
2026-05-22T10:28:15.250520+00:00,scheduler,2,100,8449.9,10240.0,55,300.443
2026-05-22T10:28:15.250520+00:00,scheduler,3,12,8677.9,10240.0,54,127.362
2026-05-22T10:28:20.251202+00:00,scheduler,0,100,9001.1,10240.0,50,153.283
2026-05-22T10:28:20.251202+00:00,scheduler,1,11,8449.9,10240.0,51,112.894
2026-05-22T10:28:20.251202+00:00,scheduler,2,100,8449.9,10240.0,57,318.731
2026-05-22T10:28:20.251202+00:00,scheduler,3,63,1771.9,10240.0,51,101.671
2026-05-22T10:28:25.251811+00:00,scheduler,0,52,4885.1,10240.0,45,100.452
2026-05-22T10:28:25.251811+00:00,scheduler,1,0,699.9,10240.0,50,121.657
2026-05-22T10:28:25.251811+00:00,scheduler,2,100,8449.9,10240.0,58,317.563
2026-05-22T10:28:25.251811+00:00,scheduler,3,100,8425.9,10240.0,70,284.239
2026-05-22T10:28:30.252529+00:00,scheduler,0,100,8749.1,10240.0,64,318.681
2026-05-22T10:28:30.252529+00:00,scheduler,1,0,699.9,10240.0,48,97.935
2026-05-22T10:28:30.252529+00:00,scheduler,2,11,8449.9,10240.0,47,96.65
2026-05-22T10:28:30.252529+00:00,scheduler,3,100,8425.9,10240.0,70,265.017
2026-05-22T10:28:35.253086+00:00,scheduler,0,100,8749.1,10240.0,66,304.634
2026-05-22T10:28:35.253086+00:00,scheduler,1,0,699.9,10240.0,47,97.821
2026-05-22T10:28:35.253086+00:00,scheduler,2,0,699.9,10240.0,46,105.462
2026-05-22T10:28:35.253086+00:00,scheduler,3,100,8425.9,10240.0,70,260.876
2026-05-22T10:28:40.253683+00:00,scheduler,0,10,8749.1,10240.0,56,184.06
2026-05-22T10:28:40.253683+00:00,scheduler,1,0,699.9,10240.0,47,97.856
2026-05-22T10:28:40.253683+00:00,scheduler,2,0,699.9,10240.0,46,95.874
2026-05-22T10:28:40.253683+00:00,scheduler,3,8,8425.9,10240.0,56,104.678
2026-05-22T10:28:45.254339+00:00,scheduler,0,71,1043.1,10240.0,49,95.05
2026-05-22T10:28:45.254339+00:00,scheduler,1,0,699.9,10240.0,41,27.717
2026-05-22T10:28:45.254339+00:00,scheduler,2,0,699.9,10240.0,46,96.07
2026-05-22T10:28:45.254339+00:00,scheduler,3,0,675.9,10240.0,58,129.166
2026-05-22T10:28:50.254954+00:00,scheduler,0,0,999.1,10240.0,48,93.774
2026-05-22T10:28:50.254954+00:00,scheduler,1,0,699.9,10240.0,40,27.563
2026-05-22T10:28:50.254954+00:00,scheduler,2,0,699.9,10240.0,42,71.864
2026-05-22T10:28:50.254954+00:00,scheduler,3,0,675.9,10240.0,55,102.986
2026-05-22T10:28:55.255601+00:00,scheduler,0,0,999.1,10240.0,47,92.932
2026-05-22T10:28:55.255601+00:00,scheduler,1,0,699.9,10240.0,39,27.522
2026-05-22T10:28:55.255601+00:00,scheduler,2,0,699.9,10240.0,41,22.966
2026-05-22T10:28:55.255601+00:00,scheduler,3,0,675.9,10240.0,54,102.766
2026-05-22T10:29:00.256270+00:00,scheduler,0,0,999.1,10240.0,47,92.699
2026-05-22T10:29:00.256270+00:00,scheduler,1,0,699.9,10240.0,39,27.299
2026-05-22T10:29:00.256270+00:00,scheduler,2,0,699.9,10240.0,40,22.896
2026-05-22T10:29:00.256270+00:00,scheduler,3,0,675.9,10240.0,54,102.686
2026-05-22T10:29:05.256913+00:00,scheduler,0,0,999.1,10240.0,42,20.399
2026-05-22T10:29:05.256913+00:00,scheduler,1,0,699.9,10240.0,38,27.408
2026-05-22T10:29:05.256913+00:00,scheduler,2,0,699.9,10240.0,39,22.878
2026-05-22T10:29:05.256913+00:00,scheduler,3,0,675.9,10240.0,46,24.99
2026-05-22T10:29:10.257582+00:00,scheduler,0,0,999.1,10240.0,41,18.902
2026-05-22T10:29:10.257582+00:00,scheduler,1,0,699.9,10240.0,38,27.28
2026-05-22T10:29:10.257582+00:00,scheduler,2,0,699.9,10240.0,39,22.772
2026-05-22T10:29:10.257582+00:00,scheduler,3,0,675.9,10240.0,45,24.955
2026-05-22T10:29:15.258209+00:00,scheduler,0,0,999.1,10240.0,40,18.639
2026-05-22T10:29:15.258209+00:00,scheduler,1,0,699.9,10240.0,37,27.278
2026-05-22T10:29:15.258209+00:00,scheduler,2,0,699.9,10240.0,38,22.611
2026-05-22T10:29:15.258209+00:00,scheduler,3,0,675.9,10240.0,44,24.762
2026-05-22T10:29:20.259013+00:00,scheduler,0,0,999.1,10240.0,39,18.692
2026-05-22T10:29:20.259013+00:00,scheduler,1,40,8511.9,10240.0,44,111.451
2026-05-22T10:29:20.259013+00:00,scheduler,2,0,699.9,10240.0,38,22.806
2026-05-22T10:29:20.259013+00:00,scheduler,3,0,675.9,10240.0,44,24.911
2026-05-22T10:29:25.259734+00:00,scheduler,0,0,999.1,10240.0,39,18.468
2026-05-22T10:29:25.259734+00:00,scheduler,1,12,1543.9,10240.0,44,98.137
2026-05-22T10:29:25.259734+00:00,scheduler,2,0,699.9,10240.0,37,22.602
2026-05-22T10:29:25.259734+00:00,scheduler,3,0,675.9,10240.0,43,24.707
2026-05-22T10:29:30.260394+00:00,scheduler,0,0,999.1,10240.0,38,19.196
2026-05-22T10:29:30.260394+00:00,scheduler,1,100,8449.9,10240.0,66,317.948
2026-05-22T10:29:30.260394+00:00,scheduler,2,37,8701.9,10240.0,44,142.695
2026-05-22T10:29:30.260394+00:00,scheduler,3,0,675.9,10240.0,43,25.169
2026-05-22T10:29:35.261035+00:00,scheduler,0,0,999.1,10240.0,38,19.024
2026-05-22T10:29:35.261035+00:00,scheduler,1,100,8449.9,10240.0,70,318.509
2026-05-22T10:29:35.261035+00:00,scheduler,2,33,7789.9,10240.0,44,113.446
2026-05-22T10:29:35.261035+00:00,scheduler,3,0,675.9,10240.0,42,25.112
2026-05-22T10:29:40.266231+00:00,scheduler,0,0,999.1,10240.0,37,19.15
2026-05-22T10:29:40.266231+00:00,scheduler,1,100,8449.9,10240.0,71,317.024
2026-05-22T10:29:40.266231+00:00,scheduler,2,100,8449.9,10240.0,57,318.781
2026-05-22T10:29:40.266231+00:00,scheduler,3,0,675.9,10240.0,42,25.153
2026-05-22T10:29:45.268876+00:00,scheduler,0,0,999.1,10240.0,37,19.023
2026-05-22T10:29:45.268876+00:00,scheduler,1,11,1965.9,10240.0,49,99.51
2026-05-22T10:29:45.268876+00:00,scheduler,2,100,8449.9,10240.0,58,316.839
2026-05-22T10:29:45.268876+00:00,scheduler,3,0,675.9,10240.0,42,25.164
2026-05-22T10:29:50.274779+00:00,scheduler,0,0,999.1,10240.0,37,18.708
2026-05-22T10:29:50.274779+00:00,scheduler,1,0,699.9,10240.0,48,98.659
2026-05-22T10:29:50.274779+00:00,scheduler,2,11,8449.9,10240.0,49,115.878
2026-05-22T10:29:50.274779+00:00,scheduler,3,0,675.9,10240.0,41,24.997
2026-05-22T10:29:55.275486+00:00,scheduler,0,0,999.1,10240.0,37,18.429
2026-05-22T10:29:55.275486+00:00,scheduler,1,0,699.9,10240.0,48,98.337
2026-05-22T10:29:55.275486+00:00,scheduler,2,0,699.9,10240.0,48,127.706
2026-05-22T10:29:55.275486+00:00,scheduler,3,0,675.9,10240.0,41,24.735
2026-05-22T10:30:00.276177+00:00,scheduler,0,0,999.1,10240.0,36,18.464
2026-05-22T10:30:00.276177+00:00,scheduler,1,0,699.9,10240.0,47,98.263
2026-05-22T10:30:00.276177+00:00,scheduler,2,0,699.9,10240.0,46,96.524
2026-05-22T10:30:00.276177+00:00,scheduler,3,0,675.9,10240.0,41,24.611
2026-05-22T10:30:05.276856+00:00,scheduler,0,0,999.1,10240.0,36,18.541
2026-05-22T10:30:05.276856+00:00,scheduler,1,0,699.9,10240.0,42,27.78
2026-05-22T10:30:05.276856+00:00,scheduler,2,0,699.9,10240.0,46,96.282
2026-05-22T10:30:05.276856+00:00,scheduler,3,0,675.9,10240.0,41,24.569
2026-05-22T10:30:10.277477+00:00,scheduler,0,0,999.1,10240.0,36,18.414
2026-05-22T10:30:10.277477+00:00,scheduler,1,0,699.9,10240.0,40,27.6
2026-05-22T10:30:10.277477+00:00,scheduler,2,0,699.9,10240.0,46,96.205
2026-05-22T10:30:10.277477+00:00,scheduler,3,0,675.9,10240.0,41,24.614
2026-05-22T10:30:15.278388+00:00,scheduler,0,0,999.1,10240.0,36,18.158
2026-05-22T10:30:15.278388+00:00,scheduler,1,0,699.9,10240.0,39,27.319
2026-05-22T10:30:15.278388+00:00,scheduler,2,0,699.9,10240.0,41,23.301
2026-05-22T10:30:15.278388+00:00,scheduler,3,0,675.9,10240.0,40,24.5
2026-05-22T10:30:20.279073+00:00,scheduler,0,0,999.1,10240.0,36,18.263
2026-05-22T10:30:20.279073+00:00,scheduler,1,0,699.9,10240.0,39,27.417
2026-05-22T10:30:20.279073+00:00,scheduler,2,0,699.9,10240.0,40,23.136
2026-05-22T10:30:20.279073+00:00,scheduler,3,0,675.9,10240.0,40,24.514
2026-05-22T10:30:25.279784+00:00,scheduler,0,0,999.1,10240.0,36,18.206
2026-05-22T10:30:25.279784+00:00,scheduler,1,0,699.9,10240.0,38,27.337
2026-05-22T10:30:25.279784+00:00,scheduler,2,0,699.9,10240.0,39,22.935
2026-05-22T10:30:25.279784+00:00,scheduler,3,0,675.9,10240.0,40,24.483
2026-05-22T10:30:30.280391+00:00,scheduler,0,0,999.1,10240.0,35,18.101
2026-05-22T10:30:30.280391+00:00,scheduler,1,0,699.9,10240.0,38,27.41
2026-05-22T10:30:30.280391+00:00,scheduler,2,0,699.9,10240.0,39,22.794
2026-05-22T10:30:30.280391+00:00,scheduler,3,0,675.9,10240.0,40,24.671
2026-05-22T10:30:35.281056+00:00,scheduler,0,0,999.1,10240.0,35,18.084
2026-05-22T10:30:35.281056+00:00,scheduler,1,0,699.9,10240.0,37,27.246
2026-05-22T10:30:35.281056+00:00,scheduler,2,0,699.9,10240.0,38,22.644
2026-05-22T10:30:35.281056+00:00,scheduler,3,0,675.9,10240.0,40,24.444
2026-05-22T10:30:40.281684+00:00,scheduler,0,0,999.1,10240.0,35,18.022
2026-05-22T10:30:40.281684+00:00,scheduler,1,0,699.9,10240.0,37,27.297
2026-05-22T10:30:40.281684+00:00,scheduler,2,0,699.9,10240.0,38,22.782
2026-05-22T10:30:40.281684+00:00,scheduler,3,0,675.9,10240.0,40,24.53
2026-05-22T10:30:45.282361+00:00,scheduler,0,0,999.1,10240.0,35,17.831
2026-05-22T10:30:45.282361+00:00,scheduler,1,0,699.9,10240.0,37,27.2
2026-05-22T10:30:45.282361+00:00,scheduler,2,0,699.9,10240.0,38,22.603
2026-05-22T10:30:45.282361+00:00,scheduler,3,0,675.9,10240.0,40,24.634
2026-05-22T10:30:50.282969+00:00,scheduler,0,0,999.1,10240.0,35,17.869
2026-05-22T10:30:50.282969+00:00,scheduler,1,0,699.9,10240.0,36,27.191
2026-05-22T10:30:50.282969+00:00,scheduler,2,0,699.9,10240.0,37,22.895
2026-05-22T10:30:50.282969+00:00,scheduler,3,0,675.9,10240.0,40,24.548
2026-05-22T10:30:55.283527+00:00,scheduler,0,0,999.1,10240.0,35,18.004
2026-05-22T10:30:55.283527+00:00,scheduler,1,0,699.9,10240.0,36,27.233
2026-05-22T10:30:55.283527+00:00,scheduler,2,0,699.9,10240.0,37,22.735
2026-05-22T10:30:55.283527+00:00,scheduler,3,0,675.9,10240.0,40,24.421
2026-05-22T10:31:00.284120+00:00,scheduler,0,0,999.1,10240.0,35,18.113
2026-05-22T10:31:00.284120+00:00,scheduler,1,0,699.9,10240.0,36,27.148
2026-05-22T10:31:00.284120+00:00,scheduler,2,0,699.9,10240.0,37,22.577
2026-05-22T10:31:00.284120+00:00,scheduler,3,0,675.9,10240.0,39,24.651
2026-05-22T10:31:05.284717+00:00,scheduler,0,11,9001.1,10240.0,42,104.253
2026-05-22T10:31:05.284717+00:00,scheduler,1,0,699.9,10240.0,36,27.175
2026-05-22T10:31:05.284717+00:00,scheduler,2,0,699.9,10240.0,36,22.594
2026-05-22T10:31:05.284717+00:00,scheduler,3,0,675.9,10240.0,39,24.688
2026-05-22T10:31:10.285336+00:00,scheduler,0,42,8749.1,10240.0,44,116.312
2026-05-22T10:31:10.285336+00:00,scheduler,1,0,699.9,10240.0,36,27.013
2026-05-22T10:31:10.285336+00:00,scheduler,2,0,699.9,10240.0,36,22.573
2026-05-22T10:31:10.285336+00:00,scheduler,3,0,675.9,10240.0,39,24.501
2026-05-22T10:31:15.286166+00:00,scheduler,0,100,8749.1,10240.0,64,318.912
2026-05-22T10:31:15.286166+00:00,scheduler,1,0,699.9,10240.0,35,27.425
2026-05-22T10:31:15.286166+00:00,scheduler,2,0,699.9,10240.0,36,22.914
2026-05-22T10:31:15.286166+00:00,scheduler,3,0,675.9,10240.0,39,24.872
2026-05-22T10:31:20.286766+00:00,scheduler,0,100,8749.1,10240.0,65,303.75
2026-05-22T10:31:20.286766+00:00,scheduler,1,0,699.9,10240.0,35,27.454
2026-05-22T10:31:20.286766+00:00,scheduler,2,0,699.9,10240.0,36,22.797
2026-05-22T10:31:20.286766+00:00,scheduler,3,0,675.9,10240.0,39,24.735
2026-05-22T10:31:25.287298+00:00,scheduler,0,10,8749.1,10240.0,53,123.862
2026-05-22T10:31:25.287298+00:00,scheduler,1,0,699.9,10240.0,35,27.193
2026-05-22T10:31:25.287298+00:00,scheduler,2,0,699.9,10240.0,36,22.765
2026-05-22T10:31:25.287298+00:00,scheduler,3,10,8677.9,10240.0,51,121.966
2026-05-22T10:31:30.287851+00:00,scheduler,0,0,999.1,10240.0,50,129.695
2026-05-22T10:31:30.287851+00:00,scheduler,1,0,699.9,10240.0,35,27.46
2026-05-22T10:31:30.287851+00:00,scheduler,2,0,699.9,10240.0,35,22.797
2026-05-22T10:31:30.287851+00:00,scheduler,3,100,8425.9,10240.0,68,303.988
2026-05-22T10:31:35.288572+00:00,scheduler,0,0,999.1,10240.0,47,93.531
2026-05-22T10:31:35.288572+00:00,scheduler,1,0,699.9,10240.0,35,27.43
2026-05-22T10:31:35.288572+00:00,scheduler,2,0,699.9,10240.0,35,22.791
2026-05-22T10:31:35.288572+00:00,scheduler,3,100,8425.9,10240.0,69,274.473
2026-05-22T10:31:40.289207+00:00,scheduler,0,0,999.1,10240.0,47,93.267
2026-05-22T10:31:40.289207+00:00,scheduler,1,0,699.9,10240.0,35,27.226
2026-05-22T10:31:40.289207+00:00,scheduler,2,0,699.9,10240.0,35,22.847
2026-05-22T10:31:40.289207+00:00,scheduler,3,100,8425.9,10240.0,69,265.97
2026-05-22T10:31:45.289755+00:00,scheduler,0,0,999.1,10240.0,46,93.024
2026-05-22T10:31:45.289755+00:00,scheduler,1,0,699.9,10240.0,35,27.357
2026-05-22T10:31:45.289755+00:00,scheduler,2,32,8701.9,10240.0,40,94.574
2026-05-22T10:31:45.289755+00:00,scheduler,3,10,8425.9,10240.0,56,118.161
2026-05-22T10:31:50.290368+00:00,scheduler,0,0,999.1,10240.0,41,19.509
2026-05-22T10:31:50.290368+00:00,scheduler,1,0,699.9,10240.0,35,27.213
2026-05-22T10:31:50.290368+00:00,scheduler,2,32,4819.9,10240.0,42,106.738
2026-05-22T10:31:50.290368+00:00,scheduler,3,0,675.9,10240.0,57,129.91
2026-05-22T10:31:55.291171+00:00,scheduler,0,0,999.1,10240.0,40,19.511
2026-05-22T10:31:55.291171+00:00,scheduler,1,0,699.9,10240.0,35,27.178
2026-05-22T10:31:55.291171+00:00,scheduler,2,100,8449.9,10240.0,55,319.058
2026-05-22T10:31:55.291171+00:00,scheduler,3,0,675.9,10240.0,54,102.547
2026-05-22T10:32:00.291917+00:00,scheduler,0,0,999.1,10240.0,39,19.4
2026-05-22T10:32:00.291917+00:00,scheduler,1,0,699.9,10240.0,35,27.248
2026-05-22T10:32:00.291917+00:00,scheduler,2,100,8449.9,10240.0,57,318.469
2026-05-22T10:32:00.291917+00:00,scheduler,3,0,675.9,10240.0,53,102.253
2026-05-22T10:32:05.294052+00:00,scheduler,0,0,999.1,10240.0,39,19.25
2026-05-22T10:32:05.294052+00:00,scheduler,1,0,699.9,10240.0,34,27.19
2026-05-22T10:32:05.294052+00:00,scheduler,2,15,8449.9,10240.0,48,178.922
2026-05-22T10:32:05.294052+00:00,scheduler,3,0,675.9,10240.0,53,102.165
2026-05-22T10:32:10.294643+00:00,scheduler,0,0,999.1,10240.0,38,18.656
2026-05-22T10:32:10.294643+00:00,scheduler,1,0,699.9,10240.0,34,26.91
2026-05-22T10:32:10.294643+00:00,scheduler,2,66,699.9,10240.0,49,112.18
2026-05-22T10:32:10.294643+00:00,scheduler,3,0,675.9,10240.0,46,25.276
2026-05-22T10:32:15.296483+00:00,scheduler,0,0,999.1,10240.0,38,18.355
2026-05-22T10:32:15.296483+00:00,scheduler,1,0,699.9,10240.0,34,26.912
2026-05-22T10:32:15.296483+00:00,scheduler,2,0,699.9,10240.0,45,96.111
2026-05-22T10:32:15.296483+00:00,scheduler,3,0,675.9,10240.0,44,24.854
2026-05-22T10:32:20.297144+00:00,scheduler,0,0,999.1,10240.0,37,18.491
2026-05-22T10:32:20.297144+00:00,scheduler,1,0,699.9,10240.0,34,27.014
2026-05-22T10:32:20.297144+00:00,scheduler,2,0,699.9,10240.0,45,96.015
2026-05-22T10:32:20.297144+00:00,scheduler,3,0,675.9,10240.0,43,24.966
2026-05-22T10:32:25.297775+00:00,scheduler,0,0,999.1,10240.0,37,18.465
2026-05-22T10:32:25.297775+00:00,scheduler,1,30,8701.9,10240.0,40,97.405
2026-05-22T10:32:25.297775+00:00,scheduler,2,0,699.9,10240.0,45,95.825
2026-05-22T10:32:25.297775+00:00,scheduler,3,0,675.9,10240.0,43,24.712
2026-05-22T10:32:30.298283+00:00,scheduler,0,0,999.1,10240.0,37,18.354
2026-05-22T10:32:30.298283+00:00,scheduler,1,12,865.9,10240.0,41,97.518
2026-05-22T10:32:30.298283+00:00,scheduler,2,0,699.9,10240.0,40,23.686
2026-05-22T10:32:30.298283+00:00,scheduler,3,0,675.9,10240.0,42,24.782
2026-05-22T10:32:35.300300+00:00,scheduler,0,0,999.1,10240.0,37,19.008
2026-05-22T10:32:35.300300+00:00,scheduler,1,100,8449.9,10240.0,64,317.984
2026-05-22T10:32:35.300300+00:00,scheduler,2,0,699.9,10240.0,40,23.385
2026-05-22T10:32:35.300300+00:00,scheduler,3,0,675.9,10240.0,42,25.046
2026-05-22T10:32:40.300969+00:00,scheduler,0,0,999.1,10240.0,36,19.15
2026-05-22T10:32:40.300969+00:00,scheduler,1,100,8449.9,10240.0,69,319.083
2026-05-22T10:32:40.300969+00:00,scheduler,2,0,699.9,10240.0,39,23.329
2026-05-22T10:32:40.300969+00:00,scheduler,3,0,675.9,10240.0,42,25.184
2026-05-22T10:32:45.301644+00:00,scheduler,0,0,999.1,10240.0,36,19.126
2026-05-22T10:32:45.301644+00:00,scheduler,1,100,8449.9,10240.0,70,318.463
2026-05-22T10:32:45.301644+00:00,scheduler,2,0,699.9,10240.0,38,23.206
2026-05-22T10:32:45.301644+00:00,scheduler,3,0,675.9,10240.0,41,25.144
2026-05-22T10:32:50.302289+00:00,scheduler,0,0,999.1,10240.0,36,18.513
2026-05-22T10:32:50.302289+00:00,scheduler,1,10,8449.9,10240.0,48,99.324
2026-05-22T10:32:50.302289+00:00,scheduler,2,0,699.9,10240.0,38,22.976
2026-05-22T10:32:50.302289+00:00,scheduler,3,0,675.9,10240.0,41,24.701
2026-05-22T10:32:55.304222+00:00,scheduler,0,0,999.1,10240.0,36,18.622
2026-05-22T10:32:55.304222+00:00,scheduler,1,0,699.9,10240.0,47,103.573
2026-05-22T10:32:55.304222+00:00,scheduler,2,0,699.9,10240.0,38,23.048
2026-05-22T10:32:55.304222+00:00,scheduler,3,13,8677.9,10240.0,54,128.606
2026-05-22T10:33:00.304817+00:00,scheduler,0,0,3449.1,10240.0,36,19.198
2026-05-22T10:33:00.304817+00:00,scheduler,1,0,699.9,10240.0,46,98.699
2026-05-22T10:33:00.304817+00:00,scheduler,2,0,699.9,10240.0,37,22.837
2026-05-22T10:33:00.304817+00:00,scheduler,3,29,8425.9,10240.0,54,128.832
2026-05-22T10:33:05.305461+00:00,scheduler,0,11,9001.1,10240.0,43,92.255
2026-05-22T10:33:05.305461+00:00,scheduler,1,0,699.9,10240.0,46,98.373
2026-05-22T10:33:05.305461+00:00,scheduler,2,0,699.9,10240.0,37,23.056
2026-05-22T10:33:05.305461+00:00,scheduler,3,100,8425.9,10240.0,69,266.363
2026-05-22T10:33:10.305993+00:00,scheduler,0,100,8749.1,10240.0,59,298.318
2026-05-22T10:33:10.305993+00:00,scheduler,1,0,699.9,10240.0,44,59.44
2026-05-22T10:33:10.305993+00:00,scheduler,2,0,699.9,10240.0,37,22.983
2026-05-22T10:33:10.305993+00:00,scheduler,3,100,8425.9,10240.0,70,266.532
2026-05-22T10:33:15.306577+00:00,scheduler,0,100,8749.1,10240.0,65,317.139
2026-05-22T10:33:15.306577+00:00,scheduler,1,0,699.9,10240.0,40,27.595
2026-05-22T10:33:15.306577+00:00,scheduler,2,0,699.9,10240.0,36,22.948
2026-05-22T10:33:15.306577+00:00,scheduler,3,19,8425.9,10240.0,61,156.699
2026-05-22T10:33:20.307170+00:00,scheduler,0,100,8749.1,10240.0,66,300.423
2026-05-22T10:33:20.307170+00:00,scheduler,1,0,699.9,10240.0,39,27.709
2026-05-22T10:33:20.307170+00:00,scheduler,2,0,699.9,10240.0,36,22.82
2026-05-22T10:33:20.307170+00:00,scheduler,3,0,675.9,10240.0,58,127.691
2026-05-22T10:33:25.307948+00:00,scheduler,0,11,8749.1,10240.0,50,98.782
2026-05-22T10:33:25.307948+00:00,scheduler,1,0,699.9,10240.0,39,27.432
2026-05-22T10:33:25.307948+00:00,scheduler,2,0,699.9,10240.0,36,22.711
2026-05-22T10:33:25.307948+00:00,scheduler,3,0,675.9,10240.0,55,103.542
2026-05-22T10:33:30.308545+00:00,scheduler,0,0,999.1,10240.0,50,119.096
2026-05-22T10:33:30.308545+00:00,scheduler,1,0,699.9,10240.0,38,27.275
2026-05-22T10:33:30.308545+00:00,scheduler,2,0,699.9,10240.0,36,22.771
2026-05-22T10:33:30.308545+00:00,scheduler,3,0,675.9,10240.0,54,102.764
2026-05-22T10:33:35.309173+00:00,scheduler,0,0,999.1,10240.0,47,93.436
2026-05-22T10:33:35.309173+00:00,scheduler,1,0,699.9,10240.0,37,27.368
2026-05-22T10:33:35.309173+00:00,scheduler,2,10,8701.9,10240.0,42,153.388
2026-05-22T10:33:35.309173+00:00,scheduler,3,0,675.9,10240.0,54,102.74
2026-05-22T10:33:40.309803+00:00,scheduler,0,0,999.1,10240.0,47,93.003
2026-05-22T10:33:40.309803+00:00,scheduler,1,0,699.9,10240.0,37,27.269
2026-05-22T10:33:40.309803+00:00,scheduler,2,31,7087.9,10240.0,43,111.812
2026-05-22T10:33:40.309803+00:00,scheduler,3,0,675.9,10240.0,47,26.632
2026-05-22T10:33:45.310449+00:00,scheduler,0,0,999.1,10240.0,44,84.948
2026-05-22T10:33:45.310449+00:00,scheduler,1,0,699.9,10240.0,37,27.373
2026-05-22T10:33:45.310449+00:00,scheduler,2,100,8449.9,10240.0,56,318.466
2026-05-22T10:33:45.310449+00:00,scheduler,3,0,675.9,10240.0,45,25.559
2026-05-22T10:33:50.311081+00:00,scheduler,0,0,999.1,10240.0,41,19.313
2026-05-22T10:33:50.311081+00:00,scheduler,1,0,699.9,10240.0,36,27.36
2026-05-22T10:33:50.311081+00:00,scheduler,2,100,8449.9,10240.0,57,317.056
2026-05-22T10:33:50.311081+00:00,scheduler,3,0,675.9,10240.0,44,25.522
2026-05-22T10:33:55.311793+00:00,scheduler,0,0,999.1,10240.0,40,19.272
2026-05-22T10:33:55.311793+00:00,scheduler,1,0,699.9,10240.0,36,27.13
2026-05-22T10:33:55.311793+00:00,scheduler,2,10,8449.9,10240.0,48,115.076
2026-05-22T10:33:55.311793+00:00,scheduler,3,0,675.9,10240.0,44,25.164
2026-05-22T10:34:00.312414+00:00,scheduler,0,0,999.1,10240.0,39,18.634
2026-05-22T10:34:00.312414+00:00,scheduler,1,0,699.9,10240.0,36,27.174
2026-05-22T10:34:00.312414+00:00,scheduler,2,0,699.9,10240.0,47,125.579
2026-05-22T10:34:00.312414+00:00,scheduler,3,0,675.9,10240.0,43,24.856
2026-05-22T10:34:05.313149+00:00,scheduler,0,0,999.1,10240.0,39,18.951
2026-05-22T10:34:05.313149+00:00,scheduler,1,0,699.9,10240.0,36,27.18
2026-05-22T10:34:05.313149+00:00,scheduler,2,0,699.9,10240.0,45,96.185
2026-05-22T10:34:05.313149+00:00,scheduler,3,92,8677.9,10240.0,64,174.497
2026-05-22T10:34:10.313784+00:00,scheduler,0,0,999.1,10240.0,38,18.696
2026-05-22T10:34:10.313784+00:00,scheduler,1,0,699.9,10240.0,36,27.247
2026-05-22T10:34:10.313784+00:00,scheduler,2,0,699.9,10240.0,45,96.195
2026-05-22T10:34:10.313784+00:00,scheduler,3,47,2707.9,10240.0,52,102.475
2026-05-22T10:34:15.314433+00:00,scheduler,0,0,999.1,10240.0,38,19.138
2026-05-22T10:34:15.314433+00:00,scheduler,1,0,699.9,10240.0,35,27.254
2026-05-22T10:34:15.314433+00:00,scheduler,2,0,699.9,10240.0,45,95.815
2026-05-22T10:34:15.314433+00:00,scheduler,3,100,8425.9,10240.0,70,275.798
2026-05-22T10:34:20.315078+00:00,scheduler,0,0,999.1,10240.0,37,18.743
2026-05-22T10:34:20.315078+00:00,scheduler,1,36,2557.9,10240.0,36,28.782
2026-05-22T10:34:20.315078+00:00,scheduler,2,0,699.9,10240.0,41,23.409
2026-05-22T10:34:20.315078+00:00,scheduler,3,100,8425.9,10240.0,70,255.95
2026-05-22T10:34:25.315677+00:00,scheduler,0,0,999.1,10240.0,37,18.994
2026-05-22T10:34:25.315677+00:00,scheduler,1,11,8701.9,10240.0,43,106.843
2026-05-22T10:34:25.315677+00:00,scheduler,2,0,699.9,10240.0,40,23.343
2026-05-22T10:34:25.315677+00:00,scheduler,3,100,8425.9,10240.0,71,258.549
2026-05-22T10:34:30.316343+00:00,scheduler,0,11,9001.1,10240.0,45,111.727
2026-05-22T10:34:30.316343+00:00,scheduler,1,100,8449.9,10240.0,59,195.62
2026-05-22T10:34:30.316343+00:00,scheduler,2,0,699.9,10240.0,39,23.353
2026-05-22T10:34:30.316343+00:00,scheduler,3,11,803.9,10240.0,56,105.161
2026-05-22T10:34:35.316881+00:00,scheduler,0,100,8749.1,10240.0,58,198.414
2026-05-22T10:34:35.316881+00:00,scheduler,1,100,8449.9,10240.0,68,316.501
2026-05-22T10:34:35.316881+00:00,scheduler,2,0,699.9,10240.0,38,23.218
2026-05-22T10:34:35.316881+00:00,scheduler,3,0,675.9,10240.0,56,104.33
2026-05-22T10:34:40.317478+00:00,scheduler,0,100,8749.1,10240.0,66,318.626
2026-05-22T10:34:40.317478+00:00,scheduler,1,100,8449.9,10240.0,70,318.554
2026-05-22T10:34:40.317478+00:00,scheduler,2,0,699.9,10240.0,38,23.165
2026-05-22T10:34:40.317478+00:00,scheduler,3,0,675.9,10240.0,55,103.796
2026-05-22T10:34:45.318096+00:00,scheduler,0,100,8749.1,10240.0,66,294.628
2026-05-22T10:34:45.318096+00:00,scheduler,1,11,8449.9,10240.0,50,106.024
2026-05-22T10:34:45.318096+00:00,scheduler,2,0,1549.9,10240.0,38,22.917
2026-05-22T10:34:45.318096+00:00,scheduler,3,0,675.9,10240.0,55,103.729
2026-05-22T10:34:50.318680+00:00,scheduler,0,11,8749.1,10240.0,52,115.383
2026-05-22T10:34:50.318680+00:00,scheduler,1,0,699.9,10240.0,50,121.177
2026-05-22T10:34:50.318680+00:00,scheduler,2,11,8701.9,10240.0,43,104.96
2026-05-22T10:34:50.318680+00:00,scheduler,3,0,675.9,10240.0,48,27.463
2026-05-22T10:34:55.319353+00:00,scheduler,0,0,999.1,10240.0,51,118.782
2026-05-22T10:34:55.319353+00:00,scheduler,1,0,699.9,10240.0,47,98.002
2026-05-22T10:34:55.319353+00:00,scheduler,2,100,8449.9,10240.0,56,319.15
2026-05-22T10:34:55.319353+00:00,scheduler,3,0,675.9,10240.0,46,25.327
2026-05-22T10:35:00.320044+00:00,scheduler,0,0,999.1,10240.0,48,93.065
2026-05-22T10:35:00.320044+00:00,scheduler,1,0,699.9,10240.0,47,97.9
2026-05-22T10:35:00.320044+00:00,scheduler,2,100,8449.9,10240.0,57,317.79
2026-05-22T10:35:00.320044+00:00,scheduler,3,0,675.9,10240.0,45,25.431
2026-05-22T10:35:05.320657+00:00,scheduler,0,0,999.1,10240.0,47,92.981
2026-05-22T10:35:05.320657+00:00,scheduler,1,0,699.9,10240.0,47,97.839
2026-05-22T10:35:05.320657+00:00,scheduler,2,100,8449.9,10240.0,58,316.325
2026-05-22T10:35:05.320657+00:00,scheduler,3,0,675.9,10240.0,44,25.289
2026-05-22T10:35:10.321251+00:00,scheduler,0,0,999.1,10240.0,47,92.193
2026-05-22T10:35:10.321251+00:00,scheduler,1,0,699.9,10240.0,41,27.472
2026-05-22T10:35:10.321251+00:00,scheduler,2,11,8449.9,10240.0,47,97.579
2026-05-22T10:35:10.321251+00:00,scheduler,3,0,675.9,10240.0,44,24.983
2026-05-22T10:35:15.321899+00:00,scheduler,0,0,999.1,10240.0,41,19.318
2026-05-22T10:35:15.321899+00:00,scheduler,1,0,699.9,10240.0,40,27.437
2026-05-22T10:35:15.321899+00:00,scheduler,2,0,699.9,10240.0,47,106.0
2026-05-22T10:35:15.321899+00:00,scheduler,3,0,675.9,10240.0,43,24.889
2026-05-22T10:35:20.322543+00:00,scheduler,0,0,999.1,10240.0,40,19.145
2026-05-22T10:35:20.322543+00:00,scheduler,1,0,699.9,10240.0,39,27.593
2026-05-22T10:35:20.322543+00:00,scheduler,2,0,699.9,10240.0,46,96.587
2026-05-22T10:35:20.322543+00:00,scheduler,3,0,675.9,10240.0,43,24.785
2026-05-22T10:35:25.323201+00:00,scheduler,0,0,999.1,10240.0,40,18.946
2026-05-22T10:35:25.323201+00:00,scheduler,1,0,699.9,10240.0,38,27.367
2026-05-22T10:35:25.323201+00:00,scheduler,2,0,699.9,10240.0,46,96.447
2026-05-22T10:35:25.323201+00:00,scheduler,3,0,675.9,10240.0,42,24.839
2026-05-22T10:35:30.323831+00:00,scheduler,0,0,999.1,10240.0,39,18.962
2026-05-22T10:35:30.323831+00:00,scheduler,1,0,699.9,10240.0,38,27.39
2026-05-22T10:35:30.323831+00:00,scheduler,2,0,699.9,10240.0,43,83.679
2026-05-22T10:35:30.323831+00:00,scheduler,3,0,675.9,10240.0,42,24.852
2026-05-22T10:35:35.324467+00:00,scheduler,0,0,999.1,10240.0,38,18.762
2026-05-22T10:35:35.324467+00:00,scheduler,1,32,6097.9,10240.0,42,66.313
2026-05-22T10:35:35.324467+00:00,scheduler,2,0,699.9,10240.0,41,23.23
2026-05-22T10:35:35.324467+00:00,scheduler,3,0,675.9,10240.0,42,24.757
2026-05-22T10:35:40.325153+00:00,scheduler,0,0,999.1,10240.0,38,18.691
2026-05-22T10:35:40.325153+00:00,scheduler,1,11,8701.9,10240.0,44,98.555
2026-05-22T10:35:40.325153+00:00,scheduler,2,0,699.9,10240.0,40,23.097
2026-05-22T10:35:40.325153+00:00,scheduler,3,0,675.9,10240.0,41,24.688
2026-05-22T10:35:45.325792+00:00,scheduler,0,0,999.1,10240.0,38,18.926
2026-05-22T10:35:45.325792+00:00,scheduler,1,100,8449.9,10240.0,64,309.554
2026-05-22T10:35:45.325792+00:00,scheduler,2,0,699.9,10240.0,39,23.203
2026-05-22T10:35:45.325792+00:00,scheduler,3,0,675.9,10240.0,41,25.101
2026-05-22T10:35:50.326407+00:00,scheduler,0,0,999.1,10240.0,37,19.264
2026-05-22T10:35:50.326407+00:00,scheduler,1,100,8449.9,10240.0,70,318.538
2026-05-22T10:35:50.326407+00:00,scheduler,2,0,699.9,10240.0,39,23.289
2026-05-22T10:35:50.326407+00:00,scheduler,3,0,675.9,10240.0,41,25.296
2026-05-22T10:35:55.327046+00:00,scheduler,0,0,999.1,10240.0,37,19.111
2026-05-22T10:35:55.327046+00:00,scheduler,1,100,8449.9,10240.0,71,317.908
2026-05-22T10:35:55.327046+00:00,scheduler,2,0,699.9,10240.0,38,23.174
2026-05-22T10:35:55.327046+00:00,scheduler,3,0,675.9,10240.0,41,25.177
2026-05-22T10:36:00.327574+00:00,scheduler,0,0,999.1,10240.0,37,18.37
2026-05-22T10:36:00.327574+00:00,scheduler,1,11,8449.9,10240.0,50,99.991
2026-05-22T10:36:00.327574+00:00,scheduler,2,0,699.9,10240.0,38,22.806
2026-05-22T10:36:00.327574+00:00,scheduler,3,0,675.9,10240.0,41,24.696
2026-05-22T10:36:05.328164+00:00,scheduler,0,0,999.1,10240.0,37,18.518
2026-05-22T10:36:05.328164+00:00,scheduler,1,0,699.9,10240.0,49,112.543
2026-05-22T10:36:05.328164+00:00,scheduler,2,0,699.9,10240.0,37,22.646
2026-05-22T10:36:05.328164+00:00,scheduler,3,0,675.9,10240.0,40,24.665
2026-05-22T10:36:10.328804+00:00,scheduler,0,0,999.1,10240.0,36,18.301
2026-05-22T10:36:10.328804+00:00,scheduler,1,0,699.9,10240.0,48,99.52
2026-05-22T10:36:10.328804+00:00,scheduler,2,0,699.9,10240.0,37,22.772
2026-05-22T10:36:10.328804+00:00,scheduler,3,0,675.9,10240.0,40,24.861
2026-05-22T10:36:15.329441+00:00,scheduler,0,0,999.1,10240.0,36,18.362
2026-05-22T10:36:15.329441+00:00,scheduler,1,0,699.9,10240.0,48,99.458
2026-05-22T10:36:15.329441+00:00,scheduler,2,0,699.9,10240.0,37,22.572
2026-05-22T10:36:15.329441+00:00,scheduler,3,0,675.9,10240.0,40,24.597
2026-05-22T10:36:20.329984+00:00,scheduler,0,0,999.1,10240.0,36,18.505
2026-05-22T10:36:20.329984+00:00,scheduler,1,0,699.9,10240.0,43,73.081
2026-05-22T10:36:20.329984+00:00,scheduler,2,0,699.9,10240.0,37,22.468
2026-05-22T10:36:20.329984+00:00,scheduler,3,0,675.9,10240.0,40,24.705
2026-05-22T10:36:25.330572+00:00,scheduler,0,0,999.1,10240.0,36,18.284
2026-05-22T10:36:25.330572+00:00,scheduler,1,0,699.9,10240.0,41,27.39
2026-05-22T10:36:25.330572+00:00,scheduler,2,0,699.9,10240.0,36,22.619
2026-05-22T10:36:25.330572+00:00,scheduler,3,0,675.9,10240.0,40,24.571
2026-05-22T10:36:30.331153+00:00,scheduler,0,0,999.1,10240.0,36,18.34
2026-05-22T10:36:30.331153+00:00,scheduler,1,0,699.9,10240.0,40,27.293
2026-05-22T10:36:30.331153+00:00,scheduler,2,0,699.9,10240.0,36,22.517
2026-05-22T10:36:30.331153+00:00,scheduler,3,0,675.9,10240.0,40,24.565
2026-05-22T10:36:35.331777+00:00,scheduler,0,0,999.1,10240.0,36,18.31
2026-05-22T10:36:35.331777+00:00,scheduler,1,0,699.9,10240.0,39,27.291
2026-05-22T10:36:35.331777+00:00,scheduler,2,0,699.9,10240.0,36,22.429
2026-05-22T10:36:35.331777+00:00,scheduler,3,0,675.9,10240.0,40,24.721
2026-05-22T10:36:40.332315+00:00,scheduler,0,0,999.1,10240.0,35,18.455
2026-05-22T10:36:40.332315+00:00,scheduler,1,0,699.9,10240.0,39,27.287
2026-05-22T10:36:40.332315+00:00,scheduler,2,0,699.9,10240.0,36,22.444
2026-05-22T10:36:40.332315+00:00,scheduler,3,0,675.9,10240.0,40,24.563
2026-05-22T10:36:45.332977+00:00,scheduler,0,0,999.1,10240.0,35,18.402
2026-05-22T10:36:45.332977+00:00,scheduler,1,0,699.9,10240.0,38,27.096
2026-05-22T10:36:45.332977+00:00,scheduler,2,0,699.9,10240.0,36,22.336
2026-05-22T10:36:45.332977+00:00,scheduler,3,0,675.9,10240.0,40,24.616
2026-05-22T10:36:50.333614+00:00,scheduler,0,0,999.1,10240.0,35,18.399
2026-05-22T10:36:50.333614+00:00,scheduler,1,0,699.9,10240.0,38,27.124
2026-05-22T10:36:50.333614+00:00,scheduler,2,0,699.9,10240.0,36,22.461
2026-05-22T10:36:50.333614+00:00,scheduler,3,0,675.9,10240.0,39,24.526
2026-05-22T10:36:55.334249+00:00,scheduler,0,0,999.1,10240.0,35,18.567
2026-05-22T10:36:55.334249+00:00,scheduler,1,0,699.9,10240.0,37,27.229
2026-05-22T10:36:55.334249+00:00,scheduler,2,0,699.9,10240.0,35,22.265
2026-05-22T10:36:55.334249+00:00,scheduler,3,0,675.9,10240.0,39,24.657
2026-05-22T10:37:00.334903+00:00,scheduler,0,0,999.1,10240.0,35,18.44
2026-05-22T10:37:00.334903+00:00,scheduler,1,0,699.9,10240.0,37,27.272
2026-05-22T10:37:00.334903+00:00,scheduler,2,0,699.9,10240.0,35,22.312
2026-05-22T10:37:00.334903+00:00,scheduler,3,10,8677.9,10240.0,54,184.846
2026-05-22T10:37:05.335549+00:00,scheduler,0,0,2625.1,10240.0,35,18.274
2026-05-22T10:37:05.335549+00:00,scheduler,1,0,699.9,10240.0,37,27.158
2026-05-22T10:37:05.335549+00:00,scheduler,2,0,699.9,10240.0,35,22.458
2026-05-22T10:37:05.335549+00:00,scheduler,3,46,6901.9,10240.0,52,118.695
2026-05-22T10:37:10.336326+00:00,scheduler,0,11,9001.1,10240.0,44,112.607
2026-05-22T10:37:10.336326+00:00,scheduler,1,0,699.9,10240.0,36,27.339
2026-05-22T10:37:10.336326+00:00,scheduler,2,0,699.9,10240.0,35,22.705
2026-05-22T10:37:10.336326+00:00,scheduler,3,100,8425.9,10240.0,69,279.398
2026-05-22T10:37:15.337071+00:00,scheduler,0,100,8749.1,10240.0,62,319.237
2026-05-22T10:37:15.337071+00:00,scheduler,1,0,699.9,10240.0,36,27.311
2026-05-22T10:37:15.337071+00:00,scheduler,2,0,2257.9,10240.0,35,22.884
2026-05-22T10:37:15.337071+00:00,scheduler,3,100,8425.9,10240.0,69,266.324
2026-05-22T10:37:20.337582+00:00,scheduler,0,100,8749.1,10240.0,65,318.396
2026-05-22T10:37:20.337582+00:00,scheduler,1,0,699.9,10240.0,36,27.301
2026-05-22T10:37:20.337582+00:00,scheduler,2,13,8701.9,10240.0,40,98.715
2026-05-22T10:37:20.337582+00:00,scheduler,3,10,8425.9,10240.0,61,181.166
2026-05-22T10:37:25.338229+00:00,scheduler,0,100,8749.1,10240.0,66,302.989
2026-05-22T10:37:25.338229+00:00,scheduler,1,0,699.9,10240.0,36,27.189
2026-05-22T10:37:25.338229+00:00,scheduler,2,100,8449.9,10240.0,54,319.151
2026-05-22T10:37:25.338229+00:00,scheduler,3,44,675.9,10240.0,57,117.834
2026-05-22T10:37:30.340320+00:00,scheduler,0,11,8749.1,10240.0,48,93.986
2026-05-22T10:37:30.340320+00:00,scheduler,1,0,699.9,10240.0,36,27.165
2026-05-22T10:37:30.340320+00:00,scheduler,2,100,8449.9,10240.0,56,318.777
2026-05-22T10:37:30.340320+00:00,scheduler,3,0,675.9,10240.0,54,102.732
2026-05-22T10:37:35.340854+00:00,scheduler,0,0,999.1,10240.0,47,99.306
2026-05-22T10:37:35.340854+00:00,scheduler,1,0,699.9,10240.0,35,27.277
2026-05-22T10:37:35.340854+00:00,scheduler,2,100,8449.9,10240.0,57,319.297
2026-05-22T10:37:35.340854+00:00,scheduler,3,0,675.9,10240.0,53,102.215
2026-05-22T10:37:40.341400+00:00,scheduler,0,0,999.1,10240.0,47,93.023
2026-05-22T10:37:40.341400+00:00,scheduler,1,0,699.9,10240.0,35,27.004
2026-05-22T10:37:40.341400+00:00,scheduler,2,11,8449.9,10240.0,45,96.589
2026-05-22T10:37:40.341400+00:00,scheduler,3,0,675.9,10240.0,53,102.25
2026-05-22T10:37:45.342046+00:00,scheduler,0,0,999.1,10240.0,46,92.577
2026-05-22T10:37:45.342046+00:00,scheduler,1,0,699.9,10240.0,35,26.789
2026-05-22T10:37:45.342046+00:00,scheduler,2,0,699.9,10240.0,45,99.495
2026-05-22T10:37:45.342046+00:00,scheduler,3,0,675.9,10240.0,46,26.043
2026-05-22T10:37:50.342568+00:00,scheduler,0,0,999.1,10240.0,43,38.134
2026-05-22T10:37:50.342568+00:00,scheduler,1,0,699.9,10240.0,35,26.951
2026-05-22T10:37:50.342568+00:00,scheduler,2,0,699.9,10240.0,45,95.944
2026-05-22T10:37:50.342568+00:00,scheduler,3,0,675.9,10240.0,44,24.861
2026-05-22T10:37:55.343201+00:00,scheduler,0,0,999.1,10240.0,40,18.714
2026-05-22T10:37:55.343201+00:00,scheduler,1,0,699.9,10240.0,35,27.035
2026-05-22T10:37:55.343201+00:00,scheduler,2,0,699.9,10240.0,45,95.862
2026-05-22T10:37:55.343201+00:00,scheduler,3,0,675.9,10240.0,44,24.632
2026-05-22T10:38:00.343811+00:00,scheduler,0,0,999.1,10240.0,39,18.821
2026-05-22T10:38:00.343811+00:00,scheduler,1,0,699.9,10240.0,35,26.892
2026-05-22T10:38:00.343811+00:00,scheduler,2,0,699.9,10240.0,41,25.59
2026-05-22T10:38:00.343811+00:00,scheduler,3,0,675.9,10240.0,43,24.709
2026-05-22T10:38:05.344530+00:00,scheduler,0,0,999.1,10240.0,39,18.587
2026-05-22T10:38:05.344530+00:00,scheduler,1,0,699.9,10240.0,35,26.93
2026-05-22T10:38:05.344530+00:00,scheduler,2,0,699.9,10240.0,40,22.882
2026-05-22T10:38:05.344530+00:00,scheduler,3,0,675.9,10240.0,43,24.637
2026-05-22T10:38:10.345274+00:00,scheduler,0,0,999.1,10240.0,38,18.527
2026-05-22T10:38:10.345274+00:00,scheduler,1,0,699.9,10240.0,35,26.977
2026-05-22T10:38:10.345274+00:00,scheduler,2,0,699.9,10240.0,39,22.773
2026-05-22T10:38:10.345274+00:00,scheduler,3,0,675.9,10240.0,42,24.687
2026-05-22T10:38:15.345924+00:00,scheduler,0,0,999.1,10240.0,38,18.716
2026-05-22T10:38:15.345924+00:00,scheduler,1,0,699.9,10240.0,35,26.912
2026-05-22T10:38:15.345924+00:00,scheduler,2,0,699.9,10240.0,39,22.799
2026-05-22T10:38:15.345924+00:00,scheduler,3,0,675.9,10240.0,42,24.747
2026-05-22T10:38:20.346539+00:00,scheduler,0,0,999.1,10240.0,38,18.428
2026-05-22T10:38:20.346539+00:00,scheduler,1,0,699.9,10240.0,35,26.948
2026-05-22T10:38:20.346539+00:00,scheduler,2,0,699.9,10240.0,38,22.808
2026-05-22T10:38:20.346539+00:00,scheduler,3,0,675.9,10240.0,42,24.678
2026-05-22T10:38:25.347291+00:00,scheduler,0,0,999.1,10240.0,37,18.461
2026-05-22T10:38:25.347291+00:00,scheduler,1,0,699.9,10240.0,34,27.012
2026-05-22T10:38:25.347291+00:00,scheduler,2,0,699.9,10240.0,38,22.809
2026-05-22T10:38:25.347291+00:00,scheduler,3,0,675.9,10240.0,41,24.631
2026-05-22T10:38:30.348045+00:00,scheduler,0,0,999.1,10240.0,37,18.594
2026-05-22T10:38:30.348045+00:00,scheduler,1,0,699.9,10240.0,34,26.833
2026-05-22T10:38:30.348045+00:00,scheduler,2,0,699.9,10240.0,37,22.671
2026-05-22T10:38:30.348045+00:00,scheduler,3,0,675.9,10240.0,41,24.751
2026-05-22T10:38:35.348666+00:00,scheduler,0,0,999.1,10240.0,37,18.479
2026-05-22T10:38:35.348666+00:00,scheduler,1,0,699.9,10240.0,34,26.979
2026-05-22T10:38:35.348666+00:00,scheduler,2,0,699.9,10240.0,37,22.606
2026-05-22T10:38:35.348666+00:00,scheduler,3,0,675.9,10240.0,41,24.548
2026-05-22T10:38:40.349260+00:00,scheduler,0,0,999.1,10240.0,36,18.811
2026-05-22T10:38:40.349260+00:00,scheduler,1,14,8701.9,10240.0,43,116.856
2026-05-22T10:38:40.349260+00:00,scheduler,2,0,699.9,10240.0,37,22.699
2026-05-22T10:38:40.349260+00:00,scheduler,3,12,8677.9,10240.0,53,126.085
2026-05-22T10:38:45.349890+00:00,scheduler,0,13,9001.1,10240.0,45,115.973
2026-05-22T10:38:45.349890+00:00,scheduler,1,30,8385.9,10240.0,44,116.84
2026-05-22T10:38:45.349890+00:00,scheduler,2,0,699.9,10240.0,37,22.782
2026-05-22T10:38:45.349890+00:00,scheduler,3,100,8425.9,10240.0,66,189.807
2026-05-22T10:38:50.350499+00:00,scheduler,0,100,8749.1,10240.0,58,211.565
2026-05-22T10:38:50.350499+00:00,scheduler,1,100,8449.9,10240.0,67,317.592
2026-05-22T10:38:50.350499+00:00,scheduler,2,13,8701.9,10240.0,43,112.387
2026-05-22T10:38:50.350499+00:00,scheduler,3,100,8425.9,10240.0,70,271.464
2026-05-22T10:38:55.351145+00:00,scheduler,0,100,8749.1,10240.0,65,318.018
2026-05-22T10:38:55.351145+00:00,scheduler,1,100,8449.9,10240.0,70,318.871
2026-05-22T10:38:55.351145+00:00,scheduler,2,100,8449.9,10240.0,54,307.226
2026-05-22T10:38:55.351145+00:00,scheduler,3,100,8425.9,10240.0,70,267.343
2026-05-22T10:39:00.351799+00:00,scheduler,0,100,8749.1,10240.0,66,304.029
2026-05-22T10:39:00.351799+00:00,scheduler,1,11,8449.9,10240.0,51,120.222
2026-05-22T10:39:00.351799+00:00,scheduler,2,100,8449.9,10240.0,56,318.096
2026-05-22T10:39:00.351799+00:00,scheduler,3,11,8425.9,10240.0,60,134.3
2026-05-22T10:39:05.352603+00:00,scheduler,0,11,8749.1,10240.0,51,112.02
2026-05-22T10:39:05.352603+00:00,scheduler,1,0,699.9,10240.0,49,119.006
2026-05-22T10:39:05.352603+00:00,scheduler,2,100,8449.9,10240.0,58,316.444
2026-05-22T10:39:05.352603+00:00,scheduler,3,0,675.9,10240.0,58,142.811
2026-05-22T10:39:10.353294+00:00,scheduler,0,0,999.1,10240.0,51,119.415
2026-05-22T10:39:10.353294+00:00,scheduler,1,0,699.9,10240.0,47,98.671
2026-05-22T10:39:10.353294+00:00,scheduler,2,8,8449.9,10240.0,47,96.854
2026-05-22T10:39:10.353294+00:00,scheduler,3,0,675.9,10240.0,54,103.309
2026-05-22T10:39:15.354076+00:00,scheduler,0,0,999.1,10240.0,48,93.838
2026-05-22T10:39:15.354076+00:00,scheduler,1,0,699.9,10240.0,46,98.763
2026-05-22T10:39:15.354076+00:00,scheduler,2,0,699.9,10240.0,46,105.252
2026-05-22T10:39:15.354076+00:00,scheduler,3,0,675.9,10240.0,54,102.698
2026-05-22T10:39:20.354682+00:00,scheduler,0,0,999.1,10240.0,47,93.509
2026-05-22T10:39:20.354682+00:00,scheduler,1,0,699.9,10240.0,46,98.739
2026-05-22T10:39:20.354682+00:00,scheduler,2,0,699.9,10240.0,46,96.173
2026-05-22T10:39:20.354682+00:00,scheduler,3,0,675.9,10240.0,54,102.581
2026-05-22T10:39:25.355467+00:00,scheduler,0,0,999.1,10240.0,47,92.906
2026-05-22T10:39:25.355467+00:00,scheduler,1,0,699.9,10240.0,40,27.739
2026-05-22T10:39:25.355467+00:00,scheduler,2,0,699.9,10240.0,45,96.145
2026-05-22T10:39:25.355467+00:00,scheduler,3,0,675.9,10240.0,46,25.049
2026-05-22T10:39:30.356179+00:00,scheduler,0,0,999.1,10240.0,41,19.156
2026-05-22T10:39:30.356179+00:00,scheduler,1,0,699.9,10240.0,39,27.444
2026-05-22T10:39:30.356179+00:00,scheduler,2,0,699.9,10240.0,42,72.583
2026-05-22T10:39:30.356179+00:00,scheduler,3,0,675.9,10240.0,45,25.258
2026-05-22T10:39:35.356778+00:00,scheduler,0,0,999.1,10240.0,40,18.775
2026-05-22T10:39:35.356778+00:00,scheduler,1,0,699.9,10240.0,39,27.356
2026-05-22T10:39:35.356778+00:00,scheduler,2,0,699.9,10240.0,40,23.142
2026-05-22T10:39:35.356778+00:00,scheduler,3,0,675.9,10240.0,44,24.843
2026-05-22T10:39:40.357335+00:00,scheduler,0,0,999.1,10240.0,39,18.406
2026-05-22T10:39:40.357335+00:00,scheduler,1,0,699.9,10240.0,38,27.418
2026-05-22T10:39:40.357335+00:00,scheduler,2,0,699.9,10240.0,40,22.853
2026-05-22T10:39:40.357335+00:00,scheduler,3,0,675.9,10240.0,44,24.685
2026-05-22T10:39:45.358025+00:00,scheduler,0,0,999.1,10240.0,39,18.46
2026-05-22T10:39:45.358025+00:00,scheduler,1,0,699.9,10240.0,38,27.348
2026-05-22T10:39:45.358025+00:00,scheduler,2,0,699.9,10240.0,39,22.912
2026-05-22T10:39:45.358025+00:00,scheduler,3,0,675.9,10240.0,43,24.838
2026-05-22T10:39:50.358651+00:00,scheduler,0,0,999.1,10240.0,38,18.754
2026-05-22T10:39:50.358651+00:00,scheduler,1,0,699.9,10240.0,37,27.164
2026-05-22T10:39:50.358651+00:00,scheduler,2,0,699.9,10240.0,38,22.721
2026-05-22T10:39:50.358651+00:00,scheduler,3,0,675.9,10240.0,43,24.64
2026-05-22T10:39:55.359316+00:00,scheduler,0,0,999.1,10240.0,38,18.337
2026-05-22T10:39:55.359316+00:00,scheduler,1,0,699.9,10240.0,37,27.067
2026-05-22T10:39:55.359316+00:00,scheduler,2,0,699.9,10240.0,38,22.744
2026-05-22T10:39:55.359316+00:00,scheduler,3,0,675.9,10240.0,42,24.599
2026-05-22T10:40:00.360061+00:00,scheduler,0,0,999.1,10240.0,37,18.438
2026-05-22T10:40:00.360061+00:00,scheduler,1,0,699.9,10240.0,37,27.178
2026-05-22T10:40:00.360061+00:00,scheduler,2,0,699.9,10240.0,38,22.952
2026-05-22T10:40:00.360061+00:00,scheduler,3,0,675.9,10240.0,42,24.744
2026-05-22T10:40:05.360839+00:00,scheduler,0,0,999.1,10240.0,37,18.424
2026-05-22T10:40:05.360839+00:00,scheduler,1,0,699.9,10240.0,36,27.168
2026-05-22T10:40:05.360839+00:00,scheduler,2,0,699.9,10240.0,37,22.829
2026-05-22T10:40:05.360839+00:00,scheduler,3,0,675.9,10240.0,42,24.718
2026-05-22T10:40:10.361514+00:00,scheduler,0,0,999.1,10240.0,37,18.45
2026-05-22T10:40:10.361514+00:00,scheduler,1,0,699.9,10240.0,36,27.217
2026-05-22T10:40:10.361514+00:00,scheduler,2,37,8701.9,10240.0,44,158.884
2026-05-22T10:40:10.361514+00:00,scheduler,3,0,675.9,10240.0,41,24.738
2026-05-22T10:40:15.362198+00:00,scheduler,0,0,999.1,10240.0,37,18.512
2026-05-22T10:40:15.362198+00:00,scheduler,1,0,699.9,10240.0,36,27.119
2026-05-22T10:40:15.362198+00:00,scheduler,2,31,8449.9,10240.0,44,112.88
2026-05-22T10:40:15.362198+00:00,scheduler,3,0,675.9,10240.0,41,24.803
2026-05-22T10:40:20.362758+00:00,scheduler,0,0,999.1,10240.0,36,18.979
2026-05-22T10:40:20.362758+00:00,scheduler,1,40,8701.9,10240.0,53,176.606
2026-05-22T10:40:20.362758+00:00,scheduler,2,100,8449.9,10240.0,57,318.391
2026-05-22T10:40:20.362758+00:00,scheduler,3,13,8677.9,10240.0,54,127.185
2026-05-22T10:40:25.363269+00:00,scheduler,0,10,9001.1,10240.0,45,171.264
2026-05-22T10:40:25.363269+00:00,scheduler,1,8,8701.9,10240.0,43,97.111
2026-05-22T10:40:25.363269+00:00,scheduler,2,100,8449.9,10240.0,58,317.862
2026-05-22T10:40:25.363269+00:00,scheduler,3,46,8131.9,10240.0,54,126.507
2026-05-22T10:40:30.363944+00:00,scheduler,0,45,7153.1,10240.0,45,116.486
2026-05-22T10:40:30.363944+00:00,scheduler,1,100,8449.9,10240.0,66,319.108
2026-05-22T10:40:30.363944+00:00,scheduler,2,10,8449.9,10240.0,48,113.543
2026-05-22T10:40:30.363944+00:00,scheduler,3,100,8425.9,10240.0,70,271.702
2026-05-22T10:40:35.366971+00:00,scheduler,0,100,8749.1,10240.0,65,318.38
2026-05-22T10:40:35.366971+00:00,scheduler,1,100,8449.9,10240.0,70,316.799
2026-05-22T10:40:35.366971+00:00,scheduler,2,0,699.9,10240.0,48,113.049
2026-05-22T10:40:35.366971+00:00,scheduler,3,100,8425.9,10240.0,70,260.503
2026-05-22T10:40:40.367577+00:00,scheduler,0,100,8749.1,10240.0,66,299.59
2026-05-22T10:40:40.367577+00:00,scheduler,1,100,8449.9,10240.0,71,318.377
2026-05-22T10:40:40.367577+00:00,scheduler,2,0,699.9,10240.0,46,95.849
2026-05-22T10:40:40.367577+00:00,scheduler,3,18,8425.9,10240.0,62,164.383
2026-05-22T10:40:45.368220+00:00,scheduler,0,11,8749.1,10240.0,54,125.742
2026-05-22T10:40:45.368220+00:00,scheduler,1,8,8449.9,10240.0,48,98.374
2026-05-22T10:40:45.368220+00:00,scheduler,2,0,699.9,10240.0,46,96.054
2026-05-22T10:40:45.368220+00:00,scheduler,3,2,675.9,10240.0,59,128.914
2026-05-22T10:40:50.368824+00:00,scheduler,0,0,999.1,10240.0,51,119.436
2026-05-22T10:40:50.368824+00:00,scheduler,1,0,699.9,10240.0,48,113.037
2026-05-22T10:40:50.368824+00:00,scheduler,2,0,699.9,10240.0,46,96.097
2026-05-22T10:40:50.368824+00:00,scheduler,3,0,675.9,10240.0,55,104.064
2026-05-22T10:40:55.369569+00:00,scheduler,0,0,999.1,10240.0,48,92.825
2026-05-22T10:40:55.369569+00:00,scheduler,1,0,699.9,10240.0,47,98.588
2026-05-22T10:40:55.369569+00:00,scheduler,2,0,699.9,10240.0,41,23.193
2026-05-22T10:40:55.369569+00:00,scheduler,3,0,675.9,10240.0,54,102.925
2026-05-22T10:41:00.370321+00:00,scheduler,0,0,999.1,10240.0,47,92.893
2026-05-22T10:41:00.370321+00:00,scheduler,1,0,699.9,10240.0,47,98.518
2026-05-22T10:41:00.370321+00:00,scheduler,2,0,699.9,10240.0,40,23.002
2026-05-22T10:41:00.370321+00:00,scheduler,3,0,675.9,10240.0,54,102.641
2026-05-22T10:41:05.371113+00:00,scheduler,0,0,999.1,10240.0,47,92.616
2026-05-22T10:41:05.371113+00:00,scheduler,1,0,699.9,10240.0,43,85.741
2026-05-22T10:41:05.371113+00:00,scheduler,2,0,699.9,10240.0,39,22.989
2026-05-22T10:41:05.371113+00:00,scheduler,3,0,675.9,10240.0,47,26.185
2026-05-22T10:41:10.371772+00:00,scheduler,0,0,999.1,10240.0,42,19.121
2026-05-22T10:41:10.371772+00:00,scheduler,1,0,699.9,10240.0,41,27.491
2026-05-22T10:41:10.371772+00:00,scheduler,2,0,699.9,10240.0,39,23.107
2026-05-22T10:41:10.371772+00:00,scheduler,3,0,675.9,10240.0,45,25.166
2026-05-22T10:41:15.372413+00:00,scheduler,0,0,999.1,10240.0,40,18.73
2026-05-22T10:41:15.372413+00:00,scheduler,1,0,699.9,10240.0,39,27.288
2026-05-22T10:41:15.372413+00:00,scheduler,2,0,699.9,10240.0,38,22.999
2026-05-22T10:41:15.372413+00:00,scheduler,3,0,675.9,10240.0,44,24.918
2026-05-22T10:41:20.373075+00:00,scheduler,0,0,999.1,10240.0,39,18.683
2026-05-22T10:41:20.373075+00:00,scheduler,1,0,699.9,10240.0,39,27.29
2026-05-22T10:41:20.373075+00:00,scheduler,2,0,699.9,10240.0,37,22.789
2026-05-22T10:41:20.373075+00:00,scheduler,3,0,675.9,10240.0,44,25.042
2026-05-22T10:41:25.373703+00:00,scheduler,0,0,999.1,10240.0,39,18.426
2026-05-22T10:41:25.373703+00:00,scheduler,1,0,699.9,10240.0,38,27.197
2026-05-22T10:41:25.373703+00:00,scheduler,2,0,699.9,10240.0,37,23.234
2026-05-22T10:41:25.373703+00:00,scheduler,3,0,675.9,10240.0,43,24.891
2026-05-22T10:41:30.374390+00:00,scheduler,0,0,999.1,10240.0,38,18.423
2026-05-22T10:41:30.374390+00:00,scheduler,1,0,699.9,10240.0,38,27.218
2026-05-22T10:41:30.374390+00:00,scheduler,2,0,699.9,10240.0,37,22.78
2026-05-22T10:41:30.374390+00:00,scheduler,3,0,675.9,10240.0,43,24.91
2026-05-22T10:41:35.374990+00:00,scheduler,0,0,999.1,10240.0,38,18.609
2026-05-22T10:41:35.374990+00:00,scheduler,1,0,699.9,10240.0,37,27.544
2026-05-22T10:41:35.374990+00:00,scheduler,2,0,699.9,10240.0,37,22.674
2026-05-22T10:41:35.374990+00:00,scheduler,3,0,675.9,10240.0,42,24.985
2026-05-22T10:41:40.378001+00:00,scheduler,0,0,999.1,10240.0,37,18.274
2026-05-22T10:41:40.378001+00:00,scheduler,1,0,699.9,10240.0,37,27.326
2026-05-22T10:41:40.378001+00:00,scheduler,2,0,699.9,10240.0,36,22.715
2026-05-22T10:41:40.378001+00:00,scheduler,3,0,675.9,10240.0,42,24.729
2026-05-22T10:41:45.378599+00:00,scheduler,0,0,999.1,10240.0,37,18.203
2026-05-22T10:41:45.378599+00:00,scheduler,1,0,699.9,10240.0,36,27.219
2026-05-22T10:41:45.378599+00:00,scheduler,2,0,699.9,10240.0,36,22.686
2026-05-22T10:41:45.378599+00:00,scheduler,3,0,675.9,10240.0,42,24.779
2026-05-22T10:41:50.379265+00:00,scheduler,0,0,999.1,10240.0,37,18.348
2026-05-22T10:41:50.379265+00:00,scheduler,1,0,699.9,10240.0,36,27.093
2026-05-22T10:41:50.379265+00:00,scheduler,2,0,699.9,10240.0,36,22.471
2026-05-22T10:41:50.379265+00:00,scheduler,3,0,675.9,10240.0,42,24.861
2026-05-22T10:41:55.381406+00:00,scheduler,0,0,999.1,10240.0,37,18.661
2026-05-22T10:41:55.381406+00:00,scheduler,1,0,699.9,10240.0,36,27.133
2026-05-22T10:41:55.381406+00:00,scheduler,2,0,699.9,10240.0,36,22.563
2026-05-22T10:41:55.381406+00:00,scheduler,3,0,675.9,10240.0,41,24.769
2026-05-22T10:42:00.382010+00:00,scheduler,0,0,999.1,10240.0,36,18.382
2026-05-22T10:42:00.382010+00:00,scheduler,1,39,7369.9,10240.0,43,113.51
2026-05-22T10:42:00.382010+00:00,scheduler,2,0,699.9,10240.0,36,22.584
2026-05-22T10:42:00.382010+00:00,scheduler,3,0,675.9,10240.0,41,24.682
2026-05-22T10:42:05.382638+00:00,scheduler,0,0,999.1,10240.0,36,18.62
2026-05-22T10:42:05.382638+00:00,scheduler,1,13,8701.9,10240.0,43,97.644
2026-05-22T10:42:05.382638+00:00,scheduler,2,0,699.9,10240.0,35,22.536
2026-05-22T10:42:05.382638+00:00,scheduler,3,0,675.9,10240.0,41,24.675
2026-05-22T10:42:10.385585+00:00,scheduler,0,0,999.1,10240.0,36,18.902
2026-05-22T10:42:10.385585+00:00,scheduler,1,100,8449.9,10240.0,66,318.847
2026-05-22T10:42:10.385585+00:00,scheduler,2,0,699.9,10240.0,35,22.532
2026-05-22T10:42:10.385585+00:00,scheduler,3,0,675.9,10240.0,41,24.872
2026-05-22T10:42:15.388613+00:00,scheduler,0,0,999.1,10240.0,36,18.96
2026-05-22T10:42:15.388613+00:00,scheduler,1,100,8449.9,10240.0,69,317.117
2026-05-22T10:42:15.388613+00:00,scheduler,2,0,699.9,10240.0,35,22.643
2026-05-22T10:42:15.388613+00:00,scheduler,3,0,675.9,10240.0,41,25.043
2026-05-22T10:42:20.389465+00:00,scheduler,0,0,999.1,10240.0,36,19.017
2026-05-22T10:42:20.389465+00:00,scheduler,1,100,8449.9,10240.0,71,318.441
2026-05-22T10:42:20.389465+00:00,scheduler,2,0,699.9,10240.0,35,22.705
2026-05-22T10:42:20.389465+00:00,scheduler,3,0,675.9,10240.0,40,25.164
2026-05-22T10:42:25.391627+00:00,scheduler,0,0,999.1,10240.0,35,18.22
2026-05-22T10:42:25.391627+00:00,scheduler,1,11,8449.9,10240.0,49,99.074
2026-05-22T10:42:25.391627+00:00,scheduler,2,0,699.9,10240.0,35,22.629
2026-05-22T10:42:25.391627+00:00,scheduler,3,0,675.9,10240.0,40,24.661
2026-05-22T10:42:30.394413+00:00,scheduler,0,0,999.1,10240.0,35,18.211
2026-05-22T10:42:30.394413+00:00,scheduler,1,0,699.9,10240.0,48,103.557
2026-05-22T10:42:30.394413+00:00,scheduler,2,0,699.9,10240.0,35,22.431
2026-05-22T10:42:30.394413+00:00,scheduler,3,0,675.9,10240.0,40,24.647
2026-05-22T10:42:35.396309+00:00,scheduler,0,0,999.1,10240.0,35,18.314
2026-05-22T10:42:35.396309+00:00,scheduler,1,0,699.9,10240.0,47,98.854
2026-05-22T10:42:35.396309+00:00,scheduler,2,0,1441.9,10240.0,35,22.985
2026-05-22T10:42:35.396309+00:00,scheduler,3,0,675.9,10240.0,40,24.796
2026-05-22T10:42:40.398225+00:00,scheduler,0,0,999.1,10240.0,35,18.548
2026-05-22T10:42:40.398225+00:00,scheduler,1,0,699.9,10240.0,47,98.623
2026-05-22T10:42:40.398225+00:00,scheduler,2,32,8701.9,10240.0,40,105.919
2026-05-22T10:42:40.398225+00:00,scheduler,3,0,675.9,10240.0,40,24.794
2026-05-22T10:42:45.401047+00:00,scheduler,0,0,999.1,10240.0,35,18.37
2026-05-22T10:42:45.401047+00:00,scheduler,1,0,699.9,10240.0,42,29.121
2026-05-22T10:42:45.401047+00:00,scheduler,2,100,8449.9,10240.0,54,316.58
2026-05-22T10:42:45.401047+00:00,scheduler,3,0,675.9,10240.0,40,24.761
2026-05-22T10:42:50.401676+00:00,scheduler,0,0,999.1,10240.0,35,18.778
2026-05-22T10:42:50.401676+00:00,scheduler,1,0,699.9,10240.0,40,27.624
2026-05-22T10:42:50.401676+00:00,scheduler,2,100,8449.9,10240.0,56,318.599
2026-05-22T10:42:50.401676+00:00,scheduler,3,0,675.9,10240.0,40,25.03
2026-05-22T10:42:55.402302+00:00,scheduler,0,0,999.1,10240.0,35,18.855
2026-05-22T10:42:55.402302+00:00,scheduler,1,0,699.9,10240.0,39,27.618
2026-05-22T10:42:55.402302+00:00,scheduler,2,100,8449.9,10240.0,57,318.844
2026-05-22T10:42:55.402302+00:00,scheduler,3,0,675.9,10240.0,39,25.165
2026-05-22T10:43:00.402899+00:00,scheduler,0,0,999.1,10240.0,35,18.13
2026-05-22T10:43:00.402899+00:00,scheduler,1,0,699.9,10240.0,38,27.265
2026-05-22T10:43:00.402899+00:00,scheduler,2,11,8449.9,10240.0,45,96.577
2026-05-22T10:43:00.402899+00:00,scheduler,3,0,675.9,10240.0,39,24.66
2026-05-22T10:43:05.403546+00:00,scheduler,0,0,999.1,10240.0,35,18.157
2026-05-22T10:43:05.403546+00:00,scheduler,1,0,699.9,10240.0,38,27.213
2026-05-22T10:43:05.403546+00:00,scheduler,2,0,699.9,10240.0,45,99.183
2026-05-22T10:43:05.403546+00:00,scheduler,3,0,675.9,10240.0,39,24.581
2026-05-22T10:43:10.404286+00:00,scheduler,0,0,999.1,10240.0,35,18.342
2026-05-22T10:43:10.404286+00:00,scheduler,1,0,699.9,10240.0,37,27.082
2026-05-22T10:43:10.404286+00:00,scheduler,2,0,699.9,10240.0,45,95.733
2026-05-22T10:43:10.404286+00:00,scheduler,3,0,675.9,10240.0,39,24.722
2026-05-22T10:43:15.404919+00:00,scheduler,0,0,999.1,10240.0,34,18.1
2026-05-22T10:43:15.404919+00:00,scheduler,1,0,699.9,10240.0,37,27.086
2026-05-22T10:43:15.404919+00:00,scheduler,2,0,699.9,10240.0,45,95.648
2026-05-22T10:43:15.404919+00:00,scheduler,3,0,675.9,10240.0,39,24.66
2026-05-22T10:43:20.405533+00:00,scheduler,0,0,999.1,10240.0,34,18.114
2026-05-22T10:43:20.405533+00:00,scheduler,1,0,699.9,10240.0,37,27.091
2026-05-22T10:43:20.405533+00:00,scheduler,2,0,699.9,10240.0,41,35.629
2026-05-22T10:43:20.405533+00:00,scheduler,3,0,675.9,10240.0,39,24.723
2026-05-22T10:43:25.406350+00:00,scheduler,0,0,999.1,10240.0,34,18.024
2026-05-22T10:43:25.406350+00:00,scheduler,1,0,699.9,10240.0,36,27.199
2026-05-22T10:43:25.406350+00:00,scheduler,2,0,699.9,10240.0,40,22.704
2026-05-22T10:43:25.406350+00:00,scheduler,3,0,675.9,10240.0,39,24.731
2026-05-22T10:43:30.407044+00:00,scheduler,0,0,999.1,10240.0,34,18.08
2026-05-22T10:43:30.407044+00:00,scheduler,1,0,699.9,10240.0,36,26.953
2026-05-22T10:43:30.407044+00:00,scheduler,2,0,699.9,10240.0,39,22.779
2026-05-22T10:43:30.407044+00:00,scheduler,3,0,675.9,10240.0,39,24.578
2026-05-22T10:43:35.407780+00:00,scheduler,0,0,999.1,10240.0,34,17.975
2026-05-22T10:43:35.407780+00:00,scheduler,1,0,699.9,10240.0,36,27.009
2026-05-22T10:43:35.407780+00:00,scheduler,2,0,699.9,10240.0,38,22.705
2026-05-22T10:43:35.407780+00:00,scheduler,3,0,675.9,10240.0,39,24.492
2026-05-22T10:43:40.408445+00:00,scheduler,0,0,999.1,10240.0,34,17.919
2026-05-22T10:43:40.408445+00:00,scheduler,1,0,699.9,10240.0,36,27.065
2026-05-22T10:43:40.408445+00:00,scheduler,2,0,699.9,10240.0,38,22.806
2026-05-22T10:43:40.408445+00:00,scheduler,3,0,675.9,10240.0,39,24.698
2026-05-22T10:43:45.409099+00:00,scheduler,0,0,999.1,10240.0,34,18.336
2026-05-22T10:43:45.409099+00:00,scheduler,1,0,699.9,10240.0,35,27.084
2026-05-22T10:43:45.409099+00:00,scheduler,2,0,699.9,10240.0,37,22.629
2026-05-22T10:43:45.409099+00:00,scheduler,3,9,8677.9,10240.0,52,126.273
2026-05-22T10:43:50.409673+00:00,scheduler,0,0,999.1,10240.0,34,18.042
2026-05-22T10:43:50.409673+00:00,scheduler,1,0,699.9,10240.0,35,27.027
2026-05-22T10:43:50.409673+00:00,scheduler,2,0,699.9,10240.0,37,22.742
2026-05-22T10:43:50.409673+00:00,scheduler,3,93,3337.9,10240.0,49,100.792
2026-05-22T10:43:55.410256+00:00,scheduler,0,0,999.1,10240.0,34,18.48
2026-05-22T10:43:55.410256+00:00,scheduler,1,0,699.9,10240.0,35,27.305
2026-05-22T10:43:55.410256+00:00,scheduler,2,37,3877.9,10240.0,41,46.425
2026-05-22T10:43:55.410256+00:00,scheduler,3,100,8425.9,10240.0,69,284.077
2026-05-22T10:44:00.410841+00:00,scheduler,0,0,999.1,10240.0,34,18.685
2026-05-22T10:44:00.410841+00:00,scheduler,1,0,699.9,10240.0,35,27.312
2026-05-22T10:44:00.410841+00:00,scheduler,2,94,2587.9,10240.0,43,102.648
2026-05-22T10:44:00.410841+00:00,scheduler,3,100,8425.9,10240.0,69,272.525
2026-05-22T10:44:05.413981+00:00,scheduler,0,0,999.1,10240.0,34,18.79
2026-05-22T10:44:05.413981+00:00,scheduler,1,0,699.9,10240.0,35,27.256
2026-05-22T10:44:05.413981+00:00,scheduler,2,100,8449.9,10240.0,56,318.378
2026-05-22T10:44:05.413981+00:00,scheduler,3,91,8425.9,10240.0,68,268.177
2026-05-22T10:44:10.416835+00:00,scheduler,0,11,9001.1,10240.0,41,95.584
2026-05-22T10:44:10.416835+00:00,scheduler,1,0,699.9,10240.0,35,27.24
2026-05-22T10:44:10.416835+00:00,scheduler,2,100,8449.9,10240.0,57,317.507
2026-05-22T10:44:10.416835+00:00,scheduler,3,11,8425.9,10240.0,54,103.816
2026-05-22T10:44:15.421698+00:00,scheduler,0,100,8749.1,10240.0,59,318.53
2026-05-22T10:44:15.421698+00:00,scheduler,1,0,699.9,10240.0,35,27.412
2026-05-22T10:44:15.421698+00:00,scheduler,2,88,8449.9,10240.0,50,206.706
2026-05-22T10:44:15.421698+00:00,scheduler,3,0,675.9,10240.0,54,108.229
2026-05-22T10:44:20.426239+00:00,scheduler,0,100,8749.1,10240.0,64,318.961
2026-05-22T10:44:20.426239+00:00,scheduler,1,0,699.9,10240.0,34,27.367
2026-05-22T10:44:20.426239+00:00,scheduler,2,11,741.9,10240.0,49,115.693
2026-05-22T10:44:20.426239+00:00,scheduler,3,0,675.9,10240.0,53,102.571
2026-05-22T10:44:25.428257+00:00,scheduler,0,100,8749.1,10240.0,65,307.269
2026-05-22T10:44:25.428257+00:00,scheduler,1,0,699.9,10240.0,34,27.181
2026-05-22T10:44:25.428257+00:00,scheduler,2,0,699.9,10240.0,46,95.204
2026-05-22T10:44:25.428257+00:00,scheduler,3,0,675.9,10240.0,53,102.617
2026-05-22T10:44:30.428883+00:00,scheduler,0,11,8749.1,10240.0,48,94.116
2026-05-22T10:44:30.428883+00:00,scheduler,1,0,699.9,10240.0,34,27.154
2026-05-22T10:44:30.428883+00:00,scheduler,2,0,699.9,10240.0,45,95.01
2026-05-22T10:44:30.428883+00:00,scheduler,3,0,675.9,10240.0,47,31.077
2026-05-22T10:44:35.429539+00:00,scheduler,0,0,999.1,10240.0,49,117.894
2026-05-22T10:44:35.429539+00:00,scheduler,1,0,699.9,10240.0,34,26.99
2026-05-22T10:44:35.429539+00:00,scheduler,2,0,699.9,10240.0,45,95.636
2026-05-22T10:44:35.429539+00:00,scheduler,3,0,675.9,10240.0,44,25.182
2026-05-22T10:44:40.430291+00:00,scheduler,0,0,999.1,10240.0,46,91.952
2026-05-22T10:44:40.430291+00:00,scheduler,1,0,699.9,10240.0,34,26.951
2026-05-22T10:44:40.430291+00:00,scheduler,2,0,699.9,10240.0,41,26.246
2026-05-22T10:44:40.430291+00:00,scheduler,3,0,675.9,10240.0,44,24.744
2026-05-22T10:44:45.430988+00:00,scheduler,0,0,999.1,10240.0,46,92.117
2026-05-22T10:44:45.430988+00:00,scheduler,1,0,699.9,10240.0,34,27.071
2026-05-22T10:44:45.430988+00:00,scheduler,2,0,699.9,10240.0,40,23.253
2026-05-22T10:44:45.430988+00:00,scheduler,3,0,675.9,10240.0,43,24.825
2026-05-22T10:44:50.431682+00:00,scheduler,0,0,999.1,10240.0,46,92.174
2026-05-22T10:44:50.431682+00:00,scheduler,1,0,699.9,10240.0,34,27.045
2026-05-22T10:44:50.431682+00:00,scheduler,2,0,699.9,10240.0,39,22.824
2026-05-22T10:44:50.431682+00:00,scheduler,3,0,675.9,10240.0,42,24.939
2026-05-22T10:44:55.432357+00:00,scheduler,0,0,999.1,10240.0,40,19.057
2026-05-22T10:44:55.432357+00:00,scheduler,1,0,1869.9,10240.0,38,47.538
2026-05-22T10:44:55.432357+00:00,scheduler,2,0,699.9,10240.0,39,22.867
2026-05-22T10:44:55.432357+00:00,scheduler,3,0,675.9,10240.0,42,24.753
2026-05-22T10:45:00.433022+00:00,scheduler,0,0,999.1,10240.0,39,18.82
2026-05-22T10:45:00.433022+00:00,scheduler,1,11,8701.9,10240.0,43,116.322
2026-05-22T10:45:00.433022+00:00,scheduler,2,0,699.9,10240.0,38,22.799
2026-05-22T10:45:00.433022+00:00,scheduler,3,0,1641.9,10240.0,45,35.018
2026-05-22T10:45:05.433652+00:00,scheduler,0,0,999.1,10240.0,39,19.155
2026-05-22T10:45:05.433652+00:00,scheduler,1,100,8449.9,10240.0,62,317.008
2026-05-22T10:45:05.433652+00:00,scheduler,2,0,699.9,10240.0,38,22.915
2026-05-22T10:45:05.433652+00:00,scheduler,3,11,8677.9,10240.0,51,101.939
2026-05-22T10:45:10.434257+00:00,scheduler,0,0,999.1,10240.0,38,19.299
2026-05-22T10:45:10.434257+00:00,scheduler,1,100,8449.9,10240.0,68,317.008
2026-05-22T10:45:10.434257+00:00,scheduler,2,36,6389.9,10240.0,42,94.94
2026-05-22T10:45:10.434257+00:00,scheduler,3,100,8425.9,10240.0,70,304.585
2026-05-22T10:45:15.434861+00:00,scheduler,0,0,999.1,10240.0,38,19.18
2026-05-22T10:45:15.434861+00:00,scheduler,1,100,8449.9,10240.0,70,318.203
2026-05-22T10:45:15.434861+00:00,scheduler,2,33,4117.9,10240.0,44,111.535
2026-05-22T10:45:15.434861+00:00,scheduler,3,100,8425.9,10240.0,70,269.955
2026-05-22T10:45:20.435450+00:00,scheduler,0,0,999.1,10240.0,37,19.095
2026-05-22T10:45:20.435450+00:00,scheduler,1,11,8449.9,10240.0,48,99.466
2026-05-22T10:45:20.435450+00:00,scheduler,2,100,8449.9,10240.0,56,318.782
2026-05-22T10:45:20.435450+00:00,scheduler,3,100,8425.9,10240.0,70,259.52
2026-05-22T10:45:25.436094+00:00,scheduler,0,0,1897.1,10240.0,37,22.33
2026-05-22T10:45:25.436094+00:00,scheduler,1,0,699.9,10240.0,47,108.399
2026-05-22T10:45:25.436094+00:00,scheduler,2,100,8449.9,10240.0,58,317.173
2026-05-22T10:45:25.436094+00:00,scheduler,3,11,8425.9,10240.0,58,118.626
2026-05-22T10:45:30.436724+00:00,scheduler,0,11,9001.1,10240.0,44,92.365
2026-05-22T10:45:30.436724+00:00,scheduler,1,0,699.9,10240.0,46,98.603
2026-05-22T10:45:30.436724+00:00,scheduler,2,22,8449.9,10240.0,49,138.534
2026-05-22T10:45:30.436724+00:00,scheduler,3,0,675.9,10240.0,58,129.431
2026-05-22T10:45:35.437417+00:00,scheduler,0,100,8749.1,10240.0,62,318.593
2026-05-22T10:45:35.437417+00:00,scheduler,1,0,699.9,10240.0,46,98.506
2026-05-22T10:45:35.437417+00:00,scheduler,2,99,743.9,10240.0,48,120.285
2026-05-22T10:45:35.437417+00:00,scheduler,3,0,675.9,10240.0,55,103.461
2026-05-22T10:45:40.438046+00:00,scheduler,0,100,8749.1,10240.0,65,310.008
2026-05-22T10:45:40.438046+00:00,scheduler,1,0,699.9,10240.0,42,68.988
2026-05-22T10:45:40.438046+00:00,scheduler,2,0,699.9,10240.0,46,96.262
2026-05-22T10:45:40.438046+00:00,scheduler,3,0,675.9,10240.0,54,103.163
2026-05-22T10:45:45.438639+00:00,scheduler,0,100,8749.1,10240.0,67,298.901
2026-05-22T10:45:45.438639+00:00,scheduler,1,0,699.9,10240.0,40,27.778
2026-05-22T10:45:45.438639+00:00,scheduler,2,0,699.9,10240.0,46,96.066
2026-05-22T10:45:45.438639+00:00,scheduler,3,0,675.9,10240.0,54,103.108
2026-05-22T10:45:50.439183+00:00,scheduler,0,9,8749.1,10240.0,50,94.405
2026-05-22T10:45:50.439183+00:00,scheduler,1,0,699.9,10240.0,39,27.614
2026-05-22T10:45:50.439183+00:00,scheduler,2,0,699.9,10240.0,46,96.114
2026-05-22T10:45:50.439183+00:00,scheduler,3,0,675.9,10240.0,46,25.589
2026-05-22T10:45:55.647641+00:00,scheduler,0,0,8749.1,10240.0,48,93.03
2026-05-22T10:45:55.647641+00:00,scheduler,1,0,699.9,10240.0,38,27.328
2026-05-22T10:45:55.647641+00:00,scheduler,2,0,699.9,10240.0,41,23.123
2026-05-22T10:45:55.647641+00:00,scheduler,3,0,675.9,10240.0,45,24.962
2026-05-22T10:46:03.063942+00:00,scheduler,0,0,8749.1,10240.0,47,92.87
2026-05-22T10:46:03.063942+00:00,scheduler,1,0,699.9,10240.0,37,27.21
2026-05-22T10:46:03.063942+00:00,scheduler,2,0,699.9,10240.0,39,22.974
2026-05-22T10:46:03.063942+00:00,scheduler,3,0,675.9,10240.0,44,25.107
2026-05-22T10:46:10.761878+00:00,scheduler,0,0,8749.1,10240.0,47,92.731
2026-05-22T10:46:10.761878+00:00,scheduler,1,0,699.9,10240.0,36,27.191
2026-05-22T10:46:10.761878+00:00,scheduler,2,0,699.9,10240.0,38,22.731
2026-05-22T10:46:10.761878+00:00,scheduler,3,0,675.9,10240.0,42,25.034
