timestamp,worker_id,gpu_id,util_percent,memory_used_mb,memory_total_mb,temp_c,power_w
2026-06-26T06:29:51.763911+00:00,scheduler,0,0,479.9,11264.0,31,3.975
2026-06-26T06:29:51.763911+00:00,scheduler,1,0,453.9,11264.0,29,3.436
2026-06-26T06:29:56.838548+00:00,scheduler,0,0,479.9,11264.0,31,3.094
2026-06-26T06:29:56.838548+00:00,scheduler,1,0,453.9,11264.0,29,3.692
2026-06-26T06:30:01.847980+00:00,scheduler,0,0,479.9,11264.0,31,2.92
2026-06-26T06:30:01.847980+00:00,scheduler,1,0,453.9,11264.0,29,3.436
2026-06-26T06:30:06.857248+00:00,scheduler,0,0,479.9,11264.0,31,2.832
2026-06-26T06:30:06.857248+00:00,scheduler,1,0,453.9,11264.0,29,3.545
2026-06-26T06:30:11.866251+00:00,scheduler,0,0,479.9,11264.0,31,2.647
2026-06-26T06:30:11.866251+00:00,scheduler,1,0,453.9,11264.0,29,3.783
2026-06-26T06:30:16.875592+00:00,scheduler,0,0,479.9,11264.0,31,2.328
2026-06-26T06:30:16.875592+00:00,scheduler,1,0,453.9,11264.0,29,3.85
2026-06-26T06:30:21.885036+00:00,scheduler,0,0,479.9,11264.0,31,2.879
2026-06-26T06:30:21.885036+00:00,scheduler,1,0,453.9,11264.0,29,3.23
2026-06-26T06:30:28.137841+00:00,scheduler,0,0,479.9,11264.0,31,2.644
2026-06-26T06:30:28.137841+00:00,scheduler,1,0,453.9,11264.0,29,3.248
2026-06-26T06:30:33.175247+00:00,scheduler,0,0,479.9,11264.0,31,2.483
2026-06-26T06:30:33.175247+00:00,scheduler,1,0,453.9,11264.0,29,3.244
2026-06-26T06:30:38.184524+00:00,scheduler,0,0,479.9,11264.0,31,2.766
2026-06-26T06:30:38.184524+00:00,scheduler,1,0,453.9,11264.0,29,2.948
2026-06-26T06:30:43.239138+00:00,scheduler,0,0,479.9,11264.0,31,3.229
2026-06-26T06:30:43.239138+00:00,scheduler,1,0,453.9,11264.0,29,3.331
2026-06-26T06:30:51.451746+00:00,scheduler,0,0,479.9,11264.0,31,2.841
2026-06-26T06:30:51.451746+00:00,scheduler,1,0,453.9,11264.0,29,3.001
2026-06-26T06:30:56.548229+00:00,scheduler,0,0,479.9,11264.0,31,2.673
2026-06-26T06:30:56.548229+00:00,scheduler,1,0,453.9,11264.0,29,2.833
2026-06-26T06:31:01.975964+00:00,scheduler,0,0,635.9,11264.0,33,51.849
2026-06-26T06:31:01.975964+00:00,scheduler,1,0,453.9,11264.0,29,3.139
2026-06-26T06:31:06.983081+00:00,scheduler,0,0,635.9,11264.0,35,51.704
2026-06-26T06:31:06.983081+00:00,scheduler,1,0,453.9,11264.0,29,3.049
2026-06-26T06:31:12.046812+00:00,scheduler,0,0,635.9,11264.0,35,52.371
2026-06-26T06:31:12.046812+00:00,scheduler,1,0,453.9,11264.0,29,3.897
2026-06-26T06:31:17.176841+00:00,scheduler,0,0,635.9,11264.0,36,52.577
2026-06-26T06:31:17.176841+00:00,scheduler,1,0,453.9,11264.0,29,3.089
2026-06-26T06:31:22.184073+00:00,scheduler,0,0,635.9,11264.0,33,3.595
2026-06-26T06:31:22.184073+00:00,scheduler,1,0,453.9,11264.0,29,3.648
2026-06-26T06:31:27.195191+00:00,scheduler,0,0,635.9,11264.0,33,3.069
2026-06-26T06:31:27.195191+00:00,scheduler,1,0,453.9,11264.0,29,3.024
2026-06-26T06:31:32.205928+00:00,scheduler,0,0,635.9,11264.0,33,3.037
2026-06-26T06:31:32.205928+00:00,scheduler,1,0,453.9,11264.0,29,3.753
2026-06-26T06:31:37.216796+00:00,scheduler,0,0,635.9,11264.0,32,2.877
2026-06-26T06:31:37.216796+00:00,scheduler,1,0,453.9,11264.0,29,2.894
2026-06-26T06:31:42.227697+00:00,scheduler,0,0,635.9,11264.0,32,3.16
2026-06-26T06:31:42.227697+00:00,scheduler,1,0,453.9,11264.0,29,3.272
2026-06-26T06:31:47.238547+00:00,scheduler,0,0,635.9,11264.0,32,2.895
2026-06-26T06:31:47.238547+00:00,scheduler,1,0,453.9,11264.0,29,3.316
2026-06-26T06:31:52.249267+00:00,scheduler,0,0,635.9,11264.0,32,2.869
2026-06-26T06:31:52.249267+00:00,scheduler,1,0,453.9,11264.0,29,3.266
2026-06-26T06:31:57.260132+00:00,scheduler,0,0,635.9,11264.0,32,3.468
2026-06-26T06:31:57.260132+00:00,scheduler,1,0,453.9,11264.0,29,3.098
2026-06-26T06:32:02.270962+00:00,scheduler,0,0,635.9,11264.0,32,2.966
2026-06-26T06:32:02.270962+00:00,scheduler,1,0,453.9,11264.0,29,3.091
2026-06-26T06:32:07.281945+00:00,scheduler,0,0,1379.9,11264.0,34,51.897
2026-06-26T06:32:07.281945+00:00,scheduler,1,0,453.9,11264.0,29,3.794
2026-06-26T06:32:12.289374+00:00,scheduler,0,1,1379.9,11264.0,36,52.554
2026-06-26T06:32:12.289374+00:00,scheduler,1,0,453.9,11264.0,29,3.465
2026-06-26T06:32:17.296783+00:00,scheduler,0,1,1379.9,11264.0,36,52.835
2026-06-26T06:32:17.296783+00:00,scheduler,1,0,453.9,11264.0,29,3.409
2026-06-26T06:32:22.304332+00:00,scheduler,0,1,1671.9,11264.0,36,52.857
2026-06-26T06:32:22.304332+00:00,scheduler,1,0,453.9,11264.0,29,3.337
2026-06-26T06:32:27.311884+00:00,scheduler,0,1,1971.9,11264.0,37,53.322
2026-06-26T06:32:27.311884+00:00,scheduler,1,0,453.9,11264.0,29,3.32
2026-06-26T06:32:32.319380+00:00,scheduler,0,1,2175.9,11264.0,37,52.212
2026-06-26T06:32:32.319380+00:00,scheduler,1,0,453.9,11264.0,29,3.064
2026-06-26T06:32:37.326913+00:00,scheduler,0,0,2447.9,11264.0,37,52.352
2026-06-26T06:32:37.326913+00:00,scheduler,1,0,453.9,11264.0,29,3.361
2026-06-26T06:32:42.334283+00:00,scheduler,0,0,2747.9,11264.0,37,52.763
2026-06-26T06:32:42.334283+00:00,scheduler,1,0,453.9,11264.0,29,2.916
2026-06-26T06:32:47.341554+00:00,scheduler,0,1,2991.9,11264.0,38,52.596
2026-06-26T06:32:47.341554+00:00,scheduler,1,0,453.9,11264.0,29,3.2
2026-06-26T06:32:52.349368+00:00,scheduler,0,0,3319.9,11264.0,38,52.937
2026-06-26T06:32:52.349368+00:00,scheduler,1,0,453.9,11264.0,29,2.696
2026-06-26T06:32:57.356738+00:00,scheduler,0,0,3543.9,11264.0,38,52.842
2026-06-26T06:32:57.356738+00:00,scheduler,1,0,453.9,11264.0,29,3.447
2026-06-26T06:33:02.365004+00:00,scheduler,0,1,3815.9,11264.0,38,52.36
2026-06-26T06:33:02.365004+00:00,scheduler,1,0,453.9,11264.0,29,3.738
2026-06-26T06:33:07.372589+00:00,scheduler,0,0,4047.9,11264.0,38,52.592
2026-06-26T06:33:07.372589+00:00,scheduler,1,0,453.9,11264.0,29,3.975
2026-06-26T06:33:12.380866+00:00,scheduler,0,0,4299.9,11264.0,39,53.213
2026-06-26T06:33:12.380866+00:00,scheduler,1,0,453.9,11264.0,29,3.883
2026-06-26T06:33:17.388576+00:00,scheduler,0,0,4435.9,11264.0,39,53.101
2026-06-26T06:33:17.388576+00:00,scheduler,1,0,453.9,11264.0,29,3.89
2026-06-26T06:33:22.396655+00:00,scheduler,0,0,4727.9,11264.0,39,53.376
2026-06-26T06:33:22.396655+00:00,scheduler,1,0,453.9,11264.0,29,3.843
2026-06-26T06:33:27.404452+00:00,scheduler,0,0,5027.9,11264.0,39,53.685
2026-06-26T06:33:27.404452+00:00,scheduler,1,0,453.9,11264.0,29,3.588
2026-06-26T06:33:32.412112+00:00,scheduler,0,1,5279.9,11264.0,39,53.377
2026-06-26T06:33:32.412112+00:00,scheduler,1,0,453.9,11264.0,29,3.63
2026-06-26T06:33:37.419427+00:00,scheduler,0,0,5503.9,11264.0,39,53.873
2026-06-26T06:33:37.419427+00:00,scheduler,1,0,453.9,11264.0,29,3.529
2026-06-26T06:33:42.426847+00:00,scheduler,0,0,5803.9,11264.0,40,53.741
2026-06-26T06:33:42.426847+00:00,scheduler,1,0,453.9,11264.0,29,3.599
2026-06-26T06:33:47.434182+00:00,scheduler,0,0,5987.9,11264.0,40,53.875
2026-06-26T06:33:47.434182+00:00,scheduler,1,0,453.9,11264.0,29,3.906
2026-06-26T06:33:52.441444+00:00,scheduler,0,0,6239.9,11264.0,40,54.212
2026-06-26T06:33:52.441444+00:00,scheduler,1,0,453.9,11264.0,29,3.839
2026-06-26T06:33:57.448669+00:00,scheduler,0,1,6483.9,11264.0,40,53.852
2026-06-26T06:33:57.448669+00:00,scheduler,1,0,453.9,11264.0,29,3.827
2026-06-26T06:34:02.455948+00:00,scheduler,0,0,6811.9,11264.0,40,53.845
2026-06-26T06:34:02.455948+00:00,scheduler,1,0,453.9,11264.0,29,3.633
2026-06-26T06:34:07.463244+00:00,scheduler,0,1,7151.9,11264.0,40,54.004
2026-06-26T06:34:07.463244+00:00,scheduler,1,0,453.9,11264.0,29,3.786
2026-06-26T06:34:12.470399+00:00,scheduler,0,0,7403.9,11264.0,40,53.796
2026-06-26T06:34:12.470399+00:00,scheduler,1,0,453.9,11264.0,29,3.299
2026-06-26T06:34:17.478168+00:00,scheduler,0,0,7539.9,11264.0,40,54.05
2026-06-26T06:34:17.478168+00:00,scheduler,1,0,453.9,11264.0,29,3.869
2026-06-26T06:34:22.485445+00:00,scheduler,0,1,7791.9,11264.0,40,54.19
2026-06-26T06:34:22.485445+00:00,scheduler,1,0,453.9,11264.0,29,3.541
2026-06-26T06:34:27.492712+00:00,scheduler,0,0,7975.9,11264.0,40,54.073
2026-06-26T06:34:27.492712+00:00,scheduler,1,0,453.9,11264.0,29,3.551
2026-06-26T06:34:32.500626+00:00,scheduler,0,0,8199.9,11264.0,40,54.3
2026-06-26T06:34:32.500626+00:00,scheduler,1,0,453.9,11264.0,29,3.899
2026-06-26T06:34:37.507839+00:00,scheduler,0,0,8407.9,11264.0,41,54.517
2026-06-26T06:34:37.507839+00:00,scheduler,1,0,453.9,11264.0,29,3.721
2026-06-26T06:34:42.515189+00:00,scheduler,0,34,8797.9,11264.0,44,77.832
2026-06-26T06:34:42.515189+00:00,scheduler,1,0,453.9,11264.0,29,3.382
2026-06-26T06:34:47.553108+00:00,scheduler,0,5,8797.9,11264.0,41,55.19
2026-06-26T06:34:47.553108+00:00,scheduler,1,0,453.9,11264.0,29,3.614
2026-06-26T06:34:52.560461+00:00,scheduler,0,5,8797.9,11264.0,41,55.216
2026-06-26T06:34:52.560461+00:00,scheduler,1,0,453.9,11264.0,29,3.611
2026-06-26T06:34:57.568877+00:00,scheduler,0,0,1067.9,11264.0,42,55.41
2026-06-26T06:34:57.568877+00:00,scheduler,1,0,453.9,11264.0,29,3.395
2026-06-26T06:35:02.576871+00:00,scheduler,0,0,1367.9,11264.0,41,54.721
2026-06-26T06:35:02.576871+00:00,scheduler,1,0,453.9,11264.0,29,3.816
2026-06-26T06:35:07.584242+00:00,scheduler,0,1,1637.9,11264.0,41,54.75
2026-06-26T06:35:07.584242+00:00,scheduler,1,0,453.9,11264.0,29,3.791
2026-06-26T06:35:12.591929+00:00,scheduler,0,0,1997.9,11264.0,41,55.082
2026-06-26T06:35:12.591929+00:00,scheduler,1,0,453.9,11264.0,29,3.337
2026-06-26T06:35:17.600780+00:00,scheduler,0,1,2303.9,11264.0,41,54.138
2026-06-26T06:35:17.600780+00:00,scheduler,1,0,453.9,11264.0,29,3.655
2026-06-26T06:35:22.608218+00:00,scheduler,0,1,2519.9,11264.0,41,54.644
2026-06-26T06:35:22.608218+00:00,scheduler,1,0,453.9,11264.0,29,3.671
2026-06-26T06:35:27.615604+00:00,scheduler,0,1,2933.9,11264.0,41,54.751
2026-06-26T06:35:27.615604+00:00,scheduler,1,0,453.9,11264.0,29,3.219
2026-06-26T06:35:32.624445+00:00,scheduler,0,1,3239.9,11264.0,41,55.088
2026-06-26T06:35:32.624445+00:00,scheduler,1,0,453.9,11264.0,29,3.582
2026-06-26T06:35:37.631590+00:00,scheduler,0,0,3293.9,11264.0,41,54.758
2026-06-26T06:35:37.631590+00:00,scheduler,1,0,453.9,11264.0,29,3.62
2026-06-26T06:35:42.639109+00:00,scheduler,0,0,3617.9,11264.0,41,54.896
2026-06-26T06:35:42.639109+00:00,scheduler,1,0,453.9,11264.0,29,3.487
2026-06-26T06:35:47.646362+00:00,scheduler,0,0,3851.9,11264.0,41,54.836
2026-06-26T06:35:47.646362+00:00,scheduler,1,0,453.9,11264.0,29,3.855
2026-06-26T06:35:52.653730+00:00,scheduler,0,1,4085.9,11264.0,41,55.037
2026-06-26T06:35:52.653730+00:00,scheduler,1,0,453.9,11264.0,29,3.65
2026-06-26T06:35:57.661136+00:00,scheduler,0,0,4319.9,11264.0,41,54.564
2026-06-26T06:35:57.661136+00:00,scheduler,1,0,453.9,11264.0,29,3.391
2026-06-26T06:36:02.668538+00:00,scheduler,0,0,4319.9,11264.0,41,54.752
2026-06-26T06:36:02.668538+00:00,scheduler,1,0,453.9,11264.0,29,3.529
2026-06-26T06:36:07.675750+00:00,scheduler,0,0,4553.9,11264.0,41,54.845
2026-06-26T06:36:07.675750+00:00,scheduler,1,0,453.9,11264.0,29,2.943
2026-06-26T06:36:12.683154+00:00,scheduler,0,0,4859.9,11264.0,41,55.128
2026-06-26T06:36:12.683154+00:00,scheduler,1,0,453.9,11264.0,29,3.21
2026-06-26T06:36:17.690642+00:00,scheduler,0,0,5255.9,11264.0,41,55.024
2026-06-26T06:36:17.690642+00:00,scheduler,1,0,453.9,11264.0,29,2.742
2026-06-26T06:36:22.697875+00:00,scheduler,0,1,5489.9,11264.0,41,54.936
2026-06-26T06:36:22.697875+00:00,scheduler,1,0,453.9,11264.0,29,2.979
2026-06-26T06:36:27.705307+00:00,scheduler,0,0,5723.9,11264.0,41,55.165
2026-06-26T06:36:27.705307+00:00,scheduler,1,0,453.9,11264.0,29,2.529
2026-06-26T06:36:32.712838+00:00,scheduler,0,1,5957.9,11264.0,41,55.281
2026-06-26T06:36:32.712838+00:00,scheduler,1,0,453.9,11264.0,29,3.079
2026-06-26T06:36:37.720179+00:00,scheduler,0,1,6191.9,11264.0,41,55.206
2026-06-26T06:36:37.720179+00:00,scheduler,1,0,453.9,11264.0,29,2.387
2026-06-26T06:36:42.727663+00:00,scheduler,0,0,6425.9,11264.0,41,55.256
2026-06-26T06:36:42.727663+00:00,scheduler,1,0,453.9,11264.0,29,2.622
2026-06-26T06:36:47.734896+00:00,scheduler,0,0,6425.9,11264.0,41,55.317
2026-06-26T06:36:47.734896+00:00,scheduler,1,0,453.9,11264.0,29,2.5
2026-06-26T06:36:52.742179+00:00,scheduler,0,0,6659.9,11264.0,41,55.536
2026-06-26T06:36:52.742179+00:00,scheduler,1,0,453.9,11264.0,29,2.936
2026-06-26T06:36:57.749779+00:00,scheduler,0,0,6893.9,11264.0,41,54.679
2026-06-26T06:36:57.749779+00:00,scheduler,1,0,453.9,11264.0,29,2.686
2026-06-26T06:37:02.757061+00:00,scheduler,0,0,6965.9,11264.0,41,55.049
2026-06-26T06:37:02.757061+00:00,scheduler,1,0,453.9,11264.0,29,2.996
2026-06-26T06:37:07.764980+00:00,scheduler,0,0,7199.9,11264.0,41,54.894
2026-06-26T06:37:07.764980+00:00,scheduler,1,0,453.9,11264.0,29,2.907
2026-06-26T06:37:12.772702+00:00,scheduler,0,0,7433.9,11264.0,41,54.668
2026-06-26T06:37:12.772702+00:00,scheduler,1,0,453.9,11264.0,29,2.861
2026-06-26T06:37:17.780830+00:00,scheduler,0,1,7667.9,11264.0,41,54.891
2026-06-26T06:37:17.780830+00:00,scheduler,1,0,453.9,11264.0,29,2.646
2026-06-26T06:37:22.788659+00:00,scheduler,0,0,7829.9,11264.0,41,54.598
2026-06-26T06:37:22.788659+00:00,scheduler,1,0,453.9,11264.0,29,3.245
2026-06-26T06:37:27.796048+00:00,scheduler,0,1,8063.9,11264.0,41,54.644
2026-06-26T06:37:27.796048+00:00,scheduler,1,0,453.9,11264.0,29,2.809
2026-06-26T06:37:32.804839+00:00,scheduler,0,0,8171.9,11264.0,41,54.756
2026-06-26T06:37:32.804839+00:00,scheduler,1,0,453.9,11264.0,29,3.014
2026-06-26T06:37:37.812090+00:00,scheduler,0,100,10951.9,11264.0,49,249.343
2026-06-26T06:37:37.812090+00:00,scheduler,1,0,453.9,11264.0,29,2.486
2026-06-26T06:37:42.819168+00:00,scheduler,0,100,10953.9,11264.0,50,249.083
2026-06-26T06:37:42.819168+00:00,scheduler,1,0,453.9,11264.0,29,2.433
2026-06-26T06:37:47.827050+00:00,scheduler,0,100,10953.9,11264.0,51,238.162
2026-06-26T06:37:47.827050+00:00,scheduler,1,0,453.9,11264.0,29,2.738
2026-06-26T06:37:52.834392+00:00,scheduler,0,100,10953.9,11264.0,52,239.813
2026-06-26T06:37:52.834392+00:00,scheduler,1,0,453.9,11264.0,29,2.184
2026-06-26T06:37:57.841832+00:00,scheduler,0,100,10953.9,11264.0,53,244.786
2026-06-26T06:37:57.841832+00:00,scheduler,1,0,453.9,11264.0,29,3.128
2026-06-26T06:38:02.851625+00:00,scheduler,0,100,10953.9,11264.0,54,247.059
2026-06-26T06:38:02.851625+00:00,scheduler,1,0,453.9,11264.0,29,2.676
2026-06-26T06:38:07.861862+00:00,scheduler,0,100,10953.9,11264.0,55,246.254
2026-06-26T06:38:07.861862+00:00,scheduler,1,0,453.9,11264.0,29,3.03
2026-06-26T06:38:12.869165+00:00,scheduler,0,100,10953.9,11264.0,56,239.922
2026-06-26T06:38:12.869165+00:00,scheduler,1,0,453.9,11264.0,29,2.612
2026-06-26T06:38:17.878486+00:00,scheduler,0,100,10953.9,11264.0,56,248.177
2026-06-26T06:38:17.878486+00:00,scheduler,1,0,453.9,11264.0,29,2.509
2026-06-26T06:38:22.887103+00:00,scheduler,0,100,10953.9,11264.0,57,246.752
2026-06-26T06:38:22.887103+00:00,scheduler,1,0,453.9,11264.0,29,2.364
2026-06-26T06:38:27.897289+00:00,scheduler,0,100,10953.9,11264.0,57,252.398
2026-06-26T06:38:27.897289+00:00,scheduler,1,0,453.9,11264.0,29,3.117
2026-06-26T06:38:32.905308+00:00,scheduler,0,100,10953.9,11264.0,57,243.426
2026-06-26T06:38:32.905308+00:00,scheduler,1,0,453.9,11264.0,29,2.826
2026-06-26T06:38:37.914829+00:00,scheduler,0,100,10953.9,11264.0,58,253.419
2026-06-26T06:38:37.914829+00:00,scheduler,1,0,453.9,11264.0,29,2.547
2026-06-26T06:38:42.925473+00:00,scheduler,0,100,10953.9,11264.0,58,246.929
2026-06-26T06:38:42.925473+00:00,scheduler,1,0,453.9,11264.0,29,2.739
2026-06-26T06:38:47.933259+00:00,scheduler,0,100,10953.9,11264.0,58,246.814
2026-06-26T06:38:47.933259+00:00,scheduler,1,0,453.9,11264.0,29,2.875
2026-06-26T06:38:52.940367+00:00,scheduler,0,100,10953.9,11264.0,58,246.793
2026-06-26T06:38:52.940367+00:00,scheduler,1,0,453.9,11264.0,29,3.029
2026-06-26T06:38:57.947957+00:00,scheduler,0,100,10953.9,11264.0,58,247.07
2026-06-26T06:38:57.947957+00:00,scheduler,1,0,453.9,11264.0,29,3.295
2026-06-26T06:39:02.955961+00:00,scheduler,0,100,10953.9,11264.0,58,247.763
2026-06-26T06:39:02.955961+00:00,scheduler,1,0,453.9,11264.0,29,2.864
2026-06-26T06:39:07.964155+00:00,scheduler,0,100,10953.9,11264.0,58,248.014
2026-06-26T06:39:07.964155+00:00,scheduler,1,0,453.9,11264.0,28,3.166
2026-06-26T06:39:12.972609+00:00,scheduler,0,100,10953.9,11264.0,58,246.486
2026-06-26T06:39:12.972609+00:00,scheduler,1,0,453.9,11264.0,29,3.243
2026-06-26T06:39:17.980030+00:00,scheduler,0,100,10953.9,11264.0,58,248.757
2026-06-26T06:39:17.980030+00:00,scheduler,1,0,453.9,11264.0,29,3.271
2026-06-26T06:39:22.988705+00:00,scheduler,0,100,10953.9,11264.0,59,255.566
2026-06-26T06:39:22.988705+00:00,scheduler,1,0,453.9,11264.0,29,2.99
2026-06-26T06:39:27.999141+00:00,scheduler,0,100,10953.9,11264.0,58,242.684
2026-06-26T06:39:27.999141+00:00,scheduler,1,0,453.9,11264.0,29,3.604
2026-06-26T06:39:33.006356+00:00,scheduler,0,100,10953.9,11264.0,58,238.967
2026-06-26T06:39:33.006356+00:00,scheduler,1,0,453.9,11264.0,29,3.216
2026-06-26T06:39:38.019369+00:00,scheduler,0,100,10953.9,11264.0,58,244.08
2026-06-26T06:39:38.019369+00:00,scheduler,1,0,453.9,11264.0,29,3.049
2026-06-26T06:39:43.026818+00:00,scheduler,0,8,10953.9,11264.0,54,65.766
2026-06-26T06:39:43.026818+00:00,scheduler,1,0,453.9,11264.0,29,3.03
2026-06-26T06:39:48.034299+00:00,scheduler,0,6,10953.9,11264.0,51,56.973
2026-06-26T06:39:48.034299+00:00,scheduler,1,0,453.9,11264.0,28,2.995
2026-06-26T06:39:53.050059+00:00,scheduler,0,0,1555.9,11264.0,51,98.277
2026-06-26T06:39:53.050059+00:00,scheduler,1,0,453.9,11264.0,29,2.933
2026-06-26T06:39:58.057714+00:00,scheduler,0,0,693.9,11264.0,49,56.716
2026-06-26T06:39:58.057714+00:00,scheduler,1,0,453.9,11264.0,29,3.334
2026-06-26T06:40:03.065152+00:00,scheduler,0,0,693.9,11264.0,48,56.111
2026-06-26T06:40:03.065152+00:00,scheduler,1,0,453.9,11264.0,29,3.319
2026-06-26T06:40:08.072425+00:00,scheduler,0,0,693.9,11264.0,47,55.922
2026-06-26T06:40:08.072425+00:00,scheduler,1,0,453.9,11264.0,29,3.324
2026-06-26T06:40:13.080014+00:00,scheduler,0,0,693.9,11264.0,45,3.816
2026-06-26T06:40:13.080014+00:00,scheduler,1,0,453.9,11264.0,29,3.404
2026-06-26T06:40:18.091545+00:00,scheduler,0,0,693.9,11264.0,43,3.16
2026-06-26T06:40:18.091545+00:00,scheduler,1,0,453.9,11264.0,29,3.256
2026-06-26T06:40:23.102437+00:00,scheduler,0,0,693.9,11264.0,42,3.555
2026-06-26T06:40:23.102437+00:00,scheduler,1,0,453.9,11264.0,29,3.655
2026-06-26T06:40:28.113432+00:00,scheduler,0,0,693.9,11264.0,41,3.143
2026-06-26T06:40:28.113432+00:00,scheduler,1,0,453.9,11264.0,29,3.295
2026-06-26T06:40:33.124305+00:00,scheduler,0,0,693.9,11264.0,40,3.343
2026-06-26T06:40:33.124305+00:00,scheduler,1,0,453.9,11264.0,29,3.605
2026-06-26T06:40:38.135204+00:00,scheduler,0,0,693.9,11264.0,40,3.421
2026-06-26T06:40:38.135204+00:00,scheduler,1,0,453.9,11264.0,29,2.864
2026-06-26T06:40:43.146162+00:00,scheduler,0,0,693.9,11264.0,39,3.007
2026-06-26T06:40:43.146162+00:00,scheduler,1,0,453.9,11264.0,29,3.281
2026-06-26T06:40:48.157236+00:00,scheduler,0,0,693.9,11264.0,38,2.701
2026-06-26T06:40:48.157236+00:00,scheduler,1,0,453.9,11264.0,29,3.206
2026-06-26T06:40:53.168275+00:00,scheduler,0,0,693.9,11264.0,38,2.864
2026-06-26T06:40:53.168275+00:00,scheduler,1,0,453.9,11264.0,29,3.198
2026-06-26T06:40:58.179112+00:00,scheduler,0,0,693.9,11264.0,37,2.165
2026-06-26T06:40:58.179112+00:00,scheduler,1,0,453.9,11264.0,29,3.218
2026-06-26T06:41:03.190149+00:00,scheduler,0,0,693.9,11264.0,37,2.486
2026-06-26T06:41:03.190149+00:00,scheduler,1,0,453.9,11264.0,29,2.978
2026-06-26T06:41:08.201013+00:00,scheduler,0,0,693.9,11264.0,37,2.742
2026-06-26T06:41:08.201013+00:00,scheduler,1,0,453.9,11264.0,29,3.174
2026-06-26T06:41:13.211849+00:00,scheduler,0,0,693.9,11264.0,36,2.394
2026-06-26T06:41:13.211849+00:00,scheduler,1,0,453.9,11264.0,29,3.006
2026-06-26T06:41:18.222777+00:00,scheduler,0,0,693.9,11264.0,36,2.388
2026-06-26T06:41:18.222777+00:00,scheduler,1,0,453.9,11264.0,29,2.85
2026-06-26T06:41:23.233825+00:00,scheduler,0,0,693.9,11264.0,36,2.422
2026-06-26T06:41:23.233825+00:00,scheduler,1,0,453.9,11264.0,29,3.101
2026-06-26T06:41:28.244688+00:00,scheduler,0,0,693.9,11264.0,36,2.675
2026-06-26T06:41:28.244688+00:00,scheduler,1,0,453.9,11264.0,29,2.82
2026-06-26T06:41:33.255406+00:00,scheduler,0,0,693.9,11264.0,35,2.154
2026-06-26T06:41:33.255406+00:00,scheduler,1,0,453.9,11264.0,29,2.373
2026-06-26T06:41:38.266292+00:00,scheduler,0,0,693.9,11264.0,35,2.628
2026-06-26T06:41:38.266292+00:00,scheduler,1,0,453.9,11264.0,29,3.179
2026-06-26T06:41:43.277100+00:00,scheduler,0,0,693.9,11264.0,35,2.422
2026-06-26T06:41:43.277100+00:00,scheduler,1,0,453.9,11264.0,29,2.966
2026-06-26T06:41:48.287997+00:00,scheduler,0,0,693.9,11264.0,35,2.471
2026-06-26T06:41:48.287997+00:00,scheduler,1,0,453.9,11264.0,29,3.141
2026-06-26T06:41:53.299217+00:00,scheduler,0,0,693.9,11264.0,35,2.254
2026-06-26T06:41:53.299217+00:00,scheduler,1,0,453.9,11264.0,29,2.495
2026-06-26T06:41:58.310176+00:00,scheduler,0,0,693.9,11264.0,35,2.637
2026-06-26T06:41:58.310176+00:00,scheduler,1,0,453.9,11264.0,29,3.154
2026-06-26T06:42:03.320939+00:00,scheduler,0,0,693.9,11264.0,34,2.754
2026-06-26T06:42:03.320939+00:00,scheduler,1,0,453.9,11264.0,29,2.87
2026-06-26T06:42:08.331901+00:00,scheduler,0,0,693.9,11264.0,34,2.685
2026-06-26T06:42:08.331901+00:00,scheduler,1,0,453.9,11264.0,29,3.005
2026-06-26T06:42:13.342757+00:00,scheduler,0,0,693.9,11264.0,34,2.802
2026-06-26T06:42:13.342757+00:00,scheduler,1,0,453.9,11264.0,29,2.511
2026-06-26T06:42:18.353968+00:00,scheduler,0,0,691.9,11264.0,34,2.764
2026-06-26T06:42:18.353968+00:00,scheduler,1,0,453.9,11264.0,29,3.018
2026-06-26T06:42:23.394297+00:00,scheduler,0,0,691.9,11264.0,34,2.257
2026-06-26T06:42:23.394297+00:00,scheduler,1,0,453.9,11264.0,29,2.818
2026-06-26T06:42:28.405490+00:00,scheduler,0,0,691.9,11264.0,34,2.95
2026-06-26T06:42:28.405490+00:00,scheduler,1,0,453.9,11264.0,29,2.952
2026-06-26T06:42:33.419305+00:00,scheduler,0,0,691.9,11264.0,34,2.459
2026-06-26T06:42:33.419305+00:00,scheduler,1,0,453.9,11264.0,29,2.991
2026-06-26T06:42:38.430298+00:00,scheduler,0,0,691.9,11264.0,34,2.767
2026-06-26T06:42:38.430298+00:00,scheduler,1,0,453.9,11264.0,29,2.614
2026-06-26T06:42:43.441311+00:00,scheduler,0,0,691.9,11264.0,34,2.27
2026-06-26T06:42:43.441311+00:00,scheduler,1,0,453.9,11264.0,29,2.369
2026-06-26T06:42:48.452202+00:00,scheduler,0,0,691.9,11264.0,33,2.735
2026-06-26T06:42:48.452202+00:00,scheduler,1,0,453.9,11264.0,29,2.517
2026-06-26T06:42:53.465948+00:00,scheduler,0,0,691.9,11264.0,33,2.789
2026-06-26T06:42:53.465948+00:00,scheduler,1,0,453.9,11264.0,29,2.908
2026-06-26T06:42:58.487938+00:00,scheduler,0,0,691.9,11264.0,33,2.512
2026-06-26T06:42:58.487938+00:00,scheduler,1,0,453.9,11264.0,29,2.824
2026-06-26T06:43:03.517635+00:00,scheduler,0,0,691.9,11264.0,33,2.591
2026-06-26T06:43:03.517635+00:00,scheduler,1,0,453.9,11264.0,29,2.955
2026-06-26T06:43:08.538651+00:00,scheduler,0,2,1433.9,11264.0,36,50.11
2026-06-26T06:43:08.538651+00:00,scheduler,1,0,453.9,11264.0,29,3.401
2026-06-26T06:43:13.641836+00:00,scheduler,0,1,1541.9,11264.0,37,50.697
2026-06-26T06:43:13.641836+00:00,scheduler,1,0,453.9,11264.0,29,2.907
2026-06-26T06:43:18.792808+00:00,scheduler,0,2,2597.9,11264.0,37,51.174
2026-06-26T06:43:18.792808+00:00,scheduler,1,0,453.9,11264.0,29,3.448
2026-06-26T06:43:23.811678+00:00,scheduler,0,15,8417.9,11264.0,37,51.524
2026-06-26T06:43:23.811678+00:00,scheduler,1,0,453.9,11264.0,29,3.388
2026-06-26T06:43:28.851443+00:00,scheduler,0,2,8797.9,11264.0,39,52.908
2026-06-26T06:43:28.851443+00:00,scheduler,1,0,453.9,11264.0,29,2.456
2026-06-26T06:43:33.861212+00:00,scheduler,0,2,8797.9,11264.0,39,52.488
2026-06-26T06:43:33.861212+00:00,scheduler,1,0,453.9,11264.0,29,3.196
2026-06-26T06:43:38.870665+00:00,scheduler,0,2,8797.9,11264.0,39,52.357
2026-06-26T06:43:38.870665+00:00,scheduler,1,0,453.9,11264.0,29,3.528
2026-06-26T06:43:43.880632+00:00,scheduler,0,2,8797.9,11264.0,39,52.175
2026-06-26T06:43:43.880632+00:00,scheduler,1,0,453.9,11264.0,29,3.117
2026-06-26T06:43:48.889839+00:00,scheduler,0,2,8797.9,11264.0,39,51.846
2026-06-26T06:43:48.889839+00:00,scheduler,1,0,453.9,11264.0,29,3.115
2026-06-26T06:43:53.899608+00:00,scheduler,0,2,8797.9,11264.0,39,52.045
2026-06-26T06:43:53.899608+00:00,scheduler,1,0,453.9,11264.0,29,3.337
2026-06-26T06:43:58.911026+00:00,scheduler,0,36,10953.9,11264.0,45,232.885
2026-06-26T06:43:58.911026+00:00,scheduler,1,0,453.9,11264.0,29,3.072
2026-06-26T06:44:03.918592+00:00,scheduler,0,100,10953.9,11264.0,48,240.6
2026-06-26T06:44:03.918592+00:00,scheduler,1,0,453.9,11264.0,29,3.345
2026-06-26T06:44:08.927389+00:00,scheduler,0,100,10955.9,11264.0,49,251.748
2026-06-26T06:44:08.927389+00:00,scheduler,1,0,453.9,11264.0,29,2.983
2026-06-26T06:44:13.934625+00:00,scheduler,0,100,10955.9,11264.0,50,246.807
2026-06-26T06:44:13.934625+00:00,scheduler,1,0,453.9,11264.0,29,3.208
2026-06-26T06:44:18.942199+00:00,scheduler,0,100,10955.9,11264.0,51,248.28
2026-06-26T06:44:18.942199+00:00,scheduler,1,0,453.9,11264.0,29,3.132
2026-06-26T06:44:23.950608+00:00,scheduler,0,100,10955.9,11264.0,52,254.874
2026-06-26T06:44:23.950608+00:00,scheduler,1,0,453.9,11264.0,29,3.188
2026-06-26T06:44:28.958013+00:00,scheduler,0,100,10955.9,11264.0,53,246.908
2026-06-26T06:44:28.958013+00:00,scheduler,1,0,453.9,11264.0,29,2.932
2026-06-26T06:44:33.967662+00:00,scheduler,0,100,10955.9,11264.0,54,249.547
2026-06-26T06:44:33.967662+00:00,scheduler,1,0,453.9,11264.0,29,3.311
2026-06-26T06:44:38.978017+00:00,scheduler,0,100,10955.9,11264.0,55,248.691
2026-06-26T06:44:38.978017+00:00,scheduler,1,0,453.9,11264.0,29,2.762
2026-06-26T06:44:43.985386+00:00,scheduler,0,100,10955.9,11264.0,56,257.376
2026-06-26T06:44:43.985386+00:00,scheduler,1,0,453.9,11264.0,29,3.427
2026-06-26T06:44:48.992910+00:00,scheduler,0,100,10955.9,11264.0,56,246.494
2026-06-26T06:44:48.992910+00:00,scheduler,1,0,453.9,11264.0,29,3.185
2026-06-26T06:44:54.001918+00:00,scheduler,0,100,10955.9,11264.0,57,243.29
2026-06-26T06:44:54.001918+00:00,scheduler,1,0,453.9,11264.0,29,3.029
2026-06-26T06:44:59.009107+00:00,scheduler,0,100,10955.9,11264.0,57,243.75
2026-06-26T06:44:59.009107+00:00,scheduler,1,0,453.9,11264.0,29,2.875
2026-06-26T06:45:04.018182+00:00,scheduler,0,100,10955.9,11264.0,58,247.843
2026-06-26T06:45:04.018182+00:00,scheduler,1,0,453.9,11264.0,29,3.273
2026-06-26T06:45:09.025584+00:00,scheduler,0,100,10955.9,11264.0,58,244.53
2026-06-26T06:45:09.025584+00:00,scheduler,1,0,453.9,11264.0,29,3.47
2026-06-26T06:45:14.033638+00:00,scheduler,0,100,10955.9,11264.0,58,238.444
2026-06-26T06:45:14.033638+00:00,scheduler,1,0,453.9,11264.0,29,3.428
2026-06-26T06:45:19.040988+00:00,scheduler,0,100,10955.9,11264.0,58,243.927
2026-06-26T06:45:19.040988+00:00,scheduler,1,0,453.9,11264.0,29,3.448
2026-06-26T06:45:24.050818+00:00,scheduler,0,100,10955.9,11264.0,58,237.0
2026-06-26T06:45:24.050818+00:00,scheduler,1,0,453.9,11264.0,29,3.622
2026-06-26T06:45:29.058412+00:00,scheduler,0,100,10955.9,11264.0,58,246.845
2026-06-26T06:45:29.058412+00:00,scheduler,1,0,453.9,11264.0,29,3.783
2026-06-26T06:45:34.065792+00:00,scheduler,0,100,10955.9,11264.0,58,246.835
2026-06-26T06:45:34.065792+00:00,scheduler,1,0,453.9,11264.0,29,2.953
2026-06-26T06:45:39.073232+00:00,scheduler,0,100,10955.9,11264.0,58,243.866
2026-06-26T06:45:39.073232+00:00,scheduler,1,0,453.9,11264.0,29,3.555
2026-06-26T06:45:44.080447+00:00,scheduler,0,100,10955.9,11264.0,58,248.053
2026-06-26T06:45:44.080447+00:00,scheduler,1,0,453.9,11264.0,29,3.098
2026-06-26T06:45:49.087887+00:00,scheduler,0,100,10955.9,11264.0,58,243.743
2026-06-26T06:45:49.087887+00:00,scheduler,1,0,453.9,11264.0,29,3.095
2026-06-26T06:45:54.095190+00:00,scheduler,0,100,10955.9,11264.0,58,248.335
2026-06-26T06:45:54.095190+00:00,scheduler,1,0,453.9,11264.0,29,2.894
2026-06-26T06:45:59.104719+00:00,scheduler,0,100,10955.9,11264.0,59,246.357
2026-06-26T06:45:59.104719+00:00,scheduler,1,0,453.9,11264.0,29,3.242
2026-06-26T06:46:04.116694+00:00,scheduler,0,100,10955.9,11264.0,59,245.566
2026-06-26T06:46:04.116694+00:00,scheduler,1,0,453.9,11264.0,29,3.13
2026-06-26T06:46:09.125642+00:00,scheduler,0,100,10955.9,11264.0,59,245.567
2026-06-26T06:46:09.125642+00:00,scheduler,1,0,453.9,11264.0,29,3.203
2026-06-26T06:46:14.140203+00:00,scheduler,0,100,10955.9,11264.0,59,249.299
2026-06-26T06:46:14.140203+00:00,scheduler,1,0,453.9,11264.0,29,3.237
2026-06-26T06:46:19.152863+00:00,scheduler,0,100,10955.9,11264.0,58,253.874
2026-06-26T06:46:19.152863+00:00,scheduler,1,0,453.9,11264.0,29,3.067
2026-06-26T06:46:24.162550+00:00,scheduler,0,100,10955.9,11264.0,58,240.773
2026-06-26T06:46:24.162550+00:00,scheduler,1,0,453.9,11264.0,29,3.221
2026-06-26T06:46:29.172256+00:00,scheduler,0,100,10955.9,11264.0,58,255.754
2026-06-26T06:46:29.172256+00:00,scheduler,1,0,453.9,11264.0,29,3.661
2026-06-26T06:46:34.181978+00:00,scheduler,0,100,10955.9,11264.0,59,242.323
2026-06-26T06:46:34.181978+00:00,scheduler,1,0,453.9,11264.0,29,3.961
2026-06-26T06:46:39.191999+00:00,scheduler,0,100,10955.9,11264.0,59,237.444
2026-06-26T06:46:39.191999+00:00,scheduler,1,0,453.9,11264.0,29,3.872
2026-06-26T06:46:44.199669+00:00,scheduler,0,100,10955.9,11264.0,59,249.371
2026-06-26T06:46:44.199669+00:00,scheduler,1,0,453.9,11264.0,29,3.391
2026-06-26T06:46:49.207131+00:00,scheduler,0,100,10955.9,11264.0,58,248.717
2026-06-26T06:46:49.207131+00:00,scheduler,1,0,453.9,11264.0,29,3.58
2026-06-26T06:46:54.214483+00:00,scheduler,0,100,10955.9,11264.0,59,245.943
2026-06-26T06:46:54.214483+00:00,scheduler,1,0,453.9,11264.0,29,3.992
2026-06-26T06:46:59.221867+00:00,scheduler,0,100,10955.9,11264.0,59,244.035
2026-06-26T06:46:59.221867+00:00,scheduler,1,0,453.9,11264.0,29,2.978
2026-06-26T06:47:04.229245+00:00,scheduler,0,100,10955.9,11264.0,59,246.857
2026-06-26T06:47:04.229245+00:00,scheduler,1,0,453.9,11264.0,29,3.826
2026-06-26T06:47:09.236619+00:00,scheduler,0,100,10955.9,11264.0,59,247.398
2026-06-26T06:47:09.236619+00:00,scheduler,1,0,453.9,11264.0,29,3.034
2026-06-26T06:47:14.245905+00:00,scheduler,0,100,10955.9,11264.0,59,244.576
2026-06-26T06:47:14.245905+00:00,scheduler,1,0,453.9,11264.0,29,3.75
2026-06-26T06:47:19.253568+00:00,scheduler,0,100,10955.9,11264.0,58,246.163
2026-06-26T06:47:19.253568+00:00,scheduler,1,0,453.9,11264.0,29,3.576
2026-06-26T06:47:24.264337+00:00,scheduler,0,100,10955.9,11264.0,58,254.08
2026-06-26T06:47:24.264337+00:00,scheduler,1,0,453.9,11264.0,29,3.262
2026-06-26T06:47:29.271818+00:00,scheduler,0,100,10955.9,11264.0,58,248.552
2026-06-26T06:47:29.271818+00:00,scheduler,1,0,453.9,11264.0,29,3.599
2026-06-26T06:47:34.279846+00:00,scheduler,0,100,10955.9,11264.0,59,235.578
2026-06-26T06:47:34.279846+00:00,scheduler,1,0,453.9,11264.0,29,3.007
2026-06-26T06:47:39.287446+00:00,scheduler,0,100,10955.9,11264.0,58,248.858
2026-06-26T06:47:39.287446+00:00,scheduler,1,0,453.9,11264.0,29,3.154
2026-06-26T06:47:44.294804+00:00,scheduler,0,100,10955.9,11264.0,58,244.516
2026-06-26T06:47:44.294804+00:00,scheduler,1,0,453.9,11264.0,29,3.031
2026-06-26T06:47:49.302083+00:00,scheduler,0,100,10955.9,11264.0,59,237.322
2026-06-26T06:47:49.302083+00:00,scheduler,1,0,453.9,11264.0,29,2.899
2026-06-26T06:47:54.309464+00:00,scheduler,0,100,10955.9,11264.0,58,249.998
2026-06-26T06:47:54.309464+00:00,scheduler,1,0,453.9,11264.0,29,3.034
2026-06-26T06:47:59.317745+00:00,scheduler,0,100,10955.9,11264.0,59,236.339
2026-06-26T06:47:59.317745+00:00,scheduler,1,0,453.9,11264.0,29,2.749
2026-06-26T06:48:04.325143+00:00,scheduler,0,100,10955.9,11264.0,59,246.576
2026-06-26T06:48:04.325143+00:00,scheduler,1,0,453.9,11264.0,29,3.161
2026-06-26T06:48:09.332443+00:00,scheduler,0,100,10955.9,11264.0,58,244.234
2026-06-26T06:48:09.332443+00:00,scheduler,1,0,453.9,11264.0,29,2.795
2026-06-26T06:48:14.339875+00:00,scheduler,0,100,10955.9,11264.0,58,248.012
2026-06-26T06:48:14.339875+00:00,scheduler,1,0,453.9,11264.0,29,3.162
2026-06-26T06:48:19.349105+00:00,scheduler,0,100,10955.9,11264.0,58,240.859
2026-06-26T06:48:19.349105+00:00,scheduler,1,0,453.9,11264.0,29,2.435
2026-06-26T06:48:24.360111+00:00,scheduler,0,100,10955.9,11264.0,59,238.275
2026-06-26T06:48:24.360111+00:00,scheduler,1,0,453.9,11264.0,29,2.865
2026-06-26T06:48:29.367524+00:00,scheduler,0,100,10955.9,11264.0,58,244.008
2026-06-26T06:48:29.367524+00:00,scheduler,1,0,453.9,11264.0,29,2.574
2026-06-26T06:48:34.375028+00:00,scheduler,0,100,10955.9,11264.0,59,244.527
2026-06-26T06:48:34.375028+00:00,scheduler,1,0,453.9,11264.0,29,3.591
2026-06-26T06:48:39.382477+00:00,scheduler,0,100,10955.9,11264.0,58,249.592
2026-06-26T06:48:39.382477+00:00,scheduler,1,0,453.9,11264.0,29,2.879
2026-06-26T06:48:44.390363+00:00,scheduler,0,100,10955.9,11264.0,58,252.746
2026-06-26T06:48:44.390363+00:00,scheduler,1,0,453.9,11264.0,29,2.896
2026-06-26T06:48:49.398510+00:00,scheduler,0,100,10955.9,11264.0,58,250.937
2026-06-26T06:48:49.398510+00:00,scheduler,1,0,453.9,11264.0,29,2.906
2026-06-26T06:48:54.406010+00:00,scheduler,0,100,10955.9,11264.0,59,254.604
2026-06-26T06:48:54.406010+00:00,scheduler,1,0,453.9,11264.0,29,2.85
2026-06-26T06:48:59.415215+00:00,scheduler,0,100,10955.9,11264.0,58,245.307
2026-06-26T06:48:59.415215+00:00,scheduler,1,0,453.9,11264.0,29,2.579
2026-06-26T06:49:04.425339+00:00,scheduler,0,100,10955.9,11264.0,59,257.249
2026-06-26T06:49:04.425339+00:00,scheduler,1,0,453.9,11264.0,29,2.81
2026-06-26T06:49:09.434134+00:00,scheduler,0,100,10955.9,11264.0,58,243.435
2026-06-26T06:49:09.434134+00:00,scheduler,1,0,453.9,11264.0,29,2.769
2026-06-26T06:49:14.441624+00:00,scheduler,0,100,10955.9,11264.0,58,247.307
2026-06-26T06:49:14.441624+00:00,scheduler,1,0,453.9,11264.0,29,2.784
2026-06-26T06:49:19.449605+00:00,scheduler,0,100,10955.9,11264.0,58,240.436
2026-06-26T06:49:19.449605+00:00,scheduler,1,0,453.9,11264.0,29,2.321
2026-06-26T06:49:24.457314+00:00,scheduler,0,100,10955.9,11264.0,59,237.974
2026-06-26T06:49:24.457314+00:00,scheduler,1,0,453.9,11264.0,29,2.687
2026-06-26T06:49:29.465956+00:00,scheduler,0,100,10955.9,11264.0,59,245.981
2026-06-26T06:49:29.465956+00:00,scheduler,1,0,453.9,11264.0,29,2.926
2026-06-26T06:49:34.473270+00:00,scheduler,0,100,10955.9,11264.0,58,244.623
2026-06-26T06:49:34.473270+00:00,scheduler,1,0,453.9,11264.0,29,2.535
2026-06-26T06:49:39.480804+00:00,scheduler,0,100,10955.9,11264.0,59,250.334
2026-06-26T06:49:39.480804+00:00,scheduler,1,0,453.9,11264.0,29,2.852
2026-06-26T06:49:44.488090+00:00,scheduler,0,7,10955.9,11264.0,52,57.538
2026-06-26T06:49:44.488090+00:00,scheduler,1,0,453.9,11264.0,29,2.115
2026-06-26T06:49:49.495444+00:00,scheduler,0,83,5011.9,11264.0,55,247.916
2026-06-26T06:49:49.495444+00:00,scheduler,1,0,453.9,11264.0,29,3.35
2026-06-26T06:49:54.504287+00:00,scheduler,0,77,8787.9,11264.0,55,236.246
2026-06-26T06:49:54.504287+00:00,scheduler,1,0,453.9,11264.0,29,2.947
2026-06-26T06:49:59.511482+00:00,scheduler,0,8,8787.9,11264.0,50,57.269
2026-06-26T06:49:59.511482+00:00,scheduler,1,0,453.9,11264.0,29,2.819
2026-06-26T06:50:04.519977+00:00,scheduler,0,32,10953.9,11264.0,53,242.443
2026-06-26T06:50:04.519977+00:00,scheduler,1,0,453.9,11264.0,29,3.188
2026-06-26T06:50:09.528557+00:00,scheduler,0,100,10953.9,11264.0,55,240.847
2026-06-26T06:50:09.528557+00:00,scheduler,1,0,453.9,11264.0,29,3.47
2026-06-26T06:50:14.535981+00:00,scheduler,0,100,10955.9,11264.0,56,255.051
2026-06-26T06:50:14.535981+00:00,scheduler,1,0,453.9,11264.0,29,2.834
2026-06-26T06:50:19.545345+00:00,scheduler,0,100,10955.9,11264.0,56,246.831
2026-06-26T06:50:19.545345+00:00,scheduler,1,0,453.9,11264.0,29,3.414
2026-06-26T06:50:24.555037+00:00,scheduler,0,100,10955.9,11264.0,57,255.338
2026-06-26T06:50:24.555037+00:00,scheduler,1,0,453.9,11264.0,29,3.182
2026-06-26T06:50:29.562609+00:00,scheduler,0,100,10955.9,11264.0,57,249.481
2026-06-26T06:50:29.562609+00:00,scheduler,1,0,453.9,11264.0,29,2.971
2026-06-26T06:50:34.571395+00:00,scheduler,0,100,10955.9,11264.0,57,245.857
2026-06-26T06:50:34.571395+00:00,scheduler,1,0,453.9,11264.0,29,3.241
2026-06-26T06:50:39.578744+00:00,scheduler,0,100,10955.9,11264.0,57,239.788
2026-06-26T06:50:39.578744+00:00,scheduler,1,0,453.9,11264.0,29,2.96
2026-06-26T06:50:44.586880+00:00,scheduler,0,100,10955.9,11264.0,58,244.981
2026-06-26T06:50:44.586880+00:00,scheduler,1,0,453.9,11264.0,29,3.051
2026-06-26T06:50:49.598653+00:00,scheduler,0,100,10955.9,11264.0,58,248.576
2026-06-26T06:50:49.598653+00:00,scheduler,1,0,453.9,11264.0,29,3.358
2026-06-26T06:50:54.606586+00:00,scheduler,0,100,10955.9,11264.0,58,246.72
2026-06-26T06:50:54.606586+00:00,scheduler,1,0,453.9,11264.0,29,3.452
2026-06-26T06:50:59.614002+00:00,scheduler,0,100,10955.9,11264.0,58,250.032
2026-06-26T06:50:59.614002+00:00,scheduler,1,0,453.9,11264.0,29,3.595
2026-06-26T06:51:04.621548+00:00,scheduler,0,100,10955.9,11264.0,58,248.235
2026-06-26T06:51:04.621548+00:00,scheduler,1,0,453.9,11264.0,29,3.129
2026-06-26T06:51:09.629042+00:00,scheduler,0,100,10955.9,11264.0,58,248.573
2026-06-26T06:51:09.629042+00:00,scheduler,1,0,453.9,11264.0,29,3.936
2026-06-26T06:51:14.636289+00:00,scheduler,0,100,10955.9,11264.0,58,246.34
2026-06-26T06:51:14.636289+00:00,scheduler,1,0,453.9,11264.0,29,3.091
2026-06-26T06:51:19.643843+00:00,scheduler,0,100,10955.9,11264.0,58,238.574
2026-06-26T06:51:19.643843+00:00,scheduler,1,0,453.9,11264.0,29,3.505
2026-06-26T06:51:24.651193+00:00,scheduler,0,100,10955.9,11264.0,58,248.99
2026-06-26T06:51:24.651193+00:00,scheduler,1,0,453.9,11264.0,29,3.171
2026-06-26T06:51:29.658372+00:00,scheduler,0,100,10955.9,11264.0,59,251.091
2026-06-26T06:51:29.658372+00:00,scheduler,1,0,453.9,11264.0,29,3.209
2026-06-26T06:51:34.665750+00:00,scheduler,0,100,10955.9,11264.0,58,254.978
2026-06-26T06:51:34.665750+00:00,scheduler,1,0,453.9,11264.0,29,3.291
2026-06-26T06:51:39.676089+00:00,scheduler,0,100,10955.9,11264.0,59,242.258
2026-06-26T06:51:39.676089+00:00,scheduler,1,0,453.9,11264.0,29,3.586
2026-06-26T06:51:44.686209+00:00,scheduler,0,100,10955.9,11264.0,58,239.244
2026-06-26T06:51:44.686209+00:00,scheduler,1,0,453.9,11264.0,29,3.651
2026-06-26T06:51:49.693581+00:00,scheduler,0,100,10955.9,11264.0,58,245.929
2026-06-26T06:51:49.693581+00:00,scheduler,1,0,453.9,11264.0,29,3.332
2026-06-26T06:51:54.700880+00:00,scheduler,0,100,10955.9,11264.0,58,246.77
2026-06-26T06:51:54.700880+00:00,scheduler,1,0,453.9,11264.0,29,3.741
2026-06-26T06:51:59.709609+00:00,scheduler,0,100,10955.9,11264.0,59,237.533
2026-06-26T06:51:59.709609+00:00,scheduler,1,0,453.9,11264.0,29,3.459
2026-06-26T06:52:04.721285+00:00,scheduler,0,100,10955.9,11264.0,58,239.258
2026-06-26T06:52:04.721285+00:00,scheduler,1,0,453.9,11264.0,29,3.833
2026-06-26T06:52:09.729616+00:00,scheduler,0,100,10955.9,11264.0,59,245.399
2026-06-26T06:52:09.729616+00:00,scheduler,1,0,453.9,11264.0,29,3.444
2026-06-26T06:52:14.736708+00:00,scheduler,0,100,10955.9,11264.0,59,246.365
2026-06-26T06:52:14.736708+00:00,scheduler,1,0,453.9,11264.0,29,3.922
2026-06-26T06:52:19.743933+00:00,scheduler,0,100,10955.9,11264.0,59,241.505
2026-06-26T06:52:19.743933+00:00,scheduler,1,0,453.9,11264.0,29,3.703
2026-06-26T06:52:24.751327+00:00,scheduler,0,100,10955.9,11264.0,58,250.514
2026-06-26T06:52:24.751327+00:00,scheduler,1,0,453.9,11264.0,29,4.177
2026-06-26T06:52:29.759406+00:00,scheduler,0,100,10955.9,11264.0,59,249.187
2026-06-26T06:52:29.759406+00:00,scheduler,1,0,453.9,11264.0,29,3.429
2026-06-26T06:52:34.769175+00:00,scheduler,0,100,10955.9,11264.0,58,254.684
2026-06-26T06:52:34.769175+00:00,scheduler,1,0,453.9,11264.0,29,3.884
2026-06-26T06:52:39.777640+00:00,scheduler,0,100,10955.9,11264.0,59,242.309
2026-06-26T06:52:39.777640+00:00,scheduler,1,0,453.9,11264.0,29,3.778
2026-06-26T06:52:44.788045+00:00,scheduler,0,100,10955.9,11264.0,59,238.087
2026-06-26T06:52:44.788045+00:00,scheduler,1,0,453.9,11264.0,29,3.46
2026-06-26T06:52:49.795557+00:00,scheduler,0,100,10955.9,11264.0,59,243.941
2026-06-26T06:52:49.795557+00:00,scheduler,1,0,453.9,11264.0,29,3.243
2026-06-26T06:52:54.803000+00:00,scheduler,0,100,10955.9,11264.0,59,246.973
2026-06-26T06:52:54.803000+00:00,scheduler,1,0,453.9,11264.0,29,3.311
2026-06-26T06:52:59.810379+00:00,scheduler,0,100,10955.9,11264.0,59,243.138
2026-06-26T06:52:59.810379+00:00,scheduler,1,0,453.9,11264.0,29,3.201
2026-06-26T06:53:04.822902+00:00,scheduler,0,100,10955.9,11264.0,58,244.757
2026-06-26T06:53:04.822902+00:00,scheduler,1,0,453.9,11264.0,29,3.224
2026-06-26T06:53:09.834038+00:00,scheduler,0,100,10955.9,11264.0,59,250.884
2026-06-26T06:53:09.834038+00:00,scheduler,1,0,453.9,11264.0,29,3.73
2026-06-26T06:53:14.843199+00:00,scheduler,0,100,10955.9,11264.0,59,244.676
2026-06-26T06:53:14.843199+00:00,scheduler,1,0,453.9,11264.0,29,3.486
2026-06-26T06:53:19.853597+00:00,scheduler,0,100,10955.9,11264.0,59,238.144
2026-06-26T06:53:19.853597+00:00,scheduler,1,0,453.9,11264.0,29,3.22
2026-06-26T06:53:24.863975+00:00,scheduler,0,100,10955.9,11264.0,59,244.252
2026-06-26T06:53:24.863975+00:00,scheduler,1,0,453.9,11264.0,29,3.173
2026-06-26T06:53:29.871532+00:00,scheduler,0,100,10955.9,11264.0,59,243.775
2026-06-26T06:53:29.871532+00:00,scheduler,1,0,453.9,11264.0,29,3.537
2026-06-26T06:53:34.878879+00:00,scheduler,0,100,10955.9,11264.0,59,253.365
2026-06-26T06:53:34.878879+00:00,scheduler,1,0,453.9,11264.0,29,3.424
2026-06-26T06:53:39.887131+00:00,scheduler,0,100,10955.9,11264.0,59,237.628
2026-06-26T06:53:39.887131+00:00,scheduler,1,0,453.9,11264.0,29,3.298
2026-06-26T06:53:44.897008+00:00,scheduler,0,100,10955.9,11264.0,59,245.852
2026-06-26T06:53:44.897008+00:00,scheduler,1,0,453.9,11264.0,29,3.495
2026-06-26T06:53:49.907465+00:00,scheduler,0,100,10955.9,11264.0,59,248.394
2026-06-26T06:53:49.907465+00:00,scheduler,1,0,453.9,11264.0,29,3.475
2026-06-26T06:53:54.915329+00:00,scheduler,0,100,10955.9,11264.0,59,242.616
2026-06-26T06:53:54.915329+00:00,scheduler,1,0,453.9,11264.0,29,3.836
2026-06-26T06:53:59.923035+00:00,scheduler,0,100,10955.9,11264.0,59,244.24
2026-06-26T06:53:59.923035+00:00,scheduler,1,0,453.9,11264.0,29,3.639
2026-06-26T06:54:04.933056+00:00,scheduler,0,100,10955.9,11264.0,59,246.734
2026-06-26T06:54:04.933056+00:00,scheduler,1,0,453.9,11264.0,29,3.504
2026-06-26T06:54:09.942223+00:00,scheduler,0,100,10955.9,11264.0,59,254.487
2026-06-26T06:54:09.942223+00:00,scheduler,1,0,453.9,11264.0,29,3.48
2026-06-26T06:54:14.952048+00:00,scheduler,0,100,10955.9,11264.0,59,243.432
2026-06-26T06:54:14.952048+00:00,scheduler,1,0,453.9,11264.0,29,3.272
2026-06-26T06:54:19.961795+00:00,scheduler,0,100,10955.9,11264.0,59,245.025
2026-06-26T06:54:19.961795+00:00,scheduler,1,0,453.9,11264.0,29,3.245
2026-06-26T06:54:24.970655+00:00,scheduler,0,100,10955.9,11264.0,59,245.098
2026-06-26T06:54:24.970655+00:00,scheduler,1,0,453.9,11264.0,29,3.588
2026-06-26T06:54:29.978036+00:00,scheduler,0,100,10955.9,11264.0,59,238.616
2026-06-26T06:54:29.978036+00:00,scheduler,1,0,453.9,11264.0,29,3.418
2026-06-26T06:54:34.985285+00:00,scheduler,0,100,10955.9,11264.0,59,246.154
2026-06-26T06:54:34.985285+00:00,scheduler,1,0,453.9,11264.0,29,3.456
2026-06-26T06:54:39.992717+00:00,scheduler,0,100,10955.9,11264.0,58,247.234
2026-06-26T06:54:39.992717+00:00,scheduler,1,0,453.9,11264.0,29,3.789
2026-06-26T06:54:45.003705+00:00,scheduler,0,100,10955.9,11264.0,59,254.36
2026-06-26T06:54:45.003705+00:00,scheduler,1,0,453.9,11264.0,29,3.522
2026-06-26T06:54:50.011909+00:00,scheduler,0,100,10955.9,11264.0,59,241.835
2026-06-26T06:54:50.011909+00:00,scheduler,1,0,453.9,11264.0,29,3.426
2026-06-26T06:54:55.020547+00:00,scheduler,0,100,10955.9,11264.0,58,244.73
2026-06-26T06:54:55.020547+00:00,scheduler,1,0,453.9,11264.0,29,3.053
2026-06-26T06:55:00.027923+00:00,scheduler,0,100,10955.9,11264.0,58,251.187
2026-06-26T06:55:00.027923+00:00,scheduler,1,0,453.9,11264.0,29,3.944
2026-06-26T06:55:05.037451+00:00,scheduler,0,100,10955.9,11264.0,59,248.762
2026-06-26T06:55:05.037451+00:00,scheduler,1,0,453.9,11264.0,29,3.436
2026-06-26T06:55:10.044887+00:00,scheduler,0,100,10955.9,11264.0,59,254.166
2026-06-26T06:55:10.044887+00:00,scheduler,1,0,453.9,11264.0,29,3.54
2026-06-26T06:55:15.055236+00:00,scheduler,0,100,10955.9,11264.0,59,237.589
2026-06-26T06:55:15.055236+00:00,scheduler,1,0,453.9,11264.0,29,3.4
2026-06-26T06:55:20.063762+00:00,scheduler,0,100,10955.9,11264.0,59,246.323
2026-06-26T06:55:20.063762+00:00,scheduler,1,0,453.9,11264.0,29,3.4
2026-06-26T06:55:25.074080+00:00,scheduler,0,100,10955.9,11264.0,59,248.246
2026-06-26T06:55:25.074080+00:00,scheduler,1,0,453.9,11264.0,29,3.267
2026-06-26T06:55:30.082383+00:00,scheduler,0,100,10955.9,11264.0,58,241.62
2026-06-26T06:55:30.082383+00:00,scheduler,1,0,453.9,11264.0,29,3.428
2026-06-26T06:55:35.094674+00:00,scheduler,0,100,10955.9,11264.0,59,246.158
2026-06-26T06:55:35.094674+00:00,scheduler,1,0,453.9,11264.0,29,3.241
2026-06-26T06:55:40.104539+00:00,scheduler,0,100,10955.9,11264.0,58,247.188
2026-06-26T06:55:40.104539+00:00,scheduler,1,0,453.9,11264.0,29,3.484
2026-06-26T06:55:45.118543+00:00,scheduler,0,100,10955.9,11264.0,59,254.687
2026-06-26T06:55:45.118543+00:00,scheduler,1,0,453.9,11264.0,29,3.154
2026-06-26T06:55:50.129472+00:00,scheduler,0,10,10955.9,11264.0,53,57.341
2026-06-26T06:55:50.129472+00:00,scheduler,1,0,453.9,11264.0,29,3.601
2026-06-26T06:55:55.136877+00:00,scheduler,0,94,5011.9,11264.0,53,85.361
2026-06-26T06:55:55.136877+00:00,scheduler,1,0,453.9,11264.0,29,3.486
2026-06-26T06:56:00.143997+00:00,scheduler,0,98,8789.9,11264.0,54,154.741
2026-06-26T06:56:00.143997+00:00,scheduler,1,0,453.9,11264.0,29,3.47
2026-06-26T06:56:05.150972+00:00,scheduler,0,11,2987.9,11264.0,51,84.225
2026-06-26T06:56:05.150972+00:00,scheduler,1,0,453.9,11264.0,29,3.521
2026-06-26T06:56:10.158205+00:00,scheduler,0,100,10953.9,11264.0,55,249.206
2026-06-26T06:56:10.158205+00:00,scheduler,1,0,453.9,11264.0,29,3.692
2026-06-26T06:56:15.166119+00:00,scheduler,0,100,10953.9,11264.0,56,255.38
2026-06-26T06:56:15.166119+00:00,scheduler,1,0,453.9,11264.0,29,3.427
2026-06-26T06:56:20.173517+00:00,scheduler,0,100,10955.9,11264.0,57,247.065
2026-06-26T06:56:20.173517+00:00,scheduler,1,0,453.9,11264.0,29,3.201
2026-06-26T06:56:25.180923+00:00,scheduler,0,100,10955.9,11264.0,57,238.136
2026-06-26T06:56:25.180923+00:00,scheduler,1,0,453.9,11264.0,29,4.061
2026-06-26T06:56:30.189027+00:00,scheduler,0,100,10955.9,11264.0,57,245.734
2026-06-26T06:56:30.189027+00:00,scheduler,1,0,453.9,11264.0,29,3.64
2026-06-26T06:56:35.199647+00:00,scheduler,0,100,10955.9,11264.0,58,250.218
2026-06-26T06:56:35.199647+00:00,scheduler,1,0,453.9,11264.0,29,3.707
2026-06-26T06:56:40.206996+00:00,scheduler,0,100,10955.9,11264.0,58,242.912
2026-06-26T06:56:40.206996+00:00,scheduler,1,0,453.9,11264.0,29,3.864
2026-06-26T06:56:45.214377+00:00,scheduler,0,100,10955.9,11264.0,58,246.451
2026-06-26T06:56:45.214377+00:00,scheduler,1,0,453.9,11264.0,29,3.916
2026-06-26T06:56:50.222095+00:00,scheduler,0,100,10955.9,11264.0,58,245.78
2026-06-26T06:56:50.222095+00:00,scheduler,1,0,453.9,11264.0,29,3.519
2026-06-26T06:56:55.231603+00:00,scheduler,0,100,10955.9,11264.0,58,242.488
2026-06-26T06:56:55.231603+00:00,scheduler,1,0,453.9,11264.0,29,3.527
2026-06-26T06:57:00.239058+00:00,scheduler,0,100,10955.9,11264.0,58,245.38
2026-06-26T06:57:00.239058+00:00,scheduler,1,0,453.9,11264.0,29,3.825
2026-06-26T06:57:05.246410+00:00,scheduler,0,100,10955.9,11264.0,58,246.324
2026-06-26T06:57:05.246410+00:00,scheduler,1,0,453.9,11264.0,29,3.387
2026-06-26T06:57:10.258074+00:00,scheduler,0,100,10955.9,11264.0,58,239.257
2026-06-26T06:57:10.258074+00:00,scheduler,1,0,453.9,11264.0,29,3.908
2026-06-26T06:57:15.266596+00:00,scheduler,0,100,10955.9,11264.0,58,256.135
2026-06-26T06:57:15.266596+00:00,scheduler,1,0,453.9,11264.0,29,3.34
2026-06-26T06:57:20.274219+00:00,scheduler,0,100,10955.9,11264.0,58,236.794
2026-06-26T06:57:20.274219+00:00,scheduler,1,0,453.9,11264.0,29,2.997
2026-06-26T06:57:25.281824+00:00,scheduler,0,100,10955.9,11264.0,58,248.536
2026-06-26T06:57:25.281824+00:00,scheduler,1,0,453.9,11264.0,29,3.488
2026-06-26T06:57:30.289310+00:00,scheduler,0,100,10955.9,11264.0,58,247.38
2026-06-26T06:57:30.289310+00:00,scheduler,1,0,453.9,11264.0,29,2.713
2026-06-26T06:57:35.297266+00:00,scheduler,0,100,10955.9,11264.0,59,252.104
2026-06-26T06:57:35.297266+00:00,scheduler,1,0,453.9,11264.0,29,3.215
2026-06-26T06:57:40.304649+00:00,scheduler,0,100,10955.9,11264.0,59,250.218
2026-06-26T06:57:40.304649+00:00,scheduler,1,0,453.9,11264.0,29,2.981
2026-06-26T06:57:45.312103+00:00,scheduler,0,100,10955.9,11264.0,59,247.636
2026-06-26T06:57:45.312103+00:00,scheduler,1,0,453.9,11264.0,29,3.544
2026-06-26T06:57:50.319519+00:00,scheduler,0,100,10955.9,11264.0,59,246.778
2026-06-26T06:57:50.319519+00:00,scheduler,1,0,453.9,11264.0,29,3.36
2026-06-26T06:57:55.327007+00:00,scheduler,0,100,10955.9,11264.0,59,244.996
2026-06-26T06:57:55.327007+00:00,scheduler,1,0,453.9,11264.0,29,3.136
2026-06-26T06:58:00.334309+00:00,scheduler,0,100,10955.9,11264.0,59,256.842
2026-06-26T06:58:00.334309+00:00,scheduler,1,0,453.9,11264.0,29,3.366
2026-06-26T06:58:05.344129+00:00,scheduler,0,100,10955.9,11264.0,59,239.213
2026-06-26T06:58:05.344129+00:00,scheduler,1,0,453.9,11264.0,29,3.268
2026-06-26T06:58:10.351580+00:00,scheduler,0,100,10955.9,11264.0,58,241.088
2026-06-26T06:58:10.351580+00:00,scheduler,1,0,453.9,11264.0,29,3.314
2026-06-26T06:58:15.359359+00:00,scheduler,0,100,10955.9,11264.0,58,249.113
2026-06-26T06:58:15.359359+00:00,scheduler,1,0,453.9,11264.0,29,3.38
2026-06-26T06:58:20.366862+00:00,scheduler,0,100,10955.9,11264.0,59,251.655
2026-06-26T06:58:20.366862+00:00,scheduler,1,0,453.9,11264.0,29,3.06
2026-06-26T06:58:25.374315+00:00,scheduler,0,100,10955.9,11264.0,59,244.461
2026-06-26T06:58:25.374315+00:00,scheduler,1,0,453.9,11264.0,29,3.308
2026-06-26T06:58:30.383196+00:00,scheduler,0,100,10955.9,11264.0,58,244.934
2026-06-26T06:58:30.383196+00:00,scheduler,1,0,453.9,11264.0,29,3.531
2026-06-26T06:58:35.392451+00:00,scheduler,0,100,10955.9,11264.0,59,257.177
2026-06-26T06:58:35.392451+00:00,scheduler,1,0,453.9,11264.0,29,2.885
2026-06-26T06:58:40.399660+00:00,scheduler,0,100,10955.9,11264.0,59,249.55
2026-06-26T06:58:40.399660+00:00,scheduler,1,0,453.9,11264.0,29,3.02
2026-06-26T06:58:45.407017+00:00,scheduler,0,100,10955.9,11264.0,59,244.703
2026-06-26T06:58:45.407017+00:00,scheduler,1,0,453.9,11264.0,29,3.003
2026-06-26T06:58:50.414378+00:00,scheduler,0,100,10955.9,11264.0,59,246.024
2026-06-26T06:58:50.414378+00:00,scheduler,1,0,453.9,11264.0,29,3.111
2026-06-26T06:58:55.421707+00:00,scheduler,0,100,10955.9,11264.0,58,254.689
2026-06-26T06:58:55.421707+00:00,scheduler,1,0,453.9,11264.0,29,3.054
2026-06-26T06:59:00.429780+00:00,scheduler,0,100,10955.9,11264.0,58,245.271
2026-06-26T06:59:00.429780+00:00,scheduler,1,0,453.9,11264.0,29,3.743
2026-06-26T06:59:05.441463+00:00,scheduler,0,100,10955.9,11264.0,58,245.975
2026-06-26T06:59:05.441463+00:00,scheduler,1,0,453.9,11264.0,29,3.7
2026-06-26T06:59:10.451401+00:00,scheduler,0,100,10955.9,11264.0,58,253.62
2026-06-26T06:59:10.451401+00:00,scheduler,1,0,453.9,11264.0,29,3.379
2026-06-26T06:59:15.462164+00:00,scheduler,0,100,10955.9,11264.0,59,247.265
2026-06-26T06:59:15.462164+00:00,scheduler,1,0,453.9,11264.0,29,3.132
2026-06-26T06:59:20.471095+00:00,scheduler,0,100,10955.9,11264.0,59,246.474
2026-06-26T06:59:20.471095+00:00,scheduler,1,0,453.9,11264.0,29,3.787
2026-06-26T06:59:25.478858+00:00,scheduler,0,100,10955.9,11264.0,59,246.515
2026-06-26T06:59:25.478858+00:00,scheduler,1,0,453.9,11264.0,29,3.431
2026-06-26T06:59:30.488535+00:00,scheduler,0,100,10955.9,11264.0,59,256.542
2026-06-26T06:59:30.488535+00:00,scheduler,1,0,453.9,11264.0,29,3.286
2026-06-26T06:59:35.499836+00:00,scheduler,0,100,10955.9,11264.0,58,244.459
2026-06-26T06:59:35.499836+00:00,scheduler,1,0,453.9,11264.0,29,3.328
2026-06-26T06:59:40.513560+00:00,scheduler,0,100,10955.9,11264.0,59,248.99
2026-06-26T06:59:40.513560+00:00,scheduler,1,0,453.9,11264.0,29,2.828
2026-06-26T06:59:45.521163+00:00,scheduler,0,100,10955.9,11264.0,59,253.599
2026-06-26T06:59:45.521163+00:00,scheduler,1,0,453.9,11264.0,29,3.38
2026-06-26T06:59:50.528729+00:00,scheduler,0,100,10955.9,11264.0,59,236.915
2026-06-26T06:59:50.528729+00:00,scheduler,1,0,453.9,11264.0,29,3.071
2026-06-26T06:59:55.536179+00:00,scheduler,0,100,10955.9,11264.0,59,246.93
2026-06-26T06:59:55.536179+00:00,scheduler,1,0,453.9,11264.0,29,3.629
2026-06-26T07:00:00.544034+00:00,scheduler,0,100,10955.9,11264.0,59,247.64
2026-06-26T07:00:00.544034+00:00,scheduler,1,0,453.9,11264.0,29,2.993
2026-06-26T07:00:05.552417+00:00,scheduler,0,100,10955.9,11264.0,58,253.077
2026-06-26T07:00:05.552417+00:00,scheduler,1,0,453.9,11264.0,29,3.042
2026-06-26T07:00:10.559877+00:00,scheduler,0,100,10955.9,11264.0,59,246.084
2026-06-26T07:00:10.559877+00:00,scheduler,1,0,453.9,11264.0,29,3.095
2026-06-26T07:00:15.567983+00:00,scheduler,0,100,10955.9,11264.0,59,250.199
2026-06-26T07:00:15.567983+00:00,scheduler,1,0,453.9,11264.0,29,3.503
2026-06-26T07:00:20.575580+00:00,scheduler,0,100,10955.9,11264.0,58,247.357
2026-06-26T07:00:20.575580+00:00,scheduler,1,0,453.9,11264.0,29,3.874
2026-06-26T07:00:25.583056+00:00,scheduler,0,100,10955.9,11264.0,59,241.104
2026-06-26T07:00:25.583056+00:00,scheduler,1,0,453.9,11264.0,29,2.998
2026-06-26T07:00:30.590418+00:00,scheduler,0,100,10955.9,11264.0,59,252.886
2026-06-26T07:00:30.590418+00:00,scheduler,1,0,453.9,11264.0,29,3.597
2026-06-26T07:00:35.597826+00:00,scheduler,0,100,10955.9,11264.0,58,238.392
2026-06-26T07:00:35.597826+00:00,scheduler,1,0,453.9,11264.0,29,3.14
2026-06-26T07:00:40.606667+00:00,scheduler,0,100,10955.9,11264.0,59,239.36
2026-06-26T07:00:40.606667+00:00,scheduler,1,0,453.9,11264.0,29,3.36
2026-06-26T07:00:45.615845+00:00,scheduler,0,100,10955.9,11264.0,58,247.426
2026-06-26T07:00:45.615845+00:00,scheduler,1,0,453.9,11264.0,29,3.262
2026-06-26T07:00:50.623302+00:00,scheduler,0,100,10955.9,11264.0,59,243.612
2026-06-26T07:00:50.623302+00:00,scheduler,1,0,453.9,11264.0,29,2.971
2026-06-26T07:00:55.630619+00:00,scheduler,0,100,10955.9,11264.0,59,244.595
2026-06-26T07:00:55.630619+00:00,scheduler,1,0,453.9,11264.0,29,2.91
2026-06-26T07:01:00.638048+00:00,scheduler,0,100,10955.9,11264.0,59,247.474
2026-06-26T07:01:00.638048+00:00,scheduler,1,0,453.9,11264.0,29,3.008
2026-06-26T07:01:05.645451+00:00,scheduler,0,100,10955.9,11264.0,58,255.602
2026-06-26T07:01:05.645451+00:00,scheduler,1,0,453.9,11264.0,29,3.389
2026-06-26T07:01:10.655099+00:00,scheduler,0,100,10955.9,11264.0,59,250.443
2026-06-26T07:01:10.655099+00:00,scheduler,1,0,453.9,11264.0,29,3.283
2026-06-26T07:01:15.662654+00:00,scheduler,0,100,10955.9,11264.0,59,242.481
2026-06-26T07:01:15.662654+00:00,scheduler,1,0,453.9,11264.0,29,3.633
2026-06-26T07:01:20.672201+00:00,scheduler,0,100,10955.9,11264.0,59,242.436
2026-06-26T07:01:20.672201+00:00,scheduler,1,0,453.9,11264.0,29,3.173
2026-06-26T07:01:25.679473+00:00,scheduler,0,100,10955.9,11264.0,59,248.194
2026-06-26T07:01:25.679473+00:00,scheduler,1,0,453.9,11264.0,29,3.019
2026-06-26T07:01:30.686865+00:00,scheduler,0,100,10955.9,11264.0,59,246.107
2026-06-26T07:01:30.686865+00:00,scheduler,1,0,453.9,11264.0,29,3.119
2026-06-26T07:01:35.695869+00:00,scheduler,0,100,10955.9,11264.0,59,245.648
2026-06-26T07:01:35.695869+00:00,scheduler,1,0,453.9,11264.0,29,3.302
2026-06-26T07:01:40.703610+00:00,scheduler,0,100,10955.9,11264.0,59,249.369
2026-06-26T07:01:40.703610+00:00,scheduler,1,0,453.9,11264.0,29,3.291
2026-06-26T07:01:45.711057+00:00,scheduler,0,100,10955.9,11264.0,59,248.161
2026-06-26T07:01:45.711057+00:00,scheduler,1,0,453.9,11264.0,29,3.922
2026-06-26T07:01:50.720536+00:00,scheduler,0,45,10955.9,11264.0,55,86.276
2026-06-26T07:01:50.720536+00:00,scheduler,1,0,453.9,11264.0,29,2.549
2026-06-26T07:01:55.727614+00:00,scheduler,0,12,913.9,11264.0,52,58.554
2026-06-26T07:01:55.727614+00:00,scheduler,1,0,453.9,11264.0,29,3.262
2026-06-26T07:02:05.691922+00:00,scheduler,0,0,913.9,11264.0,49,56.795
2026-06-26T07:02:05.691922+00:00,scheduler,1,0,453.9,11264.0,29,2.67
2026-06-26T07:02:10.701057+00:00,scheduler,0,0,691.9,11264.0,48,56.748
2026-06-26T07:02:10.701057+00:00,scheduler,1,0,453.9,11264.0,29,3.046
2026-06-26T07:02:15.708323+00:00,scheduler,0,0,691.9,11264.0,46,4.357
2026-06-26T07:02:15.708323+00:00,scheduler,1,0,453.9,11264.0,29,3.615
2026-06-26T07:02:20.719784+00:00,scheduler,0,0,691.9,11264.0,44,4.409
2026-06-26T07:02:20.719784+00:00,scheduler,1,0,453.9,11264.0,29,3.086
2026-06-26T07:02:25.730857+00:00,scheduler,0,0,691.9,11264.0,43,4.461
2026-06-26T07:02:25.730857+00:00,scheduler,1,0,453.9,11264.0,29,3.401
2026-06-26T07:02:30.742044+00:00,scheduler,0,0,691.9,11264.0,42,3.293
2026-06-26T07:02:30.742044+00:00,scheduler,1,0,453.9,11264.0,29,2.889
2026-06-26T07:02:35.752932+00:00,scheduler,0,0,691.9,11264.0,41,3.582
2026-06-26T07:02:35.752932+00:00,scheduler,1,0,453.9,11264.0,29,3.366
2026-06-26T07:02:40.763901+00:00,scheduler,0,0,691.9,11264.0,40,3.448
2026-06-26T07:02:40.763901+00:00,scheduler,1,0,453.9,11264.0,29,3.495
2026-06-26T07:02:45.774757+00:00,scheduler,0,0,691.9,11264.0,40,3.857
2026-06-26T07:02:45.774757+00:00,scheduler,1,0,453.9,11264.0,29,3.537
2026-06-26T07:02:50.785702+00:00,scheduler,0,0,691.9,11264.0,39,4.326
2026-06-26T07:02:50.785702+00:00,scheduler,1,0,453.9,11264.0,29,3.308
2026-06-26T07:02:55.796628+00:00,scheduler,0,0,691.9,11264.0,39,3.93
2026-06-26T07:02:55.796628+00:00,scheduler,1,0,453.9,11264.0,29,3.602
2026-06-26T07:03:00.807216+00:00,scheduler,0,0,691.9,11264.0,38,3.063
2026-06-26T07:03:00.807216+00:00,scheduler,1,0,453.9,11264.0,29,3.579
2026-06-26T07:03:05.818186+00:00,scheduler,0,0,691.9,11264.0,38,2.93
2026-06-26T07:03:05.818186+00:00,scheduler,1,0,453.9,11264.0,29,3.835
2026-06-26T07:03:10.829041+00:00,scheduler,0,0,691.9,11264.0,37,3.134
2026-06-26T07:03:10.829041+00:00,scheduler,1,0,453.9,11264.0,29,3.504
2026-06-26T07:03:15.839778+00:00,scheduler,0,0,691.9,11264.0,37,2.922
2026-06-26T07:03:15.839778+00:00,scheduler,1,0,453.9,11264.0,29,3.645
2026-06-26T07:03:20.850558+00:00,scheduler,0,0,691.9,11264.0,37,3.165
2026-06-26T07:03:20.850558+00:00,scheduler,1,0,453.9,11264.0,29,2.916
2026-06-26T07:03:25.861609+00:00,scheduler,0,0,691.9,11264.0,36,2.91
2026-06-26T07:03:25.861609+00:00,scheduler,1,0,453.9,11264.0,29,3.503
2026-06-26T07:03:30.872392+00:00,scheduler,0,0,691.9,11264.0,36,3.184
2026-06-26T07:03:30.872392+00:00,scheduler,1,0,453.9,11264.0,29,3.373
2026-06-26T07:03:35.883150+00:00,scheduler,0,0,691.9,11264.0,36,2.7
2026-06-26T07:03:35.883150+00:00,scheduler,1,0,453.9,11264.0,29,3.562
2026-06-26T07:03:40.893961+00:00,scheduler,0,0,691.9,11264.0,36,3.691
2026-06-26T07:03:40.893961+00:00,scheduler,1,0,453.9,11264.0,29,3.662
2026-06-26T07:03:45.904554+00:00,scheduler,0,0,691.9,11264.0,35,2.368
2026-06-26T07:03:45.904554+00:00,scheduler,1,0,453.9,11264.0,29,3.325
2026-06-26T07:03:50.915091+00:00,scheduler,0,0,691.9,11264.0,35,3.047
2026-06-26T07:03:50.915091+00:00,scheduler,1,0,453.9,11264.0,29,3.197
2026-06-26T07:03:55.925972+00:00,scheduler,0,0,691.9,11264.0,35,2.754
2026-06-26T07:03:55.925972+00:00,scheduler,1,0,453.9,11264.0,29,3.622
2026-06-26T07:04:00.936695+00:00,scheduler,0,0,691.9,11264.0,35,3.435
2026-06-26T07:04:00.936695+00:00,scheduler,1,0,453.9,11264.0,29,2.958
2026-06-26T07:04:05.947870+00:00,scheduler,0,0,691.9,11264.0,35,3.622
2026-06-26T07:04:05.947870+00:00,scheduler,1,0,453.9,11264.0,29,2.777
2026-06-26T07:04:10.958783+00:00,scheduler,0,0,691.9,11264.0,35,3.303
2026-06-26T07:04:10.958783+00:00,scheduler,1,0,453.9,11264.0,29,3.407
2026-06-26T07:04:15.969705+00:00,scheduler,0,0,691.9,11264.0,35,3.504
2026-06-26T07:04:15.969705+00:00,scheduler,1,0,453.9,11264.0,29,2.929
2026-06-26T07:04:20.980680+00:00,scheduler,0,0,691.9,11264.0,34,3.323
2026-06-26T07:04:20.980680+00:00,scheduler,1,0,453.9,11264.0,29,3.332
2026-06-26T07:04:25.991630+00:00,scheduler,0,0,691.9,11264.0,34,3.41
2026-06-26T07:04:25.991630+00:00,scheduler,1,0,453.9,11264.0,29,2.998
2026-06-26T07:04:31.002446+00:00,scheduler,0,0,691.9,11264.0,34,3.426
2026-06-26T07:04:31.002446+00:00,scheduler,1,0,453.9,11264.0,29,3.2
2026-06-26T07:04:36.033194+00:00,scheduler,0,0,691.9,11264.0,34,2.631
2026-06-26T07:04:36.033194+00:00,scheduler,1,0,453.9,11264.0,29,3.135
2026-06-26T07:04:41.044666+00:00,scheduler,0,0,691.9,11264.0,34,3.224
2026-06-26T07:04:41.044666+00:00,scheduler,1,0,453.9,11264.0,29,3.546
2026-06-26T07:04:46.055347+00:00,scheduler,0,0,691.9,11264.0,34,3.082
2026-06-26T07:04:46.055347+00:00,scheduler,1,0,453.9,11264.0,29,3.33
2026-06-26T07:04:51.066110+00:00,scheduler,0,0,691.9,11264.0,34,3.757
2026-06-26T07:04:51.066110+00:00,scheduler,1,0,453.9,11264.0,29,3.506
2026-06-26T07:04:56.077846+00:00,scheduler,0,0,691.9,11264.0,34,3.071
2026-06-26T07:04:56.077846+00:00,scheduler,1,0,453.9,11264.0,29,3.394
2026-06-26T07:05:01.088631+00:00,scheduler,0,0,691.9,11264.0,34,3.606
2026-06-26T07:05:01.088631+00:00,scheduler,1,0,453.9,11264.0,29,3.462
2026-06-26T07:05:06.099365+00:00,scheduler,0,0,691.9,11264.0,34,3.411
2026-06-26T07:05:06.099365+00:00,scheduler,1,0,453.9,11264.0,29,3.652
2026-06-26T07:05:11.110029+00:00,scheduler,0,0,691.9,11264.0,34,3.128
2026-06-26T07:05:11.110029+00:00,scheduler,1,0,453.9,11264.0,29,3.398
2026-06-26T07:05:16.120717+00:00,scheduler,0,0,691.9,11264.0,33,3.49
2026-06-26T07:05:16.120717+00:00,scheduler,1,0,453.9,11264.0,29,3.254
2026-06-26T07:05:21.131632+00:00,scheduler,0,0,691.9,11264.0,33,2.805
2026-06-26T07:05:21.131632+00:00,scheduler,1,0,453.9,11264.0,29,3.25
2026-06-26T07:05:26.142481+00:00,scheduler,0,0,691.9,11264.0,33,3.14
2026-06-26T07:05:26.142481+00:00,scheduler,1,0,453.9,11264.0,29,3.515
2026-06-26T07:05:31.153250+00:00,scheduler,0,0,691.9,11264.0,33,3.123
2026-06-26T07:05:31.153250+00:00,scheduler,1,0,453.9,11264.0,29,3.041
2026-06-26T07:05:36.164241+00:00,scheduler,0,0,691.9,11264.0,33,3.125
2026-06-26T07:05:36.164241+00:00,scheduler,1,0,453.9,11264.0,29,3.4
2026-06-26T07:05:41.174978+00:00,scheduler,0,0,691.9,11264.0,33,3.145
2026-06-26T07:05:41.174978+00:00,scheduler,1,0,453.9,11264.0,29,3.07
2026-06-26T07:05:46.185539+00:00,scheduler,0,0,691.9,11264.0,33,2.888
2026-06-26T07:05:46.185539+00:00,scheduler,1,0,453.9,11264.0,29,3.52
2026-06-26T07:05:51.196355+00:00,scheduler,0,0,691.9,11264.0,33,2.728
2026-06-26T07:05:51.196355+00:00,scheduler,1,0,453.9,11264.0,29,3.187
2026-06-26T07:05:56.207078+00:00,scheduler,0,0,691.9,11264.0,33,3.256
2026-06-26T07:05:56.207078+00:00,scheduler,1,0,453.9,11264.0,29,3.273
2026-06-26T07:06:01.217881+00:00,scheduler,0,0,691.9,11264.0,33,2.817
2026-06-26T07:06:01.217881+00:00,scheduler,1,0,453.9,11264.0,29,2.773
2026-06-26T07:06:06.229016+00:00,scheduler,0,0,691.9,11264.0,33,3.471
2026-06-26T07:06:06.229016+00:00,scheduler,1,0,453.9,11264.0,29,3.597
2026-06-26T07:06:11.239717+00:00,scheduler,0,0,691.9,11264.0,33,2.829
2026-06-26T07:06:11.239717+00:00,scheduler,1,0,453.9,11264.0,29,3.033
2026-06-26T07:06:16.250553+00:00,scheduler,0,0,691.9,11264.0,33,3.031
2026-06-26T07:06:16.250553+00:00,scheduler,1,0,453.9,11264.0,29,3.454
2026-06-26T07:06:21.261404+00:00,scheduler,0,0,691.9,11264.0,33,2.948
2026-06-26T07:06:21.261404+00:00,scheduler,1,0,453.9,11264.0,29,3.144
2026-06-26T07:06:26.271974+00:00,scheduler,0,0,691.9,11264.0,33,3.241
2026-06-26T07:06:26.271974+00:00,scheduler,1,0,453.9,11264.0,29,3.3
2026-06-26T07:06:31.282636+00:00,scheduler,0,0,691.9,11264.0,33,3.326
2026-06-26T07:06:31.282636+00:00,scheduler,1,0,453.9,11264.0,29,3.53
2026-06-26T07:06:36.293577+00:00,scheduler,0,0,691.9,11264.0,33,3.105
2026-06-26T07:06:36.293577+00:00,scheduler,1,0,453.9,11264.0,29,2.846
2026-06-26T07:06:41.304839+00:00,scheduler,0,0,691.9,11264.0,33,2.974
2026-06-26T07:06:41.304839+00:00,scheduler,1,0,609.9,11264.0,32,50.702
2026-06-26T07:06:46.313662+00:00,scheduler,0,0,691.9,11264.0,33,3.554
2026-06-26T07:06:46.313662+00:00,scheduler,1,0,609.9,11264.0,33,50.993
2026-06-26T07:06:51.322338+00:00,scheduler,0,0,691.9,11264.0,33,2.945
2026-06-26T07:06:51.322338+00:00,scheduler,1,0,609.9,11264.0,33,51.543
2026-06-26T07:06:56.331234+00:00,scheduler,0,0,691.9,11264.0,33,3.48
2026-06-26T07:06:56.331234+00:00,scheduler,1,0,609.9,11264.0,32,4.181
2026-06-26T07:07:01.343537+00:00,scheduler,0,0,691.9,11264.0,33,3.363
2026-06-26T07:07:01.343537+00:00,scheduler,1,0,609.9,11264.0,31,3.339
2026-06-26T07:07:06.356139+00:00,scheduler,0,0,691.9,11264.0,32,3.131
2026-06-26T07:07:06.356139+00:00,scheduler,1,0,609.9,11264.0,31,3.561
2026-06-26T07:07:11.368698+00:00,scheduler,0,0,691.9,11264.0,32,3.51
2026-06-26T07:07:11.368698+00:00,scheduler,1,0,609.9,11264.0,30,3.61
2026-06-26T07:07:16.381059+00:00,scheduler,0,0,691.9,11264.0,32,3.546
2026-06-26T07:07:16.381059+00:00,scheduler,1,0,609.9,11264.0,30,3.468
2026-06-26T07:07:21.393413+00:00,scheduler,0,0,691.9,11264.0,32,3.489
2026-06-26T07:07:21.393413+00:00,scheduler,1,0,609.9,11264.0,30,3.919
2026-06-26T07:07:26.405858+00:00,scheduler,0,0,691.9,11264.0,32,3.192
2026-06-26T07:07:26.405858+00:00,scheduler,1,0,609.9,11264.0,30,3.279
2026-06-26T07:07:31.418150+00:00,scheduler,0,0,691.9,11264.0,32,3.418
2026-06-26T07:07:31.418150+00:00,scheduler,1,2,3449.9,11264.0,33,51.333
2026-06-26T07:07:36.426640+00:00,scheduler,0,0,691.9,11264.0,32,3.16
2026-06-26T07:07:36.426640+00:00,scheduler,1,3,4845.9,11264.0,34,51.954
2026-06-26T07:07:41.435308+00:00,scheduler,0,0,691.9,11264.0,32,3.903
2026-06-26T07:07:41.435308+00:00,scheduler,1,3,6233.9,11264.0,34,51.767
2026-06-26T07:07:46.448542+00:00,scheduler,0,0,691.9,11264.0,32,3.492
2026-06-26T07:07:46.448542+00:00,scheduler,1,2,7785.9,11264.0,35,51.481
2026-06-26T07:07:51.457182+00:00,scheduler,0,0,691.9,11264.0,32,3.526
2026-06-26T07:07:51.457182+00:00,scheduler,1,99,8771.9,11264.0,38,71.895
2026-06-26T07:07:56.465849+00:00,scheduler,0,0,691.9,11264.0,32,3.601
2026-06-26T07:07:56.465849+00:00,scheduler,1,11,8771.9,11264.0,36,51.724
2026-06-26T07:08:01.474806+00:00,scheduler,0,0,691.9,11264.0,32,3.128
2026-06-26T07:08:01.474806+00:00,scheduler,1,2,1971.9,11264.0,36,51.839
2026-06-26T07:08:06.484307+00:00,scheduler,0,0,691.9,11264.0,32,3.104
2026-06-26T07:08:06.484307+00:00,scheduler,1,2,2907.9,11264.0,36,51.752
2026-06-26T07:08:11.492863+00:00,scheduler,0,0,691.9,11264.0,32,3.315
2026-06-26T07:08:11.492863+00:00,scheduler,1,3,4527.9,11264.0,37,51.529
2026-06-26T07:08:16.501646+00:00,scheduler,0,0,691.9,11264.0,32,3.511
2026-06-26T07:08:16.501646+00:00,scheduler,1,3,6003.9,11264.0,37,51.281
2026-06-26T07:08:21.510269+00:00,scheduler,0,0,691.9,11264.0,32,3.312
2026-06-26T07:08:21.510269+00:00,scheduler,1,2,7335.9,11264.0,37,51.288
2026-06-26T07:08:26.519102+00:00,scheduler,0,0,691.9,11264.0,32,2.95
2026-06-26T07:08:26.519102+00:00,scheduler,1,85,10925.9,11264.0,44,240.979
2026-06-26T07:08:31.530908+00:00,scheduler,0,0,691.9,11264.0,32,3.611
2026-06-26T07:08:31.530908+00:00,scheduler,1,100,10927.9,11264.0,46,248.118
2026-06-26T07:08:36.540865+00:00,scheduler,0,0,691.9,11264.0,32,2.819
2026-06-26T07:08:36.540865+00:00,scheduler,1,100,10927.9,11264.0,47,246.051
2026-06-26T07:08:41.553398+00:00,scheduler,0,0,691.9,11264.0,32,3.498
2026-06-26T07:08:41.553398+00:00,scheduler,1,100,10927.9,11264.0,48,254.119
2026-06-26T07:08:46.563802+00:00,scheduler,0,0,691.9,11264.0,32,4.14
2026-06-26T07:08:46.563802+00:00,scheduler,1,100,10927.9,11264.0,49,242.255
2026-06-26T07:08:51.579514+00:00,scheduler,0,0,691.9,11264.0,32,3.268
2026-06-26T07:08:51.579514+00:00,scheduler,1,100,10927.9,11264.0,50,241.982
2026-06-26T07:08:56.592677+00:00,scheduler,0,0,691.9,11264.0,32,3.622
2026-06-26T07:08:56.592677+00:00,scheduler,1,100,10927.9,11264.0,51,254.284
2026-06-26T07:09:01.604527+00:00,scheduler,0,0,691.9,11264.0,32,3.433
2026-06-26T07:09:01.604527+00:00,scheduler,1,100,10927.9,11264.0,52,247.202
2026-06-26T07:09:06.613351+00:00,scheduler,0,0,691.9,11264.0,32,3.594
2026-06-26T07:09:06.613351+00:00,scheduler,1,100,10927.9,11264.0,53,247.0
2026-06-26T07:09:11.624392+00:00,scheduler,0,0,691.9,11264.0,32,3.642
2026-06-26T07:09:11.624392+00:00,scheduler,1,100,10927.9,11264.0,54,250.422
2026-06-26T07:09:16.633236+00:00,scheduler,0,0,691.9,11264.0,32,3.677
2026-06-26T07:09:16.633236+00:00,scheduler,1,100,10927.9,11264.0,54,247.041
2026-06-26T07:09:21.641855+00:00,scheduler,0,0,691.9,11264.0,32,4.11
2026-06-26T07:09:21.641855+00:00,scheduler,1,100,10927.9,11264.0,55,252.123
2026-06-26T07:09:26.654255+00:00,scheduler,0,0,691.9,11264.0,32,3.505
2026-06-26T07:09:26.654255+00:00,scheduler,1,100,10927.9,11264.0,55,249.188
2026-06-26T07:09:31.663025+00:00,scheduler,0,0,691.9,11264.0,32,2.4
2026-06-26T07:09:31.663025+00:00,scheduler,1,100,10927.9,11264.0,56,252.492
2026-06-26T07:09:36.671862+00:00,scheduler,0,0,691.9,11264.0,32,2.476
2026-06-26T07:09:36.671862+00:00,scheduler,1,100,10927.9,11264.0,56,248.233
2026-06-26T07:09:41.680964+00:00,scheduler,0,0,691.9,11264.0,32,2.49
2026-06-26T07:09:41.680964+00:00,scheduler,1,100,10927.9,11264.0,56,250.111
2026-06-26T07:09:46.689841+00:00,scheduler,0,0,691.9,11264.0,32,2.787
2026-06-26T07:09:46.689841+00:00,scheduler,1,100,10927.9,11264.0,57,250.021
2026-06-26T07:09:51.698655+00:00,scheduler,0,0,691.9,11264.0,32,2.667
2026-06-26T07:09:51.698655+00:00,scheduler,1,100,10927.9,11264.0,57,250.032
2026-06-26T07:09:56.707536+00:00,scheduler,0,0,691.9,11264.0,32,2.736
2026-06-26T07:09:56.707536+00:00,scheduler,1,100,10927.9,11264.0,57,255.608
2026-06-26T07:10:01.716453+00:00,scheduler,0,0,691.9,11264.0,32,2.202
2026-06-26T07:10:01.716453+00:00,scheduler,1,100,10927.9,11264.0,57,247.418
2026-06-26T07:10:06.725433+00:00,scheduler,0,0,691.9,11264.0,32,2.487
2026-06-26T07:10:06.725433+00:00,scheduler,1,100,10927.9,11264.0,57,257.252
2026-06-26T07:10:11.734387+00:00,scheduler,0,0,691.9,11264.0,32,2.245
2026-06-26T07:10:11.734387+00:00,scheduler,1,100,10927.9,11264.0,57,246.8
2026-06-26T07:10:16.743053+00:00,scheduler,0,0,691.9,11264.0,32,2.585
2026-06-26T07:10:16.743053+00:00,scheduler,1,100,10927.9,11264.0,57,245.284
2026-06-26T07:10:21.751801+00:00,scheduler,0,0,691.9,11264.0,32,2.282
2026-06-26T07:10:21.751801+00:00,scheduler,1,100,10927.9,11264.0,57,241.941
2026-06-26T07:10:26.760546+00:00,scheduler,0,0,691.9,11264.0,32,2.176
2026-06-26T07:10:26.760546+00:00,scheduler,1,100,10927.9,11264.0,57,245.82
2026-06-26T07:10:31.769439+00:00,scheduler,0,0,691.9,11264.0,32,2.262
2026-06-26T07:10:31.769439+00:00,scheduler,1,100,10927.9,11264.0,57,254.527
2026-06-26T07:10:36.835877+00:00,scheduler,0,0,691.9,11264.0,32,2.506
2026-06-26T07:10:36.835877+00:00,scheduler,1,1,10927.9,11264.0,51,56.087
2026-06-26T07:10:42.120524+00:00,scheduler,0,0,691.9,11264.0,32,2.209
2026-06-26T07:10:42.120524+00:00,scheduler,1,1,10927.9,11264.0,49,55.55
2026-06-26T07:10:47.133461+00:00,scheduler,0,0,691.9,11264.0,32,2.181
2026-06-26T07:10:47.133461+00:00,scheduler,1,2,10927.9,11264.0,47,54.972
2026-06-26T07:10:52.148837+00:00,scheduler,0,0,691.9,11264.0,32,2.545
2026-06-26T07:10:52.148837+00:00,scheduler,1,1,10927.9,11264.0,46,54.902
2026-06-26T07:10:57.161341+00:00,scheduler,0,0,691.9,11264.0,32,2.373
2026-06-26T07:10:57.161341+00:00,scheduler,1,1,10927.9,11264.0,45,53.445
2026-06-26T07:11:02.174122+00:00,scheduler,0,0,691.9,11264.0,32,2.994
2026-06-26T07:11:02.174122+00:00,scheduler,1,2,10927.9,11264.0,45,53.746
2026-06-26T07:11:07.183109+00:00,scheduler,0,0,691.9,11264.0,32,2.448
2026-06-26T07:11:07.183109+00:00,scheduler,1,1,10927.9,11264.0,44,54.164
2026-06-26T07:11:12.194731+00:00,scheduler,0,0,691.9,11264.0,32,2.865
2026-06-26T07:11:12.194731+00:00,scheduler,1,1,10927.9,11264.0,43,53.75
2026-06-26T07:11:17.211723+00:00,scheduler,0,0,691.9,11264.0,32,2.441
2026-06-26T07:11:17.211723+00:00,scheduler,1,2,905.9,11264.0,44,72.601
2026-06-26T07:11:22.220070+00:00,scheduler,0,0,691.9,11264.0,32,3.012
2026-06-26T07:11:22.220070+00:00,scheduler,1,0,885.9,11264.0,44,53.642
2026-06-26T07:11:27.230018+00:00,scheduler,0,0,691.9,11264.0,32,2.681
2026-06-26T07:11:27.230018+00:00,scheduler,1,0,885.9,11264.0,43,53.241
2026-06-26T07:11:32.238843+00:00,scheduler,0,0,691.9,11264.0,32,3.028
2026-06-26T07:11:32.238843+00:00,scheduler,1,0,885.9,11264.0,42,53.087
2026-06-26T07:11:37.250525+00:00,scheduler,0,0,691.9,11264.0,32,2.774
2026-06-26T07:11:37.250525+00:00,scheduler,1,0,885.9,11264.0,41,7.004
2026-06-26T07:11:42.262991+00:00,scheduler,0,0,691.9,11264.0,32,2.918
2026-06-26T07:11:42.262991+00:00,scheduler,1,0,885.9,11264.0,39,3.008
2026-06-26T07:11:47.275969+00:00,scheduler,0,0,691.9,11264.0,32,2.771
2026-06-26T07:11:47.275969+00:00,scheduler,1,0,885.9,11264.0,38,3.766
2026-06-26T07:11:52.289429+00:00,scheduler,0,0,691.9,11264.0,32,2.826
2026-06-26T07:11:52.289429+00:00,scheduler,1,0,667.9,11264.0,37,4.957
2026-06-26T07:11:57.303521+00:00,scheduler,0,0,691.9,11264.0,32,2.93
2026-06-26T07:11:57.303521+00:00,scheduler,1,0,667.9,11264.0,37,3.875
2026-06-26T07:12:02.315892+00:00,scheduler,0,0,691.9,11264.0,32,2.464
2026-06-26T07:12:02.315892+00:00,scheduler,1,0,667.9,11264.0,36,4.268
2026-06-26T07:12:07.329771+00:00,scheduler,0,0,691.9,11264.0,32,3.204
2026-06-26T07:12:07.329771+00:00,scheduler,1,0,667.9,11264.0,36,3.925
2026-06-26T07:12:12.342964+00:00,scheduler,0,0,691.9,11264.0,32,2.571
2026-06-26T07:12:12.342964+00:00,scheduler,1,0,667.9,11264.0,35,5.145
2026-06-26T07:12:17.355300+00:00,scheduler,0,0,691.9,11264.0,32,3.089
2026-06-26T07:12:17.355300+00:00,scheduler,1,0,667.9,11264.0,35,4.578
2026-06-26T07:12:22.367827+00:00,scheduler,0,0,691.9,11264.0,32,2.561
2026-06-26T07:12:22.367827+00:00,scheduler,1,0,667.9,11264.0,35,4.507
2026-06-26T07:12:27.380181+00:00,scheduler,0,0,691.9,11264.0,32,2.69
2026-06-26T07:12:27.380181+00:00,scheduler,1,0,665.9,11264.0,34,4.953
2026-06-26T07:12:32.393345+00:00,scheduler,0,0,691.9,11264.0,32,3.356
2026-06-26T07:12:32.393345+00:00,scheduler,1,0,665.9,11264.0,34,4.594
2026-06-26T07:12:37.407334+00:00,scheduler,0,0,847.9,11264.0,35,51.554
2026-06-26T07:12:37.407334+00:00,scheduler,1,0,665.9,11264.0,34,4.974
2026-06-26T07:12:42.416459+00:00,scheduler,0,0,847.9,11264.0,36,51.979
2026-06-26T07:12:42.416459+00:00,scheduler,1,0,665.9,11264.0,34,4.662
2026-06-26T07:12:47.427860+00:00,scheduler,0,0,847.9,11264.0,36,51.567
2026-06-26T07:12:47.427860+00:00,scheduler,1,0,665.9,11264.0,33,4.519
2026-06-26T07:12:52.439222+00:00,scheduler,0,0,847.9,11264.0,34,2.508
2026-06-26T07:12:52.439222+00:00,scheduler,1,0,665.9,11264.0,33,4.297
2026-06-26T07:12:57.454312+00:00,scheduler,0,0,847.9,11264.0,33,2.565
2026-06-26T07:12:57.454312+00:00,scheduler,1,0,665.9,11264.0,33,4.687
2026-06-26T07:13:02.466994+00:00,scheduler,0,0,847.9,11264.0,33,2.606
2026-06-26T07:13:02.466994+00:00,scheduler,1,0,665.9,11264.0,33,4.075
2026-06-26T07:13:07.480681+00:00,scheduler,0,0,847.9,11264.0,33,2.747
2026-06-26T07:13:07.480681+00:00,scheduler,1,0,665.9,11264.0,33,4.473
2026-06-26T07:13:12.495000+00:00,scheduler,0,0,847.9,11264.0,33,2.884
2026-06-26T07:13:12.495000+00:00,scheduler,1,13,2203.9,11264.0,34,51.502
2026-06-26T07:13:17.503823+00:00,scheduler,0,0,847.9,11264.0,33,2.576
2026-06-26T07:13:17.503823+00:00,scheduler,1,78,8771.9,11264.0,44,250.581
2026-06-26T07:13:22.513416+00:00,scheduler,0,0,847.9,11264.0,33,2.429
2026-06-26T07:13:22.513416+00:00,scheduler,1,1,8771.9,11264.0,38,51.631
2026-06-26T07:13:27.525861+00:00,scheduler,0,0,847.9,11264.0,33,2.192
2026-06-26T07:13:27.525861+00:00,scheduler,1,2,8771.9,11264.0,38,51.87
2026-06-26T07:13:32.538051+00:00,scheduler,0,0,847.9,11264.0,33,2.804
2026-06-26T07:13:32.538051+00:00,scheduler,1,2,8771.9,11264.0,38,51.927
2026-06-26T07:13:37.561756+00:00,scheduler,0,12,4123.9,11264.0,36,51.236
2026-06-26T07:13:37.561756+00:00,scheduler,1,2,8771.9,11264.0,38,51.961
2026-06-26T07:13:42.682865+00:00,scheduler,0,2,8619.9,11264.0,36,51.699
2026-06-26T07:13:42.682865+00:00,scheduler,1,1,8771.9,11264.0,38,52.237
2026-06-26T07:13:47.704845+00:00,scheduler,0,51,9009.9,11264.0,43,242.305
2026-06-26T07:13:47.704845+00:00,scheduler,1,1,8771.9,11264.0,38,52.361
2026-06-26T07:13:52.720802+00:00,scheduler,0,1,9009.9,11264.0,38,52.36
2026-06-26T07:13:52.720802+00:00,scheduler,1,1,8771.9,11264.0,38,51.924
2026-06-26T07:13:57.733443+00:00,scheduler,0,1,9009.9,11264.0,38,52.341
2026-06-26T07:13:57.733443+00:00,scheduler,1,2,8771.9,11264.0,38,52.174
2026-06-26T07:14:02.750473+00:00,scheduler,0,2,9009.9,11264.0,38,52.766
2026-06-26T07:14:02.750473+00:00,scheduler,1,14,5931.9,11264.0,38,52.67
2026-06-26T07:14:07.757741+00:00,scheduler,0,8,9009.9,11264.0,38,53.077
2026-06-26T07:14:07.757741+00:00,scheduler,1,100,10927.9,11264.0,46,238.41
2026-06-26T07:14:12.764373+00:00,scheduler,0,81,11163.9,11264.0,45,246.892
2026-06-26T07:14:12.764373+00:00,scheduler,1,100,10927.9,11264.0,47,250.62
2026-06-26T07:14:17.775010+00:00,scheduler,0,100,11165.9,11264.0,47,244.022
2026-06-26T07:14:17.775010+00:00,scheduler,1,100,10929.9,11264.0,48,242.529
2026-06-26T07:14:22.788158+00:00,scheduler,0,100,11165.9,11264.0,49,238.844
2026-06-26T07:14:22.788158+00:00,scheduler,1,100,10929.9,11264.0,50,247.526
2026-06-26T07:14:27.796555+00:00,scheduler,0,100,11165.9,11264.0,50,248.964
2026-06-26T07:14:27.796555+00:00,scheduler,1,100,10929.9,11264.0,51,248.853
2026-06-26T07:14:32.804352+00:00,scheduler,0,100,11167.9,11264.0,51,242.526
2026-06-26T07:14:32.804352+00:00,scheduler,1,100,10929.9,11264.0,52,242.04
2026-06-26T07:14:37.812148+00:00,scheduler,0,100,11167.9,11264.0,52,240.717
2026-06-26T07:14:37.812148+00:00,scheduler,1,100,10929.9,11264.0,53,247.641
2026-06-26T07:14:42.820929+00:00,scheduler,0,100,11167.9,11264.0,53,238.446
2026-06-26T07:14:42.820929+00:00,scheduler,1,100,10929.9,11264.0,53,247.987
2026-06-26T07:14:47.827466+00:00,scheduler,0,100,11167.9,11264.0,54,245.674
2026-06-26T07:14:47.827466+00:00,scheduler,1,100,10929.9,11264.0,54,239.302
2026-06-26T07:14:52.838559+00:00,scheduler,0,100,11167.9,11264.0,55,238.625
2026-06-26T07:14:52.838559+00:00,scheduler,1,100,10929.9,11264.0,55,250.292
2026-06-26T07:14:57.844186+00:00,scheduler,0,100,11167.9,11264.0,56,251.391
2026-06-26T07:14:57.844186+00:00,scheduler,1,100,10929.9,11264.0,55,245.113
2026-06-26T07:15:02.850767+00:00,scheduler,0,100,11167.9,11264.0,56,236.886
2026-06-26T07:15:02.850767+00:00,scheduler,1,100,10929.9,11264.0,56,250.392
2026-06-26T07:15:07.862180+00:00,scheduler,0,100,11167.9,11264.0,57,248.549
2026-06-26T07:15:07.862180+00:00,scheduler,1,100,10929.9,11264.0,56,246.682
2026-06-26T07:15:12.867724+00:00,scheduler,0,100,11167.9,11264.0,57,246.381
2026-06-26T07:15:12.867724+00:00,scheduler,1,100,10929.9,11264.0,56,244.517
2026-06-26T07:15:17.875779+00:00,scheduler,0,100,11167.9,11264.0,58,241.926
2026-06-26T07:15:17.875779+00:00,scheduler,1,100,10929.9,11264.0,57,252.323
2026-06-26T07:15:22.882624+00:00,scheduler,0,100,11167.9,11264.0,58,240.72
2026-06-26T07:15:22.882624+00:00,scheduler,1,100,10929.9,11264.0,57,246.053
2026-06-26T07:15:27.889695+00:00,scheduler,0,100,11167.9,11264.0,58,248.788
2026-06-26T07:15:27.889695+00:00,scheduler,1,100,10929.9,11264.0,57,245.055
2026-06-26T07:15:32.896002+00:00,scheduler,0,100,11167.9,11264.0,59,246.337
2026-06-26T07:15:32.896002+00:00,scheduler,1,100,10929.9,11264.0,57,246.691
2026-06-26T07:15:37.901288+00:00,scheduler,0,100,11167.9,11264.0,59,242.623
2026-06-26T07:15:37.901288+00:00,scheduler,1,100,10929.9,11264.0,57,241.355
2026-06-26T07:15:42.909862+00:00,scheduler,0,100,11167.9,11264.0,59,248.05
2026-06-26T07:15:42.909862+00:00,scheduler,1,100,10929.9,11264.0,57,246.219
2026-06-26T07:15:47.918818+00:00,scheduler,0,100,11167.9,11264.0,59,249.748
2026-06-26T07:15:47.918818+00:00,scheduler,1,100,10929.9,11264.0,57,245.178
2026-06-26T07:15:52.929309+00:00,scheduler,0,100,11167.9,11264.0,59,237.826
2026-06-26T07:15:52.929309+00:00,scheduler,1,100,10929.9,11264.0,57,249.589
2026-06-26T07:15:57.937685+00:00,scheduler,0,100,11167.9,11264.0,59,251.166
2026-06-26T07:15:57.937685+00:00,scheduler,1,100,10929.9,11264.0,57,252.414
2026-06-26T07:16:02.946260+00:00,scheduler,0,100,11167.9,11264.0,59,251.862
2026-06-26T07:16:02.946260+00:00,scheduler,1,100,10929.9,11264.0,57,249.011
2026-06-26T07:16:07.957448+00:00,scheduler,0,100,11167.9,11264.0,59,245.901
2026-06-26T07:16:07.957448+00:00,scheduler,1,100,10929.9,11264.0,57,247.104
2026-06-26T07:16:12.966379+00:00,scheduler,0,100,11167.9,11264.0,59,254.004
2026-06-26T07:16:12.966379+00:00,scheduler,1,100,10929.9,11264.0,57,248.249
2026-06-26T07:16:17.972835+00:00,scheduler,0,100,11167.9,11264.0,59,240.147
2026-06-26T07:16:17.972835+00:00,scheduler,1,100,10929.9,11264.0,57,252.379
2026-06-26T07:16:22.978111+00:00,scheduler,0,8,11167.9,11264.0,53,57.406
2026-06-26T07:16:22.978111+00:00,scheduler,1,100,10929.9,11264.0,57,249.075
2026-06-26T07:16:27.983632+00:00,scheduler,0,92,1123.9,11264.0,54,85.908
2026-06-26T07:16:27.983632+00:00,scheduler,1,100,10929.9,11264.0,57,245.577
2026-06-26T07:16:32.992436+00:00,scheduler,0,0,1123.9,11264.0,50,56.831
2026-06-26T07:16:32.992436+00:00,scheduler,1,100,10929.9,11264.0,57,245.592
2026-06-26T07:16:37.998464+00:00,scheduler,0,0,1123.9,11264.0,49,56.413
2026-06-26T07:16:37.998464+00:00,scheduler,1,100,10929.9,11264.0,57,250.38
2026-06-26T07:16:43.004823+00:00,scheduler,0,0,1123.9,11264.0,48,56.412
2026-06-26T07:16:43.004823+00:00,scheduler,1,100,10929.9,11264.0,57,247.813
2026-06-26T07:16:48.011847+00:00,scheduler,0,0,1123.9,11264.0,46,3.085
2026-06-26T07:16:48.011847+00:00,scheduler,1,100,10929.9,11264.0,57,253.059
2026-06-26T07:16:53.021369+00:00,scheduler,0,1,905.9,11264.0,44,3.533
2026-06-26T07:16:53.021369+00:00,scheduler,1,100,10929.9,11264.0,57,246.658
2026-06-26T07:16:58.031062+00:00,scheduler,0,0,905.9,11264.0,43,3.07
2026-06-26T07:16:58.031062+00:00,scheduler,1,100,10929.9,11264.0,57,245.27
2026-06-26T07:17:03.040110+00:00,scheduler,0,0,905.9,11264.0,42,3.343
2026-06-26T07:17:03.040110+00:00,scheduler,1,100,10929.9,11264.0,57,256.154
2026-06-26T07:17:08.049081+00:00,scheduler,0,0,905.9,11264.0,41,2.731
2026-06-26T07:17:08.049081+00:00,scheduler,1,100,10929.9,11264.0,57,248.032
2026-06-26T07:17:13.059192+00:00,scheduler,0,0,905.9,11264.0,41,2.996
2026-06-26T07:17:13.059192+00:00,scheduler,1,100,10929.9,11264.0,57,252.031
2026-06-26T07:17:18.069160+00:00,scheduler,0,0,905.9,11264.0,40,3.212
2026-06-26T07:17:18.069160+00:00,scheduler,1,100,10929.9,11264.0,57,247.07
2026-06-26T07:17:23.078714+00:00,scheduler,0,0,905.9,11264.0,39,3.279
2026-06-26T07:17:23.078714+00:00,scheduler,1,100,10929.9,11264.0,57,249.003
2026-06-26T07:17:28.087845+00:00,scheduler,0,0,903.9,11264.0,39,3.249
2026-06-26T07:17:28.087845+00:00,scheduler,1,100,10929.9,11264.0,57,255.254
2026-06-26T07:17:33.097394+00:00,scheduler,0,0,903.9,11264.0,38,3.226
2026-06-26T07:17:33.097394+00:00,scheduler,1,100,10929.9,11264.0,57,251.036
2026-06-26T07:17:38.106393+00:00,scheduler,0,0,903.9,11264.0,38,3.198
2026-06-26T07:17:38.106393+00:00,scheduler,1,100,10929.9,11264.0,57,247.161
2026-06-26T07:17:43.115322+00:00,scheduler,0,0,903.9,11264.0,38,2.624
2026-06-26T07:17:43.115322+00:00,scheduler,1,100,10929.9,11264.0,57,253.269
2026-06-26T07:17:48.124167+00:00,scheduler,0,0,903.9,11264.0,37,2.789
2026-06-26T07:17:48.124167+00:00,scheduler,1,100,10929.9,11264.0,57,245.823
2026-06-26T07:17:53.134589+00:00,scheduler,0,0,903.9,11264.0,37,2.339
2026-06-26T07:17:53.134589+00:00,scheduler,1,100,10929.9,11264.0,57,245.123
2026-06-26T07:17:58.144284+00:00,scheduler,0,0,903.9,11264.0,37,2.689
2026-06-26T07:17:58.144284+00:00,scheduler,1,100,10929.9,11264.0,57,252.666
2026-06-26T07:18:03.153237+00:00,scheduler,0,0,903.9,11264.0,37,3.026
2026-06-26T07:18:03.153237+00:00,scheduler,1,100,10929.9,11264.0,57,246.344
2026-06-26T07:18:08.162402+00:00,scheduler,0,0,903.9,11264.0,36,3.521
2026-06-26T07:18:08.162402+00:00,scheduler,1,100,10929.9,11264.0,57,256.115
2026-06-26T07:18:13.172639+00:00,scheduler,0,0,903.9,11264.0,36,2.915
2026-06-26T07:18:13.172639+00:00,scheduler,1,100,10929.9,11264.0,57,247.357
2026-06-26T07:18:18.183173+00:00,scheduler,0,0,903.9,11264.0,36,3.521
2026-06-26T07:18:18.183173+00:00,scheduler,1,100,10929.9,11264.0,57,246.0
2026-06-26T07:18:23.192457+00:00,scheduler,0,0,903.9,11264.0,36,3.051
2026-06-26T07:18:23.192457+00:00,scheduler,1,100,10929.9,11264.0,58,238.445
2026-06-26T07:18:28.201600+00:00,scheduler,0,0,903.9,11264.0,36,3.682
2026-06-26T07:18:28.201600+00:00,scheduler,1,100,10929.9,11264.0,57,256.351
2026-06-26T07:18:33.210600+00:00,scheduler,0,1,1665.9,11264.0,39,51.624
2026-06-26T07:18:33.210600+00:00,scheduler,1,100,10929.9,11264.0,57,246.934
2026-06-26T07:18:38.218111+00:00,scheduler,0,1,2141.9,11264.0,39,52.18
2026-06-26T07:18:38.218111+00:00,scheduler,1,100,10929.9,11264.0,57,255.814
2026-06-26T07:18:43.233463+00:00,scheduler,0,1,2713.9,11264.0,39,52.438
2026-06-26T07:18:43.233463+00:00,scheduler,1,100,10929.9,11264.0,57,246.507
2026-06-26T07:18:48.243729+00:00,scheduler,0,1,3353.9,11264.0,40,52.655
2026-06-26T07:18:48.243729+00:00,scheduler,1,100,10929.9,11264.0,57,247.805
2026-06-26T07:18:53.249469+00:00,scheduler,0,1,3877.9,11264.0,40,52.855
2026-06-26T07:18:53.249469+00:00,scheduler,1,100,10929.9,11264.0,58,239.687
2026-06-26T07:18:58.254865+00:00,scheduler,0,1,4421.9,11264.0,40,53.43
2026-06-26T07:18:58.254865+00:00,scheduler,1,100,10929.9,11264.0,57,256.0
2026-06-26T07:19:03.260398+00:00,scheduler,0,1,4993.9,11264.0,40,53.385
2026-06-26T07:19:03.260398+00:00,scheduler,1,100,10929.9,11264.0,57,247.135
2026-06-26T07:19:08.265930+00:00,scheduler,0,1,5545.9,11264.0,40,53.049
2026-06-26T07:19:08.265930+00:00,scheduler,1,100,10929.9,11264.0,57,256.965
2026-06-26T07:19:13.283960+00:00,scheduler,0,1,6157.9,11264.0,40,53.212
2026-06-26T07:19:13.283960+00:00,scheduler,1,100,10929.9,11264.0,58,247.387
2026-06-26T07:19:18.289880+00:00,scheduler,0,1,6797.9,11264.0,41,53.249
2026-06-26T07:19:18.289880+00:00,scheduler,1,100,10929.9,11264.0,58,256.305
2026-06-26T07:19:23.299190+00:00,scheduler,0,1,7369.9,11264.0,41,53.176
2026-06-26T07:19:23.299190+00:00,scheduler,1,100,10929.9,11264.0,57,249.476
2026-06-26T07:19:28.305354+00:00,scheduler,0,1,8009.9,11264.0,41,53.447
2026-06-26T07:19:28.305354+00:00,scheduler,1,100,10929.9,11264.0,57,245.184
2026-06-26T07:19:33.313057+00:00,scheduler,0,0,8651.9,11264.0,41,53.19
2026-06-26T07:19:33.313057+00:00,scheduler,1,100,10929.9,11264.0,57,257.512
2026-06-26T07:19:38.318842+00:00,scheduler,0,1,9009.9,11264.0,42,54.118
2026-06-26T07:19:38.318842+00:00,scheduler,1,100,10929.9,11264.0,58,247.294
2026-06-26T07:19:43.324410+00:00,scheduler,0,1,9009.9,11264.0,42,54.057
2026-06-26T07:19:43.324410+00:00,scheduler,1,100,10929.9,11264.0,57,255.389
2026-06-26T07:19:48.331312+00:00,scheduler,0,1,9009.9,11264.0,42,54.234
2026-06-26T07:19:48.331312+00:00,scheduler,1,100,10929.9,11264.0,57,249.399
2026-06-26T07:19:53.345437+00:00,scheduler,0,1,9009.9,11264.0,42,54.25
2026-06-26T07:19:53.345437+00:00,scheduler,1,1,10929.9,11264.0,51,56.164
2026-06-26T07:19:58.351360+00:00,scheduler,0,1,9009.9,11264.0,42,54.101
2026-06-26T07:19:58.351360+00:00,scheduler,1,1,10929.9,11264.0,49,56.11
2026-06-26T07:20:03.358479+00:00,scheduler,0,1,9009.9,11264.0,42,54.461
2026-06-26T07:20:03.358479+00:00,scheduler,1,2,10929.9,11264.0,48,55.293
2026-06-26T07:20:08.374210+00:00,scheduler,0,1,9009.9,11264.0,42,54.036
2026-06-26T07:20:08.374210+00:00,scheduler,1,1,10929.9,11264.0,47,54.934
2026-06-26T07:20:13.393993+00:00,scheduler,0,1,9009.9,11264.0,42,53.857
2026-06-26T07:20:13.393993+00:00,scheduler,1,1,10929.9,11264.0,46,54.164
2026-06-26T07:20:18.409116+00:00,scheduler,0,1,9009.9,11264.0,42,53.802
2026-06-26T07:20:18.409116+00:00,scheduler,1,1,10929.9,11264.0,45,54.268
2026-06-26T07:20:23.415535+00:00,scheduler,0,1,1281.9,11264.0,42,54.303
2026-06-26T07:20:23.415535+00:00,scheduler,1,1,10929.9,11264.0,44,53.771
2026-06-26T07:20:28.421963+00:00,scheduler,0,1,1633.9,11264.0,42,54.639
2026-06-26T07:20:28.421963+00:00,scheduler,1,1,10929.9,11264.0,44,53.819
2026-06-26T07:20:33.436849+00:00,scheduler,0,1,2047.9,11264.0,42,54.368
2026-06-26T07:20:33.436849+00:00,scheduler,1,1,10929.9,11264.0,43,53.454
2026-06-26T07:20:38.446875+00:00,scheduler,0,1,2335.9,11264.0,42,54.283
2026-06-26T07:20:38.446875+00:00,scheduler,1,1,10929.9,11264.0,43,53.647
2026-06-26T07:20:43.462265+00:00,scheduler,0,1,3145.9,11264.0,42,54.125
2026-06-26T07:20:43.462265+00:00,scheduler,1,95,4985.9,11264.0,46,74.172
2026-06-26T07:20:48.467273+00:00,scheduler,0,1,3829.9,11264.0,42,54.25
2026-06-26T07:20:48.467273+00:00,scheduler,1,0,887.9,11264.0,44,53.705
2026-06-26T07:20:53.473889+00:00,scheduler,0,1,4603.9,11264.0,42,53.931
2026-06-26T07:20:53.473889+00:00,scheduler,1,0,1629.9,11264.0,43,52.975
2026-06-26T07:20:58.479512+00:00,scheduler,0,1,5233.9,11264.0,42,53.782
2026-06-26T07:20:58.479512+00:00,scheduler,1,0,1629.9,11264.0,42,53.23
2026-06-26T07:21:03.488173+00:00,scheduler,0,1,5935.9,11264.0,42,53.901
2026-06-26T07:21:03.488173+00:00,scheduler,1,0,1629.9,11264.0,42,53.173
2026-06-26T07:21:08.506924+00:00,scheduler,0,1,6871.9,11264.0,42,54.016
2026-06-26T07:21:08.506924+00:00,scheduler,1,0,1629.9,11264.0,42,52.966
2026-06-26T07:21:13.512562+00:00,scheduler,0,2,7645.9,11264.0,42,54.225
2026-06-26T07:21:13.512562+00:00,scheduler,1,0,1629.9,11264.0,42,53.129
2026-06-26T07:21:18.517888+00:00,scheduler,0,0,8385.9,11264.0,42,53.966
2026-06-26T07:21:18.517888+00:00,scheduler,1,0,1629.9,11264.0,42,52.758
2026-06-26T07:21:23.523321+00:00,scheduler,0,100,11165.9,11264.0,50,244.759
2026-06-26T07:21:23.523321+00:00,scheduler,1,0,1629.9,11264.0,41,53.083
2026-06-26T07:21:28.530328+00:00,scheduler,0,100,11165.9,11264.0,51,243.707
2026-06-26T07:21:28.530328+00:00,scheduler,1,0,1629.9,11264.0,41,52.683
2026-06-26T07:21:33.549128+00:00,scheduler,0,100,11167.9,11264.0,52,247.12
2026-06-26T07:21:33.549128+00:00,scheduler,1,0,1765.9,11264.0,41,53.125
2026-06-26T07:21:38.555678+00:00,scheduler,0,100,11167.9,11264.0,53,248.216
2026-06-26T07:21:38.555678+00:00,scheduler,1,0,1949.9,11264.0,41,52.901
2026-06-26T07:21:43.563072+00:00,scheduler,0,100,11167.9,11264.0,54,241.819
2026-06-26T07:21:43.563072+00:00,scheduler,1,0,2105.9,11264.0,41,53.124
2026-06-26T07:21:48.568540+00:00,scheduler,0,100,11167.9,11264.0,55,246.134
2026-06-26T07:21:48.568540+00:00,scheduler,1,0,2241.9,11264.0,41,52.743
2026-06-26T07:21:53.574361+00:00,scheduler,0,100,11167.9,11264.0,56,247.087
2026-06-26T07:21:53.574361+00:00,scheduler,1,0,2425.9,11264.0,41,52.494
2026-06-26T07:21:58.579791+00:00,scheduler,0,100,11167.9,11264.0,56,249.74
2026-06-26T07:21:58.579791+00:00,scheduler,1,0,2589.9,11264.0,41,52.862
2026-06-26T07:22:03.588142+00:00,scheduler,0,100,11167.9,11264.0,57,249.014
2026-06-26T07:22:03.588142+00:00,scheduler,1,0,2725.9,11264.0,41,52.73
2026-06-26T07:22:08.597849+00:00,scheduler,0,100,11167.9,11264.0,57,252.686
2026-06-26T07:22:08.597849+00:00,scheduler,1,0,2929.9,11264.0,41,52.401
2026-06-26T07:22:13.603166+00:00,scheduler,0,100,11167.9,11264.0,58,256.713
2026-06-26T07:22:13.603166+00:00,scheduler,1,0,3065.9,11264.0,41,52.919
2026-06-26T07:22:18.608670+00:00,scheduler,0,100,11167.9,11264.0,58,247.308
2026-06-26T07:22:18.608670+00:00,scheduler,1,0,3221.9,11264.0,40,52.94
2026-06-26T07:22:23.614156+00:00,scheduler,0,100,11167.9,11264.0,58,247.771
2026-06-26T07:22:23.614156+00:00,scheduler,1,0,3365.9,11264.0,40,52.719
2026-06-26T07:22:28.622058+00:00,scheduler,0,100,11167.9,11264.0,59,245.463
2026-06-26T07:22:28.622058+00:00,scheduler,1,0,3549.9,11264.0,40,52.672
2026-06-26T07:22:33.627732+00:00,scheduler,0,100,11167.9,11264.0,59,246.034
2026-06-26T07:22:33.627732+00:00,scheduler,1,0,3753.9,11264.0,40,52.385
2026-06-26T07:22:38.637289+00:00,scheduler,0,100,11167.9,11264.0,59,246.279
2026-06-26T07:22:38.637289+00:00,scheduler,1,0,3889.9,11264.0,40,52.651
2026-06-26T07:22:43.642930+00:00,scheduler,0,100,11167.9,11264.0,59,242.241
2026-06-26T07:22:43.642930+00:00,scheduler,1,0,3997.9,11264.0,40,52.678
2026-06-26T07:22:48.650993+00:00,scheduler,0,100,11167.9,11264.0,59,245.582
2026-06-26T07:22:48.650993+00:00,scheduler,1,0,4141.9,11264.0,40,52.564
2026-06-26T07:22:53.656389+00:00,scheduler,0,100,11167.9,11264.0,59,247.858
2026-06-26T07:22:53.656389+00:00,scheduler,1,0,4277.9,11264.0,40,52.727
2026-06-26T07:22:58.663043+00:00,scheduler,0,100,11167.9,11264.0,59,246.767
2026-06-26T07:22:58.663043+00:00,scheduler,1,0,4481.9,11264.0,40,52.674
2026-06-26T07:23:03.671445+00:00,scheduler,0,100,11167.9,11264.0,59,244.083
2026-06-26T07:23:03.671445+00:00,scheduler,1,0,4665.9,11264.0,40,52.799
2026-06-26T07:23:08.677048+00:00,scheduler,0,100,11167.9,11264.0,59,241.997
2026-06-26T07:23:08.677048+00:00,scheduler,1,0,4869.9,11264.0,40,52.526
2026-06-26T07:23:13.683173+00:00,scheduler,0,100,11167.9,11264.0,59,246.432
2026-06-26T07:23:13.683173+00:00,scheduler,1,0,5005.9,11264.0,40,52.402
2026-06-26T07:23:18.688473+00:00,scheduler,0,100,11167.9,11264.0,59,244.574
2026-06-26T07:23:18.688473+00:00,scheduler,1,0,5101.9,11264.0,40,52.448
2026-06-26T07:23:23.697510+00:00,scheduler,0,100,11167.9,11264.0,59,237.37
2026-06-26T07:23:23.697510+00:00,scheduler,1,0,5305.9,11264.0,40,52.405
2026-06-26T07:23:28.705183+00:00,scheduler,0,100,11167.9,11264.0,59,244.427
2026-06-26T07:23:28.705183+00:00,scheduler,1,0,5393.9,11264.0,40,52.284
2026-06-26T07:23:33.711418+00:00,scheduler,0,100,11167.9,11264.0,59,247.909
2026-06-26T07:23:33.711418+00:00,scheduler,1,0,5489.9,11264.0,40,52.366
2026-06-26T07:23:38.717754+00:00,scheduler,0,100,11167.9,11264.0,59,245.215
2026-06-26T07:23:38.717754+00:00,scheduler,1,0,5645.9,11264.0,40,52.523
2026-06-26T07:23:43.726343+00:00,scheduler,0,100,11167.9,11264.0,59,244.762
2026-06-26T07:23:43.726343+00:00,scheduler,1,0,5829.9,11264.0,40,52.475
2026-06-26T07:23:48.731810+00:00,scheduler,0,100,11167.9,11264.0,59,251.331
2026-06-26T07:23:48.731810+00:00,scheduler,1,0,6033.9,11264.0,40,52.343
2026-06-26T07:23:53.738670+00:00,scheduler,0,100,11167.9,11264.0,59,246.856
2026-06-26T07:23:53.738670+00:00,scheduler,1,0,6169.9,11264.0,40,52.343
2026-06-26T07:23:58.748103+00:00,scheduler,0,100,11167.9,11264.0,59,248.307
2026-06-26T07:23:58.748103+00:00,scheduler,1,0,6305.9,11264.0,40,52.911
2026-06-26T07:24:03.753530+00:00,scheduler,0,100,11167.9,11264.0,59,244.442
2026-06-26T07:24:03.753530+00:00,scheduler,1,0,6469.9,11264.0,40,52.532
2026-06-26T07:24:08.760440+00:00,scheduler,0,100,11167.9,11264.0,59,246.505
2026-06-26T07:24:08.760440+00:00,scheduler,1,0,6653.9,11264.0,40,52.302
2026-06-26T07:24:13.765753+00:00,scheduler,0,100,11167.9,11264.0,59,247.057
2026-06-26T07:24:13.765753+00:00,scheduler,1,0,6809.9,11264.0,40,52.804
2026-06-26T07:24:18.771561+00:00,scheduler,0,100,11167.9,11264.0,59,240.441
2026-06-26T07:24:18.771561+00:00,scheduler,1,0,6993.9,11264.0,40,52.791
2026-06-26T07:24:23.777130+00:00,scheduler,0,100,11167.9,11264.0,59,243.043
2026-06-26T07:24:23.777130+00:00,scheduler,1,0,7149.9,11264.0,40,52.721
2026-06-26T07:24:28.783357+00:00,scheduler,0,100,11167.9,11264.0,59,250.548
2026-06-26T07:24:28.783357+00:00,scheduler,1,0,7265.9,11264.0,40,52.867
2026-06-26T07:24:33.791849+00:00,scheduler,0,100,11167.9,11264.0,59,248.086
2026-06-26T07:24:33.791849+00:00,scheduler,1,0,7429.9,11264.0,40,52.741
2026-06-26T07:24:38.798248+00:00,scheduler,0,100,11167.9,11264.0,59,250.092
2026-06-26T07:24:38.798248+00:00,scheduler,1,0,7585.9,11264.0,40,52.694
2026-06-26T07:24:43.803832+00:00,scheduler,0,100,11167.9,11264.0,59,244.373
2026-06-26T07:24:43.803832+00:00,scheduler,1,0,7721.9,11264.0,40,52.748
2026-06-26T07:24:48.809976+00:00,scheduler,0,100,11167.9,11264.0,59,245.31
2026-06-26T07:24:48.809976+00:00,scheduler,1,0,7837.9,11264.0,40,52.765
2026-06-26T07:24:53.815351+00:00,scheduler,0,100,11167.9,11264.0,59,241.682
2026-06-26T07:24:53.815351+00:00,scheduler,1,0,8021.9,11264.0,40,53.086
2026-06-26T07:24:58.823344+00:00,scheduler,0,100,11167.9,11264.0,59,243.491
2026-06-26T07:24:58.823344+00:00,scheduler,1,0,8157.9,11264.0,40,52.721
2026-06-26T07:25:03.830770+00:00,scheduler,0,100,11167.9,11264.0,59,248.639
2026-06-26T07:25:03.830770+00:00,scheduler,1,0,8313.9,11264.0,40,52.691
2026-06-26T07:25:08.837603+00:00,scheduler,0,100,11167.9,11264.0,59,248.118
2026-06-26T07:25:08.837603+00:00,scheduler,1,63,8763.9,11264.0,43,73.68
2026-06-26T07:25:13.842667+00:00,scheduler,0,100,11167.9,11264.0,59,238.913
2026-06-26T07:25:13.842667+00:00,scheduler,1,8,8763.9,11264.0,41,53.042
2026-06-26T07:25:18.852902+00:00,scheduler,0,100,11167.9,11264.0,59,247.081
2026-06-26T07:25:18.852902+00:00,scheduler,1,0,881.9,11264.0,41,52.824
2026-06-26T07:25:23.859147+00:00,scheduler,0,100,11167.9,11264.0,59,246.163
2026-06-26T07:25:23.859147+00:00,scheduler,1,0,1089.9,11264.0,41,52.853
2026-06-26T07:25:28.867173+00:00,scheduler,0,100,11167.9,11264.0,59,236.073
2026-06-26T07:25:28.867173+00:00,scheduler,1,1,1341.9,11264.0,41,52.831
2026-06-26T07:25:33.875167+00:00,scheduler,0,100,11167.9,11264.0,59,239.758
2026-06-26T07:25:33.875167+00:00,scheduler,1,0,1503.9,11264.0,41,52.713
2026-06-26T07:25:38.882319+00:00,scheduler,0,100,11167.9,11264.0,59,245.615
2026-06-26T07:25:38.882319+00:00,scheduler,1,0,1809.9,11264.0,40,52.569
2026-06-26T07:25:43.888993+00:00,scheduler,0,100,11167.9,11264.0,59,248.3
2026-06-26T07:25:43.888993+00:00,scheduler,1,0,1971.9,11264.0,41,52.446
2026-06-26T07:25:48.894457+00:00,scheduler,0,100,11167.9,11264.0,59,253.966
2026-06-26T07:25:48.894457+00:00,scheduler,1,0,2133.9,11264.0,41,52.638
2026-06-26T07:25:53.901120+00:00,scheduler,0,100,11167.9,11264.0,60,242.205
2026-06-26T07:25:53.901120+00:00,scheduler,1,0,2331.9,11264.0,40,52.75
2026-06-26T07:25:58.908026+00:00,scheduler,0,100,11167.9,11264.0,59,242.694
2026-06-26T07:25:58.908026+00:00,scheduler,1,0,2565.9,11264.0,40,52.622
2026-06-26T07:26:03.913555+00:00,scheduler,0,100,11167.9,11264.0,60,253.113
2026-06-26T07:26:03.913555+00:00,scheduler,1,1,2907.9,11264.0,40,52.606
2026-06-26T07:26:08.920335+00:00,scheduler,0,100,11167.9,11264.0,59,240.465
2026-06-26T07:26:08.920335+00:00,scheduler,1,25,10927.9,11264.0,46,247.368
2026-06-26T07:26:13.929896+00:00,scheduler,0,100,11167.9,11264.0,59,244.165
2026-06-26T07:26:13.929896+00:00,scheduler,1,100,10927.9,11264.0,48,247.622
2026-06-26T07:26:18.936699+00:00,scheduler,0,100,11167.9,11264.0,59,246.25
2026-06-26T07:26:18.936699+00:00,scheduler,1,100,10929.9,11264.0,49,247.762
2026-06-26T07:26:23.943485+00:00,scheduler,0,100,11167.9,11264.0,60,247.493
2026-06-26T07:26:23.943485+00:00,scheduler,1,100,10929.9,11264.0,51,251.246
2026-06-26T07:26:28.948783+00:00,scheduler,0,100,11167.9,11264.0,60,245.707
2026-06-26T07:26:28.948783+00:00,scheduler,1,100,10929.9,11264.0,51,282.996
2026-06-26T07:26:33.954138+00:00,scheduler,0,100,11167.9,11264.0,59,251.872
2026-06-26T07:26:33.954138+00:00,scheduler,1,100,10929.9,11264.0,52,248.431
2026-06-26T07:26:38.959450+00:00,scheduler,0,100,11167.9,11264.0,60,246.354
2026-06-26T07:26:38.959450+00:00,scheduler,1,100,10929.9,11264.0,53,247.181
2026-06-26T07:26:43.966467+00:00,scheduler,0,100,11167.9,11264.0,59,240.265
2026-06-26T07:26:43.966467+00:00,scheduler,1,100,10929.9,11264.0,54,245.793
2026-06-26T07:26:48.972140+00:00,scheduler,0,100,11167.9,11264.0,60,246.09
2026-06-26T07:26:48.972140+00:00,scheduler,1,100,10929.9,11264.0,55,250.266
2026-06-26T07:26:53.977543+00:00,scheduler,0,100,11167.9,11264.0,60,238.396
2026-06-26T07:26:53.977543+00:00,scheduler,1,100,10929.9,11264.0,55,256.361
2026-06-26T07:26:58.983192+00:00,scheduler,0,100,11167.9,11264.0,59,241.052
2026-06-26T07:26:58.983192+00:00,scheduler,1,100,10929.9,11264.0,56,246.358
2026-06-26T07:27:03.992072+00:00,scheduler,0,9,11167.9,11264.0,56,87.709
2026-06-26T07:27:03.992072+00:00,scheduler,1,100,10929.9,11264.0,56,242.991
2026-06-26T07:27:08.997333+00:00,scheduler,0,11,11167.9,11264.0,52,57.183
2026-06-26T07:27:08.997333+00:00,scheduler,1,100,10929.9,11264.0,57,252.402
2026-06-26T07:27:14.002856+00:00,scheduler,0,0,1867.9,11264.0,53,84.746
2026-06-26T07:27:14.002856+00:00,scheduler,1,100,10929.9,11264.0,57,248.334
2026-06-26T07:27:19.009769+00:00,scheduler,0,1,1867.9,11264.0,50,56.598
2026-06-26T07:27:19.009769+00:00,scheduler,1,100,10929.9,11264.0,57,242.493
2026-06-26T07:27:24.016722+00:00,scheduler,0,0,1955.9,11264.0,49,56.582
2026-06-26T07:27:24.016722+00:00,scheduler,1,100,10929.9,11264.0,57,250.959
2026-06-26T07:27:29.025128+00:00,scheduler,0,0,2255.9,11264.0,48,56.57
2026-06-26T07:27:29.025128+00:00,scheduler,1,100,10929.9,11264.0,57,242.077
2026-06-26T07:27:34.034287+00:00,scheduler,0,1,2459.9,11264.0,47,55.833
2026-06-26T07:27:34.034287+00:00,scheduler,1,100,10929.9,11264.0,57,242.716
2026-06-26T07:27:39.042562+00:00,scheduler,0,1,2827.9,11264.0,47,56.199
2026-06-26T07:27:39.042562+00:00,scheduler,1,100,10929.9,11264.0,57,247.79
2026-06-26T07:27:44.047918+00:00,scheduler,0,1,3303.9,11264.0,46,55.895
2026-06-26T07:27:44.047918+00:00,scheduler,1,100,10929.9,11264.0,57,245.434
2026-06-26T07:27:49.054184+00:00,scheduler,0,0,3643.9,11264.0,46,55.6
2026-06-26T07:27:49.054184+00:00,scheduler,1,100,10929.9,11264.0,57,244.441
2026-06-26T07:27:54.059693+00:00,scheduler,0,0,3895.9,11264.0,46,55.527
2026-06-26T07:27:54.059693+00:00,scheduler,1,100,10929.9,11264.0,58,245.996
2026-06-26T07:27:59.065015+00:00,scheduler,0,0,4175.9,11264.0,45,55.299
2026-06-26T07:27:59.065015+00:00,scheduler,1,100,10929.9,11264.0,58,245.937
2026-06-26T07:28:04.070288+00:00,scheduler,0,1,4467.9,11264.0,45,55.598
2026-06-26T07:28:04.070288+00:00,scheduler,1,100,10929.9,11264.0,57,240.554
2026-06-26T07:28:09.075742+00:00,scheduler,0,1,4767.9,11264.0,45,55.287
2026-06-26T07:28:09.075742+00:00,scheduler,1,100,10929.9,11264.0,58,253.652
2026-06-26T07:28:14.081049+00:00,scheduler,0,1,5011.9,11264.0,45,55.01
2026-06-26T07:28:14.081049+00:00,scheduler,1,100,10929.9,11264.0,58,246.71
2026-06-26T07:28:19.086528+00:00,scheduler,0,0,5243.9,11264.0,44,55.097
2026-06-26T07:28:19.086528+00:00,scheduler,1,100,10929.9,11264.0,58,246.162
2026-06-26T07:28:24.093923+00:00,scheduler,0,2,5727.9,11264.0,44,55.308
2026-06-26T07:28:24.093923+00:00,scheduler,1,100,10929.9,11264.0,58,247.239
2026-06-26T07:28:29.100173+00:00,scheduler,0,86,9001.9,11264.0,47,79.447
2026-06-26T07:28:29.100173+00:00,scheduler,1,100,10929.9,11264.0,58,246.685
2026-06-26T07:28:34.105638+00:00,scheduler,0,8,9001.9,11264.0,45,55.302
2026-06-26T07:28:34.105638+00:00,scheduler,1,100,10929.9,11264.0,58,245.374
2026-06-26T07:28:39.111181+00:00,scheduler,0,63,11165.9,11264.0,51,247.594
2026-06-26T07:28:39.111181+00:00,scheduler,1,100,10929.9,11264.0,58,246.727
2026-06-26T07:28:44.119463+00:00,scheduler,0,100,11165.9,11264.0,52,247.082
2026-06-26T07:28:44.119463+00:00,scheduler,1,100,10929.9,11264.0,58,246.726
2026-06-26T07:28:49.124949+00:00,scheduler,0,100,11167.9,11264.0,53,248.597
2026-06-26T07:28:49.124949+00:00,scheduler,1,100,10929.9,11264.0,58,250.807
2026-06-26T07:28:54.135587+00:00,scheduler,0,100,11167.9,11264.0,54,249.22
2026-06-26T07:28:54.135587+00:00,scheduler,1,100,10929.9,11264.0,58,242.61
2026-06-26T07:28:59.149886+00:00,scheduler,0,100,11167.9,11264.0,55,254.261
2026-06-26T07:28:59.149886+00:00,scheduler,1,100,10929.9,11264.0,58,246.123
2026-06-26T07:29:04.164039+00:00,scheduler,0,100,11167.9,11264.0,56,239.68
2026-06-26T07:29:04.164039+00:00,scheduler,1,100,10929.9,11264.0,58,239.894
2026-06-26T07:29:09.172492+00:00,scheduler,0,100,11167.9,11264.0,57,246.45
2026-06-26T07:29:09.172492+00:00,scheduler,1,100,10929.9,11264.0,58,257.304
2026-06-26T07:29:14.182307+00:00,scheduler,0,100,11167.9,11264.0,57,243.305
2026-06-26T07:29:14.182307+00:00,scheduler,1,100,10929.9,11264.0,58,245.98
2026-06-26T07:29:19.190703+00:00,scheduler,0,100,11167.9,11264.0,58,240.189
2026-06-26T07:29:19.190703+00:00,scheduler,1,100,10929.9,11264.0,58,238.297
2026-06-26T07:29:24.196611+00:00,scheduler,0,100,11167.9,11264.0,58,254.975
2026-06-26T07:29:24.196611+00:00,scheduler,1,100,10929.9,11264.0,58,246.745
2026-06-26T07:29:29.203314+00:00,scheduler,0,100,11167.9,11264.0,58,240.248
2026-06-26T07:29:29.203314+00:00,scheduler,1,100,10929.9,11264.0,58,243.133
2026-06-26T07:29:34.208811+00:00,scheduler,0,100,11167.9,11264.0,59,242.296
2026-06-26T07:29:34.208811+00:00,scheduler,1,100,10929.9,11264.0,58,249.145
2026-06-26T07:29:39.214383+00:00,scheduler,0,100,11167.9,11264.0,59,243.4
2026-06-26T07:29:39.214383+00:00,scheduler,1,100,10929.9,11264.0,58,245.184
2026-06-26T07:29:44.222489+00:00,scheduler,0,100,11167.9,11264.0,59,249.827
2026-06-26T07:29:44.222489+00:00,scheduler,1,100,10929.9,11264.0,58,249.763
2026-06-26T07:29:49.229753+00:00,scheduler,0,100,11167.9,11264.0,59,244.672
2026-06-26T07:29:49.229753+00:00,scheduler,1,100,10929.9,11264.0,58,246.528
2026-06-26T07:29:54.236189+00:00,scheduler,0,100,11167.9,11264.0,59,247.83
2026-06-26T07:29:54.236189+00:00,scheduler,1,100,10929.9,11264.0,58,248.633
2026-06-26T07:29:59.245534+00:00,scheduler,0,100,11167.9,11264.0,60,240.213
2026-06-26T07:29:59.245534+00:00,scheduler,1,100,10929.9,11264.0,58,247.847
2026-06-26T07:30:04.251067+00:00,scheduler,0,100,11167.9,11264.0,59,254.741
2026-06-26T07:30:04.251067+00:00,scheduler,1,100,10929.9,11264.0,58,245.518
2026-06-26T07:30:09.258986+00:00,scheduler,0,100,11167.9,11264.0,60,246.401
2026-06-26T07:30:09.258986+00:00,scheduler,1,100,10929.9,11264.0,58,242.694
2026-06-26T07:30:14.264296+00:00,scheduler,0,100,11167.9,11264.0,60,245.957
2026-06-26T07:30:14.264296+00:00,scheduler,1,100,10929.9,11264.0,58,255.63
2026-06-26T07:30:19.270521+00:00,scheduler,0,100,11167.9,11264.0,60,251.981
2026-06-26T07:30:19.270521+00:00,scheduler,1,100,10929.9,11264.0,58,251.562
2026-06-26T07:30:24.279330+00:00,scheduler,0,100,11167.9,11264.0,59,246.222
2026-06-26T07:30:24.279330+00:00,scheduler,1,100,10929.9,11264.0,58,247.687
2026-06-26T07:30:29.284810+00:00,scheduler,0,100,11167.9,11264.0,60,246.497
2026-06-26T07:30:29.284810+00:00,scheduler,1,100,10929.9,11264.0,58,246.976
2026-06-26T07:30:34.290239+00:00,scheduler,0,100,11167.9,11264.0,60,248.089
2026-06-26T07:30:34.290239+00:00,scheduler,1,100,10929.9,11264.0,58,239.695
2026-06-26T07:30:39.298377+00:00,scheduler,0,100,11167.9,11264.0,59,246.051
2026-06-26T07:30:39.298377+00:00,scheduler,1,100,10929.9,11264.0,58,249.031
2026-06-26T07:30:44.305095+00:00,scheduler,0,100,11167.9,11264.0,59,243.443
2026-06-26T07:30:44.305095+00:00,scheduler,1,100,10929.9,11264.0,58,250.446
2026-06-26T07:30:49.314269+00:00,scheduler,0,100,11167.9,11264.0,60,247.226
2026-06-26T07:30:49.314269+00:00,scheduler,1,100,10929.9,11264.0,58,247.55
2026-06-26T07:30:54.319922+00:00,scheduler,0,100,11167.9,11264.0,60,248.886
2026-06-26T07:30:54.319922+00:00,scheduler,1,100,10929.9,11264.0,58,249.805
2026-06-26T07:30:59.325420+00:00,scheduler,0,100,11167.9,11264.0,60,253.537
2026-06-26T07:30:59.325420+00:00,scheduler,1,100,10929.9,11264.0,58,238.237
2026-06-26T07:31:04.331042+00:00,scheduler,0,100,11167.9,11264.0,59,250.873
2026-06-26T07:31:04.331042+00:00,scheduler,1,100,10929.9,11264.0,58,245.371
2026-06-26T07:31:09.340046+00:00,scheduler,0,100,11167.9,11264.0,60,250.5
2026-06-26T07:31:09.340046+00:00,scheduler,1,100,10929.9,11264.0,58,250.093
2026-06-26T07:31:14.345635+00:00,scheduler,0,100,11167.9,11264.0,59,246.596
2026-06-26T07:31:14.345635+00:00,scheduler,1,100,10929.9,11264.0,58,250.608
2026-06-26T07:31:19.350969+00:00,scheduler,0,100,11167.9,11264.0,60,253.11
2026-06-26T07:31:19.350969+00:00,scheduler,1,100,10929.9,11264.0,58,243.077
2026-06-26T07:31:24.357369+00:00,scheduler,0,100,11167.9,11264.0,60,242.751
2026-06-26T07:31:24.357369+00:00,scheduler,1,100,10929.9,11264.0,58,240.319
2026-06-26T07:31:29.368819+00:00,scheduler,0,100,11167.9,11264.0,59,250.829
2026-06-26T07:31:29.368819+00:00,scheduler,1,100,10929.9,11264.0,58,249.578
2026-06-26T07:31:34.375422+00:00,scheduler,0,100,11167.9,11264.0,60,254.376
2026-06-26T07:31:34.375422+00:00,scheduler,1,100,10929.9,11264.0,58,248.288
2026-06-26T07:31:39.382842+00:00,scheduler,0,100,11167.9,11264.0,59,242.596
2026-06-26T07:31:39.382842+00:00,scheduler,1,100,10929.9,11264.0,58,247.71
2026-06-26T07:31:44.392535+00:00,scheduler,0,100,11167.9,11264.0,59,248.976
2026-06-26T07:31:44.392535+00:00,scheduler,1,100,10929.9,11264.0,58,246.5
2026-06-26T07:31:49.397975+00:00,scheduler,0,100,11167.9,11264.0,59,243.455
2026-06-26T07:31:49.397975+00:00,scheduler,1,100,10929.9,11264.0,58,248.384
2026-06-26T07:31:54.403853+00:00,scheduler,0,100,11167.9,11264.0,60,241.226
2026-06-26T07:31:54.403853+00:00,scheduler,1,12,10929.9,11264.0,54,76.981
2026-06-26T07:31:59.409025+00:00,scheduler,0,100,11167.9,11264.0,59,243.656
2026-06-26T07:31:59.409025+00:00,scheduler,1,11,10929.9,11264.0,50,56.421
2026-06-26T07:32:04.414433+00:00,scheduler,0,100,11167.9,11264.0,60,244.659
2026-06-26T07:32:04.414433+00:00,scheduler,1,25,8573.9,11264.0,51,56.442
2026-06-26T07:32:09.420039+00:00,scheduler,0,100,11167.9,11264.0,60,245.854
2026-06-26T07:32:09.420039+00:00,scheduler,1,10,8763.9,11264.0,50,66.694
2026-06-26T07:32:14.425444+00:00,scheduler,0,100,11167.9,11264.0,59,246.606
2026-06-26T07:32:14.425444+00:00,scheduler,1,100,10927.9,11264.0,54,243.609
2026-06-26T07:32:19.431955+00:00,scheduler,0,100,11167.9,11264.0,60,254.658
2026-06-26T07:32:19.431955+00:00,scheduler,1,100,10927.9,11264.0,55,246.025
2026-06-26T07:32:24.438204+00:00,scheduler,0,100,11167.9,11264.0,60,246.627
2026-06-26T07:32:24.438204+00:00,scheduler,1,100,10929.9,11264.0,55,247.969
2026-06-26T07:32:29.445998+00:00,scheduler,0,100,11167.9,11264.0,60,250.537
2026-06-26T07:32:29.445998+00:00,scheduler,1,100,10929.9,11264.0,56,252.373
2026-06-26T07:32:34.451252+00:00,scheduler,0,100,11167.9,11264.0,59,245.114
2026-06-26T07:32:34.451252+00:00,scheduler,1,100,10929.9,11264.0,56,246.877
2026-06-26T07:32:39.457564+00:00,scheduler,0,100,11167.9,11264.0,59,241.634
2026-06-26T07:32:39.457564+00:00,scheduler,1,100,10929.9,11264.0,56,244.756
2026-06-26T07:32:44.464718+00:00,scheduler,0,100,11167.9,11264.0,60,246.251
2026-06-26T07:32:44.464718+00:00,scheduler,1,100,10929.9,11264.0,56,252.809
2026-06-26T07:32:49.472814+00:00,scheduler,0,100,11167.9,11264.0,59,248.192
2026-06-26T07:32:49.472814+00:00,scheduler,1,100,10929.9,11264.0,57,249.44
2026-06-26T07:32:54.478935+00:00,scheduler,0,100,11167.9,11264.0,59,237.122
2026-06-26T07:32:54.478935+00:00,scheduler,1,100,10929.9,11264.0,57,257.377
2026-06-26T07:32:59.485987+00:00,scheduler,0,100,11167.9,11264.0,60,240.784
2026-06-26T07:32:59.485987+00:00,scheduler,1,100,10929.9,11264.0,57,246.293
2026-06-26T07:33:04.494974+00:00,scheduler,0,100,11167.9,11264.0,59,247.1
2026-06-26T07:33:04.494974+00:00,scheduler,1,100,10929.9,11264.0,57,248.877
2026-06-26T07:33:09.504293+00:00,scheduler,0,100,11167.9,11264.0,60,245.892
2026-06-26T07:33:09.504293+00:00,scheduler,1,100,10929.9,11264.0,57,246.518
2026-06-26T07:33:14.513142+00:00,scheduler,0,100,11167.9,11264.0,59,249.395
2026-06-26T07:33:14.513142+00:00,scheduler,1,100,10929.9,11264.0,58,239.747
2026-06-26T07:33:19.521031+00:00,scheduler,0,100,11167.9,11264.0,59,253.927
2026-06-26T07:33:19.521031+00:00,scheduler,1,100,10929.9,11264.0,58,254.112
2026-06-26T07:33:24.529135+00:00,scheduler,0,100,11167.9,11264.0,59,250.1
2026-06-26T07:33:24.529135+00:00,scheduler,1,100,10929.9,11264.0,58,241.249
2026-06-26T07:33:29.534486+00:00,scheduler,0,100,11167.9,11264.0,60,248.173
2026-06-26T07:33:29.534486+00:00,scheduler,1,100,10929.9,11264.0,58,247.872
2026-06-26T07:33:34.542653+00:00,scheduler,0,100,11167.9,11264.0,60,243.616
2026-06-26T07:33:34.542653+00:00,scheduler,1,100,10929.9,11264.0,58,241.682
2026-06-26T07:33:39.551977+00:00,scheduler,0,100,11167.9,11264.0,60,253.493
2026-06-26T07:33:39.551977+00:00,scheduler,1,100,10929.9,11264.0,58,257.465
2026-06-26T07:33:44.559904+00:00,scheduler,0,100,11167.9,11264.0,60,243.841
2026-06-26T07:33:44.559904+00:00,scheduler,1,100,10929.9,11264.0,58,247.589
2026-06-26T07:33:49.567634+00:00,scheduler,0,100,11167.9,11264.0,60,247.472
2026-06-26T07:33:49.567634+00:00,scheduler,1,100,10929.9,11264.0,58,248.468
2026-06-26T07:33:54.573116+00:00,scheduler,0,100,11167.9,11264.0,60,253.249
2026-06-26T07:33:54.573116+00:00,scheduler,1,100,10929.9,11264.0,58,246.797
2026-06-26T07:33:59.579568+00:00,scheduler,0,100,11167.9,11264.0,60,241.509
2026-06-26T07:33:59.579568+00:00,scheduler,1,100,10929.9,11264.0,58,244.374
2026-06-26T07:34:04.588023+00:00,scheduler,0,100,11167.9,11264.0,60,253.612
2026-06-26T07:34:04.588023+00:00,scheduler,1,100,10929.9,11264.0,58,246.171
2026-06-26T07:34:09.593369+00:00,scheduler,0,100,11167.9,11264.0,59,256.213
2026-06-26T07:34:09.593369+00:00,scheduler,1,100,10929.9,11264.0,58,248.565
2026-06-26T07:34:14.602403+00:00,scheduler,0,100,11167.9,11264.0,60,245.25
2026-06-26T07:34:14.602403+00:00,scheduler,1,100,10929.9,11264.0,58,245.595
2026-06-26T07:34:19.609366+00:00,scheduler,0,100,11167.9,11264.0,60,236.967
2026-06-26T07:34:19.609366+00:00,scheduler,1,100,10929.9,11264.0,58,245.45
2026-06-26T07:34:24.617755+00:00,scheduler,0,9,11167.9,11264.0,53,57.162
2026-06-26T07:34:24.617755+00:00,scheduler,1,100,10929.9,11264.0,58,244.46
2026-06-26T07:34:29.623405+00:00,scheduler,0,26,6223.9,11264.0,53,58.149
2026-06-26T07:34:29.623405+00:00,scheduler,1,100,10929.9,11264.0,58,247.796
2026-06-26T07:34:34.632715+00:00,scheduler,0,16,9001.9,11264.0,53,85.249
2026-06-26T07:34:34.632715+00:00,scheduler,1,100,10929.9,11264.0,58,244.591
2026-06-26T07:34:39.639223+00:00,scheduler,0,28,7807.9,11264.0,51,58.241
2026-06-26T07:34:39.639223+00:00,scheduler,1,100,10929.9,11264.0,58,254.531
2026-06-26T07:34:44.648570+00:00,scheduler,0,100,11165.9,11264.0,56,249.203
2026-06-26T07:34:44.648570+00:00,scheduler,1,100,10929.9,11264.0,58,247.323
2026-06-26T07:34:49.654819+00:00,scheduler,0,100,11167.9,11264.0,57,249.649
2026-06-26T07:34:49.654819+00:00,scheduler,1,100,10929.9,11264.0,58,241.43
2026-06-26T07:34:54.661758+00:00,scheduler,0,100,11167.9,11264.0,58,253.463
2026-06-26T07:34:54.661758+00:00,scheduler,1,100,10929.9,11264.0,58,246.81
2026-06-26T07:34:59.669842+00:00,scheduler,0,100,11167.9,11264.0,58,246.027
2026-06-26T07:34:59.669842+00:00,scheduler,1,100,10929.9,11264.0,58,244.665
2026-06-26T07:35:04.676477+00:00,scheduler,0,100,11167.9,11264.0,58,242.763
2026-06-26T07:35:04.676477+00:00,scheduler,1,100,10929.9,11264.0,58,248.557
2026-06-26T07:35:09.685727+00:00,scheduler,0,100,11167.9,11264.0,59,244.444
2026-06-26T07:35:09.685727+00:00,scheduler,1,100,10929.9,11264.0,58,253.936
2026-06-26T07:35:14.699465+00:00,scheduler,0,100,11167.9,11264.0,59,245.44
2026-06-26T07:35:14.699465+00:00,scheduler,1,100,10929.9,11264.0,57,252.89
2026-06-26T07:35:19.712561+00:00,scheduler,0,100,11167.9,11264.0,59,247.259
2026-06-26T07:35:19.712561+00:00,scheduler,1,100,10929.9,11264.0,58,246.687
2026-06-26T07:35:24.721181+00:00,scheduler,0,100,11167.9,11264.0,59,239.122
2026-06-26T07:35:24.721181+00:00,scheduler,1,100,10929.9,11264.0,58,253.474
2026-06-26T07:35:29.731291+00:00,scheduler,0,100,11167.9,11264.0,59,239.608
2026-06-26T07:35:29.731291+00:00,scheduler,1,100,10929.9,11264.0,58,243.646
2026-06-26T07:35:34.737800+00:00,scheduler,0,100,11167.9,11264.0,59,255.723
2026-06-26T07:35:34.737800+00:00,scheduler,1,100,10929.9,11264.0,58,255.92
2026-06-26T07:35:39.744774+00:00,scheduler,0,100,11167.9,11264.0,59,247.294
2026-06-26T07:35:39.744774+00:00,scheduler,1,100,10929.9,11264.0,58,248.283
2026-06-26T07:35:44.750196+00:00,scheduler,0,100,11167.9,11264.0,60,246.73
2026-06-26T07:35:44.750196+00:00,scheduler,1,100,10929.9,11264.0,58,244.802
2026-06-26T07:35:49.759047+00:00,scheduler,0,100,11167.9,11264.0,60,249.792
2026-06-26T07:35:49.759047+00:00,scheduler,1,100,10929.9,11264.0,58,255.922
2026-06-26T07:35:54.767390+00:00,scheduler,0,100,11167.9,11264.0,60,245.946
2026-06-26T07:35:54.767390+00:00,scheduler,1,100,10929.9,11264.0,58,248.77
2026-06-26T07:35:59.773628+00:00,scheduler,0,100,11167.9,11264.0,60,238.994
2026-06-26T07:35:59.773628+00:00,scheduler,1,100,10929.9,11264.0,58,252.908
2026-06-26T07:36:04.779107+00:00,scheduler,0,100,11167.9,11264.0,60,240.482
2026-06-26T07:36:04.779107+00:00,scheduler,1,100,10929.9,11264.0,58,251.038
2026-06-26T07:36:09.788260+00:00,scheduler,0,100,11167.9,11264.0,59,245.071
2026-06-26T07:36:09.788260+00:00,scheduler,1,100,10929.9,11264.0,58,249.742
2026-06-26T07:36:14.797554+00:00,scheduler,0,100,11167.9,11264.0,60,251.322
2026-06-26T07:36:14.797554+00:00,scheduler,1,100,10929.9,11264.0,58,238.501
2026-06-26T07:36:19.803245+00:00,scheduler,0,100,11167.9,11264.0,60,254.692
2026-06-26T07:36:19.803245+00:00,scheduler,1,100,10929.9,11264.0,58,245.985
2026-06-26T07:36:24.811138+00:00,scheduler,0,100,11167.9,11264.0,60,245.463
2026-06-26T07:36:24.811138+00:00,scheduler,1,100,10929.9,11264.0,58,257.847
2026-06-26T07:36:29.816545+00:00,scheduler,0,100,11167.9,11264.0,60,237.908
2026-06-26T07:36:29.816545+00:00,scheduler,1,100,10929.9,11264.0,58,248.079
2026-06-26T07:36:34.824292+00:00,scheduler,0,100,11167.9,11264.0,60,246.149
2026-06-26T07:36:34.824292+00:00,scheduler,1,100,10929.9,11264.0,58,247.429
2026-06-26T07:36:39.829766+00:00,scheduler,0,100,11167.9,11264.0,60,252.559
2026-06-26T07:36:39.829766+00:00,scheduler,1,100,10929.9,11264.0,58,251.467
2026-06-26T07:36:44.835987+00:00,scheduler,0,100,11167.9,11264.0,60,247.171
2026-06-26T07:36:44.835987+00:00,scheduler,1,100,10929.9,11264.0,58,251.116
2026-06-26T07:36:49.844555+00:00,scheduler,0,100,11167.9,11264.0,60,244.553
2026-06-26T07:36:49.844555+00:00,scheduler,1,100,10929.9,11264.0,58,250.265
2026-06-26T07:36:54.851942+00:00,scheduler,0,100,11167.9,11264.0,60,248.394
2026-06-26T07:36:54.851942+00:00,scheduler,1,100,10929.9,11264.0,58,245.965
2026-06-26T07:36:59.860915+00:00,scheduler,0,100,11167.9,11264.0,60,245.949
2026-06-26T07:36:59.860915+00:00,scheduler,1,100,10929.9,11264.0,58,248.02
2026-06-26T07:37:04.868708+00:00,scheduler,0,100,11167.9,11264.0,60,240.111
2026-06-26T07:37:04.868708+00:00,scheduler,1,100,10929.9,11264.0,58,252.19
2026-06-26T07:37:09.874189+00:00,scheduler,0,100,11167.9,11264.0,60,245.894
2026-06-26T07:37:09.874189+00:00,scheduler,1,100,10929.9,11264.0,58,249.596
2026-06-26T07:37:14.881654+00:00,scheduler,0,100,11167.9,11264.0,60,249.201
2026-06-26T07:37:14.881654+00:00,scheduler,1,100,10929.9,11264.0,58,239.375
2026-06-26T07:37:19.888799+00:00,scheduler,0,100,11167.9,11264.0,60,256.694
2026-06-26T07:37:19.888799+00:00,scheduler,1,100,10929.9,11264.0,58,247.089
2026-06-26T07:37:24.896304+00:00,scheduler,0,100,11167.9,11264.0,60,239.124
2026-06-26T07:37:24.896304+00:00,scheduler,1,100,10929.9,11264.0,58,257.569
2026-06-26T07:37:29.905207+00:00,scheduler,0,100,11167.9,11264.0,60,248.802
2026-06-26T07:37:29.905207+00:00,scheduler,1,100,10929.9,11264.0,58,244.559
2026-06-26T07:37:34.919879+00:00,scheduler,0,100,11167.9,11264.0,60,245.738
2026-06-26T07:37:34.919879+00:00,scheduler,1,100,10929.9,11264.0,58,257.903
2026-06-26T07:37:39.929088+00:00,scheduler,0,100,11167.9,11264.0,60,238.587
2026-06-26T07:37:39.929088+00:00,scheduler,1,100,10929.9,11264.0,57,246.44
2026-06-26T07:37:44.937281+00:00,scheduler,0,100,11167.9,11264.0,59,245.182
2026-06-26T07:37:44.937281+00:00,scheduler,1,100,10929.9,11264.0,58,249.183
2026-06-26T07:37:49.943792+00:00,scheduler,0,100,11167.9,11264.0,60,244.756
2026-06-26T07:37:49.943792+00:00,scheduler,1,100,10929.9,11264.0,58,242.336
2026-06-26T07:37:54.950094+00:00,scheduler,0,100,11167.9,11264.0,60,247.031
2026-06-26T07:37:54.950094+00:00,scheduler,1,100,10929.9,11264.0,57,246.729
2026-06-26T07:37:59.958537+00:00,scheduler,0,100,11167.9,11264.0,60,241.711
2026-06-26T07:37:59.958537+00:00,scheduler,1,12,10929.9,11264.0,53,57.302
2026-06-26T07:38:04.965147+00:00,scheduler,0,100,11167.9,11264.0,60,245.381
2026-06-26T07:38:04.965147+00:00,scheduler,1,75,4985.9,11264.0,55,250.452
2026-06-26T07:38:09.975119+00:00,scheduler,0,100,11167.9,11264.0,60,249.101
2026-06-26T07:38:09.975119+00:00,scheduler,1,0,887.9,11264.0,49,55.54
2026-06-26T07:38:14.983176+00:00,scheduler,0,100,11167.9,11264.0,59,248.403
2026-06-26T07:38:14.983176+00:00,scheduler,1,0,887.9,11264.0,48,55.445
2026-06-26T07:38:19.991545+00:00,scheduler,0,100,11167.9,11264.0,60,243.373
2026-06-26T07:38:19.991545+00:00,scheduler,1,0,887.9,11264.0,47,55.073
2026-06-26T07:38:24.996948+00:00,scheduler,0,100,11167.9,11264.0,60,239.672
2026-06-26T07:38:24.996948+00:00,scheduler,1,0,887.9,11264.0,44,4.577
2026-06-26T07:38:30.006814+00:00,scheduler,0,100,11167.9,11264.0,60,255.492
2026-06-26T07:38:30.006814+00:00,scheduler,1,0,887.9,11264.0,42,3.889
2026-06-26T07:38:35.018240+00:00,scheduler,0,100,11167.9,11264.0,60,248.05
2026-06-26T07:38:35.018240+00:00,scheduler,1,0,887.9,11264.0,41,3.132
2026-06-26T07:38:40.030127+00:00,scheduler,0,100,11167.9,11264.0,60,246.666
2026-06-26T07:38:40.030127+00:00,scheduler,1,0,665.9,11264.0,40,3.131
2026-06-26T07:38:45.040069+00:00,scheduler,0,100,11167.9,11264.0,60,247.315
2026-06-26T07:38:45.040069+00:00,scheduler,1,0,665.9,11264.0,39,3.395
2026-06-26T07:38:50.049409+00:00,scheduler,0,100,11167.9,11264.0,60,244.194
2026-06-26T07:38:50.049409+00:00,scheduler,1,0,665.9,11264.0,38,4.135
2026-06-26T07:38:55.058617+00:00,scheduler,0,100,11167.9,11264.0,60,243.821
2026-06-26T07:38:55.058617+00:00,scheduler,1,0,665.9,11264.0,38,4.344
2026-06-26T07:39:00.068778+00:00,scheduler,0,100,11167.9,11264.0,60,244.998
2026-06-26T07:39:00.068778+00:00,scheduler,1,0,665.9,11264.0,37,5.175
2026-06-26T07:39:05.078886+00:00,scheduler,0,100,11167.9,11264.0,60,247.607
2026-06-26T07:39:05.078886+00:00,scheduler,1,0,665.9,11264.0,37,4.361
2026-06-26T07:39:10.087849+00:00,scheduler,0,100,11167.9,11264.0,60,243.087
2026-06-26T07:39:10.087849+00:00,scheduler,1,0,665.9,11264.0,36,5.057
2026-06-26T07:39:15.100729+00:00,scheduler,0,100,11167.9,11264.0,60,255.942
2026-06-26T07:39:15.100729+00:00,scheduler,1,0,665.9,11264.0,36,4.625
2026-06-26T07:39:20.111479+00:00,scheduler,0,100,11167.9,11264.0,60,240.802
2026-06-26T07:39:20.111479+00:00,scheduler,1,0,665.9,11264.0,36,4.34
2026-06-26T07:39:25.120432+00:00,scheduler,0,100,11167.9,11264.0,60,256.261
2026-06-26T07:39:25.120432+00:00,scheduler,1,0,665.9,11264.0,35,3.845
2026-06-26T07:39:30.132017+00:00,scheduler,0,100,11167.9,11264.0,60,249.25
2026-06-26T07:39:30.132017+00:00,scheduler,1,0,665.9,11264.0,35,4.043
2026-06-26T07:39:35.165196+00:00,scheduler,0,100,11167.9,11264.0,60,240.225
2026-06-26T07:39:35.165196+00:00,scheduler,1,0,665.9,11264.0,35,3.739
2026-06-26T07:39:40.174262+00:00,scheduler,0,100,11167.9,11264.0,60,242.04
2026-06-26T07:39:40.174262+00:00,scheduler,1,0,665.9,11264.0,35,4.098
2026-06-26T07:39:45.185822+00:00,scheduler,0,100,11167.9,11264.0,60,245.416
2026-06-26T07:39:45.185822+00:00,scheduler,1,0,665.9,11264.0,35,4.472
2026-06-26T07:39:50.194886+00:00,scheduler,0,100,11167.9,11264.0,60,245.996
2026-06-26T07:39:50.194886+00:00,scheduler,1,0,665.9,11264.0,34,4.189
2026-06-26T07:39:55.207309+00:00,scheduler,0,100,11167.9,11264.0,60,246.539
2026-06-26T07:39:55.207309+00:00,scheduler,1,0,665.9,11264.0,34,3.666
2026-06-26T07:40:00.217375+00:00,scheduler,0,100,11167.9,11264.0,60,245.415
2026-06-26T07:40:00.217375+00:00,scheduler,1,0,665.9,11264.0,34,4.205
2026-06-26T07:40:05.227555+00:00,scheduler,0,100,11167.9,11264.0,60,245.521
2026-06-26T07:40:05.227555+00:00,scheduler,1,0,665.9,11264.0,34,3.957
2026-06-26T07:40:10.236680+00:00,scheduler,0,100,11167.9,11264.0,60,237.063
2026-06-26T07:40:10.236680+00:00,scheduler,1,0,665.9,11264.0,34,3.813
2026-06-26T07:40:15.246634+00:00,scheduler,0,100,11167.9,11264.0,60,240.412
2026-06-26T07:40:15.246634+00:00,scheduler,1,0,665.9,11264.0,33,4.485
2026-06-26T07:40:20.257057+00:00,scheduler,0,100,11167.9,11264.0,60,244.398
2026-06-26T07:40:20.257057+00:00,scheduler,1,0,665.9,11264.0,33,3.627
2026-06-26T07:40:25.266089+00:00,scheduler,0,10,11167.9,11264.0,54,57.903
2026-06-26T07:40:25.266089+00:00,scheduler,1,0,665.9,11264.0,33,4.053
2026-06-26T07:40:30.276658+00:00,scheduler,0,4,11167.9,11264.0,52,57.292
2026-06-26T07:40:30.276658+00:00,scheduler,1,0,665.9,11264.0,33,3.558
2026-06-26T07:40:35.291137+00:00,scheduler,0,4,11167.9,11264.0,51,57.151
2026-06-26T07:40:35.291137+00:00,scheduler,1,0,665.9,11264.0,33,4.369
2026-06-26T07:40:40.303696+00:00,scheduler,0,0,1125.9,11264.0,51,56.912
2026-06-26T07:40:40.303696+00:00,scheduler,1,0,665.9,11264.0,33,3.612
2026-06-26T07:40:45.313378+00:00,scheduler,0,0,1125.9,11264.0,49,56.851
2026-06-26T07:40:45.313378+00:00,scheduler,1,0,665.9,11264.0,33,4.219
2026-06-26T07:40:50.322289+00:00,scheduler,0,0,1125.9,11264.0,48,56.767
2026-06-26T07:40:50.322289+00:00,scheduler,1,0,665.9,11264.0,33,3.252
2026-06-26T07:40:55.332246+00:00,scheduler,0,0,1125.9,11264.0,46,4.651
2026-06-26T07:40:55.332246+00:00,scheduler,1,0,665.9,11264.0,33,3.142
2026-06-26T07:41:00.344862+00:00,scheduler,0,0,1125.9,11264.0,45,4.325
2026-06-26T07:41:00.344862+00:00,scheduler,1,0,665.9,11264.0,32,3.371
2026-06-26T07:41:05.357224+00:00,scheduler,0,0,903.9,11264.0,43,3.527
2026-06-26T07:41:05.357224+00:00,scheduler,1,0,665.9,11264.0,32,2.976
2026-06-26T07:41:10.371301+00:00,scheduler,0,0,903.9,11264.0,43,3.733
2026-06-26T07:41:10.371301+00:00,scheduler,1,0,665.9,11264.0,32,3.246
2026-06-26T07:41:15.385079+00:00,scheduler,0,0,903.9,11264.0,42,3.359
2026-06-26T07:41:15.385079+00:00,scheduler,1,0,665.9,11264.0,32,3.273
2026-06-26T07:41:20.397423+00:00,scheduler,0,0,903.9,11264.0,41,3.832
2026-06-26T07:41:20.397423+00:00,scheduler,1,0,665.9,11264.0,32,2.547
2026-06-26T07:41:25.409824+00:00,scheduler,0,0,903.9,11264.0,40,3.259
2026-06-26T07:41:25.409824+00:00,scheduler,1,0,665.9,11264.0,32,2.624
2026-06-26T07:41:30.424914+00:00,scheduler,0,0,903.9,11264.0,40,3.623
2026-06-26T07:41:30.424914+00:00,scheduler,1,0,665.9,11264.0,32,3.004
2026-06-26T07:41:35.437240+00:00,scheduler,0,0,903.9,11264.0,39,3.627
2026-06-26T07:41:35.437240+00:00,scheduler,1,0,665.9,11264.0,32,2.644
2026-06-26T07:41:40.451226+00:00,scheduler,0,0,903.9,11264.0,39,3.275
2026-06-26T07:41:40.451226+00:00,scheduler,1,0,665.9,11264.0,32,3.285
2026-06-26T07:41:45.465012+00:00,scheduler,0,0,903.9,11264.0,39,3.245
2026-06-26T07:41:45.465012+00:00,scheduler,1,0,665.9,11264.0,32,3.107
2026-06-26T07:41:50.477421+00:00,scheduler,0,0,903.9,11264.0,38,3.61
2026-06-26T07:41:50.477421+00:00,scheduler,1,0,665.9,11264.0,32,3.45
2026-06-26T07:41:55.489779+00:00,scheduler,0,0,903.9,11264.0,38,3.363
2026-06-26T07:41:55.489779+00:00,scheduler,1,0,665.9,11264.0,32,3.047
2026-06-26T07:42:00.502793+00:00,scheduler,0,0,903.9,11264.0,38,3.229
2026-06-26T07:42:00.502793+00:00,scheduler,1,0,665.9,11264.0,32,3.287
2026-06-26T07:42:05.515192+00:00,scheduler,0,0,903.9,11264.0,37,3.651
2026-06-26T07:42:05.515192+00:00,scheduler,1,0,665.9,11264.0,32,2.505
2026-06-26T07:42:10.527836+00:00,scheduler,0,0,903.9,11264.0,37,2.95
2026-06-26T07:42:10.527836+00:00,scheduler,1,0,665.9,11264.0,31,3.283
2026-06-26T07:42:15.540542+00:00,scheduler,0,0,903.9,11264.0,37,3.22
2026-06-26T07:42:15.540542+00:00,scheduler,1,0,665.9,11264.0,31,2.889
2026-06-26T07:42:20.554083+00:00,scheduler,0,0,903.9,11264.0,37,2.914
2026-06-26T07:42:20.554083+00:00,scheduler,1,0,665.9,11264.0,31,2.973
2026-06-26T07:42:25.567908+00:00,scheduler,0,0,903.9,11264.0,37,3.29
2026-06-26T07:42:25.567908+00:00,scheduler,1,0,665.9,11264.0,31,2.908
2026-06-26T07:42:30.581421+00:00,scheduler,0,0,903.9,11264.0,36,2.804
2026-06-26T07:42:30.581421+00:00,scheduler,1,0,665.9,11264.0,31,3.211
2026-06-26T07:42:35.594021+00:00,scheduler,0,0,903.9,11264.0,36,3.616
2026-06-26T07:42:35.594021+00:00,scheduler,1,0,665.9,11264.0,31,4.027
2026-06-26T07:42:40.609856+00:00,scheduler,0,0,903.9,11264.0,36,2.941
2026-06-26T07:42:40.609856+00:00,scheduler,1,0,665.9,11264.0,31,3.604
2026-06-26T07:42:45.622432+00:00,scheduler,0,0,903.9,11264.0,36,3.155
2026-06-26T07:42:45.622432+00:00,scheduler,1,0,665.9,11264.0,31,3.303
2026-06-26T07:42:50.637304+00:00,scheduler,0,0,903.9,11264.0,36,3.127
2026-06-26T07:42:50.637304+00:00,scheduler,1,0,665.9,11264.0,31,3.398
2026-06-26T07:42:55.650639+00:00,scheduler,0,0,903.9,11264.0,36,3.038
2026-06-26T07:42:55.650639+00:00,scheduler,1,0,665.9,11264.0,31,3.281
2026-06-26T07:43:00.662951+00:00,scheduler,0,0,903.9,11264.0,36,3.267
2026-06-26T07:43:00.662951+00:00,scheduler,1,0,665.9,11264.0,31,3.292
2026-06-26T07:43:05.675266+00:00,scheduler,0,0,903.9,11264.0,35,3.542
2026-06-26T07:43:05.675266+00:00,scheduler,1,0,665.9,11264.0,31,3.787
2026-06-26T07:43:10.688978+00:00,scheduler,0,0,903.9,11264.0,35,3.206
2026-06-26T07:43:10.688978+00:00,scheduler,1,0,665.9,11264.0,31,2.941
2026-06-26T07:43:15.701100+00:00,scheduler,0,0,903.9,11264.0,35,3.126
2026-06-26T07:43:15.701100+00:00,scheduler,1,0,665.9,11264.0,31,3.674
2026-06-26T07:43:20.714067+00:00,scheduler,0,0,903.9,11264.0,35,3.337
2026-06-26T07:43:20.714067+00:00,scheduler,1,0,665.9,11264.0,31,2.887
2026-06-26T07:43:25.727739+00:00,scheduler,0,0,903.9,11264.0,35,2.941
2026-06-26T07:43:25.727739+00:00,scheduler,1,0,665.9,11264.0,31,3.323
2026-06-26T07:43:30.739831+00:00,scheduler,0,0,903.9,11264.0,35,3.31
2026-06-26T07:43:30.739831+00:00,scheduler,1,0,665.9,11264.0,31,3.162
2026-06-26T07:43:35.751867+00:00,scheduler,0,0,903.9,11264.0,35,3.061
2026-06-26T07:43:35.751867+00:00,scheduler,1,0,665.9,11264.0,31,3.269
2026-06-26T07:43:40.765377+00:00,scheduler,0,0,903.9,11264.0,35,2.351
2026-06-26T07:43:40.765377+00:00,scheduler,1,0,665.9,11264.0,31,3.375
2026-06-26T07:43:45.778746+00:00,scheduler,0,0,903.9,11264.0,35,2.439
2026-06-26T07:43:45.778746+00:00,scheduler,1,0,665.9,11264.0,31,3.723
2026-06-26T07:43:50.790887+00:00,scheduler,0,0,903.9,11264.0,35,2.302
2026-06-26T07:43:50.790887+00:00,scheduler,1,0,665.9,11264.0,31,3.085
2026-06-26T07:43:55.803212+00:00,scheduler,0,0,903.9,11264.0,35,2.716
2026-06-26T07:43:55.803212+00:00,scheduler,1,0,665.9,11264.0,31,3.288
2026-06-26T07:44:00.816562+00:00,scheduler,0,0,903.9,11264.0,35,2.694
2026-06-26T07:44:00.816562+00:00,scheduler,1,0,665.9,11264.0,31,3.224
2026-06-26T07:44:05.830010+00:00,scheduler,0,0,903.9,11264.0,34,2.626
2026-06-26T07:44:05.830010+00:00,scheduler,1,0,665.9,11264.0,31,3.324
2026-06-26T07:44:10.842373+00:00,scheduler,0,0,903.9,11264.0,34,2.201
2026-06-26T07:44:10.842373+00:00,scheduler,1,0,665.9,11264.0,31,3.339
2026-06-26T07:44:15.857328+00:00,scheduler,0,0,903.9,11264.0,34,2.342
2026-06-26T07:44:15.857328+00:00,scheduler,1,0,665.9,11264.0,31,3.555
2026-06-26T07:44:20.873119+00:00,scheduler,0,0,903.9,11264.0,34,2.631
2026-06-26T07:44:20.873119+00:00,scheduler,1,0,665.9,11264.0,31,3.093
2026-06-26T07:44:25.885574+00:00,scheduler,0,0,903.9,11264.0,34,2.332
2026-06-26T07:44:25.885574+00:00,scheduler,1,0,665.9,11264.0,30,3.389
2026-06-26T07:44:30.901066+00:00,scheduler,0,0,903.9,11264.0,34,2.467
2026-06-26T07:44:30.901066+00:00,scheduler,1,0,665.9,11264.0,31,3.365
2026-06-26T07:44:35.914874+00:00,scheduler,0,0,903.9,11264.0,34,2.564
2026-06-26T07:44:35.914874+00:00,scheduler,1,0,665.9,11264.0,30,2.992
2026-06-26T07:44:40.928556+00:00,scheduler,0,0,903.9,11264.0,34,2.869
2026-06-26T07:44:40.928556+00:00,scheduler,1,0,665.9,11264.0,30,3.941
2026-06-26T07:44:45.942094+00:00,scheduler,0,0,903.9,11264.0,34,2.264
2026-06-26T07:44:45.942094+00:00,scheduler,1,0,665.9,11264.0,30,2.667
2026-06-26T07:44:50.954665+00:00,scheduler,0,0,903.9,11264.0,34,2.522
2026-06-26T07:44:50.954665+00:00,scheduler,1,0,665.9,11264.0,30,3.38
2026-06-26T07:44:55.969232+00:00,scheduler,0,0,903.9,11264.0,34,2.24
2026-06-26T07:44:55.969232+00:00,scheduler,1,0,665.9,11264.0,30,2.753
2026-06-26T07:45:00.982584+00:00,scheduler,0,0,903.9,11264.0,34,2.774
2026-06-26T07:45:00.982584+00:00,scheduler,1,0,665.9,11264.0,30,3.125
2026-06-26T07:45:05.995042+00:00,scheduler,0,0,903.9,11264.0,34,2.481
2026-06-26T07:45:05.995042+00:00,scheduler,1,0,665.9,11264.0,30,3.293
2026-06-26T07:45:11.007439+00:00,scheduler,0,0,903.9,11264.0,34,2.701
2026-06-26T07:45:11.007439+00:00,scheduler,1,0,665.9,11264.0,30,3.521
2026-06-26T07:45:16.019820+00:00,scheduler,0,0,903.9,11264.0,34,2.488
2026-06-26T07:45:16.019820+00:00,scheduler,1,0,665.9,11264.0,30,3.487
2026-06-26T07:45:21.031996+00:00,scheduler,0,0,903.9,11264.0,34,2.433
2026-06-26T07:45:21.031996+00:00,scheduler,1,0,665.9,11264.0,30,3.578
2026-06-26T07:45:26.045543+00:00,scheduler,0,0,903.9,11264.0,34,2.53
2026-06-26T07:45:26.045543+00:00,scheduler,1,0,665.9,11264.0,30,3.282
2026-06-26T07:45:31.058611+00:00,scheduler,0,0,903.9,11264.0,34,2.732
2026-06-26T07:45:31.058611+00:00,scheduler,1,0,665.9,11264.0,30,3.303
2026-06-26T07:45:36.070641+00:00,scheduler,0,0,903.9,11264.0,34,2.512
2026-06-26T07:45:36.070641+00:00,scheduler,1,0,665.9,11264.0,30,3.096
2026-06-26T07:45:41.082932+00:00,scheduler,0,0,903.9,11264.0,34,2.59
2026-06-26T07:45:41.082932+00:00,scheduler,1,0,665.9,11264.0,30,3.431
2026-06-26T07:45:46.096864+00:00,scheduler,0,0,903.9,11264.0,34,2.781
2026-06-26T07:45:46.096864+00:00,scheduler,1,0,665.9,11264.0,30,3.653
2026-06-26T07:45:51.108877+00:00,scheduler,0,0,903.9,11264.0,34,2.76
2026-06-26T07:45:51.108877+00:00,scheduler,1,0,665.9,11264.0,30,3.778
2026-06-26T07:45:56.121037+00:00,scheduler,0,0,903.9,11264.0,34,2.723
2026-06-26T07:45:56.121037+00:00,scheduler,1,0,665.9,11264.0,30,3.65
2026-06-26T07:46:01.133164+00:00,scheduler,0,0,903.9,11264.0,33,2.402
2026-06-26T07:46:01.133164+00:00,scheduler,1,0,665.9,11264.0,30,4.286
2026-06-26T07:46:06.145302+00:00,scheduler,0,0,903.9,11264.0,33,2.715
2026-06-26T07:46:06.145302+00:00,scheduler,1,0,665.9,11264.0,30,3.334
2026-06-26T07:46:11.157404+00:00,scheduler,0,0,903.9,11264.0,33,2.416
2026-06-26T07:46:11.157404+00:00,scheduler,1,0,665.9,11264.0,30,3.789
2026-06-26T07:46:16.169540+00:00,scheduler,0,0,903.9,11264.0,33,2.89
2026-06-26T07:46:16.169540+00:00,scheduler,1,0,665.9,11264.0,30,3.852
2026-06-26T07:46:21.181583+00:00,scheduler,0,0,903.9,11264.0,33,2.328
2026-06-26T07:46:21.181583+00:00,scheduler,1,0,665.9,11264.0,30,3.547
2026-06-26T07:46:26.193819+00:00,scheduler,0,0,903.9,11264.0,33,3.113
2026-06-26T07:46:26.193819+00:00,scheduler,1,0,665.9,11264.0,30,3.164
2026-06-26T07:46:31.205971+00:00,scheduler,0,0,903.9,11264.0,33,2.539
2026-06-26T07:46:31.205971+00:00,scheduler,1,0,665.9,11264.0,30,3.404
2026-06-26T07:46:36.218089+00:00,scheduler,0,0,903.9,11264.0,33,2.545
2026-06-26T07:46:36.218089+00:00,scheduler,1,0,665.9,11264.0,30,3.681
2026-06-26T07:46:41.231329+00:00,scheduler,0,0,903.9,11264.0,33,3.083
2026-06-26T07:46:41.231329+00:00,scheduler,1,0,665.9,11264.0,30,3.704
2026-06-26T07:46:46.243789+00:00,scheduler,0,0,903.9,11264.0,33,2.612
2026-06-26T07:46:46.243789+00:00,scheduler,1,0,665.9,11264.0,30,3.413
2026-06-26T07:46:51.256235+00:00,scheduler,0,0,903.9,11264.0,33,3.097
2026-06-26T07:46:51.256235+00:00,scheduler,1,0,665.9,11264.0,30,3.42
2026-06-26T07:46:56.269795+00:00,scheduler,0,0,903.9,11264.0,33,2.753
2026-06-26T07:46:56.269795+00:00,scheduler,1,0,665.9,11264.0,30,3.327
2026-06-26T07:47:01.283863+00:00,scheduler,0,0,903.9,11264.0,33,2.641
2026-06-26T07:47:01.283863+00:00,scheduler,1,0,665.9,11264.0,30,3.348
2026-06-26T07:47:06.295902+00:00,scheduler,0,0,903.9,11264.0,33,3.138
2026-06-26T07:47:06.295902+00:00,scheduler,1,0,665.9,11264.0,30,3.49
2026-06-26T07:47:11.310278+00:00,scheduler,0,0,903.9,11264.0,33,2.584
2026-06-26T07:47:11.310278+00:00,scheduler,1,0,665.9,11264.0,30,3.449
2026-06-26T07:47:16.323645+00:00,scheduler,0,0,903.9,11264.0,33,3.019
2026-06-26T07:47:16.323645+00:00,scheduler,1,0,665.9,11264.0,30,3.536
2026-06-26T07:47:21.336029+00:00,scheduler,0,0,903.9,11264.0,33,2.765
2026-06-26T07:47:21.336029+00:00,scheduler,1,0,665.9,11264.0,30,3.212
2026-06-26T07:47:26.348285+00:00,scheduler,0,0,903.9,11264.0,33,3.322
2026-06-26T07:47:26.348285+00:00,scheduler,1,0,665.9,11264.0,30,3.34
2026-06-26T07:47:31.360818+00:00,scheduler,0,0,903.9,11264.0,33,2.992
2026-06-26T07:47:31.360818+00:00,scheduler,1,0,665.9,11264.0,30,3.113
2026-06-26T07:47:36.373155+00:00,scheduler,0,0,903.9,11264.0,33,3.131
2026-06-26T07:47:36.373155+00:00,scheduler,1,0,665.9,11264.0,30,3.205
2026-06-26T07:47:41.385593+00:00,scheduler,0,0,903.9,11264.0,33,2.817
2026-06-26T07:47:41.385593+00:00,scheduler,1,0,665.9,11264.0,30,3.125
2026-06-26T07:47:46.398099+00:00,scheduler,0,0,903.9,11264.0,33,3.148
2026-06-26T07:47:46.398099+00:00,scheduler,1,0,665.9,11264.0,30,3.696
2026-06-26T07:47:51.411577+00:00,scheduler,0,0,903.9,11264.0,33,2.877
2026-06-26T07:47:51.411577+00:00,scheduler,1,0,665.9,11264.0,30,3.284
2026-06-26T07:47:56.423942+00:00,scheduler,0,0,903.9,11264.0,33,2.976
2026-06-26T07:47:56.423942+00:00,scheduler,1,0,665.9,11264.0,30,3.412
2026-06-26T07:48:01.437281+00:00,scheduler,0,0,903.9,11264.0,33,2.706
2026-06-26T07:48:01.437281+00:00,scheduler,1,0,665.9,11264.0,30,3.039
2026-06-26T07:48:06.449602+00:00,scheduler,0,0,903.9,11264.0,33,2.823
2026-06-26T07:48:06.449602+00:00,scheduler,1,0,665.9,11264.0,30,3.28
2026-06-26T07:48:11.461674+00:00,scheduler,0,0,903.9,11264.0,33,2.731
2026-06-26T07:48:11.461674+00:00,scheduler,1,0,665.9,11264.0,30,3.024
2026-06-26T07:48:16.473864+00:00,scheduler,0,0,903.9,11264.0,33,2.473
2026-06-26T07:48:16.473864+00:00,scheduler,1,0,665.9,11264.0,30,3.191
2026-06-26T07:48:21.486784+00:00,scheduler,0,0,903.9,11264.0,33,2.866
2026-06-26T07:48:21.486784+00:00,scheduler,1,0,665.9,11264.0,30,3.118
2026-06-26T07:48:26.498962+00:00,scheduler,0,0,903.9,11264.0,33,2.418
2026-06-26T07:48:26.498962+00:00,scheduler,1,0,665.9,11264.0,30,2.858
2026-06-26T07:48:31.511167+00:00,scheduler,0,0,903.9,11264.0,33,3.091
2026-06-26T07:48:31.511167+00:00,scheduler,1,0,665.9,11264.0,30,3.258
2026-06-26T07:48:36.523189+00:00,scheduler,0,0,903.9,11264.0,33,2.719
2026-06-26T07:48:36.523189+00:00,scheduler,1,0,665.9,11264.0,30,3.074
2026-06-26T07:48:41.535321+00:00,scheduler,0,0,903.9,11264.0,33,3.075
2026-06-26T07:48:41.535321+00:00,scheduler,1,0,665.9,11264.0,30,2.914
2026-06-26T07:48:46.548907+00:00,scheduler,0,0,903.9,11264.0,33,2.664
2026-06-26T07:48:46.548907+00:00,scheduler,1,0,665.9,11264.0,30,2.82
2026-06-26T07:48:51.560924+00:00,scheduler,0,0,903.9,11264.0,33,3.131
2026-06-26T07:48:51.560924+00:00,scheduler,1,0,665.9,11264.0,30,3.204
2026-06-26T07:48:56.573174+00:00,scheduler,0,0,903.9,11264.0,33,2.791
2026-06-26T07:48:56.573174+00:00,scheduler,1,0,665.9,11264.0,30,3.446
2026-06-26T07:49:01.586906+00:00,scheduler,0,0,903.9,11264.0,33,2.681
2026-06-26T07:49:01.586906+00:00,scheduler,1,0,665.9,11264.0,30,3.242
2026-06-26T07:49:06.599049+00:00,scheduler,0,0,903.9,11264.0,33,3.034
2026-06-26T07:49:06.599049+00:00,scheduler,1,0,665.9,11264.0,30,3.184
2026-06-26T07:49:11.611262+00:00,scheduler,0,0,903.9,11264.0,33,3.017
2026-06-26T07:49:11.611262+00:00,scheduler,1,0,665.9,11264.0,30,3.501
2026-06-26T07:49:16.623593+00:00,scheduler,0,0,903.9,11264.0,33,3.079
2026-06-26T07:49:16.623593+00:00,scheduler,1,0,665.9,11264.0,30,2.816
2026-06-26T07:49:21.635754+00:00,scheduler,0,0,903.9,11264.0,33,2.765
2026-06-26T07:49:21.635754+00:00,scheduler,1,0,665.9,11264.0,30,2.983
2026-06-26T07:49:26.648132+00:00,scheduler,0,0,903.9,11264.0,33,2.423
2026-06-26T07:49:26.648132+00:00,scheduler,1,0,665.9,11264.0,30,2.783
2026-06-26T07:49:31.661636+00:00,scheduler,0,0,903.9,11264.0,33,2.406
2026-06-26T07:49:31.661636+00:00,scheduler,1,0,665.9,11264.0,30,2.881
2026-06-26T07:49:36.675264+00:00,scheduler,0,0,903.9,11264.0,33,2.857
2026-06-26T07:49:36.675264+00:00,scheduler,1,0,665.9,11264.0,30,3.014
2026-06-26T07:49:41.687619+00:00,scheduler,0,0,903.9,11264.0,33,2.324
2026-06-26T07:49:41.687619+00:00,scheduler,1,0,665.9,11264.0,30,2.945
2026-06-26T07:49:46.700178+00:00,scheduler,0,0,903.9,11264.0,33,2.941
2026-06-26T07:49:46.700178+00:00,scheduler,1,0,665.9,11264.0,30,3.492
2026-06-26T07:49:51.730240+00:00,scheduler,0,0,903.9,11264.0,33,2.29
2026-06-26T07:49:51.730240+00:00,scheduler,1,0,665.9,11264.0,30,2.984
2026-06-26T07:49:56.742586+00:00,scheduler,0,0,903.9,11264.0,33,2.931
2026-06-26T07:49:56.742586+00:00,scheduler,1,0,665.9,11264.0,30,3.612
2026-06-26T07:50:01.755251+00:00,scheduler,0,0,903.9,11264.0,33,2.739
2026-06-26T07:50:01.755251+00:00,scheduler,1,0,665.9,11264.0,30,3.293
2026-06-26T07:50:06.767642+00:00,scheduler,0,0,903.9,11264.0,33,2.424
2026-06-26T07:50:06.767642+00:00,scheduler,1,0,665.9,11264.0,30,2.978
2026-06-26T07:50:11.780302+00:00,scheduler,0,0,903.9,11264.0,33,2.551
2026-06-26T07:50:11.780302+00:00,scheduler,1,0,665.9,11264.0,30,2.624
2026-06-26T07:50:16.793866+00:00,scheduler,0,0,903.9,11264.0,33,2.925
2026-06-26T07:50:16.793866+00:00,scheduler,1,0,665.9,11264.0,30,3.292
2026-06-26T07:50:21.806985+00:00,scheduler,0,0,903.9,11264.0,33,2.663
2026-06-26T07:50:21.806985+00:00,scheduler,1,0,665.9,11264.0,30,2.9
2026-06-26T07:50:26.820548+00:00,scheduler,0,0,903.9,11264.0,33,3.662
2026-06-26T07:50:26.820548+00:00,scheduler,1,0,665.9,11264.0,30,3.437
2026-06-26T07:50:31.832824+00:00,scheduler,0,0,903.9,11264.0,33,3.439
2026-06-26T07:50:31.832824+00:00,scheduler,1,0,665.9,11264.0,30,3.006
2026-06-26T07:50:36.844559+00:00,scheduler,0,0,903.9,11264.0,33,3.204
2026-06-26T07:50:36.844559+00:00,scheduler,1,0,665.9,11264.0,30,3.503
2026-06-26T07:50:41.858744+00:00,scheduler,0,0,903.9,11264.0,33,3.758
2026-06-26T07:50:41.858744+00:00,scheduler,1,0,665.9,11264.0,30,2.956
2026-06-26T07:50:46.872455+00:00,scheduler,0,0,903.9,11264.0,33,3.253
2026-06-26T07:50:46.872455+00:00,scheduler,1,0,665.9,11264.0,30,3.375
2026-06-26T07:50:51.885074+00:00,scheduler,0,2,1645.9,11264.0,36,52.076
2026-06-26T07:50:51.885074+00:00,scheduler,1,0,665.9,11264.0,30,3.289
2026-06-26T07:50:56.894230+00:00,scheduler,0,1,2257.9,11264.0,36,52.054
2026-06-26T07:50:56.894230+00:00,scheduler,1,0,665.9,11264.0,30,3.134
2026-06-26T07:51:01.908027+00:00,scheduler,0,1,3033.9,11264.0,37,52.678
2026-06-26T07:51:01.908027+00:00,scheduler,1,0,665.9,11264.0,30,3.266
2026-06-26T07:51:06.928812+00:00,scheduler,0,1,3789.9,11264.0,37,52.703
2026-06-26T07:51:06.928812+00:00,scheduler,1,0,665.9,11264.0,30,3.304
2026-06-26T07:51:11.942292+00:00,scheduler,0,1,4381.9,11264.0,37,52.103
2026-06-26T07:51:11.942292+00:00,scheduler,1,0,665.9,11264.0,30,3.585
2026-06-26T07:51:16.952860+00:00,scheduler,0,1,5041.9,11264.0,38,52.352
2026-06-26T07:51:16.952860+00:00,scheduler,1,0,665.9,11264.0,30,3.452
2026-06-26T07:51:21.966308+00:00,scheduler,0,1,5729.9,11264.0,38,52.98
2026-06-26T07:51:21.966308+00:00,scheduler,1,0,665.9,11264.0,30,3.303
2026-06-26T07:51:26.976613+00:00,scheduler,0,1,6545.9,11264.0,38,53.213
2026-06-26T07:51:26.976613+00:00,scheduler,1,0,665.9,11264.0,30,4.131
2026-06-26T07:51:31.992451+00:00,scheduler,0,1,7417.9,11264.0,39,54.132
2026-06-26T07:51:31.992451+00:00,scheduler,1,0,665.9,11264.0,30,3.531
2026-06-26T07:51:37.002587+00:00,scheduler,0,1,8145.9,11264.0,39,53.22
2026-06-26T07:51:37.002587+00:00,scheduler,1,0,665.9,11264.0,30,3.838
2026-06-26T07:51:42.022534+00:00,scheduler,0,80,9009.9,11264.0,46,249.859
2026-06-26T07:51:42.022534+00:00,scheduler,1,0,665.9,11264.0,30,4.412
2026-06-26T07:51:47.033759+00:00,scheduler,0,3,9009.9,11264.0,40,53.765
2026-06-26T07:51:47.033759+00:00,scheduler,1,0,665.9,11264.0,30,4.554
2026-06-26T07:51:52.044877+00:00,scheduler,0,9,9009.9,11264.0,40,53.81
2026-06-26T07:51:52.044877+00:00,scheduler,1,0,665.9,11264.0,30,3.687
2026-06-26T07:51:57.053673+00:00,scheduler,0,2,2263.9,11264.0,40,54.282
2026-06-26T07:51:57.053673+00:00,scheduler,1,0,665.9,11264.0,30,4.203
2026-06-26T07:52:02.066095+00:00,scheduler,0,2,3145.9,11264.0,40,53.777
2026-06-26T07:52:02.066095+00:00,scheduler,1,0,665.9,11264.0,30,3.727
2026-06-26T07:52:07.081162+00:00,scheduler,0,3,4369.9,11264.0,41,54.209
2026-06-26T07:52:07.081162+00:00,scheduler,1,0,665.9,11264.0,30,4.256
2026-06-26T07:52:12.091721+00:00,scheduler,0,1,5467.9,11264.0,41,53.773
2026-06-26T07:52:12.091721+00:00,scheduler,1,0,665.9,11264.0,30,3.295
2026-06-26T07:52:17.107631+00:00,scheduler,0,2,6403.9,11264.0,41,54.079
2026-06-26T07:52:17.107631+00:00,scheduler,1,0,665.9,11264.0,30,3.489
2026-06-26T07:52:22.122580+00:00,scheduler,0,1,6943.9,11264.0,41,53.843
2026-06-26T07:52:22.122580+00:00,scheduler,1,0,665.9,11264.0,30,3.314
2026-06-26T07:52:27.138467+00:00,scheduler,0,2,7807.9,11264.0,41,53.938
2026-06-26T07:52:27.138467+00:00,scheduler,1,0,665.9,11264.0,30,3.281
2026-06-26T07:52:32.148207+00:00,scheduler,0,94,11165.9,11264.0,48,243.477
2026-06-26T07:52:32.148207+00:00,scheduler,1,0,665.9,11264.0,30,3.74
2026-06-26T07:52:37.158181+00:00,scheduler,0,100,11165.9,11264.0,50,251.083
2026-06-26T07:52:37.158181+00:00,scheduler,1,0,665.9,11264.0,30,3.574
2026-06-26T07:52:42.167131+00:00,scheduler,0,100,11167.9,11264.0,51,250.114
2026-06-26T07:52:42.167131+00:00,scheduler,1,0,665.9,11264.0,30,3.627
2026-06-26T07:52:47.176592+00:00,scheduler,0,100,11167.9,11264.0,52,243.211
2026-06-26T07:52:47.176592+00:00,scheduler,1,0,1407.9,11264.0,30,20.453
2026-06-26T07:52:52.181942+00:00,scheduler,0,100,11167.9,11264.0,53,247.763
2026-06-26T07:52:52.181942+00:00,scheduler,1,1,1563.9,11264.0,33,50.778
2026-06-26T07:52:57.190399+00:00,scheduler,0,100,11167.9,11264.0,54,240.421
2026-06-26T07:52:57.190399+00:00,scheduler,1,2,2387.9,11264.0,34,50.717
2026-06-26T07:53:02.199618+00:00,scheduler,0,100,11167.9,11264.0,55,244.071
2026-06-26T07:53:02.199618+00:00,scheduler,1,1,3203.9,11264.0,34,51.406
2026-06-26T07:53:07.214167+00:00,scheduler,0,100,11167.9,11264.0,56,255.506
2026-06-26T07:53:07.214167+00:00,scheduler,1,1,4027.9,11264.0,34,51.142
2026-06-26T07:53:12.223375+00:00,scheduler,0,100,11167.9,11264.0,57,250.911
2026-06-26T07:53:12.223375+00:00,scheduler,1,1,4715.9,11264.0,35,51.556
2026-06-26T07:53:17.236060+00:00,scheduler,0,100,11167.9,11264.0,57,245.364
2026-06-26T07:53:17.236060+00:00,scheduler,1,1,5395.9,11264.0,35,51.129
2026-06-26T07:53:22.250944+00:00,scheduler,0,100,11167.9,11264.0,58,245.009
2026-06-26T07:53:22.250944+00:00,scheduler,1,1,6015.9,11264.0,35,51.47
2026-06-26T07:53:27.260968+00:00,scheduler,0,100,11167.9,11264.0,58,244.6
2026-06-26T07:53:27.260968+00:00,scheduler,1,1,6655.9,11264.0,35,51.371
2026-06-26T07:53:32.268918+00:00,scheduler,0,100,11167.9,11264.0,58,248.378
2026-06-26T07:53:32.268918+00:00,scheduler,1,1,7247.9,11264.0,36,51.594
2026-06-26T07:53:37.275805+00:00,scheduler,0,100,11167.9,11264.0,59,250.788
2026-06-26T07:53:37.275805+00:00,scheduler,1,1,7859.9,11264.0,36,51.507
2026-06-26T07:53:42.285140+00:00,scheduler,0,100,11167.9,11264.0,59,240.365
2026-06-26T07:53:42.285140+00:00,scheduler,1,1,8581.9,11264.0,38,145.647
2026-06-26T07:53:47.290905+00:00,scheduler,0,100,11167.9,11264.0,59,247.548
2026-06-26T07:53:47.290905+00:00,scheduler,1,2,8771.9,11264.0,38,51.93
2026-06-26T07:53:52.297471+00:00,scheduler,0,100,11167.9,11264.0,59,242.205
2026-06-26T07:53:52.297471+00:00,scheduler,1,1,8771.9,11264.0,37,51.793
2026-06-26T07:53:57.306228+00:00,scheduler,0,100,11167.9,11264.0,59,247.247
2026-06-26T07:53:57.306228+00:00,scheduler,1,2,8771.9,11264.0,37,52.096
2026-06-26T07:54:02.313089+00:00,scheduler,0,100,11167.9,11264.0,59,242.795
2026-06-26T07:54:02.313089+00:00,scheduler,1,1,8771.9,11264.0,38,52.125
2026-06-26T07:54:07.320017+00:00,scheduler,0,100,11167.9,11264.0,59,248.444
2026-06-26T07:54:07.320017+00:00,scheduler,1,1,8771.9,11264.0,38,52.027
2026-06-26T07:54:12.329926+00:00,scheduler,0,100,11167.9,11264.0,59,244.933
2026-06-26T07:54:12.329926+00:00,scheduler,1,1,8771.9,11264.0,38,52.236
2026-06-26T07:54:17.341537+00:00,scheduler,0,100,11167.9,11264.0,59,247.344
2026-06-26T07:54:17.341537+00:00,scheduler,1,1,8771.9,11264.0,38,52.563
2026-06-26T07:54:22.350978+00:00,scheduler,0,100,11167.9,11264.0,60,248.441
2026-06-26T07:54:22.350978+00:00,scheduler,1,1,8771.9,11264.0,38,52.051
2026-06-26T07:54:27.360772+00:00,scheduler,0,100,11167.9,11264.0,59,248.868
2026-06-26T07:54:27.360772+00:00,scheduler,1,2,8771.9,11264.0,38,52.391
2026-06-26T07:54:32.369270+00:00,scheduler,0,100,11167.9,11264.0,59,246.299
2026-06-26T07:54:32.369270+00:00,scheduler,1,2,1863.9,11264.0,38,52.224
2026-06-26T07:54:37.375639+00:00,scheduler,0,100,11167.9,11264.0,59,248.052
2026-06-26T07:54:37.375639+00:00,scheduler,1,3,2799.9,11264.0,38,52.078
2026-06-26T07:54:42.382039+00:00,scheduler,0,2,11167.9,11264.0,53,57.508
2026-06-26T07:54:42.382039+00:00,scheduler,1,9,5229.9,11264.0,38,52.394
2026-06-26T07:54:47.387844+00:00,scheduler,0,2,11167.9,11264.0,51,57.183
2026-06-26T07:54:47.387844+00:00,scheduler,1,100,10927.9,11264.0,46,240.958
2026-06-26T07:54:52.395767+00:00,scheduler,0,1,11167.9,11264.0,50,57.009
2026-06-26T07:54:52.395767+00:00,scheduler,1,100,10927.9,11264.0,47,243.758
2026-06-26T07:54:57.407333+00:00,scheduler,0,10,11167.9,11264.0,49,57.05
2026-06-26T07:54:57.407333+00:00,scheduler,1,100,10929.9,11264.0,48,252.585
2026-06-26T07:55:02.412892+00:00,scheduler,0,45,5223.9,11264.0,50,81.966
2026-06-26T07:55:02.412892+00:00,scheduler,1,100,10929.9,11264.0,50,246.103
2026-06-26T07:55:07.417992+00:00,scheduler,0,0,1123.9,11264.0,48,56.859
2026-06-26T07:55:07.417992+00:00,scheduler,1,100,10929.9,11264.0,50,250.628
2026-06-26T07:55:12.424151+00:00,scheduler,0,0,1123.9,11264.0,47,56.567
2026-06-26T07:55:12.424151+00:00,scheduler,1,100,10929.9,11264.0,52,247.31
2026-06-26T07:55:17.429364+00:00,scheduler,0,0,1123.9,11264.0,47,56.517
2026-06-26T07:55:17.429364+00:00,scheduler,1,100,10929.9,11264.0,53,247.738
2026-06-26T07:55:22.434744+00:00,scheduler,0,0,1123.9,11264.0,44,3.742
2026-06-26T07:55:22.434744+00:00,scheduler,1,100,10929.9,11264.0,53,247.221
2026-06-26T07:55:27.444065+00:00,scheduler,0,1,903.9,11264.0,43,3.625
2026-06-26T07:55:27.444065+00:00,scheduler,1,100,10929.9,11264.0,54,251.352
2026-06-26T07:55:32.453802+00:00,scheduler,0,0,903.9,11264.0,42,3.188
2026-06-26T07:55:32.453802+00:00,scheduler,1,100,10929.9,11264.0,55,244.214
2026-06-26T07:55:37.462876+00:00,scheduler,0,0,903.9,11264.0,41,3.711
2026-06-26T07:55:37.462876+00:00,scheduler,1,100,10929.9,11264.0,55,246.841
2026-06-26T07:55:42.475701+00:00,scheduler,0,0,903.9,11264.0,40,3.137
2026-06-26T07:55:42.475701+00:00,scheduler,1,100,10929.9,11264.0,56,249.275
2026-06-26T07:55:47.488438+00:00,scheduler,0,0,903.9,11264.0,40,3.029
2026-06-26T07:55:47.488438+00:00,scheduler,1,100,10929.9,11264.0,56,240.563
2026-06-26T07:55:52.499557+00:00,scheduler,0,0,903.9,11264.0,39,3.168
2026-06-26T07:55:52.499557+00:00,scheduler,1,100,10929.9,11264.0,56,249.699
2026-06-26T07:55:57.508923+00:00,scheduler,0,0,903.9,11264.0,39,2.909
2026-06-26T07:55:57.508923+00:00,scheduler,1,100,10929.9,11264.0,57,241.81
2026-06-26T07:56:02.518000+00:00,scheduler,0,0,903.9,11264.0,38,2.959
2026-06-26T07:56:02.518000+00:00,scheduler,1,100,10929.9,11264.0,57,255.47
2026-06-26T07:56:07.526994+00:00,scheduler,0,0,903.9,11264.0,38,2.877
2026-06-26T07:56:07.526994+00:00,scheduler,1,100,10929.9,11264.0,57,251.564
2026-06-26T07:56:12.536041+00:00,scheduler,0,0,903.9,11264.0,38,3.391
2026-06-26T07:56:12.536041+00:00,scheduler,1,100,10929.9,11264.0,57,246.434
2026-06-26T07:56:17.546278+00:00,scheduler,0,0,903.9,11264.0,37,2.938
2026-06-26T07:56:17.546278+00:00,scheduler,1,100,10929.9,11264.0,57,246.389
2026-06-26T07:56:22.555317+00:00,scheduler,0,0,903.9,11264.0,37,2.929
2026-06-26T07:56:22.555317+00:00,scheduler,1,100,10929.9,11264.0,57,247.298
2026-06-26T07:56:27.565708+00:00,scheduler,0,0,903.9,11264.0,37,2.708
2026-06-26T07:56:27.565708+00:00,scheduler,1,100,10929.9,11264.0,57,248.059
2026-06-26T07:56:32.574740+00:00,scheduler,0,0,903.9,11264.0,37,3.109
2026-06-26T07:56:32.574740+00:00,scheduler,1,100,10929.9,11264.0,57,245.807
2026-06-26T07:56:37.587302+00:00,scheduler,0,0,903.9,11264.0,36,3.086
2026-06-26T07:56:37.587302+00:00,scheduler,1,100,10929.9,11264.0,57,246.982
2026-06-26T07:56:42.604574+00:00,scheduler,0,0,903.9,11264.0,36,3.066
2026-06-26T07:56:42.604574+00:00,scheduler,1,100,10929.9,11264.0,57,256.297
2026-06-26T07:56:47.613481+00:00,scheduler,0,12,4517.9,11264.0,38,53.123
2026-06-26T07:56:47.613481+00:00,scheduler,1,100,10929.9,11264.0,57,247.857
2026-06-26T07:56:52.619326+00:00,scheduler,0,12,9009.9,11264.0,43,77.286
2026-06-26T07:56:52.619326+00:00,scheduler,1,100,10929.9,11264.0,57,254.945
2026-06-26T07:56:57.628940+00:00,scheduler,0,2,9009.9,11264.0,41,54.744
2026-06-26T07:56:57.628940+00:00,scheduler,1,1,10929.9,11264.0,51,56.314
2026-06-26T07:57:02.634575+00:00,scheduler,0,1,9009.9,11264.0,41,54.593
2026-06-26T07:57:02.634575+00:00,scheduler,1,2,10929.9,11264.0,49,55.525
2026-06-26T07:57:07.642761+00:00,scheduler,0,2,9009.9,11264.0,41,54.867
2026-06-26T07:57:07.642761+00:00,scheduler,1,2,10929.9,11264.0,48,55.525
2026-06-26T07:57:12.656004+00:00,scheduler,0,2,9009.9,11264.0,41,54.946
2026-06-26T07:57:12.656004+00:00,scheduler,1,1,10929.9,11264.0,47,54.839
2026-06-26T07:57:17.674539+00:00,scheduler,0,1,9009.9,11264.0,41,54.18
2026-06-26T07:57:17.674539+00:00,scheduler,1,1,10929.9,11264.0,46,54.33
2026-06-26T07:57:22.684951+00:00,scheduler,0,8,9009.9,11264.0,41,55.063
2026-06-26T07:57:22.684951+00:00,scheduler,1,9,10929.9,11264.0,45,54.324
2026-06-26T07:57:27.690304+00:00,scheduler,0,4,3199.9,11264.0,41,54.607
2026-06-26T07:57:27.690304+00:00,scheduler,1,1,885.9,11264.0,45,54.169
2026-06-26T07:57:32.696745+00:00,scheduler,0,4,5305.9,11264.0,42,54.96
2026-06-26T07:57:32.696745+00:00,scheduler,1,0,885.9,11264.0,44,53.613
2026-06-26T07:57:37.702727+00:00,scheduler,0,1,6403.9,11264.0,42,54.439
2026-06-26T07:57:37.702727+00:00,scheduler,1,0,885.9,11264.0,44,53.799
2026-06-26T07:57:42.717878+00:00,scheduler,0,1,7105.9,11264.0,42,55.245
2026-06-26T07:57:42.717878+00:00,scheduler,1,0,885.9,11264.0,43,53.451
2026-06-26T07:57:47.727105+00:00,scheduler,0,1,7807.9,11264.0,42,55.08
2026-06-26T07:57:47.727105+00:00,scheduler,1,0,665.9,11264.0,40,3.856
2026-06-26T07:57:52.739384+00:00,scheduler,0,100,11165.9,11264.0,49,249.436
2026-06-26T07:57:52.739384+00:00,scheduler,1,0,665.9,11264.0,39,3.85
2026-06-26T07:57:57.749950+00:00,scheduler,0,100,11165.9,11264.0,50,247.299
2026-06-26T07:57:57.749950+00:00,scheduler,1,0,665.9,11264.0,38,3.731
2026-06-26T07:58:02.758892+00:00,scheduler,0,100,11167.9,11264.0,51,249.558
2026-06-26T07:58:02.758892+00:00,scheduler,1,0,665.9,11264.0,38,3.511
2026-06-26T07:58:07.770339+00:00,scheduler,0,100,11167.9,11264.0,52,248.615
2026-06-26T07:58:07.770339+00:00,scheduler,1,0,665.9,11264.0,37,3.575
2026-06-26T07:58:12.783622+00:00,scheduler,0,100,11167.9,11264.0,54,250.814
2026-06-26T07:58:12.783622+00:00,scheduler,1,0,665.9,11264.0,36,4.145
2026-06-26T07:58:17.797532+00:00,scheduler,0,100,11167.9,11264.0,54,248.192
2026-06-26T07:58:17.797532+00:00,scheduler,1,0,665.9,11264.0,36,3.825
2026-06-26T07:58:22.812677+00:00,scheduler,0,100,11167.9,11264.0,55,240.334
2026-06-26T07:58:22.812677+00:00,scheduler,1,0,665.9,11264.0,36,3.201
2026-06-26T07:58:27.823948+00:00,scheduler,0,100,11167.9,11264.0,56,250.991
2026-06-26T07:58:27.823948+00:00,scheduler,1,0,665.9,11264.0,35,4.212
2026-06-26T07:58:32.835627+00:00,scheduler,0,100,11167.9,11264.0,57,247.061
2026-06-26T07:58:32.835627+00:00,scheduler,1,0,665.9,11264.0,35,3.522
2026-06-26T07:58:37.846825+00:00,scheduler,0,100,11167.9,11264.0,57,254.531
2026-06-26T07:58:37.846825+00:00,scheduler,1,0,665.9,11264.0,35,3.662
2026-06-26T07:58:42.860847+00:00,scheduler,0,100,11167.9,11264.0,58,245.572
2026-06-26T07:58:42.860847+00:00,scheduler,1,0,665.9,11264.0,34,3.605
2026-06-26T07:58:47.871265+00:00,scheduler,0,100,11167.9,11264.0,58,246.7
2026-06-26T07:58:47.871265+00:00,scheduler,1,0,665.9,11264.0,34,3.549
2026-06-26T07:58:52.914709+00:00,scheduler,0,100,11167.9,11264.0,58,245.445
2026-06-26T07:58:52.914709+00:00,scheduler,1,0,665.9,11264.0,34,3.712
2026-06-26T07:58:57.923909+00:00,scheduler,0,100,11167.9,11264.0,58,243.703
2026-06-26T07:58:57.923909+00:00,scheduler,1,0,665.9,11264.0,34,3.9
2026-06-26T07:59:02.933791+00:00,scheduler,0,100,11167.9,11264.0,59,245.75
2026-06-26T07:59:02.933791+00:00,scheduler,1,0,665.9,11264.0,33,3.905
2026-06-26T07:59:07.944749+00:00,scheduler,0,100,11167.9,11264.0,59,253.471
2026-06-26T07:59:07.944749+00:00,scheduler,1,0,665.9,11264.0,33,3.847
2026-06-26T07:59:12.967952+00:00,scheduler,0,100,11167.9,11264.0,59,246.436
2026-06-26T07:59:12.967952+00:00,scheduler,1,0,665.9,11264.0,33,3.947
2026-06-26T07:59:17.976945+00:00,scheduler,0,100,11167.9,11264.0,59,250.586
2026-06-26T07:59:17.976945+00:00,scheduler,1,0,665.9,11264.0,33,3.205
2026-06-26T07:59:22.987167+00:00,scheduler,0,100,11167.9,11264.0,59,247.558
2026-06-26T07:59:22.987167+00:00,scheduler,1,0,665.9,11264.0,33,3.412
2026-06-26T07:59:27.999326+00:00,scheduler,0,100,11167.9,11264.0,59,242.417
2026-06-26T07:59:27.999326+00:00,scheduler,1,0,665.9,11264.0,33,3.466
2026-06-26T07:59:33.008318+00:00,scheduler,0,100,11167.9,11264.0,59,248.342
2026-06-26T07:59:33.008318+00:00,scheduler,1,0,665.9,11264.0,32,3.687
2026-06-26T07:59:38.017188+00:00,scheduler,0,100,11167.9,11264.0,59,247.471
2026-06-26T07:59:38.017188+00:00,scheduler,1,0,665.9,11264.0,32,3.393
2026-06-26T07:59:43.027744+00:00,scheduler,0,100,11167.9,11264.0,59,247.858
2026-06-26T07:59:43.027744+00:00,scheduler,1,0,665.9,11264.0,32,3.814
2026-06-26T07:59:48.038766+00:00,scheduler,0,100,11167.9,11264.0,59,245.628
2026-06-26T07:59:48.038766+00:00,scheduler,1,0,665.9,11264.0,32,3.725
2026-06-26T07:59:53.054242+00:00,scheduler,0,100,11167.9,11264.0,59,246.78
2026-06-26T07:59:53.054242+00:00,scheduler,1,0,665.9,11264.0,32,3.804
2026-06-26T07:59:58.063120+00:00,scheduler,0,100,11167.9,11264.0,59,246.225
2026-06-26T07:59:58.063120+00:00,scheduler,1,0,665.9,11264.0,32,3.853
2026-06-26T08:00:03.073730+00:00,scheduler,0,100,11167.9,11264.0,59,243.549
2026-06-26T08:00:03.073730+00:00,scheduler,1,1,1407.9,11264.0,35,51.108
2026-06-26T08:00:08.079184+00:00,scheduler,0,100,11167.9,11264.0,59,246.324
2026-06-26T08:00:08.079184+00:00,scheduler,1,1,2135.9,11264.0,36,51.326
2026-06-26T08:00:13.085472+00:00,scheduler,0,100,11167.9,11264.0,59,246.303
2026-06-26T08:00:13.085472+00:00,scheduler,1,1,2815.9,11264.0,36,51.58
2026-06-26T08:00:18.093824+00:00,scheduler,0,100,11167.9,11264.0,59,246.527
2026-06-26T08:00:18.093824+00:00,scheduler,1,1,3455.9,11264.0,36,51.5
2026-06-26T08:00:23.104748+00:00,scheduler,0,100,11167.9,11264.0,59,246.032
2026-06-26T08:00:23.104748+00:00,scheduler,1,1,4075.9,11264.0,37,51.736
2026-06-26T08:00:28.112350+00:00,scheduler,0,100,11167.9,11264.0,59,245.473
2026-06-26T08:00:28.112350+00:00,scheduler,1,1,4715.9,11264.0,37,51.623
2026-06-26T08:00:33.124641+00:00,scheduler,0,100,11167.9,11264.0,59,254.004
2026-06-26T08:00:33.124641+00:00,scheduler,1,1,5287.9,11264.0,37,51.635
2026-06-26T08:00:38.136521+00:00,scheduler,0,100,11167.9,11264.0,59,248.471
2026-06-26T08:00:38.136521+00:00,scheduler,1,1,6015.9,11264.0,37,51.835
2026-06-26T08:00:43.149202+00:00,scheduler,0,100,11167.9,11264.0,59,254.564
2026-06-26T08:00:43.149202+00:00,scheduler,1,1,6675.9,11264.0,37,51.97
2026-06-26T08:00:48.161638+00:00,scheduler,0,100,11167.9,11264.0,59,250.778
2026-06-26T08:00:48.161638+00:00,scheduler,1,1,7431.9,11264.0,38,52.076
2026-06-26T08:00:53.173249+00:00,scheduler,0,100,11167.9,11264.0,60,238.86
2026-06-26T08:00:53.173249+00:00,scheduler,1,1,8063.9,11264.0,38,52.056
2026-06-26T08:00:58.178785+00:00,scheduler,0,100,11167.9,11264.0,59,248.23
2026-06-26T08:00:58.178785+00:00,scheduler,1,98,8771.9,11264.0,42,229.812
2026-06-26T08:01:03.183955+00:00,scheduler,0,100,11167.9,11264.0,59,247.455
2026-06-26T08:01:03.183955+00:00,scheduler,1,1,8771.9,11264.0,39,52.221
2026-06-26T08:01:08.190218+00:00,scheduler,0,100,11167.9,11264.0,59,250.477
2026-06-26T08:01:08.190218+00:00,scheduler,1,2,8771.9,11264.0,39,51.984
2026-06-26T08:01:13.199890+00:00,scheduler,0,100,11167.9,11264.0,59,253.451
2026-06-26T08:01:13.199890+00:00,scheduler,1,8,8771.9,11264.0,39,52.12
2026-06-26T08:01:18.206727+00:00,scheduler,0,100,11167.9,11264.0,60,240.811
2026-06-26T08:01:18.206727+00:00,scheduler,1,4,2169.9,11264.0,39,52.641
2026-06-26T08:01:23.214286+00:00,scheduler,0,100,11167.9,11264.0,59,238.465
2026-06-26T08:01:23.214286+00:00,scheduler,1,4,4365.9,11264.0,39,52.546
2026-06-26T08:01:28.219970+00:00,scheduler,0,100,11167.9,11264.0,59,248.824
2026-06-26T08:01:28.219970+00:00,scheduler,1,4,6633.9,11264.0,39,52.691
2026-06-26T08:01:33.225634+00:00,scheduler,0,100,11167.9,11264.0,60,250.765
2026-06-26T08:01:33.225634+00:00,scheduler,1,60,10927.9,11264.0,45,247.336
2026-06-26T08:01:38.230940+00:00,scheduler,0,100,11167.9,11264.0,59,248.301
2026-06-26T08:01:38.230940+00:00,scheduler,1,100,10927.9,11264.0,47,253.064
2026-06-26T08:01:43.239288+00:00,scheduler,0,100,11167.9,11264.0,60,256.129
2026-06-26T08:01:43.239288+00:00,scheduler,1,100,10929.9,11264.0,48,249.108
2026-06-26T08:01:48.249619+00:00,scheduler,0,100,11167.9,11264.0,59,239.835
2026-06-26T08:01:48.249619+00:00,scheduler,1,100,10929.9,11264.0,50,250.145
2026-06-26T08:01:53.254895+00:00,scheduler,0,100,11167.9,11264.0,59,253.564
2026-06-26T08:01:53.254895+00:00,scheduler,1,100,10929.9,11264.0,51,247.115
2026-06-26T08:01:58.261401+00:00,scheduler,0,100,11167.9,11264.0,59,248.674
2026-06-26T08:01:58.261401+00:00,scheduler,1,100,10929.9,11264.0,51,247.192
2026-06-26T08:02:03.267915+00:00,scheduler,0,100,11167.9,11264.0,59,248.745
2026-06-26T08:02:03.267915+00:00,scheduler,1,100,10929.9,11264.0,52,248.246
2026-06-26T08:02:08.276680+00:00,scheduler,0,100,11167.9,11264.0,59,250.554
2026-06-26T08:02:08.276680+00:00,scheduler,1,100,10929.9,11264.0,53,250.336
2026-06-26T08:02:13.282039+00:00,scheduler,0,100,11167.9,11264.0,59,246.176
2026-06-26T08:02:13.282039+00:00,scheduler,1,100,10929.9,11264.0,54,254.034
2026-06-26T08:02:18.294291+00:00,scheduler,0,100,11167.9,11264.0,59,246.955
2026-06-26T08:02:18.294291+00:00,scheduler,1,100,10929.9,11264.0,55,245.056
2026-06-26T08:02:23.299579+00:00,scheduler,0,100,11167.9,11264.0,59,253.208
2026-06-26T08:02:23.299579+00:00,scheduler,1,100,10929.9,11264.0,55,253.348
2026-06-26T08:02:28.306553+00:00,scheduler,0,100,11167.9,11264.0,59,252.738
2026-06-26T08:02:28.306553+00:00,scheduler,1,100,10929.9,11264.0,56,251.752
2026-06-26T08:02:33.312101+00:00,scheduler,0,100,11167.9,11264.0,59,246.691
2026-06-26T08:02:33.312101+00:00,scheduler,1,100,10929.9,11264.0,56,247.523
2026-06-26T08:02:38.317678+00:00,scheduler,0,100,11167.9,11264.0,59,245.323
2026-06-26T08:02:38.317678+00:00,scheduler,1,100,10929.9,11264.0,56,243.716
2026-06-26T08:02:43.327002+00:00,scheduler,0,100,11167.9,11264.0,59,249.004
2026-06-26T08:02:43.327002+00:00,scheduler,1,100,10929.9,11264.0,56,247.781
2026-06-26T08:02:48.332445+00:00,scheduler,0,100,11167.9,11264.0,59,248.741
2026-06-26T08:02:48.332445+00:00,scheduler,1,100,10929.9,11264.0,57,241.34
2026-06-26T08:02:53.339152+00:00,scheduler,0,100,11167.9,11264.0,59,253.531
2026-06-26T08:02:53.339152+00:00,scheduler,1,100,10929.9,11264.0,57,249.367
2026-06-26T08:02:58.347168+00:00,scheduler,0,100,11167.9,11264.0,59,243.187
2026-06-26T08:02:58.347168+00:00,scheduler,1,100,10929.9,11264.0,57,244.708
2026-06-26T08:03:03.356249+00:00,scheduler,0,100,11167.9,11264.0,59,247.954
2026-06-26T08:03:03.356249+00:00,scheduler,1,100,10929.9,11264.0,57,250.463
2026-06-26T08:03:08.362977+00:00,scheduler,0,100,11167.9,11264.0,59,244.074
2026-06-26T08:03:08.362977+00:00,scheduler,1,100,10929.9,11264.0,57,245.882
2026-06-26T08:03:13.369929+00:00,scheduler,0,100,11167.9,11264.0,59,246.903
2026-06-26T08:03:13.369929+00:00,scheduler,1,100,10929.9,11264.0,57,241.014
2026-06-26T08:03:18.377764+00:00,scheduler,0,100,11167.9,11264.0,60,246.266
2026-06-26T08:03:18.377764+00:00,scheduler,1,100,10929.9,11264.0,57,246.533
2026-06-26T08:03:23.383051+00:00,scheduler,0,100,11167.9,11264.0,60,247.478
2026-06-26T08:03:23.383051+00:00,scheduler,1,100,10929.9,11264.0,57,253.74
2026-06-26T08:03:28.389985+00:00,scheduler,0,100,11167.9,11264.0,60,244.243
2026-06-26T08:03:28.389985+00:00,scheduler,1,100,10929.9,11264.0,57,242.351
2026-06-26T08:03:33.395531+00:00,scheduler,0,100,11167.9,11264.0,57,88.428
2026-06-26T08:03:33.395531+00:00,scheduler,1,100,10929.9,11264.0,57,243.084
2026-06-26T08:03:38.402143+00:00,scheduler,0,10,11167.9,11264.0,52,57.419
2026-06-26T08:03:38.402143+00:00,scheduler,1,100,10929.9,11264.0,57,248.317
2026-06-26T08:03:43.407716+00:00,scheduler,0,97,5223.9,11264.0,53,85.743
2026-06-26T08:03:43.407716+00:00,scheduler,1,100,10929.9,11264.0,57,250.511
2026-06-26T08:03:48.413548+00:00,scheduler,0,0,1867.9,11264.0,50,56.676
2026-06-26T08:03:48.413548+00:00,scheduler,1,100,10929.9,11264.0,57,250.165
2026-06-26T08:03:53.419087+00:00,scheduler,0,1,1867.9,11264.0,49,56.698
2026-06-26T08:03:53.419087+00:00,scheduler,1,100,10929.9,11264.0,57,248.157
2026-06-26T08:03:58.426019+00:00,scheduler,0,1,2051.9,11264.0,48,56.603
2026-06-26T08:03:58.426019+00:00,scheduler,1,100,10929.9,11264.0,57,256.631
2026-06-26T08:04:03.435159+00:00,scheduler,0,1,2459.9,11264.0,48,56.448
2026-06-26T08:04:03.435159+00:00,scheduler,1,100,10929.9,11264.0,57,251.292
2026-06-26T08:04:08.440464+00:00,scheduler,0,1,2847.9,11264.0,47,56.105
2026-06-26T08:04:08.440464+00:00,scheduler,1,100,10929.9,11264.0,57,247.571
2026-06-26T08:04:13.445756+00:00,scheduler,0,0,3235.9,11264.0,47,56.191
2026-06-26T08:04:13.445756+00:00,scheduler,1,100,10929.9,11264.0,57,246.469
2026-06-26T08:04:18.451143+00:00,scheduler,0,1,3555.9,11264.0,46,55.795
2026-06-26T08:04:18.451143+00:00,scheduler,1,100,10929.9,11264.0,57,249.604
2026-06-26T08:04:23.458214+00:00,scheduler,0,0,3787.9,11264.0,46,55.816
2026-06-26T08:04:23.458214+00:00,scheduler,1,100,10929.9,11264.0,57,248.831
2026-06-26T08:04:28.463659+00:00,scheduler,0,1,4127.9,11264.0,45,55.883
2026-06-26T08:04:28.463659+00:00,scheduler,1,100,10929.9,11264.0,57,247.906
2026-06-26T08:04:33.472356+00:00,scheduler,0,1,4467.9,11264.0,45,55.543
2026-06-26T08:04:33.472356+00:00,scheduler,1,100,10929.9,11264.0,57,239.193
2026-06-26T08:04:38.477897+00:00,scheduler,0,1,4855.9,11264.0,45,55.634
2026-06-26T08:04:38.477897+00:00,scheduler,1,100,10929.9,11264.0,57,244.897
2026-06-26T08:04:43.483566+00:00,scheduler,0,1,5243.9,11264.0,45,55.581
2026-06-26T08:04:43.483566+00:00,scheduler,1,100,10929.9,11264.0,57,253.442
2026-06-26T08:04:48.491561+00:00,scheduler,0,4,5931.9,11264.0,44,55.378
2026-06-26T08:04:48.491561+00:00,scheduler,1,100,10929.9,11264.0,57,249.563
2026-06-26T08:04:53.498676+00:00,scheduler,0,1,6223.9,11264.0,44,55.558
2026-06-26T08:04:53.498676+00:00,scheduler,1,100,10929.9,11264.0,57,249.684
2026-06-26T08:04:58.504430+00:00,scheduler,0,1,6503.9,11264.0,44,55.324
2026-06-26T08:04:58.504430+00:00,scheduler,1,100,10929.9,11264.0,57,250.001
2026-06-26T08:05:03.511670+00:00,scheduler,0,0,6747.9,11264.0,44,55.392
2026-06-26T08:05:03.511670+00:00,scheduler,1,100,10929.9,11264.0,57,242.75
2026-06-26T08:05:08.518828+00:00,scheduler,0,0,6999.9,11264.0,44,55.297
2026-06-26T08:05:08.518828+00:00,scheduler,1,100,10929.9,11264.0,57,247.716
2026-06-26T08:05:13.526665+00:00,scheduler,0,0,7279.9,11264.0,44,55.488
2026-06-26T08:05:13.526665+00:00,scheduler,1,100,10929.9,11264.0,57,249.345
2026-06-26T08:05:18.534137+00:00,scheduler,0,0,7523.9,11264.0,44,55.34
2026-06-26T08:05:18.534137+00:00,scheduler,1,100,10929.9,11264.0,57,254.731
2026-06-26T08:05:23.540029+00:00,scheduler,0,0,7871.9,11264.0,43,55.483
2026-06-26T08:05:23.540029+00:00,scheduler,1,100,10929.9,11264.0,57,245.579
2026-06-26T08:05:28.548009+00:00,scheduler,0,0,8115.9,11264.0,43,55.537
2026-06-26T08:05:28.548009+00:00,scheduler,1,100,10929.9,11264.0,57,248.011
2026-06-26T08:05:33.557085+00:00,scheduler,0,0,8347.9,11264.0,43,55.282
2026-06-26T08:05:33.557085+00:00,scheduler,1,100,10929.9,11264.0,57,250.531
2026-06-26T08:05:38.565792+00:00,scheduler,0,0,8443.9,11264.0,43,55.36
2026-06-26T08:05:38.565792+00:00,scheduler,1,100,10929.9,11264.0,57,250.387
2026-06-26T08:05:43.571191+00:00,scheduler,0,0,8647.9,11264.0,43,55.177
2026-06-26T08:05:43.571191+00:00,scheduler,1,100,10929.9,11264.0,57,249.141
2026-06-26T08:05:48.577124+00:00,scheduler,0,14,9001.9,11264.0,45,55.408
2026-06-26T08:05:48.577124+00:00,scheduler,1,100,10929.9,11264.0,57,241.38
2026-06-26T08:05:53.582630+00:00,scheduler,0,2,9001.9,11264.0,44,55.182
2026-06-26T08:05:53.582630+00:00,scheduler,1,100,10929.9,11264.0,57,251.06
2026-06-26T08:05:58.591651+00:00,scheduler,0,1,9001.9,11264.0,44,55.489
2026-06-26T08:05:58.591651+00:00,scheduler,1,100,10929.9,11264.0,57,239.849
2026-06-26T08:06:03.597256+00:00,scheduler,0,5,3037.9,11264.0,44,55.224
2026-06-26T08:06:03.597256+00:00,scheduler,1,100,10929.9,11264.0,57,241.837
2026-06-26T08:06:08.602674+00:00,scheduler,0,91,11165.9,11264.0,50,239.802
2026-06-26T08:06:08.602674+00:00,scheduler,1,100,10929.9,11264.0,57,250.017
2026-06-26T08:06:13.608234+00:00,scheduler,0,100,11165.9,11264.0,52,237.885
2026-06-26T08:06:13.608234+00:00,scheduler,1,100,10929.9,11264.0,57,247.772
2026-06-26T08:06:18.615242+00:00,scheduler,0,100,11167.9,11264.0,52,244.603
2026-06-26T08:06:18.615242+00:00,scheduler,1,100,10929.9,11264.0,57,249.008
2026-06-26T08:06:23.623067+00:00,scheduler,0,100,11167.9,11264.0,54,244.997
2026-06-26T08:06:23.623067+00:00,scheduler,1,100,10929.9,11264.0,57,244.216
2026-06-26T08:06:28.629445+00:00,scheduler,0,100,11167.9,11264.0,54,248.686
2026-06-26T08:06:28.629445+00:00,scheduler,1,100,10929.9,11264.0,57,248.252
2026-06-26T08:06:33.639658+00:00,scheduler,0,100,11167.9,11264.0,55,246.958
2026-06-26T08:06:33.639658+00:00,scheduler,1,100,10929.9,11264.0,57,245.932
2026-06-26T08:06:38.646364+00:00,scheduler,0,100,11167.9,11264.0,56,241.155
2026-06-26T08:06:38.646364+00:00,scheduler,1,100,10929.9,11264.0,57,249.152
2026-06-26T08:06:43.654215+00:00,scheduler,0,100,11167.9,11264.0,57,240.545
2026-06-26T08:06:43.654215+00:00,scheduler,1,100,10929.9,11264.0,57,254.993
2026-06-26T08:06:48.659595+00:00,scheduler,0,100,11167.9,11264.0,57,251.101
2026-06-26T08:06:48.659595+00:00,scheduler,1,100,10929.9,11264.0,57,247.647
2026-06-26T08:06:53.667869+00:00,scheduler,0,100,11167.9,11264.0,58,248.36
2026-06-26T08:06:53.667869+00:00,scheduler,1,100,10929.9,11264.0,57,254.319
2026-06-26T08:06:58.673443+00:00,scheduler,0,100,11167.9,11264.0,58,254.863
2026-06-26T08:06:58.673443+00:00,scheduler,1,100,10929.9,11264.0,57,247.591
2026-06-26T08:07:03.680046+00:00,scheduler,0,100,11167.9,11264.0,59,242.444
2026-06-26T08:07:03.680046+00:00,scheduler,1,100,10929.9,11264.0,57,255.521
2026-06-26T08:07:08.686845+00:00,scheduler,0,100,11167.9,11264.0,59,255.861
2026-06-26T08:07:08.686845+00:00,scheduler,1,100,10929.9,11264.0,57,245.098
2026-06-26T08:07:13.697847+00:00,scheduler,0,100,11167.9,11264.0,59,245.211
2026-06-26T08:07:13.697847+00:00,scheduler,1,100,10929.9,11264.0,57,245.751
2026-06-26T08:07:18.703267+00:00,scheduler,0,100,11167.9,11264.0,59,241.648
2026-06-26T08:07:18.703267+00:00,scheduler,1,7,10929.9,11264.0,53,75.723
2026-06-26T08:07:23.709696+00:00,scheduler,0,100,11167.9,11264.0,59,257.103
2026-06-26T08:07:23.709696+00:00,scheduler,1,8,10929.9,11264.0,50,55.851
2026-06-26T08:07:28.720393+00:00,scheduler,0,100,11167.9,11264.0,60,245.33
2026-06-26T08:07:28.720393+00:00,scheduler,1,26,4985.9,11264.0,53,248.816
2026-06-26T08:07:33.726399+00:00,scheduler,0,100,11167.9,11264.0,59,242.956
2026-06-26T08:07:33.726399+00:00,scheduler,1,15,4229.9,11264.0,48,55.599
2026-06-26T08:07:38.733851+00:00,scheduler,0,100,11167.9,11264.0,59,245.743
2026-06-26T08:07:38.733851+00:00,scheduler,1,63,8763.9,11264.0,49,75.348
2026-06-26T08:07:43.742206+00:00,scheduler,0,100,11167.9,11264.0,59,245.208
2026-06-26T08:07:43.742206+00:00,scheduler,1,8,8763.9,11264.0,46,54.442
2026-06-26T08:07:48.749973+00:00,scheduler,0,100,11167.9,11264.0,59,248.247
2026-06-26T08:07:48.749973+00:00,scheduler,1,100,10927.9,11264.0,52,242.684
2026-06-26T08:07:53.758824+00:00,scheduler,0,100,11167.9,11264.0,59,248.345
2026-06-26T08:07:53.758824+00:00,scheduler,1,100,10927.9,11264.0,53,237.952
2026-06-26T08:07:58.770948+00:00,scheduler,0,100,11167.9,11264.0,60,250.857
2026-06-26T08:07:58.770948+00:00,scheduler,1,100,10929.9,11264.0,53,244.76
2026-06-26T08:08:03.778475+00:00,scheduler,0,100,11167.9,11264.0,60,237.976
2026-06-26T08:08:03.778475+00:00,scheduler,1,100,10929.9,11264.0,54,244.148
2026-06-26T08:08:08.785710+00:00,scheduler,0,100,11167.9,11264.0,59,249.566
2026-06-26T08:08:08.785710+00:00,scheduler,1,100,10929.9,11264.0,55,240.525
2026-06-26T08:08:13.793537+00:00,scheduler,0,100,11167.9,11264.0,60,245.44
2026-06-26T08:08:13.793537+00:00,scheduler,1,100,10929.9,11264.0,55,245.739
2026-06-26T08:08:18.801645+00:00,scheduler,0,100,11167.9,11264.0,59,245.951
2026-06-26T08:08:18.801645+00:00,scheduler,1,100,10929.9,11264.0,56,251.016
2026-06-26T08:08:23.807552+00:00,scheduler,0,100,11167.9,11264.0,60,249.651
2026-06-26T08:08:23.807552+00:00,scheduler,1,100,10929.9,11264.0,56,239.611
2026-06-26T08:08:28.819441+00:00,scheduler,0,100,11167.9,11264.0,59,248.967
2026-06-26T08:08:28.819441+00:00,scheduler,1,100,10929.9,11264.0,56,243.443
2026-06-26T08:08:33.825988+00:00,scheduler,0,100,11167.9,11264.0,59,255.016
2026-06-26T08:08:33.825988+00:00,scheduler,1,100,10929.9,11264.0,56,247.999
2026-06-26T08:08:38.836652+00:00,scheduler,0,100,11167.9,11264.0,59,245.016
2026-06-26T08:08:38.836652+00:00,scheduler,1,100,10929.9,11264.0,57,248.292
2026-06-26T08:08:43.845092+00:00,scheduler,0,100,11167.9,11264.0,59,241.208
2026-06-26T08:08:43.845092+00:00,scheduler,1,100,10929.9,11264.0,57,250.65
2026-06-26T08:08:48.852708+00:00,scheduler,0,100,11167.9,11264.0,60,247.348
2026-06-26T08:08:48.852708+00:00,scheduler,1,100,10929.9,11264.0,57,251.423
2026-06-26T08:08:53.859241+00:00,scheduler,0,100,11167.9,11264.0,59,242.213
2026-06-26T08:08:53.859241+00:00,scheduler,1,100,10929.9,11264.0,57,247.724
2026-06-26T08:08:58.869963+00:00,scheduler,0,100,11167.9,11264.0,59,255.047
2026-06-26T08:08:58.869963+00:00,scheduler,1,100,10929.9,11264.0,57,250.471
2026-06-26T08:09:03.877540+00:00,scheduler,0,100,11167.9,11264.0,59,251.867
2026-06-26T08:09:03.877540+00:00,scheduler,1,100,10929.9,11264.0,57,247.69
2026-06-26T08:09:08.883040+00:00,scheduler,0,100,11167.9,11264.0,59,246.951
2026-06-26T08:09:08.883040+00:00,scheduler,1,100,10929.9,11264.0,57,248.82
2026-06-26T08:09:13.890665+00:00,scheduler,0,100,11167.9,11264.0,60,241.257
2026-06-26T08:09:13.890665+00:00,scheduler,1,100,10929.9,11264.0,57,255.724
2026-06-26T08:09:18.897617+00:00,scheduler,0,100,11167.9,11264.0,59,245.147
2026-06-26T08:09:18.897617+00:00,scheduler,1,100,10929.9,11264.0,57,248.751
2026-06-26T08:09:23.904832+00:00,scheduler,0,100,11167.9,11264.0,59,246.634
2026-06-26T08:09:23.904832+00:00,scheduler,1,100,10929.9,11264.0,57,255.603
2026-06-26T08:09:28.915269+00:00,scheduler,0,100,11167.9,11264.0,60,243.137
2026-06-26T08:09:28.915269+00:00,scheduler,1,100,10929.9,11264.0,57,249.468
2026-06-26T08:09:33.923914+00:00,scheduler,0,100,11167.9,11264.0,59,252.099
2026-06-26T08:09:33.923914+00:00,scheduler,1,100,10929.9,11264.0,57,247.533
2026-06-26T08:09:38.932204+00:00,scheduler,0,100,11167.9,11264.0,60,237.074
2026-06-26T08:09:38.932204+00:00,scheduler,1,100,10929.9,11264.0,57,247.648
2026-06-26T08:09:43.937577+00:00,scheduler,0,100,11167.9,11264.0,59,239.078
2026-06-26T08:09:43.937577+00:00,scheduler,1,100,10929.9,11264.0,57,243.113
2026-06-26T08:09:48.942985+00:00,scheduler,0,100,11167.9,11264.0,59,245.63
2026-06-26T08:09:48.942985+00:00,scheduler,1,100,10929.9,11264.0,57,244.759
2026-06-26T08:09:53.949997+00:00,scheduler,0,100,11167.9,11264.0,59,245.93
2026-06-26T08:09:53.949997+00:00,scheduler,1,100,10929.9,11264.0,57,244.225
2026-06-26T08:09:58.958536+00:00,scheduler,0,100,11167.9,11264.0,60,241.792
2026-06-26T08:09:58.958536+00:00,scheduler,1,100,10929.9,11264.0,57,245.606
2026-06-26T08:10:03.964555+00:00,scheduler,0,100,11167.9,11264.0,60,244.213
2026-06-26T08:10:03.964555+00:00,scheduler,1,100,10929.9,11264.0,57,244.973
2026-06-26T08:10:08.973458+00:00,scheduler,0,100,11167.9,11264.0,60,240.16
2026-06-26T08:10:08.973458+00:00,scheduler,1,100,10929.9,11264.0,57,250.091
2026-06-26T08:10:13.984660+00:00,scheduler,0,100,11167.9,11264.0,59,252.454
2026-06-26T08:10:13.984660+00:00,scheduler,1,100,10929.9,11264.0,57,248.142
2026-06-26T08:10:18.991042+00:00,scheduler,0,100,11167.9,11264.0,59,246.547
2026-06-26T08:10:18.991042+00:00,scheduler,1,100,10929.9,11264.0,57,247.154
2026-06-26T08:10:23.996593+00:00,scheduler,0,100,11167.9,11264.0,60,237.648
2026-06-26T08:10:23.996593+00:00,scheduler,1,100,10929.9,11264.0,57,254.901
2026-06-26T08:10:29.001944+00:00,scheduler,0,100,11167.9,11264.0,59,245.363
2026-06-26T08:10:29.001944+00:00,scheduler,1,100,10929.9,11264.0,57,248.144
2026-06-26T08:10:34.007416+00:00,scheduler,0,100,11167.9,11264.0,59,248.81
2026-06-26T08:10:34.007416+00:00,scheduler,1,100,10929.9,11264.0,57,253.996
2026-06-26T08:10:39.015076+00:00,scheduler,0,100,11167.9,11264.0,59,245.004
2026-06-26T08:10:39.015076+00:00,scheduler,1,100,10929.9,11264.0,57,248.215
2026-06-26T08:10:44.022893+00:00,scheduler,0,100,11167.9,11264.0,59,256.539
2026-06-26T08:10:44.022893+00:00,scheduler,1,100,10929.9,11264.0,57,247.163
2026-06-26T08:10:49.030204+00:00,scheduler,0,100,11167.9,11264.0,60,243.592
2026-06-26T08:10:49.030204+00:00,scheduler,1,100,10929.9,11264.0,57,250.607
2026-06-26T08:10:54.036815+00:00,scheduler,0,100,11167.9,11264.0,59,238.597
2026-06-26T08:10:54.036815+00:00,scheduler,1,100,10929.9,11264.0,57,247.039
2026-06-26T08:10:59.047759+00:00,scheduler,0,100,11167.9,11264.0,59,242.938
2026-06-26T08:10:59.047759+00:00,scheduler,1,100,10929.9,11264.0,57,251.178
2026-06-26T08:11:04.058548+00:00,scheduler,0,100,11167.9,11264.0,59,246.424
2026-06-26T08:11:04.058548+00:00,scheduler,1,100,10929.9,11264.0,57,241.567
2026-06-26T08:11:09.066351+00:00,scheduler,0,100,11167.9,11264.0,59,246.617
2026-06-26T08:11:09.066351+00:00,scheduler,1,100,10929.9,11264.0,57,248.97
2026-06-26T08:11:14.076965+00:00,scheduler,0,100,11167.9,11264.0,60,252.301
2026-06-26T08:11:14.076965+00:00,scheduler,1,100,10929.9,11264.0,57,249.778
2026-06-26T08:11:19.082406+00:00,scheduler,0,100,11167.9,11264.0,60,244.262
2026-06-26T08:11:19.082406+00:00,scheduler,1,100,10929.9,11264.0,57,252.557
2026-06-26T08:11:24.089775+00:00,scheduler,0,100,11167.9,11264.0,60,241.13
2026-06-26T08:11:24.089775+00:00,scheduler,1,100,10929.9,11264.0,57,247.888
2026-06-26T08:11:29.096520+00:00,scheduler,0,100,11167.9,11264.0,60,240.621
2026-06-26T08:11:29.096520+00:00,scheduler,1,100,10929.9,11264.0,57,241.178
2026-06-26T08:11:34.108252+00:00,scheduler,0,100,11167.9,11264.0,59,245.243
2026-06-26T08:11:34.108252+00:00,scheduler,1,100,10929.9,11264.0,57,247.357
2026-06-26T08:11:39.116072+00:00,scheduler,0,100,11167.9,11264.0,60,247.412
2026-06-26T08:11:39.116072+00:00,scheduler,1,100,10929.9,11264.0,57,240.88
2026-06-26T08:11:44.123380+00:00,scheduler,0,100,11167.9,11264.0,60,246.585
2026-06-26T08:11:44.123380+00:00,scheduler,1,100,10929.9,11264.0,57,241.806
2026-06-26T08:11:49.131750+00:00,scheduler,0,100,11167.9,11264.0,60,247.915
2026-06-26T08:11:49.131750+00:00,scheduler,1,100,10929.9,11264.0,57,241.691
2026-06-26T08:11:54.141061+00:00,scheduler,0,9,11167.9,11264.0,53,57.422
2026-06-26T08:11:54.141061+00:00,scheduler,1,100,10929.9,11264.0,57,249.382
2026-06-26T08:11:59.148250+00:00,scheduler,0,27,2623.9,11264.0,53,86.441
2026-06-26T08:11:59.148250+00:00,scheduler,1,100,10929.9,11264.0,57,247.175
2026-06-26T08:12:04.157195+00:00,scheduler,0,97,9001.9,11264.0,54,130.741
2026-06-26T08:12:04.157195+00:00,scheduler,1,100,10929.9,11264.0,57,251.227
2026-06-26T08:12:09.168102+00:00,scheduler,0,11,1119.9,11264.0,51,65.49
2026-06-26T08:12:09.168102+00:00,scheduler,1,100,10929.9,11264.0,57,249.322
2026-06-26T08:12:14.174976+00:00,scheduler,0,100,11165.9,11264.0,56,247.318
2026-06-26T08:12:14.174976+00:00,scheduler,1,100,10929.9,11264.0,57,252.57
2026-06-26T08:12:19.185344+00:00,scheduler,0,100,11165.9,11264.0,57,248.136
2026-06-26T08:12:19.185344+00:00,scheduler,1,100,10929.9,11264.0,57,246.149
2026-06-26T08:12:24.194827+00:00,scheduler,0,100,11167.9,11264.0,57,248.266
2026-06-26T08:12:24.194827+00:00,scheduler,1,100,10929.9,11264.0,57,241.391
2026-06-26T08:12:29.200041+00:00,scheduler,0,100,11167.9,11264.0,58,246.108
2026-06-26T08:12:29.200041+00:00,scheduler,1,100,10929.9,11264.0,57,245.915
2026-06-26T08:12:34.205584+00:00,scheduler,0,100,11167.9,11264.0,58,239.205
2026-06-26T08:12:34.205584+00:00,scheduler,1,100,10929.9,11264.0,57,255.828
2026-06-26T08:12:39.212346+00:00,scheduler,0,100,11167.9,11264.0,58,243.709
2026-06-26T08:12:39.212346+00:00,scheduler,1,100,10929.9,11264.0,57,247.067
2026-06-26T08:12:44.217874+00:00,scheduler,0,100,11167.9,11264.0,58,250.897
2026-06-26T08:12:44.217874+00:00,scheduler,1,100,10929.9,11264.0,57,240.508
2026-06-26T08:12:49.224900+00:00,scheduler,0,100,11167.9,11264.0,59,252.188
2026-06-26T08:12:49.224900+00:00,scheduler,1,100,10929.9,11264.0,57,255.387
2026-06-26T08:12:54.231555+00:00,scheduler,0,100,11167.9,11264.0,59,248.469
2026-06-26T08:12:54.231555+00:00,scheduler,1,100,10929.9,11264.0,57,247.085
2026-06-26T08:12:59.240149+00:00,scheduler,0,100,11167.9,11264.0,59,240.764
2026-06-26T08:12:59.240149+00:00,scheduler,1,100,10929.9,11264.0,57,245.826
2026-06-26T08:13:04.245843+00:00,scheduler,0,100,11167.9,11264.0,59,254.812
2026-06-26T08:13:04.245843+00:00,scheduler,1,100,10929.9,11264.0,57,247.755
2026-06-26T08:13:09.253916+00:00,scheduler,0,100,11167.9,11264.0,59,256.255
2026-06-26T08:13:09.253916+00:00,scheduler,1,100,10929.9,11264.0,57,249.442
2026-06-26T08:13:14.261943+00:00,scheduler,0,100,11167.9,11264.0,59,245.36
2026-06-26T08:13:14.261943+00:00,scheduler,1,100,10929.9,11264.0,57,242.79
2026-06-26T08:13:19.267384+00:00,scheduler,0,100,11167.9,11264.0,59,251.026
2026-06-26T08:13:19.267384+00:00,scheduler,1,100,10929.9,11264.0,57,238.351
2026-06-26T08:13:24.273896+00:00,scheduler,0,100,11167.9,11264.0,59,239.902
2026-06-26T08:13:24.273896+00:00,scheduler,1,100,10929.9,11264.0,57,247.794
2026-06-26T08:13:29.279198+00:00,scheduler,0,100,11167.9,11264.0,59,239.236
2026-06-26T08:13:29.279198+00:00,scheduler,1,100,10929.9,11264.0,57,253.465
2026-06-26T08:13:34.289518+00:00,scheduler,0,100,11167.9,11264.0,59,238.047
2026-06-26T08:13:34.289518+00:00,scheduler,1,10,10929.9,11264.0,51,56.248
2026-06-26T08:13:39.295100+00:00,scheduler,0,100,11167.9,11264.0,60,249.878
2026-06-26T08:13:39.295100+00:00,scheduler,1,65,4985.9,11264.0,54,248.196
2026-06-26T08:13:44.301779+00:00,scheduler,0,100,11167.9,11264.0,60,244.731
2026-06-26T08:13:44.301779+00:00,scheduler,1,97,8763.9,11264.0,54,252.61
2026-06-26T08:13:49.309033+00:00,scheduler,0,100,11167.9,11264.0,60,241.866
2026-06-26T08:13:49.309033+00:00,scheduler,1,9,8763.9,11264.0,48,55.399
2026-06-26T08:13:54.745660+00:00,scheduler,0,0,11167.9,11264.0,53,57.209
2026-06-26T08:13:54.745660+00:00,scheduler,1,0,8763.9,11264.0,46,53.923
2026-06-26T08:14:08.176699+00:00,scheduler,0,0,11167.9,11264.0,50,56.466
2026-06-26T08:14:08.176699+00:00,scheduler,1,0,8763.9,11264.0,44,53.673
2026-06-26T08:14:17.952829+00:00,scheduler,0,0,11167.9,11264.0,48,55.64
2026-06-26T08:14:17.952829+00:00,scheduler,1,0,8343.9,11264.0,43,53.317
2026-06-26T08:14:29.314931+00:00,scheduler,0,0,11167.9,11264.0,47,55.472
2026-06-26T08:14:29.314931+00:00,scheduler,1,0,7623.9,11264.0,39,4.136
2026-06-26T08:14:39.370749+00:00,scheduler,0,0,11167.9,11264.0,46,55.251
2026-06-26T08:14:39.370749+00:00,scheduler,1,1,7063.9,11264.0,38,3.441
2026-06-26T08:14:50.090590+00:00,scheduler,0,0,11167.9,11264.0,45,55.205
2026-06-26T08:14:50.090590+00:00,scheduler,1,1,5811.9,11264.0,36,3.81
2026-06-26T08:15:07.925320+00:00,scheduler,0,0,11167.9,11264.0,44,54.556
2026-06-26T08:15:07.925320+00:00,scheduler,1,0,4371.9,11264.0,35,3.579
2026-06-26T08:16:07.558917+00:00,scheduler,0,0,691.9,11264.0,39,3.642
2026-06-26T08:16:07.558917+00:00,scheduler,1,0,453.9,11264.0,33,3.602
2026-06-26T08:16:13.395675+00:00,scheduler,0,0,691.9,11264.0,38,3.56
2026-06-26T08:16:13.395675+00:00,scheduler,1,0,453.9,11264.0,33,3.07
2026-06-26T08:16:18.410004+00:00,scheduler,0,0,691.9,11264.0,38,3.493
2026-06-26T08:16:18.410004+00:00,scheduler,1,0,453.9,11264.0,32,3.114
2026-06-26T08:16:23.443269+00:00,scheduler,0,0,691.9,11264.0,38,2.904
2026-06-26T08:16:23.443269+00:00,scheduler,1,0,453.9,11264.0,32,2.995
2026-06-26T08:16:28.456296+00:00,scheduler,0,0,691.9,11264.0,37,3.385
2026-06-26T08:16:28.456296+00:00,scheduler,1,0,453.9,11264.0,32,3.085
2026-06-26T08:16:33.469795+00:00,scheduler,0,0,691.9,11264.0,37,3.15
2026-06-26T08:16:33.469795+00:00,scheduler,1,0,453.9,11264.0,32,3.425
2026-06-26T08:16:38.482397+00:00,scheduler,0,0,691.9,11264.0,37,3.289
2026-06-26T08:16:38.482397+00:00,scheduler,1,0,453.9,11264.0,32,2.942
2026-06-26T08:16:43.494992+00:00,scheduler,0,0,691.9,11264.0,37,3.224
2026-06-26T08:16:43.494992+00:00,scheduler,1,0,453.9,11264.0,32,3.099
2026-06-26T08:16:48.507470+00:00,scheduler,0,0,691.9,11264.0,36,3.332
2026-06-26T08:16:48.507470+00:00,scheduler,1,0,453.9,11264.0,32,3.009
2026-06-26T08:16:53.520025+00:00,scheduler,0,0,691.9,11264.0,36,3.39
2026-06-26T08:16:53.520025+00:00,scheduler,1,0,453.9,11264.0,32,3.275
2026-06-26T08:16:58.532471+00:00,scheduler,0,0,691.9,11264.0,36,3.195
2026-06-26T08:16:58.532471+00:00,scheduler,1,0,453.9,11264.0,32,3.066
2026-06-26T08:17:03.545234+00:00,scheduler,0,0,691.9,11264.0,36,2.838
2026-06-26T08:17:03.545234+00:00,scheduler,1,0,453.9,11264.0,32,3.158
2026-06-26T08:17:08.557798+00:00,scheduler,0,0,691.9,11264.0,36,2.995
2026-06-26T08:17:08.557798+00:00,scheduler,1,0,453.9,11264.0,31,2.984
2026-06-26T08:17:13.570129+00:00,scheduler,0,0,691.9,11264.0,36,2.877
2026-06-26T08:17:13.570129+00:00,scheduler,1,0,453.9,11264.0,31,3.092
2026-06-26T08:17:18.582898+00:00,scheduler,0,0,691.9,11264.0,35,2.677
2026-06-26T08:17:18.582898+00:00,scheduler,1,0,453.9,11264.0,31,3.214
2026-06-26T08:17:23.595031+00:00,scheduler,0,0,691.9,11264.0,35,2.55
2026-06-26T08:17:23.595031+00:00,scheduler,1,0,453.9,11264.0,31,3.263
2026-06-26T08:17:28.607785+00:00,scheduler,0,0,691.9,11264.0,35,2.344
2026-06-26T08:17:28.607785+00:00,scheduler,1,0,453.9,11264.0,31,2.81
2026-06-26T08:17:33.620094+00:00,scheduler,0,0,691.9,11264.0,35,2.319
2026-06-26T08:17:33.620094+00:00,scheduler,1,0,453.9,11264.0,31,3.469
2026-06-26T08:17:38.632376+00:00,scheduler,0,0,691.9,11264.0,35,2.447
2026-06-26T08:17:38.632376+00:00,scheduler,1,0,453.9,11264.0,31,3.164
2026-06-26T08:17:43.645194+00:00,scheduler,0,0,691.9,11264.0,35,2.247
2026-06-26T08:17:43.645194+00:00,scheduler,1,0,453.9,11264.0,31,3.035
2026-06-26T08:17:48.657701+00:00,scheduler,0,0,691.9,11264.0,35,2.604
2026-06-26T08:17:48.657701+00:00,scheduler,1,0,453.9,11264.0,31,3.481
2026-06-26T08:17:53.669994+00:00,scheduler,0,0,691.9,11264.0,35,2.163
2026-06-26T08:17:53.669994+00:00,scheduler,1,0,453.9,11264.0,31,3.049
2026-06-26T08:17:58.682438+00:00,scheduler,0,0,691.9,11264.0,35,2.748
2026-06-26T08:17:58.682438+00:00,scheduler,1,0,453.9,11264.0,31,3.368
2026-06-26T08:18:03.694692+00:00,scheduler,0,0,691.9,11264.0,35,2.856
2026-06-26T08:18:03.694692+00:00,scheduler,1,0,453.9,11264.0,31,3.026
2026-06-26T08:18:08.706838+00:00,scheduler,0,0,691.9,11264.0,34,2.752
2026-06-26T08:18:08.706838+00:00,scheduler,1,0,453.9,11264.0,31,3.402
2026-06-26T08:18:13.718897+00:00,scheduler,0,0,691.9,11264.0,34,2.627
2026-06-26T08:18:13.718897+00:00,scheduler,1,0,453.9,11264.0,31,2.782
2026-06-26T08:18:18.731311+00:00,scheduler,0,0,691.9,11264.0,34,2.476
2026-06-26T08:18:18.731311+00:00,scheduler,1,0,453.9,11264.0,31,3.04
2026-06-26T08:18:23.743684+00:00,scheduler,0,0,691.9,11264.0,34,2.657
2026-06-26T08:18:23.743684+00:00,scheduler,1,0,453.9,11264.0,31,2.409
2026-06-26T08:18:28.755918+00:00,scheduler,0,0,691.9,11264.0,34,2.451
2026-06-26T08:18:28.755918+00:00,scheduler,1,0,453.9,11264.0,31,2.883
2026-06-26T08:18:33.768265+00:00,scheduler,0,0,691.9,11264.0,34,2.349
2026-06-26T08:18:33.768265+00:00,scheduler,1,0,453.9,11264.0,31,2.647
2026-06-26T08:18:38.780701+00:00,scheduler,0,0,691.9,11264.0,34,2.0
2026-06-26T08:18:38.780701+00:00,scheduler,1,0,453.9,11264.0,31,3.027
2026-06-26T08:18:43.793316+00:00,scheduler,0,0,691.9,11264.0,34,2.691
2026-06-26T08:18:43.793316+00:00,scheduler,1,0,453.9,11264.0,31,2.83
2026-06-26T08:18:48.805575+00:00,scheduler,0,0,691.9,11264.0,34,2.109
2026-06-26T08:18:48.805575+00:00,scheduler,1,0,453.9,11264.0,30,3.277
2026-06-26T08:18:53.817862+00:00,scheduler,0,0,691.9,11264.0,34,2.547
2026-06-26T08:18:53.817862+00:00,scheduler,1,0,453.9,11264.0,31,2.921
2026-06-26T08:18:58.830078+00:00,scheduler,0,0,691.9,11264.0,34,2.121
2026-06-26T08:18:58.830078+00:00,scheduler,1,0,453.9,11264.0,30,2.645
2026-06-26T08:19:03.842117+00:00,scheduler,0,0,691.9,11264.0,34,2.421
2026-06-26T08:19:03.842117+00:00,scheduler,1,0,453.9,11264.0,30,3.099
2026-06-26T08:19:08.854444+00:00,scheduler,0,0,691.9,11264.0,34,2.275
2026-06-26T08:19:08.854444+00:00,scheduler,1,0,453.9,11264.0,30,2.823
2026-06-26T08:19:13.866782+00:00,scheduler,0,0,691.9,11264.0,34,2.076
2026-06-26T08:19:13.866782+00:00,scheduler,1,0,453.9,11264.0,30,2.487
2026-06-26T08:19:18.879461+00:00,scheduler,0,0,691.9,11264.0,34,2.027
2026-06-26T08:19:18.879461+00:00,scheduler,1,0,453.9,11264.0,30,2.455
2026-06-26T08:19:23.891740+00:00,scheduler,0,0,691.9,11264.0,33,2.294
2026-06-26T08:19:23.891740+00:00,scheduler,1,0,453.9,11264.0,30,3.247
2026-06-26T08:19:28.903903+00:00,scheduler,0,0,691.9,11264.0,33,2.387
2026-06-26T08:19:28.903903+00:00,scheduler,1,0,453.9,11264.0,30,2.93
2026-06-26T08:19:33.916187+00:00,scheduler,0,0,691.9,11264.0,33,2.696
2026-06-26T08:19:33.916187+00:00,scheduler,1,0,453.9,11264.0,30,3.161
2026-06-26T08:19:38.928577+00:00,scheduler,0,0,691.9,11264.0,33,2.51
2026-06-26T08:19:38.928577+00:00,scheduler,1,0,453.9,11264.0,30,2.94
2026-06-26T08:19:43.940918+00:00,scheduler,0,0,691.9,11264.0,33,2.581
2026-06-26T08:19:43.940918+00:00,scheduler,1,0,453.9,11264.0,30,3.29
2026-06-26T08:19:48.953564+00:00,scheduler,0,0,691.9,11264.0,33,2.445
2026-06-26T08:19:48.953564+00:00,scheduler,1,0,453.9,11264.0,30,2.762
2026-06-26T08:19:53.966010+00:00,scheduler,0,0,691.9,11264.0,33,2.428
2026-06-26T08:19:53.966010+00:00,scheduler,1,0,453.9,11264.0,30,3.074
2026-06-26T08:19:58.978150+00:00,scheduler,0,0,691.9,11264.0,33,2.468
2026-06-26T08:19:58.978150+00:00,scheduler,1,0,453.9,11264.0,30,2.999
2026-06-26T08:20:03.990370+00:00,scheduler,0,0,691.9,11264.0,33,1.991
2026-06-26T08:20:03.990370+00:00,scheduler,1,0,453.9,11264.0,30,2.995
2026-06-26T08:20:09.004329+00:00,scheduler,0,0,691.9,11264.0,33,2.327
2026-06-26T08:20:09.004329+00:00,scheduler,1,0,453.9,11264.0,30,3.304
2026-06-26T08:20:14.016547+00:00,scheduler,0,0,691.9,11264.0,33,2.534
2026-06-26T08:20:14.016547+00:00,scheduler,1,0,453.9,11264.0,30,2.637
2026-06-26T08:20:19.028787+00:00,scheduler,0,0,691.9,11264.0,33,2.326
2026-06-26T08:20:19.028787+00:00,scheduler,1,0,453.9,11264.0,30,3.011
2026-06-26T08:20:24.040942+00:00,scheduler,0,0,691.9,11264.0,33,1.999
2026-06-26T08:20:24.040942+00:00,scheduler,1,0,453.9,11264.0,30,2.938
2026-06-26T08:20:29.053205+00:00,scheduler,0,0,691.9,11264.0,33,2.047
2026-06-26T08:20:29.053205+00:00,scheduler,1,0,453.9,11264.0,30,3.026
2026-06-26T08:20:34.065654+00:00,scheduler,0,0,691.9,11264.0,33,1.835
2026-06-26T08:20:34.065654+00:00,scheduler,1,0,453.9,11264.0,30,3.008
2026-06-26T08:20:39.077937+00:00,scheduler,0,0,691.9,11264.0,33,1.962
2026-06-26T08:20:39.077937+00:00,scheduler,1,0,453.9,11264.0,30,2.954
2026-06-26T08:20:44.090060+00:00,scheduler,0,0,691.9,11264.0,33,2.04
2026-06-26T08:20:44.090060+00:00,scheduler,1,0,453.9,11264.0,30,2.671
2026-06-26T08:20:49.102281+00:00,scheduler,0,0,691.9,11264.0,33,2.178
2026-06-26T08:20:49.102281+00:00,scheduler,1,0,453.9,11264.0,30,2.948
2026-06-26T08:20:54.115314+00:00,scheduler,0,0,691.9,11264.0,33,2.325
2026-06-26T08:20:54.115314+00:00,scheduler,1,0,453.9,11264.0,30,2.702
2026-06-26T08:20:59.127355+00:00,scheduler,0,0,691.9,11264.0,33,2.453
2026-06-26T08:20:59.127355+00:00,scheduler,1,0,453.9,11264.0,30,2.988
2026-06-26T08:21:04.139418+00:00,scheduler,0,0,691.9,11264.0,33,2.981
2026-06-26T08:21:04.139418+00:00,scheduler,1,0,453.9,11264.0,30,2.46
2026-06-26T08:21:09.151494+00:00,scheduler,0,0,691.9,11264.0,33,2.086
2026-06-26T08:21:09.151494+00:00,scheduler,1,0,453.9,11264.0,30,3.027
2026-06-26T08:21:14.163738+00:00,scheduler,0,0,691.9,11264.0,33,2.803
2026-06-26T08:21:14.163738+00:00,scheduler,1,0,453.9,11264.0,30,2.873
2026-06-26T08:21:19.176000+00:00,scheduler,0,0,691.9,11264.0,33,2.327
2026-06-26T08:21:19.176000+00:00,scheduler,1,0,453.9,11264.0,30,2.873
2026-06-26T08:21:24.188101+00:00,scheduler,0,0,691.9,11264.0,33,2.465
2026-06-26T08:21:24.188101+00:00,scheduler,1,0,453.9,11264.0,30,3.412
2026-06-26T08:21:29.200580+00:00,scheduler,0,0,691.9,11264.0,33,2.016
2026-06-26T08:21:29.200580+00:00,scheduler,1,0,453.9,11264.0,30,3.174
2026-06-26T08:21:34.212881+00:00,scheduler,0,0,691.9,11264.0,33,2.448
2026-06-26T08:21:34.212881+00:00,scheduler,1,0,453.9,11264.0,30,3.2
2026-06-26T08:21:39.225156+00:00,scheduler,0,0,691.9,11264.0,33,2.344
2026-06-26T08:21:39.225156+00:00,scheduler,1,0,453.9,11264.0,30,3.449
2026-06-26T08:21:44.237231+00:00,scheduler,0,0,691.9,11264.0,33,2.012
2026-06-26T08:21:44.237231+00:00,scheduler,1,0,453.9,11264.0,30,3.34
2026-06-26T08:21:49.249389+00:00,scheduler,0,0,691.9,11264.0,33,2.084
2026-06-26T08:21:49.249389+00:00,scheduler,1,0,453.9,11264.0,30,3.109
2026-06-26T08:21:54.261711+00:00,scheduler,0,0,691.9,11264.0,33,2.559
2026-06-26T08:21:54.261711+00:00,scheduler,1,0,453.9,11264.0,30,2.984
2026-06-26T08:21:59.274259+00:00,scheduler,0,0,691.9,11264.0,33,2.275
2026-06-26T08:21:59.274259+00:00,scheduler,1,0,453.9,11264.0,30,2.801
2026-06-26T08:22:04.286582+00:00,scheduler,0,0,691.9,11264.0,33,2.517
2026-06-26T08:22:04.286582+00:00,scheduler,1,0,453.9,11264.0,30,3.582
2026-06-26T08:22:09.298988+00:00,scheduler,0,0,691.9,11264.0,33,2.462
2026-06-26T08:22:09.298988+00:00,scheduler,1,0,453.9,11264.0,30,3.054
2026-06-26T08:22:14.311252+00:00,scheduler,0,0,691.9,11264.0,33,2.342
2026-06-26T08:22:14.311252+00:00,scheduler,1,0,453.9,11264.0,30,3.235
2026-06-26T08:22:19.323822+00:00,scheduler,0,0,691.9,11264.0,33,2.066
2026-06-26T08:22:19.323822+00:00,scheduler,1,0,453.9,11264.0,30,2.727
2026-06-26T08:22:24.336058+00:00,scheduler,0,0,691.9,11264.0,33,2.515
2026-06-26T08:22:24.336058+00:00,scheduler,1,0,453.9,11264.0,30,3.064
2026-06-26T08:22:29.348333+00:00,scheduler,0,0,691.9,11264.0,33,2.136
2026-06-26T08:22:29.348333+00:00,scheduler,1,0,453.9,11264.0,30,2.905
2026-06-26T08:22:34.360627+00:00,scheduler,0,0,847.9,11264.0,35,50.437
2026-06-26T08:22:34.360627+00:00,scheduler,1,0,453.9,11264.0,30,3.554
2026-06-26T08:22:39.369564+00:00,scheduler,0,0,847.9,11264.0,36,51.265
2026-06-26T08:22:39.369564+00:00,scheduler,1,0,453.9,11264.0,30,3.037
2026-06-26T08:22:44.378373+00:00,scheduler,0,0,847.9,11264.0,37,51.975
2026-06-26T08:22:44.378373+00:00,scheduler,1,0,453.9,11264.0,30,3.176
2026-06-26T08:22:49.387005+00:00,scheduler,0,0,847.9,11264.0,37,51.799
2026-06-26T08:22:49.387005+00:00,scheduler,1,0,453.9,11264.0,30,3.408
2026-06-26T08:22:54.397850+00:00,scheduler,0,0,847.9,11264.0,34,2.343
2026-06-26T08:22:54.397850+00:00,scheduler,1,0,453.9,11264.0,30,3.086
2026-06-26T08:22:59.410610+00:00,scheduler,0,0,847.9,11264.0,34,2.518
2026-06-26T08:22:59.410610+00:00,scheduler,1,0,453.9,11264.0,30,3.231
2026-06-26T08:23:04.422996+00:00,scheduler,0,0,847.9,11264.0,34,2.544
2026-06-26T08:23:04.422996+00:00,scheduler,1,0,453.9,11264.0,30,3.282
2026-06-26T08:23:09.435350+00:00,scheduler,0,0,847.9,11264.0,34,2.6
2026-06-26T08:23:09.435350+00:00,scheduler,1,0,453.9,11264.0,30,3.178
2026-06-26T08:23:14.447771+00:00,scheduler,0,0,847.9,11264.0,33,2.598
2026-06-26T08:23:14.447771+00:00,scheduler,1,0,453.9,11264.0,30,3.416
2026-06-26T08:23:19.460199+00:00,scheduler,0,3,1795.9,11264.0,36,50.962
2026-06-26T08:23:19.460199+00:00,scheduler,1,0,453.9,11264.0,29,3.468
2026-06-26T08:23:24.468864+00:00,scheduler,0,4,3755.9,11264.0,37,52.06
2026-06-26T08:23:24.468864+00:00,scheduler,1,0,453.9,11264.0,30,2.985
2026-06-26T08:23:29.477539+00:00,scheduler,0,4,5695.9,11264.0,38,51.982
2026-06-26T08:23:29.477539+00:00,scheduler,1,0,453.9,11264.0,30,3.632
2026-06-26T08:23:34.486295+00:00,scheduler,0,4,7703.9,11264.0,38,51.964
2026-06-26T08:23:34.486295+00:00,scheduler,1,0,453.9,11264.0,30,3.183
2026-06-26T08:23:39.495300+00:00,scheduler,0,99,9009.9,11264.0,45,247.0
2026-06-26T08:23:39.495300+00:00,scheduler,1,0,453.9,11264.0,30,3.862
2026-06-26T08:23:44.505490+00:00,scheduler,0,11,9009.9,11264.0,39,53.635
2026-06-26T08:23:44.505490+00:00,scheduler,1,0,453.9,11264.0,30,2.817
2026-06-26T08:23:49.514415+00:00,scheduler,0,4,2515.9,11264.0,39,53.579
2026-06-26T08:23:49.514415+00:00,scheduler,1,0,453.9,11264.0,30,3.702
2026-06-26T08:23:54.523520+00:00,scheduler,0,3,4297.9,11264.0,39,53.09
2026-06-26T08:23:54.523520+00:00,scheduler,1,0,453.9,11264.0,29,2.823
2026-06-26T08:23:59.532311+00:00,scheduler,0,4,6007.9,11264.0,40,53.539
2026-06-26T08:23:59.532311+00:00,scheduler,1,0,453.9,11264.0,29,3.376
2026-06-26T08:24:04.541133+00:00,scheduler,0,4,8113.9,11264.0,40,53.68
2026-06-26T08:24:04.541133+00:00,scheduler,1,0,453.9,11264.0,29,3.285
2026-06-26T08:24:09.549812+00:00,scheduler,0,100,11163.9,11264.0,48,246.487
2026-06-26T08:24:09.549812+00:00,scheduler,1,0,453.9,11264.0,29,3.306
2026-06-26T08:24:14.558746+00:00,scheduler,0,100,11165.9,11264.0,49,249.277
2026-06-26T08:24:14.558746+00:00,scheduler,1,0,609.9,11264.0,32,50.131
2026-06-26T08:24:19.565097+00:00,scheduler,0,100,11165.9,11264.0,50,247.213
2026-06-26T08:24:19.565097+00:00,scheduler,1,0,609.9,11264.0,33,50.271
2026-06-26T08:24:24.570404+00:00,scheduler,0,100,11167.9,11264.0,51,248.148
2026-06-26T08:24:24.570404+00:00,scheduler,1,0,609.9,11264.0,34,50.694
2026-06-26T08:24:29.577075+00:00,scheduler,0,100,11167.9,11264.0,52,247.486
2026-06-26T08:24:29.577075+00:00,scheduler,1,0,609.9,11264.0,33,3.368
2026-06-26T08:24:34.585820+00:00,scheduler,0,100,11167.9,11264.0,54,240.375
2026-06-26T08:24:34.585820+00:00,scheduler,1,0,609.9,11264.0,31,2.559
2026-06-26T08:24:39.595260+00:00,scheduler,0,100,11167.9,11264.0,55,246.302
2026-06-26T08:24:39.595260+00:00,scheduler,1,0,609.9,11264.0,31,2.799
2026-06-26T08:24:44.608289+00:00,scheduler,0,100,11167.9,11264.0,55,248.255
2026-06-26T08:24:44.608289+00:00,scheduler,1,0,609.9,11264.0,31,2.677
2026-06-26T08:24:49.619398+00:00,scheduler,0,100,11167.9,11264.0,56,255.487
2026-06-26T08:24:49.619398+00:00,scheduler,1,0,609.9,11264.0,31,2.986
2026-06-26T08:24:54.630370+00:00,scheduler,0,100,11167.9,11264.0,57,252.046
2026-06-26T08:24:54.630370+00:00,scheduler,1,0,609.9,11264.0,30,2.84
2026-06-26T08:24:59.643659+00:00,scheduler,0,100,11167.9,11264.0,57,246.508
2026-06-26T08:24:59.643659+00:00,scheduler,1,0,3293.9,11264.0,32,51.901
2026-06-26T08:25:04.650861+00:00,scheduler,0,100,11167.9,11264.0,57,233.847
2026-06-26T08:25:04.650861+00:00,scheduler,1,14,8771.9,11264.0,37,70.166
2026-06-26T08:25:09.657156+00:00,scheduler,0,100,11167.9,11264.0,58,248.247
2026-06-26T08:25:09.657156+00:00,scheduler,1,2,8771.9,11264.0,35,51.446
2026-06-26T08:25:14.668824+00:00,scheduler,0,100,11167.9,11264.0,58,246.286
2026-06-26T08:25:14.668824+00:00,scheduler,1,2,8771.9,11264.0,35,51.302
2026-06-26T08:25:19.677223+00:00,scheduler,0,100,11167.9,11264.0,59,243.486
2026-06-26T08:25:19.677223+00:00,scheduler,1,1,8771.9,11264.0,36,51.212
2026-06-26T08:25:24.698820+00:00,scheduler,0,100,11167.9,11264.0,59,238.185
2026-06-26T08:25:24.698820+00:00,scheduler,1,2,8771.9,11264.0,36,51.352
2026-06-26T08:25:29.709573+00:00,scheduler,0,100,11167.9,11264.0,59,239.6
2026-06-26T08:25:29.709573+00:00,scheduler,1,25,3825.9,11264.0,37,70.82
2026-06-26T08:25:34.714825+00:00,scheduler,0,100,11167.9,11264.0,59,251.598
2026-06-26T08:25:34.714825+00:00,scheduler,1,100,10925.9,11264.0,44,246.858
2026-06-26T08:25:39.722916+00:00,scheduler,0,100,11167.9,11264.0,59,241.111
2026-06-26T08:25:39.722916+00:00,scheduler,1,100,10927.9,11264.0,46,245.771
2026-06-26T08:25:44.728295+00:00,scheduler,0,100,11167.9,11264.0,59,244.006
2026-06-26T08:25:44.728295+00:00,scheduler,1,100,10927.9,11264.0,47,249.105
2026-06-26T08:25:49.735536+00:00,scheduler,0,100,11167.9,11264.0,59,246.313
2026-06-26T08:25:49.735536+00:00,scheduler,1,100,10929.9,11264.0,48,247.269
2026-06-26T08:25:54.742113+00:00,scheduler,0,100,11167.9,11264.0,59,248.14
2026-06-26T08:25:54.742113+00:00,scheduler,1,100,10929.9,11264.0,49,248.229
2026-06-26T08:25:59.752041+00:00,scheduler,0,100,11167.9,11264.0,59,244.988
2026-06-26T08:25:59.752041+00:00,scheduler,1,100,10929.9,11264.0,50,250.477
2026-06-26T08:26:04.763947+00:00,scheduler,0,100,11167.9,11264.0,59,243.856
2026-06-26T08:26:04.763947+00:00,scheduler,1,100,10929.9,11264.0,51,245.396
2026-06-26T08:26:09.774104+00:00,scheduler,0,100,11167.9,11264.0,59,249.635
2026-06-26T08:26:09.774104+00:00,scheduler,1,100,10929.9,11264.0,52,248.112
2026-06-26T08:26:14.786306+00:00,scheduler,0,4,11167.9,11264.0,55,87.718
2026-06-26T08:26:14.786306+00:00,scheduler,1,100,10929.9,11264.0,53,240.107
2026-06-26T08:26:19.806025+00:00,scheduler,0,2,11167.9,11264.0,52,57.33
2026-06-26T08:26:19.806025+00:00,scheduler,1,100,10929.9,11264.0,54,248.653
2026-06-26T08:26:24.811584+00:00,scheduler,0,2,11167.9,11264.0,50,56.952
2026-06-26T08:26:24.811584+00:00,scheduler,1,100,10929.9,11264.0,55,247.69
2026-06-26T08:26:29.820916+00:00,scheduler,0,2,11167.9,11264.0,49,56.472
2026-06-26T08:26:29.820916+00:00,scheduler,1,100,10929.9,11264.0,55,239.464
2026-06-26T08:26:34.833584+00:00,scheduler,0,2,11167.9,11264.0,48,56.41
2026-06-26T08:26:34.833584+00:00,scheduler,1,100,10929.9,11264.0,56,246.988
2026-06-26T08:26:39.850199+00:00,scheduler,0,1,11167.9,11264.0,48,56.282
2026-06-26T08:26:39.850199+00:00,scheduler,1,100,10929.9,11264.0,56,254.936
2026-06-26T08:26:44.865408+00:00,scheduler,0,1,11167.9,11264.0,47,55.747
2026-06-26T08:26:44.865408+00:00,scheduler,1,100,10929.9,11264.0,56,254.333
2026-06-26T08:26:49.885594+00:00,scheduler,0,26,1125.9,11264.0,48,79.311
2026-06-26T08:26:49.885594+00:00,scheduler,1,100,10929.9,11264.0,56,247.05
2026-06-26T08:26:54.894220+00:00,scheduler,0,9,1123.9,11264.0,48,79.13
2026-06-26T08:26:54.894220+00:00,scheduler,1,100,10929.9,11264.0,57,256.893
2026-06-26T08:26:59.899185+00:00,scheduler,0,0,1123.9,11264.0,46,55.204
2026-06-26T08:26:59.899185+00:00,scheduler,1,100,10929.9,11264.0,57,246.651
2026-06-26T08:27:04.906336+00:00,scheduler,0,0,1123.9,11264.0,46,55.787
2026-06-26T08:27:04.906336+00:00,scheduler,1,100,10929.9,11264.0,57,253.326
2026-06-26T08:27:09.911776+00:00,scheduler,0,0,1123.9,11264.0,45,55.866
2026-06-26T08:27:09.911776+00:00,scheduler,1,100,10929.9,11264.0,57,247.772
2026-06-26T08:27:14.918054+00:00,scheduler,0,0,1123.9,11264.0,42,3.288
2026-06-26T08:27:14.918054+00:00,scheduler,1,100,10929.9,11264.0,57,245.503
2026-06-26T08:27:19.927043+00:00,scheduler,0,0,1123.9,11264.0,41,3.251
2026-06-26T08:27:19.927043+00:00,scheduler,1,100,10929.9,11264.0,57,256.178
2026-06-26T08:27:24.936434+00:00,scheduler,0,1,905.9,11264.0,41,2.854
2026-06-26T08:27:24.936434+00:00,scheduler,1,100,10929.9,11264.0,57,244.819
2026-06-26T08:27:29.946437+00:00,scheduler,0,0,905.9,11264.0,40,2.822
2026-06-26T08:27:29.946437+00:00,scheduler,1,100,10929.9,11264.0,57,256.334
2026-06-26T08:27:34.957621+00:00,scheduler,0,0,905.9,11264.0,39,3.052
2026-06-26T08:27:34.957621+00:00,scheduler,1,100,10929.9,11264.0,57,250.103
2026-06-26T08:27:39.970065+00:00,scheduler,0,0,905.9,11264.0,39,2.943
2026-06-26T08:27:39.970065+00:00,scheduler,1,100,10929.9,11264.0,57,248.014
2026-06-26T08:27:44.980183+00:00,scheduler,0,0,905.9,11264.0,38,3.104
2026-06-26T08:27:44.980183+00:00,scheduler,1,2,10929.9,11264.0,50,55.645
2026-06-26T08:27:49.993968+00:00,scheduler,0,0,905.9,11264.0,38,3.182
2026-06-26T08:27:49.993968+00:00,scheduler,1,5,10929.9,11264.0,49,55.204
2026-06-26T08:27:55.009118+00:00,scheduler,0,0,905.9,11264.0,38,3.858
2026-06-26T08:27:55.009118+00:00,scheduler,1,31,4985.9,11264.0,52,249.847
2026-06-26T08:28:00.020609+00:00,scheduler,0,0,905.9,11264.0,37,3.869
2026-06-26T08:28:00.020609+00:00,scheduler,1,0,885.9,11264.0,47,54.315
2026-06-26T08:28:05.030849+00:00,scheduler,0,0,903.9,11264.0,37,2.813
2026-06-26T08:28:05.030849+00:00,scheduler,1,0,885.9,11264.0,46,54.062
2026-06-26T08:28:10.040566+00:00,scheduler,0,0,903.9,11264.0,37,3.194
2026-06-26T08:28:10.040566+00:00,scheduler,1,0,885.9,11264.0,45,53.917
2026-06-26T08:28:15.049868+00:00,scheduler,0,0,903.9,11264.0,37,2.783
2026-06-26T08:28:15.049868+00:00,scheduler,1,0,885.9,11264.0,42,3.871
2026-06-26T08:28:20.062850+00:00,scheduler,0,0,903.9,11264.0,36,3.364
2026-06-26T08:28:20.062850+00:00,scheduler,1,0,667.9,11264.0,41,3.874
2026-06-26T08:28:25.076486+00:00,scheduler,0,0,903.9,11264.0,36,2.871
2026-06-26T08:28:25.076486+00:00,scheduler,1,0,667.9,11264.0,40,3.65
2026-06-26T08:28:30.089252+00:00,scheduler,0,0,903.9,11264.0,36,3.043
2026-06-26T08:28:30.089252+00:00,scheduler,1,0,667.9,11264.0,39,3.732
2026-06-26T08:28:35.101593+00:00,scheduler,0,0,903.9,11264.0,36,2.548
2026-06-26T08:28:35.101593+00:00,scheduler,1,0,667.9,11264.0,38,3.477
2026-06-26T08:28:40.114022+00:00,scheduler,0,0,903.9,11264.0,36,2.973
2026-06-26T08:28:40.114022+00:00,scheduler,1,0,667.9,11264.0,37,4.077
2026-06-26T08:28:45.126733+00:00,scheduler,0,0,903.9,11264.0,36,2.857
2026-06-26T08:28:45.126733+00:00,scheduler,1,0,667.9,11264.0,37,2.916
2026-06-26T08:28:50.139192+00:00,scheduler,0,1,1645.9,11264.0,37,51.724
2026-06-26T08:28:50.139192+00:00,scheduler,1,0,667.9,11264.0,36,3.482
2026-06-26T08:28:55.148249+00:00,scheduler,0,2,1889.9,11264.0,39,52.704
2026-06-26T08:28:55.148249+00:00,scheduler,1,0,665.9,11264.0,36,3.412
2026-06-26T08:29:00.160150+00:00,scheduler,0,2,2829.9,11264.0,39,52.415
2026-06-26T08:29:00.160150+00:00,scheduler,1,0,665.9,11264.0,35,3.554
2026-06-26T08:29:05.171456+00:00,scheduler,0,1,3605.9,11264.0,40,52.759
2026-06-26T08:29:05.171456+00:00,scheduler,1,0,665.9,11264.0,35,3.04
2026-06-26T08:29:10.180559+00:00,scheduler,0,1,4421.9,11264.0,40,52.617
2026-06-26T08:29:10.180559+00:00,scheduler,1,0,665.9,11264.0,35,3.226
2026-06-26T08:29:15.199540+00:00,scheduler,0,1,5137.9,11264.0,40,52.875
2026-06-26T08:29:15.199540+00:00,scheduler,1,0,665.9,11264.0,34,3.128
2026-06-26T08:29:20.208596+00:00,scheduler,0,2,5913.9,11264.0,40,53.116
2026-06-26T08:29:20.208596+00:00,scheduler,1,0,665.9,11264.0,34,3.513
2026-06-26T08:29:25.221175+00:00,scheduler,0,1,6689.9,11264.0,40,52.954
2026-06-26T08:29:25.221175+00:00,scheduler,1,0,665.9,11264.0,34,2.991
2026-06-26T08:29:30.234564+00:00,scheduler,0,95,9009.9,11264.0,45,166.606
2026-06-26T08:29:30.234564+00:00,scheduler,1,0,665.9,11264.0,34,3.003
2026-06-26T08:29:35.243296+00:00,scheduler,0,1,9009.9,11264.0,42,53.984
2026-06-26T08:29:35.243296+00:00,scheduler,1,0,665.9,11264.0,34,3.193
2026-06-26T08:29:40.262191+00:00,scheduler,0,1,9009.9,11264.0,41,54.298
2026-06-26T08:29:40.262191+00:00,scheduler,1,0,665.9,11264.0,33,3.261
2026-06-26T08:29:45.275268+00:00,scheduler,0,1,9009.9,11264.0,41,53.881
2026-06-26T08:29:45.275268+00:00,scheduler,1,0,665.9,11264.0,33,3.169
2026-06-26T08:29:50.287286+00:00,scheduler,0,3,9009.9,11264.0,42,53.844
2026-06-26T08:29:50.287286+00:00,scheduler,1,0,665.9,11264.0,33,3.125
2026-06-26T08:29:55.298435+00:00,scheduler,0,2,9009.9,11264.0,42,54.084
2026-06-26T08:29:55.298435+00:00,scheduler,1,16,4551.9,11264.0,36,51.216
2026-06-26T08:30:00.303799+00:00,scheduler,0,2,9009.9,11264.0,42,54.176
2026-06-26T08:30:00.303799+00:00,scheduler,1,0,8391.9,11264.0,36,50.954
2026-06-26T08:30:05.312774+00:00,scheduler,0,6,4063.9,11264.0,42,54.12
2026-06-26T08:30:05.312774+00:00,scheduler,1,1,8771.9,11264.0,39,52.145
2026-06-26T08:30:10.327685+00:00,scheduler,0,13,11165.9,11264.0,44,122.372
2026-06-26T08:30:10.327685+00:00,scheduler,1,2,8771.9,11264.0,38,52.228
2026-06-26T08:30:15.338221+00:00,scheduler,0,100,11165.9,11264.0,50,247.948
2026-06-26T08:30:15.338221+00:00,scheduler,1,8,8771.9,11264.0,38,52.274
2026-06-26T08:30:20.343823+00:00,scheduler,0,100,11167.9,11264.0,51,242.503
2026-06-26T08:30:20.343823+00:00,scheduler,1,4,1665.9,11264.0,38,52.325
2026-06-26T08:30:25.352175+00:00,scheduler,0,100,11167.9,11264.0,52,252.489
2026-06-26T08:30:25.352175+00:00,scheduler,1,4,3213.9,11264.0,38,52.294
2026-06-26T08:30:30.357660+00:00,scheduler,0,100,11167.9,11264.0,53,242.629
2026-06-26T08:30:30.357660+00:00,scheduler,1,3,5229.9,11264.0,38,52.13
2026-06-26T08:30:35.512319+00:00,scheduler,0,100,11167.9,11264.0,54,237.987
2026-06-26T08:30:35.512319+00:00,scheduler,1,2,6165.9,11264.0,38,52.859
2026-06-26T08:30:40.519724+00:00,scheduler,0,100,11167.9,11264.0,55,241.277
2026-06-26T08:30:40.519724+00:00,scheduler,1,2,7101.9,11264.0,38,52.374
2026-06-26T08:30:45.530216+00:00,scheduler,0,100,11167.9,11264.0,56,245.815
2026-06-26T08:30:45.530216+00:00,scheduler,1,1,7875.9,11264.0,38,52.548
2026-06-26T08:30:50.537790+00:00,scheduler,0,100,11167.9,11264.0,57,255.858
2026-06-26T08:30:50.537790+00:00,scheduler,1,100,10927.9,11264.0,46,251.874
2026-06-26T08:30:55.545612+00:00,scheduler,0,100,11167.9,11264.0,57,254.677
2026-06-26T08:30:55.545612+00:00,scheduler,1,100,10927.9,11264.0,47,248.763
2026-06-26T08:31:00.553272+00:00,scheduler,0,100,11167.9,11264.0,58,247.583
2026-06-26T08:31:00.553272+00:00,scheduler,1,100,10929.9,11264.0,49,240.963
2026-06-26T08:31:05.561047+00:00,scheduler,0,100,11167.9,11264.0,58,253.955
2026-06-26T08:31:05.561047+00:00,scheduler,1,100,10929.9,11264.0,50,249.398
2026-06-26T08:31:10.566423+00:00,scheduler,0,100,11167.9,11264.0,58,248.092
2026-06-26T08:31:10.566423+00:00,scheduler,1,100,10929.9,11264.0,51,244.788
2026-06-26T08:31:15.572713+00:00,scheduler,0,100,11167.9,11264.0,59,248.452
2026-06-26T08:31:15.572713+00:00,scheduler,1,100,10929.9,11264.0,52,249.69
2026-06-26T08:31:20.580146+00:00,scheduler,0,100,11167.9,11264.0,59,244.188
2026-06-26T08:31:20.580146+00:00,scheduler,1,100,10929.9,11264.0,53,240.157
2026-06-26T08:31:25.586365+00:00,scheduler,0,100,11167.9,11264.0,59,252.857
2026-06-26T08:31:25.586365+00:00,scheduler,1,100,10929.9,11264.0,53,245.775
2026-06-26T08:31:30.591785+00:00,scheduler,0,100,11167.9,11264.0,59,249.521
2026-06-26T08:31:30.591785+00:00,scheduler,1,100,10929.9,11264.0,54,255.483
2026-06-26T08:31:35.597543+00:00,scheduler,0,100,11167.9,11264.0,59,248.149
2026-06-26T08:31:35.597543+00:00,scheduler,1,100,10929.9,11264.0,55,248.121
2026-06-26T08:31:40.603078+00:00,scheduler,0,100,11167.9,11264.0,59,243.025
2026-06-26T08:31:40.603078+00:00,scheduler,1,100,10929.9,11264.0,55,246.57
2026-06-26T08:31:45.608879+00:00,scheduler,0,100,11167.9,11264.0,59,245.23
2026-06-26T08:31:45.608879+00:00,scheduler,1,100,10929.9,11264.0,56,254.318
2026-06-26T08:31:50.614351+00:00,scheduler,0,100,11167.9,11264.0,59,250.129
2026-06-26T08:31:50.614351+00:00,scheduler,1,100,10929.9,11264.0,56,246.423
2026-06-26T08:31:55.619788+00:00,scheduler,0,100,11167.9,11264.0,59,248.904
2026-06-26T08:31:55.619788+00:00,scheduler,1,100,10929.9,11264.0,56,257.131
2026-06-26T08:32:00.626309+00:00,scheduler,0,100,11167.9,11264.0,60,238.703
2026-06-26T08:32:00.626309+00:00,scheduler,1,100,10929.9,11264.0,57,247.796
2026-06-26T08:32:05.633745+00:00,scheduler,0,100,11167.9,11264.0,59,246.835
2026-06-26T08:32:05.633745+00:00,scheduler,1,100,10929.9,11264.0,57,245.751
2026-06-26T08:32:10.640955+00:00,scheduler,0,100,11167.9,11264.0,59,246.543
2026-06-26T08:32:10.640955+00:00,scheduler,1,100,10929.9,11264.0,57,257.259
2026-06-26T08:32:15.649688+00:00,scheduler,0,100,11167.9,11264.0,59,251.675
2026-06-26T08:32:15.649688+00:00,scheduler,1,100,10929.9,11264.0,57,248.392
2026-06-26T08:32:20.658527+00:00,scheduler,0,100,11167.9,11264.0,59,254.824
2026-06-26T08:32:20.658527+00:00,scheduler,1,100,10929.9,11264.0,57,254.67
2026-06-26T08:32:25.667046+00:00,scheduler,0,100,11167.9,11264.0,60,237.547
2026-06-26T08:32:25.667046+00:00,scheduler,1,100,10929.9,11264.0,57,248.912
2026-06-26T08:32:30.676972+00:00,scheduler,0,100,11167.9,11264.0,60,246.964
2026-06-26T08:32:30.676972+00:00,scheduler,1,100,10929.9,11264.0,57,251.005
2026-06-26T08:32:35.682823+00:00,scheduler,0,100,11167.9,11264.0,59,252.385
2026-06-26T08:32:35.682823+00:00,scheduler,1,100,10929.9,11264.0,57,239.037
2026-06-26T08:32:40.692748+00:00,scheduler,0,100,11167.9,11264.0,59,253.016
2026-06-26T08:32:40.692748+00:00,scheduler,1,100,10929.9,11264.0,57,248.4
2026-06-26T08:32:45.698333+00:00,scheduler,0,100,11167.9,11264.0,59,249.1
2026-06-26T08:32:45.698333+00:00,scheduler,1,100,10929.9,11264.0,57,254.288
2026-06-26T08:32:50.706104+00:00,scheduler,0,100,11167.9,11264.0,60,243.565
2026-06-26T08:32:50.706104+00:00,scheduler,1,100,10929.9,11264.0,57,249.818
2026-06-26T08:32:55.711980+00:00,scheduler,0,100,11167.9,11264.0,60,247.514
2026-06-26T08:32:55.711980+00:00,scheduler,1,100,10929.9,11264.0,57,251.36
2026-06-26T08:33:00.720706+00:00,scheduler,0,100,11167.9,11264.0,59,248.313
2026-06-26T08:33:00.720706+00:00,scheduler,1,100,10929.9,11264.0,57,250.708
2026-06-26T08:33:05.728402+00:00,scheduler,0,100,11167.9,11264.0,60,240.038
2026-06-26T08:33:05.728402+00:00,scheduler,1,100,10929.9,11264.0,57,249.738
2026-06-26T08:33:10.734536+00:00,scheduler,0,100,11167.9,11264.0,60,245.03
2026-06-26T08:33:10.734536+00:00,scheduler,1,100,10929.9,11264.0,57,247.592
2026-06-26T08:33:15.742645+00:00,scheduler,0,100,11167.9,11264.0,60,245.382
2026-06-26T08:33:15.742645+00:00,scheduler,1,100,10929.9,11264.0,57,251.238
2026-06-26T08:33:20.749348+00:00,scheduler,0,100,11167.9,11264.0,60,245.298
2026-06-26T08:33:20.749348+00:00,scheduler,1,100,10929.9,11264.0,57,247.838
2026-06-26T08:33:25.762589+00:00,scheduler,0,100,11167.9,11264.0,60,246.891
2026-06-26T08:33:25.762589+00:00,scheduler,1,100,10929.9,11264.0,57,248.186
2026-06-26T08:33:30.769220+00:00,scheduler,0,100,11167.9,11264.0,59,253.185
2026-06-26T08:33:30.769220+00:00,scheduler,1,100,10929.9,11264.0,57,242.253
2026-06-26T08:33:35.778187+00:00,scheduler,0,100,11167.9,11264.0,60,246.044
2026-06-26T08:33:35.778187+00:00,scheduler,1,100,10929.9,11264.0,57,240.135
2026-06-26T08:33:40.786946+00:00,scheduler,0,100,11167.9,11264.0,59,246.834
2026-06-26T08:33:40.786946+00:00,scheduler,1,100,10929.9,11264.0,57,249.456
2026-06-26T08:33:45.792608+00:00,scheduler,0,100,11167.9,11264.0,60,247.956
2026-06-26T08:33:45.792608+00:00,scheduler,1,100,10929.9,11264.0,57,247.339
2026-06-26T08:33:50.799171+00:00,scheduler,0,100,11167.9,11264.0,60,239.916
2026-06-26T08:33:50.799171+00:00,scheduler,1,100,10929.9,11264.0,57,255.304
2026-06-26T08:33:55.805658+00:00,scheduler,0,100,11167.9,11264.0,60,250.226
2026-06-26T08:33:55.805658+00:00,scheduler,1,100,10929.9,11264.0,57,250.377
2026-06-26T08:34:00.812297+00:00,scheduler,0,100,11167.9,11264.0,60,244.102
2026-06-26T08:34:00.812297+00:00,scheduler,1,100,10929.9,11264.0,57,252.172
2026-06-26T08:34:05.819874+00:00,scheduler,0,100,11167.9,11264.0,60,239.342
2026-06-26T08:34:05.819874+00:00,scheduler,1,100,10929.9,11264.0,57,240.627
2026-06-26T08:34:10.828172+00:00,scheduler,0,100,11167.9,11264.0,60,247.116
2026-06-26T08:34:10.828172+00:00,scheduler,1,100,10929.9,11264.0,57,254.656
2026-06-26T08:34:15.837128+00:00,scheduler,0,100,11167.9,11264.0,60,240.379
2026-06-26T08:34:15.837128+00:00,scheduler,1,100,10929.9,11264.0,57,252.064
2026-06-26T08:34:20.844250+00:00,scheduler,0,100,11167.9,11264.0,60,246.792
2026-06-26T08:34:20.844250+00:00,scheduler,1,100,10929.9,11264.0,57,250.539
2026-06-26T08:34:25.850806+00:00,scheduler,0,100,11167.9,11264.0,59,247.878
2026-06-26T08:34:25.850806+00:00,scheduler,1,100,10929.9,11264.0,57,247.512
2026-06-26T08:34:30.859540+00:00,scheduler,0,100,11167.9,11264.0,59,254.36
2026-06-26T08:34:30.859540+00:00,scheduler,1,100,10929.9,11264.0,57,255.946
2026-06-26T08:34:35.871792+00:00,scheduler,0,100,11167.9,11264.0,59,245.132
2026-06-26T08:34:35.871792+00:00,scheduler,1,100,10929.9,11264.0,57,246.528
2026-06-26T08:34:40.882631+00:00,scheduler,0,100,11167.9,11264.0,60,245.947
2026-06-26T08:34:40.882631+00:00,scheduler,1,100,10929.9,11264.0,57,246.789
2026-06-26T08:34:45.890565+00:00,scheduler,0,100,11167.9,11264.0,60,244.398
2026-06-26T08:34:45.890565+00:00,scheduler,1,100,10929.9,11264.0,57,255.238
2026-06-26T08:34:50.895976+00:00,scheduler,0,100,11167.9,11264.0,59,241.578
2026-06-26T08:34:50.895976+00:00,scheduler,1,100,10929.9,11264.0,57,246.987
2026-06-26T08:34:55.901885+00:00,scheduler,0,100,11167.9,11264.0,59,253.833
2026-06-26T08:34:55.901885+00:00,scheduler,1,100,10929.9,11264.0,57,257.172
2026-06-26T08:35:00.909095+00:00,scheduler,0,100,11167.9,11264.0,59,245.892
2026-06-26T08:35:00.909095+00:00,scheduler,1,100,10929.9,11264.0,57,250.314
2026-06-26T08:35:05.920239+00:00,scheduler,0,100,11167.9,11264.0,59,242.9
2026-06-26T08:35:05.920239+00:00,scheduler,1,100,10929.9,11264.0,57,251.204
2026-06-26T08:35:10.929009+00:00,scheduler,0,100,11167.9,11264.0,60,244.09
2026-06-26T08:35:10.929009+00:00,scheduler,1,100,10929.9,11264.0,57,238.649
2026-06-26T08:35:15.935356+00:00,scheduler,0,100,11167.9,11264.0,60,238.084
2026-06-26T08:35:15.935356+00:00,scheduler,1,100,10929.9,11264.0,57,245.679
2026-06-26T08:35:20.941468+00:00,scheduler,0,100,11167.9,11264.0,60,246.198
2026-06-26T08:35:20.941468+00:00,scheduler,1,100,10929.9,11264.0,57,254.45
2026-06-26T08:35:25.949297+00:00,scheduler,0,100,11167.9,11264.0,60,246.826
2026-06-26T08:35:25.949297+00:00,scheduler,1,100,10929.9,11264.0,57,248.643
2026-06-26T08:35:30.956620+00:00,scheduler,0,100,11167.9,11264.0,59,252.338
2026-06-26T08:35:30.956620+00:00,scheduler,1,100,10929.9,11264.0,57,246.993
2026-06-26T08:35:35.967067+00:00,scheduler,0,100,11167.9,11264.0,60,246.558
2026-06-26T08:35:35.967067+00:00,scheduler,1,100,10929.9,11264.0,57,249.957
2026-06-26T08:35:40.972592+00:00,scheduler,0,100,11167.9,11264.0,60,246.394
2026-06-26T08:35:40.972592+00:00,scheduler,1,100,10929.9,11264.0,57,250.047
2026-06-26T08:35:45.978439+00:00,scheduler,0,100,11167.9,11264.0,59,246.606
2026-06-26T08:35:45.978439+00:00,scheduler,1,100,10929.9,11264.0,57,247.54
2026-06-26T08:35:50.987619+00:00,scheduler,0,100,11167.9,11264.0,60,240.028
2026-06-26T08:35:50.987619+00:00,scheduler,1,100,10929.9,11264.0,57,248.519
2026-06-26T08:35:55.994329+00:00,scheduler,0,1,11167.9,11264.0,53,57.696
2026-06-26T08:35:55.994329+00:00,scheduler,1,100,10929.9,11264.0,57,242.192
2026-06-26T08:36:01.014818+00:00,scheduler,0,2,11167.9,11264.0,51,57.514
2026-06-26T08:36:01.014818+00:00,scheduler,1,100,10929.9,11264.0,57,250.076
2026-06-26T08:36:06.024202+00:00,scheduler,0,2,11167.9,11264.0,50,57.247
2026-06-26T08:36:06.024202+00:00,scheduler,1,100,10929.9,11264.0,57,239.841
2026-06-26T08:36:11.031363+00:00,scheduler,0,1,11167.9,11264.0,49,57.195
2026-06-26T08:36:11.031363+00:00,scheduler,1,100,10929.9,11264.0,57,254.583
2026-06-26T08:36:16.039809+00:00,scheduler,0,1,11167.9,11264.0,48,56.696
2026-06-26T08:36:16.039809+00:00,scheduler,1,100,10929.9,11264.0,57,249.746
2026-06-26T08:36:21.045976+00:00,scheduler,0,1,11167.9,11264.0,48,56.716
2026-06-26T08:36:21.045976+00:00,scheduler,1,100,10929.9,11264.0,57,241.185
2026-06-26T08:36:26.057171+00:00,scheduler,0,1,11167.9,11264.0,47,56.45
2026-06-26T08:36:26.057171+00:00,scheduler,1,100,10929.9,11264.0,57,252.359
2026-06-26T08:36:31.075392+00:00,scheduler,0,48,5223.9,11264.0,52,250.562
2026-06-26T08:36:31.075392+00:00,scheduler,1,100,10929.9,11264.0,57,241.625
2026-06-26T08:36:36.084633+00:00,scheduler,0,1,1867.9,11264.0,47,56.881
2026-06-26T08:36:36.084633+00:00,scheduler,1,8,10929.9,11264.0,51,55.857
2026-06-26T08:36:41.090010+00:00,scheduler,0,0,1867.9,11264.0,46,56.939
2026-06-26T08:36:41.090010+00:00,scheduler,1,2,10929.9,11264.0,49,55.216
2026-06-26T08:36:46.100910+00:00,scheduler,0,0,1867.9,11264.0,46,56.779
2026-06-26T08:36:46.100910+00:00,scheduler,1,1,10929.9,11264.0,47,54.994
2026-06-26T08:36:51.111477+00:00,scheduler,0,0,1867.9,11264.0,46,56.505
2026-06-26T08:36:51.111477+00:00,scheduler,1,1,10929.9,11264.0,46,54.745
2026-06-26T08:36:56.128535+00:00,scheduler,0,0,1867.9,11264.0,45,56.575
2026-06-26T08:36:56.128535+00:00,scheduler,1,34,4985.9,11264.0,50,250.544
2026-06-26T08:37:01.134220+00:00,scheduler,0,0,1867.9,11264.0,45,56.532
2026-06-26T08:37:01.134220+00:00,scheduler,1,1,1629.9,11264.0,45,54.389
2026-06-26T08:37:06.140086+00:00,scheduler,0,0,1867.9,11264.0,45,56.346
2026-06-26T08:37:06.140086+00:00,scheduler,1,1,1629.9,11264.0,44,54.023
2026-06-26T08:37:11.145384+00:00,scheduler,0,0,1867.9,11264.0,45,56.356
2026-06-26T08:37:11.145384+00:00,scheduler,1,1,1813.9,11264.0,44,53.506
2026-06-26T08:37:16.152343+00:00,scheduler,0,0,1867.9,11264.0,44,56.377
2026-06-26T08:37:16.152343+00:00,scheduler,1,0,2201.9,11264.0,43,53.248
2026-06-26T08:37:21.160538+00:00,scheduler,0,0,2003.9,11264.0,44,55.863
2026-06-26T08:37:21.160538+00:00,scheduler,1,1,2725.9,11264.0,43,53.242
2026-06-26T08:37:26.166095+00:00,scheduler,0,0,2139.9,11264.0,44,55.674
2026-06-26T08:37:26.166095+00:00,scheduler,1,1,3269.9,11264.0,42,52.731
2026-06-26T08:37:31.171468+00:00,scheduler,0,0,2343.9,11264.0,44,55.788
2026-06-26T08:37:31.171468+00:00,scheduler,1,1,3753.9,11264.0,42,52.638
2026-06-26T08:37:36.177768+00:00,scheduler,0,0,2459.9,11264.0,44,55.772
2026-06-26T08:37:36.177768+00:00,scheduler,1,1,4325.9,11264.0,42,53.035
2026-06-26T08:37:41.184247+00:00,scheduler,0,0,2575.9,11264.0,44,55.47
2026-06-26T08:37:41.184247+00:00,scheduler,1,1,4869.9,11264.0,42,53.117
2026-06-26T08:37:46.189542+00:00,scheduler,0,0,2731.9,11264.0,44,55.687
2026-06-26T08:37:46.189542+00:00,scheduler,1,1,5393.9,11264.0,41,52.728
2026-06-26T08:37:51.196829+00:00,scheduler,0,0,2847.9,11264.0,43,55.774
2026-06-26T08:37:51.196829+00:00,scheduler,1,0,5781.9,11264.0,41,52.741
2026-06-26T08:37:56.202063+00:00,scheduler,0,0,3011.9,11264.0,43,55.754
2026-06-26T08:37:56.202063+00:00,scheduler,1,1,6489.9,11264.0,41,52.374
2026-06-26T08:38:01.208528+00:00,scheduler,0,0,3215.9,11264.0,43,55.691
2026-06-26T08:38:01.208528+00:00,scheduler,1,1,7197.9,11264.0,41,52.568
2026-06-26T08:38:06.213924+00:00,scheduler,0,0,3351.9,11264.0,43,55.459
2026-06-26T08:38:06.213924+00:00,scheduler,1,1,7769.9,11264.0,41,52.746
2026-06-26T08:38:11.220197+00:00,scheduler,0,0,3555.9,11264.0,43,55.478
2026-06-26T08:38:11.220197+00:00,scheduler,1,1,8409.9,11264.0,41,52.252
2026-06-26T08:38:16.225787+00:00,scheduler,0,0,3739.9,11264.0,43,55.376
2026-06-26T08:38:16.225787+00:00,scheduler,1,64,8763.9,11264.0,43,72.499
2026-06-26T08:38:21.230909+00:00,scheduler,0,0,3943.9,11264.0,43,55.25
2026-06-26T08:38:21.230909+00:00,scheduler,1,8,8763.9,11264.0,41,53.311
2026-06-26T08:38:26.236311+00:00,scheduler,0,0,4079.9,11264.0,43,55.291
2026-06-26T08:38:26.236311+00:00,scheduler,1,100,10927.9,11264.0,48,245.448
2026-06-26T08:38:31.244381+00:00,scheduler,0,0,4283.9,11264.0,43,55.152
2026-06-26T08:38:31.244381+00:00,scheduler,1,100,10927.9,11264.0,50,239.996
2026-06-26T08:38:36.250015+00:00,scheduler,0,0,4399.9,11264.0,43,54.766
2026-06-26T08:38:36.250015+00:00,scheduler,1,100,10929.9,11264.0,50,249.605
2026-06-26T08:38:41.260084+00:00,scheduler,0,0,4603.9,11264.0,43,55.131
2026-06-26T08:38:41.260084+00:00,scheduler,1,100,10929.9,11264.0,52,247.067
2026-06-26T08:38:46.268081+00:00,scheduler,0,0,4787.9,11264.0,43,55.328
2026-06-26T08:38:46.268081+00:00,scheduler,1,100,10929.9,11264.0,53,246.768
2026-06-26T08:38:51.276165+00:00,scheduler,0,0,4951.9,11264.0,43,55.548
2026-06-26T08:38:51.276165+00:00,scheduler,1,100,10929.9,11264.0,53,249.283
2026-06-26T08:38:56.284869+00:00,scheduler,0,0,5155.9,11264.0,43,55.658
2026-06-26T08:38:56.284869+00:00,scheduler,1,100,10929.9,11264.0,54,245.156
2026-06-26T08:39:01.290145+00:00,scheduler,0,0,5291.9,11264.0,43,55.699
2026-06-26T08:39:01.290145+00:00,scheduler,1,100,10929.9,11264.0,54,251.07
2026-06-26T08:39:06.295352+00:00,scheduler,0,0,5495.9,11264.0,43,55.534
2026-06-26T08:39:06.295352+00:00,scheduler,1,100,10929.9,11264.0,55,247.683
2026-06-26T08:39:11.300992+00:00,scheduler,0,0,5583.9,11264.0,43,55.021
2026-06-26T08:39:11.300992+00:00,scheduler,1,100,10929.9,11264.0,56,241.405
2026-06-26T08:39:16.307809+00:00,scheduler,0,0,5727.9,11264.0,43,54.953
2026-06-26T08:39:16.307809+00:00,scheduler,1,100,10929.9,11264.0,56,247.587
2026-06-26T08:39:21.317342+00:00,scheduler,0,0,5883.9,11264.0,43,54.786
2026-06-26T08:39:21.317342+00:00,scheduler,1,100,10929.9,11264.0,56,254.735
2026-06-26T08:39:26.323761+00:00,scheduler,0,0,6067.9,11264.0,43,55.196
2026-06-26T08:39:26.323761+00:00,scheduler,1,100,10929.9,11264.0,56,244.183
2026-06-26T08:39:31.329274+00:00,scheduler,0,2,6407.9,11264.0,43,54.95
2026-06-26T08:39:31.329274+00:00,scheduler,1,100,10929.9,11264.0,57,254.392
2026-06-26T08:39:36.334884+00:00,scheduler,0,1,7047.9,11264.0,43,55.171
2026-06-26T08:39:36.334884+00:00,scheduler,1,100,10929.9,11264.0,57,245.766
2026-06-26T08:39:41.340310+00:00,scheduler,0,1,7619.9,11264.0,43,55.238
2026-06-26T08:39:41.340310+00:00,scheduler,1,100,10929.9,11264.0,57,247.968
2026-06-26T08:39:46.345858+00:00,scheduler,0,1,8299.9,11264.0,42,55.192
2026-06-26T08:39:46.345858+00:00,scheduler,1,100,10929.9,11264.0,57,252.513
2026-06-26T08:39:51.351267+00:00,scheduler,0,63,9001.9,11264.0,46,78.242
2026-06-26T08:39:51.351267+00:00,scheduler,1,100,10929.9,11264.0,57,241.867
2026-06-26T08:39:56.356295+00:00,scheduler,0,8,9001.9,11264.0,43,56.0
2026-06-26T08:39:56.356295+00:00,scheduler,1,100,10929.9,11264.0,57,257.314
2026-06-26T08:40:01.361727+00:00,scheduler,0,1,1579.9,11264.0,43,55.657
2026-06-26T08:40:01.361727+00:00,scheduler,1,100,10929.9,11264.0,57,246.286
2026-06-26T08:40:06.370250+00:00,scheduler,0,1,2101.9,11264.0,43,55.621
2026-06-26T08:40:06.370250+00:00,scheduler,1,100,10929.9,11264.0,57,248.636
2026-06-26T08:40:11.377483+00:00,scheduler,0,1,2569.9,11264.0,43,55.973
2026-06-26T08:40:11.377483+00:00,scheduler,1,100,10929.9,11264.0,57,246.685
2026-06-26T08:40:16.383045+00:00,scheduler,0,1,2983.9,11264.0,43,56.015
2026-06-26T08:40:16.383045+00:00,scheduler,1,100,10929.9,11264.0,57,244.166
2026-06-26T08:40:21.390559+00:00,scheduler,0,69,11165.9,11264.0,48,249.455
2026-06-26T08:40:21.390559+00:00,scheduler,1,100,10929.9,11264.0,57,258.446
2026-06-26T08:40:26.396804+00:00,scheduler,0,100,11165.9,11264.0,51,241.458
2026-06-26T08:40:26.396804+00:00,scheduler,1,100,10929.9,11264.0,57,244.896
2026-06-26T08:40:31.404419+00:00,scheduler,0,100,11167.9,11264.0,52,248.172
2026-06-26T08:40:31.404419+00:00,scheduler,1,100,10929.9,11264.0,57,245.28
2026-06-26T08:40:36.412895+00:00,scheduler,0,100,11167.9,11264.0,53,246.996
2026-06-26T08:40:36.412895+00:00,scheduler,1,100,10929.9,11264.0,57,249.282
2026-06-26T08:40:41.421754+00:00,scheduler,0,100,11167.9,11264.0,54,248.824
2026-06-26T08:40:41.421754+00:00,scheduler,1,100,10929.9,11264.0,57,248.988
2026-06-26T08:40:46.426921+00:00,scheduler,0,100,11167.9,11264.0,55,249.442
2026-06-26T08:40:46.426921+00:00,scheduler,1,100,10929.9,11264.0,57,247.355
2026-06-26T08:40:51.434106+00:00,scheduler,0,100,11167.9,11264.0,56,240.729
2026-06-26T08:40:51.434106+00:00,scheduler,1,100,10929.9,11264.0,57,247.518
2026-06-26T08:40:56.439455+00:00,scheduler,0,100,11167.9,11264.0,56,245.66
2026-06-26T08:40:56.439455+00:00,scheduler,1,100,10929.9,11264.0,57,243.554
2026-06-26T08:41:01.446818+00:00,scheduler,0,100,11167.9,11264.0,57,243.666
2026-06-26T08:41:01.446818+00:00,scheduler,1,100,10929.9,11264.0,57,247.782
2026-06-26T08:41:06.457738+00:00,scheduler,0,100,11167.9,11264.0,57,242.944
2026-06-26T08:41:06.457738+00:00,scheduler,1,100,10929.9,11264.0,57,243.95
2026-06-26T08:41:11.463253+00:00,scheduler,0,100,11167.9,11264.0,58,255.096
2026-06-26T08:41:11.463253+00:00,scheduler,1,100,10929.9,11264.0,57,254.536
2026-06-26T08:41:16.470685+00:00,scheduler,0,100,11167.9,11264.0,58,239.964
2026-06-26T08:41:16.470685+00:00,scheduler,1,100,10929.9,11264.0,57,248.793
2026-06-26T08:41:21.478219+00:00,scheduler,0,100,11167.9,11264.0,59,238.483
2026-06-26T08:41:21.478219+00:00,scheduler,1,100,10929.9,11264.0,57,238.266
2026-06-26T08:41:26.484901+00:00,scheduler,0,100,11167.9,11264.0,59,240.275
2026-06-26T08:41:26.484901+00:00,scheduler,1,100,10929.9,11264.0,57,252.278
2026-06-26T08:41:31.491169+00:00,scheduler,0,100,11167.9,11264.0,59,245.547
2026-06-26T08:41:31.491169+00:00,scheduler,1,100,10929.9,11264.0,57,245.764
2026-06-26T08:41:36.497834+00:00,scheduler,0,100,11167.9,11264.0,59,245.27
2026-06-26T08:41:36.497834+00:00,scheduler,1,100,10929.9,11264.0,57,247.346
2026-06-26T08:41:41.505298+00:00,scheduler,0,100,11167.9,11264.0,59,248.124
2026-06-26T08:41:41.505298+00:00,scheduler,1,100,10929.9,11264.0,57,247.07
2026-06-26T08:41:46.511642+00:00,scheduler,0,100,11167.9,11264.0,59,249.295
2026-06-26T08:41:46.511642+00:00,scheduler,1,100,10929.9,11264.0,57,249.537
2026-06-26T08:41:51.519946+00:00,scheduler,0,100,11167.9,11264.0,59,237.327
2026-06-26T08:41:51.519946+00:00,scheduler,1,100,10929.9,11264.0,57,255.612
2026-06-26T08:41:56.527297+00:00,scheduler,0,100,11167.9,11264.0,59,243.736
2026-06-26T08:41:56.527297+00:00,scheduler,1,100,10929.9,11264.0,57,249.556
2026-06-26T08:42:01.535423+00:00,scheduler,0,100,11167.9,11264.0,59,242.625
2026-06-26T08:42:01.535423+00:00,scheduler,1,100,10929.9,11264.0,57,241.75
2026-06-26T08:42:06.544131+00:00,scheduler,0,100,11167.9,11264.0,59,245.992
2026-06-26T08:42:06.544131+00:00,scheduler,1,100,10929.9,11264.0,57,247.588
2026-06-26T08:42:11.553260+00:00,scheduler,0,100,11167.9,11264.0,59,245.676
2026-06-26T08:42:11.553260+00:00,scheduler,1,100,10929.9,11264.0,57,243.008
2026-06-26T08:42:16.558717+00:00,scheduler,0,100,11167.9,11264.0,59,249.343
2026-06-26T08:42:16.558717+00:00,scheduler,1,100,10929.9,11264.0,57,256.97
2026-06-26T08:42:21.564843+00:00,scheduler,0,100,11167.9,11264.0,59,246.56
2026-06-26T08:42:21.564843+00:00,scheduler,1,100,10929.9,11264.0,57,248.268
2026-06-26T08:42:26.572288+00:00,scheduler,0,100,11167.9,11264.0,59,247.567
2026-06-26T08:42:26.572288+00:00,scheduler,1,100,10929.9,11264.0,57,239.847
2026-06-26T08:42:31.580071+00:00,scheduler,0,100,11167.9,11264.0,59,249.219
2026-06-26T08:42:31.580071+00:00,scheduler,1,100,10929.9,11264.0,57,257.636
2026-06-26T08:42:36.587436+00:00,scheduler,0,100,11167.9,11264.0,60,243.233
2026-06-26T08:42:36.587436+00:00,scheduler,1,100,10929.9,11264.0,57,245.489
2026-06-26T08:42:41.594839+00:00,scheduler,0,100,11167.9,11264.0,59,237.891
2026-06-26T08:42:41.594839+00:00,scheduler,1,100,10929.9,11264.0,57,245.39
2026-06-26T08:42:46.603353+00:00,scheduler,0,100,11167.9,11264.0,59,246.806
2026-06-26T08:42:46.603353+00:00,scheduler,1,100,10929.9,11264.0,57,241.464
2026-06-26T08:42:51.611617+00:00,scheduler,0,100,11167.9,11264.0,59,243.527
2026-06-26T08:42:51.611617+00:00,scheduler,1,100,10929.9,11264.0,57,249.646
2026-06-26T08:42:56.620485+00:00,scheduler,0,100,11167.9,11264.0,59,253.464
2026-06-26T08:42:56.620485+00:00,scheduler,1,100,10929.9,11264.0,57,256.76
2026-06-26T08:43:01.627561+00:00,scheduler,0,100,11167.9,11264.0,59,238.116
2026-06-26T08:43:01.627561+00:00,scheduler,1,100,10929.9,11264.0,57,249.239
2026-06-26T08:43:06.634644+00:00,scheduler,0,100,11167.9,11264.0,60,245.072
2026-06-26T08:43:06.634644+00:00,scheduler,1,100,10929.9,11264.0,57,240.376
2026-06-26T08:43:11.641903+00:00,scheduler,0,100,11167.9,11264.0,59,244.904
2026-06-26T08:43:11.641903+00:00,scheduler,1,100,10929.9,11264.0,57,250.156
2026-06-26T08:43:16.649444+00:00,scheduler,0,100,11167.9,11264.0,59,249.317
2026-06-26T08:43:16.649444+00:00,scheduler,1,100,10929.9,11264.0,57,253.47
2026-06-26T08:43:21.659304+00:00,scheduler,0,100,11167.9,11264.0,59,248.921
2026-06-26T08:43:21.659304+00:00,scheduler,1,100,10929.9,11264.0,57,251.348
2026-06-26T08:43:26.665481+00:00,scheduler,0,100,11167.9,11264.0,59,245.284
2026-06-26T08:43:26.665481+00:00,scheduler,1,100,10929.9,11264.0,57,250.46
2026-06-26T08:43:31.673568+00:00,scheduler,0,100,11167.9,11264.0,59,244.546
2026-06-26T08:43:31.673568+00:00,scheduler,1,100,10929.9,11264.0,57,241.188
2026-06-26T08:43:36.680240+00:00,scheduler,0,100,11167.9,11264.0,60,248.391
2026-06-26T08:43:36.680240+00:00,scheduler,1,100,10929.9,11264.0,57,255.148
2026-06-26T08:43:41.687513+00:00,scheduler,0,100,11167.9,11264.0,59,244.7
2026-06-26T08:43:41.687513+00:00,scheduler,1,100,10929.9,11264.0,57,248.463
2026-06-26T08:43:46.694794+00:00,scheduler,0,100,11167.9,11264.0,59,238.442
2026-06-26T08:43:46.694794+00:00,scheduler,1,100,10929.9,11264.0,57,247.493
2026-06-26T08:43:51.706536+00:00,scheduler,0,100,11167.9,11264.0,59,244.97
2026-06-26T08:43:51.706536+00:00,scheduler,1,100,10929.9,11264.0,57,243.328
2026-06-26T08:43:56.714506+00:00,scheduler,0,100,11167.9,11264.0,59,245.697
2026-06-26T08:43:56.714506+00:00,scheduler,1,100,10929.9,11264.0,57,241.146
2026-06-26T08:44:01.726201+00:00,scheduler,0,100,11167.9,11264.0,60,254.519
2026-06-26T08:44:01.726201+00:00,scheduler,1,100,10929.9,11264.0,57,246.622
2026-06-26T08:44:06.735054+00:00,scheduler,0,100,11167.9,11264.0,59,240.813
2026-06-26T08:44:06.735054+00:00,scheduler,1,100,10929.9,11264.0,57,246.607
2026-06-26T08:44:11.740452+00:00,scheduler,0,100,11167.9,11264.0,59,249.868
2026-06-26T08:44:11.740452+00:00,scheduler,1,7,10929.9,11264.0,51,56.197
2026-06-26T08:44:16.745919+00:00,scheduler,0,100,11167.9,11264.0,59,252.117
2026-06-26T08:44:16.745919+00:00,scheduler,1,62,4985.9,11264.0,54,250.111
2026-06-26T08:44:21.756607+00:00,scheduler,0,100,11167.9,11264.0,59,253.179
2026-06-26T08:44:21.756607+00:00,scheduler,1,63,8763.9,11264.0,52,121.806
2026-06-26T08:44:26.763833+00:00,scheduler,0,100,11167.9,11264.0,59,248.79
2026-06-26T08:44:26.763833+00:00,scheduler,1,8,8763.9,11264.0,48,55.553
2026-06-26T08:44:31.769483+00:00,scheduler,0,100,11167.9,11264.0,59,240.521
2026-06-26T08:44:31.769483+00:00,scheduler,1,100,10927.9,11264.0,52,258.07
2026-06-26T08:44:36.778862+00:00,scheduler,0,100,11167.9,11264.0,59,246.307
2026-06-26T08:44:36.778862+00:00,scheduler,1,100,10927.9,11264.0,54,245.192
2026-06-26T08:44:41.789318+00:00,scheduler,0,100,11167.9,11264.0,59,248.911
2026-06-26T08:44:41.789318+00:00,scheduler,1,100,10929.9,11264.0,54,248.022
2026-06-26T08:44:46.794739+00:00,scheduler,0,100,11167.9,11264.0,59,244.728
2026-06-26T08:44:46.794739+00:00,scheduler,1,100,10929.9,11264.0,55,245.925
2026-06-26T08:44:51.800489+00:00,scheduler,0,100,11167.9,11264.0,59,246.017
2026-06-26T08:44:51.800489+00:00,scheduler,1,100,10929.9,11264.0,55,240.993
2026-06-26T08:44:56.810293+00:00,scheduler,0,100,11167.9,11264.0,59,248.071
2026-06-26T08:44:56.810293+00:00,scheduler,1,100,10929.9,11264.0,55,246.777
2026-06-26T08:45:01.815571+00:00,scheduler,0,100,11167.9,11264.0,59,254.064
2026-06-26T08:45:01.815571+00:00,scheduler,1,100,10929.9,11264.0,56,252.641
2026-06-26T08:45:06.825423+00:00,scheduler,0,100,11167.9,11264.0,60,243.774
2026-06-26T08:45:06.825423+00:00,scheduler,1,100,10929.9,11264.0,56,248.154
2026-06-26T08:45:11.830869+00:00,scheduler,0,100,11167.9,11264.0,59,246.525
2026-06-26T08:45:11.830869+00:00,scheduler,1,100,10929.9,11264.0,56,256.993
2026-06-26T08:45:16.838579+00:00,scheduler,0,100,11167.9,11264.0,59,252.167
2026-06-26T08:45:16.838579+00:00,scheduler,1,100,10929.9,11264.0,56,248.303
2026-06-26T08:45:21.847376+00:00,scheduler,0,100,11167.9,11264.0,59,240.12
2026-06-26T08:45:21.847376+00:00,scheduler,1,100,10929.9,11264.0,57,244.064
2026-06-26T08:45:26.853891+00:00,scheduler,0,100,11167.9,11264.0,59,246.89
2026-06-26T08:45:26.853891+00:00,scheduler,1,100,10929.9,11264.0,56,248.826
2026-06-26T08:45:31.862897+00:00,scheduler,0,100,11167.9,11264.0,59,240.177
2026-06-26T08:45:31.862897+00:00,scheduler,1,100,10929.9,11264.0,57,239.799
2026-06-26T08:45:36.869006+00:00,scheduler,0,100,11167.9,11264.0,60,246.39
2026-06-26T08:45:36.869006+00:00,scheduler,1,100,10929.9,11264.0,57,252.451
2026-06-26T08:45:41.876435+00:00,scheduler,0,100,11167.9,11264.0,60,248.154
2026-06-26T08:45:41.876435+00:00,scheduler,1,100,10929.9,11264.0,57,242.716
2026-06-26T08:45:46.882923+00:00,scheduler,0,100,11167.9,11264.0,59,247.946
2026-06-26T08:45:46.882923+00:00,scheduler,1,100,10929.9,11264.0,57,253.512
2026-06-26T08:45:51.888425+00:00,scheduler,0,100,11167.9,11264.0,59,244.215
2026-06-26T08:45:51.888425+00:00,scheduler,1,100,10929.9,11264.0,57,251.827
2026-06-26T08:45:56.895439+00:00,scheduler,0,100,11167.9,11264.0,59,245.908
2026-06-26T08:45:56.895439+00:00,scheduler,1,100,10929.9,11264.0,57,250.846
2026-06-26T08:46:01.900963+00:00,scheduler,0,100,11167.9,11264.0,59,252.301
2026-06-26T08:46:01.900963+00:00,scheduler,1,100,10929.9,11264.0,57,249.842
2026-06-26T08:46:06.906366+00:00,scheduler,0,8,11167.9,11264.0,53,57.844
2026-06-26T08:46:06.906366+00:00,scheduler,1,100,10929.9,11264.0,57,240.668
2026-06-26T08:46:11.933691+00:00,scheduler,0,63,1125.9,11264.0,54,86.829
2026-06-26T08:46:11.933691+00:00,scheduler,1,100,10929.9,11264.0,57,246.525
2026-06-26T08:46:16.938757+00:00,scheduler,0,84,9001.9,11264.0,56,247.614
2026-06-26T08:46:16.938757+00:00,scheduler,1,100,10929.9,11264.0,57,246.234
2026-06-26T08:46:21.944427+00:00,scheduler,0,10,9001.9,11264.0,50,57.47
2026-06-26T08:46:21.944427+00:00,scheduler,1,100,10929.9,11264.0,57,246.679
2026-06-26T08:46:26.949982+00:00,scheduler,0,100,11165.9,11264.0,55,246.889
2026-06-26T08:46:26.949982+00:00,scheduler,1,100,10929.9,11264.0,57,247.642
2026-06-26T08:46:31.955417+00:00,scheduler,0,100,11165.9,11264.0,56,246.611
2026-06-26T08:46:31.955417+00:00,scheduler,1,100,10929.9,11264.0,57,243.337
2026-06-26T08:46:36.963363+00:00,scheduler,0,100,11167.9,11264.0,57,247.938
2026-06-26T08:46:36.963363+00:00,scheduler,1,100,10929.9,11264.0,57,249.069
2026-06-26T08:46:41.970746+00:00,scheduler,0,100,11167.9,11264.0,57,241.425
2026-06-26T08:46:41.970746+00:00,scheduler,1,100,10929.9,11264.0,57,239.689
2026-06-26T08:46:46.978354+00:00,scheduler,0,100,11167.9,11264.0,58,248.524
2026-06-26T08:46:46.978354+00:00,scheduler,1,100,10929.9,11264.0,57,249.206
2026-06-26T08:46:51.985833+00:00,scheduler,0,100,11167.9,11264.0,58,247.072
2026-06-26T08:46:51.985833+00:00,scheduler,1,100,10929.9,11264.0,57,257.381
2026-06-26T08:46:56.991326+00:00,scheduler,0,100,11167.9,11264.0,58,248.603
2026-06-26T08:46:56.991326+00:00,scheduler,1,100,10929.9,11264.0,57,251.695
2026-06-26T08:47:01.999549+00:00,scheduler,0,100,11167.9,11264.0,59,239.041
2026-06-26T08:47:01.999549+00:00,scheduler,1,100,10929.9,11264.0,57,248.381
2026-06-26T08:47:07.006154+00:00,scheduler,0,100,11167.9,11264.0,59,245.319
2026-06-26T08:47:07.006154+00:00,scheduler,1,100,10929.9,11264.0,57,243.417
2026-06-26T08:47:12.011468+00:00,scheduler,0,100,11167.9,11264.0,59,239.766
2026-06-26T08:47:12.011468+00:00,scheduler,1,100,10929.9,11264.0,57,247.106
2026-06-26T08:47:17.021774+00:00,scheduler,0,100,11167.9,11264.0,59,244.311
2026-06-26T08:47:17.021774+00:00,scheduler,1,100,10929.9,11264.0,57,252.643
2026-06-26T08:47:22.030315+00:00,scheduler,0,100,11167.9,11264.0,59,256.906
2026-06-26T08:47:22.030315+00:00,scheduler,1,100,10929.9,11264.0,57,245.67
2026-06-26T08:47:27.040026+00:00,scheduler,0,100,11167.9,11264.0,59,241.496
2026-06-26T08:47:27.040026+00:00,scheduler,1,100,10929.9,11264.0,57,250.529
2026-06-26T08:47:32.049450+00:00,scheduler,0,100,11167.9,11264.0,59,240.873
2026-06-26T08:47:32.049450+00:00,scheduler,1,100,10929.9,11264.0,57,253.237
2026-06-26T08:47:37.056871+00:00,scheduler,0,100,11167.9,11264.0,59,243.803
2026-06-26T08:47:37.056871+00:00,scheduler,1,100,10929.9,11264.0,57,245.719
2026-06-26T08:47:42.065059+00:00,scheduler,0,100,11167.9,11264.0,59,246.209
2026-06-26T08:47:42.065059+00:00,scheduler,1,100,10929.9,11264.0,57,252.544
2026-06-26T08:47:47.071630+00:00,scheduler,0,100,11167.9,11264.0,59,238.398
2026-06-26T08:47:47.071630+00:00,scheduler,1,100,10929.9,11264.0,57,248.009
2026-06-26T08:47:52.078026+00:00,scheduler,0,100,11167.9,11264.0,59,241.764
2026-06-26T08:47:52.078026+00:00,scheduler,1,100,10929.9,11264.0,57,246.061
2026-06-26T08:47:57.083939+00:00,scheduler,0,100,11167.9,11264.0,59,240.547
2026-06-26T08:47:57.083939+00:00,scheduler,1,100,10929.9,11264.0,57,240.077
2026-06-26T08:48:02.092825+00:00,scheduler,0,100,11167.9,11264.0,59,246.837
2026-06-26T08:48:02.092825+00:00,scheduler,1,100,10929.9,11264.0,57,256.143
2026-06-26T08:48:07.102594+00:00,scheduler,0,100,11167.9,11264.0,59,247.18
2026-06-26T08:48:07.102594+00:00,scheduler,1,100,10929.9,11264.0,57,247.528
2026-06-26T08:48:12.109812+00:00,scheduler,0,100,11167.9,11264.0,59,248.484
2026-06-26T08:48:12.109812+00:00,scheduler,1,100,10929.9,11264.0,57,250.633
2026-06-26T08:48:17.115312+00:00,scheduler,0,100,11167.9,11264.0,59,246.391
2026-06-26T08:48:17.115312+00:00,scheduler,1,100,10929.9,11264.0,57,247.29
2026-06-26T08:48:22.120745+00:00,scheduler,0,100,11167.9,11264.0,60,244.647
2026-06-26T08:48:22.120745+00:00,scheduler,1,100,10929.9,11264.0,57,257.371
2026-06-26T08:48:27.126626+00:00,scheduler,0,100,11167.9,11264.0,59,245.619
2026-06-26T08:48:27.126626+00:00,scheduler,1,100,10929.9,11264.0,57,249.17
2026-06-26T08:48:32.134184+00:00,scheduler,0,100,11167.9,11264.0,59,242.269
2026-06-26T08:48:32.134184+00:00,scheduler,1,100,10929.9,11264.0,57,247.078
2026-06-26T08:48:37.140582+00:00,scheduler,0,100,11167.9,11264.0,59,251.337
2026-06-26T08:48:37.140582+00:00,scheduler,1,100,10929.9,11264.0,57,256.413
2026-06-26T08:48:42.146665+00:00,scheduler,0,100,11167.9,11264.0,59,241.587
2026-06-26T08:48:42.146665+00:00,scheduler,1,100,10929.9,11264.0,57,246.658
2026-06-26T08:48:47.152359+00:00,scheduler,0,100,11167.9,11264.0,59,241.366
2026-06-26T08:48:47.152359+00:00,scheduler,1,100,10929.9,11264.0,57,257.601
2026-06-26T08:48:52.159431+00:00,scheduler,0,100,11167.9,11264.0,59,243.516
2026-06-26T08:48:52.159431+00:00,scheduler,1,100,10929.9,11264.0,57,250.153
2026-06-26T08:48:57.167728+00:00,scheduler,0,100,11167.9,11264.0,59,236.453
2026-06-26T08:48:57.167728+00:00,scheduler,1,100,10929.9,11264.0,57,249.789
2026-06-26T08:49:02.175550+00:00,scheduler,0,100,11167.9,11264.0,59,248.59
2026-06-26T08:49:02.175550+00:00,scheduler,1,100,10929.9,11264.0,57,240.602
2026-06-26T08:49:07.182534+00:00,scheduler,0,100,11167.9,11264.0,59,244.827
2026-06-26T08:49:07.182534+00:00,scheduler,1,100,10929.9,11264.0,57,246.742
2026-06-26T08:49:12.190112+00:00,scheduler,0,100,11167.9,11264.0,59,240.404
2026-06-26T08:49:12.190112+00:00,scheduler,1,100,10929.9,11264.0,57,253.241
2026-06-26T08:49:17.196029+00:00,scheduler,0,100,11167.9,11264.0,59,254.555
2026-06-26T08:49:17.196029+00:00,scheduler,1,100,10929.9,11264.0,57,249.154
2026-06-26T08:49:22.201541+00:00,scheduler,0,100,11167.9,11264.0,59,237.433
2026-06-26T08:49:22.201541+00:00,scheduler,1,100,10929.9,11264.0,57,244.432
2026-06-26T08:49:27.210473+00:00,scheduler,0,100,11167.9,11264.0,59,246.514
2026-06-26T08:49:27.210473+00:00,scheduler,1,100,10929.9,11264.0,57,254.005
2026-06-26T08:49:32.220731+00:00,scheduler,0,100,11167.9,11264.0,59,248.538
2026-06-26T08:49:32.220731+00:00,scheduler,1,100,10929.9,11264.0,57,255.942
2026-06-26T08:49:37.226232+00:00,scheduler,0,100,11167.9,11264.0,59,248.521
2026-06-26T08:49:37.226232+00:00,scheduler,1,100,10929.9,11264.0,57,249.442
2026-06-26T08:49:42.234743+00:00,scheduler,0,100,11167.9,11264.0,59,248.19
2026-06-26T08:49:42.234743+00:00,scheduler,1,100,10929.9,11264.0,57,254.088
2026-06-26T08:49:47.240674+00:00,scheduler,0,100,11167.9,11264.0,59,248.57
2026-06-26T08:49:47.240674+00:00,scheduler,1,100,10929.9,11264.0,57,248.328
2026-06-26T08:49:52.246764+00:00,scheduler,0,100,11167.9,11264.0,59,245.602
2026-06-26T08:49:52.246764+00:00,scheduler,1,100,10929.9,11264.0,57,254.07
2026-06-26T08:49:57.253822+00:00,scheduler,0,100,11167.9,11264.0,59,245.197
2026-06-26T08:49:57.253822+00:00,scheduler,1,100,10929.9,11264.0,57,245.172
2026-06-26T08:50:02.261467+00:00,scheduler,0,100,11167.9,11264.0,59,251.855
2026-06-26T08:50:02.261467+00:00,scheduler,1,100,10929.9,11264.0,57,244.979
2026-06-26T08:50:07.267140+00:00,scheduler,0,100,11167.9,11264.0,59,244.724
2026-06-26T08:50:07.267140+00:00,scheduler,1,100,10929.9,11264.0,57,250.98
2026-06-26T08:50:12.275265+00:00,scheduler,0,100,11167.9,11264.0,59,240.746
2026-06-26T08:50:12.275265+00:00,scheduler,1,100,10929.9,11264.0,57,246.057
2026-06-26T08:50:17.280668+00:00,scheduler,0,100,11167.9,11264.0,59,246.349
2026-06-26T08:50:17.280668+00:00,scheduler,1,11,10929.9,11264.0,52,56.291
2026-06-26T08:50:22.288924+00:00,scheduler,0,100,11167.9,11264.0,59,246.484
2026-06-26T08:50:22.288924+00:00,scheduler,1,5,10929.9,11264.0,49,55.307
2026-06-26T08:50:27.294430+00:00,scheduler,0,100,11167.9,11264.0,59,246.802
2026-06-26T08:50:27.294430+00:00,scheduler,1,0,887.9,11264.0,49,55.638
2026-06-26T08:50:32.300455+00:00,scheduler,0,100,11167.9,11264.0,59,243.408
2026-06-26T08:50:32.300455+00:00,scheduler,1,0,887.9,11264.0,47,55.063
2026-06-26T08:50:37.306233+00:00,scheduler,0,100,11167.9,11264.0,59,244.729
2026-06-26T08:50:37.306233+00:00,scheduler,1,0,887.9,11264.0,46,54.568
2026-06-26T08:50:42.311539+00:00,scheduler,0,100,11167.9,11264.0,59,243.478
2026-06-26T08:50:42.311539+00:00,scheduler,1,0,887.9,11264.0,44,3.512
2026-06-26T08:50:47.326191+00:00,scheduler,0,100,11167.9,11264.0,59,245.933
2026-06-26T08:50:47.326191+00:00,scheduler,1,0,887.9,11264.0,42,3.563
2026-06-26T08:50:52.340535+00:00,scheduler,0,100,11167.9,11264.0,59,249.146
2026-06-26T08:50:52.340535+00:00,scheduler,1,0,887.9,11264.0,40,3.16
2026-06-26T08:50:57.350314+00:00,scheduler,0,100,11167.9,11264.0,59,250.677
2026-06-26T08:50:57.350314+00:00,scheduler,1,0,665.9,11264.0,39,3.098
2026-06-26T08:51:02.359987+00:00,scheduler,0,100,11167.9,11264.0,59,244.794
2026-06-26T08:51:02.359987+00:00,scheduler,1,0,665.9,11264.0,39,3.109
2026-06-26T08:51:07.369115+00:00,scheduler,0,100,11167.9,11264.0,59,245.787
2026-06-26T08:51:07.369115+00:00,scheduler,1,0,665.9,11264.0,38,3.45
2026-06-26T08:51:12.377994+00:00,scheduler,0,100,11167.9,11264.0,59,238.098
2026-06-26T08:51:12.377994+00:00,scheduler,1,0,665.9,11264.0,37,4.408
2026-06-26T08:51:17.386823+00:00,scheduler,0,100,11167.9,11264.0,59,250.447
2026-06-26T08:51:17.386823+00:00,scheduler,1,0,665.9,11264.0,37,4.542
2026-06-26T08:51:22.395791+00:00,scheduler,0,100,11167.9,11264.0,59,239.375
2026-06-26T08:51:22.395791+00:00,scheduler,1,0,665.9,11264.0,36,3.912
2026-06-26T08:51:27.404602+00:00,scheduler,0,100,11167.9,11264.0,59,244.971
2026-06-26T08:51:27.404602+00:00,scheduler,1,0,665.9,11264.0,36,4.064
2026-06-26T08:51:32.413689+00:00,scheduler,0,100,11167.9,11264.0,59,245.344
2026-06-26T08:51:32.413689+00:00,scheduler,1,0,665.9,11264.0,35,3.551
2026-06-26T08:51:37.422567+00:00,scheduler,0,100,11167.9,11264.0,59,254.861
2026-06-26T08:51:37.422567+00:00,scheduler,1,0,665.9,11264.0,35,3.959
2026-06-26T08:51:42.432978+00:00,scheduler,0,100,11167.9,11264.0,59,239.791
2026-06-26T08:51:42.432978+00:00,scheduler,1,0,665.9,11264.0,35,5.003
2026-06-26T08:51:47.441936+00:00,scheduler,0,100,11167.9,11264.0,59,239.837
2026-06-26T08:51:47.441936+00:00,scheduler,1,0,665.9,11264.0,35,4.676
2026-06-26T08:51:52.450838+00:00,scheduler,0,100,11167.9,11264.0,59,240.051
2026-06-26T08:51:52.450838+00:00,scheduler,1,0,665.9,11264.0,34,4.157
2026-06-26T08:51:57.459830+00:00,scheduler,0,100,11167.9,11264.0,59,246.709
2026-06-26T08:51:57.459830+00:00,scheduler,1,0,665.9,11264.0,34,5.241
2026-06-26T08:52:02.468870+00:00,scheduler,0,100,11167.9,11264.0,59,242.494
2026-06-26T08:52:02.468870+00:00,scheduler,1,0,665.9,11264.0,34,4.843
2026-06-26T08:52:07.477824+00:00,scheduler,0,100,11167.9,11264.0,59,248.695
2026-06-26T08:52:07.477824+00:00,scheduler,1,0,665.9,11264.0,34,4.84
2026-06-26T08:52:12.487019+00:00,scheduler,0,6,11167.9,11264.0,53,57.754
2026-06-26T08:52:12.487019+00:00,scheduler,1,0,665.9,11264.0,33,4.17
2026-06-26T08:52:17.496481+00:00,scheduler,0,3,11167.9,11264.0,51,57.228
2026-06-26T08:52:17.496481+00:00,scheduler,1,0,665.9,11264.0,33,4.637
2026-06-26T08:52:22.506269+00:00,scheduler,0,1,1127.9,11264.0,51,83.243
2026-06-26T08:52:22.506269+00:00,scheduler,1,0,665.9,11264.0,33,4.812
2026-06-26T08:52:27.515409+00:00,scheduler,0,0,1125.9,11264.0,50,68.143
2026-06-26T08:52:27.515409+00:00,scheduler,1,0,665.9,11264.0,33,4.288
2026-06-26T08:52:32.524554+00:00,scheduler,0,0,1125.9,11264.0,49,56.66
2026-06-26T08:52:32.524554+00:00,scheduler,1,0,665.9,11264.0,33,3.781
2026-06-26T08:52:37.533462+00:00,scheduler,0,0,1125.9,11264.0,48,56.374
2026-06-26T08:52:37.533462+00:00,scheduler,1,0,665.9,11264.0,32,3.52
2026-06-26T08:52:42.542987+00:00,scheduler,0,0,1125.9,11264.0,46,37.15
2026-06-26T08:52:42.542987+00:00,scheduler,1,0,665.9,11264.0,32,4.001
2026-06-26T08:52:47.556162+00:00,scheduler,0,0,903.9,11264.0,44,3.832
2026-06-26T08:52:47.556162+00:00,scheduler,1,0,665.9,11264.0,32,3.766
2026-06-26T08:52:52.570731+00:00,scheduler,0,0,903.9,11264.0,43,4.165
2026-06-26T08:52:52.570731+00:00,scheduler,1,0,665.9,11264.0,32,3.966
2026-06-26T08:52:57.583402+00:00,scheduler,0,0,903.9,11264.0,42,3.77
2026-06-26T08:52:57.583402+00:00,scheduler,1,0,665.9,11264.0,32,3.937
2026-06-26T08:53:02.596206+00:00,scheduler,0,0,903.9,11264.0,41,3.556
2026-06-26T08:53:02.596206+00:00,scheduler,1,0,665.9,11264.0,32,3.705
2026-06-26T08:53:07.608553+00:00,scheduler,0,0,903.9,11264.0,40,3.834
2026-06-26T08:53:07.608553+00:00,scheduler,1,0,665.9,11264.0,32,3.445
2026-06-26T08:53:12.620993+00:00,scheduler,0,0,903.9,11264.0,40,3.1
2026-06-26T08:53:12.620993+00:00,scheduler,1,0,665.9,11264.0,32,3.753
2026-06-26T08:53:17.633256+00:00,scheduler,0,0,903.9,11264.0,39,3.197
2026-06-26T08:53:17.633256+00:00,scheduler,1,0,665.9,11264.0,32,3.743
2026-06-26T08:53:22.645635+00:00,scheduler,0,0,903.9,11264.0,39,2.726
2026-06-26T08:53:22.645635+00:00,scheduler,1,0,665.9,11264.0,32,3.449
2026-06-26T08:53:27.657810+00:00,scheduler,0,0,903.9,11264.0,38,3.683
2026-06-26T08:53:27.657810+00:00,scheduler,1,0,665.9,11264.0,32,3.909
2026-06-26T08:53:32.670180+00:00,scheduler,0,0,903.9,11264.0,38,3.448
2026-06-26T08:53:32.670180+00:00,scheduler,1,0,665.9,11264.0,32,3.739
2026-06-26T08:53:37.682687+00:00,scheduler,0,0,903.9,11264.0,38,3.7
2026-06-26T08:53:37.682687+00:00,scheduler,1,0,665.9,11264.0,31,3.312
2026-06-26T08:53:42.694946+00:00,scheduler,0,0,903.9,11264.0,37,3.051
2026-06-26T08:53:42.694946+00:00,scheduler,1,0,665.9,11264.0,31,3.618
2026-06-26T08:53:47.707256+00:00,scheduler,0,0,903.9,11264.0,37,3.678
2026-06-26T08:53:47.707256+00:00,scheduler,1,0,665.9,11264.0,31,3.722
2026-06-26T08:53:52.719543+00:00,scheduler,0,0,903.9,11264.0,37,3.191
2026-06-26T08:53:52.719543+00:00,scheduler,1,0,665.9,11264.0,31,3.296
2026-06-26T08:53:57.733576+00:00,scheduler,0,0,903.9,11264.0,37,3.118
2026-06-26T08:53:57.733576+00:00,scheduler,1,0,665.9,11264.0,31,3.492
2026-06-26T08:54:02.745901+00:00,scheduler,0,0,903.9,11264.0,36,3.393
2026-06-26T08:54:02.745901+00:00,scheduler,1,0,665.9,11264.0,31,3.445
2026-06-26T08:54:07.757913+00:00,scheduler,0,0,903.9,11264.0,36,3.09
2026-06-26T08:54:07.757913+00:00,scheduler,1,0,665.9,11264.0,31,3.586
2026-06-26T08:54:12.770267+00:00,scheduler,0,0,903.9,11264.0,36,3.034
2026-06-26T08:54:12.770267+00:00,scheduler,1,0,665.9,11264.0,31,3.196
2026-06-26T08:54:17.782604+00:00,scheduler,0,0,903.9,11264.0,36,3.047
2026-06-26T08:54:17.782604+00:00,scheduler,1,0,665.9,11264.0,31,3.601
2026-06-26T08:54:22.795192+00:00,scheduler,0,0,903.9,11264.0,36,2.893
2026-06-26T08:54:22.795192+00:00,scheduler,1,0,665.9,11264.0,31,3.411
2026-06-26T08:54:27.807392+00:00,scheduler,0,0,903.9,11264.0,35,2.831
2026-06-26T08:54:27.807392+00:00,scheduler,1,0,665.9,11264.0,31,3.522
2026-06-26T08:54:32.819649+00:00,scheduler,0,0,903.9,11264.0,35,3.459
2026-06-26T08:54:32.819649+00:00,scheduler,1,0,665.9,11264.0,31,3.313
2026-06-26T08:54:37.831813+00:00,scheduler,0,0,903.9,11264.0,35,2.635
2026-06-26T08:54:37.831813+00:00,scheduler,1,0,665.9,11264.0,31,3.373
2026-06-26T08:54:42.844040+00:00,scheduler,0,0,903.9,11264.0,35,3.159
2026-06-26T08:54:42.844040+00:00,scheduler,1,0,665.9,11264.0,31,3.945
2026-06-26T08:54:47.856366+00:00,scheduler,0,0,903.9,11264.0,35,2.646
2026-06-26T08:54:47.856366+00:00,scheduler,1,0,665.9,11264.0,31,3.554
2026-06-26T08:54:52.868558+00:00,scheduler,0,0,903.9,11264.0,35,3.102
2026-06-26T08:54:52.868558+00:00,scheduler,1,0,665.9,11264.0,31,3.465
2026-06-26T08:54:57.880718+00:00,scheduler,0,0,903.9,11264.0,35,2.724
2026-06-26T08:54:57.880718+00:00,scheduler,1,0,665.9,11264.0,30,3.949
2026-06-26T08:55:02.893126+00:00,scheduler,0,0,903.9,11264.0,35,2.713
2026-06-26T08:55:02.893126+00:00,scheduler,1,0,665.9,11264.0,30,3.361
2026-06-26T08:55:07.905268+00:00,scheduler,0,0,903.9,11264.0,35,2.777
2026-06-26T08:55:07.905268+00:00,scheduler,1,0,665.9,11264.0,30,3.778
2026-06-26T08:55:12.917592+00:00,scheduler,0,0,903.9,11264.0,34,2.716
2026-06-26T08:55:12.917592+00:00,scheduler,1,0,665.9,11264.0,30,3.757
2026-06-26T08:55:17.929656+00:00,scheduler,0,0,903.9,11264.0,34,2.774
2026-06-26T08:55:17.929656+00:00,scheduler,1,0,665.9,11264.0,30,3.164
2026-06-26T08:55:22.941646+00:00,scheduler,0,0,903.9,11264.0,34,2.932
2026-06-26T08:55:22.941646+00:00,scheduler,1,0,665.9,11264.0,30,3.898
2026-06-26T08:55:27.955110+00:00,scheduler,0,0,903.9,11264.0,34,2.858
2026-06-26T08:55:27.955110+00:00,scheduler,1,0,665.9,11264.0,30,3.178
2026-06-26T08:55:32.968893+00:00,scheduler,0,0,903.9,11264.0,34,2.59
2026-06-26T08:55:32.968893+00:00,scheduler,1,0,665.9,11264.0,30,3.706
2026-06-26T08:55:37.981189+00:00,scheduler,0,0,903.9,11264.0,34,2.285
2026-06-26T08:55:37.981189+00:00,scheduler,1,0,665.9,11264.0,30,3.135
2026-06-26T08:55:42.993576+00:00,scheduler,0,0,903.9,11264.0,34,2.741
2026-06-26T08:55:42.993576+00:00,scheduler,1,0,665.9,11264.0,30,3.607
2026-06-26T08:55:48.005634+00:00,scheduler,0,0,903.9,11264.0,34,2.701
2026-06-26T08:55:48.005634+00:00,scheduler,1,0,665.9,11264.0,30,4.162
2026-06-26T08:55:53.020278+00:00,scheduler,0,0,903.9,11264.0,34,2.961
2026-06-26T08:55:53.020278+00:00,scheduler,1,0,665.9,11264.0,30,3.427
2026-06-26T08:55:58.032567+00:00,scheduler,0,0,903.9,11264.0,34,2.391
2026-06-26T08:55:58.032567+00:00,scheduler,1,0,665.9,11264.0,30,3.325
2026-06-26T08:56:03.044608+00:00,scheduler,0,0,903.9,11264.0,34,2.913
2026-06-26T08:56:03.044608+00:00,scheduler,1,0,665.9,11264.0,30,3.908
2026-06-26T08:56:08.056318+00:00,scheduler,0,0,903.9,11264.0,34,2.365
2026-06-26T08:56:08.056318+00:00,scheduler,1,0,665.9,11264.0,30,3.193
2026-06-26T08:56:13.068279+00:00,scheduler,0,0,903.9,11264.0,34,2.724
2026-06-26T08:56:13.068279+00:00,scheduler,1,0,665.9,11264.0,30,3.357
2026-06-26T08:56:18.080453+00:00,scheduler,0,0,903.9,11264.0,33,2.482
2026-06-26T08:56:18.080453+00:00,scheduler,1,0,665.9,11264.0,30,3.873
2026-06-26T08:56:23.092709+00:00,scheduler,0,0,903.9,11264.0,33,2.636
2026-06-26T08:56:23.092709+00:00,scheduler,1,0,665.9,11264.0,30,3.624
2026-06-26T08:56:28.105016+00:00,scheduler,0,0,903.9,11264.0,33,2.872
2026-06-26T08:56:28.105016+00:00,scheduler,1,0,665.9,11264.0,30,3.729
2026-06-26T08:56:33.118600+00:00,scheduler,0,0,903.9,11264.0,33,3.127
2026-06-26T08:56:33.118600+00:00,scheduler,1,0,665.9,11264.0,30,3.626
2026-06-26T08:56:38.130836+00:00,scheduler,0,0,903.9,11264.0,33,3.179
2026-06-26T08:56:38.130836+00:00,scheduler,1,0,665.9,11264.0,30,3.39
2026-06-26T08:56:43.144551+00:00,scheduler,0,0,903.9,11264.0,33,2.653
2026-06-26T08:56:43.144551+00:00,scheduler,1,0,665.9,11264.0,30,3.409
2026-06-26T08:56:48.156838+00:00,scheduler,0,0,903.9,11264.0,33,2.942
2026-06-26T08:56:48.156838+00:00,scheduler,1,0,665.9,11264.0,30,2.96
2026-06-26T08:56:53.169086+00:00,scheduler,0,0,903.9,11264.0,33,3.087
2026-06-26T08:56:53.169086+00:00,scheduler,1,0,665.9,11264.0,30,3.846
2026-06-26T08:56:58.182645+00:00,scheduler,0,0,903.9,11264.0,33,3.26
2026-06-26T08:56:58.182645+00:00,scheduler,1,0,665.9,11264.0,30,3.069
2026-06-26T08:57:03.194641+00:00,scheduler,0,0,903.9,11264.0,33,2.858
2026-06-26T08:57:03.194641+00:00,scheduler,1,0,665.9,11264.0,30,3.567
2026-06-26T08:57:08.206740+00:00,scheduler,0,0,903.9,11264.0,33,2.885
2026-06-26T08:57:08.206740+00:00,scheduler,1,0,665.9,11264.0,30,3.239
2026-06-26T08:57:13.218859+00:00,scheduler,0,0,903.9,11264.0,33,2.848
2026-06-26T08:57:13.218859+00:00,scheduler,1,0,665.9,11264.0,30,3.927
2026-06-26T08:57:18.230903+00:00,scheduler,0,0,903.9,11264.0,33,3.087
2026-06-26T08:57:18.230903+00:00,scheduler,1,0,665.9,11264.0,30,3.251
2026-06-26T08:57:23.243045+00:00,scheduler,0,0,903.9,11264.0,33,2.853
2026-06-26T08:57:23.243045+00:00,scheduler,1,0,665.9,11264.0,29,3.098
2026-06-26T08:57:28.255487+00:00,scheduler,0,0,903.9,11264.0,33,3.215
2026-06-26T08:57:28.255487+00:00,scheduler,1,0,665.9,11264.0,30,3.356
2026-06-26T08:57:33.267836+00:00,scheduler,0,0,903.9,11264.0,33,2.714
2026-06-26T08:57:33.267836+00:00,scheduler,1,0,665.9,11264.0,29,3.048
2026-06-26T08:57:38.280305+00:00,scheduler,0,0,903.9,11264.0,33,2.792
2026-06-26T08:57:38.280305+00:00,scheduler,1,0,665.9,11264.0,29,2.997
2026-06-26T08:57:43.292393+00:00,scheduler,0,0,903.9,11264.0,33,2.758
2026-06-26T08:57:43.292393+00:00,scheduler,1,0,665.9,11264.0,29,2.953
2026-06-26T08:57:48.304624+00:00,scheduler,0,0,903.9,11264.0,33,2.833
2026-06-26T08:57:48.304624+00:00,scheduler,1,0,665.9,11264.0,29,3.031
2026-06-26T08:57:53.316799+00:00,scheduler,0,0,903.9,11264.0,33,2.754
2026-06-26T08:57:53.316799+00:00,scheduler,1,0,665.9,11264.0,29,3.339
2026-06-26T08:57:58.329087+00:00,scheduler,0,0,903.9,11264.0,33,2.691
2026-06-26T08:57:58.329087+00:00,scheduler,1,0,665.9,11264.0,29,3.447
2026-06-26T08:58:03.341239+00:00,scheduler,0,0,903.9,11264.0,33,2.933
2026-06-26T08:58:03.341239+00:00,scheduler,1,0,665.9,11264.0,29,2.917
2026-06-26T08:58:08.353551+00:00,scheduler,0,0,903.9,11264.0,33,2.478
2026-06-26T08:58:08.353551+00:00,scheduler,1,0,665.9,11264.0,29,3.526
2026-06-26T08:58:13.366051+00:00,scheduler,0,0,903.9,11264.0,33,2.878
2026-06-26T08:58:13.366051+00:00,scheduler,1,0,665.9,11264.0,29,2.878
2026-06-26T08:58:18.378472+00:00,scheduler,0,0,903.9,11264.0,33,2.275
2026-06-26T08:58:18.378472+00:00,scheduler,1,0,665.9,11264.0,29,3.589
2026-06-26T08:58:23.390558+00:00,scheduler,0,0,903.9,11264.0,33,3.172
2026-06-26T08:58:23.390558+00:00,scheduler,1,0,665.9,11264.0,29,3.071
2026-06-26T08:58:28.402533+00:00,scheduler,0,0,903.9,11264.0,33,2.464
2026-06-26T08:58:28.402533+00:00,scheduler,1,0,665.9,11264.0,29,3.749
2026-06-26T08:58:33.414678+00:00,scheduler,0,0,903.9,11264.0,32,2.945
2026-06-26T08:58:33.414678+00:00,scheduler,1,0,665.9,11264.0,29,3.334
2026-06-26T08:58:38.426440+00:00,scheduler,0,0,903.9,11264.0,33,2.855
2026-06-26T08:58:38.426440+00:00,scheduler,1,0,665.9,11264.0,29,3.778
2026-06-26T08:58:43.438702+00:00,scheduler,0,0,903.9,11264.0,32,2.801
2026-06-26T08:58:43.438702+00:00,scheduler,1,0,665.9,11264.0,29,3.28
2026-06-26T08:58:48.450770+00:00,scheduler,0,0,903.9,11264.0,32,2.566
2026-06-26T08:58:48.450770+00:00,scheduler,1,0,665.9,11264.0,29,3.64
2026-06-26T08:58:53.462948+00:00,scheduler,0,0,903.9,11264.0,32,2.599
2026-06-26T08:58:53.462948+00:00,scheduler,1,0,665.9,11264.0,29,3.401
2026-06-26T08:58:58.475059+00:00,scheduler,0,0,903.9,11264.0,32,2.881
2026-06-26T08:58:58.475059+00:00,scheduler,1,0,665.9,11264.0,29,3.775
2026-06-26T08:59:03.487352+00:00,scheduler,0,0,903.9,11264.0,32,2.547
2026-06-26T08:59:03.487352+00:00,scheduler,1,0,665.9,11264.0,29,3.568
2026-06-26T08:59:08.499639+00:00,scheduler,0,0,903.9,11264.0,32,2.797
2026-06-26T08:59:08.499639+00:00,scheduler,1,0,665.9,11264.0,29,3.535
2026-06-26T08:59:13.511753+00:00,scheduler,0,0,903.9,11264.0,32,2.77
2026-06-26T08:59:13.511753+00:00,scheduler,1,0,665.9,11264.0,29,3.029
2026-06-26T08:59:18.523922+00:00,scheduler,0,0,903.9,11264.0,32,2.907
2026-06-26T08:59:18.523922+00:00,scheduler,1,0,665.9,11264.0,29,3.201
2026-06-26T08:59:23.536143+00:00,scheduler,0,0,903.9,11264.0,32,2.88
2026-06-26T08:59:23.536143+00:00,scheduler,1,0,665.9,11264.0,29,3.585
2026-06-26T08:59:28.548366+00:00,scheduler,0,0,903.9,11264.0,32,2.694
2026-06-26T08:59:28.548366+00:00,scheduler,1,0,665.9,11264.0,29,3.15
2026-06-26T08:59:33.560723+00:00,scheduler,0,0,903.9,11264.0,32,2.769
2026-06-26T08:59:33.560723+00:00,scheduler,1,0,665.9,11264.0,29,3.384
2026-06-26T08:59:38.572827+00:00,scheduler,0,0,903.9,11264.0,32,2.928
2026-06-26T08:59:38.572827+00:00,scheduler,1,0,665.9,11264.0,29,3.282
2026-06-26T08:59:43.584912+00:00,scheduler,0,0,903.9,11264.0,32,2.8
2026-06-26T08:59:43.584912+00:00,scheduler,1,0,665.9,11264.0,29,3.397
2026-06-26T08:59:48.596948+00:00,scheduler,0,0,903.9,11264.0,32,3.074
2026-06-26T08:59:48.596948+00:00,scheduler,1,0,665.9,11264.0,29,2.898
2026-06-26T08:59:53.609044+00:00,scheduler,0,0,903.9,11264.0,32,2.5
2026-06-26T08:59:53.609044+00:00,scheduler,1,0,665.9,11264.0,29,3.851
2026-06-26T08:59:58.621298+00:00,scheduler,0,0,903.9,11264.0,32,3.297
2026-06-26T08:59:58.621298+00:00,scheduler,1,0,665.9,11264.0,29,2.937
2026-06-26T09:00:03.633428+00:00,scheduler,0,0,903.9,11264.0,32,2.986
2026-06-26T09:00:03.633428+00:00,scheduler,1,0,665.9,11264.0,29,3.503
2026-06-26T09:00:08.645470+00:00,scheduler,0,0,903.9,11264.0,32,3.35
2026-06-26T09:00:08.645470+00:00,scheduler,1,0,665.9,11264.0,29,3.236
2026-06-26T09:00:13.657658+00:00,scheduler,0,0,903.9,11264.0,32,2.93
2026-06-26T09:00:13.657658+00:00,scheduler,1,0,665.9,11264.0,29,3.315
2026-06-26T09:00:18.669857+00:00,scheduler,0,0,903.9,11264.0,32,3.084
2026-06-26T09:00:18.669857+00:00,scheduler,1,0,665.9,11264.0,29,3.294
2026-06-26T09:00:23.682019+00:00,scheduler,0,0,903.9,11264.0,32,3.224
2026-06-26T09:00:23.682019+00:00,scheduler,1,0,665.9,11264.0,29,3.086
2026-06-26T09:00:28.694270+00:00,scheduler,0,0,903.9,11264.0,32,3.169
2026-06-26T09:00:28.694270+00:00,scheduler,1,0,665.9,11264.0,29,3.416
2026-06-26T09:00:33.706460+00:00,scheduler,0,0,903.9,11264.0,32,3.352
2026-06-26T09:00:33.706460+00:00,scheduler,1,0,665.9,11264.0,29,3.292
2026-06-26T09:00:38.718903+00:00,scheduler,0,0,903.9,11264.0,32,3.065
2026-06-26T09:00:38.718903+00:00,scheduler,1,0,665.9,11264.0,29,2.836
2026-06-26T09:00:43.731074+00:00,scheduler,0,0,903.9,11264.0,32,2.848
2026-06-26T09:00:43.731074+00:00,scheduler,1,0,665.9,11264.0,29,3.01
2026-06-26T09:00:48.743325+00:00,scheduler,0,0,903.9,11264.0,32,2.969
2026-06-26T09:00:48.743325+00:00,scheduler,1,0,665.9,11264.0,29,3.127
2026-06-26T09:00:53.755543+00:00,scheduler,0,0,903.9,11264.0,32,2.815
2026-06-26T09:00:53.755543+00:00,scheduler,1,0,665.9,11264.0,29,3.112
2026-06-26T09:00:58.767805+00:00,scheduler,0,0,903.9,11264.0,32,2.861
2026-06-26T09:00:58.767805+00:00,scheduler,1,0,665.9,11264.0,29,3.094
2026-06-26T09:01:03.779880+00:00,scheduler,0,0,903.9,11264.0,32,2.876
2026-06-26T09:01:03.779880+00:00,scheduler,1,0,665.9,11264.0,29,3.081
2026-06-26T09:01:08.792188+00:00,scheduler,0,0,903.9,11264.0,32,2.542
2026-06-26T09:01:08.792188+00:00,scheduler,1,0,665.9,11264.0,29,3.956
2026-06-26T09:01:13.804425+00:00,scheduler,0,0,903.9,11264.0,32,3.226
2026-06-26T09:01:13.804425+00:00,scheduler,1,0,665.9,11264.0,29,3.123
2026-06-26T09:01:18.816607+00:00,scheduler,0,0,903.9,11264.0,32,2.621
2026-06-26T09:01:18.816607+00:00,scheduler,1,0,665.9,11264.0,29,3.103
2026-06-26T09:01:23.828705+00:00,scheduler,0,0,903.9,11264.0,32,3.104
2026-06-26T09:01:23.828705+00:00,scheduler,1,0,665.9,11264.0,29,3.078
2026-06-26T09:01:28.840784+00:00,scheduler,0,0,903.9,11264.0,32,2.701
2026-06-26T09:01:28.840784+00:00,scheduler,1,0,665.9,11264.0,29,3.233
2026-06-26T09:01:33.853204+00:00,scheduler,0,0,903.9,11264.0,32,2.699
2026-06-26T09:01:33.853204+00:00,scheduler,1,0,665.9,11264.0,29,2.673
2026-06-26T09:01:38.865346+00:00,scheduler,0,0,903.9,11264.0,32,2.918
2026-06-26T09:01:38.865346+00:00,scheduler,1,0,665.9,11264.0,29,3.6
2026-06-26T09:01:43.877687+00:00,scheduler,0,0,903.9,11264.0,32,2.967
2026-06-26T09:01:43.877687+00:00,scheduler,1,0,665.9,11264.0,29,3.306
2026-06-26T09:01:48.890374+00:00,scheduler,0,0,903.9,11264.0,32,3.122
2026-06-26T09:01:48.890374+00:00,scheduler,1,0,665.9,11264.0,29,3.395
2026-06-26T09:01:53.902757+00:00,scheduler,0,0,903.9,11264.0,32,2.811
2026-06-26T09:01:53.902757+00:00,scheduler,1,0,665.9,11264.0,29,2.796
2026-06-26T09:01:58.917002+00:00,scheduler,0,0,903.9,11264.0,32,2.833
2026-06-26T09:01:58.917002+00:00,scheduler,1,0,665.9,11264.0,29,3.501
2026-06-26T09:02:03.929201+00:00,scheduler,0,0,903.9,11264.0,32,2.462
2026-06-26T09:02:03.929201+00:00,scheduler,1,0,665.9,11264.0,29,3.276
2026-06-26T09:02:08.941044+00:00,scheduler,0,0,903.9,11264.0,32,2.387
2026-06-26T09:02:08.941044+00:00,scheduler,1,0,665.9,11264.0,29,3.295
2026-06-26T09:02:13.952914+00:00,scheduler,0,1,1753.9,11264.0,35,51.556
2026-06-26T09:02:13.952914+00:00,scheduler,1,0,665.9,11264.0,29,3.086
2026-06-26T09:02:18.964900+00:00,scheduler,0,2,3053.9,11264.0,36,52.064
2026-06-26T09:02:18.964900+00:00,scheduler,1,0,665.9,11264.0,29,2.971
2026-06-26T09:02:23.975288+00:00,scheduler,0,1,4313.9,11264.0,36,52.314
2026-06-26T09:02:23.975288+00:00,scheduler,1,0,665.9,11264.0,29,3.393
2026-06-26T09:02:28.991961+00:00,scheduler,0,2,5293.9,11264.0,37,52.026
2026-06-26T09:02:28.991961+00:00,scheduler,1,0,665.9,11264.0,29,3.49
2026-06-26T09:02:34.006571+00:00,scheduler,0,1,6117.9,11264.0,37,52.417
2026-06-26T09:02:34.006571+00:00,scheduler,1,0,665.9,11264.0,29,3.204
2026-06-26T09:02:39.016028+00:00,scheduler,0,2,7233.9,11264.0,37,52.968
2026-06-26T09:02:39.016028+00:00,scheduler,1,0,665.9,11264.0,29,3.13
2026-06-26T09:02:44.027910+00:00,scheduler,0,1,8057.9,11264.0,38,53.144
2026-06-26T09:02:44.027910+00:00,scheduler,1,0,665.9,11264.0,29,3.563
2026-06-26T09:02:49.046816+00:00,scheduler,0,98,9009.9,11264.0,42,72.869
2026-06-26T09:02:49.046816+00:00,scheduler,1,0,665.9,11264.0,29,2.984
2026-06-26T09:02:54.057008+00:00,scheduler,0,10,9009.9,11264.0,39,54.302
2026-06-26T09:02:54.057008+00:00,scheduler,1,0,665.9,11264.0,29,3.613
2026-06-26T09:02:59.065940+00:00,scheduler,0,1,1795.9,11264.0,39,53.887
2026-06-26T09:02:59.065940+00:00,scheduler,1,0,665.9,11264.0,29,3.294
2026-06-26T09:03:04.089844+00:00,scheduler,0,1,2515.9,11264.0,39,54.1
2026-06-26T09:03:04.089844+00:00,scheduler,1,0,665.9,11264.0,29,3.26
2026-06-26T09:03:09.098891+00:00,scheduler,0,2,3199.9,11264.0,39,53.575
2026-06-26T09:03:09.098891+00:00,scheduler,1,0,665.9,11264.0,29,3.066
2026-06-26T09:03:14.110785+00:00,scheduler,0,3,4369.9,11264.0,39,53.993
2026-06-26T09:03:14.110785+00:00,scheduler,1,0,665.9,11264.0,29,3.523
2026-06-26T09:03:19.119915+00:00,scheduler,0,2,5935.9,11264.0,40,53.348
2026-06-26T09:03:19.119915+00:00,scheduler,1,0,665.9,11264.0,29,3.015
2026-06-26T09:03:24.128854+00:00,scheduler,0,2,7177.9,11264.0,40,53.942
2026-06-26T09:03:24.128854+00:00,scheduler,1,0,665.9,11264.0,29,3.403
2026-06-26T09:03:29.140790+00:00,scheduler,0,2,8275.9,11264.0,40,53.79
2026-06-26T09:03:29.140790+00:00,scheduler,1,0,665.9,11264.0,29,3.059
2026-06-26T09:03:34.149787+00:00,scheduler,0,100,11165.9,11264.0,48,246.172
2026-06-26T09:03:34.149787+00:00,scheduler,1,0,665.9,11264.0,29,3.035
2026-06-26T09:03:39.163222+00:00,scheduler,0,100,11165.9,11264.0,49,253.533
2026-06-26T09:03:39.163222+00:00,scheduler,1,0,665.9,11264.0,29,2.929
2026-06-26T09:03:44.173344+00:00,scheduler,0,100,11167.9,11264.0,51,248.568
2026-06-26T09:03:44.173344+00:00,scheduler,1,0,665.9,11264.0,29,3.479
2026-06-26T09:03:49.182205+00:00,scheduler,0,100,11167.9,11264.0,51,253.311
2026-06-26T09:03:49.182205+00:00,scheduler,1,0,665.9,11264.0,29,3.645
2026-06-26T09:03:54.193240+00:00,scheduler,0,100,11167.9,11264.0,52,255.08
2026-06-26T09:03:54.193240+00:00,scheduler,1,0,665.9,11264.0,29,3.641
2026-06-26T09:03:59.202059+00:00,scheduler,0,100,11167.9,11264.0,53,245.259
2026-06-26T09:03:59.202059+00:00,scheduler,1,0,665.9,11264.0,29,2.972
2026-06-26T09:04:04.212672+00:00,scheduler,0,100,11167.9,11264.0,54,251.229
2026-06-26T09:04:04.212672+00:00,scheduler,1,0,665.9,11264.0,29,3.157
2026-06-26T09:04:09.227097+00:00,scheduler,0,100,11167.9,11264.0,55,246.432
2026-06-26T09:04:09.227097+00:00,scheduler,1,0,665.9,11264.0,29,3.235
2026-06-26T09:04:14.235774+00:00,scheduler,0,100,11167.9,11264.0,56,251.692
2026-06-26T09:04:14.235774+00:00,scheduler,1,0,665.9,11264.0,29,3.19
2026-06-26T09:04:19.245049+00:00,scheduler,0,100,11167.9,11264.0,57,239.703
2026-06-26T09:04:19.245049+00:00,scheduler,1,0,665.9,11264.0,29,3.427
2026-06-26T09:04:24.253857+00:00,scheduler,0,100,11167.9,11264.0,57,242.957
2026-06-26T09:04:24.253857+00:00,scheduler,1,0,665.9,11264.0,29,3.472
2026-06-26T09:04:29.262728+00:00,scheduler,0,100,11167.9,11264.0,58,252.24
2026-06-26T09:04:29.262728+00:00,scheduler,1,0,665.9,11264.0,29,3.323
2026-06-26T09:04:34.271723+00:00,scheduler,0,100,11167.9,11264.0,58,241.421
2026-06-26T09:04:34.271723+00:00,scheduler,1,2,1407.9,11264.0,32,50.792
2026-06-26T09:04:39.281778+00:00,scheduler,0,100,11167.9,11264.0,58,248.689
2026-06-26T09:04:39.281778+00:00,scheduler,1,2,2087.9,11264.0,33,50.325
2026-06-26T09:04:44.289020+00:00,scheduler,0,100,11167.9,11264.0,58,237.271
2026-06-26T09:04:44.289020+00:00,scheduler,1,2,2979.9,11264.0,33,50.811
2026-06-26T09:04:49.294574+00:00,scheduler,0,100,11167.9,11264.0,58,254.738
2026-06-26T09:04:49.294574+00:00,scheduler,1,2,3891.9,11264.0,34,50.858
2026-06-26T09:04:54.300805+00:00,scheduler,0,100,11167.9,11264.0,59,256.294
2026-06-26T09:04:54.300805+00:00,scheduler,1,2,4803.9,11264.0,34,51.29
2026-06-26T09:04:59.308818+00:00,scheduler,0,100,11167.9,11264.0,59,242.081
2026-06-26T09:04:59.308818+00:00,scheduler,1,2,5783.9,11264.0,34,51.19
2026-06-26T09:05:04.319021+00:00,scheduler,0,100,11167.9,11264.0,59,249.706
2026-06-26T09:05:04.319021+00:00,scheduler,1,2,6791.9,11264.0,35,50.954
2026-06-26T09:05:09.325069+00:00,scheduler,0,100,11167.9,11264.0,59,248.442
2026-06-26T09:05:09.325069+00:00,scheduler,1,2,7771.9,11264.0,35,51.142
2026-06-26T09:05:14.332743+00:00,scheduler,0,100,11167.9,11264.0,59,245.187
2026-06-26T09:05:14.332743+00:00,scheduler,1,18,8771.9,11264.0,42,251.272
2026-06-26T09:05:19.343185+00:00,scheduler,0,100,11167.9,11264.0,59,247.569
2026-06-26T09:05:19.343185+00:00,scheduler,1,2,8771.9,11264.0,37,51.958
2026-06-26T09:05:24.348822+00:00,scheduler,0,100,11167.9,11264.0,59,246.884
2026-06-26T09:05:24.348822+00:00,scheduler,1,2,8771.9,11264.0,36,51.775
2026-06-26T09:05:29.359826+00:00,scheduler,0,100,11167.9,11264.0,59,245.764
2026-06-26T09:05:29.359826+00:00,scheduler,1,2,8771.9,11264.0,36,52.024
2026-06-26T09:05:34.373100+00:00,scheduler,0,100,11167.9,11264.0,59,236.922
2026-06-26T09:05:34.373100+00:00,scheduler,1,2,8771.9,11264.0,37,51.881
2026-06-26T09:05:39.378848+00:00,scheduler,0,31,11167.9,11264.0,56,88.501
2026-06-26T09:05:39.378848+00:00,scheduler,1,2,8771.9,11264.0,37,51.801
2026-06-26T09:05:44.392731+00:00,scheduler,0,1,11167.9,11264.0,52,57.503
2026-06-26T09:05:44.392731+00:00,scheduler,1,1,8771.9,11264.0,37,52.014
2026-06-26T09:05:49.401844+00:00,scheduler,0,2,11167.9,11264.0,50,57.349
2026-06-26T09:05:49.401844+00:00,scheduler,1,14,989.9,11264.0,38,71.439
2026-06-26T09:05:54.408696+00:00,scheduler,0,1,11167.9,11264.0,49,57.088
2026-06-26T09:05:54.408696+00:00,scheduler,1,1,1557.9,11264.0,37,51.814
2026-06-26T09:05:59.415566+00:00,scheduler,0,1,11167.9,11264.0,48,57.083
2026-06-26T09:05:59.415566+00:00,scheduler,1,1,2025.9,11264.0,37,52.058
2026-06-26T09:06:04.431069+00:00,scheduler,0,2,11167.9,11264.0,47,56.806
2026-06-26T09:06:04.431069+00:00,scheduler,1,1,2439.9,11264.0,38,52.511
2026-06-26T09:06:09.449216+00:00,scheduler,0,1,11167.9,11264.0,47,56.628
2026-06-26T09:06:09.449216+00:00,scheduler,1,1,3015.9,11264.0,38,52.509
2026-06-26T09:06:14.456980+00:00,scheduler,0,6,11167.9,11264.0,46,56.471
2026-06-26T09:06:14.456980+00:00,scheduler,1,3,4131.9,11264.0,38,52.297
2026-06-26T09:06:19.462629+00:00,scheduler,0,21,5223.9,11264.0,48,82.261
2026-06-26T09:06:19.462629+00:00,scheduler,1,5,5769.9,11264.0,38,52.867
2026-06-26T09:06:24.467902+00:00,scheduler,0,0,1123.9,11264.0,46,56.275
2026-06-26T09:06:24.467902+00:00,scheduler,1,2,7641.9,11264.0,38,52.325
2026-06-26T09:06:29.475264+00:00,scheduler,0,0,1123.9,11264.0,45,56.355
2026-06-26T09:06:29.475264+00:00,scheduler,1,99,10927.9,11264.0,45,256.779
2026-06-26T09:06:34.482046+00:00,scheduler,0,0,1123.9,11264.0,45,55.98
2026-06-26T09:06:34.482046+00:00,scheduler,1,100,10927.9,11264.0,47,248.024
2026-06-26T09:06:39.488320+00:00,scheduler,0,0,1123.9,11264.0,42,3.285
2026-06-26T09:06:39.488320+00:00,scheduler,1,100,10929.9,11264.0,48,249.789
2026-06-26T09:06:44.499634+00:00,scheduler,0,1,903.9,11264.0,41,3.408
2026-06-26T09:06:44.499634+00:00,scheduler,1,100,10929.9,11264.0,49,257.381
2026-06-26T09:06:49.509249+00:00,scheduler,0,0,903.9,11264.0,40,3.314
2026-06-26T09:06:49.509249+00:00,scheduler,1,100,10929.9,11264.0,50,251.282
2026-06-26T09:06:54.518235+00:00,scheduler,0,0,903.9,11264.0,40,3.061
2026-06-26T09:06:54.518235+00:00,scheduler,1,100,10929.9,11264.0,51,255.115
2026-06-26T09:06:59.527334+00:00,scheduler,0,0,903.9,11264.0,39,3.701
2026-06-26T09:06:59.527334+00:00,scheduler,1,100,10929.9,11264.0,52,244.295
2026-06-26T09:07:04.536543+00:00,scheduler,0,0,903.9,11264.0,39,2.775
2026-06-26T09:07:04.536543+00:00,scheduler,1,100,10929.9,11264.0,53,245.148
2026-06-26T09:07:09.545317+00:00,scheduler,0,0,903.9,11264.0,38,3.197
2026-06-26T09:07:09.545317+00:00,scheduler,1,100,10929.9,11264.0,54,252.37
2026-06-26T09:07:14.555669+00:00,scheduler,0,0,903.9,11264.0,38,3.079
2026-06-26T09:07:14.555669+00:00,scheduler,1,100,10929.9,11264.0,54,243.821
2026-06-26T09:07:19.564572+00:00,scheduler,0,0,903.9,11264.0,37,3.294
2026-06-26T09:07:19.564572+00:00,scheduler,1,100,10929.9,11264.0,55,250.014
2026-06-26T09:07:24.573541+00:00,scheduler,0,0,903.9,11264.0,37,2.724
2026-06-26T09:07:24.573541+00:00,scheduler,1,100,10929.9,11264.0,55,241.368
2026-06-26T09:07:29.583667+00:00,scheduler,0,0,903.9,11264.0,37,3.411
2026-06-26T09:07:29.583667+00:00,scheduler,1,100,10929.9,11264.0,56,247.317
2026-06-26T09:07:34.594098+00:00,scheduler,0,0,903.9,11264.0,37,2.997
2026-06-26T09:07:34.594098+00:00,scheduler,1,100,10929.9,11264.0,56,255.843
2026-06-26T09:07:39.602924+00:00,scheduler,0,0,903.9,11264.0,36,2.873
2026-06-26T09:07:39.602924+00:00,scheduler,1,100,10929.9,11264.0,56,249.54
2026-06-26T09:07:44.613973+00:00,scheduler,0,0,903.9,11264.0,36,2.746
2026-06-26T09:07:44.613973+00:00,scheduler,1,100,10929.9,11264.0,56,248.467
2026-06-26T09:07:49.625307+00:00,scheduler,0,0,903.9,11264.0,36,2.832
2026-06-26T09:07:49.625307+00:00,scheduler,1,100,10929.9,11264.0,57,239.585
2026-06-26T09:07:54.634116+00:00,scheduler,0,0,903.9,11264.0,36,3.297
2026-06-26T09:07:54.634116+00:00,scheduler,1,100,10929.9,11264.0,57,248.412
2026-06-26T09:07:59.643520+00:00,scheduler,0,0,903.9,11264.0,36,3.181
2026-06-26T09:07:59.643520+00:00,scheduler,1,100,10929.9,11264.0,57,257.474
2026-06-26T09:08:04.652484+00:00,scheduler,0,0,903.9,11264.0,35,3.238
2026-06-26T09:08:04.652484+00:00,scheduler,1,100,10929.9,11264.0,57,247.8
2026-06-26T09:08:09.661435+00:00,scheduler,0,0,903.9,11264.0,35,2.942
2026-06-26T09:08:09.661435+00:00,scheduler,1,100,10929.9,11264.0,57,249.318
2026-06-26T09:08:14.670808+00:00,scheduler,0,0,903.9,11264.0,35,2.704
2026-06-26T09:08:14.670808+00:00,scheduler,1,100,10929.9,11264.0,57,253.153
2026-06-26T09:08:19.681244+00:00,scheduler,0,0,903.9,11264.0,35,2.718
2026-06-26T09:08:19.681244+00:00,scheduler,1,100,10929.9,11264.0,57,241.033
2026-06-26T09:08:24.690844+00:00,scheduler,0,0,903.9,11264.0,35,3.174
2026-06-26T09:08:24.690844+00:00,scheduler,1,100,10929.9,11264.0,57,242.684
2026-06-26T09:08:29.702473+00:00,scheduler,0,0,903.9,11264.0,35,3.054
2026-06-26T09:08:29.702473+00:00,scheduler,1,100,10929.9,11264.0,57,253.554
2026-06-26T09:08:34.712620+00:00,scheduler,0,0,903.9,11264.0,35,3.286
2026-06-26T09:08:34.712620+00:00,scheduler,1,100,10929.9,11264.0,57,247.797
2026-06-26T09:08:39.723008+00:00,scheduler,0,0,903.9,11264.0,35,2.616
2026-06-26T09:08:39.723008+00:00,scheduler,1,3,10929.9,11264.0,51,56.349
2026-06-26T09:08:44.731817+00:00,scheduler,0,0,903.9,11264.0,35,3.324
2026-06-26T09:08:44.731817+00:00,scheduler,1,8,10929.9,11264.0,49,55.245
2026-06-26T09:08:49.740597+00:00,scheduler,0,0,903.9,11264.0,34,3.022
2026-06-26T09:08:49.740597+00:00,scheduler,1,2,885.9,11264.0,48,58.77
2026-06-26T09:08:54.749689+00:00,scheduler,0,0,903.9,11264.0,34,3.066
2026-06-26T09:08:54.749689+00:00,scheduler,1,0,885.9,11264.0,47,55.319
2026-06-26T09:08:59.758603+00:00,scheduler,0,0,903.9,11264.0,34,3.151
2026-06-26T09:08:59.758603+00:00,scheduler,1,0,885.9,11264.0,46,54.686
2026-06-26T09:09:04.767394+00:00,scheduler,0,0,903.9,11264.0,34,2.814
2026-06-26T09:09:04.767394+00:00,scheduler,1,0,665.9,11264.0,45,54.15
2026-06-26T09:09:09.776040+00:00,scheduler,0,1,1645.9,11264.0,37,52.273
2026-06-26T09:09:09.776040+00:00,scheduler,1,0,665.9,11264.0,43,3.692
2026-06-26T09:09:14.788156+00:00,scheduler,0,1,2093.9,11264.0,38,52.576
2026-06-26T09:09:14.788156+00:00,scheduler,1,0,665.9,11264.0,41,3.27
2026-06-26T09:09:19.802946+00:00,scheduler,0,1,2761.9,11264.0,38,52.613
2026-06-26T09:09:19.802946+00:00,scheduler,1,0,665.9,11264.0,40,3.548
2026-06-26T09:09:24.820395+00:00,scheduler,0,1,3441.9,11264.0,38,52.81
2026-06-26T09:09:24.820395+00:00,scheduler,1,0,665.9,11264.0,39,3.445
2026-06-26T09:09:29.830934+00:00,scheduler,0,1,4197.9,11264.0,39,52.975
2026-06-26T09:09:29.830934+00:00,scheduler,1,0,665.9,11264.0,38,4.014
2026-06-26T09:09:34.844069+00:00,scheduler,0,1,4953.9,11264.0,39,53.48
2026-06-26T09:09:34.844069+00:00,scheduler,1,0,665.9,11264.0,37,4.19
2026-06-26T09:09:39.853174+00:00,scheduler,0,1,5585.9,11264.0,39,53.507
2026-06-26T09:09:39.853174+00:00,scheduler,1,0,665.9,11264.0,37,3.498
2026-06-26T09:09:44.863147+00:00,scheduler,0,2,6525.9,11264.0,39,53.112
2026-06-26T09:09:44.863147+00:00,scheduler,1,0,665.9,11264.0,36,4.562
2026-06-26T09:09:49.872156+00:00,scheduler,0,1,7485.9,11264.0,40,53.735
2026-06-26T09:09:49.872156+00:00,scheduler,1,0,665.9,11264.0,36,3.486
2026-06-26T09:09:54.883166+00:00,scheduler,0,2,8533.9,11264.0,40,53.834
2026-06-26T09:09:54.883166+00:00,scheduler,1,0,665.9,11264.0,35,3.834
2026-06-26T09:09:59.892338+00:00,scheduler,0,1,9009.9,11264.0,42,76.833
2026-06-26T09:09:59.892338+00:00,scheduler,1,0,665.9,11264.0,35,7.8
2026-06-26T09:10:04.930474+00:00,scheduler,0,1,9009.9,11264.0,41,54.293
2026-06-26T09:10:04.930474+00:00,scheduler,1,0,665.9,11264.0,35,4.165
2026-06-26T09:10:09.941181+00:00,scheduler,0,1,9009.9,11264.0,41,54.505
2026-06-26T09:10:09.941181+00:00,scheduler,1,0,665.9,11264.0,34,3.911
2026-06-26T09:10:14.957708+00:00,scheduler,0,1,9009.9,11264.0,41,54.324
2026-06-26T09:10:14.957708+00:00,scheduler,1,0,665.9,11264.0,34,3.966
2026-06-26T09:10:19.975368+00:00,scheduler,0,2,9009.9,11264.0,41,54.377
2026-06-26T09:10:19.975368+00:00,scheduler,1,0,665.9,11264.0,34,4.018
2026-06-26T09:10:24.994411+00:00,scheduler,0,1,9009.9,11264.0,41,53.931
2026-06-26T09:10:24.994411+00:00,scheduler,1,0,665.9,11264.0,34,3.983
2026-06-26T09:10:30.009413+00:00,scheduler,0,1,9009.9,11264.0,41,53.828
2026-06-26T09:10:30.009413+00:00,scheduler,1,0,665.9,11264.0,34,3.094
2026-06-26T09:10:35.018977+00:00,scheduler,0,1,9009.9,11264.0,41,53.925
2026-06-26T09:10:35.018977+00:00,scheduler,1,0,665.9,11264.0,33,3.362
2026-06-26T09:10:40.027902+00:00,scheduler,0,1,9009.9,11264.0,41,54.124
2026-06-26T09:10:40.027902+00:00,scheduler,1,0,665.9,11264.0,33,3.251
2026-06-26T09:10:45.036739+00:00,scheduler,0,2,9009.9,11264.0,41,54.69
2026-06-26T09:10:45.036739+00:00,scheduler,1,0,665.9,11264.0,33,3.211
2026-06-26T09:10:50.058081+00:00,scheduler,0,4,2047.9,11264.0,42,54.705
2026-06-26T09:10:50.058081+00:00,scheduler,1,0,665.9,11264.0,33,3.156
2026-06-26T09:10:55.067012+00:00,scheduler,0,4,3271.9,11264.0,42,54.536
2026-06-26T09:10:55.067012+00:00,scheduler,1,0,665.9,11264.0,33,3.45
2026-06-26T09:11:00.076104+00:00,scheduler,0,35,11165.9,11264.0,46,250.062
2026-06-26T09:11:00.076104+00:00,scheduler,1,0,1407.9,11264.0,34,50.832
2026-06-26T09:11:05.082676+00:00,scheduler,0,100,11165.9,11264.0,50,245.317
2026-06-26T09:11:05.082676+00:00,scheduler,1,60,8771.9,11264.0,43,253.483
2026-06-26T09:11:10.087905+00:00,scheduler,0,100,11167.9,11264.0,51,255.735
2026-06-26T09:11:10.087905+00:00,scheduler,1,0,8771.9,11264.0,38,51.911
2026-06-26T09:11:15.093204+00:00,scheduler,0,100,11167.9,11264.0,52,255.044
2026-06-26T09:11:15.093204+00:00,scheduler,1,0,8771.9,11264.0,37,51.632
2026-06-26T09:11:20.111166+00:00,scheduler,0,100,11167.9,11264.0,53,246.149
2026-06-26T09:11:20.111166+00:00,scheduler,1,2,8771.9,11264.0,38,51.674
2026-06-26T09:11:25.285814+00:00,scheduler,0,100,11167.9,11264.0,54,251.665
2026-06-26T09:11:25.285814+00:00,scheduler,1,1,8771.9,11264.0,38,51.81
2026-06-26T09:11:30.298432+00:00,scheduler,0,100,11167.9,11264.0,55,246.664
2026-06-26T09:11:30.298432+00:00,scheduler,1,1,8771.9,11264.0,38,51.911
2026-06-26T09:11:35.306734+00:00,scheduler,0,100,11167.9,11264.0,56,244.162
2026-06-26T09:11:35.306734+00:00,scheduler,1,10,8771.9,11264.0,38,51.954
2026-06-26T09:11:40.312916+00:00,scheduler,0,100,11167.9,11264.0,56,239.073
2026-06-26T09:11:40.312916+00:00,scheduler,1,3,2277.9,11264.0,38,51.566
2026-06-26T09:11:45.321187+00:00,scheduler,0,100,11167.9,11264.0,57,255.227
2026-06-26T09:11:45.321187+00:00,scheduler,1,4,4293.9,11264.0,38,51.77
2026-06-26T09:11:50.330209+00:00,scheduler,0,100,11167.9,11264.0,57,246.079
2026-06-26T09:11:50.330209+00:00,scheduler,1,4,6633.9,11264.0,38,51.841
2026-06-26T09:11:55.335780+00:00,scheduler,0,100,11167.9,11264.0,58,252.496
2026-06-26T09:11:55.335780+00:00,scheduler,1,4,10927.9,11264.0,45,243.113
2026-06-26T09:12:00.343906+00:00,scheduler,0,100,11167.9,11264.0,58,247.462
2026-06-26T09:12:00.343906+00:00,scheduler,1,100,10927.9,11264.0,47,244.315
2026-06-26T09:12:05.354959+00:00,scheduler,0,100,11167.9,11264.0,58,247.843
2026-06-26T09:12:05.354959+00:00,scheduler,1,100,10929.9,11264.0,48,257.502
2026-06-26T09:12:10.362637+00:00,scheduler,0,100,11167.9,11264.0,58,246.911
2026-06-26T09:12:10.362637+00:00,scheduler,1,100,10929.9,11264.0,49,256.596
2026-06-26T09:12:15.368062+00:00,scheduler,0,100,11167.9,11264.0,59,248.943
2026-06-26T09:12:15.368062+00:00,scheduler,1,100,10929.9,11264.0,50,246.769
2026-06-26T09:12:20.373651+00:00,scheduler,0,100,11167.9,11264.0,59,244.798
2026-06-26T09:12:20.373651+00:00,scheduler,1,100,10929.9,11264.0,51,248.389
2026-06-26T09:12:25.381406+00:00,scheduler,0,100,11167.9,11264.0,59,234.183
2026-06-26T09:12:25.381406+00:00,scheduler,1,100,10929.9,11264.0,52,250.204
2026-06-26T09:12:30.389088+00:00,scheduler,0,100,11167.9,11264.0,59,247.285
2026-06-26T09:12:30.389088+00:00,scheduler,1,100,10929.9,11264.0,53,248.971
2026-06-26T09:12:35.396254+00:00,scheduler,0,100,11167.9,11264.0,59,241.675
2026-06-26T09:12:35.396254+00:00,scheduler,1,100,10929.9,11264.0,54,242.634
2026-06-26T09:12:40.401970+00:00,scheduler,0,100,11167.9,11264.0,59,255.25
2026-06-26T09:12:40.401970+00:00,scheduler,1,100,10929.9,11264.0,54,247.777
2026-06-26T09:12:45.410388+00:00,scheduler,0,100,11167.9,11264.0,59,242.274
2026-06-26T09:12:45.410388+00:00,scheduler,1,100,10929.9,11264.0,55,249.159
2026-06-26T09:12:50.421328+00:00,scheduler,0,100,11167.9,11264.0,59,239.642
2026-06-26T09:12:50.421328+00:00,scheduler,1,100,10929.9,11264.0,56,241.002
2026-06-26T09:12:55.426617+00:00,scheduler,0,100,11167.9,11264.0,59,245.849
2026-06-26T09:12:55.426617+00:00,scheduler,1,100,10929.9,11264.0,56,252.636
2026-06-26T09:13:00.435340+00:00,scheduler,0,100,11167.9,11264.0,59,246.508
2026-06-26T09:13:00.435340+00:00,scheduler,1,100,10929.9,11264.0,56,258.299
2026-06-26T09:13:05.446807+00:00,scheduler,0,100,11167.9,11264.0,59,243.924
2026-06-26T09:13:05.446807+00:00,scheduler,1,100,10929.9,11264.0,56,238.77
2026-06-26T09:13:10.451971+00:00,scheduler,0,100,11167.9,11264.0,59,247.225
2026-06-26T09:13:10.451971+00:00,scheduler,1,100,10929.9,11264.0,57,255.976
2026-06-26T09:13:15.457623+00:00,scheduler,0,100,11167.9,11264.0,59,247.561
2026-06-26T09:13:15.457623+00:00,scheduler,1,100,10929.9,11264.0,57,251.314
2026-06-26T09:13:20.465328+00:00,scheduler,0,100,11167.9,11264.0,59,245.004
2026-06-26T09:13:20.465328+00:00,scheduler,1,100,10929.9,11264.0,57,249.747
2026-06-26T09:13:25.477111+00:00,scheduler,0,100,11167.9,11264.0,59,237.844
2026-06-26T09:13:25.477111+00:00,scheduler,1,100,10929.9,11264.0,57,246.953
2026-06-26T09:13:30.482561+00:00,scheduler,0,100,11167.9,11264.0,59,242.995
2026-06-26T09:13:30.482561+00:00,scheduler,1,100,10929.9,11264.0,57,239.855
2026-06-26T09:13:35.487809+00:00,scheduler,0,100,11167.9,11264.0,59,238.914
2026-06-26T09:13:35.487809+00:00,scheduler,1,100,10929.9,11264.0,57,251.048
2026-06-26T09:13:40.496245+00:00,scheduler,0,100,11167.9,11264.0,59,255.818
2026-06-26T09:13:40.496245+00:00,scheduler,1,100,10929.9,11264.0,57,243.948
2026-06-26T09:13:45.504344+00:00,scheduler,0,100,11167.9,11264.0,59,247.359
2026-06-26T09:13:45.504344+00:00,scheduler,1,100,10929.9,11264.0,57,253.152
2026-06-26T09:13:50.513625+00:00,scheduler,0,100,11167.9,11264.0,59,248.248
2026-06-26T09:13:50.513625+00:00,scheduler,1,100,10929.9,11264.0,57,247.729
2026-06-26T09:13:55.519827+00:00,scheduler,0,100,11167.9,11264.0,59,247.148
2026-06-26T09:13:55.519827+00:00,scheduler,1,100,10929.9,11264.0,57,252.331
2026-06-26T09:14:00.525595+00:00,scheduler,0,100,11167.9,11264.0,59,246.845
2026-06-26T09:14:00.525595+00:00,scheduler,1,100,10929.9,11264.0,57,248.841
2026-06-26T09:14:05.532747+00:00,scheduler,0,100,11167.9,11264.0,59,243.837
2026-06-26T09:14:05.532747+00:00,scheduler,1,100,10929.9,11264.0,57,241.558
2026-06-26T09:14:10.540401+00:00,scheduler,0,100,11167.9,11264.0,59,256.454
2026-06-26T09:14:10.540401+00:00,scheduler,1,100,10929.9,11264.0,57,249.805
2026-06-26T09:14:15.547975+00:00,scheduler,0,100,11167.9,11264.0,59,248.224
2026-06-26T09:14:15.547975+00:00,scheduler,1,100,10929.9,11264.0,57,243.502
2026-06-26T09:14:20.555234+00:00,scheduler,0,100,11167.9,11264.0,59,252.736
2026-06-26T09:14:20.555234+00:00,scheduler,1,100,10929.9,11264.0,57,250.276
2026-06-26T09:14:25.563712+00:00,scheduler,0,100,11167.9,11264.0,59,247.389
2026-06-26T09:14:25.563712+00:00,scheduler,1,100,10929.9,11264.0,57,250.106
2026-06-26T09:14:30.568952+00:00,scheduler,0,100,11167.9,11264.0,59,245.28
2026-06-26T09:14:30.568952+00:00,scheduler,1,100,10929.9,11264.0,57,237.89
2026-06-26T09:14:35.574461+00:00,scheduler,0,100,11167.9,11264.0,59,253.13
2026-06-26T09:14:35.574461+00:00,scheduler,1,100,10929.9,11264.0,57,247.687
2026-06-26T09:14:40.581697+00:00,scheduler,0,100,11167.9,11264.0,59,253.473
2026-06-26T09:14:40.581697+00:00,scheduler,1,100,10929.9,11264.0,57,241.868
2026-06-26T09:14:45.588388+00:00,scheduler,0,100,11167.9,11264.0,59,240.974
2026-06-26T09:14:45.588388+00:00,scheduler,1,100,10929.9,11264.0,57,245.757
2026-06-26T09:14:50.593796+00:00,scheduler,0,100,11167.9,11264.0,59,249.632
2026-06-26T09:14:50.593796+00:00,scheduler,1,100,10929.9,11264.0,57,244.61
2026-06-26T09:14:55.600017+00:00,scheduler,0,100,11167.9,11264.0,59,253.38
2026-06-26T09:14:55.600017+00:00,scheduler,1,100,10929.9,11264.0,57,254.287
2026-06-26T09:15:00.609735+00:00,scheduler,0,100,11167.9,11264.0,59,250.731
2026-06-26T09:15:00.609735+00:00,scheduler,1,100,10929.9,11264.0,57,250.894
2026-06-26T09:15:05.616334+00:00,scheduler,0,100,11167.9,11264.0,59,253.544
2026-06-26T09:15:05.616334+00:00,scheduler,1,100,10929.9,11264.0,57,240.42
2026-06-26T09:15:10.624816+00:00,scheduler,0,100,11167.9,11264.0,59,239.037
2026-06-26T09:15:10.624816+00:00,scheduler,1,100,10929.9,11264.0,57,245.512
2026-06-26T09:15:15.632058+00:00,scheduler,0,100,11167.9,11264.0,59,242.552
2026-06-26T09:15:15.632058+00:00,scheduler,1,100,10929.9,11264.0,57,242.89
2026-06-26T09:15:20.637486+00:00,scheduler,0,100,11167.9,11264.0,59,251.93
2026-06-26T09:15:20.637486+00:00,scheduler,1,100,10929.9,11264.0,57,250.696
2026-06-26T09:15:25.643425+00:00,scheduler,0,100,11167.9,11264.0,59,247.713
2026-06-26T09:15:25.643425+00:00,scheduler,1,100,10929.9,11264.0,57,251.285
2026-06-26T09:15:30.649202+00:00,scheduler,0,100,11167.9,11264.0,59,254.255
2026-06-26T09:15:30.649202+00:00,scheduler,1,100,10929.9,11264.0,57,247.418
2026-06-26T09:15:35.656225+00:00,scheduler,0,100,11167.9,11264.0,59,240.655
2026-06-26T09:15:35.656225+00:00,scheduler,1,100,10929.9,11264.0,57,244.903
2026-06-26T09:15:40.662752+00:00,scheduler,0,100,11167.9,11264.0,59,246.648
2026-06-26T09:15:40.662752+00:00,scheduler,1,100,10929.9,11264.0,57,242.848
2026-06-26T09:15:45.668829+00:00,scheduler,0,100,11167.9,11264.0,59,243.914
2026-06-26T09:15:45.668829+00:00,scheduler,1,100,10929.9,11264.0,57,248.99
2026-06-26T09:15:50.675952+00:00,scheduler,0,100,11167.9,11264.0,59,252.997
2026-06-26T09:15:50.675952+00:00,scheduler,1,100,10929.9,11264.0,57,247.438
2026-06-26T09:15:55.681880+00:00,scheduler,0,100,11167.9,11264.0,59,249.567
2026-06-26T09:15:55.681880+00:00,scheduler,1,100,10929.9,11264.0,57,247.536
2026-06-26T09:16:00.687431+00:00,scheduler,0,100,11167.9,11264.0,59,256.411
2026-06-26T09:16:00.687431+00:00,scheduler,1,100,10929.9,11264.0,57,250.465
2026-06-26T09:16:05.694216+00:00,scheduler,0,100,11167.9,11264.0,59,244.127
2026-06-26T09:16:05.694216+00:00,scheduler,1,100,10929.9,11264.0,57,238.861
2026-06-26T09:16:10.703421+00:00,scheduler,0,100,11167.9,11264.0,59,238.296
2026-06-26T09:16:10.703421+00:00,scheduler,1,100,10929.9,11264.0,57,246.942
2026-06-26T09:16:15.709054+00:00,scheduler,0,100,11167.9,11264.0,59,248.887
2026-06-26T09:16:15.709054+00:00,scheduler,1,100,10929.9,11264.0,57,248.2
2026-06-26T09:16:20.714580+00:00,scheduler,0,100,11167.9,11264.0,59,250.121
2026-06-26T09:16:20.714580+00:00,scheduler,1,100,10929.9,11264.0,57,244.874
2026-06-26T09:16:25.721965+00:00,scheduler,0,100,11167.9,11264.0,59,249.44
2026-06-26T09:16:25.721965+00:00,scheduler,1,100,10929.9,11264.0,57,245.501
2026-06-26T09:16:30.730728+00:00,scheduler,0,100,11167.9,11264.0,59,248.257
2026-06-26T09:16:30.730728+00:00,scheduler,1,100,10929.9,11264.0,57,246.904
2026-06-26T09:16:35.740796+00:00,scheduler,0,100,11167.9,11264.0,59,240.265
2026-06-26T09:16:35.740796+00:00,scheduler,1,100,10929.9,11264.0,57,247.31
2026-06-26T09:16:40.748582+00:00,scheduler,0,100,11167.9,11264.0,59,253.18
2026-06-26T09:16:40.748582+00:00,scheduler,1,100,10929.9,11264.0,57,248.548
2026-06-26T09:16:45.757070+00:00,scheduler,0,9,11167.9,11264.0,53,57.666
2026-06-26T09:16:45.757070+00:00,scheduler,1,100,10929.9,11264.0,57,244.846
2026-06-26T09:16:50.765904+00:00,scheduler,0,20,5223.9,11264.0,56,249.059
2026-06-26T09:16:50.765904+00:00,scheduler,1,100,10929.9,11264.0,57,246.312
2026-06-26T09:16:55.775737+00:00,scheduler,0,1,1867.9,11264.0,51,57.195
2026-06-26T09:16:55.775737+00:00,scheduler,1,100,10929.9,11264.0,57,244.683
2026-06-26T09:17:00.781215+00:00,scheduler,0,1,1867.9,11264.0,49,56.908
2026-06-26T09:17:00.781215+00:00,scheduler,1,100,10929.9,11264.0,57,253.723
2026-06-26T09:17:05.786541+00:00,scheduler,0,1,2235.9,11264.0,48,56.687
2026-06-26T09:17:05.786541+00:00,scheduler,1,100,10929.9,11264.0,57,253.012
2026-06-26T09:17:10.792097+00:00,scheduler,0,0,2527.9,11264.0,48,56.532
2026-06-26T09:17:10.792097+00:00,scheduler,1,100,10929.9,11264.0,57,243.021
2026-06-26T09:17:15.797517+00:00,scheduler,0,1,2915.9,11264.0,47,56.242
2026-06-26T09:17:15.797517+00:00,scheduler,1,100,10929.9,11264.0,57,248.487
2026-06-26T09:17:20.803090+00:00,scheduler,0,1,3507.9,11264.0,46,55.824
2026-06-26T09:17:20.803090+00:00,scheduler,1,100,10929.9,11264.0,57,240.687
2026-06-26T09:17:25.808528+00:00,scheduler,0,1,3943.9,11264.0,46,55.8
2026-06-26T09:17:25.808528+00:00,scheduler,1,100,10929.9,11264.0,57,245.444
2026-06-26T09:17:30.815087+00:00,scheduler,0,1,4379.9,11264.0,46,55.708
2026-06-26T09:17:30.815087+00:00,scheduler,1,100,10929.9,11264.0,57,252.434
2026-06-26T09:17:35.820371+00:00,scheduler,0,0,4563.9,11264.0,45,55.944
2026-06-26T09:17:35.820371+00:00,scheduler,1,100,10929.9,11264.0,57,252.875
2026-06-26T09:17:40.825904+00:00,scheduler,0,6,7231.9,11264.0,45,55.867
2026-06-26T09:17:40.825904+00:00,scheduler,1,9,10929.9,11264.0,53,76.908
2026-06-26T09:17:45.831165+00:00,scheduler,0,2,8259.9,11264.0,45,55.487
2026-06-26T09:17:45.831165+00:00,scheduler,1,3,10929.9,11264.0,50,55.519
2026-06-26T09:17:50.841676+00:00,scheduler,0,2,8647.9,11264.0,44,55.424
2026-06-26T09:17:50.841676+00:00,scheduler,1,33,917.9,11264.0,49,58.411
2026-06-26T09:17:55.976061+00:00,scheduler,0,4,9001.9,11264.0,45,55.751
2026-06-26T09:17:55.976061+00:00,scheduler,1,0,887.9,11264.0,48,54.962
2026-06-26T09:18:20.644289+00:00,scheduler,0,0,691.9,11264.0,40,2.498
2026-06-26T09:18:20.644289+00:00,scheduler,1,0,453.9,11264.0,40,3.535
2026-06-26T09:18:26.935560+00:00,scheduler,0,0,691.9,11264.0,39,3.049
2026-06-26T09:18:26.935560+00:00,scheduler,1,0,453.9,11264.0,39,3.638
2026-06-26T09:18:31.947871+00:00,scheduler,0,0,691.9,11264.0,39,2.797
2026-06-26T09:18:31.947871+00:00,scheduler,1,0,453.9,11264.0,38,3.956
2026-06-26T09:18:36.960177+00:00,scheduler,0,0,691.9,11264.0,38,2.823
2026-06-26T09:18:36.960177+00:00,scheduler,1,0,453.9,11264.0,37,3.532
2026-06-26T09:18:41.976153+00:00,scheduler,0,0,691.9,11264.0,38,2.821
2026-06-26T09:18:41.976153+00:00,scheduler,1,0,453.9,11264.0,37,3.438
2026-06-26T09:18:46.990146+00:00,scheduler,0,0,691.9,11264.0,37,2.615
2026-06-26T09:18:46.990146+00:00,scheduler,1,0,453.9,11264.0,36,3.455
2026-06-26T09:18:52.002584+00:00,scheduler,0,0,691.9,11264.0,37,3.049
2026-06-26T09:18:52.002584+00:00,scheduler,1,0,453.9,11264.0,36,3.79
2026-06-26T09:18:57.016450+00:00,scheduler,0,0,691.9,11264.0,37,3.984
2026-06-26T09:18:57.016450+00:00,scheduler,1,0,453.9,11264.0,36,3.341
2026-06-26T09:19:02.034313+00:00,scheduler,0,0,691.9,11264.0,37,3.099
2026-06-26T09:19:02.034313+00:00,scheduler,1,0,453.9,11264.0,35,3.228
2026-06-26T09:19:07.046919+00:00,scheduler,0,0,691.9,11264.0,37,3.13
2026-06-26T09:19:07.046919+00:00,scheduler,1,0,453.9,11264.0,35,3.627
2026-06-26T09:19:12.059185+00:00,scheduler,0,0,691.9,11264.0,36,3.709
2026-06-26T09:19:12.059185+00:00,scheduler,1,0,453.9,11264.0,35,3.131
2026-06-26T09:19:17.071702+00:00,scheduler,0,0,691.9,11264.0,36,3.078
2026-06-26T09:19:17.071702+00:00,scheduler,1,0,453.9,11264.0,35,3.583
2026-06-26T09:19:22.084097+00:00,scheduler,0,0,691.9,11264.0,36,3.869
2026-06-26T09:19:22.084097+00:00,scheduler,1,0,453.9,11264.0,34,3.135
2026-06-26T09:19:27.097451+00:00,scheduler,0,0,691.9,11264.0,36,3.158
2026-06-26T09:19:27.097451+00:00,scheduler,1,0,453.9,11264.0,34,3.191
2026-06-26T09:19:32.109805+00:00,scheduler,0,0,691.9,11264.0,36,3.203
2026-06-26T09:19:32.109805+00:00,scheduler,1,0,453.9,11264.0,34,3.539
2026-06-26T09:19:37.122033+00:00,scheduler,0,0,691.9,11264.0,36,3.275
2026-06-26T09:19:37.122033+00:00,scheduler,1,0,453.9,11264.0,34,3.524
2026-06-26T09:19:42.134297+00:00,scheduler,0,0,691.9,11264.0,35,3.195
2026-06-26T09:19:42.134297+00:00,scheduler,1,0,453.9,11264.0,33,4.065
2026-06-26T09:19:47.146563+00:00,scheduler,0,0,691.9,11264.0,35,3.176
2026-06-26T09:19:47.146563+00:00,scheduler,1,0,453.9,11264.0,33,3.503
2026-06-26T09:19:52.158924+00:00,scheduler,0,0,691.9,11264.0,35,3.239
2026-06-26T09:19:52.158924+00:00,scheduler,1,0,453.9,11264.0,33,3.424
2026-06-26T09:19:57.171326+00:00,scheduler,0,0,691.9,11264.0,35,2.995
2026-06-26T09:19:57.171326+00:00,scheduler,1,0,453.9,11264.0,33,3.445
2026-06-26T09:20:02.183520+00:00,scheduler,0,0,691.9,11264.0,35,3.132
2026-06-26T09:20:02.183520+00:00,scheduler,1,0,453.9,11264.0,33,3.242
2026-06-26T09:20:07.195692+00:00,scheduler,0,0,691.9,11264.0,35,3.325
2026-06-26T09:20:07.195692+00:00,scheduler,1,0,453.9,11264.0,33,3.604
2026-06-26T09:20:12.208305+00:00,scheduler,0,0,691.9,11264.0,35,3.193
2026-06-26T09:20:12.208305+00:00,scheduler,1,0,453.9,11264.0,33,3.215
2026-06-26T09:20:17.220428+00:00,scheduler,0,0,691.9,11264.0,35,3.075
2026-06-26T09:20:17.220428+00:00,scheduler,1,0,453.9,11264.0,33,3.454
2026-06-26T09:20:22.232656+00:00,scheduler,0,0,691.9,11264.0,34,3.128
2026-06-26T09:20:22.232656+00:00,scheduler,1,0,453.9,11264.0,32,2.974
2026-06-26T09:20:27.244879+00:00,scheduler,0,0,691.9,11264.0,34,3.361
2026-06-26T09:20:27.244879+00:00,scheduler,1,0,453.9,11264.0,32,3.117
2026-06-26T09:20:32.256993+00:00,scheduler,0,0,691.9,11264.0,34,2.552
2026-06-26T09:20:32.256993+00:00,scheduler,1,0,453.9,11264.0,32,2.925
2026-06-26T09:20:37.269160+00:00,scheduler,0,0,691.9,11264.0,34,3.353
2026-06-26T09:20:37.269160+00:00,scheduler,1,0,453.9,11264.0,32,3.036
2026-06-26T09:20:42.281282+00:00,scheduler,0,0,691.9,11264.0,34,2.744
2026-06-26T09:20:42.281282+00:00,scheduler,1,0,453.9,11264.0,32,3.348
2026-06-26T09:20:47.293323+00:00,scheduler,0,0,691.9,11264.0,34,3.324
2026-06-26T09:20:47.293323+00:00,scheduler,1,0,453.9,11264.0,32,2.685
2026-06-26T09:20:52.305788+00:00,scheduler,0,0,691.9,11264.0,34,2.718
2026-06-26T09:20:52.305788+00:00,scheduler,1,0,453.9,11264.0,32,3.066
2026-06-26T09:20:57.317823+00:00,scheduler,0,0,691.9,11264.0,34,2.974
2026-06-26T09:20:57.317823+00:00,scheduler,1,0,453.9,11264.0,32,2.61
2026-06-26T09:21:02.329795+00:00,scheduler,0,0,691.9,11264.0,34,2.891
2026-06-26T09:21:02.329795+00:00,scheduler,1,0,453.9,11264.0,32,3.409
2026-06-26T09:21:07.341760+00:00,scheduler,0,0,691.9,11264.0,34,3.29
2026-06-26T09:21:07.341760+00:00,scheduler,1,0,453.9,11264.0,32,2.957
2026-06-26T09:21:12.354019+00:00,scheduler,0,0,691.9,11264.0,34,3.701
2026-06-26T09:21:12.354019+00:00,scheduler,1,0,453.9,11264.0,32,3.228
2026-06-26T09:21:17.366006+00:00,scheduler,0,0,691.9,11264.0,34,3.766
2026-06-26T09:21:17.366006+00:00,scheduler,1,0,453.9,11264.0,32,2.63
2026-06-26T09:21:22.378068+00:00,scheduler,0,0,691.9,11264.0,34,3.231
2026-06-26T09:21:22.378068+00:00,scheduler,1,0,453.9,11264.0,31,2.823
2026-06-26T09:21:27.390148+00:00,scheduler,0,0,691.9,11264.0,34,3.247
2026-06-26T09:21:27.390148+00:00,scheduler,1,0,453.9,11264.0,31,2.601
2026-06-26T09:21:32.402102+00:00,scheduler,0,0,691.9,11264.0,34,3.075
2026-06-26T09:21:32.402102+00:00,scheduler,1,0,453.9,11264.0,31,3.204
2026-06-26T09:21:37.414785+00:00,scheduler,0,0,691.9,11264.0,34,2.906
2026-06-26T09:21:37.414785+00:00,scheduler,1,0,453.9,11264.0,31,2.552
2026-06-26T09:21:42.427068+00:00,scheduler,0,1,847.9,11264.0,36,51.62
2026-06-26T09:21:42.427068+00:00,scheduler,1,0,453.9,11264.0,31,3.284
2026-06-26T09:21:47.435874+00:00,scheduler,0,0,847.9,11264.0,37,52.162
2026-06-26T09:21:47.435874+00:00,scheduler,1,0,453.9,11264.0,31,3.135
2026-06-26T09:21:52.444616+00:00,scheduler,0,0,847.9,11264.0,38,53.282
2026-06-26T09:21:52.444616+00:00,scheduler,1,0,453.9,11264.0,31,3.102
2026-06-26T09:21:57.453147+00:00,scheduler,0,0,847.9,11264.0,38,52.81
2026-06-26T09:21:57.453147+00:00,scheduler,1,0,453.9,11264.0,31,3.093
2026-06-26T09:22:02.461810+00:00,scheduler,0,0,847.9,11264.0,35,3.232
2026-06-26T09:22:02.461810+00:00,scheduler,1,0,453.9,11264.0,31,3.274
2026-06-26T09:22:07.474744+00:00,scheduler,0,0,847.9,11264.0,35,2.927
2026-06-26T09:22:07.474744+00:00,scheduler,1,0,453.9,11264.0,31,3.107
2026-06-26T09:22:12.487287+00:00,scheduler,0,0,847.9,11264.0,35,3.211
2026-06-26T09:22:12.487287+00:00,scheduler,1,0,453.9,11264.0,31,3.324
2026-06-26T09:22:17.499615+00:00,scheduler,0,0,847.9,11264.0,34,2.905
2026-06-26T09:22:17.499615+00:00,scheduler,1,0,453.9,11264.0,31,3.243
2026-06-26T09:22:22.512386+00:00,scheduler,0,0,847.9,11264.0,34,3.304
2026-06-26T09:22:22.512386+00:00,scheduler,1,0,453.9,11264.0,31,3.147
2026-06-26T09:22:27.524767+00:00,scheduler,0,0,847.9,11264.0,34,3.447
2026-06-26T09:22:27.524767+00:00,scheduler,1,0,453.9,11264.0,31,3.186
2026-06-26T09:22:32.537199+00:00,scheduler,0,3,2523.9,11264.0,37,52.847
2026-06-26T09:22:32.537199+00:00,scheduler,1,0,453.9,11264.0,31,3.742
2026-06-26T09:22:37.546110+00:00,scheduler,0,3,4415.9,11264.0,38,53.717
2026-06-26T09:22:37.546110+00:00,scheduler,1,0,453.9,11264.0,31,3.451
2026-06-26T09:22:42.555413+00:00,scheduler,0,3,6199.9,11264.0,38,52.682
2026-06-26T09:22:42.555413+00:00,scheduler,1,0,453.9,11264.0,31,3.748
2026-06-26T09:22:47.564466+00:00,scheduler,0,3,8139.9,11264.0,38,53.144
2026-06-26T09:22:47.564466+00:00,scheduler,1,0,453.9,11264.0,31,3.063
2026-06-26T09:22:52.573275+00:00,scheduler,0,29,9009.9,11264.0,42,76.857
2026-06-26T09:22:52.573275+00:00,scheduler,1,0,453.9,11264.0,31,3.589
2026-06-26T09:22:57.582900+00:00,scheduler,0,9,9009.9,11264.0,40,54.136
2026-06-26T09:22:57.582900+00:00,scheduler,1,0,453.9,11264.0,31,3.398
2026-06-26T09:23:02.591770+00:00,scheduler,0,4,2389.9,11264.0,40,53.923
2026-06-26T09:23:02.591770+00:00,scheduler,1,0,453.9,11264.0,31,3.768
2026-06-26T09:23:07.600740+00:00,scheduler,0,3,4297.9,11264.0,40,54.223
2026-06-26T09:23:07.600740+00:00,scheduler,1,0,453.9,11264.0,31,3.363
2026-06-26T09:23:12.609667+00:00,scheduler,0,4,6403.9,11264.0,40,53.696
2026-06-26T09:23:12.609667+00:00,scheduler,1,0,453.9,11264.0,31,3.276
2026-06-26T09:23:17.618601+00:00,scheduler,0,4,8347.9,11264.0,40,53.796
2026-06-26T09:23:17.618601+00:00,scheduler,1,0,453.9,11264.0,30,3.541
2026-06-26T09:23:22.627755+00:00,scheduler,0,100,11163.9,11264.0,48,249.446
2026-06-26T09:23:22.627755+00:00,scheduler,1,0,453.9,11264.0,30,3.924
2026-06-26T09:23:27.637818+00:00,scheduler,0,100,11165.9,11264.0,50,239.955
2026-06-26T09:23:27.637818+00:00,scheduler,1,0,453.9,11264.0,30,3.27
2026-06-26T09:23:32.646712+00:00,scheduler,0,100,11165.9,11264.0,51,246.482
2026-06-26T09:23:32.646712+00:00,scheduler,1,0,453.9,11264.0,30,3.376
2026-06-26T09:23:37.658574+00:00,scheduler,0,100,11165.9,11264.0,52,244.857
2026-06-26T09:23:37.658574+00:00,scheduler,1,0,453.9,11264.0,30,3.476
2026-06-26T09:23:42.668461+00:00,scheduler,0,100,11165.9,11264.0,53,252.093
2026-06-26T09:23:42.668461+00:00,scheduler,1,0,453.9,11264.0,30,3.532
2026-06-26T09:23:47.678235+00:00,scheduler,0,100,11165.9,11264.0,54,247.586
2026-06-26T09:23:47.678235+00:00,scheduler,1,0,453.9,11264.0,30,3.843
2026-06-26T09:23:52.688432+00:00,scheduler,0,100,11165.9,11264.0,55,253.4
2026-06-26T09:23:52.688432+00:00,scheduler,1,0,453.9,11264.0,30,3.588
2026-06-26T09:23:57.697314+00:00,scheduler,0,100,11165.9,11264.0,55,245.683
2026-06-26T09:23:57.697314+00:00,scheduler,1,0,453.9,11264.0,30,3.52
2026-06-26T09:24:02.706227+00:00,scheduler,0,100,11165.9,11264.0,56,244.728
2026-06-26T09:24:02.706227+00:00,scheduler,1,0,453.9,11264.0,30,3.251
2026-06-26T09:24:07.715957+00:00,scheduler,0,100,11165.9,11264.0,57,238.997
2026-06-26T09:24:07.715957+00:00,scheduler,1,0,453.9,11264.0,30,3.882
2026-06-26T09:24:12.727160+00:00,scheduler,0,100,11165.9,11264.0,57,253.859
2026-06-26T09:24:12.727160+00:00,scheduler,1,0,609.9,11264.0,33,50.464
2026-06-26T09:24:17.732672+00:00,scheduler,0,100,11165.9,11264.0,58,241.483
2026-06-26T09:24:17.732672+00:00,scheduler,1,0,609.9,11264.0,34,50.954
2026-06-26T09:24:22.738055+00:00,scheduler,0,100,11165.9,11264.0,58,239.225
2026-06-26T09:24:22.738055+00:00,scheduler,1,0,609.9,11264.0,34,50.731
2026-06-26T09:24:27.744294+00:00,scheduler,0,100,11165.9,11264.0,58,250.142
2026-06-26T09:24:27.744294+00:00,scheduler,1,0,609.9,11264.0,34,14.418
2026-06-26T09:24:32.752902+00:00,scheduler,0,100,11165.9,11264.0,59,246.952
2026-06-26T09:24:32.752902+00:00,scheduler,1,0,609.9,11264.0,32,3.211
2026-06-26T09:24:37.763458+00:00,scheduler,0,100,11165.9,11264.0,59,242.118
2026-06-26T09:24:37.763458+00:00,scheduler,1,0,609.9,11264.0,32,4.176
2026-06-26T09:24:42.772445+00:00,scheduler,0,100,11165.9,11264.0,59,246.977
2026-06-26T09:24:42.772445+00:00,scheduler,1,0,609.9,11264.0,31,3.648
2026-06-26T09:24:47.782966+00:00,scheduler,0,100,11165.9,11264.0,59,252.627
2026-06-26T09:24:47.782966+00:00,scheduler,1,0,609.9,11264.0,31,2.505
2026-06-26T09:24:52.792237+00:00,scheduler,0,100,11165.9,11264.0,59,243.104
2026-06-26T09:24:52.792237+00:00,scheduler,1,0,609.9,11264.0,31,2.671
2026-06-26T09:24:57.803447+00:00,scheduler,0,100,11165.9,11264.0,59,252.228
2026-06-26T09:24:57.803447+00:00,scheduler,1,21,7281.9,11264.0,34,51.21
2026-06-26T09:25:02.811913+00:00,scheduler,0,100,11165.9,11264.0,59,239.389
2026-06-26T09:25:02.811913+00:00,scheduler,1,8,8771.9,11264.0,37,50.917
2026-06-26T09:25:07.833813+00:00,scheduler,0,100,11165.9,11264.0,59,246.422
2026-06-26T09:25:07.833813+00:00,scheduler,1,10,5611.9,11264.0,36,52.432
2026-06-26T09:25:12.846180+00:00,scheduler,0,100,11165.9,11264.0,59,247.557
2026-06-26T09:25:12.846180+00:00,scheduler,1,100,10925.9,11264.0,44,250.265
2026-06-26T09:25:17.851862+00:00,scheduler,0,100,11165.9,11264.0,59,242.26
2026-06-26T09:25:17.851862+00:00,scheduler,1,100,10927.9,11264.0,45,246.497
2026-06-26T09:25:22.859906+00:00,scheduler,0,100,11165.9,11264.0,59,244.704
2026-06-26T09:25:22.859906+00:00,scheduler,1,100,10927.9,11264.0,47,248.626
2026-06-26T09:25:27.868540+00:00,scheduler,0,8,11165.9,11264.0,55,86.599
2026-06-26T09:25:27.868540+00:00,scheduler,1,100,10927.9,11264.0,48,243.964
2026-06-26T09:25:32.875135+00:00,scheduler,0,18,1123.9,11264.0,52,59.538
2026-06-26T09:25:32.875135+00:00,scheduler,1,100,10927.9,11264.0,49,255.691
2026-06-26T09:25:37.880852+00:00,scheduler,0,0,905.9,11264.0,51,57.407
2026-06-26T09:25:37.880852+00:00,scheduler,1,100,10927.9,11264.0,50,248.543
2026-06-26T09:25:42.889696+00:00,scheduler,0,0,905.9,11264.0,50,57.021
2026-06-26T09:25:42.889696+00:00,scheduler,1,100,10927.9,11264.0,51,246.989
2026-06-26T09:25:47.896574+00:00,scheduler,0,0,905.9,11264.0,49,56.948
2026-06-26T09:25:47.896574+00:00,scheduler,1,100,10927.9,11264.0,52,250.846
2026-06-26T09:25:52.904619+00:00,scheduler,0,0,905.9,11264.0,46,3.956
2026-06-26T09:25:52.904619+00:00,scheduler,1,100,10927.9,11264.0,53,245.199
2026-06-26T09:25:57.914066+00:00,scheduler,0,0,905.9,11264.0,45,3.884
2026-06-26T09:25:57.914066+00:00,scheduler,1,100,10927.9,11264.0,54,243.131
2026-06-26T09:26:02.923229+00:00,scheduler,0,0,905.9,11264.0,44,3.784
2026-06-26T09:26:02.923229+00:00,scheduler,1,100,10927.9,11264.0,55,237.954
2026-06-26T09:26:07.933309+00:00,scheduler,0,0,905.9,11264.0,43,3.68
2026-06-26T09:26:07.933309+00:00,scheduler,1,100,10927.9,11264.0,55,253.846
2026-06-26T09:26:12.944537+00:00,scheduler,0,0,905.9,11264.0,42,3.618
2026-06-26T09:26:12.944537+00:00,scheduler,1,100,10927.9,11264.0,56,240.635
2026-06-26T09:26:17.953491+00:00,scheduler,0,0,905.9,11264.0,41,2.679
2026-06-26T09:26:17.953491+00:00,scheduler,1,100,10927.9,11264.0,56,249.095
2026-06-26T09:26:22.962568+00:00,scheduler,0,0,903.9,11264.0,40,3.683
2026-06-26T09:26:22.962568+00:00,scheduler,1,100,10927.9,11264.0,56,240.706
2026-06-26T09:26:27.972141+00:00,scheduler,0,0,903.9,11264.0,40,3.026
2026-06-26T09:26:27.972141+00:00,scheduler,1,100,10927.9,11264.0,57,250.075
2026-06-26T09:26:32.980973+00:00,scheduler,0,0,903.9,11264.0,39,3.184
2026-06-26T09:26:32.980973+00:00,scheduler,1,100,10927.9,11264.0,57,248.147
2026-06-26T09:26:37.990122+00:00,scheduler,0,0,903.9,11264.0,39,2.313
2026-06-26T09:26:37.990122+00:00,scheduler,1,100,10927.9,11264.0,57,242.86
2026-06-26T09:26:42.999065+00:00,scheduler,0,0,903.9,11264.0,38,2.677
2026-06-26T09:26:42.999065+00:00,scheduler,1,100,10927.9,11264.0,57,245.9
2026-06-26T09:26:48.008009+00:00,scheduler,0,0,903.9,11264.0,38,2.894
2026-06-26T09:26:48.008009+00:00,scheduler,1,100,10927.9,11264.0,57,243.835
2026-06-26T09:26:53.016822+00:00,scheduler,0,0,903.9,11264.0,38,2.769
2026-06-26T09:26:53.016822+00:00,scheduler,1,100,10927.9,11264.0,57,251.059
2026-06-26T09:26:58.025626+00:00,scheduler,0,0,903.9,11264.0,37,2.721
2026-06-26T09:26:58.025626+00:00,scheduler,1,100,10927.9,11264.0,57,248.91
2026-06-26T09:27:03.034414+00:00,scheduler,0,0,903.9,11264.0,37,3.253
2026-06-26T09:27:03.034414+00:00,scheduler,1,100,10927.9,11264.0,57,242.478
2026-06-26T09:27:08.043254+00:00,scheduler,0,0,903.9,11264.0,37,2.661
2026-06-26T09:27:08.043254+00:00,scheduler,1,100,10927.9,11264.0,57,244.59
2026-06-26T09:27:13.052198+00:00,scheduler,0,0,903.9,11264.0,37,2.816
2026-06-26T09:27:13.052198+00:00,scheduler,1,100,10927.9,11264.0,58,247.459
2026-06-26T09:27:18.061033+00:00,scheduler,0,0,903.9,11264.0,37,3.132
2026-06-26T09:27:18.061033+00:00,scheduler,1,100,10927.9,11264.0,57,239.253
2026-06-26T09:27:23.069811+00:00,scheduler,0,0,903.9,11264.0,36,2.765
2026-06-26T09:27:23.069811+00:00,scheduler,1,11,10927.9,11264.0,51,56.308
2026-06-26T09:27:28.085391+00:00,scheduler,0,1,1645.9,11264.0,38,53.186
2026-06-26T09:27:28.085391+00:00,scheduler,1,1,10927.9,11264.0,49,55.795
2026-06-26T09:27:33.090871+00:00,scheduler,0,1,1645.9,11264.0,40,53.225
2026-06-26T09:27:33.090871+00:00,scheduler,1,1,10927.9,11264.0,48,54.937
2026-06-26T09:27:38.098824+00:00,scheduler,0,1,2033.9,11264.0,40,53.411
2026-06-26T09:27:38.098824+00:00,scheduler,1,1,10927.9,11264.0,47,54.515
2026-06-26T09:27:43.108127+00:00,scheduler,0,1,2441.9,11264.0,40,54.08
2026-06-26T09:27:43.108127+00:00,scheduler,1,1,10927.9,11264.0,46,54.437
2026-06-26T09:27:48.117787+00:00,scheduler,0,1,3013.9,11264.0,40,53.197
2026-06-26T09:27:48.117787+00:00,scheduler,1,15,4985.9,11264.0,51,250.013
2026-06-26T09:27:53.129685+00:00,scheduler,0,1,3537.9,11264.0,41,53.618
2026-06-26T09:27:53.129685+00:00,scheduler,1,11,885.9,11264.0,46,58.233
2026-06-26T09:27:58.135560+00:00,scheduler,0,1,4177.9,11264.0,41,53.747
2026-06-26T09:27:58.135560+00:00,scheduler,1,0,885.9,11264.0,44,53.883
2026-06-26T09:28:03.141054+00:00,scheduler,0,1,4809.9,11264.0,41,53.783
2026-06-26T09:28:03.141054+00:00,scheduler,1,0,885.9,11264.0,44,53.667
2026-06-26T09:28:08.146417+00:00,scheduler,0,2,5865.9,11264.0,41,53.724
2026-06-26T09:28:08.146417+00:00,scheduler,1,0,885.9,11264.0,42,4.448
2026-06-26T09:28:13.157332+00:00,scheduler,0,1,6749.9,11264.0,41,54.0
2026-06-26T09:28:13.157332+00:00,scheduler,1,0,885.9,11264.0,40,4.023
2026-06-26T09:28:18.166444+00:00,scheduler,0,1,7417.9,11264.0,41,54.189
2026-06-26T09:28:18.166444+00:00,scheduler,1,0,885.9,11264.0,39,3.951
2026-06-26T09:28:23.175452+00:00,scheduler,0,1,8077.9,11264.0,41,54.164
2026-06-26T09:28:23.175452+00:00,scheduler,1,0,885.9,11264.0,38,4.143
2026-06-26T09:28:28.190141+00:00,scheduler,0,1,8839.9,11264.0,44,143.697
2026-06-26T09:28:28.190141+00:00,scheduler,1,0,885.9,11264.0,38,4.357
2026-06-26T09:28:33.200179+00:00,scheduler,0,2,9009.9,11264.0,43,54.926
2026-06-26T09:28:33.200179+00:00,scheduler,1,0,885.9,11264.0,37,3.842
2026-06-26T09:28:38.209142+00:00,scheduler,0,2,9009.9,11264.0,42,55.028
2026-06-26T09:28:38.209142+00:00,scheduler,1,0,667.9,11264.0,37,4.283
2026-06-26T09:28:43.221993+00:00,scheduler,0,2,9009.9,11264.0,42,55.147
2026-06-26T09:28:43.221993+00:00,scheduler,1,0,667.9,11264.0,36,3.903
2026-06-26T09:28:48.231988+00:00,scheduler,0,4,9009.9,11264.0,42,54.737
2026-06-26T09:28:48.231988+00:00,scheduler,1,0,667.9,11264.0,36,4.325
2026-06-26T09:28:53.243866+00:00,scheduler,0,2,9009.9,11264.0,42,54.57
2026-06-26T09:28:53.243866+00:00,scheduler,1,0,667.9,11264.0,36,4.202
2026-06-26T09:28:58.254903+00:00,scheduler,0,21,1327.9,11264.0,44,76.167
2026-06-26T09:28:58.254903+00:00,scheduler,1,0,667.9,11264.0,35,3.841
2026-06-26T09:29:03.264234+00:00,scheduler,0,2,2515.9,11264.0,43,54.757
2026-06-26T09:29:03.264234+00:00,scheduler,1,0,667.9,11264.0,35,3.991
2026-06-26T09:29:08.273774+00:00,scheduler,0,2,3901.9,11264.0,43,54.831
2026-06-26T09:29:08.273774+00:00,scheduler,1,0,667.9,11264.0,35,3.416
2026-06-26T09:29:13.286885+00:00,scheduler,0,2,5233.9,11264.0,42,54.97
2026-06-26T09:29:13.286885+00:00,scheduler,1,0,667.9,11264.0,35,3.607
2026-06-26T09:29:18.298430+00:00,scheduler,0,1,6007.9,11264.0,42,54.933
2026-06-26T09:29:18.298430+00:00,scheduler,1,0,667.9,11264.0,34,3.365
2026-06-26T09:29:23.310934+00:00,scheduler,0,1,6871.9,11264.0,42,54.589
2026-06-26T09:29:23.310934+00:00,scheduler,1,0,667.9,11264.0,34,3.826
2026-06-26T09:29:28.320973+00:00,scheduler,0,1,7807.9,11264.0,43,54.759
2026-06-26T09:29:28.320973+00:00,scheduler,1,0,667.9,11264.0,34,3.064
2026-06-26T09:29:33.330387+00:00,scheduler,0,68,11165.9,11264.0,49,247.32
2026-06-26T09:29:33.330387+00:00,scheduler,1,0,667.9,11264.0,34,3.846
2026-06-26T09:29:38.339535+00:00,scheduler,0,100,11165.9,11264.0,51,248.021
2026-06-26T09:29:38.339535+00:00,scheduler,1,0,667.9,11264.0,34,3.638
2026-06-26T09:29:43.348672+00:00,scheduler,0,100,11167.9,11264.0,52,257.983
2026-06-26T09:29:43.348672+00:00,scheduler,1,0,665.9,11264.0,33,3.15
2026-06-26T09:29:48.358336+00:00,scheduler,0,100,11167.9,11264.0,53,249.562
2026-06-26T09:29:48.358336+00:00,scheduler,1,0,665.9,11264.0,33,3.49
2026-06-26T09:29:53.370360+00:00,scheduler,0,100,11167.9,11264.0,54,240.67
2026-06-26T09:29:53.370360+00:00,scheduler,1,0,665.9,11264.0,33,3.292
2026-06-26T09:29:58.380218+00:00,scheduler,0,100,11167.9,11264.0,55,251.727
2026-06-26T09:29:58.380218+00:00,scheduler,1,0,665.9,11264.0,33,3.447
2026-06-26T09:30:03.389404+00:00,scheduler,0,100,11167.9,11264.0,56,244.127
2026-06-26T09:30:03.389404+00:00,scheduler,1,0,665.9,11264.0,33,3.55
2026-06-26T09:30:08.398296+00:00,scheduler,0,100,11167.9,11264.0,56,244.591
2026-06-26T09:30:08.398296+00:00,scheduler,1,0,665.9,11264.0,33,3.329
2026-06-26T09:30:13.407726+00:00,scheduler,0,100,11167.9,11264.0,57,239.955
2026-06-26T09:30:13.407726+00:00,scheduler,1,0,665.9,11264.0,33,3.221
2026-06-26T09:30:18.419175+00:00,scheduler,0,100,11167.9,11264.0,58,243.376
2026-06-26T09:30:18.419175+00:00,scheduler,1,0,665.9,11264.0,33,3.163
2026-06-26T09:30:23.432181+00:00,scheduler,0,100,11167.9,11264.0,58,237.722
2026-06-26T09:30:23.432181+00:00,scheduler,1,0,665.9,11264.0,32,3.38
2026-06-26T09:30:28.442248+00:00,scheduler,0,100,11167.9,11264.0,59,253.182
2026-06-26T09:30:28.442248+00:00,scheduler,1,0,665.9,11264.0,32,3.759
2026-06-26T09:30:33.451231+00:00,scheduler,0,100,11167.9,11264.0,59,249.388
2026-06-26T09:30:33.451231+00:00,scheduler,1,0,665.9,11264.0,32,3.54
2026-06-26T09:30:38.460151+00:00,scheduler,0,100,11167.9,11264.0,59,248.0
2026-06-26T09:30:38.460151+00:00,scheduler,1,0,665.9,11264.0,32,3.577
2026-06-26T09:30:43.469235+00:00,scheduler,0,100,11167.9,11264.0,59,249.931
2026-06-26T09:30:43.469235+00:00,scheduler,1,0,665.9,11264.0,32,3.094
2026-06-26T09:30:48.479005+00:00,scheduler,0,100,11167.9,11264.0,59,253.665
2026-06-26T09:30:48.479005+00:00,scheduler,1,15,8771.9,11264.0,43,245.519
2026-06-26T09:30:53.487806+00:00,scheduler,0,100,11167.9,11264.0,59,246.361
2026-06-26T09:30:53.487806+00:00,scheduler,1,1,8771.9,11264.0,37,52.193
2026-06-26T09:30:58.500946+00:00,scheduler,0,100,11167.9,11264.0,60,251.435
2026-06-26T09:30:58.500946+00:00,scheduler,1,1,8771.9,11264.0,37,52.269
2026-06-26T09:31:03.513784+00:00,scheduler,0,100,11167.9,11264.0,60,248.245
2026-06-26T09:31:03.513784+00:00,scheduler,1,2,8771.9,11264.0,37,52.526
2026-06-26T09:31:08.526236+00:00,scheduler,0,100,11167.9,11264.0,60,247.919
2026-06-26T09:31:08.526236+00:00,scheduler,1,2,8771.9,11264.0,37,52.389
2026-06-26T09:31:13.533416+00:00,scheduler,0,100,11167.9,11264.0,60,244.548
2026-06-26T09:31:13.533416+00:00,scheduler,1,2,8771.9,11264.0,38,52.629
2026-06-26T09:31:18.540592+00:00,scheduler,0,100,11167.9,11264.0,60,253.978
2026-06-26T09:31:18.540592+00:00,scheduler,1,2,8771.9,11264.0,38,51.999
2026-06-26T09:31:23.550970+00:00,scheduler,0,100,11167.9,11264.0,60,246.564
2026-06-26T09:31:23.550970+00:00,scheduler,1,2,8771.9,11264.0,38,52.554
2026-06-26T09:31:28.556436+00:00,scheduler,0,100,11167.9,11264.0,60,249.171
2026-06-26T09:31:28.556436+00:00,scheduler,1,16,7407.9,11264.0,38,52.586
2026-06-26T09:31:33.565209+00:00,scheduler,0,100,11167.9,11264.0,60,243.308
2026-06-26T09:31:33.565209+00:00,scheduler,1,100,10927.9,11264.0,46,242.116
2026-06-26T09:31:38.573625+00:00,scheduler,0,100,11167.9,11264.0,60,245.006
2026-06-26T09:31:38.573625+00:00,scheduler,1,100,10927.9,11264.0,48,247.699
2026-06-26T09:31:43.579054+00:00,scheduler,0,100,11167.9,11264.0,60,247.122
2026-06-26T09:31:43.579054+00:00,scheduler,1,100,10929.9,11264.0,49,242.835
2026-06-26T09:31:48.584594+00:00,scheduler,0,100,11167.9,11264.0,60,239.236
2026-06-26T09:31:48.584594+00:00,scheduler,1,100,10929.9,11264.0,50,242.556
2026-06-26T09:31:53.591534+00:00,scheduler,0,100,11167.9,11264.0,60,243.88
2026-06-26T09:31:53.591534+00:00,scheduler,1,100,10929.9,11264.0,51,258.134
2026-06-26T09:31:58.597204+00:00,scheduler,0,100,11167.9,11264.0,60,243.519
2026-06-26T09:31:58.597204+00:00,scheduler,1,100,10929.9,11264.0,52,251.102
2026-06-26T09:32:03.602509+00:00,scheduler,0,100,11167.9,11264.0,60,244.824
2026-06-26T09:32:03.602509+00:00,scheduler,1,100,10929.9,11264.0,53,251.825
2026-06-26T09:32:08.608607+00:00,scheduler,0,100,11167.9,11264.0,60,248.348
2026-06-26T09:32:08.608607+00:00,scheduler,1,100,10929.9,11264.0,54,245.975
2026-06-26T09:32:13.617432+00:00,scheduler,0,100,11167.9,11264.0,60,245.819
2026-06-26T09:32:13.617432+00:00,scheduler,1,100,10929.9,11264.0,54,241.758
2026-06-26T09:32:18.623073+00:00,scheduler,0,100,11167.9,11264.0,60,238.931
2026-06-26T09:32:18.623073+00:00,scheduler,1,100,10929.9,11264.0,55,248.077
2026-06-26T09:32:23.630225+00:00,scheduler,0,100,11167.9,11264.0,60,246.108
2026-06-26T09:32:23.630225+00:00,scheduler,1,100,10929.9,11264.0,56,241.098
2026-06-26T09:32:28.637377+00:00,scheduler,0,100,11167.9,11264.0,60,246.247
2026-06-26T09:32:28.637377+00:00,scheduler,1,100,10929.9,11264.0,56,246.203
2026-06-26T09:32:33.645868+00:00,scheduler,0,100,11167.9,11264.0,60,245.972
2026-06-26T09:32:33.645868+00:00,scheduler,1,100,10929.9,11264.0,56,250.229
2026-06-26T09:32:38.654998+00:00,scheduler,0,100,11167.9,11264.0,60,247.302
2026-06-26T09:32:38.654998+00:00,scheduler,1,100,10929.9,11264.0,56,255.408
2026-06-26T09:32:43.664061+00:00,scheduler,0,100,11167.9,11264.0,60,252.283
2026-06-26T09:32:43.664061+00:00,scheduler,1,100,10929.9,11264.0,57,246.678
2026-06-26T09:32:48.669566+00:00,scheduler,0,100,11167.9,11264.0,60,243.271
2026-06-26T09:32:48.669566+00:00,scheduler,1,100,10929.9,11264.0,57,245.335
2026-06-26T09:32:53.675913+00:00,scheduler,0,100,11167.9,11264.0,60,250.405
2026-06-26T09:32:53.675913+00:00,scheduler,1,100,10929.9,11264.0,57,245.453
2026-06-26T09:32:58.684799+00:00,scheduler,0,100,11167.9,11264.0,60,247.75
2026-06-26T09:32:58.684799+00:00,scheduler,1,100,10929.9,11264.0,57,259.121
2026-06-26T09:33:03.690233+00:00,scheduler,0,100,11167.9,11264.0,60,246.743
2026-06-26T09:33:03.690233+00:00,scheduler,1,100,10929.9,11264.0,57,248.637
2026-06-26T09:33:08.696703+00:00,scheduler,0,100,11167.9,11264.0,60,253.704
2026-06-26T09:33:08.696703+00:00,scheduler,1,100,10929.9,11264.0,57,244.241
2026-06-26T09:33:13.706326+00:00,scheduler,0,100,11167.9,11264.0,60,249.323
2026-06-26T09:33:13.706326+00:00,scheduler,1,100,10929.9,11264.0,57,244.483
2026-06-26T09:33:18.717421+00:00,scheduler,0,100,11167.9,11264.0,60,250.159
2026-06-26T09:33:18.717421+00:00,scheduler,1,100,10929.9,11264.0,57,246.122
2026-06-26T09:33:23.724249+00:00,scheduler,0,100,11167.9,11264.0,60,249.805
2026-06-26T09:33:23.724249+00:00,scheduler,1,100,10929.9,11264.0,57,254.831
2026-06-26T09:33:28.730531+00:00,scheduler,0,100,11167.9,11264.0,60,247.093
2026-06-26T09:33:28.730531+00:00,scheduler,1,100,10929.9,11264.0,57,248.065
2026-06-26T09:33:33.735952+00:00,scheduler,0,100,11167.9,11264.0,60,255.437
2026-06-26T09:33:33.735952+00:00,scheduler,1,100,10929.9,11264.0,57,249.796
2026-06-26T09:33:38.741426+00:00,scheduler,0,100,11167.9,11264.0,60,246.504
2026-06-26T09:33:38.741426+00:00,scheduler,1,100,10929.9,11264.0,57,249.459
2026-06-26T09:33:43.748994+00:00,scheduler,0,100,11167.9,11264.0,60,241.704
2026-06-26T09:33:43.748994+00:00,scheduler,1,100,10929.9,11264.0,57,246.574
2026-06-26T09:33:48.757365+00:00,scheduler,0,100,11167.9,11264.0,60,241.113
2026-06-26T09:33:48.757365+00:00,scheduler,1,100,10929.9,11264.0,57,248.958
2026-06-26T09:33:53.767239+00:00,scheduler,0,100,11167.9,11264.0,60,245.862
2026-06-26T09:33:53.767239+00:00,scheduler,1,100,10929.9,11264.0,57,246.744
2026-06-26T09:33:58.772653+00:00,scheduler,0,100,11167.9,11264.0,60,237.697
2026-06-26T09:33:58.772653+00:00,scheduler,1,100,10929.9,11264.0,57,246.492
2026-06-26T09:34:03.779590+00:00,scheduler,0,100,11167.9,11264.0,60,249.0
2026-06-26T09:34:03.779590+00:00,scheduler,1,100,10929.9,11264.0,57,244.86
2026-06-26T09:34:08.787829+00:00,scheduler,0,100,11167.9,11264.0,60,239.765
2026-06-26T09:34:08.787829+00:00,scheduler,1,100,10929.9,11264.0,57,256.161
2026-06-26T09:34:13.795658+00:00,scheduler,0,100,11167.9,11264.0,60,244.362
2026-06-26T09:34:13.795658+00:00,scheduler,1,100,10929.9,11264.0,57,246.501
2026-06-26T09:34:18.801253+00:00,scheduler,0,100,11167.9,11264.0,60,251.727
2026-06-26T09:34:18.801253+00:00,scheduler,1,100,10929.9,11264.0,57,241.371
2026-06-26T09:34:23.806810+00:00,scheduler,0,100,11167.9,11264.0,60,240.831
2026-06-26T09:34:23.806810+00:00,scheduler,1,100,10929.9,11264.0,57,247.648
2026-06-26T09:34:28.812159+00:00,scheduler,0,100,11167.9,11264.0,60,248.861
2026-06-26T09:34:28.812159+00:00,scheduler,1,100,10929.9,11264.0,57,241.278
2026-06-26T09:34:33.820544+00:00,scheduler,0,100,11167.9,11264.0,60,247.219
2026-06-26T09:34:33.820544+00:00,scheduler,1,100,10929.9,11264.0,57,246.637
2026-06-26T09:34:38.827155+00:00,scheduler,0,100,11167.9,11264.0,60,246.466
2026-06-26T09:34:38.827155+00:00,scheduler,1,100,10929.9,11264.0,57,248.009
2026-06-26T09:34:43.834699+00:00,scheduler,0,100,11167.9,11264.0,60,246.614
2026-06-26T09:34:43.834699+00:00,scheduler,1,100,10929.9,11264.0,57,250.831
2026-06-26T09:34:48.841764+00:00,scheduler,0,100,11167.9,11264.0,60,249.162
2026-06-26T09:34:48.841764+00:00,scheduler,1,100,10929.9,11264.0,57,246.094
2026-06-26T09:34:53.848079+00:00,scheduler,0,100,11167.9,11264.0,60,244.815
2026-06-26T09:34:53.848079+00:00,scheduler,1,100,10929.9,11264.0,57,240.16
2026-06-26T09:34:58.853601+00:00,scheduler,0,100,11167.9,11264.0,60,243.777
2026-06-26T09:34:58.853601+00:00,scheduler,1,100,10929.9,11264.0,57,247.886
2026-06-26T09:35:03.860293+00:00,scheduler,0,100,11167.9,11264.0,60,247.598
2026-06-26T09:35:03.860293+00:00,scheduler,1,100,10929.9,11264.0,57,250.631
2026-06-26T09:35:08.871172+00:00,scheduler,0,100,11167.9,11264.0,60,250.631
2026-06-26T09:35:08.871172+00:00,scheduler,1,100,10929.9,11264.0,57,243.608
2026-06-26T09:35:13.879275+00:00,scheduler,0,100,11167.9,11264.0,60,246.098
2026-06-26T09:35:13.879275+00:00,scheduler,1,100,10929.9,11264.0,57,253.584
2026-06-26T09:35:18.887800+00:00,scheduler,0,1,11167.9,11264.0,53,57.704
2026-06-26T09:35:18.887800+00:00,scheduler,1,100,10929.9,11264.0,57,245.651
2026-06-26T09:35:23.907351+00:00,scheduler,0,2,11167.9,11264.0,52,57.397
2026-06-26T09:35:23.907351+00:00,scheduler,1,100,10929.9,11264.0,57,243.008
2026-06-26T09:35:28.924728+00:00,scheduler,0,1,11167.9,11264.0,50,57.285
2026-06-26T09:35:28.924728+00:00,scheduler,1,100,10929.9,11264.0,57,245.26
2026-06-26T09:35:33.938306+00:00,scheduler,0,1,11167.9,11264.0,49,57.098
2026-06-26T09:35:33.938306+00:00,scheduler,1,100,10929.9,11264.0,57,240.31
2026-06-26T09:35:38.950191+00:00,scheduler,0,1,11167.9,11264.0,49,57.042
2026-06-26T09:35:38.950191+00:00,scheduler,1,100,10929.9,11264.0,57,247.355
2026-06-26T09:35:43.964599+00:00,scheduler,0,1,11167.9,11264.0,48,57.022
2026-06-26T09:35:43.964599+00:00,scheduler,1,100,10929.9,11264.0,57,246.931
2026-06-26T09:35:48.970186+00:00,scheduler,0,1,11167.9,11264.0,47,56.741
2026-06-26T09:35:48.970186+00:00,scheduler,1,100,10929.9,11264.0,57,254.33
2026-06-26T09:35:54.013419+00:00,scheduler,0,1,11167.9,11264.0,47,56.696
2026-06-26T09:35:54.013419+00:00,scheduler,1,100,10929.9,11264.0,57,248.716
2026-06-26T09:35:59.022338+00:00,scheduler,0,100,5223.9,11264.0,51,243.556
2026-06-26T09:35:59.022338+00:00,scheduler,1,100,10929.9,11264.0,57,247.006
2026-06-26T09:36:04.028032+00:00,scheduler,0,0,1867.9,11264.0,47,56.541
2026-06-26T09:36:04.028032+00:00,scheduler,1,100,10929.9,11264.0,57,245.114
2026-06-26T09:36:09.033551+00:00,scheduler,0,0,1867.9,11264.0,46,56.38
2026-06-26T09:36:09.033551+00:00,scheduler,1,100,10929.9,11264.0,57,246.556
2026-06-26T09:36:14.039740+00:00,scheduler,0,0,1867.9,11264.0,46,56.389
2026-06-26T09:36:14.039740+00:00,scheduler,1,100,10929.9,11264.0,57,249.528
2026-06-26T09:36:19.046482+00:00,scheduler,0,0,1867.9,11264.0,46,55.799
2026-06-26T09:36:19.046482+00:00,scheduler,1,100,10929.9,11264.0,57,247.854
2026-06-26T09:36:24.053455+00:00,scheduler,0,0,1867.9,11264.0,45,55.954
2026-06-26T09:36:24.053455+00:00,scheduler,1,100,10929.9,11264.0,57,249.34
2026-06-26T09:36:29.062090+00:00,scheduler,0,0,1955.9,11264.0,45,55.796
2026-06-26T09:36:29.062090+00:00,scheduler,1,100,10929.9,11264.0,58,246.482
2026-06-26T09:36:34.067936+00:00,scheduler,0,0,2051.9,11264.0,45,55.66
2026-06-26T09:36:34.067936+00:00,scheduler,1,100,10929.9,11264.0,57,247.491
2026-06-26T09:36:39.074343+00:00,scheduler,0,0,2235.9,11264.0,45,55.781
2026-06-26T09:36:39.074343+00:00,scheduler,1,100,10929.9,11264.0,58,250.315
2026-06-26T09:36:44.079892+00:00,scheduler,0,0,2391.9,11264.0,45,55.47
2026-06-26T09:36:44.079892+00:00,scheduler,1,100,10929.9,11264.0,57,243.91
2026-06-26T09:36:49.087936+00:00,scheduler,0,0,2575.9,11264.0,44,55.213
2026-06-26T09:36:49.087936+00:00,scheduler,1,100,10929.9,11264.0,57,239.171
2026-06-26T09:36:54.097155+00:00,scheduler,0,0,2779.9,11264.0,44,55.486
2026-06-26T09:36:54.097155+00:00,scheduler,1,100,10929.9,11264.0,58,250.769
2026-06-26T09:36:59.102536+00:00,scheduler,0,0,2915.9,11264.0,44,55.845
2026-06-26T09:36:59.102536+00:00,scheduler,1,100,10929.9,11264.0,58,242.355
2026-06-26T09:37:04.107857+00:00,scheduler,0,0,3071.9,11264.0,44,55.345
2026-06-26T09:37:04.107857+00:00,scheduler,1,100,10929.9,11264.0,58,255.684
2026-06-26T09:37:09.113146+00:00,scheduler,0,0,3235.9,11264.0,44,55.394
2026-06-26T09:37:09.113146+00:00,scheduler,1,100,10929.9,11264.0,57,247.606
2026-06-26T09:37:14.121301+00:00,scheduler,0,0,3399.9,11264.0,44,55.373
2026-06-26T09:37:14.121301+00:00,scheduler,1,100,10929.9,11264.0,57,254.368
2026-06-26T09:37:19.130078+00:00,scheduler,0,0,3459.9,11264.0,44,55.456
2026-06-26T09:37:19.130078+00:00,scheduler,1,3,10929.9,11264.0,51,56.64
2026-06-26T09:37:24.135701+00:00,scheduler,0,0,3603.9,11264.0,44,55.095
2026-06-26T09:37:24.135701+00:00,scheduler,1,8,10929.9,11264.0,49,56.067
2026-06-26T09:37:29.142949+00:00,scheduler,0,0,3691.9,11264.0,44,55.717
2026-06-26T09:37:29.142949+00:00,scheduler,1,10,887.9,11264.0,50,75.623
2026-06-26T09:37:34.149725+00:00,scheduler,0,0,3787.9,11264.0,44,55.582
2026-06-26T09:37:34.149725+00:00,scheduler,1,0,1629.9,11264.0,47,55.297
2026-06-26T09:37:39.159343+00:00,scheduler,0,0,3943.9,11264.0,44,55.121
2026-06-26T09:37:39.159343+00:00,scheduler,1,0,1629.9,11264.0,46,54.922
2026-06-26T09:37:44.171824+00:00,scheduler,0,0,4031.9,11264.0,44,55.356
2026-06-26T09:37:44.171824+00:00,scheduler,1,1,1629.9,11264.0,46,54.369
2026-06-26T09:37:49.177073+00:00,scheduler,0,0,4175.9,11264.0,43,55.295
2026-06-26T09:37:49.177073+00:00,scheduler,1,1,1669.9,11264.0,45,54.289
2026-06-26T09:37:54.182283+00:00,scheduler,0,0,4283.9,11264.0,43,55.228
2026-06-26T09:37:54.182283+00:00,scheduler,1,1,2289.9,11264.0,44,54.186
2026-06-26T09:37:59.187562+00:00,scheduler,0,0,4399.9,11264.0,43,55.287
2026-06-26T09:37:59.187562+00:00,scheduler,1,1,2881.9,11264.0,44,53.765
2026-06-26T09:38:04.192906+00:00,scheduler,0,0,4563.9,11264.0,43,55.291
2026-06-26T09:38:04.192906+00:00,scheduler,1,1,3269.9,11264.0,43,53.344
2026-06-26T09:38:09.198262+00:00,scheduler,0,0,4719.9,11264.0,43,55.137
2026-06-26T09:38:09.198262+00:00,scheduler,1,1,3753.9,11264.0,43,53.161
2026-06-26T09:38:14.203513+00:00,scheduler,0,0,4855.9,11264.0,43,55.184
2026-06-26T09:38:14.203513+00:00,scheduler,1,1,4229.9,11264.0,43,52.817
2026-06-26T09:38:19.210078+00:00,scheduler,0,0,4971.9,11264.0,43,55.632
2026-06-26T09:38:19.210078+00:00,scheduler,1,1,4869.9,11264.0,43,53.013
2026-06-26T09:38:24.215215+00:00,scheduler,0,0,5107.9,11264.0,43,55.004
2026-06-26T09:38:24.215215+00:00,scheduler,1,1,5345.9,11264.0,42,52.982
2026-06-26T09:38:29.220410+00:00,scheduler,0,0,5243.9,11264.0,43,55.281
2026-06-26T09:38:29.220410+00:00,scheduler,1,1,5877.9,11264.0,42,52.693
2026-06-26T09:38:34.225706+00:00,scheduler,0,0,5447.9,11264.0,43,54.931
2026-06-26T09:38:34.225706+00:00,scheduler,1,1,6421.9,11264.0,42,52.915
2026-06-26T09:38:39.230965+00:00,scheduler,0,0,5543.9,11264.0,43,55.476
2026-06-26T09:38:39.230965+00:00,scheduler,1,0,6877.9,11264.0,42,52.468
2026-06-26T09:38:44.236411+00:00,scheduler,0,0,5679.9,11264.0,43,55.212
2026-06-26T09:38:44.236411+00:00,scheduler,1,1,7449.9,11264.0,42,52.264
2026-06-26T09:38:49.241716+00:00,scheduler,0,0,5835.9,11264.0,43,55.406
2026-06-26T09:38:49.241716+00:00,scheduler,1,1,7973.9,11264.0,42,53.168
2026-06-26T09:38:54.247141+00:00,scheduler,0,0,5931.9,11264.0,43,55.046
2026-06-26T09:38:54.247141+00:00,scheduler,1,1,8409.9,11264.0,41,52.597
2026-06-26T09:38:59.252588+00:00,scheduler,0,0,6115.9,11264.0,43,54.974
2026-06-26T09:38:59.252588+00:00,scheduler,1,23,8763.9,11264.0,44,74.581
2026-06-26T09:39:04.258003+00:00,scheduler,0,0,6319.9,11264.0,43,55.134
2026-06-26T09:39:04.258003+00:00,scheduler,1,7,8763.9,11264.0,42,53.215
2026-06-26T09:39:09.264797+00:00,scheduler,0,0,6503.9,11264.0,43,55.115
2026-06-26T09:39:09.264797+00:00,scheduler,1,100,10927.9,11264.0,49,250.813
2026-06-26T09:39:14.272730+00:00,scheduler,0,0,6747.9,11264.0,43,54.604
2026-06-26T09:39:14.272730+00:00,scheduler,1,100,10927.9,11264.0,50,248.025
2026-06-26T09:39:19.278191+00:00,scheduler,0,0,6999.9,11264.0,43,55.076
2026-06-26T09:39:19.278191+00:00,scheduler,1,100,10929.9,11264.0,51,248.978
2026-06-26T09:39:24.283686+00:00,scheduler,0,0,7183.9,11264.0,43,54.722
2026-06-26T09:39:24.283686+00:00,scheduler,1,100,10929.9,11264.0,52,254.088
2026-06-26T09:39:29.290770+00:00,scheduler,0,0,7435.9,11264.0,43,55.041
2026-06-26T09:39:29.290770+00:00,scheduler,1,100,10929.9,11264.0,53,249.503
2026-06-26T09:39:34.296215+00:00,scheduler,0,0,7619.9,11264.0,43,54.88
2026-06-26T09:39:34.296215+00:00,scheduler,1,100,10929.9,11264.0,54,241.103
2026-06-26T09:39:39.302606+00:00,scheduler,0,0,7823.9,11264.0,43,54.821
2026-06-26T09:39:39.302606+00:00,scheduler,1,100,10929.9,11264.0,55,249.203
2026-06-26T09:39:44.308202+00:00,scheduler,0,0,8007.9,11264.0,43,54.895
2026-06-26T09:39:44.308202+00:00,scheduler,1,100,10929.9,11264.0,55,246.611
2026-06-26T09:39:49.313557+00:00,scheduler,0,0,8211.9,11264.0,43,55.182
2026-06-26T09:39:49.313557+00:00,scheduler,1,100,10929.9,11264.0,55,251.895
2026-06-26T09:39:54.320338+00:00,scheduler,0,0,8395.9,11264.0,43,54.548
2026-06-26T09:39:54.320338+00:00,scheduler,1,100,10929.9,11264.0,56,246.41
2026-06-26T09:39:59.327252+00:00,scheduler,0,0,8551.9,11264.0,43,54.874
2026-06-26T09:39:59.327252+00:00,scheduler,1,100,10929.9,11264.0,56,249.678
2026-06-26T09:40:04.334700+00:00,scheduler,0,64,9001.9,11264.0,49,249.436
2026-06-26T09:40:04.334700+00:00,scheduler,1,100,10929.9,11264.0,56,255.098
2026-06-26T09:40:09.342283+00:00,scheduler,0,10,9001.9,11264.0,44,55.83
2026-06-26T09:40:09.342283+00:00,scheduler,1,100,10929.9,11264.0,57,246.227
2026-06-26T09:40:14.353312+00:00,scheduler,0,1,1281.9,11264.0,44,55.786
2026-06-26T09:40:14.353312+00:00,scheduler,1,100,10929.9,11264.0,57,256.301
2026-06-26T09:40:19.359988+00:00,scheduler,0,1,1741.9,11264.0,44,55.759
2026-06-26T09:40:19.359988+00:00,scheduler,1,100,10929.9,11264.0,57,249.639
2026-06-26T09:40:24.367237+00:00,scheduler,0,1,2209.9,11264.0,44,55.42
2026-06-26T09:40:24.367237+00:00,scheduler,1,100,10929.9,11264.0,57,254.985
2026-06-26T09:40:29.373942+00:00,scheduler,0,21,7573.9,11264.0,43,55.422
2026-06-26T09:40:29.373942+00:00,scheduler,1,100,10929.9,11264.0,57,245.766
2026-06-26T09:40:34.382161+00:00,scheduler,0,100,11165.9,11264.0,51,249.312
2026-06-26T09:40:34.382161+00:00,scheduler,1,100,10929.9,11264.0,57,241.763
2026-06-26T09:40:39.391190+00:00,scheduler,0,100,11167.9,11264.0,52,236.111
2026-06-26T09:40:39.391190+00:00,scheduler,1,100,10929.9,11264.0,57,256.722
2026-06-26T09:40:44.398664+00:00,scheduler,0,100,11167.9,11264.0,53,246.891
2026-06-26T09:40:44.398664+00:00,scheduler,1,100,10929.9,11264.0,57,250.827
2026-06-26T09:40:49.407885+00:00,scheduler,0,100,11167.9,11264.0,54,243.867
2026-06-26T09:40:49.407885+00:00,scheduler,1,100,10929.9,11264.0,57,250.286
2026-06-26T09:40:54.414170+00:00,scheduler,0,100,11167.9,11264.0,55,246.058
2026-06-26T09:40:54.414170+00:00,scheduler,1,100,10929.9,11264.0,57,250.491
2026-06-26T09:40:59.424902+00:00,scheduler,0,100,11167.9,11264.0,56,244.218
2026-06-26T09:40:59.424902+00:00,scheduler,1,100,10929.9,11264.0,57,249.554
2026-06-26T09:41:04.430201+00:00,scheduler,0,100,11167.9,11264.0,57,242.065
2026-06-26T09:41:04.430201+00:00,scheduler,1,100,10929.9,11264.0,57,249.931
2026-06-26T09:41:09.440222+00:00,scheduler,0,100,11167.9,11264.0,58,247.207
2026-06-26T09:41:09.440222+00:00,scheduler,1,100,10929.9,11264.0,57,247.185
2026-06-26T09:41:14.446976+00:00,scheduler,0,100,11167.9,11264.0,58,246.215
2026-06-26T09:41:14.446976+00:00,scheduler,1,100,10929.9,11264.0,57,251.055
2026-06-26T09:41:19.453365+00:00,scheduler,0,100,11167.9,11264.0,58,246.752
2026-06-26T09:41:19.453365+00:00,scheduler,1,100,10929.9,11264.0,57,249.004
2026-06-26T09:41:24.463103+00:00,scheduler,0,100,11167.9,11264.0,59,236.603
2026-06-26T09:41:24.463103+00:00,scheduler,1,100,10929.9,11264.0,57,240.919
2026-06-26T09:41:29.468347+00:00,scheduler,0,100,11167.9,11264.0,59,252.208
2026-06-26T09:41:29.468347+00:00,scheduler,1,100,10929.9,11264.0,57,247.327
2026-06-26T09:41:34.476652+00:00,scheduler,0,100,11167.9,11264.0,59,246.429
2026-06-26T09:41:34.476652+00:00,scheduler,1,100,10929.9,11264.0,58,247.585
2026-06-26T09:41:39.484427+00:00,scheduler,0,100,11167.9,11264.0,59,247.008
2026-06-26T09:41:39.484427+00:00,scheduler,1,100,10929.9,11264.0,57,247.449
2026-06-26T09:41:44.494705+00:00,scheduler,0,100,11167.9,11264.0,60,244.567
2026-06-26T09:41:44.494705+00:00,scheduler,1,100,10929.9,11264.0,57,253.335
2026-06-26T09:41:49.502433+00:00,scheduler,0,100,11167.9,11264.0,60,244.086
2026-06-26T09:41:49.502433+00:00,scheduler,1,100,10929.9,11264.0,57,248.637
2026-06-26T09:41:54.510954+00:00,scheduler,0,100,11167.9,11264.0,60,246.433
2026-06-26T09:41:54.510954+00:00,scheduler,1,100,10929.9,11264.0,57,256.84
2026-06-26T09:41:59.517900+00:00,scheduler,0,100,11167.9,11264.0,60,240.393
2026-06-26T09:41:59.517900+00:00,scheduler,1,100,10929.9,11264.0,57,250.135
2026-06-26T09:42:04.525447+00:00,scheduler,0,100,11167.9,11264.0,60,245.937
2026-06-26T09:42:04.525447+00:00,scheduler,1,100,10929.9,11264.0,57,246.641
2026-06-26T09:42:09.533752+00:00,scheduler,0,100,11167.9,11264.0,60,238.459
2026-06-26T09:42:09.533752+00:00,scheduler,1,100,10929.9,11264.0,57,257.127
2026-06-26T09:42:14.545112+00:00,scheduler,0,100,11167.9,11264.0,60,246.899
2026-06-26T09:42:14.545112+00:00,scheduler,1,100,10929.9,11264.0,57,246.197
2026-06-26T09:42:19.552162+00:00,scheduler,0,100,11167.9,11264.0,60,246.345
2026-06-26T09:42:19.552162+00:00,scheduler,1,100,10929.9,11264.0,57,249.089
2026-06-26T09:42:24.559326+00:00,scheduler,0,100,11167.9,11264.0,60,245.547
2026-06-26T09:42:24.559326+00:00,scheduler,1,100,10929.9,11264.0,57,249.253
2026-06-26T09:42:29.567609+00:00,scheduler,0,100,11167.9,11264.0,60,237.045
2026-06-26T09:42:29.567609+00:00,scheduler,1,100,10929.9,11264.0,57,242.779
2026-06-26T09:42:34.574724+00:00,scheduler,0,100,11167.9,11264.0,60,240.028
2026-06-26T09:42:34.574724+00:00,scheduler,1,100,10929.9,11264.0,57,239.376
2026-06-26T09:42:39.580003+00:00,scheduler,0,100,11167.9,11264.0,60,245.324
2026-06-26T09:42:39.580003+00:00,scheduler,1,100,10929.9,11264.0,57,246.312
2026-06-26T09:42:44.588650+00:00,scheduler,0,100,11167.9,11264.0,60,245.524
2026-06-26T09:42:44.588650+00:00,scheduler,1,100,10929.9,11264.0,57,249.736
2026-06-26T09:42:49.594458+00:00,scheduler,0,100,11167.9,11264.0,60,247.676
2026-06-26T09:42:49.594458+00:00,scheduler,1,100,10929.9,11264.0,57,251.204
2026-06-26T09:42:54.599939+00:00,scheduler,0,100,11167.9,11264.0,60,246.904
2026-06-26T09:42:54.599939+00:00,scheduler,1,100,10929.9,11264.0,58,247.395
2026-06-26T09:42:59.611750+00:00,scheduler,0,100,11167.9,11264.0,60,241.886
2026-06-26T09:42:59.611750+00:00,scheduler,1,100,10929.9,11264.0,58,259.417
2026-06-26T09:43:04.619793+00:00,scheduler,0,100,11167.9,11264.0,60,248.458
2026-06-26T09:43:04.619793+00:00,scheduler,1,100,10929.9,11264.0,58,245.282
2026-06-26T09:43:09.625254+00:00,scheduler,0,100,11167.9,11264.0,60,245.957
2026-06-26T09:43:09.625254+00:00,scheduler,1,100,10929.9,11264.0,57,247.667
2026-06-26T09:43:14.630790+00:00,scheduler,0,100,11167.9,11264.0,60,247.221
2026-06-26T09:43:14.630790+00:00,scheduler,1,100,10929.9,11264.0,57,254.729
2026-06-26T09:43:19.636606+00:00,scheduler,0,100,11167.9,11264.0,60,250.397
2026-06-26T09:43:19.636606+00:00,scheduler,1,100,10929.9,11264.0,57,249.133
2026-06-26T09:43:24.644258+00:00,scheduler,0,100,11167.9,11264.0,60,248.416
2026-06-26T09:43:24.644258+00:00,scheduler,1,100,10929.9,11264.0,58,249.24
2026-06-26T09:43:29.649709+00:00,scheduler,0,100,11167.9,11264.0,60,250.283
2026-06-26T09:43:29.649709+00:00,scheduler,1,100,10929.9,11264.0,58,249.318
2026-06-26T09:43:34.655188+00:00,scheduler,0,100,11167.9,11264.0,60,250.117
2026-06-26T09:43:34.655188+00:00,scheduler,1,100,10929.9,11264.0,58,240.813
2026-06-26T09:43:39.662396+00:00,scheduler,0,100,11167.9,11264.0,60,246.523
2026-06-26T09:43:39.662396+00:00,scheduler,1,100,10929.9,11264.0,57,243.96
2026-06-26T09:43:44.668242+00:00,scheduler,0,100,11167.9,11264.0,60,253.712
2026-06-26T09:43:44.668242+00:00,scheduler,1,100,10929.9,11264.0,58,246.42
2026-06-26T09:43:49.675454+00:00,scheduler,0,100,11167.9,11264.0,60,247.517
2026-06-26T09:43:49.675454+00:00,scheduler,1,100,10929.9,11264.0,58,246.554
2026-06-26T09:43:54.681790+00:00,scheduler,0,100,11167.9,11264.0,60,239.879
2026-06-26T09:43:54.681790+00:00,scheduler,1,100,10929.9,11264.0,58,239.58
2026-06-26T09:43:59.688117+00:00,scheduler,0,100,11167.9,11264.0,60,244.149
2026-06-26T09:43:59.688117+00:00,scheduler,1,100,10929.9,11264.0,58,248.02
2026-06-26T09:44:04.697330+00:00,scheduler,0,100,11167.9,11264.0,60,247.372
2026-06-26T09:44:04.697330+00:00,scheduler,1,100,10929.9,11264.0,58,251.534
2026-06-26T09:44:09.702868+00:00,scheduler,0,100,11167.9,11264.0,60,238.861
2026-06-26T09:44:09.702868+00:00,scheduler,1,100,10929.9,11264.0,58,247.611
2026-06-26T09:44:14.708567+00:00,scheduler,0,100,11167.9,11264.0,60,249.788
2026-06-26T09:44:14.708567+00:00,scheduler,1,100,10929.9,11264.0,58,247.304
2026-06-26T09:44:19.719179+00:00,scheduler,0,100,11167.9,11264.0,60,239.178
2026-06-26T09:44:19.719179+00:00,scheduler,1,100,10929.9,11264.0,58,249.402
2026-06-26T09:44:24.725317+00:00,scheduler,0,100,11167.9,11264.0,60,249.806
2026-06-26T09:44:24.725317+00:00,scheduler,1,100,10929.9,11264.0,58,247.924
2026-06-26T09:44:29.730917+00:00,scheduler,0,100,11167.9,11264.0,60,251.667
2026-06-26T09:44:29.730917+00:00,scheduler,1,100,10929.9,11264.0,57,245.242
2026-06-26T09:44:34.736490+00:00,scheduler,0,100,11167.9,11264.0,60,241.413
2026-06-26T09:44:34.736490+00:00,scheduler,1,100,10929.9,11264.0,58,240.497
2026-06-26T09:44:39.741910+00:00,scheduler,0,100,11167.9,11264.0,60,251.332
2026-06-26T09:44:39.741910+00:00,scheduler,1,100,10929.9,11264.0,58,258.481
2026-06-26T09:44:44.747874+00:00,scheduler,0,100,11167.9,11264.0,60,246.14
2026-06-26T09:44:44.747874+00:00,scheduler,1,100,10929.9,11264.0,58,252.799
2026-06-26T09:44:49.753685+00:00,scheduler,0,100,11167.9,11264.0,60,250.076
2026-06-26T09:44:49.753685+00:00,scheduler,1,100,10929.9,11264.0,58,240.127
2026-06-26T09:44:54.760949+00:00,scheduler,0,100,11167.9,11264.0,60,256.012
2026-06-26T09:44:54.760949+00:00,scheduler,1,8,10929.9,11264.0,52,56.774
2026-06-26T09:44:59.766403+00:00,scheduler,0,100,11167.9,11264.0,60,247.175
2026-06-26T09:44:59.766403+00:00,scheduler,1,30,4985.9,11264.0,53,65.487
2026-06-26T09:45:04.771885+00:00,scheduler,0,100,11167.9,11264.0,60,251.869
2026-06-26T09:45:04.771885+00:00,scheduler,1,18,8021.9,11264.0,49,55.813
2026-06-26T09:45:09.777459+00:00,scheduler,0,100,11167.9,11264.0,60,246.686
2026-06-26T09:45:09.777459+00:00,scheduler,1,9,8763.9,11264.0,50,75.568
2026-06-26T09:45:14.782615+00:00,scheduler,0,100,11167.9,11264.0,60,247.633
2026-06-26T09:45:14.782615+00:00,scheduler,1,25,7803.9,11264.0,48,55.381
2026-06-26T09:45:19.788465+00:00,scheduler,0,100,11167.9,11264.0,60,257.409
2026-06-26T09:45:19.788465+00:00,scheduler,1,100,10927.9,11264.0,54,256.254
2026-06-26T09:45:24.805596+00:00,scheduler,0,100,11167.9,11264.0,60,245.502
2026-06-26T09:45:24.805596+00:00,scheduler,1,100,10929.9,11264.0,54,244.378
2026-06-26T09:45:29.815776+00:00,scheduler,0,100,11167.9,11264.0,60,249.491
2026-06-26T09:45:29.815776+00:00,scheduler,1,100,10929.9,11264.0,55,247.64
2026-06-26T09:45:34.822415+00:00,scheduler,0,100,11167.9,11264.0,60,249.584
2026-06-26T09:45:34.822415+00:00,scheduler,1,100,10929.9,11264.0,56,241.391
2026-06-26T09:45:39.829393+00:00,scheduler,0,100,11167.9,11264.0,60,254.208
2026-06-26T09:45:39.829393+00:00,scheduler,1,100,10929.9,11264.0,56,247.631
2026-06-26T09:45:44.834712+00:00,scheduler,0,100,11167.9,11264.0,60,252.028
2026-06-26T09:45:44.834712+00:00,scheduler,1,100,10929.9,11264.0,56,254.852
2026-06-26T09:45:49.844315+00:00,scheduler,0,100,11167.9,11264.0,60,237.668
2026-06-26T09:45:49.844315+00:00,scheduler,1,100,10929.9,11264.0,57,247.857
2026-06-26T09:45:54.855080+00:00,scheduler,0,100,11167.9,11264.0,60,243.211
2026-06-26T09:45:54.855080+00:00,scheduler,1,100,10929.9,11264.0,57,257.246
2026-06-26T09:45:59.862304+00:00,scheduler,0,100,11167.9,11264.0,60,253.235
2026-06-26T09:45:59.862304+00:00,scheduler,1,100,10929.9,11264.0,57,247.727
2026-06-26T09:46:04.869339+00:00,scheduler,0,100,11167.9,11264.0,60,239.271
2026-06-26T09:46:04.869339+00:00,scheduler,1,100,10929.9,11264.0,57,257.176
2026-06-26T09:46:09.880840+00:00,scheduler,0,100,11167.9,11264.0,60,247.912
2026-06-26T09:46:09.880840+00:00,scheduler,1,100,10929.9,11264.0,57,248.811
2026-06-26T09:46:14.889573+00:00,scheduler,0,9,11167.9,11264.0,54,57.94
2026-06-26T09:46:14.889573+00:00,scheduler,1,100,10929.9,11264.0,57,251.753
2026-06-26T09:46:19.898370+00:00,scheduler,0,24,5223.9,11264.0,57,246.164
2026-06-26T09:46:19.898370+00:00,scheduler,1,100,10929.9,11264.0,57,242.052
2026-06-26T09:46:24.906326+00:00,scheduler,0,18,8831.9,11264.0,54,149.793
2026-06-26T09:46:24.906326+00:00,scheduler,1,100,10929.9,11264.0,57,247.601
2026-06-26T09:46:29.912763+00:00,scheduler,0,10,9001.9,11264.0,51,57.457
2026-06-26T09:46:29.912763+00:00,scheduler,1,100,10929.9,11264.0,57,256.431
2026-06-26T09:46:34.919527+00:00,scheduler,0,39,11165.9,11264.0,55,251.244
2026-06-26T09:46:34.919527+00:00,scheduler,1,100,10929.9,11264.0,58,244.9
2026-06-26T09:46:39.929399+00:00,scheduler,0,100,11165.9,11264.0,56,236.453
2026-06-26T09:46:39.929399+00:00,scheduler,1,100,10929.9,11264.0,58,246.336
2026-06-26T09:46:44.937764+00:00,scheduler,0,100,11167.9,11264.0,57,243.051
2026-06-26T09:46:44.937764+00:00,scheduler,1,100,10929.9,11264.0,58,249.566
2026-06-26T09:46:49.943392+00:00,scheduler,0,100,11167.9,11264.0,58,253.379
2026-06-26T09:46:49.943392+00:00,scheduler,1,100,10929.9,11264.0,58,248.922
2026-06-26T09:46:54.957368+00:00,scheduler,0,100,11167.9,11264.0,58,250.026
2026-06-26T09:46:54.957368+00:00,scheduler,1,100,10929.9,11264.0,58,238.333
2026-06-26T09:46:59.965556+00:00,scheduler,0,100,11167.9,11264.0,58,252.873
2026-06-26T09:46:59.965556+00:00,scheduler,1,100,10929.9,11264.0,58,247.315
2026-06-26T09:47:04.974510+00:00,scheduler,0,100,11167.9,11264.0,59,252.178
2026-06-26T09:47:04.974510+00:00,scheduler,1,100,10929.9,11264.0,58,248.023
2026-06-26T09:47:09.980468+00:00,scheduler,0,100,11167.9,11264.0,59,244.895
2026-06-26T09:47:09.980468+00:00,scheduler,1,100,10929.9,11264.0,58,249.356
2026-06-26T09:47:14.987117+00:00,scheduler,0,100,11167.9,11264.0,59,245.541
2026-06-26T09:47:14.987117+00:00,scheduler,1,100,10929.9,11264.0,58,244.799
2026-06-26T09:47:19.996025+00:00,scheduler,0,100,11167.9,11264.0,59,244.963
2026-06-26T09:47:19.996025+00:00,scheduler,1,100,10929.9,11264.0,57,241.597
2026-06-26T09:47:25.009047+00:00,scheduler,0,100,11167.9,11264.0,59,239.516
2026-06-26T09:47:25.009047+00:00,scheduler,1,100,10929.9,11264.0,58,251.561
2026-06-26T09:47:30.017024+00:00,scheduler,0,100,11167.9,11264.0,60,243.952
2026-06-26T09:47:30.017024+00:00,scheduler,1,100,10929.9,11264.0,58,243.254
2026-06-26T09:47:35.030136+00:00,scheduler,0,100,11167.9,11264.0,60,247.061
2026-06-26T09:47:35.030136+00:00,scheduler,1,100,10929.9,11264.0,58,247.814
2026-06-26T09:47:40.035546+00:00,scheduler,0,100,11167.9,11264.0,60,240.941
2026-06-26T09:47:40.035546+00:00,scheduler,1,100,10929.9,11264.0,58,242.068
2026-06-26T09:47:45.040990+00:00,scheduler,0,100,11167.9,11264.0,60,255.441
2026-06-26T09:47:45.040990+00:00,scheduler,1,100,10929.9,11264.0,58,246.917
2026-06-26T09:47:50.050422+00:00,scheduler,0,100,11167.9,11264.0,60,241.284
2026-06-26T09:47:50.050422+00:00,scheduler,1,100,10929.9,11264.0,58,240.697
2026-06-26T09:47:55.059261+00:00,scheduler,0,100,11167.9,11264.0,60,240.49
2026-06-26T09:47:55.059261+00:00,scheduler,1,100,10929.9,11264.0,58,250.892
2026-06-26T09:48:00.067744+00:00,scheduler,0,100,11167.9,11264.0,60,246.198
2026-06-26T09:48:00.067744+00:00,scheduler,1,100,10929.9,11264.0,58,248.627
2026-06-26T09:48:05.073426+00:00,scheduler,0,100,11167.9,11264.0,60,246.932
2026-06-26T09:48:05.073426+00:00,scheduler,1,100,10929.9,11264.0,58,242.734
2026-06-26T09:48:10.079951+00:00,scheduler,0,100,11167.9,11264.0,60,254.467
2026-06-26T09:48:10.079951+00:00,scheduler,1,100,10929.9,11264.0,58,246.238
2026-06-26T09:48:15.085847+00:00,scheduler,0,100,11167.9,11264.0,60,244.194
2026-06-26T09:48:15.085847+00:00,scheduler,1,100,10929.9,11264.0,57,241.619
2026-06-26T09:48:20.092628+00:00,scheduler,0,100,11167.9,11264.0,60,240.914
2026-06-26T09:48:20.092628+00:00,scheduler,1,100,10929.9,11264.0,57,247.945
2026-06-26T09:48:25.100411+00:00,scheduler,0,100,11167.9,11264.0,60,244.755
2026-06-26T09:48:25.100411+00:00,scheduler,1,100,10929.9,11264.0,57,246.104
2026-06-26T09:48:30.107421+00:00,scheduler,0,100,11167.9,11264.0,60,248.439
2026-06-26T09:48:30.107421+00:00,scheduler,1,100,10929.9,11264.0,58,242.971
2026-06-26T09:48:35.112980+00:00,scheduler,0,100,11167.9,11264.0,60,247.804
2026-06-26T09:48:35.112980+00:00,scheduler,1,100,10929.9,11264.0,58,247.723
2026-06-26T09:48:40.119749+00:00,scheduler,0,100,11167.9,11264.0,60,252.737
2026-06-26T09:48:40.119749+00:00,scheduler,1,100,10929.9,11264.0,58,241.156
2026-06-26T09:48:45.126978+00:00,scheduler,0,100,11167.9,11264.0,60,241.484
2026-06-26T09:48:45.126978+00:00,scheduler,1,100,10929.9,11264.0,58,249.31
2026-06-26T09:48:50.132574+00:00,scheduler,0,100,11167.9,11264.0,60,243.632
2026-06-26T09:48:50.132574+00:00,scheduler,1,100,10929.9,11264.0,58,248.981
2026-06-26T09:48:55.138313+00:00,scheduler,0,100,11167.9,11264.0,60,244.966
2026-06-26T09:48:55.138313+00:00,scheduler,1,100,10929.9,11264.0,57,251.331
2026-06-26T09:49:00.143716+00:00,scheduler,0,100,11167.9,11264.0,60,245.901
2026-06-26T09:49:00.143716+00:00,scheduler,1,100,10929.9,11264.0,58,250.706
2026-06-26T09:49:05.149554+00:00,scheduler,0,100,11167.9,11264.0,60,255.893
2026-06-26T09:49:05.149554+00:00,scheduler,1,100,10929.9,11264.0,58,241.05
2026-06-26T09:49:10.156075+00:00,scheduler,0,100,11167.9,11264.0,60,241.705
2026-06-26T09:49:10.156075+00:00,scheduler,1,100,10929.9,11264.0,58,248.794
2026-06-26T09:49:15.162793+00:00,scheduler,0,100,11167.9,11264.0,60,238.705
2026-06-26T09:49:15.162793+00:00,scheduler,1,100,10929.9,11264.0,58,250.712
2026-06-26T09:49:20.168288+00:00,scheduler,0,100,11167.9,11264.0,60,244.5
2026-06-26T09:49:20.168288+00:00,scheduler,1,100,10929.9,11264.0,57,248.502
2026-06-26T09:49:25.173774+00:00,scheduler,0,100,11167.9,11264.0,60,240.372
2026-06-26T09:49:25.173774+00:00,scheduler,1,100,10929.9,11264.0,58,245.547
2026-06-26T09:49:30.182415+00:00,scheduler,0,100,11167.9,11264.0,60,244.87
2026-06-26T09:49:30.182415+00:00,scheduler,1,100,10929.9,11264.0,57,247.617
2026-06-26T09:49:35.190723+00:00,scheduler,0,100,11167.9,11264.0,60,247.732
2026-06-26T09:49:35.190723+00:00,scheduler,1,100,10929.9,11264.0,58,246.702
2026-06-26T09:49:40.196376+00:00,scheduler,0,100,11167.9,11264.0,60,245.66
2026-06-26T09:49:40.196376+00:00,scheduler,1,100,10929.9,11264.0,58,243.184
2026-06-26T09:49:45.202066+00:00,scheduler,0,100,11167.9,11264.0,60,255.162
2026-06-26T09:49:45.202066+00:00,scheduler,1,100,10929.9,11264.0,58,247.262
2026-06-26T09:49:50.207348+00:00,scheduler,0,100,11167.9,11264.0,60,243.712
2026-06-26T09:49:50.207348+00:00,scheduler,1,100,10929.9,11264.0,57,249.88
2026-06-26T09:49:55.213400+00:00,scheduler,0,100,11167.9,11264.0,60,253.248
2026-06-26T09:49:55.213400+00:00,scheduler,1,100,10929.9,11264.0,58,244.501
2026-06-26T09:50:00.218893+00:00,scheduler,0,100,11167.9,11264.0,60,247.5
2026-06-26T09:50:00.218893+00:00,scheduler,1,100,10929.9,11264.0,57,251.681
2026-06-26T09:50:05.227017+00:00,scheduler,0,100,11167.9,11264.0,60,250.683
2026-06-26T09:50:05.227017+00:00,scheduler,1,100,10929.9,11264.0,58,249.622
2026-06-26T09:50:10.232961+00:00,scheduler,0,100,11167.9,11264.0,60,244.732
2026-06-26T09:50:10.232961+00:00,scheduler,1,100,10929.9,11264.0,58,247.158
2026-06-26T09:50:15.240379+00:00,scheduler,0,100,11167.9,11264.0,60,248.017
2026-06-26T09:50:15.240379+00:00,scheduler,1,100,10929.9,11264.0,58,247.362
2026-06-26T09:50:20.246188+00:00,scheduler,0,100,11167.9,11264.0,60,244.642
2026-06-26T09:50:20.246188+00:00,scheduler,1,100,10929.9,11264.0,58,246.045
2026-06-26T09:50:25.251603+00:00,scheduler,0,100,11167.9,11264.0,60,254.154
2026-06-26T09:50:25.251603+00:00,scheduler,1,100,10929.9,11264.0,58,244.79
2026-06-26T09:50:30.256965+00:00,scheduler,0,100,11167.9,11264.0,60,244.369
2026-06-26T09:50:30.256965+00:00,scheduler,1,100,10929.9,11264.0,58,249.331
2026-06-26T09:50:35.266450+00:00,scheduler,0,100,11167.9,11264.0,60,246.945
2026-06-26T09:50:35.266450+00:00,scheduler,1,100,10929.9,11264.0,58,248.768
2026-06-26T09:50:40.274133+00:00,scheduler,0,100,11167.9,11264.0,60,244.925
2026-06-26T09:50:40.274133+00:00,scheduler,1,100,10929.9,11264.0,58,247.168
2026-06-26T09:50:45.282022+00:00,scheduler,0,100,11167.9,11264.0,60,243.184
2026-06-26T09:50:45.282022+00:00,scheduler,1,100,10929.9,11264.0,58,244.761
2026-06-26T09:50:50.288770+00:00,scheduler,0,100,11167.9,11264.0,60,244.671
2026-06-26T09:50:50.288770+00:00,scheduler,1,100,10929.9,11264.0,58,245.503
2026-06-26T09:50:55.296745+00:00,scheduler,0,100,11167.9,11264.0,60,241.636
2026-06-26T09:50:55.296745+00:00,scheduler,1,100,10929.9,11264.0,58,240.135
2026-06-26T09:51:00.303809+00:00,scheduler,0,100,11167.9,11264.0,60,243.04
2026-06-26T09:51:00.303809+00:00,scheduler,1,100,10929.9,11264.0,55,77.22
2026-06-26T09:51:05.309013+00:00,scheduler,0,100,11167.9,11264.0,60,253.887
2026-06-26T09:51:05.309013+00:00,scheduler,1,9,10929.9,11264.0,51,56.055
2026-06-26T09:51:10.314637+00:00,scheduler,0,100,11167.9,11264.0,60,248.848
2026-06-26T09:51:10.314637+00:00,scheduler,1,0,887.9,11264.0,51,75.59
2026-06-26T09:51:15.320130+00:00,scheduler,0,100,11167.9,11264.0,60,248.521
2026-06-26T09:51:15.320130+00:00,scheduler,1,0,665.9,11264.0,48,55.474
2026-06-26T09:51:20.326255+00:00,scheduler,0,100,11167.9,11264.0,60,252.503
2026-06-26T09:51:20.326255+00:00,scheduler,1,0,665.9,11264.0,47,55.036
2026-06-26T09:51:25.332388+00:00,scheduler,0,100,11167.9,11264.0,60,239.158
2026-06-26T09:51:25.332388+00:00,scheduler,1,0,665.9,11264.0,46,54.131
2026-06-26T09:51:30.337706+00:00,scheduler,0,100,11167.9,11264.0,60,251.833
2026-06-26T09:51:30.337706+00:00,scheduler,1,0,665.9,11264.0,43,3.683
2026-06-26T09:51:35.346891+00:00,scheduler,0,100,11167.9,11264.0,60,241.656
2026-06-26T09:51:35.346891+00:00,scheduler,1,0,665.9,11264.0,42,4.428
2026-06-26T09:51:40.355879+00:00,scheduler,0,100,11167.9,11264.0,60,245.212
2026-06-26T09:51:40.355879+00:00,scheduler,1,0,665.9,11264.0,41,3.828
2026-06-26T09:51:45.364831+00:00,scheduler,0,100,11167.9,11264.0,60,244.303
2026-06-26T09:51:45.364831+00:00,scheduler,1,0,665.9,11264.0,40,4.159
2026-06-26T09:51:50.373849+00:00,scheduler,0,100,11167.9,11264.0,60,254.405
2026-06-26T09:51:50.373849+00:00,scheduler,1,0,665.9,11264.0,39,3.712
2026-06-26T09:51:55.382742+00:00,scheduler,0,100,11167.9,11264.0,60,245.585
2026-06-26T09:51:55.382742+00:00,scheduler,1,0,665.9,11264.0,38,3.807
2026-06-26T09:52:00.393476+00:00,scheduler,0,100,11167.9,11264.0,60,237.001
2026-06-26T09:52:00.393476+00:00,scheduler,1,0,665.9,11264.0,38,3.961
2026-06-26T09:52:05.402566+00:00,scheduler,0,100,11167.9,11264.0,60,248.429
2026-06-26T09:52:05.402566+00:00,scheduler,1,0,665.9,11264.0,37,3.486
2026-06-26T09:52:10.411486+00:00,scheduler,0,100,11167.9,11264.0,60,245.903
2026-06-26T09:52:10.411486+00:00,scheduler,1,0,665.9,11264.0,37,3.627
2026-06-26T09:52:15.421404+00:00,scheduler,0,100,11167.9,11264.0,60,238.475
2026-06-26T09:52:15.421404+00:00,scheduler,1,0,665.9,11264.0,36,3.367
2026-06-26T09:52:20.430326+00:00,scheduler,0,8,11167.9,11264.0,54,58.095
2026-06-26T09:52:20.430326+00:00,scheduler,1,0,665.9,11264.0,36,3.19
2026-06-26T09:52:25.453259+00:00,scheduler,0,1,11167.9,11264.0,52,57.365
2026-06-26T09:52:25.453259+00:00,scheduler,1,0,665.9,11264.0,36,2.804
2026-06-26T09:52:30.465589+00:00,scheduler,0,1,11167.9,11264.0,51,57.06
2026-06-26T09:52:30.465589+00:00,scheduler,1,0,665.9,11264.0,35,3.294
2026-06-26T09:52:35.482339+00:00,scheduler,0,1,11167.9,11264.0,50,57.011
2026-06-26T09:52:35.482339+00:00,scheduler,1,0,665.9,11264.0,35,2.953
2026-06-26T09:52:40.493808+00:00,scheduler,0,90,5223.9,11264.0,52,85.268
2026-06-26T09:52:40.493808+00:00,scheduler,1,0,665.9,11264.0,35,3.319
2026-06-26T09:52:45.502362+00:00,scheduler,0,0,1125.9,11264.0,49,56.764
2026-06-26T09:52:45.502362+00:00,scheduler,1,0,665.9,11264.0,35,2.938
2026-06-26T09:52:50.511366+00:00,scheduler,0,0,1125.9,11264.0,48,56.601
2026-06-26T09:52:50.511366+00:00,scheduler,1,0,665.9,11264.0,34,3.631
2026-06-26T09:52:55.520141+00:00,scheduler,0,0,1125.9,11264.0,47,56.547
2026-06-26T09:52:55.520141+00:00,scheduler,1,0,665.9,11264.0,34,3.188
2026-06-26T09:53:00.529056+00:00,scheduler,0,0,903.9,11264.0,45,4.362
2026-06-26T09:53:00.529056+00:00,scheduler,1,0,665.9,11264.0,34,3.511
2026-06-26T09:53:05.543096+00:00,scheduler,0,0,903.9,11264.0,44,3.87
2026-06-26T09:53:05.543096+00:00,scheduler,1,0,665.9,11264.0,34,2.692
2026-06-26T09:53:10.555558+00:00,scheduler,0,0,903.9,11264.0,43,3.494
2026-06-26T09:53:10.555558+00:00,scheduler,1,0,665.9,11264.0,34,2.841
2026-06-26T09:53:15.567923+00:00,scheduler,0,0,903.9,11264.0,42,3.438
2026-06-26T09:53:15.567923+00:00,scheduler,1,0,665.9,11264.0,33,3.096
2026-06-26T09:53:20.580429+00:00,scheduler,0,0,903.9,11264.0,41,3.436
2026-06-26T09:53:20.580429+00:00,scheduler,1,0,665.9,11264.0,33,2.762
2026-06-26T09:53:25.592713+00:00,scheduler,0,0,903.9,11264.0,40,3.258
2026-06-26T09:53:25.592713+00:00,scheduler,1,0,665.9,11264.0,33,3.335
2026-06-26T09:53:30.605327+00:00,scheduler,0,0,903.9,11264.0,40,3.586
2026-06-26T09:53:30.605327+00:00,scheduler,1,0,665.9,11264.0,33,2.962
2026-06-26T09:53:35.617136+00:00,scheduler,0,0,903.9,11264.0,39,3.581
2026-06-26T09:53:35.617136+00:00,scheduler,1,0,665.9,11264.0,33,2.846
2026-06-26T09:53:40.629225+00:00,scheduler,0,0,903.9,11264.0,39,2.959
2026-06-26T09:53:40.629225+00:00,scheduler,1,0,665.9,11264.0,33,2.502
2026-06-26T09:53:45.641347+00:00,scheduler,0,0,903.9,11264.0,39,3.085
2026-06-26T09:53:45.641347+00:00,scheduler,1,0,665.9,11264.0,33,2.642
2026-06-26T09:53:50.653470+00:00,scheduler,0,0,903.9,11264.0,38,3.48
2026-06-26T09:53:50.653470+00:00,scheduler,1,3,1407.9,11264.0,35,50.677
2026-06-26T09:53:55.668206+00:00,scheduler,0,0,903.9,11264.0,38,3.766
2026-06-26T09:53:55.668206+00:00,scheduler,1,1,1951.9,11264.0,36,51.439
2026-06-26T09:54:00.682427+00:00,scheduler,0,0,903.9,11264.0,38,3.444
2026-06-26T09:54:00.682427+00:00,scheduler,1,2,2775.9,11264.0,37,51.547
2026-06-26T09:54:05.712230+00:00,scheduler,0,0,903.9,11264.0,37,3.199
2026-06-26T09:54:05.712230+00:00,scheduler,1,1,3639.9,11264.0,37,51.766
2026-06-26T09:54:10.722000+00:00,scheduler,0,0,903.9,11264.0,37,3.051
2026-06-26T09:54:10.722000+00:00,scheduler,1,2,4571.9,11264.0,37,51.931
2026-06-26T09:54:15.760123+00:00,scheduler,0,0,903.9,11264.0,37,3.747
2026-06-26T09:54:15.760123+00:00,scheduler,1,1,5579.9,11264.0,37,51.375
2026-06-26T09:54:20.771996+00:00,scheduler,0,0,903.9,11264.0,37,3.108
2026-06-26T09:54:20.771996+00:00,scheduler,1,2,6511.9,11264.0,38,51.666
2026-06-26T09:54:25.781468+00:00,scheduler,0,0,903.9,11264.0,37,3.505
2026-06-26T09:54:25.781468+00:00,scheduler,1,2,7383.9,11264.0,38,51.749
2026-06-26T09:54:30.797059+00:00,scheduler,0,0,903.9,11264.0,36,3.226
2026-06-26T09:54:30.797059+00:00,scheduler,1,2,8343.9,11264.0,38,51.759
2026-06-26T09:54:35.810203+00:00,scheduler,0,0,903.9,11264.0,36,3.5
2026-06-26T09:54:35.810203+00:00,scheduler,1,1,8771.9,11264.0,40,51.755
2026-06-26T09:54:40.883670+00:00,scheduler,0,0,903.9,11264.0,36,3.629
2026-06-26T09:54:40.883670+00:00,scheduler,1,2,8771.9,11264.0,39,51.952
2026-06-26T09:54:45.893996+00:00,scheduler,0,0,903.9,11264.0,36,3.377
2026-06-26T09:54:45.893996+00:00,scheduler,1,3,8771.9,11264.0,39,52.306
2026-06-26T09:54:50.903558+00:00,scheduler,0,0,903.9,11264.0,36,2.911
2026-06-26T09:54:50.903558+00:00,scheduler,1,3,8771.9,11264.0,39,52.195
2026-06-26T09:54:55.915082+00:00,scheduler,0,0,903.9,11264.0,36,3.099
2026-06-26T09:54:55.915082+00:00,scheduler,1,4,8771.9,11264.0,39,52.392
2026-06-26T09:55:00.925476+00:00,scheduler,0,0,903.9,11264.0,36,3.234
2026-06-26T09:55:00.925476+00:00,scheduler,1,3,2079.9,11264.0,39,52.255
2026-06-26T09:55:05.939716+00:00,scheduler,0,0,903.9,11264.0,36,3.47
2026-06-26T09:55:05.939716+00:00,scheduler,1,1,3051.9,11264.0,39,52.122
2026-06-26T09:55:10.954873+00:00,scheduler,0,0,903.9,11264.0,35,3.35
2026-06-26T09:55:10.954873+00:00,scheduler,1,2,4059.9,11264.0,39,51.914
2026-06-26T09:55:15.969131+00:00,scheduler,0,0,903.9,11264.0,35,3.594
2026-06-26T09:55:15.969131+00:00,scheduler,1,4,5931.9,11264.0,39,52.363
2026-06-26T09:55:20.987606+00:00,scheduler,0,0,903.9,11264.0,35,3.18
2026-06-26T09:55:20.987606+00:00,scheduler,1,1,6633.9,11264.0,40,52.194
2026-06-26T09:55:26.002486+00:00,scheduler,0,0,903.9,11264.0,35,2.941
2026-06-26T09:55:26.002486+00:00,scheduler,1,2,7803.9,11264.0,40,52.304
2026-06-26T09:55:31.015097+00:00,scheduler,0,0,903.9,11264.0,35,2.901
2026-06-26T09:55:31.015097+00:00,scheduler,1,100,10927.9,11264.0,47,245.786
2026-06-26T09:55:36.026147+00:00,scheduler,0,0,903.9,11264.0,35,3.541
2026-06-26T09:55:36.026147+00:00,scheduler,1,100,10927.9,11264.0,49,240.683
2026-06-26T09:55:41.039550+00:00,scheduler,0,0,903.9,11264.0,35,3.284
2026-06-26T09:55:41.039550+00:00,scheduler,1,100,10929.9,11264.0,50,240.99
2026-06-26T09:55:46.048349+00:00,scheduler,0,0,903.9,11264.0,35,3.85
2026-06-26T09:55:46.048349+00:00,scheduler,1,100,10929.9,11264.0,51,246.64
2026-06-26T09:55:51.061747+00:00,scheduler,0,0,903.9,11264.0,35,3.216
2026-06-26T09:55:51.061747+00:00,scheduler,1,100,10929.9,11264.0,51,244.352
2026-06-26T09:55:56.072305+00:00,scheduler,0,0,903.9,11264.0,35,3.484
2026-06-26T09:55:56.072305+00:00,scheduler,1,100,10929.9,11264.0,53,247.627
2026-06-26T09:56:01.084087+00:00,scheduler,0,0,903.9,11264.0,35,3.333
2026-06-26T09:56:01.084087+00:00,scheduler,1,100,10929.9,11264.0,53,248.593
2026-06-26T09:56:06.098599+00:00,scheduler,0,0,903.9,11264.0,35,3.177
2026-06-26T09:56:06.098599+00:00,scheduler,1,100,10929.9,11264.0,54,239.396
2026-06-26T09:56:11.114609+00:00,scheduler,0,0,903.9,11264.0,34,3.433
2026-06-26T09:56:11.114609+00:00,scheduler,1,100,10929.9,11264.0,55,250.147
2026-06-26T09:56:16.129941+00:00,scheduler,0,0,903.9,11264.0,34,3.57
2026-06-26T09:56:16.129941+00:00,scheduler,1,100,10929.9,11264.0,56,241.818
2026-06-26T09:56:21.143133+00:00,scheduler,0,0,903.9,11264.0,34,3.106
2026-06-26T09:56:21.143133+00:00,scheduler,1,100,10929.9,11264.0,56,245.041
2026-06-26T09:56:26.154625+00:00,scheduler,0,0,903.9,11264.0,34,5.697
2026-06-26T09:56:26.154625+00:00,scheduler,1,100,10929.9,11264.0,56,252.651
2026-06-26T09:56:31.168067+00:00,scheduler,0,0,903.9,11264.0,34,4.208
2026-06-26T09:56:31.168067+00:00,scheduler,1,100,10929.9,11264.0,57,242.656
2026-06-26T09:56:36.178882+00:00,scheduler,0,1,1753.9,11264.0,38,52.136
2026-06-26T09:56:36.178882+00:00,scheduler,1,100,10929.9,11264.0,57,255.309
2026-06-26T09:56:41.194030+00:00,scheduler,0,2,2625.9,11264.0,38,52.697
2026-06-26T09:56:41.194030+00:00,scheduler,1,100,10929.9,11264.0,57,245.557
2026-06-26T09:56:46.203121+00:00,scheduler,0,1,3353.9,11264.0,38,52.953
2026-06-26T09:56:46.203121+00:00,scheduler,1,100,10929.9,11264.0,57,248.013
2026-06-26T09:56:51.215235+00:00,scheduler,0,1,4081.9,11264.0,39,53.257
2026-06-26T09:56:51.215235+00:00,scheduler,1,100,10929.9,11264.0,57,254.334
2026-06-26T09:56:56.226872+00:00,scheduler,0,1,4701.9,11264.0,39,53.422
2026-06-26T09:56:56.226872+00:00,scheduler,1,100,10929.9,11264.0,57,252.22
2026-06-26T09:57:01.241348+00:00,scheduler,0,1,5429.9,11264.0,39,53.37
2026-06-26T09:57:01.241348+00:00,scheduler,1,100,10929.9,11264.0,57,254.257
2026-06-26T09:57:06.250921+00:00,scheduler,0,2,6321.9,11264.0,39,53.362
2026-06-26T09:57:06.250921+00:00,scheduler,1,100,10929.9,11264.0,57,247.945
2026-06-26T09:57:11.258698+00:00,scheduler,0,2,7233.9,11264.0,40,53.816
2026-06-26T09:57:11.258698+00:00,scheduler,1,100,10929.9,11264.0,57,239.239
2026-06-26T09:57:16.266411+00:00,scheduler,0,2,8077.9,11264.0,40,53.417
2026-06-26T09:57:16.266411+00:00,scheduler,1,100,10929.9,11264.0,58,238.216
2026-06-26T09:57:21.274853+00:00,scheduler,0,1,9009.9,11264.0,45,232.696
2026-06-26T09:57:21.274853+00:00,scheduler,1,100,10929.9,11264.0,57,252.103
2026-06-26T09:57:26.282284+00:00,scheduler,0,1,9009.9,11264.0,41,54.948
2026-06-26T09:57:26.282284+00:00,scheduler,1,100,10929.9,11264.0,57,247.967
2026-06-26T09:57:31.289263+00:00,scheduler,0,1,9009.9,11264.0,41,54.633
2026-06-26T09:57:31.289263+00:00,scheduler,1,100,10929.9,11264.0,58,253.668
2026-06-26T09:57:36.297549+00:00,scheduler,0,1,9009.9,11264.0,41,54.4
2026-06-26T09:57:36.297549+00:00,scheduler,1,100,10929.9,11264.0,58,247.054
2026-06-26T09:57:41.304491+00:00,scheduler,0,1,9009.9,11264.0,41,54.849
2026-06-26T09:57:41.304491+00:00,scheduler,1,1,10929.9,11264.0,51,55.947
2026-06-26T09:57:46.309976+00:00,scheduler,0,1,9009.9,11264.0,41,55.142
2026-06-26T09:57:46.309976+00:00,scheduler,1,0,10929.9,11264.0,49,55.253
2026-06-26T09:57:51.326552+00:00,scheduler,0,2,9009.9,11264.0,42,54.929
2026-06-26T09:57:51.326552+00:00,scheduler,1,0,10929.9,11264.0,48,54.732
2026-06-26T09:57:56.332491+00:00,scheduler,0,2,9009.9,11264.0,42,55.102
2026-06-26T09:57:56.332491+00:00,scheduler,1,0,10929.9,11264.0,47,54.791
2026-06-26T09:58:01.339682+00:00,scheduler,0,1,9009.9,11264.0,42,54.643
2026-06-26T09:58:01.339682+00:00,scheduler,1,1,10929.9,11264.0,46,54.512
2026-06-26T09:58:06.345350+00:00,scheduler,0,2,9009.9,11264.0,42,54.412
2026-06-26T09:58:06.345350+00:00,scheduler,1,0,10929.9,11264.0,45,53.719
2026-06-26T09:58:11.357124+00:00,scheduler,0,1,9009.9,11264.0,42,54.558
2026-06-26T09:58:11.357124+00:00,scheduler,1,0,10929.9,11264.0,45,53.454
2026-06-26T09:58:16.378115+00:00,scheduler,0,0,9009.9,11264.0,42,54.55
2026-06-26T09:58:16.378115+00:00,scheduler,1,0,10929.9,11264.0,44,53.73
2026-06-26T09:58:21.392921+00:00,scheduler,0,2,1921.9,11264.0,42,54.85
2026-06-26T09:58:21.392921+00:00,scheduler,1,0,10929.9,11264.0,44,53.415
2026-06-26T09:58:26.398326+00:00,scheduler,0,3,3217.9,11264.0,42,54.942
2026-06-26T09:58:26.398326+00:00,scheduler,1,0,10929.9,11264.0,43,52.974
2026-06-26T09:58:31.404177+00:00,scheduler,0,1,4063.9,11264.0,42,54.797
2026-06-26T09:58:31.404177+00:00,scheduler,1,2,10929.9,11264.0,43,53.173
2026-06-26T09:58:36.412920+00:00,scheduler,0,1,5233.9,11264.0,42,55.063
2026-06-26T09:58:36.412920+00:00,scheduler,1,1,10929.9,11264.0,43,53.458
2026-06-26T09:58:41.428236+00:00,scheduler,0,42,11165.9,11264.0,49,244.155
2026-06-26T09:58:41.428236+00:00,scheduler,1,1,10929.9,11264.0,42,52.909
2026-06-26T09:58:46.437271+00:00,scheduler,0,100,11165.9,11264.0,51,246.321
2026-06-26T09:58:46.437271+00:00,scheduler,1,6,885.9,11264.0,43,71.003
2026-06-26T09:58:51.443451+00:00,scheduler,0,100,11167.9,11264.0,52,254.29
2026-06-26T09:58:51.443451+00:00,scheduler,1,0,4985.9,11264.0,43,52.814
2026-06-26T09:58:56.448917+00:00,scheduler,0,100,11167.9,11264.0,53,252.986
2026-06-26T09:58:56.448917+00:00,scheduler,1,0,4985.9,11264.0,43,52.809
2026-06-26T09:59:01.457820+00:00,scheduler,0,100,11167.9,11264.0,54,250.213
2026-06-26T09:59:01.457820+00:00,scheduler,1,0,885.9,11264.0,42,52.927
2026-06-26T09:59:06.464439+00:00,scheduler,0,100,11167.9,11264.0,55,246.823
2026-06-26T09:59:06.464439+00:00,scheduler,1,0,885.9,11264.0,42,52.945
2026-06-26T09:59:11.487535+00:00,scheduler,0,100,11167.9,11264.0,56,245.108
2026-06-26T09:59:11.487535+00:00,scheduler,1,0,885.9,11264.0,42,52.953
2026-06-26T09:59:16.494105+00:00,scheduler,0,100,11167.9,11264.0,56,245.88
2026-06-26T09:59:16.494105+00:00,scheduler,1,0,885.9,11264.0,39,3.834
2026-06-26T09:59:21.503409+00:00,scheduler,0,100,11167.9,11264.0,57,241.96
2026-06-26T09:59:21.503409+00:00,scheduler,1,0,885.9,11264.0,38,3.673
2026-06-26T09:59:26.513405+00:00,scheduler,0,100,11167.9,11264.0,58,246.235
2026-06-26T09:59:26.513405+00:00,scheduler,1,0,665.9,11264.0,38,3.546
2026-06-26T09:59:31.523122+00:00,scheduler,0,100,11167.9,11264.0,58,252.468
2026-06-26T09:59:31.523122+00:00,scheduler,1,0,665.9,11264.0,37,3.344
2026-06-26T09:59:36.533549+00:00,scheduler,0,100,11167.9,11264.0,58,246.474
2026-06-26T09:59:36.533549+00:00,scheduler,1,0,665.9,11264.0,37,3.636
2026-06-26T09:59:41.544352+00:00,scheduler,0,100,11167.9,11264.0,59,254.105
2026-06-26T09:59:41.544352+00:00,scheduler,1,0,665.9,11264.0,36,3.844
2026-06-26T09:59:46.554760+00:00,scheduler,0,100,11167.9,11264.0,59,235.328
2026-06-26T09:59:46.554760+00:00,scheduler,1,0,665.9,11264.0,36,3.399
2026-06-26T09:59:51.563849+00:00,scheduler,0,100,11167.9,11264.0,59,246.69
2026-06-26T09:59:51.563849+00:00,scheduler,1,0,665.9,11264.0,36,3.934
2026-06-26T09:59:56.572831+00:00,scheduler,0,100,11167.9,11264.0,59,247.51
2026-06-26T09:59:56.572831+00:00,scheduler,1,0,665.9,11264.0,35,3.439
2026-06-26T10:00:01.583680+00:00,scheduler,0,100,11167.9,11264.0,60,238.141
2026-06-26T10:00:01.583680+00:00,scheduler,1,0,665.9,11264.0,35,3.753
2026-06-26T10:00:06.592569+00:00,scheduler,0,100,11167.9,11264.0,60,237.927
2026-06-26T10:00:06.592569+00:00,scheduler,1,0,665.9,11264.0,35,3.468
2026-06-26T10:00:11.602316+00:00,scheduler,0,100,11167.9,11264.0,60,245.946
2026-06-26T10:00:11.602316+00:00,scheduler,1,0,665.9,11264.0,35,3.736
2026-06-26T10:00:16.611396+00:00,scheduler,0,100,11167.9,11264.0,60,248.109
2026-06-26T10:00:16.611396+00:00,scheduler,1,0,665.9,11264.0,34,2.977
2026-06-26T10:00:21.620455+00:00,scheduler,0,100,11167.9,11264.0,60,238.592
2026-06-26T10:00:21.620455+00:00,scheduler,1,0,665.9,11264.0,34,3.26
2026-06-26T10:00:26.629367+00:00,scheduler,0,100,11167.9,11264.0,60,249.671
2026-06-26T10:00:26.629367+00:00,scheduler,1,0,665.9,11264.0,34,3.414
2026-06-26T10:00:31.640053+00:00,scheduler,0,100,11167.9,11264.0,60,245.468
2026-06-26T10:00:31.640053+00:00,scheduler,1,0,665.9,11264.0,34,3.32
2026-06-26T10:00:36.648949+00:00,scheduler,0,100,11167.9,11264.0,60,254.613
2026-06-26T10:00:36.648949+00:00,scheduler,1,0,665.9,11264.0,34,3.33
2026-06-26T10:00:41.658536+00:00,scheduler,0,100,11167.9,11264.0,60,241.844
2026-06-26T10:00:41.658536+00:00,scheduler,1,0,665.9,11264.0,33,3.268
2026-06-26T10:00:46.670309+00:00,scheduler,0,100,11167.9,11264.0,60,244.291
2026-06-26T10:00:46.670309+00:00,scheduler,1,0,665.9,11264.0,33,3.493
2026-06-26T10:00:51.679604+00:00,scheduler,0,0,11167.9,11264.0,54,57.615
2026-06-26T10:00:51.679604+00:00,scheduler,1,0,665.9,11264.0,33,3.007
2026-06-26T10:00:56.690739+00:00,scheduler,0,2,11167.9,11264.0,52,57.312
2026-06-26T10:00:56.690739+00:00,scheduler,1,0,665.9,11264.0,33,3.113
2026-06-26T10:01:01.700659+00:00,scheduler,0,1,11167.9,11264.0,51,57.201
2026-06-26T10:01:01.700659+00:00,scheduler,1,0,665.9,11264.0,33,3.382
2026-06-26T10:01:06.710487+00:00,scheduler,0,1,11167.9,11264.0,50,57.084
2026-06-26T10:01:06.710487+00:00,scheduler,1,0,665.9,11264.0,33,3.471
2026-06-26T10:01:11.720280+00:00,scheduler,0,1,11167.9,11264.0,49,56.692
2026-06-26T10:01:11.720280+00:00,scheduler,1,0,665.9,11264.0,33,3.134
2026-06-26T10:01:16.732061+00:00,scheduler,0,2,11167.9,11264.0,48,56.554
2026-06-26T10:01:16.732061+00:00,scheduler,1,0,665.9,11264.0,33,3.518
2026-06-26T10:01:21.928545+00:00,scheduler,0,1,11167.9,11264.0,47,56.315
2026-06-26T10:01:21.928545+00:00,scheduler,1,0,665.9,11264.0,32,3.2
2026-06-26T10:01:26.943314+00:00,scheduler,0,1,11167.9,11264.0,47,56.661
2026-06-26T10:01:26.943314+00:00,scheduler,1,0,665.9,11264.0,32,3.33
2026-06-26T10:01:31.961366+00:00,scheduler,0,1,11167.9,11264.0,46,56.027
2026-06-26T10:01:31.961366+00:00,scheduler,1,0,665.9,11264.0,32,2.864
2026-06-26T10:01:36.981153+00:00,scheduler,0,1,11167.9,11264.0,46,56.004
2026-06-26T10:01:36.981153+00:00,scheduler,1,4,1951.9,11264.0,34,51.006
2026-06-26T10:01:41.995844+00:00,scheduler,0,25,1123.9,11264.0,46,58.103
2026-06-26T10:01:41.995844+00:00,scheduler,1,14,8393.9,11264.0,36,51.07
2026-06-26T10:01:47.003207+00:00,scheduler,0,0,5223.9,11264.0,46,56.124
2026-06-26T10:01:47.003207+00:00,scheduler,1,0,8771.9,11264.0,38,51.841
2026-06-26T10:01:52.008698+00:00,scheduler,0,0,1123.9,11264.0,46,60.546
2026-06-26T10:01:52.008698+00:00,scheduler,1,0,8771.9,11264.0,38,51.567
2026-06-26T10:01:57.017706+00:00,scheduler,0,0,1123.9,11264.0,45,55.749
2026-06-26T10:01:57.017706+00:00,scheduler,1,0,8771.9,11264.0,37,51.323
2026-06-26T10:02:02.053866+00:00,scheduler,0,0,1123.9,11264.0,45,55.637
2026-06-26T10:02:02.053866+00:00,scheduler,1,0,8771.9,11264.0,38,51.379
2026-06-26T10:02:07.059107+00:00,scheduler,0,0,903.9,11264.0,44,19.067
2026-06-26T10:02:07.059107+00:00,scheduler,1,0,8771.9,11264.0,38,51.227
2026-06-26T10:02:12.068351+00:00,scheduler,0,0,903.9,11264.0,42,3.464
2026-06-26T10:02:12.068351+00:00,scheduler,1,0,8771.9,11264.0,38,51.508
2026-06-26T10:02:17.077307+00:00,scheduler,0,0,903.9,11264.0,41,3.975
2026-06-26T10:02:17.077307+00:00,scheduler,1,0,8771.9,11264.0,38,51.635
2026-06-26T10:02:22.086341+00:00,scheduler,0,0,903.9,11264.0,40,3.497
2026-06-26T10:02:22.086341+00:00,scheduler,1,0,8771.9,11264.0,38,51.629
2026-06-26T10:02:27.095650+00:00,scheduler,0,0,903.9,11264.0,40,3.804
2026-06-26T10:02:27.095650+00:00,scheduler,1,0,8771.9,11264.0,38,51.767
2026-06-26T10:02:32.104653+00:00,scheduler,0,0,903.9,11264.0,39,3.264
2026-06-26T10:02:32.104653+00:00,scheduler,1,0,8771.9,11264.0,38,51.988
2026-06-26T10:02:37.113609+00:00,scheduler,0,0,903.9,11264.0,39,4.091
2026-06-26T10:02:37.113609+00:00,scheduler,1,0,8771.9,11264.0,39,52.062
2026-06-26T10:02:42.122531+00:00,scheduler,0,0,903.9,11264.0,39,3.413
2026-06-26T10:02:42.122531+00:00,scheduler,1,0,8771.9,11264.0,39,51.7
2026-06-26T10:02:47.131590+00:00,scheduler,0,0,903.9,11264.0,38,3.984
2026-06-26T10:02:47.131590+00:00,scheduler,1,0,8771.9,11264.0,39,52.167
2026-06-26T10:02:52.140307+00:00,scheduler,0,0,903.9,11264.0,38,3.675
2026-06-26T10:02:52.140307+00:00,scheduler,1,0,8771.9,11264.0,39,51.866
2026-06-26T10:02:57.149172+00:00,scheduler,0,0,903.9,11264.0,38,3.796
2026-06-26T10:02:57.149172+00:00,scheduler,1,0,8771.9,11264.0,39,52.083
2026-06-26T10:03:02.157894+00:00,scheduler,0,0,903.9,11264.0,37,3.771
2026-06-26T10:03:02.157894+00:00,scheduler,1,0,8771.9,11264.0,39,51.993
2026-06-26T10:03:07.167543+00:00,scheduler,0,0,903.9,11264.0,37,3.137
2026-06-26T10:03:07.167543+00:00,scheduler,1,0,8771.9,11264.0,39,52.24
2026-06-26T10:03:12.176474+00:00,scheduler,0,0,903.9,11264.0,37,3.116
2026-06-26T10:03:12.176474+00:00,scheduler,1,0,8771.9,11264.0,39,52.579
2026-06-26T10:03:17.185763+00:00,scheduler,0,0,903.9,11264.0,37,2.839
2026-06-26T10:03:17.185763+00:00,scheduler,1,0,8771.9,11264.0,39,52.146
2026-06-26T10:03:22.194543+00:00,scheduler,0,0,903.9,11264.0,37,3.122
2026-06-26T10:03:22.194543+00:00,scheduler,1,0,8771.9,11264.0,39,52.079
2026-06-26T10:03:27.203589+00:00,scheduler,0,0,903.9,11264.0,36,2.87
2026-06-26T10:03:27.203589+00:00,scheduler,1,0,8771.9,11264.0,39,52.3
2026-06-26T10:03:32.212567+00:00,scheduler,0,0,903.9,11264.0,36,3.403
2026-06-26T10:03:32.212567+00:00,scheduler,1,0,8771.9,11264.0,39,52.22
2026-06-26T10:03:37.221372+00:00,scheduler,0,0,903.9,11264.0,36,2.612
2026-06-26T10:03:37.221372+00:00,scheduler,1,0,8771.9,11264.0,40,52.347
2026-06-26T10:03:42.231953+00:00,scheduler,0,0,903.9,11264.0,36,3.033
2026-06-26T10:03:42.231953+00:00,scheduler,1,0,8771.9,11264.0,40,51.993
2026-06-26T10:03:47.242332+00:00,scheduler,0,0,903.9,11264.0,36,3.003
2026-06-26T10:03:47.242332+00:00,scheduler,1,0,8771.9,11264.0,40,51.875
2026-06-26T10:03:52.251242+00:00,scheduler,0,0,903.9,11264.0,36,2.913
2026-06-26T10:03:52.251242+00:00,scheduler,1,0,8771.9,11264.0,40,52.189
2026-06-26T10:03:57.261122+00:00,scheduler,0,0,903.9,11264.0,36,2.661
2026-06-26T10:03:57.261122+00:00,scheduler,1,0,8771.9,11264.0,40,52.304
2026-06-26T10:04:02.270340+00:00,scheduler,0,0,903.9,11264.0,36,3.238
2026-06-26T10:04:02.270340+00:00,scheduler,1,0,8771.9,11264.0,40,52.353
2026-06-26T10:04:07.279267+00:00,scheduler,0,0,903.9,11264.0,35,3.197
2026-06-26T10:04:07.279267+00:00,scheduler,1,0,8771.9,11264.0,40,52.72
2026-06-26T10:04:12.288072+00:00,scheduler,0,0,903.9,11264.0,35,3.054
2026-06-26T10:04:12.288072+00:00,scheduler,1,0,8771.9,11264.0,40,51.987
2026-06-26T10:04:17.297836+00:00,scheduler,0,0,903.9,11264.0,35,3.018
2026-06-26T10:04:17.297836+00:00,scheduler,1,0,8771.9,11264.0,40,52.51
2026-06-26T10:04:22.310076+00:00,scheduler,0,0,903.9,11264.0,35,2.905
2026-06-26T10:04:22.310076+00:00,scheduler,1,0,8771.9,11264.0,40,52.741
2026-06-26T10:04:27.320237+00:00,scheduler,0,0,1645.9,11264.0,37,51.93
2026-06-26T10:04:27.320237+00:00,scheduler,1,0,8771.9,11264.0,40,52.069
2026-06-26T10:04:32.327293+00:00,scheduler,0,3,2869.9,11264.0,38,52.75
2026-06-26T10:04:32.327293+00:00,scheduler,1,0,8771.9,11264.0,40,51.934
2026-06-26T10:04:37.333988+00:00,scheduler,0,3,4789.9,11264.0,39,52.888
2026-06-26T10:04:37.333988+00:00,scheduler,1,0,8771.9,11264.0,40,52.328
2026-06-26T10:04:42.341839+00:00,scheduler,0,1,6205.9,11264.0,39,52.816
2026-06-26T10:04:42.341839+00:00,scheduler,1,1,8771.9,11264.0,40,51.981
2026-06-26T10:04:47.347307+00:00,scheduler,0,2,6893.9,11264.0,39,53.308
2026-06-26T10:04:47.347307+00:00,scheduler,1,1,8771.9,11264.0,40,52.35
2026-06-26T10:04:52.354265+00:00,scheduler,0,2,7669.9,11264.0,40,53.342
2026-06-26T10:04:52.354265+00:00,scheduler,1,1,8771.9,11264.0,40,52.191
2026-06-26T10:04:57.360037+00:00,scheduler,0,1,8397.9,11264.0,40,53.634
2026-06-26T10:04:57.360037+00:00,scheduler,1,1,8771.9,11264.0,40,52.189
2026-06-26T10:05:02.369120+00:00,scheduler,0,90,9009.9,11264.0,43,75.784
2026-06-26T10:05:02.369120+00:00,scheduler,1,2,1647.9,11264.0,40,52.287
2026-06-26T10:05:07.374068+00:00,scheduler,0,0,9009.9,11264.0,41,54.289
2026-06-26T10:05:07.374068+00:00,scheduler,1,2,2493.9,11264.0,40,52.39
2026-06-26T10:05:12.380268+00:00,scheduler,0,0,9009.9,11264.0,41,54.578
2026-06-26T10:05:12.380268+00:00,scheduler,1,2,3591.9,11264.0,40,51.977
2026-06-26T10:05:17.385762+00:00,scheduler,0,0,9009.9,11264.0,41,54.746
2026-06-26T10:05:17.385762+00:00,scheduler,1,1,4527.9,11264.0,40,52.572
2026-06-26T10:05:22.401406+00:00,scheduler,0,0,9009.9,11264.0,41,54.937
2026-06-26T10:05:22.401406+00:00,scheduler,1,1,5229.9,11264.0,40,52.423
2026-06-26T10:05:27.406900+00:00,scheduler,0,0,9009.9,11264.0,41,54.554
2026-06-26T10:05:27.406900+00:00,scheduler,1,1,5931.9,11264.0,40,52.223
2026-06-26T10:05:32.414460+00:00,scheduler,0,0,9009.9,11264.0,41,54.402
2026-06-26T10:05:32.414460+00:00,scheduler,1,2,6867.9,11264.0,40,52.17
2026-06-26T10:05:37.429310+00:00,scheduler,0,0,9009.9,11264.0,42,54.314
2026-06-26T10:05:37.429310+00:00,scheduler,1,1,7641.9,11264.0,40,52.358
2026-06-26T10:05:42.435947+00:00,scheduler,0,0,9009.9,11264.0,42,54.57
2026-06-26T10:05:42.435947+00:00,scheduler,1,100,10927.9,11264.0,47,251.102
2026-06-26T10:05:47.444025+00:00,scheduler,0,0,9009.9,11264.0,42,54.092
2026-06-26T10:05:47.444025+00:00,scheduler,1,100,10927.9,11264.0,48,249.499
2026-06-26T10:05:52.452526+00:00,scheduler,0,0,9009.9,11264.0,42,54.18
2026-06-26T10:05:52.452526+00:00,scheduler,1,100,10929.9,11264.0,49,246.178
2026-06-26T10:05:57.466111+00:00,scheduler,0,0,9009.9,11264.0,42,54.405
2026-06-26T10:05:57.466111+00:00,scheduler,1,100,10929.9,11264.0,51,241.432
2026-06-26T10:06:02.473158+00:00,scheduler,0,0,9009.9,11264.0,42,54.781
2026-06-26T10:06:02.473158+00:00,scheduler,1,100,10929.9,11264.0,51,245.894
2026-06-26T10:06:07.480917+00:00,scheduler,0,0,9009.9,11264.0,42,54.951
2026-06-26T10:06:07.480917+00:00,scheduler,1,100,10929.9,11264.0,53,253.832
2026-06-26T10:06:12.486608+00:00,scheduler,0,0,9009.9,11264.0,42,54.888
2026-06-26T10:06:12.486608+00:00,scheduler,1,100,10929.9,11264.0,53,251.319
2026-06-26T10:06:17.493798+00:00,scheduler,0,0,9009.9,11264.0,42,54.762
2026-06-26T10:06:17.493798+00:00,scheduler,1,100,10929.9,11264.0,54,253.613
2026-06-26T10:06:22.504613+00:00,scheduler,0,0,9009.9,11264.0,42,55.323
2026-06-26T10:06:22.504613+00:00,scheduler,1,100,10929.9,11264.0,55,243.055
2026-06-26T10:06:27.516077+00:00,scheduler,0,0,9009.9,11264.0,42,54.707
2026-06-26T10:06:27.516077+00:00,scheduler,1,100,10929.9,11264.0,55,247.063
2026-06-26T10:06:32.527219+00:00,scheduler,0,0,9009.9,11264.0,42,54.858
2026-06-26T10:06:32.527219+00:00,scheduler,1,100,10929.9,11264.0,56,247.747
2026-06-26T10:06:37.534357+00:00,scheduler,0,0,9009.9,11264.0,42,54.348
2026-06-26T10:06:37.534357+00:00,scheduler,1,100,10929.9,11264.0,56,246.051
2026-06-26T10:06:42.539820+00:00,scheduler,0,0,9009.9,11264.0,42,54.824
2026-06-26T10:06:42.539820+00:00,scheduler,1,100,10929.9,11264.0,57,244.778
2026-06-26T10:06:47.545300+00:00,scheduler,0,0,9009.9,11264.0,42,54.313
2026-06-26T10:06:47.545300+00:00,scheduler,1,100,10929.9,11264.0,57,245.25
2026-06-26T10:06:52.550739+00:00,scheduler,0,0,9009.9,11264.0,42,54.537
2026-06-26T10:06:52.550739+00:00,scheduler,1,100,10929.9,11264.0,57,245.041
2026-06-26T10:06:57.556295+00:00,scheduler,0,0,9009.9,11264.0,43,54.812
2026-06-26T10:06:57.556295+00:00,scheduler,1,100,10929.9,11264.0,57,247.952
2026-06-26T10:07:02.563612+00:00,scheduler,0,0,9009.9,11264.0,42,55.053
2026-06-26T10:07:02.563612+00:00,scheduler,1,100,10929.9,11264.0,57,249.276
2026-06-26T10:07:07.569958+00:00,scheduler,0,0,9009.9,11264.0,43,54.807
2026-06-26T10:07:07.569958+00:00,scheduler,1,100,10929.9,11264.0,57,256.821
2026-06-26T10:07:12.578804+00:00,scheduler,0,0,9009.9,11264.0,43,55.02
2026-06-26T10:07:12.578804+00:00,scheduler,1,100,10929.9,11264.0,57,246.589
2026-06-26T10:07:17.584127+00:00,scheduler,0,0,9009.9,11264.0,43,54.974
2026-06-26T10:07:17.584127+00:00,scheduler,1,100,10929.9,11264.0,58,248.251
2026-06-26T10:07:22.591853+00:00,scheduler,0,0,9009.9,11264.0,43,55.371
2026-06-26T10:07:22.591853+00:00,scheduler,1,100,10929.9,11264.0,58,247.627
2026-06-26T10:07:27.597668+00:00,scheduler,0,0,9009.9,11264.0,43,55.121
2026-06-26T10:07:27.597668+00:00,scheduler,1,100,10929.9,11264.0,57,255.83
2026-06-26T10:07:32.603373+00:00,scheduler,0,0,9009.9,11264.0,43,55.025
2026-06-26T10:07:32.603373+00:00,scheduler,1,100,10929.9,11264.0,58,248.485
2026-06-26T10:07:37.612630+00:00,scheduler,0,0,9009.9,11264.0,43,54.992
2026-06-26T10:07:37.612630+00:00,scheduler,1,100,10929.9,11264.0,58,249.542
2026-06-26T10:07:42.621050+00:00,scheduler,0,0,9009.9,11264.0,43,54.941
2026-06-26T10:07:42.621050+00:00,scheduler,1,100,10929.9,11264.0,58,239.502
2026-06-26T10:07:47.626403+00:00,scheduler,0,0,9009.9,11264.0,43,54.897
2026-06-26T10:07:47.626403+00:00,scheduler,1,100,10929.9,11264.0,58,246.836
2026-06-26T10:07:52.631881+00:00,scheduler,0,0,9009.9,11264.0,43,54.585
2026-06-26T10:07:52.631881+00:00,scheduler,1,100,10929.9,11264.0,58,245.093
2026-06-26T10:07:57.637353+00:00,scheduler,0,0,9009.9,11264.0,43,55.391
2026-06-26T10:07:57.637353+00:00,scheduler,1,100,10929.9,11264.0,58,244.933
2026-06-26T10:08:02.644397+00:00,scheduler,0,0,9009.9,11264.0,43,54.847
2026-06-26T10:08:02.644397+00:00,scheduler,1,100,10929.9,11264.0,58,248.082
2026-06-26T10:08:07.649862+00:00,scheduler,0,0,9009.9,11264.0,43,55.07
2026-06-26T10:08:07.649862+00:00,scheduler,1,100,10929.9,11264.0,58,249.279
2026-06-26T10:08:12.655323+00:00,scheduler,0,0,9009.9,11264.0,43,55.274
2026-06-26T10:08:12.655323+00:00,scheduler,1,100,10929.9,11264.0,58,241.937
2026-06-26T10:08:17.660547+00:00,scheduler,0,0,9009.9,11264.0,43,55.315
2026-06-26T10:08:17.660547+00:00,scheduler,1,100,10929.9,11264.0,58,249.285
2026-06-26T10:08:22.666763+00:00,scheduler,0,0,9009.9,11264.0,43,55.147
2026-06-26T10:08:22.666763+00:00,scheduler,1,100,10929.9,11264.0,58,243.184
2026-06-26T10:08:27.673821+00:00,scheduler,0,0,9009.9,11264.0,43,55.367
2026-06-26T10:08:27.673821+00:00,scheduler,1,100,10929.9,11264.0,58,250.225
2026-06-26T10:08:32.680790+00:00,scheduler,0,0,9009.9,11264.0,43,55.096
2026-06-26T10:08:32.680790+00:00,scheduler,1,100,10929.9,11264.0,58,247.933
2026-06-26T10:08:37.687067+00:00,scheduler,0,3,9009.9,11264.0,43,55.187
2026-06-26T10:08:37.687067+00:00,scheduler,1,100,10929.9,11264.0,58,249.859
2026-06-26T10:08:42.692547+00:00,scheduler,0,2,9009.9,11264.0,43,55.286
2026-06-26T10:08:42.692547+00:00,scheduler,1,100,10929.9,11264.0,58,256.259
2026-06-26T10:08:47.699363+00:00,scheduler,0,2,1633.9,11264.0,43,55.378
2026-06-26T10:08:47.699363+00:00,scheduler,1,100,10929.9,11264.0,58,250.78
2026-06-26T10:08:52.708740+00:00,scheduler,0,3,3145.9,11264.0,43,55.179
2026-06-26T10:08:52.708740+00:00,scheduler,1,100,10929.9,11264.0,58,242.997
2026-06-26T10:08:57.715006+00:00,scheduler,0,2,4531.9,11264.0,43,54.887
2026-06-26T10:08:57.715006+00:00,scheduler,1,100,10929.9,11264.0,58,256.243
2026-06-26T10:09:02.722019+00:00,scheduler,0,100,11165.9,11264.0,50,256.082
2026-06-26T10:09:02.722019+00:00,scheduler,1,100,10929.9,11264.0,58,245.936
2026-06-26T10:09:07.730057+00:00,scheduler,0,100,11165.9,11264.0,51,238.61
2026-06-26T10:09:07.730057+00:00,scheduler,1,100,10929.9,11264.0,58,246.405
2026-06-26T10:09:12.736545+00:00,scheduler,0,100,11167.9,11264.0,53,242.637
2026-06-26T10:09:12.736545+00:00,scheduler,1,100,10929.9,11264.0,58,240.118
2026-06-26T10:09:17.745868+00:00,scheduler,0,100,11167.9,11264.0,54,240.354
2026-06-26T10:09:17.745868+00:00,scheduler,1,100,10929.9,11264.0,58,250.977
2026-06-26T10:09:22.751949+00:00,scheduler,0,100,11167.9,11264.0,55,241.808
2026-06-26T10:09:22.751949+00:00,scheduler,1,100,10929.9,11264.0,58,254.875
2026-06-26T10:09:27.761664+00:00,scheduler,0,100,11167.9,11264.0,55,247.053
2026-06-26T10:09:27.761664+00:00,scheduler,1,100,10929.9,11264.0,58,246.866
2026-06-26T10:09:32.772529+00:00,scheduler,0,100,11167.9,11264.0,56,243.968
2026-06-26T10:09:32.772529+00:00,scheduler,1,100,10929.9,11264.0,58,240.028
2026-06-26T10:09:37.781705+00:00,scheduler,0,100,11167.9,11264.0,57,250.765
2026-06-26T10:09:37.781705+00:00,scheduler,1,100,10929.9,11264.0,58,253.637
2026-06-26T10:09:42.791258+00:00,scheduler,0,100,11167.9,11264.0,57,244.98
2026-06-26T10:09:42.791258+00:00,scheduler,1,100,10929.9,11264.0,57,247.327
2026-06-26T10:09:47.800455+00:00,scheduler,0,100,11167.9,11264.0,58,248.937
2026-06-26T10:09:47.800455+00:00,scheduler,1,100,10929.9,11264.0,58,242.172
2026-06-26T10:09:52.808998+00:00,scheduler,0,100,11167.9,11264.0,59,242.447
2026-06-26T10:09:52.808998+00:00,scheduler,1,100,10929.9,11264.0,57,253.766
2026-06-26T10:09:57.815616+00:00,scheduler,0,100,11167.9,11264.0,59,246.073
2026-06-26T10:09:57.815616+00:00,scheduler,1,100,10929.9,11264.0,57,246.632
2026-06-26T10:10:02.823544+00:00,scheduler,0,100,11167.9,11264.0,59,245.84
2026-06-26T10:10:02.823544+00:00,scheduler,1,100,10929.9,11264.0,58,252.836
2026-06-26T10:10:07.835552+00:00,scheduler,0,100,11167.9,11264.0,59,245.212
2026-06-26T10:10:07.835552+00:00,scheduler,1,100,10929.9,11264.0,57,247.722
2026-06-26T10:10:12.842281+00:00,scheduler,0,100,11167.9,11264.0,59,253.908
2026-06-26T10:10:12.842281+00:00,scheduler,1,100,10929.9,11264.0,58,250.206
2026-06-26T10:10:17.849010+00:00,scheduler,0,100,11167.9,11264.0,60,239.424
2026-06-26T10:10:17.849010+00:00,scheduler,1,100,10929.9,11264.0,57,250.322
2026-06-26T10:10:22.859751+00:00,scheduler,0,100,11167.9,11264.0,60,251.056
2026-06-26T10:10:22.859751+00:00,scheduler,1,100,10929.9,11264.0,57,247.043
2026-06-26T10:10:27.871870+00:00,scheduler,0,100,11167.9,11264.0,60,246.577
2026-06-26T10:10:27.871870+00:00,scheduler,1,100,10929.9,11264.0,58,242.924
2026-06-26T10:10:32.880497+00:00,scheduler,0,100,11167.9,11264.0,60,248.778
2026-06-26T10:10:32.880497+00:00,scheduler,1,100,10929.9,11264.0,57,254.333
2026-06-26T10:10:37.887266+00:00,scheduler,0,100,11167.9,11264.0,60,247.351
2026-06-26T10:10:37.887266+00:00,scheduler,1,100,10929.9,11264.0,57,245.943
2026-06-26T10:10:42.895882+00:00,scheduler,0,100,11167.9,11264.0,60,248.657
2026-06-26T10:10:42.895882+00:00,scheduler,1,100,10929.9,11264.0,58,250.099
2026-06-26T10:10:47.901422+00:00,scheduler,0,100,11167.9,11264.0,60,245.942
2026-06-26T10:10:47.901422+00:00,scheduler,1,100,10929.9,11264.0,58,242.608
2026-06-26T10:10:52.910410+00:00,scheduler,0,100,11167.9,11264.0,60,247.531
2026-06-26T10:10:52.910410+00:00,scheduler,1,100,10929.9,11264.0,57,247.474
2026-06-26T10:10:57.921443+00:00,scheduler,0,100,11167.9,11264.0,60,255.973
2026-06-26T10:10:57.921443+00:00,scheduler,1,100,10929.9,11264.0,57,256.33
2026-06-26T10:11:02.932628+00:00,scheduler,0,100,11167.9,11264.0,60,245.131
2026-06-26T10:11:02.932628+00:00,scheduler,1,100,10929.9,11264.0,57,247.946
2026-06-26T10:11:07.940898+00:00,scheduler,0,100,11167.9,11264.0,60,245.564
2026-06-26T10:11:07.940898+00:00,scheduler,1,100,10929.9,11264.0,57,249.172
2026-06-26T10:11:12.948889+00:00,scheduler,0,100,11167.9,11264.0,60,252.274
2026-06-26T10:11:12.948889+00:00,scheduler,1,100,10929.9,11264.0,58,252.242
2026-06-26T10:11:17.957996+00:00,scheduler,0,100,11167.9,11264.0,60,240.683
2026-06-26T10:11:17.957996+00:00,scheduler,1,100,10929.9,11264.0,58,250.602
2026-06-26T10:11:22.966817+00:00,scheduler,0,100,11167.9,11264.0,60,243.618
2026-06-26T10:11:22.966817+00:00,scheduler,1,100,10929.9,11264.0,57,249.865
2026-06-26T10:11:27.976489+00:00,scheduler,0,100,11167.9,11264.0,60,245.143
2026-06-26T10:11:27.976489+00:00,scheduler,1,1,10929.9,11264.0,53,62.379
2026-06-26T10:11:32.985525+00:00,scheduler,0,100,11167.9,11264.0,60,251.181
2026-06-26T10:11:32.985525+00:00,scheduler,1,0,10929.9,11264.0,50,55.847
2026-06-26T10:11:37.994751+00:00,scheduler,0,100,11167.9,11264.0,60,238.329
2026-06-26T10:11:37.994751+00:00,scheduler,1,0,10929.9,11264.0,48,54.911
2026-06-26T10:11:43.003192+00:00,scheduler,0,100,11167.9,11264.0,60,246.809
2026-06-26T10:11:43.003192+00:00,scheduler,1,0,10929.9,11264.0,47,54.816
2026-06-26T10:11:48.008727+00:00,scheduler,0,100,11167.9,11264.0,60,247.787
2026-06-26T10:11:48.008727+00:00,scheduler,1,0,10929.9,11264.0,46,54.103
2026-06-26T10:11:53.014371+00:00,scheduler,0,100,11167.9,11264.0,60,254.132
2026-06-26T10:11:53.014371+00:00,scheduler,1,0,10929.9,11264.0,45,53.615
2026-06-26T10:11:58.072585+00:00,scheduler,0,100,11167.9,11264.0,60,242.758
2026-06-26T10:11:58.072585+00:00,scheduler,1,1,10929.9,11264.0,45,53.698
2026-06-26T10:12:03.080216+00:00,scheduler,0,100,11167.9,11264.0,60,244.866
2026-06-26T10:12:03.080216+00:00,scheduler,1,1,10929.9,11264.0,44,53.828
2026-06-26T10:12:08.092542+00:00,scheduler,0,100,11167.9,11264.0,60,246.602
2026-06-26T10:12:08.092542+00:00,scheduler,1,1,10929.9,11264.0,44,53.721
2026-06-26T10:12:13.102041+00:00,scheduler,0,100,11167.9,11264.0,60,246.859
2026-06-26T10:12:13.102041+00:00,scheduler,1,1,10929.9,11264.0,43,53.126
2026-06-26T10:12:18.116677+00:00,scheduler,0,100,11167.9,11264.0,60,247.495
2026-06-26T10:12:18.116677+00:00,scheduler,1,29,885.9,11264.0,44,73.115
2026-06-26T10:12:23.123942+00:00,scheduler,0,100,11167.9,11264.0,60,248.034
2026-06-26T10:12:23.123942+00:00,scheduler,1,0,4985.9,11264.0,44,53.632
2026-06-26T10:12:28.130538+00:00,scheduler,0,100,11167.9,11264.0,60,252.393
2026-06-26T10:12:28.130538+00:00,scheduler,1,0,4985.9,11264.0,43,53.51
2026-06-26T10:12:33.137266+00:00,scheduler,0,100,11167.9,11264.0,60,239.632
2026-06-26T10:12:33.137266+00:00,scheduler,1,0,1627.9,11264.0,43,53.164
2026-06-26T10:12:38.142543+00:00,scheduler,0,100,11167.9,11264.0,60,245.192
2026-06-26T10:12:38.142543+00:00,scheduler,1,0,1627.9,11264.0,43,52.897
2026-06-26T10:12:43.148744+00:00,scheduler,0,100,11167.9,11264.0,60,252.128
2026-06-26T10:12:43.148744+00:00,scheduler,1,0,1627.9,11264.0,42,52.675
2026-06-26T10:12:48.154427+00:00,scheduler,0,100,11167.9,11264.0,60,240.189
2026-06-26T10:12:48.154427+00:00,scheduler,1,0,1627.9,11264.0,42,52.551
2026-06-26T10:12:53.159840+00:00,scheduler,0,100,11167.9,11264.0,60,244.176
2026-06-26T10:12:53.159840+00:00,scheduler,1,0,1627.9,11264.0,42,52.856
2026-06-26T10:12:58.165880+00:00,scheduler,0,100,11167.9,11264.0,60,245.867
2026-06-26T10:12:58.165880+00:00,scheduler,1,0,1627.9,11264.0,42,53.128
2026-06-26T10:13:03.172805+00:00,scheduler,0,100,11167.9,11264.0,60,255.535
2026-06-26T10:13:03.172805+00:00,scheduler,1,0,1627.9,11264.0,42,52.77
2026-06-26T10:13:08.179585+00:00,scheduler,0,100,11167.9,11264.0,60,240.763
2026-06-26T10:13:08.179585+00:00,scheduler,1,0,1627.9,11264.0,41,52.68
2026-06-26T10:13:13.191012+00:00,scheduler,0,100,11167.9,11264.0,60,244.111
2026-06-26T10:13:13.191012+00:00,scheduler,1,0,1627.9,11264.0,41,52.711
2026-06-26T10:13:18.196546+00:00,scheduler,0,100,11167.9,11264.0,60,244.593
2026-06-26T10:13:18.196546+00:00,scheduler,1,0,1647.9,11264.0,41,52.618
2026-06-26T10:13:23.202023+00:00,scheduler,0,100,11167.9,11264.0,60,238.345
2026-06-26T10:13:23.202023+00:00,scheduler,1,0,1763.9,11264.0,41,52.729
2026-06-26T10:13:28.208191+00:00,scheduler,0,100,11167.9,11264.0,60,247.608
2026-06-26T10:13:28.208191+00:00,scheduler,1,0,1899.9,11264.0,41,52.875
2026-06-26T10:13:33.217615+00:00,scheduler,0,100,11167.9,11264.0,60,246.316
2026-06-26T10:13:33.217615+00:00,scheduler,1,0,1995.9,11264.0,41,52.67
2026-06-26T10:13:38.225793+00:00,scheduler,0,100,11167.9,11264.0,60,251.25
2026-06-26T10:13:38.225793+00:00,scheduler,1,0,2151.9,11264.0,41,52.382
2026-06-26T10:13:43.234085+00:00,scheduler,0,100,11167.9,11264.0,60,248.823
2026-06-26T10:13:43.234085+00:00,scheduler,1,0,2239.9,11264.0,41,52.262
2026-06-26T10:13:48.239413+00:00,scheduler,0,100,11167.9,11264.0,60,251.108
2026-06-26T10:13:48.239413+00:00,scheduler,1,0,2335.9,11264.0,41,52.718
2026-06-26T10:13:53.244971+00:00,scheduler,0,100,11167.9,11264.0,60,246.37
2026-06-26T10:13:53.244971+00:00,scheduler,1,0,2491.9,11264.0,41,52.519
2026-06-26T10:13:58.250525+00:00,scheduler,0,100,11167.9,11264.0,60,255.899
2026-06-26T10:13:58.250525+00:00,scheduler,1,0,2587.9,11264.0,41,52.556
2026-06-26T10:14:03.256418+00:00,scheduler,0,100,11167.9,11264.0,60,241.935
2026-06-26T10:14:03.256418+00:00,scheduler,1,0,2675.9,11264.0,41,52.903
2026-06-26T10:14:08.261936+00:00,scheduler,0,100,11167.9,11264.0,60,246.547
2026-06-26T10:14:08.261936+00:00,scheduler,1,0,2771.9,11264.0,41,52.348
2026-06-26T10:14:13.269812+00:00,scheduler,0,100,11167.9,11264.0,60,240.864
2026-06-26T10:14:13.269812+00:00,scheduler,1,0,2927.9,11264.0,41,52.487
2026-06-26T10:14:18.275673+00:00,scheduler,0,100,11167.9,11264.0,60,246.764
2026-06-26T10:14:18.275673+00:00,scheduler,1,0,3015.9,11264.0,41,52.379
2026-06-26T10:14:23.282658+00:00,scheduler,0,100,11167.9,11264.0,60,248.751
2026-06-26T10:14:23.282658+00:00,scheduler,1,0,3159.9,11264.0,40,52.669
2026-06-26T10:14:28.291214+00:00,scheduler,0,100,11167.9,11264.0,60,241.919
2026-06-26T10:14:28.291214+00:00,scheduler,1,0,3267.9,11264.0,40,52.501
2026-06-26T10:14:33.299736+00:00,scheduler,0,100,11167.9,11264.0,60,250.079
2026-06-26T10:14:33.299736+00:00,scheduler,1,0,3383.9,11264.0,40,52.628
2026-06-26T10:14:38.306269+00:00,scheduler,0,100,11167.9,11264.0,60,245.939
2026-06-26T10:14:38.306269+00:00,scheduler,1,0,3499.9,11264.0,40,52.628
2026-06-26T10:14:43.314052+00:00,scheduler,0,100,11167.9,11264.0,57,89.345
2026-06-26T10:14:43.314052+00:00,scheduler,1,0,3567.9,11264.0,40,52.709
2026-06-26T10:14:48.319236+00:00,scheduler,0,0,11167.9,11264.0,53,57.476
2026-06-26T10:14:48.319236+00:00,scheduler,1,0,3703.9,11264.0,40,52.425
2026-06-26T10:14:53.325745+00:00,scheduler,0,0,11167.9,11264.0,51,57.526
2026-06-26T10:14:53.325745+00:00,scheduler,1,0,3839.9,11264.0,40,52.627
2026-06-26T10:14:58.331232+00:00,scheduler,0,0,11167.9,11264.0,50,57.405
2026-06-26T10:14:58.331232+00:00,scheduler,1,0,3935.9,11264.0,40,53.0
2026-06-26T10:15:03.338856+00:00,scheduler,0,1,11167.9,11264.0,49,56.909
2026-06-26T10:15:03.338856+00:00,scheduler,1,0,4091.9,11264.0,40,52.898
2026-06-26T10:15:08.344190+00:00,scheduler,0,0,11167.9,11264.0,48,56.661
2026-06-26T10:15:08.344190+00:00,scheduler,1,0,4159.9,11264.0,40,52.536
2026-06-26T10:15:13.351311+00:00,scheduler,0,1,11167.9,11264.0,48,56.633
2026-06-26T10:15:13.351311+00:00,scheduler,1,0,4323.9,11264.0,40,52.395
2026-06-26T10:15:18.361247+00:00,scheduler,0,1,11167.9,11264.0,47,56.395
2026-06-26T10:15:18.361247+00:00,scheduler,1,0,4431.9,11264.0,40,52.499
2026-06-26T10:15:23.369535+00:00,scheduler,0,1,11167.9,11264.0,47,56.364
2026-06-26T10:15:23.369535+00:00,scheduler,1,0,4431.9,11264.0,40,52.541
2026-06-26T10:15:28.374999+00:00,scheduler,0,1,11167.9,11264.0,46,56.179
2026-06-26T10:15:28.374999+00:00,scheduler,1,0,4527.9,11264.0,40,52.977
2026-06-26T10:15:33.383398+00:00,scheduler,0,6,11167.9,11264.0,46,56.245
2026-06-26T10:15:33.383398+00:00,scheduler,1,0,4615.9,11264.0,40,52.68
2026-06-26T10:15:38.400404+00:00,scheduler,0,0,5223.9,11264.0,47,56.54
2026-06-26T10:15:38.400404+00:00,scheduler,1,0,4867.9,11264.0,40,52.395
2026-06-26T10:15:43.405652+00:00,scheduler,0,0,5223.9,11264.0,46,56.339
2026-06-26T10:15:43.405652+00:00,scheduler,1,0,5003.9,11264.0,40,52.652
2026-06-26T10:15:48.413051+00:00,scheduler,0,0,1867.9,11264.0,46,55.842
2026-06-26T10:15:48.413051+00:00,scheduler,1,0,5207.9,11264.0,40,52.467
2026-06-26T10:15:53.420058+00:00,scheduler,0,0,1867.9,11264.0,45,55.866
2026-06-26T10:15:53.420058+00:00,scheduler,1,0,5343.9,11264.0,40,52.584
2026-06-26T10:15:58.425864+00:00,scheduler,0,0,1867.9,11264.0,45,55.002
2026-06-26T10:15:58.425864+00:00,scheduler,1,1,5643.9,11264.0,40,52.399
2026-06-26T10:16:03.433173+00:00,scheduler,0,0,1867.9,11264.0,45,55.352
2026-06-26T10:16:03.433173+00:00,scheduler,1,1,5875.9,11264.0,40,52.312
2026-06-26T10:16:08.438739+00:00,scheduler,0,0,1867.9,11264.0,45,55.802
2026-06-26T10:16:08.438739+00:00,scheduler,1,0,6031.9,11264.0,40,52.82
2026-06-26T10:16:13.445365+00:00,scheduler,0,0,1867.9,11264.0,45,55.224
2026-06-26T10:16:13.445365+00:00,scheduler,1,0,6215.9,11264.0,40,52.481
2026-06-26T10:16:18.452326+00:00,scheduler,0,0,1867.9,11264.0,44,55.422
2026-06-26T10:16:18.452326+00:00,scheduler,1,0,6371.9,11264.0,40,52.098
2026-06-26T10:16:23.457669+00:00,scheduler,0,0,1867.9,11264.0,44,55.818
2026-06-26T10:16:23.457669+00:00,scheduler,1,0,6555.9,11264.0,40,52.853
2026-06-26T10:16:28.463022+00:00,scheduler,0,0,1867.9,11264.0,44,55.751
2026-06-26T10:16:28.463022+00:00,scheduler,1,0,6711.9,11264.0,40,52.615
2026-06-26T10:16:33.470801+00:00,scheduler,0,0,1955.9,11264.0,44,55.872
2026-06-26T10:16:33.470801+00:00,scheduler,1,0,6855.9,11264.0,40,52.812
2026-06-26T10:16:38.477139+00:00,scheduler,0,0,2003.9,11264.0,44,55.713
2026-06-26T10:16:38.477139+00:00,scheduler,1,0,6991.9,11264.0,40,52.543
2026-06-26T10:16:43.485049+00:00,scheduler,0,0,2139.9,11264.0,44,55.711
2026-06-26T10:16:43.485049+00:00,scheduler,1,0,7195.9,11264.0,40,52.751
2026-06-26T10:16:48.492596+00:00,scheduler,0,0,2235.9,11264.0,44,55.353
2026-06-26T10:16:48.492596+00:00,scheduler,1,0,7379.9,11264.0,40,52.969
2026-06-26T10:16:53.499154+00:00,scheduler,0,0,2343.9,11264.0,44,55.605
2026-06-26T10:16:53.499154+00:00,scheduler,1,0,7447.9,11264.0,40,52.403
2026-06-26T10:16:58.504676+00:00,scheduler,0,0,2479.9,11264.0,44,54.849
2026-06-26T10:16:58.504676+00:00,scheduler,1,0,7583.9,11264.0,40,52.588
2026-06-26T10:17:03.510167+00:00,scheduler,0,0,2623.9,11264.0,44,54.94
2026-06-26T10:17:03.510167+00:00,scheduler,1,0,7719.9,11264.0,40,52.744
2026-06-26T10:17:08.515566+00:00,scheduler,0,0,2731.9,11264.0,43,54.283
2026-06-26T10:17:08.515566+00:00,scheduler,1,0,7855.9,11264.0,40,52.655
2026-06-26T10:17:13.521250+00:00,scheduler,0,0,2779.9,11264.0,43,54.474
2026-06-26T10:17:13.521250+00:00,scheduler,1,0,8019.9,11264.0,40,52.538
2026-06-26T10:17:18.527784+00:00,scheduler,0,0,2963.9,11264.0,43,55.33
2026-06-26T10:17:18.527784+00:00,scheduler,1,0,8107.9,11264.0,40,52.652
2026-06-26T10:17:23.534424+00:00,scheduler,0,0,3235.9,11264.0,43,55.569
2026-06-26T10:17:23.534424+00:00,scheduler,1,0,8203.9,11264.0,40,52.497
2026-06-26T10:17:28.540159+00:00,scheduler,0,2,4011.9,11264.0,43,55.454
2026-06-26T10:17:28.540159+00:00,scheduler,1,0,8359.9,11264.0,40,52.741
2026-06-26T10:17:33.545551+00:00,scheduler,0,0,4671.9,11264.0,43,54.784
2026-06-26T10:17:33.545551+00:00,scheduler,1,72,8761.9,11264.0,43,64.857
2026-06-26T10:17:38.550557+00:00,scheduler,0,2,5175.9,11264.0,43,54.98
2026-06-26T10:17:38.550557+00:00,scheduler,1,7,8761.9,11264.0,41,53.198
2026-06-26T10:17:43.557442+00:00,scheduler,0,0,6115.9,11264.0,43,54.938
2026-06-26T10:17:43.557442+00:00,scheduler,1,21,881.9,11264.0,42,73.608
2026-06-26T10:17:48.562461+00:00,scheduler,0,0,6407.9,11264.0,43,55.308
2026-06-26T10:17:48.562461+00:00,scheduler,1,0,881.9,11264.0,41,53.343
2026-06-26T10:17:53.567688+00:00,scheduler,0,0,6523.9,11264.0,43,55.022
2026-06-26T10:17:53.567688+00:00,scheduler,1,0,1107.9,11264.0,41,52.981
2026-06-26T10:17:58.573756+00:00,scheduler,0,3,6951.9,11264.0,43,55.184
2026-06-26T10:17:58.573756+00:00,scheduler,1,0,1143.9,11264.0,41,52.901
2026-06-26T10:18:03.579105+00:00,scheduler,0,0,7319.9,11264.0,43,55.445
2026-06-26T10:18:03.579105+00:00,scheduler,1,1,1395.9,11264.0,41,52.852
2026-06-26T10:18:08.585341+00:00,scheduler,0,1,7727.9,11264.0,43,55.531
2026-06-26T10:18:08.585341+00:00,scheduler,1,0,1683.9,11264.0,41,52.793
2026-06-26T10:18:13.590628+00:00,scheduler,0,1,8095.9,11264.0,43,55.114
2026-06-26T10:18:13.590628+00:00,scheduler,1,1,2061.9,11264.0,40,52.721
2026-06-26T10:18:18.595987+00:00,scheduler,0,0,8443.9,11264.0,43,54.903
2026-06-26T10:18:18.595987+00:00,scheduler,1,0,2277.9,11264.0,40,52.655
2026-06-26T10:18:23.601366+00:00,scheduler,0,92,9001.9,11264.0,49,172.037
2026-06-26T10:18:23.601366+00:00,scheduler,1,0,2565.9,11264.0,40,52.499
2026-06-26T10:18:28.606911+00:00,scheduler,0,8,9001.9,11264.0,44,55.656
2026-06-26T10:18:28.606911+00:00,scheduler,1,1,2961.9,11264.0,40,52.88
2026-06-26T10:18:33.612369+00:00,scheduler,0,24,6871.9,11264.0,44,56.628
2026-06-26T10:18:33.612369+00:00,scheduler,1,0,3087.9,11264.0,40,52.588
2026-06-26T10:18:38.618981+00:00,scheduler,0,100,11165.9,11264.0,51,252.174
2026-06-26T10:18:38.618981+00:00,scheduler,1,1,3591.9,11264.0,40,52.901
2026-06-26T10:18:43.625108+00:00,scheduler,0,100,11165.9,11264.0,52,255.633
2026-06-26T10:18:43.625108+00:00,scheduler,1,1,4293.9,11264.0,40,52.784
2026-06-26T10:18:48.630295+00:00,scheduler,0,100,11167.9,11264.0,53,242.126
2026-06-26T10:18:48.630295+00:00,scheduler,1,1,4833.9,11264.0,40,52.648
2026-06-26T10:18:53.635666+00:00,scheduler,0,100,11167.9,11264.0,54,247.39
2026-06-26T10:18:53.635666+00:00,scheduler,1,1,7875.9,11264.0,40,52.488
2026-06-26T10:18:58.642446+00:00,scheduler,0,100,11167.9,11264.0,55,248.389
2026-06-26T10:18:58.642446+00:00,scheduler,1,100,10927.9,11264.0,47,258.476
2026-06-26T10:19:03.648770+00:00,scheduler,0,100,11167.9,11264.0,56,242.64
2026-06-26T10:19:03.648770+00:00,scheduler,1,100,10927.9,11264.0,49,245.462
2026-06-26T10:19:08.656835+00:00,scheduler,0,100,11167.9,11264.0,57,247.472
2026-06-26T10:19:08.656835+00:00,scheduler,1,100,10929.9,11264.0,50,244.79
2026-06-26T10:19:13.662295+00:00,scheduler,0,100,11167.9,11264.0,57,246.812
2026-06-26T10:19:13.662295+00:00,scheduler,1,100,10929.9,11264.0,51,248.245
2026-06-26T10:19:18.670236+00:00,scheduler,0,100,11167.9,11264.0,58,244.69
2026-06-26T10:19:18.670236+00:00,scheduler,1,100,10929.9,11264.0,52,250.591
2026-06-26T10:19:23.677282+00:00,scheduler,0,100,11167.9,11264.0,59,238.54
2026-06-26T10:19:23.677282+00:00,scheduler,1,100,10929.9,11264.0,53,247.287
2026-06-26T10:19:28.684909+00:00,scheduler,0,100,11167.9,11264.0,59,238.973
2026-06-26T10:19:28.684909+00:00,scheduler,1,100,10929.9,11264.0,54,244.076
2026-06-26T10:19:33.690445+00:00,scheduler,0,100,11167.9,11264.0,59,248.3
2026-06-26T10:19:33.690445+00:00,scheduler,1,100,10929.9,11264.0,54,250.705
2026-06-26T10:19:38.696051+00:00,scheduler,0,100,11167.9,11264.0,59,247.388
2026-06-26T10:19:38.696051+00:00,scheduler,1,100,10929.9,11264.0,55,247.376
2026-06-26T10:19:43.701911+00:00,scheduler,0,100,11167.9,11264.0,59,247.223
2026-06-26T10:19:43.701911+00:00,scheduler,1,100,10929.9,11264.0,56,247.171
2026-06-26T10:19:48.711149+00:00,scheduler,0,100,11167.9,11264.0,60,246.803
2026-06-26T10:19:48.711149+00:00,scheduler,1,100,10929.9,11264.0,56,248.095
2026-06-26T10:19:53.717626+00:00,scheduler,0,100,11167.9,11264.0,60,246.347
2026-06-26T10:19:53.717626+00:00,scheduler,1,100,10929.9,11264.0,56,252.11
2026-06-26T10:19:58.723290+00:00,scheduler,0,100,11167.9,11264.0,60,245.61
2026-06-26T10:19:58.723290+00:00,scheduler,1,100,10929.9,11264.0,57,248.738
2026-06-26T10:20:03.729209+00:00,scheduler,0,100,11167.9,11264.0,60,249.105
2026-06-26T10:20:03.729209+00:00,scheduler,1,100,10929.9,11264.0,57,248.997
2026-06-26T10:20:08.736524+00:00,scheduler,0,100,11167.9,11264.0,60,242.793
2026-06-26T10:20:08.736524+00:00,scheduler,1,100,10929.9,11264.0,57,247.803
2026-06-26T10:20:13.743312+00:00,scheduler,0,100,11167.9,11264.0,60,245.651
2026-06-26T10:20:13.743312+00:00,scheduler,1,100,10929.9,11264.0,57,249.812
2026-06-26T10:20:18.752564+00:00,scheduler,0,100,11167.9,11264.0,60,245.858
2026-06-26T10:20:18.752564+00:00,scheduler,1,100,10929.9,11264.0,57,251.955
2026-06-26T10:20:23.758910+00:00,scheduler,0,100,11167.9,11264.0,60,243.855
2026-06-26T10:20:23.758910+00:00,scheduler,1,100,10929.9,11264.0,57,237.647
2026-06-26T10:20:28.764362+00:00,scheduler,0,100,11167.9,11264.0,60,256.091
2026-06-26T10:20:28.764362+00:00,scheduler,1,100,10929.9,11264.0,57,248.23
2026-06-26T10:20:33.773551+00:00,scheduler,0,100,11167.9,11264.0,60,242.972
2026-06-26T10:20:33.773551+00:00,scheduler,1,100,10929.9,11264.0,57,243.461
2026-06-26T10:20:38.779112+00:00,scheduler,0,100,11167.9,11264.0,60,241.538
2026-06-26T10:20:38.779112+00:00,scheduler,1,100,10929.9,11264.0,57,247.13
2026-06-26T10:20:43.786418+00:00,scheduler,0,100,11167.9,11264.0,60,247.137
2026-06-26T10:20:43.786418+00:00,scheduler,1,100,10929.9,11264.0,57,252.553
2026-06-26T10:20:48.791746+00:00,scheduler,0,100,11167.9,11264.0,60,239.767
2026-06-26T10:20:48.791746+00:00,scheduler,1,100,10929.9,11264.0,57,249.296
2026-06-26T10:20:53.799619+00:00,scheduler,0,100,11167.9,11264.0,60,245.914
2026-06-26T10:20:53.799619+00:00,scheduler,1,100,10929.9,11264.0,57,246.01
2026-06-26T10:20:58.807956+00:00,scheduler,0,100,11167.9,11264.0,60,248.423
2026-06-26T10:20:58.807956+00:00,scheduler,1,100,10929.9,11264.0,58,238.029
2026-06-26T10:21:03.815254+00:00,scheduler,0,100,11167.9,11264.0,60,252.607
2026-06-26T10:21:03.815254+00:00,scheduler,1,100,10929.9,11264.0,57,249.247
2026-06-26T10:21:08.821765+00:00,scheduler,0,100,11167.9,11264.0,60,243.952
2026-06-26T10:21:08.821765+00:00,scheduler,1,100,10929.9,11264.0,57,245.057
2026-06-26T10:21:13.828220+00:00,scheduler,0,100,11167.9,11264.0,60,248.64
2026-06-26T10:21:13.828220+00:00,scheduler,1,100,10929.9,11264.0,57,247.343
2026-06-26T10:21:18.835301+00:00,scheduler,0,100,11167.9,11264.0,60,253.622
2026-06-26T10:21:18.835301+00:00,scheduler,1,100,10929.9,11264.0,57,249.026
2026-06-26T10:21:23.844732+00:00,scheduler,0,100,11167.9,11264.0,60,239.251
2026-06-26T10:21:23.844732+00:00,scheduler,1,100,10929.9,11264.0,57,237.156
2026-06-26T10:21:28.853594+00:00,scheduler,0,100,11167.9,11264.0,60,246.324
2026-06-26T10:21:28.853594+00:00,scheduler,1,100,10929.9,11264.0,58,247.231
2026-06-26T10:21:33.859073+00:00,scheduler,0,100,11167.9,11264.0,60,246.9
2026-06-26T10:21:33.859073+00:00,scheduler,1,100,10929.9,11264.0,58,241.112
2026-06-26T10:21:38.868376+00:00,scheduler,0,100,11167.9,11264.0,60,238.981
2026-06-26T10:21:38.868376+00:00,scheduler,1,100,10929.9,11264.0,58,249.773
2026-06-26T10:21:43.877871+00:00,scheduler,0,100,11167.9,11264.0,60,245.665
2026-06-26T10:21:43.877871+00:00,scheduler,1,100,10929.9,11264.0,58,249.188
2026-06-26T10:21:48.887242+00:00,scheduler,0,100,11167.9,11264.0,60,248.793
2026-06-26T10:21:48.887242+00:00,scheduler,1,100,10929.9,11264.0,57,247.345
2026-06-26T10:21:53.894131+00:00,scheduler,0,100,11167.9,11264.0,60,247.754
2026-06-26T10:21:53.894131+00:00,scheduler,1,100,10929.9,11264.0,58,248.413
2026-06-26T10:21:58.899759+00:00,scheduler,0,100,11167.9,11264.0,60,237.614
2026-06-26T10:21:58.899759+00:00,scheduler,1,100,10929.9,11264.0,58,244.989
2026-06-26T10:22:03.905427+00:00,scheduler,0,100,11167.9,11264.0,60,247.18
2026-06-26T10:22:03.905427+00:00,scheduler,1,100,10929.9,11264.0,58,247.594
2026-06-26T10:22:08.911295+00:00,scheduler,0,100,11167.9,11264.0,60,252.54
2026-06-26T10:22:08.911295+00:00,scheduler,1,100,10929.9,11264.0,58,247.454
2026-06-26T10:22:13.917895+00:00,scheduler,0,100,11167.9,11264.0,60,252.128
2026-06-26T10:22:13.917895+00:00,scheduler,1,100,10929.9,11264.0,58,249.131
2026-06-26T10:22:18.926905+00:00,scheduler,0,100,11167.9,11264.0,60,244.837
2026-06-26T10:22:18.926905+00:00,scheduler,1,100,10929.9,11264.0,57,251.292
2026-06-26T10:22:23.937996+00:00,scheduler,0,100,11167.9,11264.0,61,248.691
2026-06-26T10:22:23.937996+00:00,scheduler,1,100,10929.9,11264.0,58,245.916
2026-06-26T10:22:28.945942+00:00,scheduler,0,100,11167.9,11264.0,60,247.02
2026-06-26T10:22:28.945942+00:00,scheduler,1,100,10929.9,11264.0,58,245.975
2026-06-26T10:22:33.952298+00:00,scheduler,0,100,11167.9,11264.0,60,240.645
2026-06-26T10:22:33.952298+00:00,scheduler,1,100,10929.9,11264.0,58,245.252
2026-06-26T10:22:38.961456+00:00,scheduler,0,100,11167.9,11264.0,60,242.883
2026-06-26T10:22:38.961456+00:00,scheduler,1,100,10929.9,11264.0,58,246.038
2026-06-26T10:22:43.970558+00:00,scheduler,0,100,11167.9,11264.0,60,245.611
2026-06-26T10:22:43.970558+00:00,scheduler,1,100,10929.9,11264.0,58,249.551
2026-06-26T10:22:48.976092+00:00,scheduler,0,100,11167.9,11264.0,60,255.35
2026-06-26T10:22:48.976092+00:00,scheduler,1,100,10929.9,11264.0,57,252.986
2026-06-26T10:22:53.986160+00:00,scheduler,0,100,11167.9,11264.0,60,239.33
2026-06-26T10:22:53.986160+00:00,scheduler,1,100,10929.9,11264.0,58,254.336
2026-06-26T10:22:58.992243+00:00,scheduler,0,100,11167.9,11264.0,60,242.888
2026-06-26T10:22:58.992243+00:00,scheduler,1,100,10929.9,11264.0,58,246.779
2026-06-26T10:23:03.999332+00:00,scheduler,0,100,11167.9,11264.0,60,246.38
2026-06-26T10:23:03.999332+00:00,scheduler,1,100,10929.9,11264.0,57,245.881
2026-06-26T10:23:09.004830+00:00,scheduler,0,100,11167.9,11264.0,60,247.004
2026-06-26T10:23:09.004830+00:00,scheduler,1,100,10929.9,11264.0,57,245.43
2026-06-26T10:23:14.011600+00:00,scheduler,0,100,11167.9,11264.0,60,246.556
2026-06-26T10:23:14.011600+00:00,scheduler,1,100,10929.9,11264.0,57,240.891
2026-06-26T10:23:19.017069+00:00,scheduler,0,100,11167.9,11264.0,60,246.131
2026-06-26T10:23:19.017069+00:00,scheduler,1,100,10929.9,11264.0,57,246.174
2026-06-26T10:23:24.024325+00:00,scheduler,0,100,11167.9,11264.0,60,250.618
2026-06-26T10:23:24.024325+00:00,scheduler,1,100,10929.9,11264.0,57,246.234
2026-06-26T10:23:29.032728+00:00,scheduler,0,100,11167.9,11264.0,60,247.232
2026-06-26T10:23:29.032728+00:00,scheduler,1,100,10929.9,11264.0,57,239.823
2026-06-26T10:23:34.049237+00:00,scheduler,0,100,11167.9,11264.0,60,238.293
2026-06-26T10:23:34.049237+00:00,scheduler,1,100,10929.9,11264.0,58,247.057
2026-06-26T10:23:39.054743+00:00,scheduler,0,100,11167.9,11264.0,60,248.494
2026-06-26T10:23:39.054743+00:00,scheduler,1,100,10929.9,11264.0,57,251.189
2026-06-26T10:23:44.061861+00:00,scheduler,0,100,11167.9,11264.0,60,239.56
2026-06-26T10:23:44.061861+00:00,scheduler,1,100,10929.9,11264.0,57,246.108
2026-06-26T10:23:49.071293+00:00,scheduler,0,100,11167.9,11264.0,60,245.529
2026-06-26T10:23:49.071293+00:00,scheduler,1,100,10929.9,11264.0,57,247.455
2026-06-26T10:23:54.081860+00:00,scheduler,0,100,11167.9,11264.0,60,245.271
2026-06-26T10:23:54.081860+00:00,scheduler,1,100,10929.9,11264.0,57,248.815
2026-06-26T10:23:59.094233+00:00,scheduler,0,100,11167.9,11264.0,60,249.448
2026-06-26T10:23:59.094233+00:00,scheduler,1,100,10929.9,11264.0,57,246.216
2026-06-26T10:24:04.101593+00:00,scheduler,0,100,11167.9,11264.0,60,248.592
2026-06-26T10:24:04.101593+00:00,scheduler,1,100,10929.9,11264.0,57,248.505
2026-06-26T10:24:09.108556+00:00,scheduler,0,100,11167.9,11264.0,60,247.963
2026-06-26T10:24:09.108556+00:00,scheduler,1,100,10929.9,11264.0,57,247.52
2026-06-26T10:24:14.115280+00:00,scheduler,0,100,11167.9,11264.0,60,246.403
2026-06-26T10:24:14.115280+00:00,scheduler,1,100,10929.9,11264.0,57,244.977
2026-06-26T10:24:19.120938+00:00,scheduler,0,7,11167.9,11264.0,55,63.05
2026-06-26T10:24:19.120938+00:00,scheduler,1,100,10929.9,11264.0,57,247.574
2026-06-26T10:24:24.128235+00:00,scheduler,0,9,11167.9,11264.0,53,57.618
2026-06-26T10:24:24.128235+00:00,scheduler,1,100,10929.9,11264.0,57,254.322
2026-06-26T10:24:29.137156+00:00,scheduler,0,8,2051.9,11264.0,53,85.934
2026-06-26T10:24:29.137156+00:00,scheduler,1,100,10929.9,11264.0,58,248.716
2026-06-26T10:24:34.144265+00:00,scheduler,0,28,9001.9,11264.0,55,249.995
2026-06-26T10:24:34.144265+00:00,scheduler,1,100,10929.9,11264.0,57,240.788
2026-06-26T10:24:39.151554+00:00,scheduler,0,10,9001.9,11264.0,51,57.36
2026-06-26T10:24:39.151554+00:00,scheduler,1,100,10929.9,11264.0,57,247.801
2026-06-26T10:24:44.160112+00:00,scheduler,0,100,11165.9,11264.0,56,252.241
2026-06-26T10:24:44.160112+00:00,scheduler,1,8,10929.9,11264.0,52,56.531
2026-06-26T10:24:49.172680+00:00,scheduler,0,100,11165.9,11264.0,57,245.606
2026-06-26T10:24:49.172680+00:00,scheduler,1,25,887.9,11264.0,50,75.202
2026-06-26T10:24:54.179001+00:00,scheduler,0,100,11167.9,11264.0,57,245.844
2026-06-26T10:24:54.179001+00:00,scheduler,1,84,4985.9,11264.0,51,75.5
2026-06-26T10:24:59.184055+00:00,scheduler,0,100,11167.9,11264.0,58,248.58
2026-06-26T10:24:59.184055+00:00,scheduler,1,1,1717.9,11264.0,48,55.075
2026-06-26T10:25:04.189718+00:00,scheduler,0,100,11167.9,11264.0,58,247.489
2026-06-26T10:25:04.189718+00:00,scheduler,1,28,8593.9,11264.0,50,152.508
2026-06-26T10:25:09.196906+00:00,scheduler,0,100,11167.9,11264.0,59,245.847
2026-06-26T10:25:09.196906+00:00,scheduler,1,18,8763.9,11264.0,48,74.323
2026-06-26T10:25:14.202044+00:00,scheduler,0,100,11167.9,11264.0,59,237.961
2026-06-26T10:25:14.202044+00:00,scheduler,1,100,10927.9,11264.0,52,256.471
2026-06-26T10:25:19.212886+00:00,scheduler,0,100,11167.9,11264.0,59,242.83
2026-06-26T10:25:19.212886+00:00,scheduler,1,100,10927.9,11264.0,53,248.663
2026-06-26T10:25:24.221620+00:00,scheduler,0,100,11167.9,11264.0,59,246.919
2026-06-26T10:25:24.221620+00:00,scheduler,1,100,10929.9,11264.0,54,245.637
2026-06-26T10:25:29.231340+00:00,scheduler,0,100,11167.9,11264.0,60,248.043
2026-06-26T10:25:29.231340+00:00,scheduler,1,100,10929.9,11264.0,54,247.001
2026-06-26T10:25:34.239609+00:00,scheduler,0,100,11167.9,11264.0,59,249.277
2026-06-26T10:25:34.239609+00:00,scheduler,1,100,10929.9,11264.0,55,252.67
2026-06-26T10:25:39.250132+00:00,scheduler,0,100,11167.9,11264.0,60,252.108
2026-06-26T10:25:39.250132+00:00,scheduler,1,100,10929.9,11264.0,56,252.532
2026-06-26T10:25:44.257729+00:00,scheduler,0,100,11167.9,11264.0,60,246.308
2026-06-26T10:25:44.257729+00:00,scheduler,1,100,10929.9,11264.0,56,246.953
2026-06-26T10:25:49.263196+00:00,scheduler,0,100,11167.9,11264.0,60,241.293
2026-06-26T10:25:49.263196+00:00,scheduler,1,100,10929.9,11264.0,56,247.11
2026-06-26T10:25:54.270375+00:00,scheduler,0,100,11167.9,11264.0,60,253.429
2026-06-26T10:25:54.270375+00:00,scheduler,1,100,10929.9,11264.0,56,255.535
2026-06-26T10:25:59.280545+00:00,scheduler,0,100,11167.9,11264.0,60,249.025
2026-06-26T10:25:59.280545+00:00,scheduler,1,100,10929.9,11264.0,57,240.45
2026-06-26T10:26:04.286202+00:00,scheduler,0,100,11167.9,11264.0,60,248.575
2026-06-26T10:26:04.286202+00:00,scheduler,1,100,10929.9,11264.0,57,244.428
2026-06-26T10:26:09.291876+00:00,scheduler,0,100,11167.9,11264.0,60,247.036
2026-06-26T10:26:09.291876+00:00,scheduler,1,100,10929.9,11264.0,57,239.532
2026-06-26T10:26:14.302550+00:00,scheduler,0,100,11167.9,11264.0,60,248.383
2026-06-26T10:26:14.302550+00:00,scheduler,1,100,10929.9,11264.0,57,250.876
2026-06-26T10:26:19.308173+00:00,scheduler,0,100,11167.9,11264.0,60,255.675
2026-06-26T10:26:19.308173+00:00,scheduler,1,100,10929.9,11264.0,57,240.637
2026-06-26T10:26:24.313556+00:00,scheduler,0,100,11167.9,11264.0,60,249.734
2026-06-26T10:26:24.313556+00:00,scheduler,1,100,10929.9,11264.0,57,247.169
2026-06-26T10:26:29.321338+00:00,scheduler,0,100,11167.9,11264.0,60,250.018
2026-06-26T10:26:29.321338+00:00,scheduler,1,100,10929.9,11264.0,57,242.6
2026-06-26T10:26:34.328094+00:00,scheduler,0,100,11167.9,11264.0,60,250.051
2026-06-26T10:26:34.328094+00:00,scheduler,1,100,10929.9,11264.0,57,256.06
2026-06-26T10:26:39.333940+00:00,scheduler,0,100,11167.9,11264.0,60,245.4
2026-06-26T10:26:39.333940+00:00,scheduler,1,100,10929.9,11264.0,58,248.876
2026-06-26T10:26:44.339443+00:00,scheduler,0,100,11167.9,11264.0,60,240.779
2026-06-26T10:26:44.339443+00:00,scheduler,1,100,10929.9,11264.0,57,248.34
2026-06-26T10:26:49.347160+00:00,scheduler,0,100,11167.9,11264.0,60,251.407
2026-06-26T10:26:49.347160+00:00,scheduler,1,100,10929.9,11264.0,58,245.713
2026-06-26T10:26:54.353274+00:00,scheduler,0,100,11167.9,11264.0,60,238.415
2026-06-26T10:26:54.353274+00:00,scheduler,1,100,10929.9,11264.0,58,245.852
2026-06-26T10:26:59.361879+00:00,scheduler,0,100,11167.9,11264.0,60,245.914
2026-06-26T10:26:59.361879+00:00,scheduler,1,100,10929.9,11264.0,58,248.316
2026-06-26T10:27:04.367643+00:00,scheduler,0,100,11167.9,11264.0,60,245.408
2026-06-26T10:27:04.367643+00:00,scheduler,1,100,10929.9,11264.0,57,251.084
2026-06-26T10:27:09.376228+00:00,scheduler,0,100,11167.9,11264.0,60,239.689
2026-06-26T10:27:09.376228+00:00,scheduler,1,100,10929.9,11264.0,58,257.242
2026-06-26T10:27:14.381695+00:00,scheduler,0,100,11167.9,11264.0,60,247.875
2026-06-26T10:27:14.381695+00:00,scheduler,1,100,10929.9,11264.0,58,247.004
2026-06-26T10:27:19.387613+00:00,scheduler,0,100,11167.9,11264.0,60,243.969
2026-06-26T10:27:19.387613+00:00,scheduler,1,100,10929.9,11264.0,58,247.586
2026-06-26T10:27:24.397725+00:00,scheduler,0,100,11167.9,11264.0,60,246.515
2026-06-26T10:27:24.397725+00:00,scheduler,1,100,10929.9,11264.0,58,247.341
2026-06-26T10:27:29.403048+00:00,scheduler,0,100,11167.9,11264.0,60,246.512
2026-06-26T10:27:29.403048+00:00,scheduler,1,100,10929.9,11264.0,58,241.16
2026-06-26T10:27:34.409381+00:00,scheduler,0,100,11167.9,11264.0,60,247.369
2026-06-26T10:27:34.409381+00:00,scheduler,1,100,10929.9,11264.0,57,241.513
2026-06-26T10:27:39.418444+00:00,scheduler,0,100,11167.9,11264.0,60,247.632
2026-06-26T10:27:39.418444+00:00,scheduler,1,100,10929.9,11264.0,57,243.87
2026-06-26T10:27:44.426199+00:00,scheduler,0,100,11167.9,11264.0,60,244.416
2026-06-26T10:27:44.426199+00:00,scheduler,1,100,10929.9,11264.0,58,247.642
2026-06-26T10:27:49.431569+00:00,scheduler,0,100,11167.9,11264.0,60,251.713
2026-06-26T10:27:49.431569+00:00,scheduler,1,100,10929.9,11264.0,58,245.684
2026-06-26T10:27:54.437979+00:00,scheduler,0,100,11167.9,11264.0,60,244.482
2026-06-26T10:27:54.437979+00:00,scheduler,1,100,10929.9,11264.0,58,244.226
2026-06-26T10:27:59.443552+00:00,scheduler,0,100,11167.9,11264.0,60,236.455
2026-06-26T10:27:59.443552+00:00,scheduler,1,100,10929.9,11264.0,58,245.658
2026-06-26T10:28:04.450843+00:00,scheduler,0,100,11167.9,11264.0,60,250.967
2026-06-26T10:28:04.450843+00:00,scheduler,1,100,10929.9,11264.0,58,251.635
2026-06-26T10:28:09.462106+00:00,scheduler,0,100,11167.9,11264.0,60,256.75
2026-06-26T10:28:09.462106+00:00,scheduler,1,100,10929.9,11264.0,58,253.083
2026-06-26T10:28:14.467464+00:00,scheduler,0,100,11167.9,11264.0,60,240.692
2026-06-26T10:28:14.467464+00:00,scheduler,1,100,10929.9,11264.0,58,253.568
2026-06-26T10:28:19.474094+00:00,scheduler,0,100,11167.9,11264.0,60,253.618
2026-06-26T10:28:19.474094+00:00,scheduler,1,100,10929.9,11264.0,58,249.198
2026-06-26T10:28:24.481079+00:00,scheduler,0,100,11167.9,11264.0,60,240.668
2026-06-26T10:28:24.481079+00:00,scheduler,1,100,10929.9,11264.0,58,249.492
2026-06-26T10:28:29.488665+00:00,scheduler,0,100,11167.9,11264.0,60,249.485
2026-06-26T10:28:29.488665+00:00,scheduler,1,100,10929.9,11264.0,58,249.033
2026-06-26T10:28:34.496333+00:00,scheduler,0,100,11167.9,11264.0,60,243.709
2026-06-26T10:28:34.496333+00:00,scheduler,1,100,10929.9,11264.0,58,245.952
2026-06-26T10:28:39.504133+00:00,scheduler,0,100,11167.9,11264.0,60,244.586
2026-06-26T10:28:39.504133+00:00,scheduler,1,100,10929.9,11264.0,58,238.374
2026-06-26T10:28:44.511285+00:00,scheduler,0,100,11167.9,11264.0,60,256.322
2026-06-26T10:28:44.511285+00:00,scheduler,1,100,10929.9,11264.0,58,250.05
2026-06-26T10:28:49.517339+00:00,scheduler,0,100,11167.9,11264.0,60,244.463
2026-06-26T10:28:49.517339+00:00,scheduler,1,100,10929.9,11264.0,58,249.287
2026-06-26T10:28:54.524244+00:00,scheduler,0,100,11167.9,11264.0,60,249.566
2026-06-26T10:28:54.524244+00:00,scheduler,1,100,10929.9,11264.0,58,249.269
2026-06-26T10:28:59.531059+00:00,scheduler,0,100,11167.9,11264.0,60,238.736
2026-06-26T10:28:59.531059+00:00,scheduler,1,100,10929.9,11264.0,58,246.753
2026-06-26T10:29:04.536585+00:00,scheduler,0,100,11167.9,11264.0,60,240.368
2026-06-26T10:29:04.536585+00:00,scheduler,1,100,10929.9,11264.0,58,252.224
2026-06-26T10:29:09.542049+00:00,scheduler,0,100,11167.9,11264.0,60,243.772
2026-06-26T10:29:09.542049+00:00,scheduler,1,100,10929.9,11264.0,58,255.238
2026-06-26T10:29:14.548204+00:00,scheduler,0,100,11167.9,11264.0,60,250.356
2026-06-26T10:29:14.548204+00:00,scheduler,1,100,10929.9,11264.0,58,248.179
2026-06-26T10:29:19.553734+00:00,scheduler,0,100,11167.9,11264.0,60,240.99
2026-06-26T10:29:19.553734+00:00,scheduler,1,100,10929.9,11264.0,58,256.763
2026-06-26T10:29:24.559453+00:00,scheduler,0,100,11167.9,11264.0,60,247.366
2026-06-26T10:29:24.559453+00:00,scheduler,1,100,10929.9,11264.0,58,246.559
2026-06-26T10:29:29.565949+00:00,scheduler,0,100,11167.9,11264.0,60,239.601
2026-06-26T10:29:29.565949+00:00,scheduler,1,100,10929.9,11264.0,58,255.784
2026-06-26T10:29:34.573672+00:00,scheduler,0,100,11167.9,11264.0,60,241.806
2026-06-26T10:29:34.573672+00:00,scheduler,1,100,10929.9,11264.0,58,244.381
2026-06-26T10:29:39.579000+00:00,scheduler,0,100,11167.9,11264.0,60,239.953
2026-06-26T10:29:39.579000+00:00,scheduler,1,100,10929.9,11264.0,58,252.035
2026-06-26T10:29:44.585126+00:00,scheduler,0,100,11167.9,11264.0,60,244.005
2026-06-26T10:29:44.585126+00:00,scheduler,1,100,10929.9,11264.0,58,256.696
2026-06-26T10:29:49.592170+00:00,scheduler,0,100,11167.9,11264.0,60,237.687
2026-06-26T10:29:49.592170+00:00,scheduler,1,100,10929.9,11264.0,58,245.523
2026-06-26T10:29:54.599587+00:00,scheduler,0,100,11167.9,11264.0,60,242.908
2026-06-26T10:29:54.599587+00:00,scheduler,1,100,10929.9,11264.0,58,254.354
2026-06-26T10:29:59.606729+00:00,scheduler,0,100,11167.9,11264.0,60,245.386
2026-06-26T10:29:59.606729+00:00,scheduler,1,100,10929.9,11264.0,58,246.079
2026-06-26T10:30:04.612212+00:00,scheduler,0,100,11167.9,11264.0,60,247.514
2026-06-26T10:30:04.612212+00:00,scheduler,1,100,10929.9,11264.0,58,255.476
2026-06-26T10:30:09.620048+00:00,scheduler,0,100,11167.9,11264.0,60,256.595
2026-06-26T10:30:09.620048+00:00,scheduler,1,100,10929.9,11264.0,58,247.158
2026-06-26T10:30:14.625590+00:00,scheduler,0,100,11167.9,11264.0,60,244.772
2026-06-26T10:30:14.625590+00:00,scheduler,1,100,10929.9,11264.0,58,248.363
2026-06-26T10:30:19.634381+00:00,scheduler,0,100,11167.9,11264.0,60,253.085
2026-06-26T10:30:19.634381+00:00,scheduler,1,100,10929.9,11264.0,58,256.645
2026-06-26T10:30:24.642406+00:00,scheduler,0,100,11167.9,11264.0,60,243.792
2026-06-26T10:30:24.642406+00:00,scheduler,1,100,10929.9,11264.0,58,247.407
2026-06-26T10:30:29.649485+00:00,scheduler,0,8,11167.9,11264.0,54,57.663
2026-06-26T10:30:29.649485+00:00,scheduler,1,100,10929.9,11264.0,58,255.732
2026-06-26T10:30:34.654920+00:00,scheduler,0,76,1125.9,11264.0,54,90.488
2026-06-26T10:30:34.654920+00:00,scheduler,1,100,10929.9,11264.0,58,251.293
2026-06-26T10:30:39.659707+00:00,scheduler,0,0,1125.9,11264.0,51,57.558
2026-06-26T10:30:39.659707+00:00,scheduler,1,100,10929.9,11264.0,58,246.781
2026-06-26T10:30:44.665486+00:00,scheduler,0,0,1125.9,11264.0,50,57.3
2026-06-26T10:30:44.665486+00:00,scheduler,1,100,10929.9,11264.0,58,238.582
2026-06-26T10:30:49.670947+00:00,scheduler,0,0,1125.9,11264.0,49,56.935
2026-06-26T10:30:49.670947+00:00,scheduler,1,100,10929.9,11264.0,58,245.404
2026-06-26T10:30:54.677551+00:00,scheduler,0,0,903.9,11264.0,47,4.532
2026-06-26T10:30:54.677551+00:00,scheduler,1,100,10929.9,11264.0,58,252.558
2026-06-26T10:30:59.686822+00:00,scheduler,0,0,903.9,11264.0,45,3.823
2026-06-26T10:30:59.686822+00:00,scheduler,1,10,10929.9,11264.0,52,56.1
2026-06-26T10:31:04.711069+00:00,scheduler,0,0,903.9,11264.0,44,3.836
2026-06-26T10:31:04.711069+00:00,scheduler,1,1,10929.9,11264.0,50,55.693
2026-06-26T10:31:09.725390+00:00,scheduler,0,0,903.9,11264.0,43,3.316
2026-06-26T10:31:09.725390+00:00,scheduler,1,2,10929.9,11264.0,48,54.67
2026-06-26T10:31:14.737144+00:00,scheduler,0,0,903.9,11264.0,42,4.316
2026-06-26T10:31:14.737144+00:00,scheduler,1,76,4985.9,11264.0,52,250.373
2026-06-26T10:31:19.747648+00:00,scheduler,0,0,903.9,11264.0,42,3.815
2026-06-26T10:31:19.747648+00:00,scheduler,1,0,887.9,11264.0,47,54.32
2026-06-26T10:31:24.758331+00:00,scheduler,0,0,903.9,11264.0,41,4.333
2026-06-26T10:31:24.758331+00:00,scheduler,1,0,887.9,11264.0,46,53.762
2026-06-26T10:31:29.768186+00:00,scheduler,0,0,903.9,11264.0,40,3.002
2026-06-26T10:31:29.768186+00:00,scheduler,1,0,887.9,11264.0,45,53.426
2026-06-26T10:31:34.777127+00:00,scheduler,0,0,903.9,11264.0,40,3.102
2026-06-26T10:31:34.777127+00:00,scheduler,1,0,665.9,11264.0,42,3.932
2026-06-26T10:31:39.790017+00:00,scheduler,0,0,903.9,11264.0,39,3.059
2026-06-26T10:31:39.790017+00:00,scheduler,1,0,665.9,11264.0,41,2.969
2026-06-26T10:31:44.802471+00:00,scheduler,0,0,903.9,11264.0,39,3.099
2026-06-26T10:31:44.802471+00:00,scheduler,1,0,665.9,11264.0,40,3.353
2026-06-26T10:31:49.814853+00:00,scheduler,0,0,903.9,11264.0,39,3.001
2026-06-26T10:31:49.814853+00:00,scheduler,1,0,665.9,11264.0,39,3.108
2026-06-26T10:31:54.827291+00:00,scheduler,0,0,903.9,11264.0,38,2.651
2026-06-26T10:31:54.827291+00:00,scheduler,1,0,665.9,11264.0,38,3.337
2026-06-26T10:31:59.839248+00:00,scheduler,0,0,903.9,11264.0,38,2.84
2026-06-26T10:31:59.839248+00:00,scheduler,1,0,665.9,11264.0,38,3.126
2026-06-26T10:32:04.851569+00:00,scheduler,0,0,903.9,11264.0,38,2.65
2026-06-26T10:32:04.851569+00:00,scheduler,1,0,665.9,11264.0,37,3.021
2026-06-26T10:32:09.863989+00:00,scheduler,0,0,903.9,11264.0,38,2.937
2026-06-26T10:32:09.863989+00:00,scheduler,1,0,665.9,11264.0,37,3.083
2026-06-26T10:32:14.876661+00:00,scheduler,0,0,903.9,11264.0,37,2.694
2026-06-26T10:32:14.876661+00:00,scheduler,1,0,665.9,11264.0,36,3.11
2026-06-26T10:32:19.888969+00:00,scheduler,0,0,903.9,11264.0,37,2.631
2026-06-26T10:32:19.888969+00:00,scheduler,1,0,665.9,11264.0,36,2.55
2026-06-26T10:32:24.901449+00:00,scheduler,0,0,903.9,11264.0,37,2.209
2026-06-26T10:32:24.901449+00:00,scheduler,1,0,665.9,11264.0,36,2.643
2026-06-26T10:32:29.913808+00:00,scheduler,0,0,903.9,11264.0,37,2.464
2026-06-26T10:32:29.913808+00:00,scheduler,1,0,665.9,11264.0,35,2.046
2026-06-26T10:32:34.926221+00:00,scheduler,0,0,903.9,11264.0,37,2.227
2026-06-26T10:32:34.926221+00:00,scheduler,1,0,665.9,11264.0,35,2.207
2026-06-26T10:32:39.938795+00:00,scheduler,0,0,903.9,11264.0,36,2.613
2026-06-26T10:32:39.938795+00:00,scheduler,1,0,665.9,11264.0,35,2.282
2026-06-26T10:32:44.951081+00:00,scheduler,0,0,903.9,11264.0,36,2.689
2026-06-26T10:32:44.951081+00:00,scheduler,1,0,665.9,11264.0,35,2.614
2026-06-26T10:32:49.963559+00:00,scheduler,0,0,903.9,11264.0,36,2.913
2026-06-26T10:32:49.963559+00:00,scheduler,1,0,665.9,11264.0,34,2.817
2026-06-26T10:32:54.975925+00:00,scheduler,0,0,903.9,11264.0,36,3.052
2026-06-26T10:32:54.975925+00:00,scheduler,1,0,665.9,11264.0,34,2.821
2026-06-26T10:32:59.988384+00:00,scheduler,0,0,903.9,11264.0,36,2.87
2026-06-26T10:32:59.988384+00:00,scheduler,1,0,665.9,11264.0,34,2.915
2026-06-26T10:33:05.000652+00:00,scheduler,0,0,903.9,11264.0,36,2.817
2026-06-26T10:33:05.000652+00:00,scheduler,1,0,665.9,11264.0,34,2.241
2026-06-26T10:33:10.021785+00:00,scheduler,0,0,903.9,11264.0,36,3.001
2026-06-26T10:33:10.021785+00:00,scheduler,1,0,665.9,11264.0,34,2.671
2026-06-26T10:33:15.034079+00:00,scheduler,0,0,903.9,11264.0,36,2.803
2026-06-26T10:33:15.034079+00:00,scheduler,1,0,665.9,11264.0,33,2.802
2026-06-26T10:33:20.046425+00:00,scheduler,0,0,903.9,11264.0,35,2.594
2026-06-26T10:33:20.046425+00:00,scheduler,1,0,665.9,11264.0,33,2.78
2026-06-26T10:33:25.058888+00:00,scheduler,0,0,903.9,11264.0,35,2.34
2026-06-26T10:33:25.058888+00:00,scheduler,1,0,665.9,11264.0,33,3.099
2026-06-26T10:33:30.071384+00:00,scheduler,0,0,903.9,11264.0,35,2.793
2026-06-26T10:33:30.071384+00:00,scheduler,1,0,665.9,11264.0,33,3.399
2026-06-26T10:33:35.083376+00:00,scheduler,0,0,903.9,11264.0,35,2.956
2026-06-26T10:33:35.083376+00:00,scheduler,1,0,665.9,11264.0,33,2.681
2026-06-26T10:33:40.095546+00:00,scheduler,0,0,903.9,11264.0,35,2.626
2026-06-26T10:33:40.095546+00:00,scheduler,1,0,665.9,11264.0,33,3.2
2026-06-26T10:33:45.107397+00:00,scheduler,0,0,903.9,11264.0,35,2.901
2026-06-26T10:33:45.107397+00:00,scheduler,1,0,665.9,11264.0,33,2.874
2026-06-26T10:33:50.119144+00:00,scheduler,0,0,903.9,11264.0,35,2.81
2026-06-26T10:33:50.119144+00:00,scheduler,1,0,665.9,11264.0,33,2.852
2026-06-26T10:33:55.131860+00:00,scheduler,0,0,903.9,11264.0,35,2.71
2026-06-26T10:33:55.131860+00:00,scheduler,1,0,665.9,11264.0,33,2.726
2026-06-26T10:34:00.146939+00:00,scheduler,0,0,903.9,11264.0,35,3.019
2026-06-26T10:34:00.146939+00:00,scheduler,1,0,665.9,11264.0,32,2.995
2026-06-26T10:34:05.159407+00:00,scheduler,0,0,903.9,11264.0,35,2.882
2026-06-26T10:34:05.159407+00:00,scheduler,1,0,665.9,11264.0,32,2.572
2026-06-26T10:34:10.171698+00:00,scheduler,0,0,903.9,11264.0,35,2.807
2026-06-26T10:34:10.171698+00:00,scheduler,1,0,665.9,11264.0,32,3.009
2026-06-26T10:34:15.183806+00:00,scheduler,0,0,903.9,11264.0,35,3.134
2026-06-26T10:34:15.183806+00:00,scheduler,1,0,665.9,11264.0,32,3.016
2026-06-26T10:34:20.195705+00:00,scheduler,0,0,903.9,11264.0,34,3.156
2026-06-26T10:34:20.195705+00:00,scheduler,1,0,665.9,11264.0,32,3.275
2026-06-26T10:34:25.207564+00:00,scheduler,0,0,903.9,11264.0,34,2.748
2026-06-26T10:34:25.207564+00:00,scheduler,1,0,665.9,11264.0,32,2.916
2026-06-26T10:34:30.219856+00:00,scheduler,0,0,903.9,11264.0,34,2.511
2026-06-26T10:34:30.219856+00:00,scheduler,1,0,665.9,11264.0,32,3.119
2026-06-26T10:34:35.233245+00:00,scheduler,0,0,903.9,11264.0,34,3.307
2026-06-26T10:34:35.233245+00:00,scheduler,1,0,665.9,11264.0,32,2.574
2026-06-26T10:34:40.245663+00:00,scheduler,0,0,903.9,11264.0,34,2.519
2026-06-26T10:34:40.245663+00:00,scheduler,1,0,665.9,11264.0,32,2.914
2026-06-26T10:34:45.258166+00:00,scheduler,0,0,903.9,11264.0,34,3.332
2026-06-26T10:34:45.258166+00:00,scheduler,1,0,665.9,11264.0,32,2.797
2026-06-26T10:34:50.270510+00:00,scheduler,0,0,903.9,11264.0,34,3.024
2026-06-26T10:34:50.270510+00:00,scheduler,1,0,665.9,11264.0,32,2.989
2026-06-26T10:34:55.282826+00:00,scheduler,0,0,903.9,11264.0,34,3.152
2026-06-26T10:34:55.282826+00:00,scheduler,1,0,665.9,11264.0,32,3.003
2026-06-26T10:35:00.295055+00:00,scheduler,0,0,903.9,11264.0,34,2.693
2026-06-26T10:35:00.295055+00:00,scheduler,1,0,665.9,11264.0,32,2.812
2026-06-26T10:35:05.307481+00:00,scheduler,0,1,1645.9,11264.0,37,52.84
2026-06-26T10:35:05.307481+00:00,scheduler,1,0,665.9,11264.0,32,3.315
2026-06-26T10:35:10.316538+00:00,scheduler,0,1,2257.9,11264.0,38,52.77
2026-06-26T10:35:10.316538+00:00,scheduler,1,0,665.9,11264.0,32,3.226
2026-06-26T10:35:15.325413+00:00,scheduler,0,1,3197.9,11264.0,38,53.583
2026-06-26T10:35:15.325413+00:00,scheduler,1,0,665.9,11264.0,31,3.29
2026-06-26T10:35:20.337315+00:00,scheduler,0,2,4129.9,11264.0,39,53.566
2026-06-26T10:35:20.337315+00:00,scheduler,1,0,665.9,11264.0,31,2.821
2026-06-26T10:35:25.346321+00:00,scheduler,0,2,5089.9,11264.0,39,53.425
2026-06-26T10:35:25.346321+00:00,scheduler,1,0,665.9,11264.0,31,3.229
2026-06-26T10:35:30.357591+00:00,scheduler,0,3,6593.9,11264.0,39,53.181
2026-06-26T10:35:30.357591+00:00,scheduler,1,0,665.9,11264.0,31,2.808
2026-06-26T10:35:35.368007+00:00,scheduler,0,1,7369.9,11264.0,39,54.158
2026-06-26T10:35:35.368007+00:00,scheduler,1,0,665.9,11264.0,31,3.248
2026-06-26T10:35:40.395807+00:00,scheduler,0,2,8349.9,11264.0,40,53.935
2026-06-26T10:35:40.395807+00:00,scheduler,1,0,665.9,11264.0,31,2.634
2026-06-26T10:35:45.405527+00:00,scheduler,0,43,9009.9,11264.0,43,76.33
2026-06-26T10:35:45.405527+00:00,scheduler,1,0,665.9,11264.0,31,3.381
2026-06-26T10:35:50.419455+00:00,scheduler,0,0,9009.9,11264.0,41,54.033
2026-06-26T10:35:50.419455+00:00,scheduler,1,0,665.9,11264.0,31,2.54
2026-06-26T10:35:55.428264+00:00,scheduler,0,0,9009.9,11264.0,41,54.371
2026-06-26T10:35:55.428264+00:00,scheduler,1,0,665.9,11264.0,31,3.003
2026-06-26T10:36:00.437657+00:00,scheduler,0,0,9009.9,11264.0,41,54.288
2026-06-26T10:36:00.437657+00:00,scheduler,1,0,665.9,11264.0,31,2.87
2026-06-26T10:36:05.446346+00:00,scheduler,0,0,9009.9,11264.0,41,54.281
2026-06-26T10:36:05.446346+00:00,scheduler,1,0,665.9,11264.0,31,3.021
2026-06-26T10:36:10.455341+00:00,scheduler,0,0,9009.9,11264.0,41,54.224
2026-06-26T10:36:10.455341+00:00,scheduler,1,0,665.9,11264.0,31,3.112
2026-06-26T10:36:15.463944+00:00,scheduler,0,0,9009.9,11264.0,41,54.222
2026-06-26T10:36:15.463944+00:00,scheduler,1,0,665.9,11264.0,31,3.309
2026-06-26T10:36:20.473577+00:00,scheduler,0,0,9009.9,11264.0,41,54.67
2026-06-26T10:36:20.473577+00:00,scheduler,1,0,665.9,11264.0,31,3.008
2026-06-26T10:36:25.482374+00:00,scheduler,0,0,9009.9,11264.0,41,54.581
2026-06-26T10:36:25.482374+00:00,scheduler,1,0,665.9,11264.0,31,2.869
2026-06-26T10:36:30.491244+00:00,scheduler,0,0,9009.9,11264.0,42,54.355
2026-06-26T10:36:30.491244+00:00,scheduler,1,0,665.9,11264.0,31,3.004
2026-06-26T10:36:35.499948+00:00,scheduler,0,0,9009.9,11264.0,42,54.483
2026-06-26T10:36:35.499948+00:00,scheduler,1,0,665.9,11264.0,31,2.767
2026-06-26T10:36:40.508783+00:00,scheduler,0,0,9009.9,11264.0,42,54.486
2026-06-26T10:36:40.508783+00:00,scheduler,1,0,665.9,11264.0,31,3.328
2026-06-26T10:36:45.517394+00:00,scheduler,0,1,9009.9,11264.0,42,54.667
2026-06-26T10:36:45.517394+00:00,scheduler,1,0,665.9,11264.0,31,2.754
2026-06-26T10:36:50.527898+00:00,scheduler,0,1,9009.9,11264.0,42,54.393
2026-06-26T10:36:50.527898+00:00,scheduler,1,0,665.9,11264.0,31,2.768
2026-06-26T10:36:55.537192+00:00,scheduler,0,3,9009.9,11264.0,42,54.832
2026-06-26T10:36:55.537192+00:00,scheduler,1,0,665.9,11264.0,31,2.602
2026-06-26T10:37:00.546913+00:00,scheduler,0,5,9009.9,11264.0,42,54.786
2026-06-26T10:37:00.546913+00:00,scheduler,1,0,665.9,11264.0,31,3.087
2026-06-26T10:37:05.555344+00:00,scheduler,0,3,1795.9,11264.0,43,55.044
2026-06-26T10:37:05.555344+00:00,scheduler,1,0,665.9,11264.0,31,2.877
2026-06-26T10:37:10.563915+00:00,scheduler,0,3,3505.9,11264.0,42,54.522
2026-06-26T10:37:10.563915+00:00,scheduler,1,0,665.9,11264.0,31,3.144
2026-06-26T10:37:15.572693+00:00,scheduler,0,1,4765.9,11264.0,42,54.654
2026-06-26T10:37:15.572693+00:00,scheduler,1,0,665.9,11264.0,31,3.661
2026-06-26T10:37:20.583225+00:00,scheduler,0,1,5467.9,11264.0,42,54.915
2026-06-26T10:37:20.583225+00:00,scheduler,1,1,1407.9,11264.0,33,50.764
2026-06-26T10:37:25.597870+00:00,scheduler,0,1,5935.9,11264.0,42,54.88
2026-06-26T10:37:25.597870+00:00,scheduler,1,1,1407.9,11264.0,34,50.696
2026-06-26T10:37:30.611003+00:00,scheduler,0,1,6475.9,11264.0,42,54.707
2026-06-26T10:37:30.611003+00:00,scheduler,1,1,1903.9,11264.0,35,50.861
2026-06-26T10:37:35.621305+00:00,scheduler,0,1,6943.9,11264.0,42,54.712
2026-06-26T10:37:35.621305+00:00,scheduler,1,1,2407.9,11264.0,35,50.917
2026-06-26T10:37:40.632447+00:00,scheduler,0,2,7645.9,11264.0,42,54.465
2026-06-26T10:37:40.632447+00:00,scheduler,1,1,2959.9,11264.0,35,50.898
2026-06-26T10:37:45.640118+00:00,scheduler,0,1,8385.9,11264.0,42,54.377
2026-06-26T10:37:45.640118+00:00,scheduler,1,1,3795.9,11264.0,36,51.239
2026-06-26T10:37:50.786201+00:00,scheduler,0,100,11165.9,11264.0,50,254.003
2026-06-26T10:37:50.786201+00:00,scheduler,1,2,4803.9,11264.0,36,50.972
2026-06-26T10:37:55.797342+00:00,scheduler,0,100,11167.9,11264.0,52,254.36
2026-06-26T10:37:55.797342+00:00,scheduler,1,1,5627.9,11264.0,36,51.288
2026-06-26T10:38:00.811389+00:00,scheduler,0,100,11167.9,11264.0,53,258.578
2026-06-26T10:38:00.811389+00:00,scheduler,1,2,6559.9,11264.0,36,51.458
2026-06-26T10:38:05.820136+00:00,scheduler,0,100,11167.9,11264.0,54,245.3
2026-06-26T10:38:05.820136+00:00,scheduler,1,2,7567.9,11264.0,37,51.419
2026-06-26T10:38:10.830201+00:00,scheduler,0,100,11167.9,11264.0,54,252.516
2026-06-26T10:38:10.830201+00:00,scheduler,1,1,8391.9,11264.0,37,51.744
2026-06-26T10:38:15.846588+00:00,scheduler,0,100,11167.9,11264.0,55,243.218
2026-06-26T10:38:15.846588+00:00,scheduler,1,1,8771.9,11264.0,39,51.573
2026-06-26T10:38:20.855329+00:00,scheduler,0,100,11167.9,11264.0,56,245.797
2026-06-26T10:38:20.855329+00:00,scheduler,1,1,8771.9,11264.0,38,51.541
2026-06-26T10:38:25.877915+00:00,scheduler,0,100,11167.9,11264.0,57,242.105
2026-06-26T10:38:25.877915+00:00,scheduler,1,1,8771.9,11264.0,38,51.313
2026-06-26T10:38:30.892124+00:00,scheduler,0,100,11167.9,11264.0,58,251.621
2026-06-26T10:38:30.892124+00:00,scheduler,1,2,8771.9,11264.0,38,51.523
2026-06-26T10:38:35.903847+00:00,scheduler,0,100,11167.9,11264.0,58,252.696
2026-06-26T10:38:35.903847+00:00,scheduler,1,2,8771.9,11264.0,38,51.491
2026-06-26T10:38:40.913283+00:00,scheduler,0,100,11167.9,11264.0,58,243.494
2026-06-26T10:38:40.913283+00:00,scheduler,1,2,8771.9,11264.0,38,51.827
2026-06-26T10:38:45.918727+00:00,scheduler,0,100,11167.9,11264.0,59,247.988
2026-06-26T10:38:45.918727+00:00,scheduler,1,1,8771.9,11264.0,39,51.639
2026-06-26T10:38:50.932736+00:00,scheduler,0,100,11167.9,11264.0,59,244.018
2026-06-26T10:38:50.932736+00:00,scheduler,1,2,8771.9,11264.0,39,51.612
2026-06-26T10:38:55.945091+00:00,scheduler,0,100,11167.9,11264.0,59,245.228
2026-06-26T10:38:55.945091+00:00,scheduler,1,30,10927.9,11264.0,44,255.355
2026-06-26T10:39:00.950535+00:00,scheduler,0,100,11167.9,11264.0,59,252.614
2026-06-26T10:39:00.950535+00:00,scheduler,1,100,10927.9,11264.0,47,249.922
2026-06-26T10:39:05.955953+00:00,scheduler,0,100,11167.9,11264.0,59,240.973
2026-06-26T10:39:05.955953+00:00,scheduler,1,100,10929.9,11264.0,48,248.306
2026-06-26T10:39:10.965059+00:00,scheduler,0,100,11167.9,11264.0,59,242.357
2026-06-26T10:39:10.965059+00:00,scheduler,1,100,10929.9,11264.0,50,249.141
2026-06-26T10:39:15.978355+00:00,scheduler,0,100,11167.9,11264.0,59,252.849
2026-06-26T10:39:15.978355+00:00,scheduler,1,100,10929.9,11264.0,51,247.385
2026-06-26T10:39:20.989248+00:00,scheduler,0,100,11167.9,11264.0,60,255.661
2026-06-26T10:39:20.989248+00:00,scheduler,1,100,10929.9,11264.0,52,248.867
2026-06-26T10:39:26.003574+00:00,scheduler,0,100,11167.9,11264.0,60,245.538
2026-06-26T10:39:26.003574+00:00,scheduler,1,100,10929.9,11264.0,52,253.915
2026-06-26T10:39:31.017018+00:00,scheduler,0,100,11167.9,11264.0,60,244.943
2026-06-26T10:39:31.017018+00:00,scheduler,1,100,10929.9,11264.0,53,258.003
2026-06-26T10:39:36.025879+00:00,scheduler,0,100,11167.9,11264.0,60,246.561
2026-06-26T10:39:36.025879+00:00,scheduler,1,100,10929.9,11264.0,54,246.122
2026-06-26T10:39:41.036687+00:00,scheduler,0,100,11167.9,11264.0,60,240.096
2026-06-26T10:39:41.036687+00:00,scheduler,1,100,10929.9,11264.0,55,248.583
2026-06-26T10:39:46.045585+00:00,scheduler,0,100,11167.9,11264.0,60,241.95
2026-06-26T10:39:46.045585+00:00,scheduler,1,100,10929.9,11264.0,56,246.866
2026-06-26T10:39:51.054168+00:00,scheduler,0,100,11167.9,11264.0,60,247.094
2026-06-26T10:39:51.054168+00:00,scheduler,1,100,10929.9,11264.0,56,248.533
2026-06-26T10:39:56.059622+00:00,scheduler,0,3,11167.9,11264.0,55,80.377
2026-06-26T10:39:56.059622+00:00,scheduler,1,100,10929.9,11264.0,56,249.02
2026-06-26T10:40:01.065102+00:00,scheduler,0,0,11167.9,11264.0,52,57.475
2026-06-26T10:40:01.065102+00:00,scheduler,1,100,10929.9,11264.0,57,252.801
2026-06-26T10:40:06.071383+00:00,scheduler,0,2,11167.9,11264.0,51,57.095
2026-06-26T10:40:06.071383+00:00,scheduler,1,100,10929.9,11264.0,57,239.549
2026-06-26T10:40:11.081425+00:00,scheduler,0,0,11167.9,11264.0,50,57.154
2026-06-26T10:40:11.081425+00:00,scheduler,1,100,10929.9,11264.0,57,247.531
2026-06-26T10:40:16.086865+00:00,scheduler,0,0,11167.9,11264.0,49,56.742
2026-06-26T10:40:16.086865+00:00,scheduler,1,100,10929.9,11264.0,57,240.477
2026-06-26T10:40:21.092556+00:00,scheduler,0,0,11167.9,11264.0,48,56.553
2026-06-26T10:40:21.092556+00:00,scheduler,1,100,10929.9,11264.0,57,246.656
2026-06-26T10:40:26.098121+00:00,scheduler,0,0,11167.9,11264.0,47,56.511
2026-06-26T10:40:26.098121+00:00,scheduler,1,100,10929.9,11264.0,57,244.799
2026-06-26T10:40:31.106202+00:00,scheduler,0,0,11167.9,11264.0,47,56.471
2026-06-26T10:40:31.106202+00:00,scheduler,1,100,10929.9,11264.0,57,244.408
2026-06-26T10:40:36.111646+00:00,scheduler,0,0,11167.9,11264.0,46,56.507
2026-06-26T10:40:36.111646+00:00,scheduler,1,100,10929.9,11264.0,57,245.718
2026-06-26T10:40:41.117751+00:00,scheduler,0,2,11167.9,11264.0,46,56.007
2026-06-26T10:40:41.117751+00:00,scheduler,1,100,10929.9,11264.0,58,246.957
2026-06-26T10:40:46.156355+00:00,scheduler,0,2,11167.9,11264.0,46,56.42
2026-06-26T10:40:46.156355+00:00,scheduler,1,100,10929.9,11264.0,57,245.229
2026-06-26T10:40:51.167290+00:00,scheduler,0,8,11167.9,11264.0,45,56.293
2026-06-26T10:40:51.167290+00:00,scheduler,1,100,10929.9,11264.0,57,250.717
2026-06-26T10:40:56.173357+00:00,scheduler,0,29,5223.9,11264.0,48,79.842
2026-06-26T10:40:56.173357+00:00,scheduler,1,100,10929.9,11264.0,58,252.412
2026-06-26T10:41:01.179690+00:00,scheduler,0,0,5223.9,11264.0,46,56.098
2026-06-26T10:41:01.179690+00:00,scheduler,1,100,10929.9,11264.0,57,249.846
2026-06-26T10:41:06.187254+00:00,scheduler,0,0,5223.9,11264.0,45,56.145
2026-06-26T10:41:06.187254+00:00,scheduler,1,6,10929.9,11264.0,53,75.872
2026-06-26T10:41:11.193081+00:00,scheduler,0,0,5223.9,11264.0,45,56.105
2026-06-26T10:41:11.193081+00:00,scheduler,1,9,10929.9,11264.0,50,55.157
2026-06-26T10:41:16.198857+00:00,scheduler,0,0,1123.9,11264.0,45,55.955
2026-06-26T10:41:16.198857+00:00,scheduler,1,10,885.9,11264.0,50,75.171
2026-06-26T10:41:21.204948+00:00,scheduler,0,0,1123.9,11264.0,45,55.886
2026-06-26T10:41:21.204948+00:00,scheduler,1,0,885.9,11264.0,48,54.723
2026-06-26T10:41:26.212461+00:00,scheduler,0,0,1123.9,11264.0,44,55.531
2026-06-26T10:41:26.212461+00:00,scheduler,1,0,885.9,11264.0,47,54.207
2026-06-26T10:41:31.217555+00:00,scheduler,0,0,1123.9,11264.0,42,3.737
2026-06-26T10:41:31.217555+00:00,scheduler,1,0,885.9,11264.0,46,53.972
2026-06-26T10:41:36.227059+00:00,scheduler,0,0,1123.9,11264.0,41,3.519
2026-06-26T10:41:36.227059+00:00,scheduler,1,0,885.9,11264.0,43,4.232
2026-06-26T10:41:41.240231+00:00,scheduler,0,0,903.9,11264.0,40,3.408
2026-06-26T10:41:41.240231+00:00,scheduler,1,0,665.9,11264.0,41,4.248
2026-06-26T10:41:46.254475+00:00,scheduler,0,0,903.9,11264.0,40,3.208
2026-06-26T10:41:46.254475+00:00,scheduler,1,0,665.9,11264.0,40,4.094
2026-06-26T10:41:51.267240+00:00,scheduler,0,0,903.9,11264.0,39,3.225
2026-06-26T10:41:51.267240+00:00,scheduler,1,0,665.9,11264.0,39,3.787
2026-06-26T10:41:56.279933+00:00,scheduler,0,0,903.9,11264.0,39,2.949
2026-06-26T10:41:56.279933+00:00,scheduler,1,0,665.9,11264.0,38,3.855
2026-06-26T10:42:01.292787+00:00,scheduler,0,0,903.9,11264.0,38,3.209
2026-06-26T10:42:01.292787+00:00,scheduler,1,0,665.9,11264.0,38,3.627
2026-06-26T10:42:06.305602+00:00,scheduler,0,0,903.9,11264.0,38,3.08
2026-06-26T10:42:06.305602+00:00,scheduler,1,0,665.9,11264.0,37,3.449
2026-06-26T10:42:11.318872+00:00,scheduler,0,0,903.9,11264.0,38,3.347
2026-06-26T10:42:11.318872+00:00,scheduler,1,0,665.9,11264.0,37,3.649
2026-06-26T10:42:16.331738+00:00,scheduler,0,0,903.9,11264.0,38,2.928
2026-06-26T10:42:16.331738+00:00,scheduler,1,0,665.9,11264.0,36,3.19
2026-06-26T10:42:21.344406+00:00,scheduler,0,0,903.9,11264.0,37,3.231
2026-06-26T10:42:21.344406+00:00,scheduler,1,0,665.9,11264.0,36,3.448
2026-06-26T10:42:26.356540+00:00,scheduler,0,0,903.9,11264.0,37,3.499
2026-06-26T10:42:26.356540+00:00,scheduler,1,0,665.9,11264.0,35,3.156
2026-06-26T10:42:31.369857+00:00,scheduler,0,0,903.9,11264.0,37,2.941
2026-06-26T10:42:31.369857+00:00,scheduler,1,0,665.9,11264.0,35,3.586
2026-06-26T10:42:36.382067+00:00,scheduler,0,0,903.9,11264.0,37,2.922
2026-06-26T10:42:36.382067+00:00,scheduler,1,0,665.9,11264.0,35,3.731
2026-06-26T10:42:41.394677+00:00,scheduler,0,0,903.9,11264.0,37,3.004
2026-06-26T10:42:41.394677+00:00,scheduler,1,0,665.9,11264.0,35,4.081
2026-06-26T10:42:46.407558+00:00,scheduler,0,0,903.9,11264.0,36,2.879
2026-06-26T10:42:46.407558+00:00,scheduler,1,0,665.9,11264.0,34,3.36
2026-06-26T10:42:51.421067+00:00,scheduler,0,0,903.9,11264.0,36,2.474
2026-06-26T10:42:51.421067+00:00,scheduler,1,0,665.9,11264.0,34,4.296
2026-06-26T10:42:56.433473+00:00,scheduler,0,2,1645.9,11264.0,39,52.854
2026-06-26T10:42:56.433473+00:00,scheduler,1,0,665.9,11264.0,34,3.695
2026-06-26T10:43:01.442621+00:00,scheduler,0,1,2421.9,11264.0,40,53.675
2026-06-26T10:43:01.442621+00:00,scheduler,1,0,665.9,11264.0,34,4.043
2026-06-26T10:43:06.480636+00:00,scheduler,0,2,3401.9,11264.0,40,54.065
2026-06-26T10:43:06.480636+00:00,scheduler,1,0,665.9,11264.0,34,4.123
2026-06-26T10:43:11.489376+00:00,scheduler,0,2,4265.9,11264.0,40,53.713
2026-06-26T10:43:11.489376+00:00,scheduler,1,0,665.9,11264.0,33,3.745
2026-06-26T10:43:16.499681+00:00,scheduler,0,6,6301.9,11264.0,40,53.858
2026-06-26T10:43:16.499681+00:00,scheduler,1,0,665.9,11264.0,33,3.551
2026-06-26T10:43:21.508597+00:00,scheduler,0,4,9009.9,11264.0,43,77.425
2026-06-26T10:43:21.508597+00:00,scheduler,1,0,665.9,11264.0,33,3.313
2026-06-26T10:43:26.523486+00:00,scheduler,0,0,9009.9,11264.0,42,54.486
2026-06-26T10:43:26.523486+00:00,scheduler,1,0,665.9,11264.0,33,3.541
2026-06-26T10:43:31.534131+00:00,scheduler,0,0,9009.9,11264.0,42,54.673
2026-06-26T10:43:31.534131+00:00,scheduler,1,0,665.9,11264.0,33,3.549
2026-06-26T10:43:36.544337+00:00,scheduler,0,0,9009.9,11264.0,42,54.692
2026-06-26T10:43:36.544337+00:00,scheduler,1,0,665.9,11264.0,33,3.283
2026-06-26T10:43:41.553224+00:00,scheduler,0,0,9009.9,11264.0,42,54.826
2026-06-26T10:43:41.553224+00:00,scheduler,1,0,665.9,11264.0,33,3.212
2026-06-26T10:43:46.562186+00:00,scheduler,0,0,9009.9,11264.0,42,54.664
2026-06-26T10:43:46.562186+00:00,scheduler,1,0,665.9,11264.0,33,3.583
2026-06-26T10:43:51.571160+00:00,scheduler,0,0,9009.9,11264.0,42,54.425
2026-06-26T10:43:51.571160+00:00,scheduler,1,26,8159.9,11264.0,35,52.609
2026-06-26T10:43:56.577186+00:00,scheduler,0,0,9009.9,11264.0,42,55.101
2026-06-26T10:43:56.577186+00:00,scheduler,1,2,8771.9,11264.0,38,51.768
2026-06-26T10:44:01.583969+00:00,scheduler,0,0,9009.9,11264.0,42,55.004
2026-06-26T10:44:01.583969+00:00,scheduler,1,2,8771.9,11264.0,37,51.843
2026-06-26T10:44:06.594562+00:00,scheduler,0,0,9009.9,11264.0,42,54.886
2026-06-26T10:44:06.594562+00:00,scheduler,1,1,8771.9,11264.0,37,51.568
2026-06-26T10:44:11.599858+00:00,scheduler,0,0,9009.9,11264.0,42,54.933
2026-06-26T10:44:11.599858+00:00,scheduler,1,2,8771.9,11264.0,38,51.644
2026-06-26T10:44:16.615693+00:00,scheduler,0,0,9009.9,11264.0,42,55.102
2026-06-26T10:44:16.615693+00:00,scheduler,1,1,8771.9,11264.0,38,51.542
2026-06-26T10:44:21.624298+00:00,scheduler,0,0,9009.9,11264.0,42,55.144
2026-06-26T10:44:21.624298+00:00,scheduler,1,1,8771.9,11264.0,38,52.126
2026-06-26T10:44:26.631066+00:00,scheduler,0,0,9009.9,11264.0,42,54.869
2026-06-26T10:44:26.631066+00:00,scheduler,1,2,8771.9,11264.0,38,52.145
2026-06-26T10:44:31.638749+00:00,scheduler,0,0,9009.9,11264.0,42,55.352
2026-06-26T10:44:31.638749+00:00,scheduler,1,4,1503.9,11264.0,39,71.115
2026-06-26T10:44:36.644956+00:00,scheduler,0,0,9009.9,11264.0,42,55.312
2026-06-26T10:44:36.644956+00:00,scheduler,1,3,3375.9,11264.0,38,52.107
2026-06-26T10:44:41.650430+00:00,scheduler,0,0,9009.9,11264.0,42,55.081
2026-06-26T10:44:41.650430+00:00,scheduler,1,1,4599.9,11264.0,38,52.225
2026-06-26T10:44:46.661924+00:00,scheduler,0,0,9009.9,11264.0,42,55.101
2026-06-26T10:44:46.661924+00:00,scheduler,1,1,5229.9,11264.0,39,52.077
2026-06-26T10:44:51.677372+00:00,scheduler,0,0,9009.9,11264.0,43,55.002
2026-06-26T10:44:51.677372+00:00,scheduler,1,1,5931.9,11264.0,39,52.462
2026-06-26T10:44:56.697229+00:00,scheduler,0,0,9009.9,11264.0,43,55.292
2026-06-26T10:44:56.697229+00:00,scheduler,1,1,6633.9,11264.0,39,52.494
2026-06-26T10:45:01.711381+00:00,scheduler,0,0,9009.9,11264.0,43,55.228
2026-06-26T10:45:01.711381+00:00,scheduler,1,1,7173.9,11264.0,39,52.007
2026-06-26T10:45:06.727698+00:00,scheduler,0,0,9009.9,11264.0,43,55.128
2026-06-26T10:45:06.727698+00:00,scheduler,1,1,7875.9,11264.0,39,52.15
2026-06-26T10:45:11.733386+00:00,scheduler,0,0,9009.9,11264.0,43,54.459
2026-06-26T10:45:11.733386+00:00,scheduler,1,100,10927.9,11264.0,46,248.61
2026-06-26T10:45:16.740780+00:00,scheduler,0,0,9009.9,11264.0,43,55.11
2026-06-26T10:45:16.740780+00:00,scheduler,1,100,10927.9,11264.0,48,251.61
2026-06-26T10:45:21.746492+00:00,scheduler,0,0,9009.9,11264.0,43,55.381
2026-06-26T10:45:21.746492+00:00,scheduler,1,100,10929.9,11264.0,49,245.511
2026-06-26T10:45:26.754970+00:00,scheduler,0,0,9009.9,11264.0,43,55.706
2026-06-26T10:45:26.754970+00:00,scheduler,1,100,10929.9,11264.0,50,242.022
2026-06-26T10:45:31.765257+00:00,scheduler,0,0,9009.9,11264.0,43,55.486
2026-06-26T10:45:31.765257+00:00,scheduler,1,100,10929.9,11264.0,51,249.812
2026-06-26T10:45:36.773063+00:00,scheduler,0,0,9009.9,11264.0,43,55.329
2026-06-26T10:45:36.773063+00:00,scheduler,1,100,10929.9,11264.0,52,245.5
2026-06-26T10:45:41.780602+00:00,scheduler,0,0,9009.9,11264.0,43,55.571
2026-06-26T10:45:41.780602+00:00,scheduler,1,100,10929.9,11264.0,53,249.745
2026-06-26T10:45:46.789248+00:00,scheduler,0,0,9009.9,11264.0,43,55.726
2026-06-26T10:45:46.789248+00:00,scheduler,1,100,10929.9,11264.0,54,254.592
2026-06-26T10:45:51.795349+00:00,scheduler,0,0,9009.9,11264.0,43,55.317
2026-06-26T10:45:51.795349+00:00,scheduler,1,100,10929.9,11264.0,55,249.111
2026-06-26T10:45:56.800726+00:00,scheduler,0,0,9009.9,11264.0,43,55.533
2026-06-26T10:45:56.800726+00:00,scheduler,1,100,10929.9,11264.0,55,249.758
2026-06-26T10:46:01.806161+00:00,scheduler,0,0,9009.9,11264.0,43,55.305
2026-06-26T10:46:01.806161+00:00,scheduler,1,100,10929.9,11264.0,56,240.101
2026-06-26T10:46:06.812597+00:00,scheduler,0,0,9009.9,11264.0,43,55.458
2026-06-26T10:46:06.812597+00:00,scheduler,1,100,10929.9,11264.0,56,254.31
2026-06-26T10:46:11.817907+00:00,scheduler,0,0,9009.9,11264.0,43,55.627
2026-06-26T10:46:11.817907+00:00,scheduler,1,100,10929.9,11264.0,56,240.698
2026-06-26T10:46:16.823511+00:00,scheduler,0,0,9009.9,11264.0,43,55.447
2026-06-26T10:46:16.823511+00:00,scheduler,1,100,10929.9,11264.0,57,249.995
2026-06-26T10:46:21.829078+00:00,scheduler,0,0,9009.9,11264.0,43,55.18
2026-06-26T10:46:21.829078+00:00,scheduler,1,100,10929.9,11264.0,57,252.292
2026-06-26T10:46:26.834368+00:00,scheduler,0,0,9009.9,11264.0,43,55.087
2026-06-26T10:46:26.834368+00:00,scheduler,1,100,10929.9,11264.0,57,251.379
2026-06-26T10:46:31.840545+00:00,scheduler,0,0,9009.9,11264.0,43,55.373
2026-06-26T10:46:31.840545+00:00,scheduler,1,100,10929.9,11264.0,57,252.563
2026-06-26T10:46:36.848133+00:00,scheduler,0,0,9009.9,11264.0,43,55.488
2026-06-26T10:46:36.848133+00:00,scheduler,1,100,10929.9,11264.0,57,242.014
2026-06-26T10:46:41.855918+00:00,scheduler,0,0,9009.9,11264.0,43,54.925
2026-06-26T10:46:41.855918+00:00,scheduler,1,100,10929.9,11264.0,57,248.85
2026-06-26T10:46:46.861240+00:00,scheduler,0,0,9009.9,11264.0,43,55.081
2026-06-26T10:46:46.861240+00:00,scheduler,1,100,10929.9,11264.0,57,243.96
2026-06-26T10:46:51.867779+00:00,scheduler,0,0,9009.9,11264.0,43,55.348
2026-06-26T10:46:51.867779+00:00,scheduler,1,100,10929.9,11264.0,57,243.773
2026-06-26T10:46:56.875168+00:00,scheduler,0,0,9009.9,11264.0,43,55.216
2026-06-26T10:46:56.875168+00:00,scheduler,1,100,10929.9,11264.0,57,244.37
2026-06-26T10:47:01.883367+00:00,scheduler,0,0,9009.9,11264.0,43,55.256
2026-06-26T10:47:01.883367+00:00,scheduler,1,100,10929.9,11264.0,58,250.123
2026-06-26T10:47:06.890283+00:00,scheduler,0,0,9009.9,11264.0,43,55.269
2026-06-26T10:47:06.890283+00:00,scheduler,1,100,10929.9,11264.0,58,246.694
2026-06-26T10:47:11.895645+00:00,scheduler,0,0,9009.9,11264.0,43,55.119
2026-06-26T10:47:11.895645+00:00,scheduler,1,100,10929.9,11264.0,57,248.715
2026-06-26T10:47:16.900905+00:00,scheduler,0,0,9009.9,11264.0,43,55.212
2026-06-26T10:47:16.900905+00:00,scheduler,1,100,10929.9,11264.0,57,240.334
2026-06-26T10:47:21.906298+00:00,scheduler,0,0,9009.9,11264.0,43,55.242
2026-06-26T10:47:21.906298+00:00,scheduler,1,100,10929.9,11264.0,57,245.427
2026-06-26T10:47:26.911992+00:00,scheduler,0,0,9009.9,11264.0,43,55.13
2026-06-26T10:47:26.911992+00:00,scheduler,1,100,10929.9,11264.0,57,248.579
2026-06-26T10:47:31.917779+00:00,scheduler,0,0,9009.9,11264.0,43,54.498
2026-06-26T10:47:31.917779+00:00,scheduler,1,100,10929.9,11264.0,58,247.518
2026-06-26T10:47:36.924590+00:00,scheduler,0,0,9009.9,11264.0,43,55.001
2026-06-26T10:47:36.924590+00:00,scheduler,1,100,10929.9,11264.0,58,250.853
2026-06-26T10:47:41.932634+00:00,scheduler,0,0,9009.9,11264.0,43,54.826
2026-06-26T10:47:41.932634+00:00,scheduler,1,100,10929.9,11264.0,58,242.299
2026-06-26T10:47:46.939728+00:00,scheduler,0,0,9009.9,11264.0,43,54.5
2026-06-26T10:47:46.939728+00:00,scheduler,1,100,10929.9,11264.0,58,257.584
2026-06-26T10:47:51.945899+00:00,scheduler,0,0,9009.9,11264.0,43,55.544
2026-06-26T10:47:51.945899+00:00,scheduler,1,100,10929.9,11264.0,58,246.271
2026-06-26T10:47:56.954047+00:00,scheduler,0,0,9009.9,11264.0,43,54.916
2026-06-26T10:47:56.954047+00:00,scheduler,1,100,10929.9,11264.0,57,249.057
2026-06-26T10:48:01.962090+00:00,scheduler,0,0,9009.9,11264.0,43,55.397
2026-06-26T10:48:01.962090+00:00,scheduler,1,100,10929.9,11264.0,57,247.697
2026-06-26T10:48:06.969264+00:00,scheduler,0,0,9009.9,11264.0,43,55.038
2026-06-26T10:48:06.969264+00:00,scheduler,1,100,10929.9,11264.0,57,246.779
2026-06-26T10:48:11.978616+00:00,scheduler,0,0,9009.9,11264.0,43,54.495
2026-06-26T10:48:11.978616+00:00,scheduler,1,100,10929.9,11264.0,58,246.528
2026-06-26T10:48:16.995890+00:00,scheduler,0,0,9009.9,11264.0,43,54.726
2026-06-26T10:48:16.995890+00:00,scheduler,1,100,10929.9,11264.0,57,250.137
2026-06-26T10:48:22.001151+00:00,scheduler,0,0,9009.9,11264.0,43,54.801
2026-06-26T10:48:22.001151+00:00,scheduler,1,100,10929.9,11264.0,57,243.729
2026-06-26T10:48:27.007066+00:00,scheduler,0,0,9009.9,11264.0,43,54.969
2026-06-26T10:48:27.007066+00:00,scheduler,1,100,10929.9,11264.0,57,244.889
2026-06-26T10:48:32.023558+00:00,scheduler,0,0,9009.9,11264.0,43,54.742
2026-06-26T10:48:32.023558+00:00,scheduler,1,100,10929.9,11264.0,57,246.773
2026-06-26T10:48:37.047439+00:00,scheduler,0,0,9009.9,11264.0,43,55.276
2026-06-26T10:48:37.047439+00:00,scheduler,1,100,10929.9,11264.0,58,239.645
2026-06-26T10:48:42.053849+00:00,scheduler,0,0,9009.9,11264.0,43,55.198
2026-06-26T10:48:42.053849+00:00,scheduler,1,100,10929.9,11264.0,58,255.062
2026-06-26T10:48:47.060481+00:00,scheduler,0,0,9009.9,11264.0,43,55.206
2026-06-26T10:48:47.060481+00:00,scheduler,1,100,10929.9,11264.0,57,245.587
2026-06-26T10:48:52.067443+00:00,scheduler,0,0,9009.9,11264.0,43,55.021
2026-06-26T10:48:52.067443+00:00,scheduler,1,100,10929.9,11264.0,58,244.432
2026-06-26T10:48:57.076783+00:00,scheduler,0,0,9009.9,11264.0,43,55.404
2026-06-26T10:48:57.076783+00:00,scheduler,1,100,10929.9,11264.0,58,247.606
2026-06-26T10:49:02.085485+00:00,scheduler,0,0,9009.9,11264.0,43,55.82
2026-06-26T10:49:02.085485+00:00,scheduler,1,100,10929.9,11264.0,57,250.317
2026-06-26T10:49:07.095738+00:00,scheduler,0,0,9009.9,11264.0,43,55.518
2026-06-26T10:49:07.095738+00:00,scheduler,1,100,10929.9,11264.0,57,250.329
2026-06-26T10:49:12.102425+00:00,scheduler,0,0,9009.9,11264.0,43,55.215
2026-06-26T10:49:12.102425+00:00,scheduler,1,100,10929.9,11264.0,57,249.751
2026-06-26T10:49:17.109879+00:00,scheduler,0,0,9009.9,11264.0,43,55.486
2026-06-26T10:49:17.109879+00:00,scheduler,1,100,10929.9,11264.0,57,240.301
2026-06-26T10:49:22.119867+00:00,scheduler,0,0,9009.9,11264.0,43,55.358
2026-06-26T10:49:22.119867+00:00,scheduler,1,100,10929.9,11264.0,58,253.438
2026-06-26T10:49:27.132838+00:00,scheduler,0,0,9009.9,11264.0,43,55.286
2026-06-26T10:49:27.132838+00:00,scheduler,1,100,10929.9,11264.0,58,243.963
2026-06-26T10:49:32.138340+00:00,scheduler,0,0,9009.9,11264.0,43,55.671
2026-06-26T10:49:32.138340+00:00,scheduler,1,100,10929.9,11264.0,57,245.042
2026-06-26T10:49:37.145739+00:00,scheduler,0,0,9009.9,11264.0,43,55.244
2026-06-26T10:49:37.145739+00:00,scheduler,1,100,10929.9,11264.0,57,255.799
2026-06-26T10:49:42.155572+00:00,scheduler,0,0,9009.9,11264.0,43,55.562
2026-06-26T10:49:42.155572+00:00,scheduler,1,100,10929.9,11264.0,57,247.685
2026-06-26T10:49:47.162787+00:00,scheduler,0,0,9009.9,11264.0,43,55.24
2026-06-26T10:49:47.162787+00:00,scheduler,1,100,10929.9,11264.0,57,256.045
2026-06-26T10:49:52.170858+00:00,scheduler,0,0,9009.9,11264.0,43,55.738
2026-06-26T10:49:52.170858+00:00,scheduler,1,100,10929.9,11264.0,57,248.412
2026-06-26T10:49:57.181998+00:00,scheduler,0,0,9009.9,11264.0,43,55.567
2026-06-26T10:49:57.181998+00:00,scheduler,1,100,10929.9,11264.0,57,240.285
2026-06-26T10:50:02.189193+00:00,scheduler,0,0,9009.9,11264.0,43,55.643
2026-06-26T10:50:02.189193+00:00,scheduler,1,100,10929.9,11264.0,57,239.617
2026-06-26T10:50:07.195787+00:00,scheduler,0,0,9009.9,11264.0,43,54.988
2026-06-26T10:50:07.195787+00:00,scheduler,1,100,10929.9,11264.0,57,251.291
2026-06-26T10:50:12.205170+00:00,scheduler,0,0,9009.9,11264.0,43,55.359
2026-06-26T10:50:12.205170+00:00,scheduler,1,100,10929.9,11264.0,57,246.108
2026-06-26T10:50:17.213893+00:00,scheduler,0,0,9009.9,11264.0,43,55.29
2026-06-26T10:50:17.213893+00:00,scheduler,1,100,10929.9,11264.0,57,256.42
2026-06-26T10:50:22.223851+00:00,scheduler,0,0,9009.9,11264.0,43,55.072
2026-06-26T10:50:22.223851+00:00,scheduler,1,100,10929.9,11264.0,57,245.862
2026-06-26T10:50:27.232973+00:00,scheduler,0,0,9009.9,11264.0,43,55.006
2026-06-26T10:50:27.232973+00:00,scheduler,1,100,10929.9,11264.0,57,255.027
2026-06-26T10:50:32.242535+00:00,scheduler,0,0,9009.9,11264.0,43,55.086
2026-06-26T10:50:32.242535+00:00,scheduler,1,100,10929.9,11264.0,57,238.377
2026-06-26T10:50:37.250317+00:00,scheduler,0,0,9009.9,11264.0,43,55.212
2026-06-26T10:50:37.250317+00:00,scheduler,1,100,10929.9,11264.0,57,247.845
2026-06-26T10:50:42.259192+00:00,scheduler,0,0,9009.9,11264.0,43,54.844
2026-06-26T10:50:42.259192+00:00,scheduler,1,100,10929.9,11264.0,57,255.939
2026-06-26T10:50:47.268799+00:00,scheduler,0,0,9009.9,11264.0,43,55.413
2026-06-26T10:50:47.268799+00:00,scheduler,1,100,10929.9,11264.0,57,250.509
2026-06-26T10:50:52.277075+00:00,scheduler,0,1,9009.9,11264.0,43,55.253
2026-06-26T10:50:52.277075+00:00,scheduler,1,100,10929.9,11264.0,57,246.665
2026-06-26T10:50:57.284697+00:00,scheduler,0,2,9009.9,11264.0,43,55.051
2026-06-26T10:50:57.284697+00:00,scheduler,1,7,10929.9,11264.0,51,56.505
2026-06-26T10:51:02.290197+00:00,scheduler,0,3,1741.9,11264.0,43,54.97
2026-06-26T10:51:02.290197+00:00,scheduler,1,7,10929.9,11264.0,49,55.975
2026-06-26T10:51:07.295761+00:00,scheduler,0,3,3505.9,11264.0,43,55.322
2026-06-26T10:51:07.295761+00:00,scheduler,1,9,1629.9,11264.0,50,75.579
2026-06-26T10:51:12.301227+00:00,scheduler,0,4,5467.9,11264.0,43,55.157
2026-06-26T10:51:12.301227+00:00,scheduler,1,0,1629.9,11264.0,47,55.035
2026-06-26T10:51:17.309734+00:00,scheduler,0,3,7411.9,11264.0,43,55.387
2026-06-26T10:51:17.309734+00:00,scheduler,1,0,1629.9,11264.0,46,54.842
2026-06-26T10:51:22.315241+00:00,scheduler,0,91,11165.9,11264.0,50,243.492
2026-06-26T10:51:22.315241+00:00,scheduler,1,0,1629.9,11264.0,45,54.233
2026-06-26T10:51:27.321021+00:00,scheduler,0,100,11165.9,11264.0,51,239.491
2026-06-26T10:51:27.321021+00:00,scheduler,1,0,1629.9,11264.0,45,53.902
2026-06-26T10:51:32.326287+00:00,scheduler,0,100,11167.9,11264.0,52,245.989
2026-06-26T10:51:32.326287+00:00,scheduler,1,1,1901.9,11264.0,44,53.652
2026-06-26T10:51:37.334201+00:00,scheduler,0,100,11167.9,11264.0,53,245.393
2026-06-26T10:51:37.334201+00:00,scheduler,1,8,4957.9,11264.0,44,53.517
2026-06-26T10:51:42.339939+00:00,scheduler,0,100,11167.9,11264.0,54,245.753
2026-06-26T10:51:42.339939+00:00,scheduler,1,71,8763.9,11264.0,48,259.207
2026-06-26T10:51:47.345113+00:00,scheduler,0,100,11167.9,11264.0,55,248.568
2026-06-26T10:51:47.345113+00:00,scheduler,1,8,8763.9,11264.0,44,53.744
2026-06-26T10:51:52.351192+00:00,scheduler,0,100,11167.9,11264.0,56,242.145
2026-06-26T10:51:52.351192+00:00,scheduler,1,24,10927.9,11264.0,47,196.915
2026-06-26T10:51:57.357412+00:00,scheduler,0,100,11167.9,11264.0,57,238.956
2026-06-26T10:51:57.357412+00:00,scheduler,1,100,10927.9,11264.0,51,251.077
2026-06-26T10:52:02.363845+00:00,scheduler,0,100,11167.9,11264.0,57,249.717
2026-06-26T10:52:02.363845+00:00,scheduler,1,100,10929.9,11264.0,52,247.891
2026-06-26T10:52:07.370412+00:00,scheduler,0,100,11167.9,11264.0,58,237.355
2026-06-26T10:52:07.370412+00:00,scheduler,1,100,10929.9,11264.0,53,247.732
2026-06-26T10:52:12.376069+00:00,scheduler,0,100,11167.9,11264.0,58,253.504
2026-06-26T10:52:12.376069+00:00,scheduler,1,100,10929.9,11264.0,53,252.063
2026-06-26T10:52:17.386431+00:00,scheduler,0,100,11167.9,11264.0,59,244.47
2026-06-26T10:52:17.386431+00:00,scheduler,1,100,10929.9,11264.0,54,247.779
2026-06-26T10:52:22.395076+00:00,scheduler,0,100,11167.9,11264.0,59,253.22
2026-06-26T10:52:22.395076+00:00,scheduler,1,100,10929.9,11264.0,55,250.03
2026-06-26T10:52:27.400473+00:00,scheduler,0,100,11167.9,11264.0,59,246.211
2026-06-26T10:52:27.400473+00:00,scheduler,1,100,10929.9,11264.0,55,254.005
2026-06-26T10:52:32.406369+00:00,scheduler,0,100,11167.9,11264.0,59,246.163
2026-06-26T10:52:32.406369+00:00,scheduler,1,100,10929.9,11264.0,56,247.497
2026-06-26T10:52:37.412724+00:00,scheduler,0,100,11167.9,11264.0,59,253.321
2026-06-26T10:52:37.412724+00:00,scheduler,1,100,10929.9,11264.0,56,248.063
2026-06-26T10:52:42.418980+00:00,scheduler,0,100,11167.9,11264.0,60,250.048
2026-06-26T10:52:42.418980+00:00,scheduler,1,100,10929.9,11264.0,56,253.035
2026-06-26T10:52:47.424461+00:00,scheduler,0,100,11167.9,11264.0,59,243.199
2026-06-26T10:52:47.424461+00:00,scheduler,1,100,10929.9,11264.0,57,249.256
2026-06-26T10:52:52.429815+00:00,scheduler,0,100,11167.9,11264.0,60,248.007
2026-06-26T10:52:52.429815+00:00,scheduler,1,100,10929.9,11264.0,57,243.27
2026-06-26T10:52:57.437573+00:00,scheduler,0,100,11167.9,11264.0,60,253.287
2026-06-26T10:52:57.437573+00:00,scheduler,1,100,10929.9,11264.0,57,251.196
2026-06-26T10:53:02.445995+00:00,scheduler,0,100,11167.9,11264.0,59,246.25
2026-06-26T10:53:02.445995+00:00,scheduler,1,100,10929.9,11264.0,57,247.085
2026-06-26T10:53:07.453296+00:00,scheduler,0,100,11167.9,11264.0,60,250.785
2026-06-26T10:53:07.453296+00:00,scheduler,1,100,10929.9,11264.0,57,255.371
2026-06-26T10:53:12.461587+00:00,scheduler,0,100,11167.9,11264.0,60,238.161
2026-06-26T10:53:12.461587+00:00,scheduler,1,100,10929.9,11264.0,57,247.365
2026-06-26T10:53:17.466927+00:00,scheduler,0,100,11167.9,11264.0,60,239.858
2026-06-26T10:53:17.466927+00:00,scheduler,1,100,10929.9,11264.0,57,248.383
2026-06-26T10:53:22.473477+00:00,scheduler,0,100,11167.9,11264.0,60,243.093
2026-06-26T10:53:22.473477+00:00,scheduler,1,100,10929.9,11264.0,57,245.58
2026-06-26T10:53:27.479018+00:00,scheduler,0,100,11167.9,11264.0,60,247.579
2026-06-26T10:53:27.479018+00:00,scheduler,1,100,10929.9,11264.0,57,250.821
2026-06-26T10:53:32.485999+00:00,scheduler,0,100,11167.9,11264.0,60,248.627
2026-06-26T10:53:32.485999+00:00,scheduler,1,100,10929.9,11264.0,57,253.785
2026-06-26T10:53:37.494735+00:00,scheduler,0,100,11167.9,11264.0,60,246.582
2026-06-26T10:53:37.494735+00:00,scheduler,1,100,10929.9,11264.0,57,248.553
2026-06-26T10:53:42.500724+00:00,scheduler,0,100,11167.9,11264.0,60,250.332
2026-06-26T10:53:42.500724+00:00,scheduler,1,100,10929.9,11264.0,57,245.163
2026-06-26T10:53:47.510833+00:00,scheduler,0,100,11167.9,11264.0,60,251.738
2026-06-26T10:53:47.510833+00:00,scheduler,1,100,10929.9,11264.0,57,240.506
2026-06-26T10:53:52.520609+00:00,scheduler,0,100,11167.9,11264.0,60,239.65
2026-06-26T10:53:52.520609+00:00,scheduler,1,100,10929.9,11264.0,58,247.187
2026-06-26T10:53:57.526088+00:00,scheduler,0,100,11167.9,11264.0,60,243.676
2026-06-26T10:53:57.526088+00:00,scheduler,1,100,10929.9,11264.0,57,245.971
2026-06-26T10:54:02.537099+00:00,scheduler,0,100,11167.9,11264.0,60,247.411
2026-06-26T10:54:02.537099+00:00,scheduler,1,100,10929.9,11264.0,57,244.895
2026-06-26T10:54:07.542543+00:00,scheduler,0,100,11167.9,11264.0,60,241.689
2026-06-26T10:54:07.542543+00:00,scheduler,1,100,10929.9,11264.0,57,249.165
2026-06-26T10:54:12.550404+00:00,scheduler,0,100,11167.9,11264.0,60,243.278
2026-06-26T10:54:12.550404+00:00,scheduler,1,100,10929.9,11264.0,58,241.909
2026-06-26T10:54:17.555629+00:00,scheduler,0,100,11167.9,11264.0,60,244.9
2026-06-26T10:54:17.555629+00:00,scheduler,1,100,10929.9,11264.0,57,247.658
2026-06-26T10:54:22.562945+00:00,scheduler,0,100,11167.9,11264.0,60,255.867
2026-06-26T10:54:22.562945+00:00,scheduler,1,100,10929.9,11264.0,57,254.399
2026-06-26T10:54:27.570603+00:00,scheduler,0,100,11167.9,11264.0,60,244.638
2026-06-26T10:54:27.570603+00:00,scheduler,1,100,10929.9,11264.0,57,246.779
2026-06-26T10:54:32.582006+00:00,scheduler,0,100,11167.9,11264.0,60,244.681
2026-06-26T10:54:32.582006+00:00,scheduler,1,100,10929.9,11264.0,57,248.52
2026-06-26T10:54:37.591232+00:00,scheduler,0,100,11167.9,11264.0,60,243.008
2026-06-26T10:54:37.591232+00:00,scheduler,1,100,10929.9,11264.0,57,246.397
2026-06-26T10:54:42.599839+00:00,scheduler,0,100,11167.9,11264.0,60,245.959
2026-06-26T10:54:42.599839+00:00,scheduler,1,100,10929.9,11264.0,57,248.187
2026-06-26T10:54:47.605759+00:00,scheduler,0,100,11167.9,11264.0,60,245.229
2026-06-26T10:54:47.605759+00:00,scheduler,1,100,10929.9,11264.0,57,246.848
2026-06-26T10:54:52.613453+00:00,scheduler,0,100,11167.9,11264.0,60,245.641
2026-06-26T10:54:52.613453+00:00,scheduler,1,100,10929.9,11264.0,58,241.061
2026-06-26T10:54:57.619994+00:00,scheduler,0,100,11167.9,11264.0,60,255.011
2026-06-26T10:54:57.619994+00:00,scheduler,1,100,10929.9,11264.0,57,243.021
2026-06-26T10:55:02.625347+00:00,scheduler,0,100,11167.9,11264.0,60,245.234
2026-06-26T10:55:02.625347+00:00,scheduler,1,100,10929.9,11264.0,57,250.319
2026-06-26T10:55:07.633636+00:00,scheduler,0,100,11167.9,11264.0,60,245.087
2026-06-26T10:55:07.633636+00:00,scheduler,1,100,10929.9,11264.0,57,242.588
2026-06-26T10:55:12.643589+00:00,scheduler,0,100,11167.9,11264.0,60,249.097
2026-06-26T10:55:12.643589+00:00,scheduler,1,100,10929.9,11264.0,57,247.467
2026-06-26T10:55:17.649100+00:00,scheduler,0,100,11167.9,11264.0,60,242.451
2026-06-26T10:55:17.649100+00:00,scheduler,1,100,10929.9,11264.0,57,241.212
2026-06-26T10:55:22.655139+00:00,scheduler,0,100,11167.9,11264.0,60,247.259
2026-06-26T10:55:22.655139+00:00,scheduler,1,100,10929.9,11264.0,57,249.631
2026-06-26T10:55:27.664032+00:00,scheduler,0,100,11167.9,11264.0,60,245.423
2026-06-26T10:55:27.664032+00:00,scheduler,1,100,10929.9,11264.0,57,247.345
2026-06-26T10:55:32.669567+00:00,scheduler,0,100,11167.9,11264.0,60,255.229
2026-06-26T10:55:32.669567+00:00,scheduler,1,100,10929.9,11264.0,57,249.086
2026-06-26T10:55:37.675081+00:00,scheduler,0,100,11167.9,11264.0,60,245.51
2026-06-26T10:55:37.675081+00:00,scheduler,1,100,10929.9,11264.0,58,252.748
2026-06-26T10:55:42.682045+00:00,scheduler,0,100,11167.9,11264.0,60,243.772
2026-06-26T10:55:42.682045+00:00,scheduler,1,100,10929.9,11264.0,57,247.195
2026-06-26T10:55:47.690810+00:00,scheduler,0,100,11167.9,11264.0,60,253.118
2026-06-26T10:55:47.690810+00:00,scheduler,1,100,10929.9,11264.0,58,245.182
2026-06-26T10:55:52.700214+00:00,scheduler,0,100,11167.9,11264.0,60,238.47
2026-06-26T10:55:52.700214+00:00,scheduler,1,100,10929.9,11264.0,57,248.131
2026-06-26T10:55:57.710087+00:00,scheduler,0,100,11167.9,11264.0,60,246.251
2026-06-26T10:55:57.710087+00:00,scheduler,1,100,10929.9,11264.0,58,239.952
2026-06-26T10:56:02.717552+00:00,scheduler,0,100,11167.9,11264.0,60,246.721
2026-06-26T10:56:02.717552+00:00,scheduler,1,100,10929.9,11264.0,57,243.067
2026-06-26T10:56:07.723217+00:00,scheduler,0,100,11167.9,11264.0,60,255.951
2026-06-26T10:56:07.723217+00:00,scheduler,1,100,10929.9,11264.0,57,251.229
2026-06-26T10:56:12.731653+00:00,scheduler,0,100,11167.9,11264.0,60,249.819
2026-06-26T10:56:12.731653+00:00,scheduler,1,100,10929.9,11264.0,57,242.482
2026-06-26T10:56:17.739038+00:00,scheduler,0,100,11167.9,11264.0,60,254.508
2026-06-26T10:56:17.739038+00:00,scheduler,1,100,10929.9,11264.0,57,258.072
2026-06-26T10:56:22.748394+00:00,scheduler,0,100,11167.9,11264.0,60,250.926
2026-06-26T10:56:22.748394+00:00,scheduler,1,100,10929.9,11264.0,57,249.331
2026-06-26T10:56:27.754546+00:00,scheduler,0,100,11167.9,11264.0,60,242.664
2026-06-26T10:56:27.754546+00:00,scheduler,1,100,10929.9,11264.0,57,250.768
2026-06-26T10:56:32.760555+00:00,scheduler,0,100,11167.9,11264.0,60,249.145
2026-06-26T10:56:32.760555+00:00,scheduler,1,100,10929.9,11264.0,57,239.02
2026-06-26T10:56:37.766980+00:00,scheduler,0,100,11167.9,11264.0,60,246.516
2026-06-26T10:56:37.766980+00:00,scheduler,1,100,10929.9,11264.0,57,251.957
2026-06-26T10:56:42.776631+00:00,scheduler,0,100,11167.9,11264.0,60,250.344
2026-06-26T10:56:42.776631+00:00,scheduler,1,100,10929.9,11264.0,57,253.518
2026-06-26T10:56:47.785003+00:00,scheduler,0,100,11167.9,11264.0,60,248.136
2026-06-26T10:56:47.785003+00:00,scheduler,1,100,10929.9,11264.0,57,252.493
2026-06-26T10:56:52.793013+00:00,scheduler,0,100,11167.9,11264.0,60,253.133
2026-06-26T10:56:52.793013+00:00,scheduler,1,100,10929.9,11264.0,57,247.569
2026-06-26T10:56:57.801329+00:00,scheduler,0,100,11167.9,11264.0,60,248.606
2026-06-26T10:56:57.801329+00:00,scheduler,1,100,10929.9,11264.0,57,259.019
2026-06-26T10:57:02.810620+00:00,scheduler,0,100,11167.9,11264.0,60,242.926
2026-06-26T10:57:02.810620+00:00,scheduler,1,100,10929.9,11264.0,57,251.054
2026-06-26T10:57:07.819811+00:00,scheduler,0,3,11167.9,11264.0,53,57.639
2026-06-26T10:57:07.819811+00:00,scheduler,1,100,10929.9,11264.0,57,246.716
2026-06-26T10:57:12.826838+00:00,scheduler,0,0,11167.9,11264.0,52,57.338
2026-06-26T10:57:12.826838+00:00,scheduler,1,100,10929.9,11264.0,57,256.09
2026-06-26T10:57:17.832624+00:00,scheduler,0,0,11167.9,11264.0,50,57.071
2026-06-26T10:57:17.832624+00:00,scheduler,1,100,10929.9,11264.0,57,247.299
2026-06-26T10:57:22.840036+00:00,scheduler,0,0,11167.9,11264.0,49,57.073
2026-06-26T10:57:22.840036+00:00,scheduler,1,100,10929.9,11264.0,57,246.767
2026-06-26T10:57:27.845433+00:00,scheduler,0,0,11167.9,11264.0,49,56.53
2026-06-26T10:57:27.845433+00:00,scheduler,1,100,10929.9,11264.0,57,257.926
2026-06-26T10:57:32.851173+00:00,scheduler,0,0,11167.9,11264.0,48,56.256
2026-06-26T10:57:32.851173+00:00,scheduler,1,100,10929.9,11264.0,57,247.211
2026-06-26T10:57:37.858034+00:00,scheduler,0,0,11167.9,11264.0,47,56.18
2026-06-26T10:57:37.858034+00:00,scheduler,1,100,10929.9,11264.0,54,77.179
2026-06-26T10:57:42.862976+00:00,scheduler,0,0,11167.9,11264.0,47,56.003
2026-06-26T10:57:42.862976+00:00,scheduler,1,7,10929.9,11264.0,50,55.815
2026-06-26T10:57:47.868531+00:00,scheduler,0,0,11167.9,11264.0,46,55.711
2026-06-26T10:57:47.868531+00:00,scheduler,1,95,1629.9,11264.0,51,75.982
2026-06-26T10:57:52.874201+00:00,scheduler,0,0,11167.9,11264.0,46,55.719
2026-06-26T10:57:52.874201+00:00,scheduler,1,34,8763.9,11264.0,53,259.12
2026-06-26T10:57:57.881536+00:00,scheduler,0,0,11167.9,11264.0,46,56.234
2026-06-26T10:57:57.881536+00:00,scheduler,1,9,8763.9,11264.0,48,55.263
2026-06-26T10:58:02.886937+00:00,scheduler,0,0,11167.9,11264.0,45,55.723
2026-06-26T10:58:02.886937+00:00,scheduler,1,61,10927.9,11264.0,52,248.405
2026-06-26T10:58:07.894817+00:00,scheduler,0,0,11167.9,11264.0,45,55.482
2026-06-26T10:58:07.894817+00:00,scheduler,1,100,10927.9,11264.0,54,255.045
2026-06-26T10:58:12.903121+00:00,scheduler,0,8,11167.9,11264.0,45,55.385
2026-06-26T10:58:12.903121+00:00,scheduler,1,100,10929.9,11264.0,54,247.794
2026-06-26T10:58:17.908997+00:00,scheduler,0,67,5223.9,11264.0,47,79.997
2026-06-26T10:58:17.908997+00:00,scheduler,1,100,10929.9,11264.0,55,251.229
2026-06-26T10:58:22.913987+00:00,scheduler,0,0,5223.9,11264.0,45,55.87
2026-06-26T10:58:22.913987+00:00,scheduler,1,100,10929.9,11264.0,55,247.518
2026-06-26T10:58:27.919412+00:00,scheduler,0,0,5223.9,11264.0,45,55.518
2026-06-26T10:58:27.919412+00:00,scheduler,1,100,10929.9,11264.0,56,245.953
2026-06-26T10:58:32.924866+00:00,scheduler,0,11,1125.9,11264.0,45,55.395
2026-06-26T10:58:32.924866+00:00,scheduler,1,100,10929.9,11264.0,56,247.845
2026-06-26T10:58:37.931795+00:00,scheduler,0,0,1867.9,11264.0,44,55.644
2026-06-26T10:58:37.931795+00:00,scheduler,1,100,10929.9,11264.0,56,249.625
2026-06-26T10:58:42.938011+00:00,scheduler,0,0,1867.9,11264.0,44,55.344
2026-06-26T10:58:42.938011+00:00,scheduler,1,100,10929.9,11264.0,57,250.007
2026-06-26T10:58:47.943418+00:00,scheduler,0,0,1867.9,11264.0,44,55.3
2026-06-26T10:58:47.943418+00:00,scheduler,1,100,10929.9,11264.0,57,249.817
2026-06-26T10:58:52.949872+00:00,scheduler,0,0,1867.9,11264.0,44,55.472
2026-06-26T10:58:52.949872+00:00,scheduler,1,100,10929.9,11264.0,57,252.398
2026-06-26T10:58:57.955463+00:00,scheduler,0,0,1867.9,11264.0,44,55.213
2026-06-26T10:58:57.955463+00:00,scheduler,1,100,10929.9,11264.0,57,249.948
2026-06-26T10:59:02.965150+00:00,scheduler,0,0,1867.9,11264.0,44,55.16
2026-06-26T10:59:02.965150+00:00,scheduler,1,100,10929.9,11264.0,57,247.549
2026-06-26T10:59:07.970774+00:00,scheduler,0,0,1867.9,11264.0,44,55.157
2026-06-26T10:59:07.970774+00:00,scheduler,1,100,10929.9,11264.0,57,252.616
2026-06-26T10:59:12.976241+00:00,scheduler,0,0,1867.9,11264.0,44,55.119
2026-06-26T10:59:12.976241+00:00,scheduler,1,100,10929.9,11264.0,57,246.511
2026-06-26T10:59:17.981818+00:00,scheduler,0,0,2091.9,11264.0,44,55.23
2026-06-26T10:59:17.981818+00:00,scheduler,1,100,10929.9,11264.0,57,254.687
2026-06-26T10:59:22.989566+00:00,scheduler,0,3,3739.9,11264.0,44,54.815
2026-06-26T10:59:22.989566+00:00,scheduler,1,100,10929.9,11264.0,57,246.953
2026-06-26T10:59:27.996288+00:00,scheduler,0,6,5175.9,11264.0,44,54.687
2026-06-26T10:59:27.996288+00:00,scheduler,1,100,10929.9,11264.0,58,249.479
2026-06-26T10:59:33.004190+00:00,scheduler,0,1,6843.9,11264.0,43,55.196
2026-06-26T10:59:33.004190+00:00,scheduler,1,100,10929.9,11264.0,57,247.537
2026-06-26T10:59:38.011325+00:00,scheduler,0,64,9001.9,11264.0,50,250.855
2026-06-26T10:59:38.011325+00:00,scheduler,1,100,10929.9,11264.0,57,245.985
2026-06-26T10:59:43.016815+00:00,scheduler,0,2,9001.9,11264.0,44,56.096
2026-06-26T10:59:43.016815+00:00,scheduler,1,100,10929.9,11264.0,57,254.158
2026-06-26T10:59:48.023688+00:00,scheduler,0,4,9001.9,11264.0,44,55.581
2026-06-26T10:59:48.023688+00:00,scheduler,1,100,10929.9,11264.0,57,247.114
2026-06-26T10:59:53.030943+00:00,scheduler,0,1,9001.9,11264.0,44,55.594
2026-06-26T10:59:53.030943+00:00,scheduler,1,100,10929.9,11264.0,57,256.882
2026-06-26T10:59:58.038524+00:00,scheduler,0,100,11165.9,11264.0,51,249.858
2026-06-26T10:59:58.038524+00:00,scheduler,1,100,10929.9,11264.0,57,248.753
2026-06-26T11:00:03.049319+00:00,scheduler,0,100,11165.9,11264.0,52,255.108
2026-06-26T11:00:03.049319+00:00,scheduler,1,100,10929.9,11264.0,58,246.27
2026-06-26T11:00:08.055862+00:00,scheduler,0,100,11167.9,11264.0,53,251.74
2026-06-26T11:00:08.055862+00:00,scheduler,1,100,10929.9,11264.0,57,254.114
2026-06-26T11:00:13.065815+00:00,scheduler,0,100,11167.9,11264.0,54,249.082
2026-06-26T11:00:13.065815+00:00,scheduler,1,100,10929.9,11264.0,57,246.974
2026-06-26T11:00:18.073959+00:00,scheduler,0,100,11167.9,11264.0,55,245.812
2026-06-26T11:00:18.073959+00:00,scheduler,1,100,10929.9,11264.0,57,256.579
2026-06-26T11:00:23.082243+00:00,scheduler,0,100,11167.9,11264.0,56,242.555
2026-06-26T11:00:23.082243+00:00,scheduler,1,100,10929.9,11264.0,57,250.199
2026-06-26T11:00:28.089800+00:00,scheduler,0,100,11167.9,11264.0,56,246.794
2026-06-26T11:00:28.089800+00:00,scheduler,1,100,10929.9,11264.0,57,250.932
2026-06-26T11:00:33.095698+00:00,scheduler,0,100,11167.9,11264.0,57,243.576
2026-06-26T11:00:33.095698+00:00,scheduler,1,100,10929.9,11264.0,57,238.335
2026-06-26T11:00:38.103384+00:00,scheduler,0,100,11167.9,11264.0,58,245.863
2026-06-26T11:00:38.103384+00:00,scheduler,1,100,10929.9,11264.0,57,245.727
2026-06-26T11:00:43.111807+00:00,scheduler,0,100,11167.9,11264.0,58,251.779
2026-06-26T11:00:43.111807+00:00,scheduler,1,100,10929.9,11264.0,57,247.189
2026-06-26T11:00:48.120849+00:00,scheduler,0,100,11167.9,11264.0,59,247.586
2026-06-26T11:00:48.120849+00:00,scheduler,1,100,10929.9,11264.0,57,249.877
2026-06-26T11:00:53.127084+00:00,scheduler,0,100,11167.9,11264.0,59,244.821
2026-06-26T11:00:53.127084+00:00,scheduler,1,100,10929.9,11264.0,57,241.83
2026-06-26T11:00:58.134556+00:00,scheduler,0,100,11167.9,11264.0,59,246.561
2026-06-26T11:00:58.134556+00:00,scheduler,1,100,10929.9,11264.0,57,252.385
2026-06-26T11:01:03.143317+00:00,scheduler,0,100,11167.9,11264.0,59,247.424
2026-06-26T11:01:03.143317+00:00,scheduler,1,100,10929.9,11264.0,58,250.578
2026-06-26T11:01:08.148710+00:00,scheduler,0,100,11167.9,11264.0,59,247.952
2026-06-26T11:01:08.148710+00:00,scheduler,1,100,10929.9,11264.0,57,246.193
2026-06-26T11:01:13.156143+00:00,scheduler,0,100,11167.9,11264.0,60,239.39
2026-06-26T11:01:13.156143+00:00,scheduler,1,100,10929.9,11264.0,57,252.032
2026-06-26T11:01:18.168461+00:00,scheduler,0,100,11167.9,11264.0,60,238.515
2026-06-26T11:01:18.168461+00:00,scheduler,1,100,10929.9,11264.0,57,242.402
2026-06-26T11:01:23.177597+00:00,scheduler,0,100,11167.9,11264.0,60,246.681
2026-06-26T11:01:23.177597+00:00,scheduler,1,100,10929.9,11264.0,57,257.717
2026-06-26T11:01:28.186730+00:00,scheduler,0,100,11167.9,11264.0,60,244.836
2026-06-26T11:01:28.186730+00:00,scheduler,1,100,10929.9,11264.0,57,247.553
2026-06-26T11:01:33.193348+00:00,scheduler,0,100,11167.9,11264.0,60,252.613
2026-06-26T11:01:33.193348+00:00,scheduler,1,100,10929.9,11264.0,57,244.907
2026-06-26T11:01:38.201242+00:00,scheduler,0,100,11167.9,11264.0,60,250.045
2026-06-26T11:01:38.201242+00:00,scheduler,1,100,10929.9,11264.0,57,241.25
2026-06-26T11:01:43.207819+00:00,scheduler,0,100,11167.9,11264.0,60,245.856
2026-06-26T11:01:43.207819+00:00,scheduler,1,100,10929.9,11264.0,57,243.75
2026-06-26T11:01:48.215003+00:00,scheduler,0,100,11167.9,11264.0,60,254.617
2026-06-26T11:01:48.215003+00:00,scheduler,1,100,10929.9,11264.0,57,256.387
2026-06-26T11:01:53.225344+00:00,scheduler,0,100,11167.9,11264.0,60,239.256
2026-06-26T11:01:53.225344+00:00,scheduler,1,100,10929.9,11264.0,58,249.117
2026-06-26T11:01:58.233385+00:00,scheduler,0,100,11167.9,11264.0,60,244.832
2026-06-26T11:01:58.233385+00:00,scheduler,1,100,10929.9,11264.0,57,240.435
2026-06-26T11:02:03.239106+00:00,scheduler,0,100,11167.9,11264.0,60,249.24
2026-06-26T11:02:03.239106+00:00,scheduler,1,100,10929.9,11264.0,58,250.025
2026-06-26T11:02:08.246656+00:00,scheduler,0,100,11167.9,11264.0,60,253.939
2026-06-26T11:02:08.246656+00:00,scheduler,1,100,10929.9,11264.0,57,249.922
2026-06-26T11:02:13.254909+00:00,scheduler,0,100,11167.9,11264.0,60,244.172
2026-06-26T11:02:13.254909+00:00,scheduler,1,100,10929.9,11264.0,57,249.214
2026-06-26T11:02:18.264431+00:00,scheduler,0,100,11167.9,11264.0,60,246.707
2026-06-26T11:02:18.264431+00:00,scheduler,1,100,10929.9,11264.0,57,251.222
2026-06-26T11:02:23.274040+00:00,scheduler,0,100,11167.9,11264.0,60,254.251
2026-06-26T11:02:23.274040+00:00,scheduler,1,100,10929.9,11264.0,57,239.116
2026-06-26T11:02:28.283160+00:00,scheduler,0,100,11167.9,11264.0,60,240.993
2026-06-26T11:02:28.283160+00:00,scheduler,1,100,10929.9,11264.0,57,252.548
2026-06-26T11:02:33.293164+00:00,scheduler,0,100,11167.9,11264.0,60,245.416
2026-06-26T11:02:33.293164+00:00,scheduler,1,100,10929.9,11264.0,57,247.254
2026-06-26T11:02:38.300774+00:00,scheduler,0,100,11167.9,11264.0,60,246.598
2026-06-26T11:02:38.300774+00:00,scheduler,1,100,10929.9,11264.0,57,244.412
2026-06-26T11:02:43.311309+00:00,scheduler,0,100,11167.9,11264.0,60,239.279
2026-06-26T11:02:43.311309+00:00,scheduler,1,100,10929.9,11264.0,57,255.163
2026-06-26T11:02:48.319263+00:00,scheduler,0,100,11167.9,11264.0,60,246.985
2026-06-26T11:02:48.319263+00:00,scheduler,1,100,10929.9,11264.0,57,250.064
2026-06-26T11:02:53.325734+00:00,scheduler,0,100,11167.9,11264.0,60,246.381
2026-06-26T11:02:53.325734+00:00,scheduler,1,100,10929.9,11264.0,57,258.722
2026-06-26T11:02:58.332242+00:00,scheduler,0,100,11167.9,11264.0,60,255.606
2026-06-26T11:02:58.332242+00:00,scheduler,1,100,10929.9,11264.0,57,246.968
2026-06-26T11:03:03.339986+00:00,scheduler,0,100,11167.9,11264.0,60,237.969
2026-06-26T11:03:03.339986+00:00,scheduler,1,100,10929.9,11264.0,57,241.443
2026-06-26T11:03:08.345414+00:00,scheduler,0,100,11167.9,11264.0,60,245.755
2026-06-26T11:03:08.345414+00:00,scheduler,1,100,10929.9,11264.0,57,238.862
2026-06-26T11:03:13.353213+00:00,scheduler,0,100,11167.9,11264.0,60,248.326
2026-06-26T11:03:13.353213+00:00,scheduler,1,100,10929.9,11264.0,57,250.437
2026-06-26T11:03:18.365729+00:00,scheduler,0,100,11167.9,11264.0,60,242.439
2026-06-26T11:03:18.365729+00:00,scheduler,1,100,10929.9,11264.0,57,256.911
2026-06-26T11:03:23.374226+00:00,scheduler,0,100,11167.9,11264.0,60,243.606
2026-06-26T11:03:23.374226+00:00,scheduler,1,100,10929.9,11264.0,58,248.81
2026-06-26T11:03:28.381808+00:00,scheduler,0,100,11167.9,11264.0,60,248.796
2026-06-26T11:03:28.381808+00:00,scheduler,1,100,10929.9,11264.0,58,242.824
2026-06-26T11:03:33.388104+00:00,scheduler,0,100,11167.9,11264.0,60,255.407
2026-06-26T11:03:33.388104+00:00,scheduler,1,100,10929.9,11264.0,58,252.685
2026-06-26T11:03:38.397798+00:00,scheduler,0,100,11167.9,11264.0,60,237.414
2026-06-26T11:03:38.397798+00:00,scheduler,1,100,10929.9,11264.0,57,252.096
2026-06-26T11:03:43.404633+00:00,scheduler,0,100,11167.9,11264.0,60,245.596
2026-06-26T11:03:43.404633+00:00,scheduler,1,100,10929.9,11264.0,57,243.521
2026-06-26T11:03:48.414096+00:00,scheduler,0,100,11167.9,11264.0,60,244.08
2026-06-26T11:03:48.414096+00:00,scheduler,1,13,10929.9,11264.0,53,76.728
2026-06-26T11:03:53.419259+00:00,scheduler,0,100,11167.9,11264.0,60,239.054
2026-06-26T11:03:53.419259+00:00,scheduler,1,7,10929.9,11264.0,50,55.882
2026-06-26T11:03:58.424658+00:00,scheduler,0,100,11167.9,11264.0,60,244.435
2026-06-26T11:03:58.424658+00:00,scheduler,1,0,887.9,11264.0,50,55.355
2026-06-26T11:04:03.430214+00:00,scheduler,0,100,11167.9,11264.0,60,247.269
2026-06-26T11:04:03.430214+00:00,scheduler,1,0,887.9,11264.0,48,54.808
2026-06-26T11:04:08.435775+00:00,scheduler,0,100,11167.9,11264.0,60,253.951
2026-06-26T11:04:08.435775+00:00,scheduler,1,0,887.9,11264.0,47,54.421
2026-06-26T11:04:13.444878+00:00,scheduler,0,100,11167.9,11264.0,60,244.191
2026-06-26T11:04:13.444878+00:00,scheduler,1,0,887.9,11264.0,44,4.782
2026-06-26T11:04:18.457115+00:00,scheduler,0,100,11167.9,11264.0,60,245.285
2026-06-26T11:04:18.457115+00:00,scheduler,1,1,665.9,11264.0,42,2.991
2026-06-26T11:04:23.470136+00:00,scheduler,0,100,11167.9,11264.0,60,245.828
2026-06-26T11:04:23.470136+00:00,scheduler,1,0,665.9,11264.0,41,3.118
2026-06-26T11:04:28.482554+00:00,scheduler,0,100,11167.9,11264.0,60,241.2
2026-06-26T11:04:28.482554+00:00,scheduler,1,0,665.9,11264.0,40,2.59
2026-06-26T11:04:33.493692+00:00,scheduler,0,100,11167.9,11264.0,60,247.598
2026-06-26T11:04:33.493692+00:00,scheduler,1,0,665.9,11264.0,39,3.119
2026-06-26T11:04:38.502786+00:00,scheduler,0,100,11167.9,11264.0,60,247.451
2026-06-26T11:04:38.502786+00:00,scheduler,1,0,665.9,11264.0,38,2.957
2026-06-26T11:04:43.512109+00:00,scheduler,0,100,11167.9,11264.0,60,236.866
2026-06-26T11:04:43.512109+00:00,scheduler,1,0,665.9,11264.0,38,3.611
2026-06-26T11:04:48.523531+00:00,scheduler,0,100,11167.9,11264.0,60,237.671
2026-06-26T11:04:48.523531+00:00,scheduler,1,0,665.9,11264.0,37,3.349
2026-06-26T11:04:53.532560+00:00,scheduler,0,100,11167.9,11264.0,60,246.469
2026-06-26T11:04:53.532560+00:00,scheduler,1,0,665.9,11264.0,37,3.945
2026-06-26T11:04:58.542128+00:00,scheduler,0,100,11167.9,11264.0,60,248.297
2026-06-26T11:04:58.542128+00:00,scheduler,1,0,665.9,11264.0,36,4.258
2026-06-26T11:05:03.785481+00:00,scheduler,0,100,11167.9,11264.0,60,237.843
2026-06-26T11:05:03.785481+00:00,scheduler,1,0,665.9,11264.0,36,3.828
2026-06-26T11:05:09.118582+00:00,scheduler,0,100,11167.9,11264.0,60,243.932
2026-06-26T11:05:09.118582+00:00,scheduler,1,0,665.9,11264.0,36,3.528
2026-06-26T11:05:14.127727+00:00,scheduler,0,100,11167.9,11264.0,60,250.092
2026-06-26T11:05:14.127727+00:00,scheduler,1,0,665.9,11264.0,35,3.117
2026-06-26T11:05:19.139272+00:00,scheduler,0,100,11167.9,11264.0,60,253.853
2026-06-26T11:05:19.139272+00:00,scheduler,1,0,665.9,11264.0,35,3.274
2026-06-26T11:05:24.151483+00:00,scheduler,0,100,11167.9,11264.0,60,239.013
2026-06-26T11:05:24.151483+00:00,scheduler,1,0,665.9,11264.0,35,3.482
2026-06-26T11:05:29.161649+00:00,scheduler,0,100,11167.9,11264.0,60,244.728
2026-06-26T11:05:29.161649+00:00,scheduler,1,0,665.9,11264.0,35,3.227
2026-06-26T11:05:34.173237+00:00,scheduler,0,100,11167.9,11264.0,60,248.036
2026-06-26T11:05:34.173237+00:00,scheduler,1,0,665.9,11264.0,34,3.536
2026-06-26T11:05:39.184392+00:00,scheduler,0,85,11167.9,11264.0,57,88.487
2026-06-26T11:05:39.184392+00:00,scheduler,1,0,665.9,11264.0,34,3.1
2026-06-26T11:05:44.194366+00:00,scheduler,0,5,11167.9,11264.0,53,57.81
2026-06-26T11:05:44.194366+00:00,scheduler,1,0,665.9,11264.0,34,3.821
2026-06-26T11:05:49.203615+00:00,scheduler,0,2,11167.9,11264.0,51,57.506
2026-06-26T11:05:49.203615+00:00,scheduler,1,0,665.9,11264.0,34,3.458
2026-06-26T11:05:54.222792+00:00,scheduler,0,54,5223.9,11264.0,55,251.567
2026-06-26T11:05:54.222792+00:00,scheduler,1,0,665.9,11264.0,34,3.807
2026-06-26T11:05:59.232439+00:00,scheduler,0,13,4563.9,11264.0,50,57.018
2026-06-26T11:05:59.232439+00:00,scheduler,1,0,665.9,11264.0,33,2.931
2026-06-26T11:06:04.241323+00:00,scheduler,0,11,8163.9,11264.0,49,57.075
2026-06-26T11:06:04.241323+00:00,scheduler,1,0,665.9,11264.0,33,3.626
2026-06-26T11:06:09.250281+00:00,scheduler,0,22,9001.9,11264.0,50,66.268
2026-06-26T11:06:09.250281+00:00,scheduler,1,0,665.9,11264.0,33,2.782
2026-06-26T11:06:14.259213+00:00,scheduler,0,0,1119.9,11264.0,49,82.181
2026-06-26T11:06:14.259213+00:00,scheduler,1,0,665.9,11264.0,33,3.423
2026-06-26T11:06:19.268864+00:00,scheduler,0,0,1399.9,11264.0,47,56.953
2026-06-26T11:06:19.268864+00:00,scheduler,1,0,665.9,11264.0,33,3.171
2026-06-26T11:06:24.277533+00:00,scheduler,0,0,1849.9,11264.0,47,56.266
2026-06-26T11:06:24.277533+00:00,scheduler,1,0,665.9,11264.0,33,3.364
2026-06-26T11:06:29.286640+00:00,scheduler,0,0,1939.9,11264.0,46,56.11
2026-06-26T11:06:29.286640+00:00,scheduler,1,0,665.9,11264.0,33,3.074
2026-06-26T11:06:34.296722+00:00,scheduler,0,0,2389.9,11264.0,46,56.529
2026-06-26T11:06:34.296722+00:00,scheduler,1,0,665.9,11264.0,32,2.889
2026-06-26T11:06:39.305707+00:00,scheduler,0,0,2785.9,11264.0,46,56.408
2026-06-26T11:06:39.305707+00:00,scheduler,1,0,665.9,11264.0,32,3.181
2026-06-26T11:06:44.316369+00:00,scheduler,0,3,3217.9,11264.0,45,55.902
2026-06-26T11:06:44.316369+00:00,scheduler,1,0,665.9,11264.0,32,3.198
2026-06-26T11:06:49.332805+00:00,scheduler,0,49,11165.9,11264.0,50,242.794
2026-06-26T11:06:49.332805+00:00,scheduler,1,0,665.9,11264.0,32,3.53
2026-06-26T11:06:54.343482+00:00,scheduler,0,100,11165.9,11264.0,53,257.402
2026-06-26T11:06:54.343482+00:00,scheduler,1,0,665.9,11264.0,32,3.436
2026-06-26T11:06:59.357389+00:00,scheduler,0,100,11167.9,11264.0,54,255.596
2026-06-26T11:06:59.357389+00:00,scheduler,1,0,665.9,11264.0,32,3.131
2026-06-26T11:07:04.372564+00:00,scheduler,0,100,11167.9,11264.0,55,245.674
2026-06-26T11:07:04.372564+00:00,scheduler,1,0,665.9,11264.0,32,2.942
2026-06-26T11:07:09.381526+00:00,scheduler,0,100,11167.9,11264.0,55,250.529
2026-06-26T11:07:09.381526+00:00,scheduler,1,0,665.9,11264.0,32,3.691
2026-06-26T11:07:14.398619+00:00,scheduler,0,100,11167.9,11264.0,56,247.504
2026-06-26T11:07:14.398619+00:00,scheduler,1,0,665.9,11264.0,32,3.625
2026-06-26T11:07:19.408995+00:00,scheduler,0,100,11167.9,11264.0,57,254.415
2026-06-26T11:07:19.408995+00:00,scheduler,1,0,665.9,11264.0,32,3.573
2026-06-26T11:07:24.417847+00:00,scheduler,0,100,11167.9,11264.0,58,246.248
2026-06-26T11:07:24.417847+00:00,scheduler,1,0,665.9,11264.0,32,3.66
2026-06-26T11:07:29.427749+00:00,scheduler,0,100,11167.9,11264.0,58,244.974
2026-06-26T11:07:29.427749+00:00,scheduler,1,0,665.9,11264.0,32,3.77
2026-06-26T11:07:34.437843+00:00,scheduler,0,100,11167.9,11264.0,58,246.163
2026-06-26T11:07:34.437843+00:00,scheduler,1,0,665.9,11264.0,32,3.91
2026-06-26T11:07:39.448993+00:00,scheduler,0,100,11167.9,11264.0,59,238.784
2026-06-26T11:07:39.448993+00:00,scheduler,1,0,665.9,11264.0,31,3.957
2026-06-26T11:07:44.462010+00:00,scheduler,0,100,11167.9,11264.0,59,252.037
2026-06-26T11:07:44.462010+00:00,scheduler,1,0,665.9,11264.0,31,3.982
2026-06-26T11:07:49.473361+00:00,scheduler,0,100,11167.9,11264.0,59,247.222
2026-06-26T11:07:49.473361+00:00,scheduler,1,0,665.9,11264.0,31,3.645
2026-06-26T11:07:54.489831+00:00,scheduler,0,100,11167.9,11264.0,59,239.325
2026-06-26T11:07:54.489831+00:00,scheduler,1,0,665.9,11264.0,31,3.922
2026-06-26T11:07:59.506768+00:00,scheduler,0,100,11167.9,11264.0,59,239.154
2026-06-26T11:07:59.506768+00:00,scheduler,1,0,665.9,11264.0,31,3.579
2026-06-26T11:08:04.520300+00:00,scheduler,0,100,11167.9,11264.0,59,248.43
2026-06-26T11:08:04.520300+00:00,scheduler,1,0,665.9,11264.0,31,3.953
2026-06-26T11:08:09.533295+00:00,scheduler,0,100,11167.9,11264.0,59,246.239
2026-06-26T11:08:09.533295+00:00,scheduler,1,0,665.9,11264.0,31,3.868
2026-06-26T11:08:14.545714+00:00,scheduler,0,100,11167.9,11264.0,60,242.872
2026-06-26T11:08:14.545714+00:00,scheduler,1,0,665.9,11264.0,31,4.147
2026-06-26T11:08:19.554822+00:00,scheduler,0,100,11167.9,11264.0,60,245.051
2026-06-26T11:08:19.554822+00:00,scheduler,1,0,665.9,11264.0,31,3.516
2026-06-26T11:08:24.563774+00:00,scheduler,0,100,11167.9,11264.0,60,238.648
2026-06-26T11:08:24.563774+00:00,scheduler,1,0,665.9,11264.0,31,4.384
2026-06-26T11:08:29.573028+00:00,scheduler,0,100,11167.9,11264.0,60,243.283
2026-06-26T11:08:29.573028+00:00,scheduler,1,0,665.9,11264.0,31,3.731
2026-06-26T11:08:34.582159+00:00,scheduler,0,100,11167.9,11264.0,60,241.931
2026-06-26T11:08:34.582159+00:00,scheduler,1,0,665.9,11264.0,31,4.174
2026-06-26T11:08:39.591721+00:00,scheduler,0,100,11167.9,11264.0,60,250.018
2026-06-26T11:08:39.591721+00:00,scheduler,1,0,665.9,11264.0,31,3.734
2026-06-26T11:08:44.600277+00:00,scheduler,0,100,11167.9,11264.0,60,245.993
2026-06-26T11:08:44.600277+00:00,scheduler,1,0,665.9,11264.0,31,4.318
2026-06-26T11:08:49.612429+00:00,scheduler,0,100,11167.9,11264.0,60,247.893
2026-06-26T11:08:49.612429+00:00,scheduler,1,0,665.9,11264.0,31,3.511
2026-06-26T11:08:54.621363+00:00,scheduler,0,100,11167.9,11264.0,60,247.023
2026-06-26T11:08:54.621363+00:00,scheduler,1,0,665.9,11264.0,31,4.12
2026-06-26T11:08:59.630243+00:00,scheduler,0,100,11167.9,11264.0,60,247.83
2026-06-26T11:08:59.630243+00:00,scheduler,1,0,665.9,11264.0,31,3.198
2026-06-26T11:09:04.639278+00:00,scheduler,0,100,11167.9,11264.0,59,253.177
2026-06-26T11:09:04.639278+00:00,scheduler,1,0,665.9,11264.0,31,3.122
2026-06-26T11:09:09.650773+00:00,scheduler,0,100,11167.9,11264.0,60,238.612
2026-06-26T11:09:09.650773+00:00,scheduler,1,0,665.9,11264.0,31,3.625
2026-06-26T11:09:14.663091+00:00,scheduler,0,100,11167.9,11264.0,60,246.564
2026-06-26T11:09:14.663091+00:00,scheduler,1,0,665.9,11264.0,31,3.264
2026-06-26T11:09:19.675653+00:00,scheduler,0,100,11167.9,11264.0,60,247.211
2026-06-26T11:09:19.675653+00:00,scheduler,1,0,665.9,11264.0,31,3.3
2026-06-26T11:09:24.687332+00:00,scheduler,0,100,11167.9,11264.0,60,254.289
2026-06-26T11:09:24.687332+00:00,scheduler,1,0,665.9,11264.0,31,3.069
2026-06-26T11:09:29.697702+00:00,scheduler,0,100,11167.9,11264.0,60,246.291
2026-06-26T11:09:29.697702+00:00,scheduler,1,0,665.9,11264.0,31,3.412
2026-06-26T11:09:34.706993+00:00,scheduler,0,100,11167.9,11264.0,60,245.365
2026-06-26T11:09:34.706993+00:00,scheduler,1,0,665.9,11264.0,31,3.297
2026-06-26T11:09:39.716934+00:00,scheduler,0,100,11167.9,11264.0,60,249.304
2026-06-26T11:09:39.716934+00:00,scheduler,1,0,665.9,11264.0,30,3.362
2026-06-26T11:09:44.726966+00:00,scheduler,0,100,11167.9,11264.0,60,246.731
2026-06-26T11:09:44.726966+00:00,scheduler,1,0,665.9,11264.0,30,2.935
2026-06-26T11:09:49.737465+00:00,scheduler,0,100,11167.9,11264.0,60,244.321
2026-06-26T11:09:49.737465+00:00,scheduler,1,0,665.9,11264.0,30,3.494
2026-06-26T11:09:54.749329+00:00,scheduler,0,100,11167.9,11264.0,60,245.36
2026-06-26T11:09:54.749329+00:00,scheduler,1,0,665.9,11264.0,30,3.315
2026-06-26T11:09:59.759890+00:00,scheduler,0,100,11167.9,11264.0,60,246.851
2026-06-26T11:09:59.759890+00:00,scheduler,1,0,665.9,11264.0,30,3.182
2026-06-26T11:10:04.770978+00:00,scheduler,0,100,11167.9,11264.0,60,253.538
2026-06-26T11:10:04.770978+00:00,scheduler,1,0,665.9,11264.0,30,3.386
2026-06-26T11:10:09.779922+00:00,scheduler,0,100,11167.9,11264.0,60,236.957
2026-06-26T11:10:09.779922+00:00,scheduler,1,0,665.9,11264.0,30,3.83
2026-06-26T11:10:14.789013+00:00,scheduler,0,100,11167.9,11264.0,60,245.233
2026-06-26T11:10:14.789013+00:00,scheduler,1,0,665.9,11264.0,30,3.319
2026-06-26T11:10:19.798601+00:00,scheduler,0,100,11167.9,11264.0,60,243.502
2026-06-26T11:10:19.798601+00:00,scheduler,1,0,665.9,11264.0,30,3.439
2026-06-26T11:10:24.807471+00:00,scheduler,0,100,11167.9,11264.0,60,252.458
2026-06-26T11:10:24.807471+00:00,scheduler,1,0,665.9,11264.0,30,3.301
2026-06-26T11:10:29.816614+00:00,scheduler,0,100,11167.9,11264.0,60,247.725
2026-06-26T11:10:29.816614+00:00,scheduler,1,0,665.9,11264.0,30,3.187
2026-06-26T11:10:34.831180+00:00,scheduler,0,100,11167.9,11264.0,60,244.934
2026-06-26T11:10:34.831180+00:00,scheduler,1,0,665.9,11264.0,30,3.257
2026-06-26T11:10:39.840135+00:00,scheduler,0,100,11167.9,11264.0,60,246.144
2026-06-26T11:10:39.840135+00:00,scheduler,1,0,665.9,11264.0,30,3.427
2026-06-26T11:10:44.848948+00:00,scheduler,0,100,11167.9,11264.0,60,249.483
2026-06-26T11:10:44.848948+00:00,scheduler,1,0,665.9,11264.0,30,3.333
2026-06-26T11:10:49.859056+00:00,scheduler,0,100,11167.9,11264.0,60,245.391
2026-06-26T11:10:49.859056+00:00,scheduler,1,0,665.9,11264.0,30,2.859
2026-06-26T11:10:54.871434+00:00,scheduler,0,100,11167.9,11264.0,60,247.729
2026-06-26T11:10:54.871434+00:00,scheduler,1,0,665.9,11264.0,30,3.666
2026-06-26T11:10:59.887077+00:00,scheduler,0,100,11167.9,11264.0,60,252.488
2026-06-26T11:10:59.887077+00:00,scheduler,1,0,665.9,11264.0,30,3.186
2026-06-26T11:11:04.899052+00:00,scheduler,0,100,11167.9,11264.0,60,238.956
2026-06-26T11:11:04.899052+00:00,scheduler,1,0,665.9,11264.0,30,2.983
2026-06-26T11:11:09.910745+00:00,scheduler,0,100,11167.9,11264.0,60,243.031
2026-06-26T11:11:09.910745+00:00,scheduler,1,0,665.9,11264.0,30,3.345
2026-06-26T11:11:14.922059+00:00,scheduler,0,100,11167.9,11264.0,60,253.671
2026-06-26T11:11:14.922059+00:00,scheduler,1,0,665.9,11264.0,30,3.889
2026-06-26T11:11:19.932681+00:00,scheduler,0,100,11167.9,11264.0,60,241.297
2026-06-26T11:11:19.932681+00:00,scheduler,1,0,665.9,11264.0,30,3.171
2026-06-26T11:11:24.944385+00:00,scheduler,0,100,11167.9,11264.0,60,248.698
2026-06-26T11:11:24.944385+00:00,scheduler,1,0,665.9,11264.0,30,3.597
2026-06-26T11:11:29.963215+00:00,scheduler,0,100,11167.9,11264.0,60,242.431
2026-06-26T11:11:29.963215+00:00,scheduler,1,0,665.9,11264.0,30,3.213
2026-06-26T11:11:34.976784+00:00,scheduler,0,100,11167.9,11264.0,60,250.318
2026-06-26T11:11:34.976784+00:00,scheduler,1,0,665.9,11264.0,30,3.53
2026-06-26T11:11:39.988849+00:00,scheduler,0,100,11167.9,11264.0,60,243.986
2026-06-26T11:11:39.988849+00:00,scheduler,1,0,665.9,11264.0,30,3.014
2026-06-26T11:11:44.999070+00:00,scheduler,0,100,11167.9,11264.0,60,242.249
2026-06-26T11:11:44.999070+00:00,scheduler,1,0,665.9,11264.0,30,3.605
2026-06-26T11:11:50.011515+00:00,scheduler,0,100,11167.9,11264.0,60,246.237
2026-06-26T11:11:50.011515+00:00,scheduler,1,0,665.9,11264.0,30,3.503
2026-06-26T11:11:55.022146+00:00,scheduler,0,100,11167.9,11264.0,60,254.079
2026-06-26T11:11:55.022146+00:00,scheduler,1,0,665.9,11264.0,30,2.673
2026-06-26T11:12:00.034387+00:00,scheduler,0,100,11167.9,11264.0,60,250.333
2026-06-26T11:12:00.034387+00:00,scheduler,1,0,665.9,11264.0,30,3.114
2026-06-26T11:12:05.043375+00:00,scheduler,0,100,11167.9,11264.0,60,238.47
2026-06-26T11:12:05.043375+00:00,scheduler,1,0,665.9,11264.0,30,2.629
2026-06-26T11:12:10.052088+00:00,scheduler,0,100,11167.9,11264.0,60,246.303
2026-06-26T11:12:10.052088+00:00,scheduler,1,0,665.9,11264.0,30,2.584
2026-06-26T11:12:15.063960+00:00,scheduler,0,100,11167.9,11264.0,60,247.358
2026-06-26T11:12:15.063960+00:00,scheduler,1,0,665.9,11264.0,30,3.169
2026-06-26T11:12:20.075255+00:00,scheduler,0,100,11167.9,11264.0,60,249.218
2026-06-26T11:12:20.075255+00:00,scheduler,1,0,665.9,11264.0,30,2.92
2026-06-26T11:12:25.084248+00:00,scheduler,0,100,11167.9,11264.0,60,244.453
2026-06-26T11:12:25.084248+00:00,scheduler,1,0,665.9,11264.0,30,3.424
2026-06-26T11:12:30.105150+00:00,scheduler,0,100,11167.9,11264.0,60,247.104
2026-06-26T11:12:30.105150+00:00,scheduler,1,0,665.9,11264.0,30,3.158
2026-06-26T11:12:35.113930+00:00,scheduler,0,3,11167.9,11264.0,54,57.739
2026-06-26T11:12:35.113930+00:00,scheduler,1,0,665.9,11264.0,30,2.984
2026-06-26T11:12:40.122853+00:00,scheduler,0,0,11167.9,11264.0,52,57.725
2026-06-26T11:12:40.122853+00:00,scheduler,1,0,665.9,11264.0,30,3.491
2026-06-26T11:12:45.134910+00:00,scheduler,0,8,11167.9,11264.0,50,57.323
2026-06-26T11:12:45.134910+00:00,scheduler,1,0,665.9,11264.0,30,3.155
2026-06-26T11:12:50.143989+00:00,scheduler,0,78,5223.9,11264.0,52,84.765
2026-06-26T11:12:50.143989+00:00,scheduler,1,0,665.9,11264.0,30,3.688
2026-06-26T11:12:55.153061+00:00,scheduler,0,0,1125.9,11264.0,49,56.863
2026-06-26T11:12:55.153061+00:00,scheduler,1,0,665.9,11264.0,30,3.028
2026-06-26T11:13:00.162330+00:00,scheduler,0,0,1125.9,11264.0,48,56.595
2026-06-26T11:13:00.162330+00:00,scheduler,1,0,665.9,11264.0,30,3.551
2026-06-26T11:13:05.171321+00:00,scheduler,0,0,1125.9,11264.0,48,56.243
2026-06-26T11:13:05.171321+00:00,scheduler,1,0,665.9,11264.0,30,2.659
2026-06-26T11:13:10.180357+00:00,scheduler,0,0,1125.9,11264.0,45,3.362
2026-06-26T11:13:10.180357+00:00,scheduler,1,0,665.9,11264.0,30,3.323
2026-06-26T11:13:15.194472+00:00,scheduler,0,0,1125.9,11264.0,44,3.559
2026-06-26T11:13:15.194472+00:00,scheduler,1,0,665.9,11264.0,30,2.987
2026-06-26T11:13:20.207263+00:00,scheduler,0,1,903.9,11264.0,43,3.679
2026-06-26T11:13:20.207263+00:00,scheduler,1,0,665.9,11264.0,30,3.235
2026-06-26T11:13:25.221588+00:00,scheduler,0,0,903.9,11264.0,42,3.212
2026-06-26T11:13:25.221588+00:00,scheduler,1,0,665.9,11264.0,30,3.23
2026-06-26T11:13:30.234424+00:00,scheduler,0,0,903.9,11264.0,41,3.503
2026-06-26T11:13:30.234424+00:00,scheduler,1,0,665.9,11264.0,30,2.867
2026-06-26T11:13:35.248423+00:00,scheduler,0,0,903.9,11264.0,41,3.136
2026-06-26T11:13:35.248423+00:00,scheduler,1,0,665.9,11264.0,30,3.14
2026-06-26T11:13:40.262101+00:00,scheduler,0,0,903.9,11264.0,40,3.558
2026-06-26T11:13:40.262101+00:00,scheduler,1,0,665.9,11264.0,30,2.957
2026-06-26T11:13:45.275095+00:00,scheduler,0,0,903.9,11264.0,39,2.736
2026-06-26T11:13:45.275095+00:00,scheduler,1,0,1407.9,11264.0,30,17.906
2026-06-26T11:13:50.284087+00:00,scheduler,0,0,903.9,11264.0,39,4.081
2026-06-26T11:13:50.284087+00:00,scheduler,1,3,2039.9,11264.0,33,51.06
2026-06-26T11:13:55.293287+00:00,scheduler,0,0,903.9,11264.0,39,3.348
2026-06-26T11:13:55.293287+00:00,scheduler,1,1,2775.9,11264.0,34,51.203
2026-06-26T11:14:00.311181+00:00,scheduler,0,0,903.9,11264.0,38,3.549
2026-06-26T11:14:00.311181+00:00,scheduler,1,1,3503.9,11264.0,34,51.037
2026-06-26T11:14:05.329016+00:00,scheduler,0,0,903.9,11264.0,38,3.45
2026-06-26T11:14:05.329016+00:00,scheduler,1,1,4231.9,11264.0,35,51.049
2026-06-26T11:14:10.343588+00:00,scheduler,0,0,903.9,11264.0,38,3.024
2026-06-26T11:14:10.343588+00:00,scheduler,1,1,5007.9,11264.0,35,51.256
2026-06-26T11:14:15.366923+00:00,scheduler,0,0,903.9,11264.0,37,2.793
2026-06-26T11:14:15.366923+00:00,scheduler,1,2,5919.9,11264.0,35,51.309
2026-06-26T11:14:20.376592+00:00,scheduler,0,0,903.9,11264.0,37,3.165
2026-06-26T11:14:20.376592+00:00,scheduler,1,3,7675.9,11264.0,36,51.497
2026-06-26T11:14:25.385561+00:00,scheduler,0,0,903.9,11264.0,37,3.371
2026-06-26T11:14:25.385561+00:00,scheduler,1,95,8771.9,11264.0,39,71.577
2026-06-26T11:14:30.394142+00:00,scheduler,0,0,903.9,11264.0,37,3.071
2026-06-26T11:14:30.394142+00:00,scheduler,1,0,8771.9,11264.0,37,51.727
2026-06-26T11:14:35.404809+00:00,scheduler,0,0,903.9,11264.0,37,3.02
2026-06-26T11:14:35.404809+00:00,scheduler,1,0,8771.9,11264.0,37,51.579
2026-06-26T11:14:40.413776+00:00,scheduler,0,0,903.9,11264.0,36,3.255
2026-06-26T11:14:40.413776+00:00,scheduler,1,2,8771.9,11264.0,37,51.961
2026-06-26T11:14:45.422452+00:00,scheduler,0,0,903.9,11264.0,36,2.603
2026-06-26T11:14:45.422452+00:00,scheduler,1,2,8771.9,11264.0,37,51.91
2026-06-26T11:14:50.435214+00:00,scheduler,0,0,903.9,11264.0,36,3.227
2026-06-26T11:14:50.435214+00:00,scheduler,1,2,8771.9,11264.0,38,51.894
2026-06-26T11:14:55.451031+00:00,scheduler,0,0,903.9,11264.0,36,3.0
2026-06-26T11:14:55.451031+00:00,scheduler,1,2,8771.9,11264.0,38,51.763
2026-06-26T11:15:00.464722+00:00,scheduler,0,0,903.9,11264.0,36,2.899
2026-06-26T11:15:00.464722+00:00,scheduler,1,4,8771.9,11264.0,38,51.872
2026-06-26T11:15:05.603081+00:00,scheduler,0,0,903.9,11264.0,36,2.844
2026-06-26T11:15:05.603081+00:00,scheduler,1,3,2025.9,11264.0,38,52.094
2026-06-26T11:15:10.616752+00:00,scheduler,0,0,903.9,11264.0,36,2.481
2026-06-26T11:15:10.616752+00:00,scheduler,1,2,3015.9,11264.0,38,52.254
2026-06-26T11:15:15.626429+00:00,scheduler,0,0,903.9,11264.0,36,2.637
2026-06-26T11:15:15.626429+00:00,scheduler,1,2,4059.9,11264.0,38,52.029
2026-06-26T11:15:20.635653+00:00,scheduler,0,0,903.9,11264.0,35,2.24
2026-06-26T11:15:20.635653+00:00,scheduler,1,1,4995.9,11264.0,38,52.387
2026-06-26T11:15:25.649850+00:00,scheduler,0,0,903.9,11264.0,35,3.049
2026-06-26T11:15:25.649850+00:00,scheduler,1,4,6399.9,11264.0,39,52.358
2026-06-26T11:15:30.659259+00:00,scheduler,0,0,903.9,11264.0,35,3.279
2026-06-26T11:15:30.659259+00:00,scheduler,1,4,10927.9,11264.0,41,146.536
2026-06-26T11:15:35.668619+00:00,scheduler,0,0,903.9,11264.0,35,2.9
2026-06-26T11:15:35.668619+00:00,scheduler,1,100,10927.9,11264.0,47,249.251
2026-06-26T11:15:40.681107+00:00,scheduler,0,0,903.9,11264.0,35,3.002
2026-06-26T11:15:40.681107+00:00,scheduler,1,100,10929.9,11264.0,48,245.795
2026-06-26T11:15:45.691102+00:00,scheduler,0,0,903.9,11264.0,35,2.993
2026-06-26T11:15:45.691102+00:00,scheduler,1,100,10929.9,11264.0,49,244.929
2026-06-26T11:15:50.699856+00:00,scheduler,0,0,903.9,11264.0,35,2.97
2026-06-26T11:15:50.699856+00:00,scheduler,1,100,10929.9,11264.0,50,242.921
2026-06-26T11:15:55.708901+00:00,scheduler,0,0,903.9,11264.0,35,2.959
2026-06-26T11:15:55.708901+00:00,scheduler,1,100,10929.9,11264.0,51,253.853
2026-06-26T11:16:00.718808+00:00,scheduler,0,0,903.9,11264.0,35,3.506
2026-06-26T11:16:00.718808+00:00,scheduler,1,100,10929.9,11264.0,52,251.816
2026-06-26T11:16:05.727790+00:00,scheduler,0,0,903.9,11264.0,35,2.849
2026-06-26T11:16:05.727790+00:00,scheduler,1,100,10929.9,11264.0,53,249.109
2026-06-26T11:16:10.736659+00:00,scheduler,0,0,903.9,11264.0,35,2.731
2026-06-26T11:16:10.736659+00:00,scheduler,1,100,10929.9,11264.0,54,243.034
2026-06-26T11:16:15.747668+00:00,scheduler,0,0,903.9,11264.0,34,2.419
2026-06-26T11:16:15.747668+00:00,scheduler,1,100,10929.9,11264.0,55,252.082
2026-06-26T11:16:20.759279+00:00,scheduler,0,0,903.9,11264.0,34,2.43
2026-06-26T11:16:20.759279+00:00,scheduler,1,100,10929.9,11264.0,55,247.993
2026-06-26T11:16:25.768074+00:00,scheduler,0,0,903.9,11264.0,34,2.683
2026-06-26T11:16:25.768074+00:00,scheduler,1,100,10929.9,11264.0,56,238.788
2026-06-26T11:16:30.777947+00:00,scheduler,0,0,903.9,11264.0,34,2.941
2026-06-26T11:16:30.777947+00:00,scheduler,1,100,10929.9,11264.0,56,255.16
2026-06-26T11:16:35.787972+00:00,scheduler,0,0,903.9,11264.0,34,2.676
2026-06-26T11:16:35.787972+00:00,scheduler,1,100,10929.9,11264.0,56,248.657
2026-06-26T11:16:40.796722+00:00,scheduler,0,0,903.9,11264.0,34,3.028
2026-06-26T11:16:40.796722+00:00,scheduler,1,100,10929.9,11264.0,57,246.865
2026-06-26T11:16:45.807221+00:00,scheduler,0,0,903.9,11264.0,34,3.28
2026-06-26T11:16:45.807221+00:00,scheduler,1,100,10929.9,11264.0,57,246.335
2026-06-26T11:16:50.817969+00:00,scheduler,0,0,903.9,11264.0,34,3.385
2026-06-26T11:16:50.817969+00:00,scheduler,1,100,10929.9,11264.0,57,243.881
2026-06-26T11:16:55.827579+00:00,scheduler,0,0,903.9,11264.0,34,2.887
2026-06-26T11:16:55.827579+00:00,scheduler,1,100,10929.9,11264.0,57,246.781
2026-06-26T11:17:00.836978+00:00,scheduler,0,0,903.9,11264.0,34,2.537
2026-06-26T11:17:00.836978+00:00,scheduler,1,100,10929.9,11264.0,57,247.443
2026-06-26T11:17:05.847949+00:00,scheduler,0,0,903.9,11264.0,34,2.591
2026-06-26T11:17:05.847949+00:00,scheduler,1,100,10929.9,11264.0,57,248.576
2026-06-26T11:17:10.858400+00:00,scheduler,0,0,903.9,11264.0,34,2.242
2026-06-26T11:17:10.858400+00:00,scheduler,1,100,10929.9,11264.0,57,246.481
2026-06-26T11:17:15.884846+00:00,scheduler,0,0,903.9,11264.0,34,2.878
2026-06-26T11:17:15.884846+00:00,scheduler,1,100,10929.9,11264.0,57,249.794
2026-06-26T11:17:20.894326+00:00,scheduler,0,0,903.9,11264.0,34,2.518
2026-06-26T11:17:20.894326+00:00,scheduler,1,100,10929.9,11264.0,57,245.011
2026-06-26T11:17:25.904817+00:00,scheduler,0,0,903.9,11264.0,34,3.024
2026-06-26T11:17:25.904817+00:00,scheduler,1,100,10929.9,11264.0,57,246.247
2026-06-26T11:17:30.916826+00:00,scheduler,0,0,903.9,11264.0,34,2.653
2026-06-26T11:17:30.916826+00:00,scheduler,1,100,10929.9,11264.0,57,243.454
2026-06-26T11:17:35.926963+00:00,scheduler,0,0,903.9,11264.0,34,2.905
2026-06-26T11:17:35.926963+00:00,scheduler,1,100,10929.9,11264.0,57,249.414
2026-06-26T11:17:40.936743+00:00,scheduler,0,0,903.9,11264.0,34,2.841
2026-06-26T11:17:40.936743+00:00,scheduler,1,50,10929.9,11264.0,53,76.585
2026-06-26T11:17:45.945212+00:00,scheduler,0,0,903.9,11264.0,34,3.167
2026-06-26T11:17:45.945212+00:00,scheduler,1,2,10929.9,11264.0,50,55.616
2026-06-26T11:17:50.955707+00:00,scheduler,0,0,903.9,11264.0,34,2.456
2026-06-26T11:17:50.955707+00:00,scheduler,1,1,10929.9,11264.0,48,54.957
2026-06-26T11:17:55.974311+00:00,scheduler,0,0,903.9,11264.0,34,2.657
2026-06-26T11:17:55.974311+00:00,scheduler,1,1,10929.9,11264.0,47,54.869
2026-06-26T11:18:00.986765+00:00,scheduler,0,0,903.9,11264.0,34,2.964
2026-06-26T11:18:00.986765+00:00,scheduler,1,1,10929.9,11264.0,46,54.391
2026-06-26T11:18:05.996420+00:00,scheduler,0,0,903.9,11264.0,34,2.758
2026-06-26T11:18:05.996420+00:00,scheduler,1,1,889.9,11264.0,46,73.818
2026-06-26T11:18:11.010821+00:00,scheduler,0,0,903.9,11264.0,34,2.55
2026-06-26T11:18:11.010821+00:00,scheduler,1,0,4985.9,11264.0,46,54.309
2026-06-26T11:18:16.019707+00:00,scheduler,0,0,903.9,11264.0,34,2.361
2026-06-26T11:18:16.019707+00:00,scheduler,1,0,885.9,11264.0,45,62.736
2026-06-26T11:18:21.028214+00:00,scheduler,0,0,903.9,11264.0,33,2.626
2026-06-26T11:18:21.028214+00:00,scheduler,1,0,885.9,11264.0,44,53.408
2026-06-26T11:18:26.037043+00:00,scheduler,0,0,903.9,11264.0,34,2.456
2026-06-26T11:18:26.037043+00:00,scheduler,1,0,885.9,11264.0,43,52.779
2026-06-26T11:18:31.047066+00:00,scheduler,0,0,903.9,11264.0,34,2.768
2026-06-26T11:18:31.047066+00:00,scheduler,1,0,665.9,11264.0,43,53.16
2026-06-26T11:18:36.056000+00:00,scheduler,0,0,903.9,11264.0,33,2.37
2026-06-26T11:18:36.056000+00:00,scheduler,1,0,665.9,11264.0,40,4.171
2026-06-26T11:18:41.068677+00:00,scheduler,0,1,1645.9,11264.0,36,50.918
2026-06-26T11:18:41.068677+00:00,scheduler,1,0,665.9,11264.0,39,4.259
2026-06-26T11:18:46.077991+00:00,scheduler,0,1,2141.9,11264.0,37,52.371
2026-06-26T11:18:46.077991+00:00,scheduler,1,0,665.9,11264.0,38,4.179
2026-06-26T11:18:51.089707+00:00,scheduler,0,2,3101.9,11264.0,38,52.302
2026-06-26T11:18:51.089707+00:00,scheduler,1,0,665.9,11264.0,38,4.247
2026-06-26T11:18:56.101204+00:00,scheduler,0,1,3925.9,11264.0,38,52.833
2026-06-26T11:18:56.101204+00:00,scheduler,1,0,665.9,11264.0,37,4.266
2026-06-26T11:19:01.110777+00:00,scheduler,0,2,4857.9,11264.0,38,53.043
2026-06-26T11:19:01.110777+00:00,scheduler,1,0,665.9,11264.0,37,4.059
2026-06-26T11:19:06.122442+00:00,scheduler,0,1,5865.9,11264.0,38,53.098
2026-06-26T11:19:06.122442+00:00,scheduler,1,0,665.9,11264.0,36,3.911
2026-06-26T11:19:11.133714+00:00,scheduler,0,2,6981.9,11264.0,39,53.35
2026-06-26T11:19:11.133714+00:00,scheduler,1,0,665.9,11264.0,36,4.318
2026-06-26T11:19:16.142593+00:00,scheduler,0,3,8261.9,11264.0,39,53.011
2026-06-26T11:19:16.142593+00:00,scheduler,1,0,665.9,11264.0,35,3.795
2026-06-26T11:19:21.151340+00:00,scheduler,0,61,9009.9,11264.0,42,75.478
2026-06-26T11:19:21.151340+00:00,scheduler,1,0,665.9,11264.0,35,3.34
2026-06-26T11:19:26.183836+00:00,scheduler,0,0,9009.9,11264.0,40,54.055
2026-06-26T11:19:26.183836+00:00,scheduler,1,0,665.9,11264.0,35,3.151
2026-06-26T11:19:31.192897+00:00,scheduler,0,0,9009.9,11264.0,40,53.994
2026-06-26T11:19:31.192897+00:00,scheduler,1,0,665.9,11264.0,35,3.336
2026-06-26T11:19:36.202009+00:00,scheduler,0,0,9009.9,11264.0,40,53.935
2026-06-26T11:19:36.202009+00:00,scheduler,1,0,665.9,11264.0,34,3.124
2026-06-26T11:19:41.211096+00:00,scheduler,0,0,9009.9,11264.0,41,54.205
2026-06-26T11:19:41.211096+00:00,scheduler,1,0,665.9,11264.0,34,3.193
2026-06-26T11:19:46.220226+00:00,scheduler,0,0,9009.9,11264.0,41,54.118
2026-06-26T11:19:46.220226+00:00,scheduler,1,0,665.9,11264.0,34,3.182
2026-06-26T11:19:51.229130+00:00,scheduler,0,0,9009.9,11264.0,41,54.511
2026-06-26T11:19:51.229130+00:00,scheduler,1,0,665.9,11264.0,34,3.532
2026-06-26T11:19:56.238041+00:00,scheduler,0,0,9009.9,11264.0,41,54.536
2026-06-26T11:19:56.238041+00:00,scheduler,1,0,665.9,11264.0,33,2.966
2026-06-26T11:20:01.247062+00:00,scheduler,0,0,9009.9,11264.0,41,54.155
2026-06-26T11:20:01.247062+00:00,scheduler,1,0,665.9,11264.0,33,2.927
2026-06-26T11:20:06.255775+00:00,scheduler,0,0,9009.9,11264.0,41,54.373
2026-06-26T11:20:06.255775+00:00,scheduler,1,0,665.9,11264.0,33,3.031
2026-06-26T11:20:11.264441+00:00,scheduler,0,0,9009.9,11264.0,41,54.633
2026-06-26T11:20:11.264441+00:00,scheduler,1,0,665.9,11264.0,33,3.193
2026-06-26T11:20:16.284841+00:00,scheduler,0,0,9009.9,11264.0,41,54.883
2026-06-26T11:20:16.284841+00:00,scheduler,1,0,665.9,11264.0,33,2.962
2026-06-26T11:20:21.293637+00:00,scheduler,0,0,9009.9,11264.0,42,55.046
2026-06-26T11:20:21.293637+00:00,scheduler,1,0,665.9,11264.0,33,3.08
2026-06-26T11:20:26.302619+00:00,scheduler,0,0,9009.9,11264.0,42,55.075
2026-06-26T11:20:26.302619+00:00,scheduler,1,0,665.9,11264.0,33,2.782
2026-06-26T11:20:31.311355+00:00,scheduler,0,0,9009.9,11264.0,42,54.866
2026-06-26T11:20:31.311355+00:00,scheduler,1,0,665.9,11264.0,33,2.688
2026-06-26T11:20:36.320031+00:00,scheduler,0,0,9009.9,11264.0,42,55.154
2026-06-26T11:20:36.320031+00:00,scheduler,1,0,665.9,11264.0,33,3.041
2026-06-26T11:20:41.328789+00:00,scheduler,0,0,9009.9,11264.0,42,54.815
2026-06-26T11:20:41.328789+00:00,scheduler,1,2,2979.9,11264.0,34,51.005
2026-06-26T11:20:46.334207+00:00,scheduler,0,0,9009.9,11264.0,42,54.61
2026-06-26T11:20:46.334207+00:00,scheduler,1,62,8771.9,11264.0,39,70.725
2026-06-26T11:20:51.372884+00:00,scheduler,0,0,9009.9,11264.0,42,54.818
2026-06-26T11:20:51.372884+00:00,scheduler,1,1,8771.9,11264.0,37,51.286
2026-06-26T11:20:56.383015+00:00,scheduler,0,0,9009.9,11264.0,42,54.844
2026-06-26T11:20:56.383015+00:00,scheduler,1,1,8771.9,11264.0,38,51.73
2026-06-26T11:21:01.393536+00:00,scheduler,0,0,9009.9,11264.0,42,55.049
2026-06-26T11:21:01.393536+00:00,scheduler,1,1,8771.9,11264.0,38,51.457
2026-06-26T11:21:06.403733+00:00,scheduler,0,0,9009.9,11264.0,42,55.363
2026-06-26T11:21:06.403733+00:00,scheduler,1,2,8771.9,11264.0,38,51.326
2026-06-26T11:21:11.433099+00:00,scheduler,0,0,9009.9,11264.0,42,55.6
2026-06-26T11:21:11.433099+00:00,scheduler,1,7,8771.9,11264.0,38,51.129
2026-06-26T11:21:16.442366+00:00,scheduler,0,0,9009.9,11264.0,42,55.292
2026-06-26T11:21:16.442366+00:00,scheduler,1,4,2745.9,11264.0,38,50.979
2026-06-26T11:21:21.449388+00:00,scheduler,0,0,9009.9,11264.0,42,55.036
2026-06-26T11:21:21.449388+00:00,scheduler,1,3,4527.9,11264.0,38,51.237
2026-06-26T11:21:26.454908+00:00,scheduler,0,0,9009.9,11264.0,42,55.231
2026-06-26T11:21:26.454908+00:00,scheduler,1,3,6399.9,11264.0,38,51.405
2026-06-26T11:21:31.460748+00:00,scheduler,0,0,9009.9,11264.0,42,54.955
2026-06-26T11:21:31.460748+00:00,scheduler,1,4,10927.9,11264.0,40,88.722
2026-06-26T11:21:36.468848+00:00,scheduler,0,0,9009.9,11264.0,42,55.023
2026-06-26T11:21:36.468848+00:00,scheduler,1,100,10927.9,11264.0,47,243.884
2026-06-26T11:21:41.474563+00:00,scheduler,0,0,9009.9,11264.0,43,55.061
2026-06-26T11:21:41.474563+00:00,scheduler,1,100,10929.9,11264.0,48,246.618
2026-06-26T11:21:46.480046+00:00,scheduler,0,0,9009.9,11264.0,43,55.279
2026-06-26T11:21:46.480046+00:00,scheduler,1,100,10929.9,11264.0,49,248.715
2026-06-26T11:21:51.485555+00:00,scheduler,0,0,9009.9,11264.0,43,54.986
2026-06-26T11:21:51.485555+00:00,scheduler,1,100,10929.9,11264.0,50,247.782
2026-06-26T11:21:56.491491+00:00,scheduler,0,0,9009.9,11264.0,43,55.131
2026-06-26T11:21:56.491491+00:00,scheduler,1,100,10929.9,11264.0,51,248.942
2026-06-26T11:22:01.497159+00:00,scheduler,0,0,9009.9,11264.0,43,55.052
2026-06-26T11:22:01.497159+00:00,scheduler,1,100,10929.9,11264.0,52,255.269
2026-06-26T11:22:06.504390+00:00,scheduler,0,0,9009.9,11264.0,43,55.264
2026-06-26T11:22:06.504390+00:00,scheduler,1,100,10929.9,11264.0,53,252.628
2026-06-26T11:22:11.510954+00:00,scheduler,0,0,9009.9,11264.0,43,55.448
2026-06-26T11:22:11.510954+00:00,scheduler,1,100,10929.9,11264.0,54,247.638
2026-06-26T11:22:16.516289+00:00,scheduler,0,0,9009.9,11264.0,43,55.622
2026-06-26T11:22:16.516289+00:00,scheduler,1,100,10929.9,11264.0,55,247.32
2026-06-26T11:22:21.526886+00:00,scheduler,0,0,9009.9,11264.0,43,55.323
2026-06-26T11:22:21.526886+00:00,scheduler,1,100,10929.9,11264.0,55,250.158
2026-06-26T11:22:26.532551+00:00,scheduler,0,0,9009.9,11264.0,43,55.357
2026-06-26T11:22:26.532551+00:00,scheduler,1,100,10929.9,11264.0,56,240.928
2026-06-26T11:22:31.537869+00:00,scheduler,0,2,9009.9,11264.0,43,55.144
2026-06-26T11:22:31.537869+00:00,scheduler,1,100,10929.9,11264.0,56,246.907
2026-06-26T11:22:36.545379+00:00,scheduler,0,2,9009.9,11264.0,43,54.871
2026-06-26T11:22:36.545379+00:00,scheduler,1,100,10929.9,11264.0,56,250.588
2026-06-26T11:22:41.550890+00:00,scheduler,0,3,9009.9,11264.0,43,55.398
2026-06-26T11:22:41.550890+00:00,scheduler,1,100,10929.9,11264.0,57,250.323
2026-06-26T11:22:46.556343+00:00,scheduler,0,4,3145.9,11264.0,43,55.052
2026-06-26T11:22:46.556343+00:00,scheduler,1,100,10929.9,11264.0,57,241.975
2026-06-26T11:22:51.561942+00:00,scheduler,0,4,5539.9,11264.0,43,55.259
2026-06-26T11:22:51.561942+00:00,scheduler,1,100,10929.9,11264.0,57,252.946
2026-06-26T11:22:56.568422+00:00,scheduler,0,5,8113.9,11264.0,43,55.317
2026-06-26T11:22:56.568422+00:00,scheduler,1,100,10929.9,11264.0,57,240.791
2026-06-26T11:23:01.574095+00:00,scheduler,0,100,11165.9,11264.0,50,254.287
2026-06-26T11:23:01.574095+00:00,scheduler,1,100,10929.9,11264.0,57,250.079
2026-06-26T11:23:06.583409+00:00,scheduler,0,100,11165.9,11264.0,51,236.64
2026-06-26T11:23:06.583409+00:00,scheduler,1,100,10929.9,11264.0,57,247.356
2026-06-26T11:23:11.588770+00:00,scheduler,0,100,11167.9,11264.0,53,247.105
2026-06-26T11:23:11.588770+00:00,scheduler,1,100,10929.9,11264.0,57,239.922
2026-06-26T11:23:16.596548+00:00,scheduler,0,100,11167.9,11264.0,54,249.341
2026-06-26T11:23:16.596548+00:00,scheduler,1,100,10929.9,11264.0,57,248.906
2026-06-26T11:23:21.604899+00:00,scheduler,0,100,11167.9,11264.0,55,239.112
2026-06-26T11:23:21.604899+00:00,scheduler,1,100,10929.9,11264.0,57,238.681
2026-06-26T11:23:26.610290+00:00,scheduler,0,100,11167.9,11264.0,55,247.784
2026-06-26T11:23:26.610290+00:00,scheduler,1,100,10929.9,11264.0,57,248.467
2026-06-26T11:23:31.617099+00:00,scheduler,0,100,11167.9,11264.0,56,240.502
2026-06-26T11:23:31.617099+00:00,scheduler,1,100,10929.9,11264.0,57,250.663
2026-06-26T11:23:36.622623+00:00,scheduler,0,100,11167.9,11264.0,57,252.051
2026-06-26T11:23:36.622623+00:00,scheduler,1,100,10929.9,11264.0,57,248.837
2026-06-26T11:23:41.628072+00:00,scheduler,0,100,11167.9,11264.0,58,247.465
2026-06-26T11:23:41.628072+00:00,scheduler,1,100,10929.9,11264.0,57,254.178
2026-06-26T11:23:46.633633+00:00,scheduler,0,100,11167.9,11264.0,58,246.764
2026-06-26T11:23:46.633633+00:00,scheduler,1,100,10929.9,11264.0,58,249.325
2026-06-26T11:23:51.643071+00:00,scheduler,0,100,11167.9,11264.0,59,251.901
2026-06-26T11:23:51.643071+00:00,scheduler,1,100,10929.9,11264.0,57,245.342
2026-06-26T11:23:56.648623+00:00,scheduler,0,100,11167.9,11264.0,59,249.341
2026-06-26T11:23:56.648623+00:00,scheduler,1,100,10929.9,11264.0,57,247.868
2026-06-26T11:24:01.655413+00:00,scheduler,0,100,11167.9,11264.0,59,246.007
2026-06-26T11:24:01.655413+00:00,scheduler,1,100,10929.9,11264.0,57,245.863
2026-06-26T11:24:06.665294+00:00,scheduler,0,100,11167.9,11264.0,59,247.822
2026-06-26T11:24:06.665294+00:00,scheduler,1,100,10929.9,11264.0,57,237.341
2026-06-26T11:24:11.672243+00:00,scheduler,0,100,11167.9,11264.0,59,247.483
2026-06-26T11:24:11.672243+00:00,scheduler,1,100,10929.9,11264.0,57,251.525
2026-06-26T11:24:16.681583+00:00,scheduler,0,100,11167.9,11264.0,60,250.457
2026-06-26T11:24:16.681583+00:00,scheduler,1,100,10929.9,11264.0,57,238.685
2026-06-26T11:24:21.688155+00:00,scheduler,0,100,11167.9,11264.0,60,243.942
2026-06-26T11:24:21.688155+00:00,scheduler,1,100,10929.9,11264.0,57,249.98
2026-06-26T11:24:26.697294+00:00,scheduler,0,100,11167.9,11264.0,60,241.961
2026-06-26T11:24:26.697294+00:00,scheduler,1,100,10929.9,11264.0,57,243.501
2026-06-26T11:24:31.703044+00:00,scheduler,0,100,11167.9,11264.0,60,251.082
2026-06-26T11:24:31.703044+00:00,scheduler,1,100,10929.9,11264.0,57,254.772
2026-06-26T11:24:36.710145+00:00,scheduler,0,100,11167.9,11264.0,60,245.822
2026-06-26T11:24:36.710145+00:00,scheduler,1,100,10929.9,11264.0,57,249.236
2026-06-26T11:24:41.715778+00:00,scheduler,0,100,11167.9,11264.0,60,246.268
2026-06-26T11:24:41.715778+00:00,scheduler,1,100,10929.9,11264.0,57,249.7
2026-06-26T11:24:46.721322+00:00,scheduler,0,100,11167.9,11264.0,60,248.375
2026-06-26T11:24:46.721322+00:00,scheduler,1,100,10929.9,11264.0,57,249.836
2026-06-26T11:24:51.729941+00:00,scheduler,0,100,11167.9,11264.0,60,250.966
2026-06-26T11:24:51.729941+00:00,scheduler,1,100,10929.9,11264.0,57,239.236
2026-06-26T11:24:56.736870+00:00,scheduler,0,100,11167.9,11264.0,60,242.408
2026-06-26T11:24:56.736870+00:00,scheduler,1,100,10929.9,11264.0,57,259.976
2026-06-26T11:25:01.746221+00:00,scheduler,0,100,11167.9,11264.0,60,247.259
2026-06-26T11:25:01.746221+00:00,scheduler,1,100,10929.9,11264.0,57,247.582
2026-06-26T11:25:06.752712+00:00,scheduler,0,25,11167.9,11264.0,57,87.844
2026-06-26T11:25:06.752712+00:00,scheduler,1,100,10929.9,11264.0,57,240.038
2026-06-26T11:25:11.758153+00:00,scheduler,0,0,11167.9,11264.0,53,57.754
2026-06-26T11:25:11.758153+00:00,scheduler,1,100,10929.9,11264.0,57,242.767
2026-06-26T11:25:16.763573+00:00,scheduler,0,0,11167.9,11264.0,51,57.328
2026-06-26T11:25:16.763573+00:00,scheduler,1,100,10929.9,11264.0,57,251.498
2026-06-26T11:25:21.773258+00:00,scheduler,0,0,11167.9,11264.0,50,57.147
2026-06-26T11:25:21.773258+00:00,scheduler,1,100,10929.9,11264.0,57,242.066
2026-06-26T11:25:26.781426+00:00,scheduler,0,0,11167.9,11264.0,49,56.658
2026-06-26T11:25:26.781426+00:00,scheduler,1,100,10929.9,11264.0,57,256.416
2026-06-26T11:25:31.790025+00:00,scheduler,0,0,11167.9,11264.0,48,56.629
2026-06-26T11:25:31.790025+00:00,scheduler,1,100,10929.9,11264.0,57,252.337
2026-06-26T11:25:36.797632+00:00,scheduler,0,0,11167.9,11264.0,48,56.425
2026-06-26T11:25:36.797632+00:00,scheduler,1,100,10929.9,11264.0,57,249.609
2026-06-26T11:25:41.805563+00:00,scheduler,0,0,11167.9,11264.0,47,56.226
2026-06-26T11:25:41.805563+00:00,scheduler,1,100,10929.9,11264.0,57,238.405
2026-06-26T11:25:46.812147+00:00,scheduler,0,0,11167.9,11264.0,47,56.256
2026-06-26T11:25:46.812147+00:00,scheduler,1,100,10929.9,11264.0,57,248.943
2026-06-26T11:25:51.819456+00:00,scheduler,0,0,11167.9,11264.0,46,56.429
2026-06-26T11:25:51.819456+00:00,scheduler,1,100,10929.9,11264.0,57,249.533
2026-06-26T11:25:56.826802+00:00,scheduler,0,0,11167.9,11264.0,46,55.887
2026-06-26T11:25:56.826802+00:00,scheduler,1,100,10929.9,11264.0,57,249.469
2026-06-26T11:26:01.836215+00:00,scheduler,0,5,11167.9,11264.0,46,56.251
2026-06-26T11:26:01.836215+00:00,scheduler,1,100,10929.9,11264.0,57,247.905
2026-06-26T11:26:08.151757+00:00,scheduler,0,0,11167.9,11264.0,45,56.263
2026-06-26T11:26:08.151757+00:00,scheduler,1,0,10929.9,11264.0,51,56.096
2026-06-26T11:26:35.625629+00:00,scheduler,0,0,691.9,11264.0,40,3.019
2026-06-26T11:26:35.625629+00:00,scheduler,1,0,453.9,11264.0,41,4.921
2026-06-26T11:26:41.574302+00:00,scheduler,0,0,691.9,11264.0,39,3.912
2026-06-26T11:26:41.574302+00:00,scheduler,1,0,453.9,11264.0,40,4.202
2026-06-26T11:26:46.586885+00:00,scheduler,0,0,691.9,11264.0,39,3.662
2026-06-26T11:26:46.586885+00:00,scheduler,1,0,453.9,11264.0,39,4.42
2026-06-26T11:26:51.599292+00:00,scheduler,0,0,691.9,11264.0,39,3.742
2026-06-26T11:26:51.599292+00:00,scheduler,1,0,453.9,11264.0,38,3.933
2026-06-26T11:26:56.612594+00:00,scheduler,0,0,691.9,11264.0,38,2.902
2026-06-26T11:26:56.612594+00:00,scheduler,1,0,453.9,11264.0,38,3.417
2026-06-26T11:27:01.625119+00:00,scheduler,0,0,691.9,11264.0,38,3.655
2026-06-26T11:27:01.625119+00:00,scheduler,1,0,453.9,11264.0,37,3.154
2026-06-26T11:27:06.637214+00:00,scheduler,0,0,691.9,11264.0,38,2.821
2026-06-26T11:27:06.637214+00:00,scheduler,1,0,453.9,11264.0,37,3.115
2026-06-26T11:27:11.649614+00:00,scheduler,0,0,691.9,11264.0,38,3.262
2026-06-26T11:27:11.649614+00:00,scheduler,1,0,453.9,11264.0,36,2.677
2026-06-26T11:27:16.662078+00:00,scheduler,0,0,691.9,11264.0,37,2.854
2026-06-26T11:27:16.662078+00:00,scheduler,1,0,453.9,11264.0,36,2.642
2026-06-26T11:27:21.674310+00:00,scheduler,0,0,691.9,11264.0,37,3.257
2026-06-26T11:27:21.674310+00:00,scheduler,1,0,453.9,11264.0,35,2.634
2026-06-26T11:27:26.686700+00:00,scheduler,0,0,691.9,11264.0,37,3.133
2026-06-26T11:27:26.686700+00:00,scheduler,1,0,453.9,11264.0,35,2.16
2026-06-26T11:27:31.699063+00:00,scheduler,0,0,691.9,11264.0,37,3.009
2026-06-26T11:27:31.699063+00:00,scheduler,1,0,453.9,11264.0,35,2.468
2026-06-26T11:27:36.711544+00:00,scheduler,0,0,691.9,11264.0,37,3.013
2026-06-26T11:27:36.711544+00:00,scheduler,1,0,453.9,11264.0,35,3.025
2026-06-26T11:27:41.723766+00:00,scheduler,0,0,691.9,11264.0,36,2.778
2026-06-26T11:27:41.723766+00:00,scheduler,1,0,453.9,11264.0,34,2.359
2026-06-26T11:27:46.736140+00:00,scheduler,0,0,691.9,11264.0,36,3.372
2026-06-26T11:27:46.736140+00:00,scheduler,1,0,453.9,11264.0,34,3.086
2026-06-26T11:27:51.748594+00:00,scheduler,0,0,691.9,11264.0,36,3.56
2026-06-26T11:27:51.748594+00:00,scheduler,1,0,453.9,11264.0,34,2.991
2026-06-26T11:27:56.760997+00:00,scheduler,0,0,691.9,11264.0,36,2.866
2026-06-26T11:27:56.760997+00:00,scheduler,1,0,453.9,11264.0,34,2.94
2026-06-26T11:28:01.773294+00:00,scheduler,0,0,691.9,11264.0,36,3.201
2026-06-26T11:28:01.773294+00:00,scheduler,1,0,453.9,11264.0,34,2.555
2026-06-26T11:28:06.786781+00:00,scheduler,0,0,691.9,11264.0,36,2.809
2026-06-26T11:28:06.786781+00:00,scheduler,1,0,453.9,11264.0,33,3.114
2026-06-26T11:28:11.799078+00:00,scheduler,0,0,691.9,11264.0,36,3.003
2026-06-26T11:28:11.799078+00:00,scheduler,1,0,453.9,11264.0,33,2.626
2026-06-26T11:28:16.811293+00:00,scheduler,0,0,691.9,11264.0,35,2.674
2026-06-26T11:28:16.811293+00:00,scheduler,1,0,453.9,11264.0,33,2.631
2026-06-26T11:28:21.823406+00:00,scheduler,0,0,691.9,11264.0,35,2.938
2026-06-26T11:28:21.823406+00:00,scheduler,1,0,453.9,11264.0,33,2.466
2026-06-26T11:28:26.835489+00:00,scheduler,0,0,691.9,11264.0,35,2.544
2026-06-26T11:28:26.835489+00:00,scheduler,1,0,453.9,11264.0,33,2.838
2026-06-26T11:28:31.847763+00:00,scheduler,0,0,691.9,11264.0,35,2.991
2026-06-26T11:28:31.847763+00:00,scheduler,1,0,453.9,11264.0,33,2.586
2026-06-26T11:28:36.859890+00:00,scheduler,0,0,691.9,11264.0,35,2.78
2026-06-26T11:28:36.859890+00:00,scheduler,1,0,453.9,11264.0,33,2.507
2026-06-26T11:28:41.872184+00:00,scheduler,0,0,691.9,11264.0,35,3.115
2026-06-26T11:28:41.872184+00:00,scheduler,1,0,453.9,11264.0,33,2.365
2026-06-26T11:28:46.884403+00:00,scheduler,0,0,691.9,11264.0,35,2.98
2026-06-26T11:28:46.884403+00:00,scheduler,1,0,453.9,11264.0,32,2.4
2026-06-26T11:28:51.896824+00:00,scheduler,0,0,691.9,11264.0,35,2.361
2026-06-26T11:28:51.896824+00:00,scheduler,1,0,453.9,11264.0,32,2.657
2026-06-26T11:28:56.909224+00:00,scheduler,0,0,691.9,11264.0,35,2.713
2026-06-26T11:28:56.909224+00:00,scheduler,1,0,453.9,11264.0,32,2.762
2026-06-26T11:29:01.921556+00:00,scheduler,0,0,691.9,11264.0,35,2.485
2026-06-26T11:29:01.921556+00:00,scheduler,1,0,453.9,11264.0,32,2.744
2026-06-26T11:29:06.934406+00:00,scheduler,0,0,691.9,11264.0,35,3.269
2026-06-26T11:29:06.934406+00:00,scheduler,1,0,453.9,11264.0,32,2.478
2026-06-26T11:29:11.946589+00:00,scheduler,0,0,691.9,11264.0,35,2.606
2026-06-26T11:29:11.946589+00:00,scheduler,1,0,453.9,11264.0,32,2.916
2026-06-26T11:29:16.958752+00:00,scheduler,0,0,691.9,11264.0,35,2.941
2026-06-26T11:29:16.958752+00:00,scheduler,1,0,453.9,11264.0,32,2.478
2026-06-26T11:29:21.970541+00:00,scheduler,0,0,691.9,11264.0,34,2.393
2026-06-26T11:29:21.970541+00:00,scheduler,1,0,453.9,11264.0,32,2.606
2026-06-26T11:29:26.984418+00:00,scheduler,0,0,691.9,11264.0,34,2.662
2026-06-26T11:29:26.984418+00:00,scheduler,1,0,453.9,11264.0,32,2.618
2026-06-26T11:29:31.996559+00:00,scheduler,0,0,691.9,11264.0,34,3.17
2026-06-26T11:29:31.996559+00:00,scheduler,1,0,453.9,11264.0,32,2.543
2026-06-26T11:29:37.008044+00:00,scheduler,0,0,691.9,11264.0,34,2.775
2026-06-26T11:29:37.008044+00:00,scheduler,1,0,453.9,11264.0,32,2.642
2026-06-26T11:29:42.020185+00:00,scheduler,0,0,691.9,11264.0,34,2.985
2026-06-26T11:29:42.020185+00:00,scheduler,1,0,453.9,11264.0,32,2.564
2026-06-26T11:29:47.032354+00:00,scheduler,0,0,691.9,11264.0,34,2.816
2026-06-26T11:29:47.032354+00:00,scheduler,1,0,453.9,11264.0,31,2.652
2026-06-26T11:29:52.044683+00:00,scheduler,0,0,691.9,11264.0,34,2.497
2026-06-26T11:29:52.044683+00:00,scheduler,1,0,453.9,11264.0,31,2.694
2026-06-26T11:29:57.059166+00:00,scheduler,0,0,691.9,11264.0,34,3.067
2026-06-26T11:29:57.059166+00:00,scheduler,1,0,453.9,11264.0,31,2.884
2026-06-26T11:30:02.071579+00:00,scheduler,0,0,691.9,11264.0,34,2.698
2026-06-26T11:30:02.071579+00:00,scheduler,1,0,453.9,11264.0,31,2.934
2026-06-26T11:30:07.083976+00:00,scheduler,0,0,691.9,11264.0,34,2.775
2026-06-26T11:30:07.083976+00:00,scheduler,1,0,453.9,11264.0,31,2.493
2026-06-26T11:30:12.096278+00:00,scheduler,0,0,691.9,11264.0,34,2.812
2026-06-26T11:30:12.096278+00:00,scheduler,1,0,453.9,11264.0,31,2.647
2026-06-26T11:30:17.108586+00:00,scheduler,0,0,691.9,11264.0,34,2.53
2026-06-26T11:30:17.108586+00:00,scheduler,1,0,453.9,11264.0,31,2.713
2026-06-26T11:30:22.121006+00:00,scheduler,0,0,691.9,11264.0,34,3.015
2026-06-26T11:30:22.121006+00:00,scheduler,1,0,453.9,11264.0,31,2.572
2026-06-26T11:30:27.133451+00:00,scheduler,0,0,691.9,11264.0,34,3.185
2026-06-26T11:30:27.133451+00:00,scheduler,1,0,453.9,11264.0,31,2.616
2026-06-26T11:30:32.145623+00:00,scheduler,0,0,691.9,11264.0,34,2.971
2026-06-26T11:30:32.145623+00:00,scheduler,1,0,453.9,11264.0,31,2.241
2026-06-26T11:30:37.158011+00:00,scheduler,0,0,691.9,11264.0,34,2.464
2026-06-26T11:30:37.158011+00:00,scheduler,1,0,453.9,11264.0,31,2.601
2026-06-26T11:30:42.170158+00:00,scheduler,0,0,691.9,11264.0,34,2.879
2026-06-26T11:30:42.170158+00:00,scheduler,1,0,453.9,11264.0,31,2.067
2026-06-26T11:30:47.182437+00:00,scheduler,0,0,691.9,11264.0,34,2.418
2026-06-26T11:30:47.182437+00:00,scheduler,1,0,453.9,11264.0,31,2.736
2026-06-26T11:30:52.194542+00:00,scheduler,0,0,691.9,11264.0,34,2.498
2026-06-26T11:30:52.194542+00:00,scheduler,1,0,453.9,11264.0,31,2.544
2026-06-26T11:30:57.206754+00:00,scheduler,0,0,691.9,11264.0,34,2.8
2026-06-26T11:30:57.206754+00:00,scheduler,1,0,453.9,11264.0,31,2.294
2026-06-26T11:31:02.218763+00:00,scheduler,0,0,691.9,11264.0,34,2.617
2026-06-26T11:31:02.218763+00:00,scheduler,1,0,453.9,11264.0,31,2.464
2026-06-26T11:31:07.231004+00:00,scheduler,0,0,691.9,11264.0,34,2.37
2026-06-26T11:31:07.231004+00:00,scheduler,1,0,453.9,11264.0,31,2.589
2026-06-26T11:31:12.243354+00:00,scheduler,0,0,691.9,11264.0,34,3.141
2026-06-26T11:31:12.243354+00:00,scheduler,1,0,453.9,11264.0,31,2.557
2026-06-26T11:31:17.255640+00:00,scheduler,0,0,691.9,11264.0,33,2.879
2026-06-26T11:31:17.255640+00:00,scheduler,1,0,453.9,11264.0,31,2.409
2026-06-26T11:31:22.268226+00:00,scheduler,0,0,691.9,11264.0,33,2.586
2026-06-26T11:31:22.268226+00:00,scheduler,1,0,453.9,11264.0,31,2.496
2026-06-26T11:31:27.280395+00:00,scheduler,0,0,691.9,11264.0,34,2.541
2026-06-26T11:31:27.280395+00:00,scheduler,1,0,453.9,11264.0,31,2.516
2026-06-26T11:31:32.292762+00:00,scheduler,0,0,691.9,11264.0,34,2.319
2026-06-26T11:31:32.292762+00:00,scheduler,1,0,453.9,11264.0,31,2.56
2026-06-26T11:31:37.304963+00:00,scheduler,0,0,691.9,11264.0,33,2.953
2026-06-26T11:31:37.304963+00:00,scheduler,1,0,453.9,11264.0,31,2.789
2026-06-26T11:31:42.317315+00:00,scheduler,0,0,691.9,11264.0,33,2.619
2026-06-26T11:31:42.317315+00:00,scheduler,1,0,453.9,11264.0,31,2.419
2026-06-26T11:31:47.329371+00:00,scheduler,0,0,691.9,11264.0,33,2.764
2026-06-26T11:31:47.329371+00:00,scheduler,1,0,453.9,11264.0,31,2.495
2026-06-26T11:31:52.341592+00:00,scheduler,0,0,691.9,11264.0,33,2.714
2026-06-26T11:31:52.341592+00:00,scheduler,1,0,453.9,11264.0,30,2.662
2026-06-26T11:31:57.353855+00:00,scheduler,0,0,691.9,11264.0,33,2.827
2026-06-26T11:31:57.353855+00:00,scheduler,1,0,453.9,11264.0,31,1.999
2026-06-26T11:32:02.365990+00:00,scheduler,0,0,691.9,11264.0,33,2.491
2026-06-26T11:32:02.365990+00:00,scheduler,1,0,453.9,11264.0,31,2.767
2026-06-26T11:32:07.378147+00:00,scheduler,0,0,691.9,11264.0,33,2.701
2026-06-26T11:32:07.378147+00:00,scheduler,1,0,453.9,11264.0,31,2.549
2026-06-26T11:32:12.390194+00:00,scheduler,0,0,691.9,11264.0,33,2.854
2026-06-26T11:32:12.390194+00:00,scheduler,1,0,453.9,11264.0,30,2.89
2026-06-26T11:32:17.402340+00:00,scheduler,0,0,691.9,11264.0,33,2.64
2026-06-26T11:32:17.402340+00:00,scheduler,1,0,453.9,11264.0,30,3.023
2026-06-26T11:32:22.414619+00:00,scheduler,0,0,691.9,11264.0,33,2.776
2026-06-26T11:32:22.414619+00:00,scheduler,1,0,453.9,11264.0,30,2.639
2026-06-26T11:32:27.426757+00:00,scheduler,0,0,691.9,11264.0,33,2.811
2026-06-26T11:32:27.426757+00:00,scheduler,1,0,453.9,11264.0,30,2.754
2026-06-26T11:32:32.438601+00:00,scheduler,0,0,691.9,11264.0,33,2.772
2026-06-26T11:32:32.438601+00:00,scheduler,1,0,453.9,11264.0,30,3.082
2026-06-26T11:32:37.450900+00:00,scheduler,0,0,691.9,11264.0,33,3.153
2026-06-26T11:32:37.450900+00:00,scheduler,1,0,453.9,11264.0,30,2.683
2026-06-26T11:32:42.463170+00:00,scheduler,0,0,691.9,11264.0,33,2.452
2026-06-26T11:32:42.463170+00:00,scheduler,1,0,609.9,11264.0,33,49.94
2026-06-26T11:32:47.472366+00:00,scheduler,0,0,691.9,11264.0,33,2.921
2026-06-26T11:32:47.472366+00:00,scheduler,1,0,609.9,11264.0,34,50.242
2026-06-26T11:32:52.481381+00:00,scheduler,0,0,691.9,11264.0,33,2.922
2026-06-26T11:32:52.481381+00:00,scheduler,1,0,609.9,11264.0,35,50.616
2026-06-26T11:32:57.491370+00:00,scheduler,0,0,691.9,11264.0,33,3.077
2026-06-26T11:32:57.491370+00:00,scheduler,1,0,609.9,11264.0,33,3.368
2026-06-26T11:33:02.503996+00:00,scheduler,0,0,691.9,11264.0,33,2.458
2026-06-26T11:33:02.503996+00:00,scheduler,1,0,609.9,11264.0,32,3.009
2026-06-26T11:33:07.516739+00:00,scheduler,0,0,691.9,11264.0,33,2.757
2026-06-26T11:33:07.516739+00:00,scheduler,1,0,609.9,11264.0,32,3.102
2026-06-26T11:33:12.529422+00:00,scheduler,0,0,691.9,11264.0,33,2.627
2026-06-26T11:33:12.529422+00:00,scheduler,1,0,609.9,11264.0,31,2.731
2026-06-26T11:33:17.541947+00:00,scheduler,0,0,691.9,11264.0,33,2.622
2026-06-26T11:33:17.541947+00:00,scheduler,1,0,609.9,11264.0,31,3.243
2026-06-26T11:33:22.554373+00:00,scheduler,0,0,691.9,11264.0,33,2.436
2026-06-26T11:33:22.554373+00:00,scheduler,1,0,609.9,11264.0,31,3.081
2026-06-26T11:33:27.566898+00:00,scheduler,0,0,691.9,11264.0,33,2.875
2026-06-26T11:33:27.566898+00:00,scheduler,1,0,609.9,11264.0,31,3.325
2026-06-26T11:33:32.579244+00:00,scheduler,0,0,691.9,11264.0,33,2.776
2026-06-26T11:33:32.579244+00:00,scheduler,1,0,609.9,11264.0,31,2.524
2026-06-26T11:33:37.591845+00:00,scheduler,0,0,691.9,11264.0,33,2.525
2026-06-26T11:33:37.591845+00:00,scheduler,1,0,609.9,11264.0,31,3.073
2026-06-26T11:33:42.604354+00:00,scheduler,0,0,691.9,11264.0,33,2.775
2026-06-26T11:33:42.604354+00:00,scheduler,1,1,1353.9,11264.0,33,50.355
2026-06-26T11:33:47.613226+00:00,scheduler,0,0,691.9,11264.0,33,2.281
2026-06-26T11:33:47.613226+00:00,scheduler,1,3,2809.9,11264.0,34,50.793
2026-06-26T11:33:52.622044+00:00,scheduler,0,0,691.9,11264.0,33,2.444
2026-06-26T11:33:52.622044+00:00,scheduler,1,4,4845.9,11264.0,35,50.54
2026-06-26T11:33:57.631772+00:00,scheduler,0,0,691.9,11264.0,33,2.333
2026-06-26T11:33:57.631772+00:00,scheduler,1,4,6893.9,11264.0,35,50.851
2026-06-26T11:34:02.640754+00:00,scheduler,0,0,691.9,11264.0,33,3.014
2026-06-26T11:34:02.640754+00:00,scheduler,1,50,8771.9,11264.0,42,237.915
2026-06-26T11:34:07.649353+00:00,scheduler,0,0,691.9,11264.0,33,2.158
2026-06-26T11:34:07.649353+00:00,scheduler,1,11,8771.9,11264.0,37,51.537
2026-06-26T11:34:12.658160+00:00,scheduler,0,0,691.9,11264.0,33,2.704
2026-06-26T11:34:12.658160+00:00,scheduler,1,4,1971.9,11264.0,37,51.821
2026-06-26T11:34:17.666816+00:00,scheduler,0,0,691.9,11264.0,33,2.457
2026-06-26T11:34:17.666816+00:00,scheduler,1,4,4131.9,11264.0,37,51.663
2026-06-26T11:34:22.675459+00:00,scheduler,0,0,691.9,11264.0,33,2.425
2026-06-26T11:34:22.675459+00:00,scheduler,1,4,6399.9,11264.0,37,51.628
2026-06-26T11:34:27.685372+00:00,scheduler,0,0,691.9,11264.0,33,3.003
2026-06-26T11:34:27.685372+00:00,scheduler,1,49,10925.9,11264.0,43,251.452
2026-06-26T11:34:32.695382+00:00,scheduler,0,0,691.9,11264.0,33,2.769
2026-06-26T11:34:32.695382+00:00,scheduler,1,100,10927.9,11264.0,46,243.092
2026-06-26T11:34:37.706979+00:00,scheduler,0,0,691.9,11264.0,33,2.717
2026-06-26T11:34:37.706979+00:00,scheduler,1,100,10927.9,11264.0,47,247.096
2026-06-26T11:34:42.717300+00:00,scheduler,0,0,691.9,11264.0,33,2.479
2026-06-26T11:34:42.717300+00:00,scheduler,1,100,10927.9,11264.0,49,244.281
2026-06-26T11:34:47.730083+00:00,scheduler,0,0,691.9,11264.0,33,2.71
2026-06-26T11:34:47.730083+00:00,scheduler,1,100,10929.9,11264.0,50,243.879
2026-06-26T11:34:52.741336+00:00,scheduler,0,0,691.9,11264.0,33,2.709
2026-06-26T11:34:52.741336+00:00,scheduler,1,100,10929.9,11264.0,51,248.164
2026-06-26T11:34:57.751562+00:00,scheduler,0,0,691.9,11264.0,33,2.604
2026-06-26T11:34:57.751562+00:00,scheduler,1,100,10929.9,11264.0,52,249.377
2026-06-26T11:35:02.763640+00:00,scheduler,0,0,691.9,11264.0,33,2.502
2026-06-26T11:35:02.763640+00:00,scheduler,1,100,10929.9,11264.0,53,249.21
2026-06-26T11:35:07.775197+00:00,scheduler,0,0,691.9,11264.0,33,2.499
2026-06-26T11:35:07.775197+00:00,scheduler,1,100,10929.9,11264.0,54,245.202
2026-06-26T11:35:12.784082+00:00,scheduler,0,0,691.9,11264.0,33,2.733
2026-06-26T11:35:12.784082+00:00,scheduler,1,100,10929.9,11264.0,54,240.759
2026-06-26T11:35:17.792826+00:00,scheduler,0,0,691.9,11264.0,33,2.378
2026-06-26T11:35:17.792826+00:00,scheduler,1,100,10929.9,11264.0,55,247.218
2026-06-26T11:35:22.801583+00:00,scheduler,0,0,691.9,11264.0,33,2.727
2026-06-26T11:35:22.801583+00:00,scheduler,1,100,10929.9,11264.0,56,244.495
2026-06-26T11:35:27.810451+00:00,scheduler,0,0,691.9,11264.0,33,2.79
2026-06-26T11:35:27.810451+00:00,scheduler,1,100,10929.9,11264.0,56,254.324
2026-06-26T11:35:32.819490+00:00,scheduler,0,0,691.9,11264.0,33,2.884
2026-06-26T11:35:32.819490+00:00,scheduler,1,100,10929.9,11264.0,56,256.332
2026-06-26T11:35:37.829875+00:00,scheduler,0,0,691.9,11264.0,33,2.71
2026-06-26T11:35:37.829875+00:00,scheduler,1,100,10929.9,11264.0,56,249.213
2026-06-26T11:35:42.845248+00:00,scheduler,0,0,691.9,11264.0,33,3.026
2026-06-26T11:35:42.845248+00:00,scheduler,1,100,10929.9,11264.0,57,258.984
2026-06-26T11:35:47.854928+00:00,scheduler,0,0,691.9,11264.0,33,2.412
2026-06-26T11:35:47.854928+00:00,scheduler,1,100,10929.9,11264.0,57,246.308
2026-06-26T11:35:52.865545+00:00,scheduler,0,0,691.9,11264.0,33,2.762
2026-06-26T11:35:52.865545+00:00,scheduler,1,100,10929.9,11264.0,57,246.404
2026-06-26T11:35:57.875239+00:00,scheduler,0,0,691.9,11264.0,33,2.728
2026-06-26T11:35:57.875239+00:00,scheduler,1,100,10929.9,11264.0,57,241.648
2026-06-26T11:36:02.884452+00:00,scheduler,0,0,691.9,11264.0,33,2.955
2026-06-26T11:36:02.884452+00:00,scheduler,1,100,10929.9,11264.0,57,245.465
2026-06-26T11:36:07.893204+00:00,scheduler,0,0,691.9,11264.0,33,2.849
2026-06-26T11:36:07.893204+00:00,scheduler,1,100,10929.9,11264.0,57,255.334
2026-06-26T11:36:12.901834+00:00,scheduler,0,0,691.9,11264.0,33,2.892
2026-06-26T11:36:12.901834+00:00,scheduler,1,100,10929.9,11264.0,57,249.786
2026-06-26T11:36:17.910607+00:00,scheduler,0,0,691.9,11264.0,33,3.071
2026-06-26T11:36:17.910607+00:00,scheduler,1,100,10929.9,11264.0,57,243.549
2026-06-26T11:36:22.919281+00:00,scheduler,0,0,691.9,11264.0,33,3.018
2026-06-26T11:36:22.919281+00:00,scheduler,1,100,10929.9,11264.0,57,250.372
2026-06-26T11:36:27.928020+00:00,scheduler,0,0,691.9,11264.0,33,2.661
2026-06-26T11:36:27.928020+00:00,scheduler,1,100,10929.9,11264.0,58,251.311
2026-06-26T11:36:32.941029+00:00,scheduler,0,0,691.9,11264.0,33,2.852
2026-06-26T11:36:32.941029+00:00,scheduler,1,100,10929.9,11264.0,57,243.203
2026-06-26T11:36:37.949749+00:00,scheduler,0,0,691.9,11264.0,33,2.663
2026-06-26T11:36:37.949749+00:00,scheduler,1,8,10929.9,11264.0,53,75.722
2026-06-26T11:36:42.958517+00:00,scheduler,0,0,691.9,11264.0,33,2.439
2026-06-26T11:36:42.958517+00:00,scheduler,1,8,10929.9,11264.0,50,55.455
2026-06-26T11:36:47.975640+00:00,scheduler,0,0,691.9,11264.0,33,2.806
2026-06-26T11:36:47.975640+00:00,scheduler,1,0,667.9,11264.0,50,55.307
2026-06-26T11:36:53.020211+00:00,scheduler,0,0,691.9,11264.0,33,2.858
2026-06-26T11:36:53.020211+00:00,scheduler,1,0,667.9,11264.0,48,54.701
2026-06-26T11:36:58.028871+00:00,scheduler,0,0,691.9,11264.0,33,2.766
2026-06-26T11:36:58.028871+00:00,scheduler,1,0,667.9,11264.0,47,54.065
2026-06-26T11:37:03.037664+00:00,scheduler,0,0,691.9,11264.0,33,3.008
2026-06-26T11:37:03.037664+00:00,scheduler,1,0,667.9,11264.0,45,53.615
2026-06-26T11:37:08.056361+00:00,scheduler,0,0,691.9,11264.0,33,2.965
2026-06-26T11:37:08.056361+00:00,scheduler,1,0,667.9,11264.0,43,2.913
2026-06-26T11:37:13.069128+00:00,scheduler,0,0,691.9,11264.0,33,2.802
2026-06-26T11:37:13.069128+00:00,scheduler,1,0,667.9,11264.0,41,4.148
2026-06-26T11:37:18.081870+00:00,scheduler,0,0,691.9,11264.0,33,2.823
2026-06-26T11:37:18.081870+00:00,scheduler,1,0,667.9,11264.0,40,3.28
2026-06-26T11:37:23.094329+00:00,scheduler,0,0,691.9,11264.0,33,2.57
2026-06-26T11:37:23.094329+00:00,scheduler,1,0,667.9,11264.0,39,4.033
2026-06-26T11:37:28.106740+00:00,scheduler,0,0,691.9,11264.0,33,2.733
2026-06-26T11:37:28.106740+00:00,scheduler,1,0,667.9,11264.0,38,3.814
2026-06-26T11:37:33.119818+00:00,scheduler,0,0,691.9,11264.0,33,2.359
2026-06-26T11:37:33.119818+00:00,scheduler,1,0,667.9,11264.0,38,3.514
2026-06-26T11:37:38.131891+00:00,scheduler,0,0,691.9,11264.0,33,2.501
2026-06-26T11:37:38.131891+00:00,scheduler,1,0,667.9,11264.0,37,5.769
2026-06-26T11:37:43.144173+00:00,scheduler,0,0,691.9,11264.0,33,2.667
2026-06-26T11:37:43.144173+00:00,scheduler,1,0,665.9,11264.0,37,3.586
2026-06-26T11:37:48.157167+00:00,scheduler,0,0,691.9,11264.0,33,2.853
2026-06-26T11:37:48.157167+00:00,scheduler,1,0,665.9,11264.0,36,3.824
2026-06-26T11:37:53.169691+00:00,scheduler,0,0,691.9,11264.0,33,2.429
2026-06-26T11:37:53.169691+00:00,scheduler,1,0,665.9,11264.0,36,3.091
2026-06-26T11:37:58.181976+00:00,scheduler,0,0,691.9,11264.0,33,2.732
2026-06-26T11:37:58.181976+00:00,scheduler,1,0,665.9,11264.0,36,3.335
2026-06-26T11:38:03.194548+00:00,scheduler,0,0,691.9,11264.0,33,2.281
2026-06-26T11:38:03.194548+00:00,scheduler,1,0,665.9,11264.0,35,3.275
2026-06-26T11:38:08.206732+00:00,scheduler,0,0,691.9,11264.0,33,2.68
2026-06-26T11:38:08.206732+00:00,scheduler,1,0,665.9,11264.0,35,3.14
2026-06-26T11:38:13.219176+00:00,scheduler,0,0,691.9,11264.0,33,2.484
2026-06-26T11:38:13.219176+00:00,scheduler,1,0,665.9,11264.0,35,2.535
2026-06-26T11:38:18.231545+00:00,scheduler,0,0,691.9,11264.0,33,2.806
2026-06-26T11:38:18.231545+00:00,scheduler,1,0,665.9,11264.0,35,2.738
2026-06-26T11:38:23.243880+00:00,scheduler,0,0,691.9,11264.0,33,2.347
2026-06-26T11:38:23.243880+00:00,scheduler,1,0,665.9,11264.0,34,2.58
2026-06-26T11:38:28.256552+00:00,scheduler,0,0,691.9,11264.0,33,2.345
2026-06-26T11:38:28.256552+00:00,scheduler,1,0,665.9,11264.0,34,2.563
2026-06-26T11:38:33.268866+00:00,scheduler,0,0,691.9,11264.0,33,2.651
2026-06-26T11:38:33.268866+00:00,scheduler,1,4,1795.9,11264.0,37,51.027
2026-06-26T11:38:38.277266+00:00,scheduler,0,0,691.9,11264.0,33,2.878
2026-06-26T11:38:38.277266+00:00,scheduler,1,4,3979.9,11264.0,37,51.494
2026-06-26T11:38:43.285952+00:00,scheduler,0,0,691.9,11264.0,33,2.601
2026-06-26T11:38:43.285952+00:00,scheduler,1,4,6171.9,11264.0,38,51.329
2026-06-26T11:38:48.294734+00:00,scheduler,0,0,691.9,11264.0,33,2.596
2026-06-26T11:38:48.294734+00:00,scheduler,1,4,8391.9,11264.0,38,51.18
2026-06-26T11:38:53.303265+00:00,scheduler,0,0,691.9,11264.0,33,2.517
2026-06-26T11:38:53.303265+00:00,scheduler,1,8,8771.9,11264.0,40,51.614
2026-06-26T11:38:58.312120+00:00,scheduler,0,0,691.9,11264.0,33,2.555
2026-06-26T11:38:58.312120+00:00,scheduler,1,23,1161.9,11264.0,40,72.428
2026-06-26T11:39:03.330271+00:00,scheduler,0,0,691.9,11264.0,33,3.028
2026-06-26T11:39:03.330271+00:00,scheduler,1,4,3591.9,11264.0,39,51.417
2026-06-26T11:39:08.339978+00:00,scheduler,0,0,691.9,11264.0,33,2.65
2026-06-26T11:39:08.339978+00:00,scheduler,1,4,5769.9,11264.0,39,51.302
2026-06-26T11:39:13.348687+00:00,scheduler,0,0,691.9,11264.0,33,2.916
2026-06-26T11:39:13.348687+00:00,scheduler,1,2,6939.9,11264.0,39,51.456
2026-06-26T11:39:18.357703+00:00,scheduler,0,0,691.9,11264.0,33,2.548
2026-06-26T11:39:18.357703+00:00,scheduler,1,1,7641.9,11264.0,39,51.288
2026-06-26T11:39:23.369131+00:00,scheduler,0,0,691.9,11264.0,33,2.895
2026-06-26T11:39:23.369131+00:00,scheduler,1,2,10277.9,11264.0,40,104.488
2026-06-26T11:39:28.379327+00:00,scheduler,0,0,691.9,11264.0,33,2.709
2026-06-26T11:39:28.379327+00:00,scheduler,1,100,10927.9,11264.0,48,247.116
2026-06-26T11:39:33.388124+00:00,scheduler,0,0,691.9,11264.0,33,3.099
2026-06-26T11:39:33.388124+00:00,scheduler,1,100,10929.9,11264.0,49,245.369
2026-06-26T11:39:38.396942+00:00,scheduler,0,0,691.9,11264.0,33,2.51
2026-06-26T11:39:38.396942+00:00,scheduler,1,100,10929.9,11264.0,50,247.475
2026-06-26T11:39:43.405912+00:00,scheduler,0,0,691.9,11264.0,33,2.667
2026-06-26T11:39:43.405912+00:00,scheduler,1,100,10929.9,11264.0,51,250.486
2026-06-26T11:39:48.418792+00:00,scheduler,0,0,691.9,11264.0,33,2.58
2026-06-26T11:39:48.418792+00:00,scheduler,1,100,10929.9,11264.0,52,246.089
2026-06-26T11:39:53.427695+00:00,scheduler,0,0,691.9,11264.0,33,2.827
2026-06-26T11:39:53.427695+00:00,scheduler,1,100,10929.9,11264.0,53,251.387
2026-06-26T11:39:58.436779+00:00,scheduler,0,0,691.9,11264.0,33,3.042
2026-06-26T11:39:58.436779+00:00,scheduler,1,100,10929.9,11264.0,53,250.491
2026-06-26T11:40:03.445753+00:00,scheduler,0,0,691.9,11264.0,33,2.803
2026-06-26T11:40:03.445753+00:00,scheduler,1,100,10929.9,11264.0,54,247.083
2026-06-26T11:40:08.455675+00:00,scheduler,0,0,691.9,11264.0,33,2.833
2026-06-26T11:40:08.455675+00:00,scheduler,1,100,10929.9,11264.0,55,248.93
2026-06-26T11:40:13.466218+00:00,scheduler,0,0,691.9,11264.0,33,2.459
2026-06-26T11:40:13.466218+00:00,scheduler,1,100,10929.9,11264.0,56,243.869
2026-06-26T11:40:18.476585+00:00,scheduler,0,0,691.9,11264.0,33,2.812
2026-06-26T11:40:18.476585+00:00,scheduler,1,100,10929.9,11264.0,56,249.614
2026-06-26T11:40:23.485569+00:00,scheduler,0,0,691.9,11264.0,33,2.736
2026-06-26T11:40:23.485569+00:00,scheduler,1,100,10929.9,11264.0,56,251.559
2026-06-26T11:40:28.494476+00:00,scheduler,0,0,691.9,11264.0,33,2.928
2026-06-26T11:40:28.494476+00:00,scheduler,1,100,10929.9,11264.0,56,254.41
2026-06-26T11:40:33.503386+00:00,scheduler,0,0,691.9,11264.0,33,2.405
2026-06-26T11:40:33.503386+00:00,scheduler,1,100,10929.9,11264.0,57,244.934
2026-06-26T11:40:38.513534+00:00,scheduler,0,0,691.9,11264.0,33,2.96
2026-06-26T11:40:38.513534+00:00,scheduler,1,100,10929.9,11264.0,57,243.747
2026-06-26T11:40:43.523273+00:00,scheduler,0,0,691.9,11264.0,33,2.809
2026-06-26T11:40:43.523273+00:00,scheduler,1,100,10929.9,11264.0,57,248.199
2026-06-26T11:40:48.533883+00:00,scheduler,0,0,691.9,11264.0,33,3.197
2026-06-26T11:40:48.533883+00:00,scheduler,1,100,10929.9,11264.0,57,241.114
2026-06-26T11:40:53.542863+00:00,scheduler,0,0,691.9,11264.0,33,2.41
2026-06-26T11:40:53.542863+00:00,scheduler,1,100,10929.9,11264.0,57,242.431
2026-06-26T11:40:58.551560+00:00,scheduler,0,0,691.9,11264.0,33,2.515
2026-06-26T11:40:58.551560+00:00,scheduler,1,100,10929.9,11264.0,57,250.672
2026-06-26T11:41:03.560203+00:00,scheduler,0,0,691.9,11264.0,33,2.766
2026-06-26T11:41:03.560203+00:00,scheduler,1,100,10929.9,11264.0,57,248.798
2026-06-26T11:41:08.569034+00:00,scheduler,0,0,691.9,11264.0,33,2.489
2026-06-26T11:41:08.569034+00:00,scheduler,1,100,10929.9,11264.0,57,246.707
2026-06-26T11:41:13.579525+00:00,scheduler,0,0,691.9,11264.0,33,2.889
2026-06-26T11:41:13.579525+00:00,scheduler,1,100,10929.9,11264.0,57,242.448
2026-06-26T11:41:18.588243+00:00,scheduler,0,0,691.9,11264.0,33,3.035
2026-06-26T11:41:18.588243+00:00,scheduler,1,100,10929.9,11264.0,57,247.545
2026-06-26T11:41:23.597028+00:00,scheduler,0,0,691.9,11264.0,33,3.118
2026-06-26T11:41:23.597028+00:00,scheduler,1,100,10929.9,11264.0,57,243.585
2026-06-26T11:41:28.605759+00:00,scheduler,0,0,691.9,11264.0,33,2.871
2026-06-26T11:41:28.605759+00:00,scheduler,1,100,10929.9,11264.0,57,253.107
2026-06-26T11:41:33.614709+00:00,scheduler,0,0,691.9,11264.0,33,3.331
2026-06-26T11:41:33.614709+00:00,scheduler,1,100,10929.9,11264.0,57,247.237
2026-06-26T11:41:38.623422+00:00,scheduler,0,0,691.9,11264.0,33,3.149
2026-06-26T11:41:38.623422+00:00,scheduler,1,100,10929.9,11264.0,57,240.145
2026-06-26T11:41:43.634086+00:00,scheduler,0,0,691.9,11264.0,33,3.966
2026-06-26T11:41:43.634086+00:00,scheduler,1,100,10929.9,11264.0,57,249.149
2026-06-26T11:41:48.642618+00:00,scheduler,0,0,847.9,11264.0,35,50.786
2026-06-26T11:41:48.642618+00:00,scheduler,1,100,10929.9,11264.0,57,245.064
2026-06-26T11:41:53.648080+00:00,scheduler,0,0,847.9,11264.0,36,51.589
2026-06-26T11:41:53.648080+00:00,scheduler,1,100,10929.9,11264.0,57,246.429
2026-06-26T11:41:58.671671+00:00,scheduler,0,0,847.9,11264.0,37,52.013
2026-06-26T11:41:58.671671+00:00,scheduler,1,100,10929.9,11264.0,57,250.907
2026-06-26T11:42:03.676802+00:00,scheduler,0,0,847.9,11264.0,37,52.155
2026-06-26T11:42:03.676802+00:00,scheduler,1,100,10929.9,11264.0,57,249.066
2026-06-26T11:42:08.682033+00:00,scheduler,0,0,847.9,11264.0,35,3.005
2026-06-26T11:42:08.682033+00:00,scheduler,1,100,10929.9,11264.0,57,244.892
2026-06-26T11:42:13.691111+00:00,scheduler,0,0,847.9,11264.0,34,2.092
2026-06-26T11:42:13.691111+00:00,scheduler,1,100,10929.9,11264.0,57,246.066
2026-06-26T11:42:18.699938+00:00,scheduler,0,0,847.9,11264.0,34,2.544
2026-06-26T11:42:18.699938+00:00,scheduler,1,100,10929.9,11264.0,58,242.778
2026-06-26T11:42:23.708928+00:00,scheduler,0,0,847.9,11264.0,34,2.432
2026-06-26T11:42:23.708928+00:00,scheduler,1,100,10929.9,11264.0,58,247.794
2026-06-26T11:42:28.718006+00:00,scheduler,0,0,847.9,11264.0,34,2.665
2026-06-26T11:42:28.718006+00:00,scheduler,1,100,10929.9,11264.0,58,254.832
2026-06-26T11:42:33.728387+00:00,scheduler,0,0,847.9,11264.0,34,2.343
2026-06-26T11:42:33.728387+00:00,scheduler,1,100,10929.9,11264.0,57,248.405
2026-06-26T11:42:38.737606+00:00,scheduler,0,0,847.9,11264.0,34,2.873
2026-06-26T11:42:38.737606+00:00,scheduler,1,100,10929.9,11264.0,58,244.806
2026-06-26T11:42:43.747630+00:00,scheduler,0,1,1591.9,11264.0,37,51.601
2026-06-26T11:42:43.747630+00:00,scheduler,1,100,10929.9,11264.0,58,244.466
2026-06-26T11:42:48.757402+00:00,scheduler,0,1,2203.9,11264.0,37,52.185
2026-06-26T11:42:48.757402+00:00,scheduler,1,100,10929.9,11264.0,58,249.032
2026-06-26T11:42:53.765112+00:00,scheduler,0,1,2775.9,11264.0,38,52.071
2026-06-26T11:42:53.765112+00:00,scheduler,1,100,10929.9,11264.0,58,248.572
2026-06-26T11:42:58.770607+00:00,scheduler,0,1,3387.9,11264.0,38,52.995
2026-06-26T11:42:58.770607+00:00,scheduler,1,100,10929.9,11264.0,57,242.318
2026-06-26T11:43:03.783074+00:00,scheduler,0,1,3979.9,11264.0,38,52.625
2026-06-26T11:43:03.783074+00:00,scheduler,1,100,10929.9,11264.0,58,254.573
2026-06-26T11:43:08.798240+00:00,scheduler,0,1,4647.9,11264.0,39,52.591
2026-06-26T11:43:08.798240+00:00,scheduler,1,100,10929.9,11264.0,58,248.9
2026-06-26T11:43:13.807410+00:00,scheduler,0,1,5287.9,11264.0,39,52.329
2026-06-26T11:43:13.807410+00:00,scheduler,1,100,10929.9,11264.0,58,245.832
2026-06-26T11:43:18.820097+00:00,scheduler,0,1,5859.9,11264.0,39,52.72
2026-06-26T11:43:18.820097+00:00,scheduler,1,100,10929.9,11264.0,58,246.355
2026-06-26T11:43:23.832457+00:00,scheduler,0,1,6471.9,11264.0,39,53.068
2026-06-26T11:43:23.832457+00:00,scheduler,1,100,10929.9,11264.0,58,239.803
2026-06-26T11:43:28.846032+00:00,scheduler,0,2,7227.9,11264.0,40,53.05
2026-06-26T11:43:28.846032+00:00,scheduler,1,100,10929.9,11264.0,58,248.256
2026-06-26T11:43:33.853877+00:00,scheduler,0,1,8003.9,11264.0,40,53.426
2026-06-26T11:43:33.853877+00:00,scheduler,1,100,10929.9,11264.0,58,248.578
2026-06-26T11:43:38.860813+00:00,scheduler,0,1,8619.9,11264.0,40,53.72
2026-06-26T11:43:38.860813+00:00,scheduler,1,100,10929.9,11264.0,58,242.412
2026-06-26T11:43:43.872865+00:00,scheduler,0,79,9009.9,11264.0,45,257.365
2026-06-26T11:43:43.872865+00:00,scheduler,1,100,10929.9,11264.0,58,248.819
2026-06-26T11:43:48.877946+00:00,scheduler,0,1,9009.9,11264.0,41,54.507
2026-06-26T11:43:48.877946+00:00,scheduler,1,100,10929.9,11264.0,58,251.528
2026-06-26T11:43:53.906509+00:00,scheduler,0,1,9009.9,11264.0,41,54.893
2026-06-26T11:43:53.906509+00:00,scheduler,1,100,10929.9,11264.0,58,243.367
2026-06-26T11:43:58.928665+00:00,scheduler,0,1,9009.9,11264.0,41,54.732
2026-06-26T11:43:58.928665+00:00,scheduler,1,100,10929.9,11264.0,58,245.112
2026-06-26T11:44:03.946184+00:00,scheduler,0,1,9009.9,11264.0,41,54.742
2026-06-26T11:44:03.946184+00:00,scheduler,1,100,10929.9,11264.0,57,242.406
2026-06-26T11:44:08.958591+00:00,scheduler,0,2,9009.9,11264.0,41,54.362
2026-06-26T11:44:08.958591+00:00,scheduler,1,100,10929.9,11264.0,58,241.881
2026-06-26T11:44:13.965902+00:00,scheduler,0,1,9009.9,11264.0,42,54.611
2026-06-26T11:44:13.965902+00:00,scheduler,1,100,10929.9,11264.0,58,243.843
2026-06-26T11:44:18.971524+00:00,scheduler,0,1,9009.9,11264.0,42,54.383
2026-06-26T11:44:18.971524+00:00,scheduler,1,100,10929.9,11264.0,58,240.712
2026-06-26T11:44:23.978705+00:00,scheduler,0,1,9009.9,11264.0,42,54.835
2026-06-26T11:44:23.978705+00:00,scheduler,1,100,10929.9,11264.0,58,248.589
2026-06-26T11:44:28.984593+00:00,scheduler,0,1,9009.9,11264.0,42,54.86
2026-06-26T11:44:28.984593+00:00,scheduler,1,100,10929.9,11264.0,58,248.118
2026-06-26T11:44:33.995336+00:00,scheduler,0,0,1117.9,11264.0,42,55.521
2026-06-26T11:44:33.995336+00:00,scheduler,1,100,10929.9,11264.0,57,248.752
2026-06-26T11:44:39.004734+00:00,scheduler,0,71,11163.9,11264.0,49,246.111
2026-06-26T11:44:39.004734+00:00,scheduler,1,100,10929.9,11264.0,58,255.258
2026-06-26T11:44:44.010229+00:00,scheduler,0,100,11165.9,11264.0,50,255.704
2026-06-26T11:44:44.010229+00:00,scheduler,1,100,10929.9,11264.0,58,249.112
2026-06-26T11:44:49.015586+00:00,scheduler,0,100,11165.9,11264.0,52,254.43
2026-06-26T11:44:49.015586+00:00,scheduler,1,100,10929.9,11264.0,58,245.459
2026-06-26T11:44:54.022549+00:00,scheduler,0,100,11165.9,11264.0,53,236.372
2026-06-26T11:44:54.022549+00:00,scheduler,1,100,10929.9,11264.0,58,249.017
2026-06-26T11:44:59.029312+00:00,scheduler,0,100,11165.9,11264.0,54,247.826
2026-06-26T11:44:59.029312+00:00,scheduler,1,100,10929.9,11264.0,58,238.964
2026-06-26T11:45:04.036805+00:00,scheduler,0,100,11165.9,11264.0,55,239.863
2026-06-26T11:45:04.036805+00:00,scheduler,1,100,10929.9,11264.0,57,248.225
2026-06-26T11:45:09.043874+00:00,scheduler,0,100,11165.9,11264.0,56,251.972
2026-06-26T11:45:09.043874+00:00,scheduler,1,90,10929.9,11264.0,54,76.994
2026-06-26T11:45:14.052554+00:00,scheduler,0,100,11165.9,11264.0,56,245.384
2026-06-26T11:45:14.052554+00:00,scheduler,1,2,10929.9,11264.0,50,55.681
2026-06-26T11:45:19.058120+00:00,scheduler,0,100,11165.9,11264.0,57,253.619
2026-06-26T11:45:19.058120+00:00,scheduler,1,2,10929.9,11264.0,49,55.222
2026-06-26T11:45:24.072252+00:00,scheduler,0,100,11165.9,11264.0,58,245.117
2026-06-26T11:45:24.072252+00:00,scheduler,1,1,10929.9,11264.0,48,55.042
2026-06-26T11:45:29.082568+00:00,scheduler,0,100,11165.9,11264.0,58,246.891
2026-06-26T11:45:29.082568+00:00,scheduler,1,2,10929.9,11264.0,46,54.388
2026-06-26T11:45:34.092683+00:00,scheduler,0,100,11165.9,11264.0,59,256.203
2026-06-26T11:45:34.092683+00:00,scheduler,1,2,10929.9,11264.0,46,54.621
2026-06-26T11:45:39.118290+00:00,scheduler,0,100,11165.9,11264.0,59,250.163
2026-06-26T11:45:39.118290+00:00,scheduler,1,1,10929.9,11264.0,45,53.604
2026-06-26T11:45:44.123924+00:00,scheduler,0,100,11165.9,11264.0,59,238.53
2026-06-26T11:45:44.123924+00:00,scheduler,1,1,10929.9,11264.0,44,53.624
2026-06-26T11:45:49.151773+00:00,scheduler,0,100,11165.9,11264.0,59,254.098
2026-06-26T11:45:49.151773+00:00,scheduler,1,100,4985.9,11264.0,47,74.649
2026-06-26T11:45:54.156876+00:00,scheduler,0,100,11165.9,11264.0,60,244.932
2026-06-26T11:45:54.156876+00:00,scheduler,1,0,1627.9,11264.0,44,53.7
2026-06-26T11:45:59.167168+00:00,scheduler,0,100,11165.9,11264.0,60,248.345
2026-06-26T11:45:59.167168+00:00,scheduler,1,0,1627.9,11264.0,44,53.661
2026-06-26T11:46:04.172566+00:00,scheduler,0,100,11165.9,11264.0,60,250.847
2026-06-26T11:46:04.172566+00:00,scheduler,1,0,1627.9,11264.0,43,53.815
2026-06-26T11:46:09.177888+00:00,scheduler,0,100,11165.9,11264.0,60,245.998
2026-06-26T11:46:09.177888+00:00,scheduler,1,0,1627.9,11264.0,43,53.479
2026-06-26T11:46:14.186000+00:00,scheduler,0,100,11165.9,11264.0,60,239.514
2026-06-26T11:46:14.186000+00:00,scheduler,1,0,1627.9,11264.0,43,53.076
2026-06-26T11:46:19.191339+00:00,scheduler,0,100,11165.9,11264.0,60,248.788
2026-06-26T11:46:19.191339+00:00,scheduler,1,0,1763.9,11264.0,42,53.125
2026-06-26T11:46:24.198365+00:00,scheduler,0,100,11165.9,11264.0,60,240.972
2026-06-26T11:46:24.198365+00:00,scheduler,1,0,1947.9,11264.0,42,53.019
2026-06-26T11:46:29.206436+00:00,scheduler,0,100,11165.9,11264.0,60,239.716
2026-06-26T11:46:29.206436+00:00,scheduler,1,0,2055.9,11264.0,42,53.313
2026-06-26T11:46:34.215240+00:00,scheduler,0,100,11165.9,11264.0,60,244.092
2026-06-26T11:46:34.215240+00:00,scheduler,1,0,2199.9,11264.0,42,53.251
2026-06-26T11:46:39.221234+00:00,scheduler,0,100,11165.9,11264.0,60,238.924
2026-06-26T11:46:39.221234+00:00,scheduler,1,0,2403.9,11264.0,41,52.948
2026-06-26T11:46:44.226676+00:00,scheduler,0,100,11165.9,11264.0,60,245.835
2026-06-26T11:46:44.226676+00:00,scheduler,1,0,2627.9,11264.0,41,52.791
2026-06-26T11:46:49.232086+00:00,scheduler,0,2,11165.9,11264.0,54,57.687
2026-06-26T11:46:49.232086+00:00,scheduler,1,0,2723.9,11264.0,41,52.897
2026-06-26T11:46:54.245923+00:00,scheduler,0,9,11165.9,11264.0,52,57.17
2026-06-26T11:46:54.245923+00:00,scheduler,1,0,2927.9,11264.0,41,52.769
2026-06-26T11:46:59.251784+00:00,scheduler,0,61,1123.9,11264.0,53,90.271
2026-06-26T11:46:59.251784+00:00,scheduler,1,0,3063.9,11264.0,41,52.777
2026-06-26T11:47:04.256904+00:00,scheduler,0,0,1123.9,11264.0,50,57.016
2026-06-26T11:47:04.256904+00:00,scheduler,1,0,3267.9,11264.0,41,52.17
2026-06-26T11:47:09.262253+00:00,scheduler,0,0,1123.9,11264.0,49,56.75
2026-06-26T11:47:09.262253+00:00,scheduler,1,0,3451.9,11264.0,41,52.728
2026-06-26T11:47:14.267712+00:00,scheduler,0,0,1123.9,11264.0,48,56.617
2026-06-26T11:47:14.267712+00:00,scheduler,1,0,3703.9,11264.0,41,52.887
2026-06-26T11:47:19.275563+00:00,scheduler,0,0,905.9,11264.0,46,3.96
2026-06-26T11:47:19.275563+00:00,scheduler,1,0,3935.9,11264.0,41,52.785
2026-06-26T11:47:24.284748+00:00,scheduler,0,0,905.9,11264.0,45,3.168
2026-06-26T11:47:24.284748+00:00,scheduler,1,0,4091.9,11264.0,41,52.412
2026-06-26T11:47:29.293984+00:00,scheduler,0,0,905.9,11264.0,43,3.512
2026-06-26T11:47:29.293984+00:00,scheduler,1,0,4227.9,11264.0,41,53.131
2026-06-26T11:47:34.302841+00:00,scheduler,0,0,905.9,11264.0,43,3.454
2026-06-26T11:47:34.302841+00:00,scheduler,1,0,4431.9,11264.0,41,52.451
2026-06-26T11:47:39.311571+00:00,scheduler,0,0,905.9,11264.0,42,2.948
2026-06-26T11:47:39.311571+00:00,scheduler,1,0,4615.9,11264.0,41,52.464
2026-06-26T11:47:44.320408+00:00,scheduler,0,0,905.9,11264.0,41,3.787
2026-06-26T11:47:44.320408+00:00,scheduler,1,0,4819.9,11264.0,41,52.779
2026-06-26T11:47:49.331774+00:00,scheduler,0,0,905.9,11264.0,40,3.232
2026-06-26T11:47:49.331774+00:00,scheduler,1,0,5003.9,11264.0,40,52.515
2026-06-26T11:47:54.340869+00:00,scheduler,0,0,905.9,11264.0,40,3.58
2026-06-26T11:47:54.340869+00:00,scheduler,1,0,5207.9,11264.0,40,52.568
2026-06-26T11:47:59.349787+00:00,scheduler,0,0,905.9,11264.0,39,3.113
2026-06-26T11:47:59.349787+00:00,scheduler,1,0,5343.9,11264.0,40,52.495
2026-06-26T11:48:04.358625+00:00,scheduler,0,0,905.9,11264.0,39,3.273
2026-06-26T11:48:04.358625+00:00,scheduler,1,0,5507.9,11264.0,40,52.335
2026-06-26T11:48:09.367456+00:00,scheduler,0,0,903.9,11264.0,39,2.9
2026-06-26T11:48:09.367456+00:00,scheduler,1,0,5691.9,11264.0,40,52.598
2026-06-26T11:48:14.376867+00:00,scheduler,0,0,903.9,11264.0,38,3.565
2026-06-26T11:48:14.376867+00:00,scheduler,1,0,5875.9,11264.0,40,52.706
2026-06-26T11:48:19.385647+00:00,scheduler,0,0,903.9,11264.0,38,2.886
2026-06-26T11:48:19.385647+00:00,scheduler,1,0,6079.9,11264.0,40,52.687
2026-06-26T11:48:24.394513+00:00,scheduler,0,0,903.9,11264.0,38,3.236
2026-06-26T11:48:24.394513+00:00,scheduler,1,0,6263.9,11264.0,40,53.12
2026-06-26T11:48:29.403368+00:00,scheduler,0,0,903.9,11264.0,37,3.039
2026-06-26T11:48:29.403368+00:00,scheduler,1,0,6467.9,11264.0,40,52.515
2026-06-26T11:48:34.414223+00:00,scheduler,0,0,903.9,11264.0,37,3.146
2026-06-26T11:48:34.414223+00:00,scheduler,1,0,6603.9,11264.0,40,52.841
2026-06-26T11:48:39.423036+00:00,scheduler,0,0,903.9,11264.0,37,2.893
2026-06-26T11:48:39.423036+00:00,scheduler,1,0,6759.9,11264.0,40,52.84
2026-06-26T11:48:44.431695+00:00,scheduler,0,0,903.9,11264.0,37,3.34
2026-06-26T11:48:44.431695+00:00,scheduler,1,0,6943.9,11264.0,40,52.379
2026-06-26T11:48:49.440527+00:00,scheduler,0,0,903.9,11264.0,37,3.317
2026-06-26T11:48:49.440527+00:00,scheduler,1,0,7147.9,11264.0,40,52.918
2026-06-26T11:48:54.449152+00:00,scheduler,0,0,903.9,11264.0,36,3.184
2026-06-26T11:48:54.449152+00:00,scheduler,1,0,7263.9,11264.0,40,52.621
2026-06-26T11:48:59.457807+00:00,scheduler,0,10,3585.9,11264.0,39,53.636
2026-06-26T11:48:59.457807+00:00,scheduler,1,0,7427.9,11264.0,40,52.699
2026-06-26T11:49:04.465160+00:00,scheduler,0,99,9009.9,11264.0,47,250.08
2026-06-26T11:49:04.465160+00:00,scheduler,1,0,7651.9,11264.0,40,52.378
2026-06-26T11:49:09.470492+00:00,scheduler,0,8,9009.9,11264.0,41,54.794
2026-06-26T11:49:09.470492+00:00,scheduler,1,0,7767.9,11264.0,40,52.212
2026-06-26T11:49:14.475901+00:00,scheduler,0,3,1885.9,11264.0,42,55.137
2026-06-26T11:49:14.475901+00:00,scheduler,1,0,7923.9,11264.0,40,52.167
2026-06-26T11:49:19.481677+00:00,scheduler,0,1,3145.9,11264.0,41,54.984
2026-06-26T11:49:19.481677+00:00,scheduler,1,0,7971.9,11264.0,40,52.372
2026-06-26T11:49:24.487113+00:00,scheduler,0,2,4297.9,11264.0,41,54.986
2026-06-26T11:49:24.487113+00:00,scheduler,1,0,8059.9,11264.0,40,52.211
2026-06-26T11:49:29.493058+00:00,scheduler,0,1,5233.9,11264.0,42,54.789
2026-06-26T11:49:29.493058+00:00,scheduler,1,0,8155.9,11264.0,40,52.641
2026-06-26T11:49:34.502897+00:00,scheduler,0,2,6403.9,11264.0,42,54.786
2026-06-26T11:49:34.502897+00:00,scheduler,1,0,8263.9,11264.0,40,52.01
2026-06-26T11:49:39.514030+00:00,scheduler,0,2,7339.9,11264.0,42,54.858
2026-06-26T11:49:39.514030+00:00,scheduler,1,0,8359.9,11264.0,40,52.636
2026-06-26T11:49:44.519966+00:00,scheduler,0,2,8383.9,11264.0,42,55.226
2026-06-26T11:49:44.519966+00:00,scheduler,1,0,8407.9,11264.0,40,52.665
2026-06-26T11:49:49.530184+00:00,scheduler,0,100,11165.9,11264.0,50,244.411
2026-06-26T11:49:49.530184+00:00,scheduler,1,2,8761.9,11264.0,42,52.702
2026-06-26T11:49:54.535805+00:00,scheduler,0,100,11165.9,11264.0,51,265.365
2026-06-26T11:49:54.535805+00:00,scheduler,1,1,8761.9,11264.0,41,52.718
2026-06-26T11:49:59.541833+00:00,scheduler,0,100,11167.9,11264.0,52,244.357
2026-06-26T11:49:59.541833+00:00,scheduler,1,1,8761.9,11264.0,41,52.883
2026-06-26T11:50:04.560437+00:00,scheduler,0,100,11167.9,11264.0,53,247.295
2026-06-26T11:50:04.560437+00:00,scheduler,1,1,8761.9,11264.0,41,52.683
2026-06-26T11:50:09.569943+00:00,scheduler,0,100,11167.9,11264.0,54,254.178
2026-06-26T11:50:09.569943+00:00,scheduler,1,2,8761.9,11264.0,41,52.452
2026-06-26T11:50:14.578550+00:00,scheduler,0,100,11167.9,11264.0,55,248.746
2026-06-26T11:50:14.578550+00:00,scheduler,1,1,8761.9,11264.0,41,52.015
2026-06-26T11:50:19.587800+00:00,scheduler,0,100,11167.9,11264.0,56,238.184
2026-06-26T11:50:19.587800+00:00,scheduler,1,1,8761.9,11264.0,41,52.352
2026-06-26T11:50:24.602867+00:00,scheduler,0,100,11167.9,11264.0,57,247.141
2026-06-26T11:50:24.602867+00:00,scheduler,1,1,8761.9,11264.0,41,52.666
2026-06-26T11:50:29.614819+00:00,scheduler,0,100,11167.9,11264.0,57,237.07
2026-06-26T11:50:29.614819+00:00,scheduler,1,22,881.9,11264.0,42,73.029
2026-06-26T11:50:34.620058+00:00,scheduler,0,100,11167.9,11264.0,58,237.465
2026-06-26T11:50:34.620058+00:00,scheduler,1,0,989.9,11264.0,41,52.623
2026-06-26T11:50:39.627177+00:00,scheduler,0,100,11167.9,11264.0,58,255.474
2026-06-26T11:50:39.627177+00:00,scheduler,1,0,1089.9,11264.0,41,52.263
2026-06-26T11:50:44.633328+00:00,scheduler,0,100,11167.9,11264.0,59,255.493
2026-06-26T11:50:44.633328+00:00,scheduler,1,0,1341.9,11264.0,41,52.745
2026-06-26T11:50:49.638697+00:00,scheduler,0,100,11167.9,11264.0,59,248.616
2026-06-26T11:50:49.638697+00:00,scheduler,1,0,1503.9,11264.0,41,52.411
2026-06-26T11:50:54.650462+00:00,scheduler,0,100,11167.9,11264.0,59,240.179
2026-06-26T11:50:54.650462+00:00,scheduler,1,0,1809.9,11264.0,40,52.192
2026-06-26T11:50:59.655904+00:00,scheduler,0,100,11167.9,11264.0,59,255.359
2026-06-26T11:50:59.655904+00:00,scheduler,1,1,2061.9,11264.0,41,52.505
2026-06-26T11:51:04.662472+00:00,scheduler,0,100,11167.9,11264.0,60,254.529
2026-06-26T11:51:04.662472+00:00,scheduler,1,1,2745.9,11264.0,40,52.46
2026-06-26T11:51:09.667847+00:00,scheduler,0,100,11167.9,11264.0,60,238.169
2026-06-26T11:51:09.667847+00:00,scheduler,1,0,3267.9,11264.0,40,52.437
2026-06-26T11:51:14.674318+00:00,scheduler,0,100,11167.9,11264.0,60,239.029
2026-06-26T11:51:14.674318+00:00,scheduler,1,1,3897.9,11264.0,40,52.425
2026-06-26T11:51:19.682417+00:00,scheduler,0,100,11167.9,11264.0,60,244.713
2026-06-26T11:51:19.682417+00:00,scheduler,1,1,4761.9,11264.0,40,52.271
2026-06-26T11:51:24.687802+00:00,scheduler,0,100,11167.9,11264.0,60,247.411
2026-06-26T11:51:24.687802+00:00,scheduler,1,1,5229.9,11264.0,40,51.899
2026-06-26T11:51:29.695880+00:00,scheduler,0,100,11167.9,11264.0,60,244.463
2026-06-26T11:51:29.695880+00:00,scheduler,1,1,5697.9,11264.0,40,52.725
2026-06-26T11:51:34.703754+00:00,scheduler,0,100,11167.9,11264.0,60,245.573
2026-06-26T11:51:34.703754+00:00,scheduler,1,1,6003.9,11264.0,40,51.925
2026-06-26T11:51:39.709314+00:00,scheduler,0,100,11167.9,11264.0,60,246.001
2026-06-26T11:51:39.709314+00:00,scheduler,1,1,6471.9,11264.0,40,52.361
2026-06-26T11:51:44.715964+00:00,scheduler,0,100,11167.9,11264.0,60,239.84
2026-06-26T11:51:44.715964+00:00,scheduler,1,1,6939.9,11264.0,40,52.051
2026-06-26T11:51:49.723152+00:00,scheduler,0,100,11167.9,11264.0,60,239.479
2026-06-26T11:51:49.723152+00:00,scheduler,1,0,7407.9,11264.0,40,52.118
2026-06-26T11:51:54.728898+00:00,scheduler,0,100,11167.9,11264.0,60,245.304
2026-06-26T11:51:54.728898+00:00,scheduler,1,0,7803.9,11264.0,40,52.352
2026-06-26T11:51:59.735308+00:00,scheduler,0,100,11167.9,11264.0,60,241.136
2026-06-26T11:51:59.735308+00:00,scheduler,1,1,8037.9,11264.0,40,51.979
2026-06-26T11:52:04.741865+00:00,scheduler,0,100,11167.9,11264.0,60,254.002
2026-06-26T11:52:04.741865+00:00,scheduler,1,71,10927.9,11264.0,47,246.061
2026-06-26T11:52:09.748282+00:00,scheduler,0,100,11167.9,11264.0,60,242.035
2026-06-26T11:52:09.748282+00:00,scheduler,1,100,10927.9,11264.0,49,249.416
2026-06-26T11:52:14.753799+00:00,scheduler,0,100,11167.9,11264.0,60,253.592
2026-06-26T11:52:14.753799+00:00,scheduler,1,100,10929.9,11264.0,50,245.213
2026-06-26T11:52:19.764949+00:00,scheduler,0,100,11167.9,11264.0,60,243.948
2026-06-26T11:52:19.764949+00:00,scheduler,1,100,10929.9,11264.0,51,247.68
2026-06-26T11:52:24.771859+00:00,scheduler,0,100,11167.9,11264.0,60,246.035
2026-06-26T11:52:24.771859+00:00,scheduler,1,100,10929.9,11264.0,52,245.709
2026-06-26T11:52:29.777700+00:00,scheduler,0,100,11167.9,11264.0,60,245.563
2026-06-26T11:52:29.777700+00:00,scheduler,1,100,10929.9,11264.0,53,248.558
2026-06-26T11:52:34.785695+00:00,scheduler,0,100,11167.9,11264.0,60,249.292
2026-06-26T11:52:34.785695+00:00,scheduler,1,100,10929.9,11264.0,53,249.14
2026-06-26T11:52:39.794887+00:00,scheduler,0,100,11167.9,11264.0,60,246.532
2026-06-26T11:52:39.794887+00:00,scheduler,1,100,10929.9,11264.0,55,245.817
2026-06-26T11:52:44.805384+00:00,scheduler,0,100,11167.9,11264.0,60,243.649
2026-06-26T11:52:44.805384+00:00,scheduler,1,100,10929.9,11264.0,55,243.625
2026-06-26T11:52:49.815391+00:00,scheduler,0,100,11167.9,11264.0,60,246.023
2026-06-26T11:52:49.815391+00:00,scheduler,1,100,10929.9,11264.0,56,248.673
2026-06-26T11:52:54.823134+00:00,scheduler,0,100,11167.9,11264.0,60,246.649
2026-06-26T11:52:54.823134+00:00,scheduler,1,100,10929.9,11264.0,56,241.095
2026-06-26T11:52:59.830796+00:00,scheduler,0,100,11167.9,11264.0,60,251.685
2026-06-26T11:52:59.830796+00:00,scheduler,1,100,10929.9,11264.0,56,247.799
2026-06-26T11:53:04.836114+00:00,scheduler,0,100,11167.9,11264.0,60,246.638
2026-06-26T11:53:04.836114+00:00,scheduler,1,100,10929.9,11264.0,57,253.962
2026-06-26T11:53:09.841588+00:00,scheduler,0,100,11167.9,11264.0,60,241.453
2026-06-26T11:53:09.841588+00:00,scheduler,1,100,10929.9,11264.0,57,245.467
2026-06-26T11:53:14.848106+00:00,scheduler,0,100,11167.9,11264.0,60,242.384
2026-06-26T11:53:14.848106+00:00,scheduler,1,100,10929.9,11264.0,57,245.858
2026-06-26T11:53:19.853531+00:00,scheduler,0,100,11167.9,11264.0,60,248.561
2026-06-26T11:53:19.853531+00:00,scheduler,1,100,10929.9,11264.0,57,243.049
2026-06-26T11:53:24.859814+00:00,scheduler,0,100,11167.9,11264.0,60,245.882
2026-06-26T11:53:24.859814+00:00,scheduler,1,100,10929.9,11264.0,57,254.668
2026-06-26T11:53:29.869744+00:00,scheduler,0,100,11167.9,11264.0,60,247.313
2026-06-26T11:53:29.869744+00:00,scheduler,1,100,10929.9,11264.0,57,245.445
2026-06-26T11:53:34.875559+00:00,scheduler,0,100,11167.9,11264.0,60,245.055
2026-06-26T11:53:34.875559+00:00,scheduler,1,100,10929.9,11264.0,57,246.732
2026-06-26T11:53:39.882440+00:00,scheduler,0,100,11167.9,11264.0,60,254.983
2026-06-26T11:53:39.882440+00:00,scheduler,1,100,10929.9,11264.0,57,246.778
2026-06-26T11:53:44.888633+00:00,scheduler,0,100,11167.9,11264.0,60,245.127
2026-06-26T11:53:44.888633+00:00,scheduler,1,100,10929.9,11264.0,57,242.341
2026-06-26T11:53:49.894057+00:00,scheduler,0,100,11167.9,11264.0,60,249.725
2026-06-26T11:53:49.894057+00:00,scheduler,1,100,10929.9,11264.0,57,246.468
2026-06-26T11:53:54.902085+00:00,scheduler,0,100,11167.9,11264.0,60,245.521
2026-06-26T11:53:54.902085+00:00,scheduler,1,100,10929.9,11264.0,57,252.611
2026-06-26T11:53:59.912022+00:00,scheduler,0,100,11167.9,11264.0,60,246.706
2026-06-26T11:53:59.912022+00:00,scheduler,1,100,10929.9,11264.0,57,249.757
2026-06-26T11:54:04.919773+00:00,scheduler,0,100,11167.9,11264.0,60,252.661
2026-06-26T11:54:04.919773+00:00,scheduler,1,100,10929.9,11264.0,58,246.386
2026-06-26T11:54:09.925093+00:00,scheduler,0,100,11167.9,11264.0,60,255.056
2026-06-26T11:54:09.925093+00:00,scheduler,1,100,10929.9,11264.0,57,240.289
2026-06-26T11:54:14.931703+00:00,scheduler,0,100,11167.9,11264.0,60,245.96
2026-06-26T11:54:14.931703+00:00,scheduler,1,100,10929.9,11264.0,57,248.74
2026-06-26T11:54:19.938694+00:00,scheduler,0,100,11167.9,11264.0,60,249.757
2026-06-26T11:54:19.938694+00:00,scheduler,1,100,10929.9,11264.0,57,245.865
2026-06-26T11:54:24.944835+00:00,scheduler,0,100,11167.9,11264.0,60,245.615
2026-06-26T11:54:24.944835+00:00,scheduler,1,100,10929.9,11264.0,57,248.972
2026-06-26T11:54:29.953131+00:00,scheduler,0,100,11167.9,11264.0,60,246.858
2026-06-26T11:54:29.953131+00:00,scheduler,1,100,10929.9,11264.0,58,246.6
2026-06-26T11:54:34.965144+00:00,scheduler,0,100,11167.9,11264.0,60,249.093
2026-06-26T11:54:34.965144+00:00,scheduler,1,100,10929.9,11264.0,58,257.107
2026-06-26T11:54:39.976571+00:00,scheduler,0,100,11167.9,11264.0,60,246.162
2026-06-26T11:54:39.976571+00:00,scheduler,1,100,10929.9,11264.0,58,249.05
2026-06-26T11:54:44.982006+00:00,scheduler,0,100,11167.9,11264.0,60,248.774
2026-06-26T11:54:44.982006+00:00,scheduler,1,100,10929.9,11264.0,58,249.912
2026-06-26T11:54:49.990353+00:00,scheduler,0,100,11167.9,11264.0,60,245.68
2026-06-26T11:54:49.990353+00:00,scheduler,1,100,10929.9,11264.0,58,244.452
2026-06-26T11:54:54.995827+00:00,scheduler,0,100,11167.9,11264.0,60,240.083
2026-06-26T11:54:54.995827+00:00,scheduler,1,100,10929.9,11264.0,58,246.491
2026-06-26T11:55:00.005382+00:00,scheduler,0,100,11167.9,11264.0,60,245.321
2026-06-26T11:55:00.005382+00:00,scheduler,1,100,10929.9,11264.0,58,252.822
2026-06-26T11:55:05.010910+00:00,scheduler,0,100,11167.9,11264.0,60,247.017
2026-06-26T11:55:05.010910+00:00,scheduler,1,100,10929.9,11264.0,58,244.18
2026-06-26T11:55:10.018545+00:00,scheduler,0,100,11167.9,11264.0,60,248.336
2026-06-26T11:55:10.018545+00:00,scheduler,1,100,10929.9,11264.0,58,246.334
2026-06-26T11:55:15.028327+00:00,scheduler,0,100,11167.9,11264.0,60,237.972
2026-06-26T11:55:15.028327+00:00,scheduler,1,100,10929.9,11264.0,58,238.985
2026-06-26T11:55:20.033805+00:00,scheduler,0,100,11167.9,11264.0,60,242.848
2026-06-26T11:55:20.033805+00:00,scheduler,1,100,10929.9,11264.0,58,251.065
2026-06-26T11:55:25.041256+00:00,scheduler,0,100,11167.9,11264.0,60,244.152
2026-06-26T11:55:25.041256+00:00,scheduler,1,100,10929.9,11264.0,58,248.077
2026-06-26T11:55:30.049558+00:00,scheduler,0,8,11167.9,11264.0,54,57.852
2026-06-26T11:55:30.049558+00:00,scheduler,1,100,10929.9,11264.0,58,246.874
2026-06-26T11:55:35.055287+00:00,scheduler,0,8,11167.9,11264.0,52,57.624
2026-06-26T11:55:35.055287+00:00,scheduler,1,100,10929.9,11264.0,58,238.849
2026-06-26T11:55:40.062014+00:00,scheduler,0,0,1867.9,11264.0,53,85.534
2026-06-26T11:55:40.062014+00:00,scheduler,1,100,10929.9,11264.0,58,247.678
2026-06-26T11:55:45.066928+00:00,scheduler,0,1,1867.9,11264.0,50,57.09
2026-06-26T11:55:45.066928+00:00,scheduler,1,100,10929.9,11264.0,58,244.787
2026-06-26T11:55:50.072397+00:00,scheduler,0,1,2003.9,11264.0,49,56.968
2026-06-26T11:55:50.072397+00:00,scheduler,1,100,10929.9,11264.0,58,250.858
2026-06-26T11:55:55.080112+00:00,scheduler,0,1,2731.9,11264.0,49,56.861
2026-06-26T11:55:55.080112+00:00,scheduler,1,100,10929.9,11264.0,58,244.77
2026-06-26T11:56:00.087723+00:00,scheduler,0,1,3399.9,11264.0,48,56.642
2026-06-26T11:56:00.087723+00:00,scheduler,1,100,10929.9,11264.0,58,258.931
2026-06-26T11:56:05.094562+00:00,scheduler,0,1,4011.9,11264.0,47,56.5
2026-06-26T11:56:05.094562+00:00,scheduler,1,100,10929.9,11264.0,58,243.354
2026-06-26T11:56:10.100183+00:00,scheduler,0,1,4671.9,11264.0,47,56.598
2026-06-26T11:56:10.100183+00:00,scheduler,1,100,10929.9,11264.0,58,246.412
2026-06-26T11:56:15.108453+00:00,scheduler,0,1,5339.9,11264.0,46,56.157
2026-06-26T11:56:15.108453+00:00,scheduler,1,100,10929.9,11264.0,58,255.332
2026-06-26T11:56:20.114781+00:00,scheduler,0,1,5835.9,11264.0,46,55.792
2026-06-26T11:56:20.114781+00:00,scheduler,1,100,10929.9,11264.0,58,249.922
2026-06-26T11:56:25.120236+00:00,scheduler,0,1,6563.9,11264.0,46,55.585
2026-06-26T11:56:25.120236+00:00,scheduler,1,100,10929.9,11264.0,58,249.49
2026-06-26T11:56:30.128001+00:00,scheduler,0,1,7047.9,11264.0,45,54.996
2026-06-26T11:56:30.128001+00:00,scheduler,1,100,10929.9,11264.0,58,256.993
2026-06-26T11:56:35.134436+00:00,scheduler,0,1,7571.9,11264.0,45,55.106
2026-06-26T11:56:35.134436+00:00,scheduler,1,100,10929.9,11264.0,58,254.12
2026-06-26T11:56:40.143708+00:00,scheduler,0,1,8163.9,11264.0,45,54.849
2026-06-26T11:56:40.143708+00:00,scheduler,1,100,10929.9,11264.0,58,246.1
2026-06-26T11:56:45.149108+00:00,scheduler,0,1,8551.9,11264.0,45,55.526
2026-06-26T11:56:45.149108+00:00,scheduler,1,100,10929.9,11264.0,58,254.725
2026-06-26T11:56:50.154399+00:00,scheduler,0,97,9001.9,11264.0,48,81.927
2026-06-26T11:56:50.154399+00:00,scheduler,1,100,10929.9,11264.0,58,246.028
2026-06-26T11:56:55.159427+00:00,scheduler,0,7,9001.9,11264.0,45,56.005
2026-06-26T11:56:55.159427+00:00,scheduler,1,100,10929.9,11264.0,58,253.803
2026-06-26T11:57:00.164885+00:00,scheduler,0,19,11165.9,11264.0,47,112.009
2026-06-26T11:57:00.164885+00:00,scheduler,1,100,10929.9,11264.0,58,247.263
2026-06-26T11:57:05.170520+00:00,scheduler,0,100,11165.9,11264.0,52,237.837
2026-06-26T11:57:05.170520+00:00,scheduler,1,100,10929.9,11264.0,58,251.014
2026-06-26T11:57:10.180926+00:00,scheduler,0,100,11167.9,11264.0,54,249.127
2026-06-26T11:57:10.180926+00:00,scheduler,1,100,10929.9,11264.0,58,251.467
2026-06-26T11:57:15.186586+00:00,scheduler,0,100,11167.9,11264.0,55,248.176
2026-06-26T11:57:15.186586+00:00,scheduler,1,100,10929.9,11264.0,58,242.771
2026-06-26T11:57:20.193688+00:00,scheduler,0,100,11167.9,11264.0,55,255.744
2026-06-26T11:57:20.193688+00:00,scheduler,1,100,10929.9,11264.0,58,246.005
2026-06-26T11:57:25.200782+00:00,scheduler,0,100,11167.9,11264.0,56,245.053
2026-06-26T11:57:25.200782+00:00,scheduler,1,100,10929.9,11264.0,58,246.261
2026-06-26T11:57:30.209935+00:00,scheduler,0,100,11167.9,11264.0,57,250.489
2026-06-26T11:57:30.209935+00:00,scheduler,1,100,10929.9,11264.0,58,245.819
2026-06-26T11:57:35.217981+00:00,scheduler,0,100,11167.9,11264.0,57,242.685
2026-06-26T11:57:35.217981+00:00,scheduler,1,100,10929.9,11264.0,58,248.203
2026-06-26T11:57:40.225245+00:00,scheduler,0,100,11167.9,11264.0,58,237.467
2026-06-26T11:57:40.225245+00:00,scheduler,1,100,10929.9,11264.0,58,251.265
2026-06-26T11:57:45.230744+00:00,scheduler,0,100,11167.9,11264.0,58,252.455
2026-06-26T11:57:45.230744+00:00,scheduler,1,100,10929.9,11264.0,58,248.071
2026-06-26T11:57:50.237730+00:00,scheduler,0,100,11167.9,11264.0,59,252.576
2026-06-26T11:57:50.237730+00:00,scheduler,1,9,10929.9,11264.0,53,56.352
2026-06-26T11:57:55.243027+00:00,scheduler,0,100,11167.9,11264.0,59,248.181
2026-06-26T11:57:55.243027+00:00,scheduler,1,8,2185.9,11264.0,50,57.574
2026-06-26T11:58:00.249123+00:00,scheduler,0,100,11167.9,11264.0,59,246.827
2026-06-26T11:58:00.249123+00:00,scheduler,1,73,4985.9,11264.0,51,76.258
2026-06-26T11:58:05.254325+00:00,scheduler,0,100,11167.9,11264.0,59,255.649
2026-06-26T11:58:05.254325+00:00,scheduler,1,1,1669.9,11264.0,48,55.257
2026-06-26T11:58:10.261466+00:00,scheduler,0,100,11167.9,11264.0,60,256.019
2026-06-26T11:58:10.261466+00:00,scheduler,1,15,6285.9,11264.0,47,55.468
2026-06-26T11:58:15.271603+00:00,scheduler,0,100,11167.9,11264.0,60,246.02
2026-06-26T11:58:15.271603+00:00,scheduler,1,19,8763.9,11264.0,49,75.878
2026-06-26T11:58:20.276950+00:00,scheduler,0,100,11167.9,11264.0,60,255.875
2026-06-26T11:58:20.276950+00:00,scheduler,1,4,5955.9,11264.0,46,54.671
2026-06-26T11:58:25.283036+00:00,scheduler,0,100,11167.9,11264.0,60,253.974
2026-06-26T11:58:25.283036+00:00,scheduler,1,100,10927.9,11264.0,52,246.55
2026-06-26T11:58:30.293875+00:00,scheduler,0,100,11167.9,11264.0,60,247.064
2026-06-26T11:58:30.293875+00:00,scheduler,1,100,10927.9,11264.0,53,251.22
2026-06-26T11:58:35.300102+00:00,scheduler,0,100,11167.9,11264.0,60,243.662
2026-06-26T11:58:35.300102+00:00,scheduler,1,100,10929.9,11264.0,54,252.235
2026-06-26T11:58:40.333453+00:00,scheduler,0,100,11167.9,11264.0,60,247.667
2026-06-26T11:58:40.333453+00:00,scheduler,1,100,10929.9,11264.0,54,242.424
2026-06-26T11:58:45.338737+00:00,scheduler,0,100,11167.9,11264.0,60,246.333
2026-06-26T11:58:45.338737+00:00,scheduler,1,100,10929.9,11264.0,55,247.864
2026-06-26T11:58:50.345183+00:00,scheduler,0,100,11167.9,11264.0,60,248.822
2026-06-26T11:58:50.345183+00:00,scheduler,1,100,10929.9,11264.0,55,242.102
2026-06-26T11:58:55.354424+00:00,scheduler,0,100,11167.9,11264.0,60,244.395
2026-06-26T11:58:55.354424+00:00,scheduler,1,100,10929.9,11264.0,56,246.144
2026-06-26T11:59:00.362211+00:00,scheduler,0,100,11167.9,11264.0,60,247.289
2026-06-26T11:59:00.362211+00:00,scheduler,1,100,10929.9,11264.0,56,253.942
2026-06-26T11:59:05.369790+00:00,scheduler,0,100,11167.9,11264.0,60,251.993
2026-06-26T11:59:05.369790+00:00,scheduler,1,100,10929.9,11264.0,57,246.652
2026-06-26T11:59:10.382601+00:00,scheduler,0,100,11167.9,11264.0,60,238.729
2026-06-26T11:59:10.382601+00:00,scheduler,1,100,10929.9,11264.0,56,247.786
2026-06-26T11:59:15.393723+00:00,scheduler,0,100,11167.9,11264.0,60,242.437
2026-06-26T11:59:15.393723+00:00,scheduler,1,100,10929.9,11264.0,57,249.67
2026-06-26T11:59:20.403141+00:00,scheduler,0,100,11167.9,11264.0,60,247.475
2026-06-26T11:59:20.403141+00:00,scheduler,1,100,10929.9,11264.0,57,254.011
2026-06-26T11:59:25.411817+00:00,scheduler,0,100,11167.9,11264.0,60,241.895
2026-06-26T11:59:25.411817+00:00,scheduler,1,100,10929.9,11264.0,57,246.693
2026-06-26T11:59:30.419687+00:00,scheduler,0,100,11167.9,11264.0,60,238.889
2026-06-26T11:59:30.419687+00:00,scheduler,1,100,10929.9,11264.0,57,247.9
2026-06-26T11:59:35.426783+00:00,scheduler,0,100,11167.9,11264.0,60,243.006
2026-06-26T11:59:35.426783+00:00,scheduler,1,100,10929.9,11264.0,58,250.212
2026-06-26T11:59:40.434243+00:00,scheduler,0,100,11167.9,11264.0,60,241.587
2026-06-26T11:59:40.434243+00:00,scheduler,1,100,10929.9,11264.0,58,241.339
2026-06-26T11:59:45.441395+00:00,scheduler,0,100,11167.9,11264.0,60,245.695
2026-06-26T11:59:45.441395+00:00,scheduler,1,100,10929.9,11264.0,58,238.463
2026-06-26T11:59:50.448954+00:00,scheduler,0,100,11167.9,11264.0,60,246.198
2026-06-26T11:59:50.448954+00:00,scheduler,1,100,10929.9,11264.0,57,248.117
2026-06-26T11:59:55.456155+00:00,scheduler,0,100,11167.9,11264.0,60,240.675
2026-06-26T11:59:55.456155+00:00,scheduler,1,100,10929.9,11264.0,58,257.259
2026-06-26T12:00:00.463967+00:00,scheduler,0,100,11167.9,11264.0,60,247.751
2026-06-26T12:00:00.463967+00:00,scheduler,1,100,10929.9,11264.0,58,248.61
2026-06-26T12:00:05.471896+00:00,scheduler,0,100,11167.9,11264.0,60,240.562
2026-06-26T12:00:05.471896+00:00,scheduler,1,100,10929.9,11264.0,58,241.136
2026-06-26T12:00:10.481097+00:00,scheduler,0,100,11167.9,11264.0,60,246.142
2026-06-26T12:00:10.481097+00:00,scheduler,1,100,10929.9,11264.0,58,248.21
2026-06-26T12:00:15.486582+00:00,scheduler,0,100,11167.9,11264.0,60,247.708
2026-06-26T12:00:15.486582+00:00,scheduler,1,100,10929.9,11264.0,58,249.999
2026-06-26T12:00:20.493261+00:00,scheduler,0,100,11167.9,11264.0,60,246.321
2026-06-26T12:00:20.493261+00:00,scheduler,1,100,10929.9,11264.0,58,249.686
2026-06-26T12:00:25.499322+00:00,scheduler,0,100,11167.9,11264.0,60,239.404
2026-06-26T12:00:25.499322+00:00,scheduler,1,100,10929.9,11264.0,58,247.18
2026-06-26T12:00:30.506880+00:00,scheduler,0,100,11167.9,11264.0,60,247.494
2026-06-26T12:00:30.506880+00:00,scheduler,1,100,10929.9,11264.0,58,239.995
2026-06-26T12:00:35.513040+00:00,scheduler,0,100,11167.9,11264.0,60,247.69
2026-06-26T12:00:35.513040+00:00,scheduler,1,100,10929.9,11264.0,58,253.726
2026-06-26T12:00:40.520921+00:00,scheduler,0,100,11167.9,11264.0,60,243.913
2026-06-26T12:00:40.520921+00:00,scheduler,1,100,10929.9,11264.0,58,244.782
2026-06-26T12:00:45.528882+00:00,scheduler,0,100,11167.9,11264.0,60,248.26
2026-06-26T12:00:45.528882+00:00,scheduler,1,100,10929.9,11264.0,58,251.549
2026-06-26T12:00:50.536433+00:00,scheduler,0,100,11167.9,11264.0,60,252.284
2026-06-26T12:00:50.536433+00:00,scheduler,1,100,10929.9,11264.0,58,245.079
2026-06-26T12:00:55.541951+00:00,scheduler,0,100,11167.9,11264.0,60,246.039
2026-06-26T12:00:55.541951+00:00,scheduler,1,100,10929.9,11264.0,57,241.934
2026-06-26T12:01:00.548123+00:00,scheduler,0,100,11167.9,11264.0,60,247.638
2026-06-26T12:01:00.548123+00:00,scheduler,1,100,10929.9,11264.0,57,256.521
2026-06-26T12:01:05.556827+00:00,scheduler,0,100,11167.9,11264.0,60,246.358
2026-06-26T12:01:05.556827+00:00,scheduler,1,100,10929.9,11264.0,58,250.503
2026-06-26T12:01:10.562232+00:00,scheduler,0,100,11167.9,11264.0,60,248.017
2026-06-26T12:01:10.562232+00:00,scheduler,1,100,10929.9,11264.0,58,249.021
2026-06-26T12:01:15.569285+00:00,scheduler,0,100,11167.9,11264.0,60,251.842
2026-06-26T12:01:15.569285+00:00,scheduler,1,100,10929.9,11264.0,58,250.65
2026-06-26T12:01:20.576696+00:00,scheduler,0,100,11167.9,11264.0,60,243.579
2026-06-26T12:01:20.576696+00:00,scheduler,1,100,10929.9,11264.0,58,245.748
2026-06-26T12:01:25.582322+00:00,scheduler,0,100,11167.9,11264.0,60,251.107
2026-06-26T12:01:25.582322+00:00,scheduler,1,100,10929.9,11264.0,58,255.406
2026-06-26T12:01:30.588670+00:00,scheduler,0,100,11167.9,11264.0,60,245.189
2026-06-26T12:01:30.588670+00:00,scheduler,1,100,10929.9,11264.0,58,249.174
2026-06-26T12:01:35.594188+00:00,scheduler,0,100,11167.9,11264.0,60,248.397
2026-06-26T12:01:35.594188+00:00,scheduler,1,100,10929.9,11264.0,58,248.791
2026-06-26T12:01:40.599910+00:00,scheduler,0,100,11167.9,11264.0,60,252.898
2026-06-26T12:01:40.599910+00:00,scheduler,1,100,10929.9,11264.0,58,250.045
2026-06-26T12:01:45.610250+00:00,scheduler,0,100,11167.9,11264.0,60,242.5
2026-06-26T12:01:45.610250+00:00,scheduler,1,100,10929.9,11264.0,58,245.803
2026-06-26T12:01:50.618326+00:00,scheduler,0,100,11167.9,11264.0,60,239.338
2026-06-26T12:01:50.618326+00:00,scheduler,1,100,10929.9,11264.0,58,242.172
2026-06-26T12:01:55.628154+00:00,scheduler,0,100,11167.9,11264.0,60,245.225
2026-06-26T12:01:55.628154+00:00,scheduler,1,100,10929.9,11264.0,58,253.634
2026-06-26T12:02:00.636613+00:00,scheduler,0,100,11167.9,11264.0,60,252.925
2026-06-26T12:02:00.636613+00:00,scheduler,1,100,10929.9,11264.0,58,245.04
2026-06-26T12:02:05.642134+00:00,scheduler,0,100,11167.9,11264.0,60,256.818
2026-06-26T12:02:05.642134+00:00,scheduler,1,100,10929.9,11264.0,58,254.968
2026-06-26T12:02:10.653054+00:00,scheduler,0,100,11167.9,11264.0,60,240.138
2026-06-26T12:02:10.653054+00:00,scheduler,1,100,10929.9,11264.0,58,246.471
2026-06-26T12:02:15.658461+00:00,scheduler,0,100,11167.9,11264.0,60,240.564
2026-06-26T12:02:15.658461+00:00,scheduler,1,100,10929.9,11264.0,58,259.162
2026-06-26T12:02:20.664127+00:00,scheduler,0,100,11167.9,11264.0,60,243.796
2026-06-26T12:02:20.664127+00:00,scheduler,1,100,10929.9,11264.0,58,243.906
2026-06-26T12:02:25.672138+00:00,scheduler,0,100,11167.9,11264.0,60,254.117
2026-06-26T12:02:25.672138+00:00,scheduler,1,100,10929.9,11264.0,58,246.132
2026-06-26T12:02:30.680362+00:00,scheduler,0,100,11167.9,11264.0,60,248.05
2026-06-26T12:02:30.680362+00:00,scheduler,1,100,10929.9,11264.0,58,254.328
2026-06-26T12:02:35.687625+00:00,scheduler,0,100,11167.9,11264.0,60,245.565
2026-06-26T12:02:35.687625+00:00,scheduler,1,100,10929.9,11264.0,58,246.104
2026-06-26T12:02:40.693033+00:00,scheduler,0,100,11167.9,11264.0,60,238.949
2026-06-26T12:02:40.693033+00:00,scheduler,1,100,10929.9,11264.0,58,253.841
2026-06-26T12:02:45.698487+00:00,scheduler,0,9,11167.9,11264.0,54,57.888
2026-06-26T12:02:45.698487+00:00,scheduler,1,100,10929.9,11264.0,58,247.23
2026-06-26T12:02:50.703968+00:00,scheduler,0,1,5987.9,11264.0,52,58.938
2026-06-26T12:02:50.703968+00:00,scheduler,1,100,10929.9,11264.0,58,239.837
2026-06-26T12:02:55.710579+00:00,scheduler,0,21,8647.9,11264.0,52,57.537
2026-06-26T12:02:55.710579+00:00,scheduler,1,100,10929.9,11264.0,58,239.405
2026-06-26T12:03:00.720012+00:00,scheduler,0,11,9001.9,11264.0,52,66.83
2026-06-26T12:03:00.720012+00:00,scheduler,1,100,10929.9,11264.0,58,246.787
2026-06-26T12:03:05.729240+00:00,scheduler,0,27,11165.9,11264.0,55,250.835
2026-06-26T12:03:05.729240+00:00,scheduler,1,100,10929.9,11264.0,58,246.119
2026-06-26T12:03:10.735631+00:00,scheduler,0,100,11165.9,11264.0,57,238.956
2026-06-26T12:03:10.735631+00:00,scheduler,1,100,10929.9,11264.0,58,242.527
2026-06-26T12:03:15.744667+00:00,scheduler,0,100,11167.9,11264.0,57,239.174
2026-06-26T12:03:15.744667+00:00,scheduler,1,100,10929.9,11264.0,58,246.588
2026-06-26T12:03:20.754583+00:00,scheduler,0,100,11167.9,11264.0,58,249.198
2026-06-26T12:03:20.754583+00:00,scheduler,1,100,10929.9,11264.0,58,259.492
2026-06-26T12:03:25.768981+00:00,scheduler,0,100,11167.9,11264.0,58,246.801
2026-06-26T12:03:25.768981+00:00,scheduler,1,100,10929.9,11264.0,58,254.746
2026-06-26T12:03:30.776699+00:00,scheduler,0,100,11167.9,11264.0,58,239.768
2026-06-26T12:03:30.776699+00:00,scheduler,1,100,10929.9,11264.0,58,246.163
2026-06-26T12:03:35.786192+00:00,scheduler,0,100,11167.9,11264.0,59,252.54
2026-06-26T12:03:35.786192+00:00,scheduler,1,100,10929.9,11264.0,58,240.187
2026-06-26T12:03:40.793160+00:00,scheduler,0,100,11167.9,11264.0,59,246.657
2026-06-26T12:03:40.793160+00:00,scheduler,1,100,10929.9,11264.0,58,247.071
2026-06-26T12:03:45.798689+00:00,scheduler,0,100,11167.9,11264.0,59,245.104
2026-06-26T12:03:45.798689+00:00,scheduler,1,100,10929.9,11264.0,58,254.4
2026-06-26T12:03:50.804145+00:00,scheduler,0,100,11167.9,11264.0,59,244.548
2026-06-26T12:03:50.804145+00:00,scheduler,1,100,10929.9,11264.0,58,248.438
2026-06-26T12:03:55.811076+00:00,scheduler,0,100,11167.9,11264.0,59,243.679
2026-06-26T12:03:55.811076+00:00,scheduler,1,100,10929.9,11264.0,58,248.613
2026-06-26T12:04:00.821802+00:00,scheduler,0,100,11167.9,11264.0,60,242.417
2026-06-26T12:04:00.821802+00:00,scheduler,1,100,10929.9,11264.0,58,242.044
2026-06-26T12:04:05.830686+00:00,scheduler,0,100,11167.9,11264.0,60,250.839
2026-06-26T12:04:05.830686+00:00,scheduler,1,100,10929.9,11264.0,58,247.828
2026-06-26T12:04:10.837155+00:00,scheduler,0,100,11167.9,11264.0,60,244.752
2026-06-26T12:04:10.837155+00:00,scheduler,1,9,10929.9,11264.0,53,56.617
2026-06-26T12:04:15.843711+00:00,scheduler,0,100,11167.9,11264.0,60,252.452
2026-06-26T12:04:15.843711+00:00,scheduler,1,59,4985.9,11264.0,55,250.884
2026-06-26T12:04:20.852333+00:00,scheduler,0,100,11167.9,11264.0,60,255.673
2026-06-26T12:04:20.852333+00:00,scheduler,1,0,887.9,11264.0,49,55.382
2026-06-26T12:04:25.860601+00:00,scheduler,0,100,11167.9,11264.0,60,242.333
2026-06-26T12:04:25.860601+00:00,scheduler,1,0,887.9,11264.0,48,55.35
2026-06-26T12:04:30.866977+00:00,scheduler,0,100,11167.9,11264.0,60,239.306
2026-06-26T12:04:30.866977+00:00,scheduler,1,0,887.9,11264.0,47,54.543
2026-06-26T12:04:35.874465+00:00,scheduler,0,100,11167.9,11264.0,60,243.648
2026-06-26T12:04:35.874465+00:00,scheduler,1,0,887.9,11264.0,44,4.047
2026-06-26T12:04:40.884301+00:00,scheduler,0,100,11167.9,11264.0,60,247.246
2026-06-26T12:04:40.884301+00:00,scheduler,1,0,887.9,11264.0,42,5.232
2026-06-26T12:04:45.893491+00:00,scheduler,0,100,11167.9,11264.0,60,245.692
2026-06-26T12:04:45.893491+00:00,scheduler,1,0,665.9,11264.0,41,3.867
2026-06-26T12:04:50.905279+00:00,scheduler,0,100,11167.9,11264.0,60,247.599
2026-06-26T12:04:50.905279+00:00,scheduler,1,0,665.9,11264.0,40,3.959
2026-06-26T12:04:55.915866+00:00,scheduler,0,100,11167.9,11264.0,60,247.964
2026-06-26T12:04:55.915866+00:00,scheduler,1,0,665.9,11264.0,39,3.713
2026-06-26T12:05:00.925168+00:00,scheduler,0,100,11167.9,11264.0,60,236.253
2026-06-26T12:05:00.925168+00:00,scheduler,1,0,665.9,11264.0,39,4.381
2026-06-26T12:05:05.937651+00:00,scheduler,0,100,11167.9,11264.0,60,242.113
2026-06-26T12:05:05.937651+00:00,scheduler,1,0,665.9,11264.0,38,3.678
2026-06-26T12:05:10.949420+00:00,scheduler,0,100,11167.9,11264.0,60,242.511
2026-06-26T12:05:10.949420+00:00,scheduler,1,0,665.9,11264.0,37,3.937
2026-06-26T12:05:15.959294+00:00,scheduler,0,100,11167.9,11264.0,60,249.762
2026-06-26T12:05:15.959294+00:00,scheduler,1,0,665.9,11264.0,37,3.934
2026-06-26T12:05:20.971150+00:00,scheduler,0,100,11167.9,11264.0,60,239.059
2026-06-26T12:05:20.971150+00:00,scheduler,1,0,665.9,11264.0,36,3.629
2026-06-26T12:05:25.983444+00:00,scheduler,0,100,11167.9,11264.0,60,246.992
2026-06-26T12:05:25.983444+00:00,scheduler,1,0,665.9,11264.0,36,3.584
2026-06-26T12:05:30.994092+00:00,scheduler,0,100,11167.9,11264.0,60,252.518
2026-06-26T12:05:30.994092+00:00,scheduler,1,0,665.9,11264.0,36,3.653
2026-06-26T12:05:36.004097+00:00,scheduler,0,100,11167.9,11264.0,60,240.493
2026-06-26T12:05:36.004097+00:00,scheduler,1,0,665.9,11264.0,35,3.55
2026-06-26T12:05:41.013832+00:00,scheduler,0,100,11167.9,11264.0,60,244.448
2026-06-26T12:05:41.013832+00:00,scheduler,1,0,665.9,11264.0,35,3.455
2026-06-26T12:05:46.023008+00:00,scheduler,0,100,11167.9,11264.0,60,238.689
2026-06-26T12:05:46.023008+00:00,scheduler,1,0,665.9,11264.0,35,4.145
2026-06-26T12:05:51.033359+00:00,scheduler,0,100,11167.9,11264.0,60,247.575
2026-06-26T12:05:51.033359+00:00,scheduler,1,0,665.9,11264.0,35,3.448
2026-06-26T12:05:56.046668+00:00,scheduler,0,100,11167.9,11264.0,60,245.883
2026-06-26T12:05:56.046668+00:00,scheduler,1,0,665.9,11264.0,34,3.724
2026-06-26T12:06:01.056204+00:00,scheduler,0,100,11167.9,11264.0,60,252.912
2026-06-26T12:06:01.056204+00:00,scheduler,1,0,665.9,11264.0,34,3.489
2026-06-26T12:06:06.065179+00:00,scheduler,0,100,11167.9,11264.0,60,253.091
2026-06-26T12:06:06.065179+00:00,scheduler,1,0,665.9,11264.0,34,4.097
2026-06-26T12:06:11.074819+00:00,scheduler,0,100,11167.9,11264.0,60,238.159
2026-06-26T12:06:11.074819+00:00,scheduler,1,0,665.9,11264.0,34,3.619
2026-06-26T12:06:16.083687+00:00,scheduler,0,100,11167.9,11264.0,60,247.177
2026-06-26T12:06:16.083687+00:00,scheduler,1,0,665.9,11264.0,34,3.664
2026-06-26T12:06:21.092559+00:00,scheduler,0,100,11167.9,11264.0,60,246.706
2026-06-26T12:06:21.092559+00:00,scheduler,1,0,665.9,11264.0,34,3.879
2026-06-26T12:06:26.103826+00:00,scheduler,0,100,11167.9,11264.0,60,256.242
2026-06-26T12:06:26.103826+00:00,scheduler,1,0,665.9,11264.0,33,3.741
2026-06-26T12:06:31.113104+00:00,scheduler,0,100,11167.9,11264.0,60,249.758
2026-06-26T12:06:31.113104+00:00,scheduler,1,0,665.9,11264.0,33,3.514
2026-06-26T12:06:36.124932+00:00,scheduler,0,100,11167.9,11264.0,60,254.662
2026-06-26T12:06:36.124932+00:00,scheduler,1,0,665.9,11264.0,33,3.517
2026-06-26T12:06:41.133769+00:00,scheduler,0,100,11167.9,11264.0,60,243.318
2026-06-26T12:06:41.133769+00:00,scheduler,1,0,665.9,11264.0,33,4.272
2026-06-26T12:06:46.144805+00:00,scheduler,0,100,11167.9,11264.0,60,246.86
2026-06-26T12:06:46.144805+00:00,scheduler,1,0,665.9,11264.0,33,3.551
2026-06-26T12:06:51.154267+00:00,scheduler,0,100,11167.9,11264.0,60,247.005
2026-06-26T12:06:51.154267+00:00,scheduler,1,0,665.9,11264.0,33,3.89
2026-06-26T12:06:56.163160+00:00,scheduler,0,100,11167.9,11264.0,60,237.65
2026-06-26T12:06:56.163160+00:00,scheduler,1,0,665.9,11264.0,33,3.508
2026-06-26T12:07:01.172168+00:00,scheduler,0,100,11167.9,11264.0,60,245.998
2026-06-26T12:07:01.172168+00:00,scheduler,1,0,665.9,11264.0,33,3.666
2026-06-26T12:07:06.181893+00:00,scheduler,0,100,11167.9,11264.0,60,255.288
2026-06-26T12:07:06.181893+00:00,scheduler,1,0,665.9,11264.0,33,3.622
2026-06-26T12:07:11.191033+00:00,scheduler,0,100,11167.9,11264.0,60,250.715
2026-06-26T12:07:11.191033+00:00,scheduler,1,0,665.9,11264.0,32,3.616
2026-06-26T12:07:16.200575+00:00,scheduler,0,100,11167.9,11264.0,60,248.012
2026-06-26T12:07:16.200575+00:00,scheduler,1,0,665.9,11264.0,32,3.038
2026-06-26T12:07:21.209415+00:00,scheduler,0,100,11167.9,11264.0,60,246.773
2026-06-26T12:07:21.209415+00:00,scheduler,1,0,665.9,11264.0,32,3.327
2026-06-26T12:07:26.218519+00:00,scheduler,0,100,11167.9,11264.0,60,237.98
2026-06-26T12:07:26.218519+00:00,scheduler,1,0,665.9,11264.0,32,2.983
2026-06-26T12:07:31.229322+00:00,scheduler,0,100,11167.9,11264.0,60,248.297
2026-06-26T12:07:31.229322+00:00,scheduler,1,0,665.9,11264.0,32,3.456
2026-06-26T12:07:36.241179+00:00,scheduler,0,100,11167.9,11264.0,60,245.852
2026-06-26T12:07:36.241179+00:00,scheduler,1,0,665.9,11264.0,32,3.224
2026-06-26T12:07:41.250155+00:00,scheduler,0,100,11167.9,11264.0,60,248.103
2026-06-26T12:07:41.250155+00:00,scheduler,1,0,665.9,11264.0,32,3.217
2026-06-26T12:07:46.259342+00:00,scheduler,0,100,11167.9,11264.0,60,247.69
2026-06-26T12:07:46.259342+00:00,scheduler,1,0,665.9,11264.0,32,3.191
2026-06-26T12:07:51.269149+00:00,scheduler,0,100,11167.9,11264.0,60,252.108
2026-06-26T12:07:51.269149+00:00,scheduler,1,0,665.9,11264.0,32,3.194
2026-06-26T12:07:56.278202+00:00,scheduler,0,100,11167.9,11264.0,60,241.254
2026-06-26T12:07:56.278202+00:00,scheduler,1,0,665.9,11264.0,32,2.98
2026-06-26T12:08:01.289862+00:00,scheduler,0,100,11167.9,11264.0,60,246.484
2026-06-26T12:08:01.289862+00:00,scheduler,1,0,665.9,11264.0,32,2.919
2026-06-26T12:08:06.299562+00:00,scheduler,0,100,11167.9,11264.0,60,245.646
2026-06-26T12:08:06.299562+00:00,scheduler,1,0,665.9,11264.0,32,2.974
2026-06-26T12:08:11.308805+00:00,scheduler,0,100,11167.9,11264.0,60,251.728
2026-06-26T12:08:11.308805+00:00,scheduler,1,0,665.9,11264.0,32,3.381
2026-06-26T12:08:16.317554+00:00,scheduler,0,100,11167.9,11264.0,60,242.363
2026-06-26T12:08:16.317554+00:00,scheduler,1,0,665.9,11264.0,32,3.076
2026-06-26T12:08:21.329156+00:00,scheduler,0,100,11167.9,11264.0,60,249.585
2026-06-26T12:08:21.329156+00:00,scheduler,1,0,665.9,11264.0,32,3.352
2026-06-26T12:08:26.339678+00:00,scheduler,0,100,11167.9,11264.0,60,243.586
2026-06-26T12:08:26.339678+00:00,scheduler,1,0,665.9,11264.0,31,2.513
2026-06-26T12:08:31.348590+00:00,scheduler,0,100,11167.9,11264.0,60,244.928
2026-06-26T12:08:31.348590+00:00,scheduler,1,0,665.9,11264.0,31,3.04
2026-06-26T12:08:36.357065+00:00,scheduler,0,100,11167.9,11264.0,60,245.055
2026-06-26T12:08:36.357065+00:00,scheduler,1,0,665.9,11264.0,31,3.965
2026-06-26T12:08:41.365853+00:00,scheduler,0,100,11167.9,11264.0,60,248.571
2026-06-26T12:08:41.365853+00:00,scheduler,1,0,665.9,11264.0,31,4.099
2026-06-26T12:08:46.374704+00:00,scheduler,0,100,11167.9,11264.0,60,245.691
2026-06-26T12:08:46.374704+00:00,scheduler,1,0,665.9,11264.0,31,3.073
2026-06-26T12:08:51.387282+00:00,scheduler,0,2,11167.9,11264.0,54,57.715
2026-06-26T12:08:51.387282+00:00,scheduler,1,0,665.9,11264.0,31,3.354
2026-06-26T12:08:56.398655+00:00,scheduler,0,2,11167.9,11264.0,52,57.383
2026-06-26T12:08:56.398655+00:00,scheduler,1,0,665.9,11264.0,31,2.852
2026-06-26T12:09:01.413750+00:00,scheduler,0,1,11167.9,11264.0,51,57.263
2026-06-26T12:09:01.413750+00:00,scheduler,1,0,665.9,11264.0,31,2.694
2026-06-26T12:09:06.429274+00:00,scheduler,0,1,11167.9,11264.0,50,56.989
2026-06-26T12:09:06.429274+00:00,scheduler,1,0,665.9,11264.0,31,3.229
2026-06-26T12:09:11.452764+00:00,scheduler,0,3,11167.9,11264.0,49,57.035
2026-06-26T12:09:11.452764+00:00,scheduler,1,0,665.9,11264.0,31,2.751
2026-06-26T12:09:16.465471+00:00,scheduler,0,2,11167.9,11264.0,48,56.739
2026-06-26T12:09:16.465471+00:00,scheduler,1,0,665.9,11264.0,31,3.107
2026-06-26T12:09:21.477342+00:00,scheduler,0,69,5223.9,11264.0,50,84.649
2026-06-26T12:09:21.477342+00:00,scheduler,1,0,665.9,11264.0,31,3.02
2026-06-26T12:09:26.486631+00:00,scheduler,0,0,1125.9,11264.0,48,56.539
2026-06-26T12:09:26.486631+00:00,scheduler,1,0,665.9,11264.0,31,2.838
2026-06-26T12:09:31.495549+00:00,scheduler,0,0,1125.9,11264.0,47,56.495
2026-06-26T12:09:31.495549+00:00,scheduler,1,0,665.9,11264.0,31,2.903
2026-06-26T12:09:36.504514+00:00,scheduler,0,0,1125.9,11264.0,47,56.105
2026-06-26T12:09:36.504514+00:00,scheduler,1,0,665.9,11264.0,31,2.742
2026-06-26T12:09:41.513364+00:00,scheduler,0,1,903.9,11264.0,44,6.654
2026-06-26T12:09:41.513364+00:00,scheduler,1,0,665.9,11264.0,31,3.187
2026-06-26T12:09:46.526291+00:00,scheduler,0,0,903.9,11264.0,43,3.718
2026-06-26T12:09:46.526291+00:00,scheduler,1,0,665.9,11264.0,31,3.009
2026-06-26T12:09:51.539132+00:00,scheduler,0,0,903.9,11264.0,42,3.844
2026-06-26T12:09:51.539132+00:00,scheduler,1,0,665.9,11264.0,31,3.221
2026-06-26T12:09:56.551604+00:00,scheduler,0,0,903.9,11264.0,41,3.675
2026-06-26T12:09:56.551604+00:00,scheduler,1,0,665.9,11264.0,31,2.807
2026-06-26T12:10:01.564115+00:00,scheduler,0,0,903.9,11264.0,41,8.522
2026-06-26T12:10:01.564115+00:00,scheduler,1,0,665.9,11264.0,31,3.067
2026-06-26T12:10:06.580198+00:00,scheduler,0,0,903.9,11264.0,40,4.143
2026-06-26T12:10:06.580198+00:00,scheduler,1,0,665.9,11264.0,31,2.601
2026-06-26T12:10:11.592927+00:00,scheduler,0,0,903.9,11264.0,39,3.204
2026-06-26T12:10:11.592927+00:00,scheduler,1,0,665.9,11264.0,31,2.966
2026-06-26T12:10:16.605608+00:00,scheduler,0,0,903.9,11264.0,39,3.555
2026-06-26T12:10:16.605608+00:00,scheduler,1,0,665.9,11264.0,31,2.776
2026-06-26T12:10:21.618050+00:00,scheduler,0,0,903.9,11264.0,39,3.082
2026-06-26T12:10:21.618050+00:00,scheduler,1,0,665.9,11264.0,31,3.34
2026-06-26T12:10:26.630600+00:00,scheduler,0,0,903.9,11264.0,38,3.392
2026-06-26T12:10:26.630600+00:00,scheduler,1,0,665.9,11264.0,31,2.414
2026-06-26T12:10:31.643057+00:00,scheduler,0,0,903.9,11264.0,38,3.165
2026-06-26T12:10:31.643057+00:00,scheduler,1,0,665.9,11264.0,31,3.208
2026-06-26T12:10:36.655717+00:00,scheduler,0,0,903.9,11264.0,38,3.364
2026-06-26T12:10:36.655717+00:00,scheduler,1,0,665.9,11264.0,31,2.522
2026-06-26T12:10:41.668565+00:00,scheduler,0,0,903.9,11264.0,37,3.382
2026-06-26T12:10:41.668565+00:00,scheduler,1,0,665.9,11264.0,31,2.984
2026-06-26T12:10:46.681153+00:00,scheduler,0,0,903.9,11264.0,37,2.927
2026-06-26T12:10:46.681153+00:00,scheduler,1,0,665.9,11264.0,31,2.738
2026-06-26T12:10:51.693718+00:00,scheduler,0,0,903.9,11264.0,37,2.776
2026-06-26T12:10:51.693718+00:00,scheduler,1,0,665.9,11264.0,31,2.48
2026-06-26T12:10:56.705887+00:00,scheduler,0,0,903.9,11264.0,37,3.076
2026-06-26T12:10:56.705887+00:00,scheduler,1,0,665.9,11264.0,31,2.726
2026-06-26T12:11:01.718015+00:00,scheduler,0,0,903.9,11264.0,37,3.003
2026-06-26T12:11:01.718015+00:00,scheduler,1,0,665.9,11264.0,31,2.878
2026-06-26T12:11:06.731270+00:00,scheduler,0,0,903.9,11264.0,37,2.828
2026-06-26T12:11:06.731270+00:00,scheduler,1,0,665.9,11264.0,31,2.946
2026-06-26T12:11:11.743462+00:00,scheduler,0,0,903.9,11264.0,36,3.301
2026-06-26T12:11:11.743462+00:00,scheduler,1,0,665.9,11264.0,31,2.856
2026-06-26T12:11:16.756698+00:00,scheduler,0,0,903.9,11264.0,36,2.524
2026-06-26T12:11:16.756698+00:00,scheduler,1,0,665.9,11264.0,30,3.138
2026-06-26T12:11:21.768863+00:00,scheduler,0,0,903.9,11264.0,36,3.081
2026-06-26T12:11:21.768863+00:00,scheduler,1,0,665.9,11264.0,31,2.92
2026-06-26T12:11:26.781029+00:00,scheduler,0,0,903.9,11264.0,36,2.908
2026-06-26T12:11:26.781029+00:00,scheduler,1,0,665.9,11264.0,31,3.126
2026-06-26T12:11:31.793188+00:00,scheduler,0,0,903.9,11264.0,36,3.209
2026-06-26T12:11:31.793188+00:00,scheduler,1,0,665.9,11264.0,30,2.925
2026-06-26T12:11:36.805405+00:00,scheduler,0,0,903.9,11264.0,36,2.863
2026-06-26T12:11:36.805405+00:00,scheduler,1,0,665.9,11264.0,31,3.501
2026-06-26T12:11:41.817702+00:00,scheduler,0,0,903.9,11264.0,36,3.219
2026-06-26T12:11:41.817702+00:00,scheduler,1,0,665.9,11264.0,31,2.968
2026-06-26T12:11:46.829896+00:00,scheduler,0,0,903.9,11264.0,36,2.835
2026-06-26T12:11:46.829896+00:00,scheduler,1,0,665.9,11264.0,31,3.433
2026-06-26T12:11:51.841956+00:00,scheduler,0,0,903.9,11264.0,35,3.343
2026-06-26T12:11:51.841956+00:00,scheduler,1,0,665.9,11264.0,30,2.752
2026-06-26T12:11:56.854292+00:00,scheduler,0,0,903.9,11264.0,35,2.711
2026-06-26T12:11:56.854292+00:00,scheduler,1,0,665.9,11264.0,31,2.879
2026-06-26T12:12:01.866595+00:00,scheduler,0,0,903.9,11264.0,35,2.657
2026-06-26T12:12:01.866595+00:00,scheduler,1,0,665.9,11264.0,30,2.79
2026-06-26T12:12:06.878863+00:00,scheduler,0,0,903.9,11264.0,35,3.3
2026-06-26T12:12:06.878863+00:00,scheduler,1,0,665.9,11264.0,31,2.979
2026-06-26T12:12:11.891171+00:00,scheduler,0,0,903.9,11264.0,35,3.101
2026-06-26T12:12:11.891171+00:00,scheduler,1,0,665.9,11264.0,30,2.648
2026-06-26T12:12:16.903663+00:00,scheduler,0,0,903.9,11264.0,35,2.632
2026-06-26T12:12:16.903663+00:00,scheduler,1,0,665.9,11264.0,30,2.559
2026-06-26T12:12:21.915986+00:00,scheduler,0,0,903.9,11264.0,35,3.132
2026-06-26T12:12:21.915986+00:00,scheduler,1,0,665.9,11264.0,30,3.105
2026-06-26T12:12:26.928472+00:00,scheduler,0,0,903.9,11264.0,35,2.845
2026-06-26T12:12:26.928472+00:00,scheduler,1,0,665.9,11264.0,31,2.776
2026-06-26T12:12:31.941020+00:00,scheduler,0,0,903.9,11264.0,35,2.766
2026-06-26T12:12:31.941020+00:00,scheduler,1,0,665.9,11264.0,30,2.946
2026-06-26T12:12:36.953110+00:00,scheduler,0,0,903.9,11264.0,35,2.98
2026-06-26T12:12:36.953110+00:00,scheduler,1,0,665.9,11264.0,30,2.794
2026-06-26T12:12:41.965485+00:00,scheduler,0,0,903.9,11264.0,35,2.717
2026-06-26T12:12:41.965485+00:00,scheduler,1,0,665.9,11264.0,30,2.437
2026-06-26T12:12:46.977533+00:00,scheduler,0,0,903.9,11264.0,34,3.161
2026-06-26T12:12:46.977533+00:00,scheduler,1,0,665.9,11264.0,31,2.88
2026-06-26T12:12:51.989973+00:00,scheduler,0,0,903.9,11264.0,35,2.794
2026-06-26T12:12:51.989973+00:00,scheduler,1,0,665.9,11264.0,30,2.695
2026-06-26T12:12:57.002574+00:00,scheduler,0,0,903.9,11264.0,35,3.277
2026-06-26T12:12:57.002574+00:00,scheduler,1,0,665.9,11264.0,30,2.325
2026-06-26T12:13:02.015049+00:00,scheduler,0,0,903.9,11264.0,34,3.167
2026-06-26T12:13:02.015049+00:00,scheduler,1,0,665.9,11264.0,30,2.908
2026-06-26T12:13:07.030667+00:00,scheduler,0,0,903.9,11264.0,34,2.873
2026-06-26T12:13:07.030667+00:00,scheduler,1,0,665.9,11264.0,30,2.519
2026-06-26T12:13:12.043090+00:00,scheduler,0,0,903.9,11264.0,34,3.311
2026-06-26T12:13:12.043090+00:00,scheduler,1,0,665.9,11264.0,30,2.889
2026-06-26T12:13:17.055534+00:00,scheduler,0,0,903.9,11264.0,34,2.946
2026-06-26T12:13:17.055534+00:00,scheduler,1,0,665.9,11264.0,30,2.566
2026-06-26T12:13:22.069692+00:00,scheduler,0,0,903.9,11264.0,34,2.879
2026-06-26T12:13:22.069692+00:00,scheduler,1,0,665.9,11264.0,30,3.077
2026-06-26T12:13:27.083784+00:00,scheduler,0,0,903.9,11264.0,34,2.889
2026-06-26T12:13:27.083784+00:00,scheduler,1,0,665.9,11264.0,30,2.503
2026-06-26T12:13:32.096220+00:00,scheduler,0,0,903.9,11264.0,34,2.904
2026-06-26T12:13:32.096220+00:00,scheduler,1,0,665.9,11264.0,30,2.767
2026-06-26T12:13:37.108362+00:00,scheduler,0,0,903.9,11264.0,34,2.792
2026-06-26T12:13:37.108362+00:00,scheduler,1,0,665.9,11264.0,30,2.592
2026-06-26T12:13:42.120856+00:00,scheduler,0,0,903.9,11264.0,34,3.014
2026-06-26T12:13:42.120856+00:00,scheduler,1,0,665.9,11264.0,30,2.89
2026-06-26T12:13:47.133030+00:00,scheduler,0,0,903.9,11264.0,34,3.401
2026-06-26T12:13:47.133030+00:00,scheduler,1,0,665.9,11264.0,30,2.707
2026-06-26T12:13:52.145021+00:00,scheduler,0,0,903.9,11264.0,34,2.422
2026-06-26T12:13:52.145021+00:00,scheduler,1,0,665.9,11264.0,30,2.523
2026-06-26T12:13:57.157231+00:00,scheduler,0,0,903.9,11264.0,34,3.143
2026-06-26T12:13:57.157231+00:00,scheduler,1,0,665.9,11264.0,30,2.486
2026-06-26T12:14:02.169069+00:00,scheduler,0,0,903.9,11264.0,34,2.851
2026-06-26T12:14:02.169069+00:00,scheduler,1,0,665.9,11264.0,30,2.625
2026-06-26T12:14:07.181072+00:00,scheduler,0,0,903.9,11264.0,34,2.876
2026-06-26T12:14:07.181072+00:00,scheduler,1,0,665.9,11264.0,30,2.784
2026-06-26T12:14:12.193290+00:00,scheduler,0,0,903.9,11264.0,34,2.656
2026-06-26T12:14:12.193290+00:00,scheduler,1,0,665.9,11264.0,30,2.456
2026-06-26T12:14:17.205338+00:00,scheduler,0,0,903.9,11264.0,34,2.774
2026-06-26T12:14:17.205338+00:00,scheduler,1,0,665.9,11264.0,30,3.012
2026-06-26T12:14:22.217753+00:00,scheduler,0,0,903.9,11264.0,34,2.463
2026-06-26T12:14:22.217753+00:00,scheduler,1,0,665.9,11264.0,30,2.669
2026-06-26T12:14:27.232062+00:00,scheduler,0,0,903.9,11264.0,34,2.74
2026-06-26T12:14:27.232062+00:00,scheduler,1,0,665.9,11264.0,30,3.063
2026-06-26T12:14:32.244356+00:00,scheduler,0,0,903.9,11264.0,34,2.54
2026-06-26T12:14:32.244356+00:00,scheduler,1,0,665.9,11264.0,30,2.837
2026-06-26T12:14:37.256551+00:00,scheduler,0,0,903.9,11264.0,34,2.618
2026-06-26T12:14:37.256551+00:00,scheduler,1,2,1407.9,11264.0,33,50.331
2026-06-26T12:14:42.272443+00:00,scheduler,0,0,903.9,11264.0,34,2.486
2026-06-26T12:14:42.272443+00:00,scheduler,1,1,1699.9,11264.0,34,50.836
2026-06-26T12:14:47.285560+00:00,scheduler,0,0,903.9,11264.0,34,2.366
2026-06-26T12:14:47.285560+00:00,scheduler,1,1,2523.9,11264.0,34,50.399
2026-06-26T12:14:52.296905+00:00,scheduler,0,0,903.9,11264.0,34,2.814
2026-06-26T12:14:52.296905+00:00,scheduler,1,2,3387.9,11264.0,35,50.511
2026-06-26T12:14:57.306747+00:00,scheduler,0,0,903.9,11264.0,34,2.356
2026-06-26T12:14:57.306747+00:00,scheduler,1,1,4231.9,11264.0,35,51.004
2026-06-26T12:15:02.317659+00:00,scheduler,0,0,903.9,11264.0,34,2.516
2026-06-26T12:15:02.317659+00:00,scheduler,1,1,5103.9,11264.0,36,51.143
2026-06-26T12:15:07.328854+00:00,scheduler,0,0,903.9,11264.0,33,2.386
2026-06-26T12:15:07.328854+00:00,scheduler,1,2,5899.9,11264.0,36,50.819
2026-06-26T12:15:12.342886+00:00,scheduler,0,0,903.9,11264.0,33,2.516
2026-06-26T12:15:12.342886+00:00,scheduler,1,1,6743.9,11264.0,36,51.44
2026-06-26T12:15:17.352395+00:00,scheduler,0,0,903.9,11264.0,33,2.359
2026-06-26T12:15:17.352395+00:00,scheduler,1,2,7839.9,11264.0,36,50.663
2026-06-26T12:15:22.362394+00:00,scheduler,0,0,903.9,11264.0,33,2.881
2026-06-26T12:15:22.362394+00:00,scheduler,1,95,8771.9,11264.0,41,72.333
2026-06-26T12:15:27.372516+00:00,scheduler,0,0,903.9,11264.0,33,2.342
2026-06-26T12:15:27.372516+00:00,scheduler,1,0,8771.9,11264.0,38,51.385
2026-06-26T12:15:32.383365+00:00,scheduler,0,0,903.9,11264.0,33,2.867
2026-06-26T12:15:32.383365+00:00,scheduler,1,0,8771.9,11264.0,38,51.824
2026-06-26T12:15:37.395528+00:00,scheduler,0,0,903.9,11264.0,33,2.692
2026-06-26T12:15:37.395528+00:00,scheduler,1,1,8771.9,11264.0,38,51.495
2026-06-26T12:15:42.413189+00:00,scheduler,0,0,903.9,11264.0,33,2.609
2026-06-26T12:15:42.413189+00:00,scheduler,1,2,8771.9,11264.0,38,51.719
2026-06-26T12:15:47.426068+00:00,scheduler,0,0,903.9,11264.0,33,2.752
2026-06-26T12:15:47.426068+00:00,scheduler,1,2,8771.9,11264.0,38,51.625
2026-06-26T12:15:52.444578+00:00,scheduler,0,0,903.9,11264.0,33,2.695
2026-06-26T12:15:52.444578+00:00,scheduler,1,0,8771.9,11264.0,38,51.497
2026-06-26T12:15:57.453607+00:00,scheduler,0,0,903.9,11264.0,33,2.539
2026-06-26T12:15:57.453607+00:00,scheduler,1,2,8771.9,11264.0,39,51.76
2026-06-26T12:16:02.463153+00:00,scheduler,0,0,903.9,11264.0,33,2.437
2026-06-26T12:16:02.463153+00:00,scheduler,1,2,8771.9,11264.0,39,51.434
2026-06-26T12:16:07.472176+00:00,scheduler,0,0,903.9,11264.0,33,2.918
2026-06-26T12:16:07.472176+00:00,scheduler,1,2,1593.9,11264.0,39,51.635
2026-06-26T12:16:12.485132+00:00,scheduler,0,0,903.9,11264.0,33,3.01
2026-06-26T12:16:12.485132+00:00,scheduler,1,2,2493.9,11264.0,39,51.284
2026-06-26T12:16:17.499301+00:00,scheduler,0,0,903.9,11264.0,33,3.352
2026-06-26T12:16:17.499301+00:00,scheduler,1,1,3267.9,11264.0,39,51.837
2026-06-26T12:16:22.521334+00:00,scheduler,0,0,903.9,11264.0,33,3.026
2026-06-26T12:16:22.521334+00:00,scheduler,1,1,4059.9,11264.0,39,51.564
2026-06-26T12:16:27.530133+00:00,scheduler,0,0,903.9,11264.0,33,3.814
2026-06-26T12:16:27.530133+00:00,scheduler,1,1,4833.9,11264.0,39,51.536
2026-06-26T12:16:32.538886+00:00,scheduler,0,0,903.9,11264.0,33,2.977
2026-06-26T12:16:32.538886+00:00,scheduler,1,1,5697.9,11264.0,39,51.666
2026-06-26T12:16:37.553345+00:00,scheduler,0,0,903.9,11264.0,33,3.206
2026-06-26T12:16:37.553345+00:00,scheduler,1,1,6471.9,11264.0,39,51.958
2026-06-26T12:16:42.566708+00:00,scheduler,0,0,903.9,11264.0,33,3.048
2026-06-26T12:16:42.566708+00:00,scheduler,1,1,7101.9,11264.0,39,52.01
2026-06-26T12:16:47.579351+00:00,scheduler,0,0,903.9,11264.0,33,3.286
2026-06-26T12:16:47.579351+00:00,scheduler,1,1,7803.9,11264.0,40,52.025
2026-06-26T12:16:52.589917+00:00,scheduler,0,0,903.9,11264.0,33,3.993
2026-06-26T12:16:52.589917+00:00,scheduler,1,100,10927.9,11264.0,46,245.268
2026-06-26T12:16:57.598745+00:00,scheduler,0,0,903.9,11264.0,33,3.494
2026-06-26T12:16:57.598745+00:00,scheduler,1,100,10927.9,11264.0,48,245.906
2026-06-26T12:17:02.608327+00:00,scheduler,0,0,903.9,11264.0,33,3.501
2026-06-26T12:17:02.608327+00:00,scheduler,1,100,10929.9,11264.0,49,245.518
2026-06-26T12:17:07.617159+00:00,scheduler,0,0,903.9,11264.0,33,3.616
2026-06-26T12:17:07.617159+00:00,scheduler,1,100,10929.9,11264.0,51,252.74
2026-06-26T12:17:12.626066+00:00,scheduler,0,0,903.9,11264.0,33,3.516
2026-06-26T12:17:12.626066+00:00,scheduler,1,100,10929.9,11264.0,52,239.375
2026-06-26T12:17:17.634738+00:00,scheduler,0,0,903.9,11264.0,33,3.093
2026-06-26T12:17:17.634738+00:00,scheduler,1,100,10929.9,11264.0,53,239.068
2026-06-26T12:17:22.644940+00:00,scheduler,0,0,903.9,11264.0,33,3.717
2026-06-26T12:17:22.644940+00:00,scheduler,1,100,10929.9,11264.0,53,248.822
2026-06-26T12:17:27.656714+00:00,scheduler,0,0,903.9,11264.0,33,3.107
2026-06-26T12:17:27.656714+00:00,scheduler,1,100,10929.9,11264.0,54,248.894
2026-06-26T12:17:32.667289+00:00,scheduler,0,0,903.9,11264.0,33,3.655
2026-06-26T12:17:32.667289+00:00,scheduler,1,100,10929.9,11264.0,55,255.084
2026-06-26T12:17:37.678905+00:00,scheduler,0,0,903.9,11264.0,33,3.33
2026-06-26T12:17:37.678905+00:00,scheduler,1,100,10929.9,11264.0,55,251.771
2026-06-26T12:17:42.692551+00:00,scheduler,0,0,903.9,11264.0,33,3.647
2026-06-26T12:17:42.692551+00:00,scheduler,1,100,10929.9,11264.0,56,246.803
2026-06-26T12:17:47.701465+00:00,scheduler,0,0,903.9,11264.0,33,3.047
2026-06-26T12:17:47.701465+00:00,scheduler,1,100,10929.9,11264.0,56,245.609
2026-06-26T12:17:52.711763+00:00,scheduler,0,0,903.9,11264.0,33,3.649
2026-06-26T12:17:52.711763+00:00,scheduler,1,100,10929.9,11264.0,57,250.404
2026-06-26T12:17:57.725020+00:00,scheduler,0,0,903.9,11264.0,33,3.525
2026-06-26T12:17:57.725020+00:00,scheduler,1,100,10929.9,11264.0,57,242.257
2026-06-26T12:18:02.735340+00:00,scheduler,0,0,903.9,11264.0,33,3.528
2026-06-26T12:18:02.735340+00:00,scheduler,1,100,10929.9,11264.0,57,254.868
2026-06-26T12:18:07.745591+00:00,scheduler,0,0,903.9,11264.0,33,3.172
2026-06-26T12:18:07.745591+00:00,scheduler,1,100,10929.9,11264.0,58,244.979
2026-06-26T12:18:12.757928+00:00,scheduler,0,0,903.9,11264.0,33,3.207
2026-06-26T12:18:12.757928+00:00,scheduler,1,100,10929.9,11264.0,57,248.477
2026-06-26T12:18:17.767997+00:00,scheduler,0,0,903.9,11264.0,33,3.672
2026-06-26T12:18:17.767997+00:00,scheduler,1,100,10929.9,11264.0,58,250.998
2026-06-26T12:18:22.779017+00:00,scheduler,0,0,903.9,11264.0,33,3.404
2026-06-26T12:18:22.779017+00:00,scheduler,1,100,10929.9,11264.0,58,238.964
2026-06-26T12:18:27.787841+00:00,scheduler,0,0,903.9,11264.0,33,2.878
2026-06-26T12:18:27.787841+00:00,scheduler,1,100,10929.9,11264.0,58,252.728
2026-06-26T12:18:32.796892+00:00,scheduler,0,0,903.9,11264.0,33,3.256
2026-06-26T12:18:32.796892+00:00,scheduler,1,100,10929.9,11264.0,58,241.046
2026-06-26T12:18:37.805743+00:00,scheduler,0,0,903.9,11264.0,33,3.594
2026-06-26T12:18:37.805743+00:00,scheduler,1,100,10929.9,11264.0,58,248.398
2026-06-26T12:18:42.814688+00:00,scheduler,0,0,903.9,11264.0,33,3.5
2026-06-26T12:18:42.814688+00:00,scheduler,1,100,10929.9,11264.0,58,247.471
2026-06-26T12:18:47.823494+00:00,scheduler,0,21,5089.9,11264.0,36,52.541
2026-06-26T12:18:47.823494+00:00,scheduler,1,100,10929.9,11264.0,58,250.166
2026-06-26T12:18:52.829177+00:00,scheduler,0,27,9009.9,11264.0,40,75.088
2026-06-26T12:18:52.829177+00:00,scheduler,1,100,10929.9,11264.0,58,252.675
2026-06-26T12:18:57.839878+00:00,scheduler,0,0,9009.9,11264.0,38,53.685
2026-06-26T12:18:57.839878+00:00,scheduler,1,100,10929.9,11264.0,58,243.44
2026-06-26T12:19:02.846232+00:00,scheduler,0,1,9009.9,11264.0,38,53.757
2026-06-26T12:19:02.846232+00:00,scheduler,1,1,10929.9,11264.0,52,55.956
2026-06-26T12:19:07.857196+00:00,scheduler,0,1,9009.9,11264.0,39,53.501
2026-06-26T12:19:07.857196+00:00,scheduler,1,1,10929.9,11264.0,50,55.38
2026-06-26T12:19:12.863578+00:00,scheduler,0,2,9009.9,11264.0,39,53.595
2026-06-26T12:19:12.863578+00:00,scheduler,1,1,10929.9,11264.0,48,55.199
2026-06-26T12:19:17.872910+00:00,scheduler,0,1,9009.9,11264.0,39,53.277
2026-06-26T12:19:17.872910+00:00,scheduler,1,2,10929.9,11264.0,47,54.565
2026-06-26T12:19:22.880339+00:00,scheduler,0,1,9009.9,11264.0,39,53.45
2026-06-26T12:19:22.880339+00:00,scheduler,1,1,10929.9,11264.0,46,54.542
2026-06-26T12:19:27.888909+00:00,scheduler,0,1,9009.9,11264.0,39,53.42
2026-06-26T12:19:27.888909+00:00,scheduler,1,2,10929.9,11264.0,46,53.518
2026-06-26T12:19:32.894285+00:00,scheduler,0,1,9009.9,11264.0,40,53.875
2026-06-26T12:19:32.894285+00:00,scheduler,1,1,10929.9,11264.0,45,53.728
2026-06-26T12:19:37.909842+00:00,scheduler,0,1,9009.9,11264.0,40,54.026
2026-06-26T12:19:37.909842+00:00,scheduler,1,1,10929.9,11264.0,44,53.49
2026-06-26T12:19:42.917979+00:00,scheduler,0,33,11165.9,11264.0,44,185.386
2026-06-26T12:19:42.917979+00:00,scheduler,1,79,4985.9,11264.0,50,248.661
2026-06-26T12:19:47.926869+00:00,scheduler,0,100,11165.9,11264.0,49,245.581
2026-06-26T12:19:47.926869+00:00,scheduler,1,0,4985.9,11264.0,44,53.601
2026-06-26T12:19:52.932181+00:00,scheduler,0,100,11167.9,11264.0,50,245.818
2026-06-26T12:19:52.932181+00:00,scheduler,1,0,885.9,11264.0,44,53.338
2026-06-26T12:19:57.938971+00:00,scheduler,0,100,11167.9,11264.0,51,242.383
2026-06-26T12:19:57.938971+00:00,scheduler,1,0,885.9,11264.0,43,52.97
2026-06-26T12:20:02.945782+00:00,scheduler,0,100,11167.9,11264.0,52,247.496
2026-06-26T12:20:02.945782+00:00,scheduler,1,0,665.9,11264.0,43,53.409
2026-06-26T12:20:07.952437+00:00,scheduler,0,100,11167.9,11264.0,53,245.985
2026-06-26T12:20:07.952437+00:00,scheduler,1,0,665.9,11264.0,41,6.52
2026-06-26T12:20:12.961473+00:00,scheduler,0,100,11167.9,11264.0,54,250.818
2026-06-26T12:20:12.961473+00:00,scheduler,1,0,665.9,11264.0,39,3.822
2026-06-26T12:20:17.974072+00:00,scheduler,0,100,11167.9,11264.0,55,240.202
2026-06-26T12:20:17.974072+00:00,scheduler,1,0,665.9,11264.0,38,3.936
2026-06-26T12:20:22.982772+00:00,scheduler,0,100,11167.9,11264.0,56,248.461
2026-06-26T12:20:22.982772+00:00,scheduler,1,0,665.9,11264.0,38,3.943
2026-06-26T12:20:27.991595+00:00,scheduler,0,100,11167.9,11264.0,57,246.158
2026-06-26T12:20:27.991595+00:00,scheduler,1,0,665.9,11264.0,37,8.846
2026-06-26T12:20:33.000368+00:00,scheduler,0,100,11167.9,11264.0,57,249.431
2026-06-26T12:20:33.000368+00:00,scheduler,1,0,665.9,11264.0,37,3.957
2026-06-26T12:20:38.012403+00:00,scheduler,0,100,11167.9,11264.0,58,246.115
2026-06-26T12:20:38.012403+00:00,scheduler,1,0,665.9,11264.0,36,3.761
2026-06-26T12:20:43.021290+00:00,scheduler,0,100,11167.9,11264.0,59,240.578
2026-06-26T12:20:43.021290+00:00,scheduler,1,0,665.9,11264.0,36,3.938
2026-06-26T12:20:48.029980+00:00,scheduler,0,100,11167.9,11264.0,59,241.316
2026-06-26T12:20:48.029980+00:00,scheduler,1,0,665.9,11264.0,36,3.332
2026-06-26T12:20:53.039723+00:00,scheduler,0,100,11167.9,11264.0,59,249.537
2026-06-26T12:20:53.039723+00:00,scheduler,1,0,665.9,11264.0,35,3.29
2026-06-26T12:20:58.050357+00:00,scheduler,0,100,11167.9,11264.0,59,245.823
2026-06-26T12:20:58.050357+00:00,scheduler,1,0,665.9,11264.0,35,2.903
2026-06-26T12:21:03.065239+00:00,scheduler,0,100,11167.9,11264.0,60,242.876
2026-06-26T12:21:03.065239+00:00,scheduler,1,0,665.9,11264.0,35,3.47
2026-06-26T12:21:08.076248+00:00,scheduler,0,100,11167.9,11264.0,60,247.347
2026-06-26T12:21:08.076248+00:00,scheduler,1,0,665.9,11264.0,35,3.355
2026-06-26T12:21:13.086070+00:00,scheduler,0,100,11167.9,11264.0,60,245.685
2026-06-26T12:21:13.086070+00:00,scheduler,1,0,665.9,11264.0,34,3.103
2026-06-26T12:21:18.094980+00:00,scheduler,0,100,11167.9,11264.0,60,253.911
2026-06-26T12:21:18.094980+00:00,scheduler,1,0,665.9,11264.0,34,3.048
2026-06-26T12:21:23.107983+00:00,scheduler,0,100,11167.9,11264.0,60,245.16
2026-06-26T12:21:23.107983+00:00,scheduler,1,0,665.9,11264.0,34,3.283
2026-06-26T12:21:28.117293+00:00,scheduler,0,100,11167.9,11264.0,60,239.128
2026-06-26T12:21:28.117293+00:00,scheduler,1,0,665.9,11264.0,34,3.836
2026-06-26T12:21:33.127072+00:00,scheduler,0,100,11167.9,11264.0,60,254.267
2026-06-26T12:21:33.127072+00:00,scheduler,1,0,665.9,11264.0,34,2.709
2026-06-26T12:21:38.135898+00:00,scheduler,0,100,11167.9,11264.0,60,243.858
2026-06-26T12:21:38.135898+00:00,scheduler,1,0,665.9,11264.0,34,3.543
2026-06-26T12:21:43.144721+00:00,scheduler,0,100,11167.9,11264.0,60,248.427
2026-06-26T12:21:43.144721+00:00,scheduler,1,0,665.9,11264.0,33,2.797
2026-06-26T12:21:48.153809+00:00,scheduler,0,100,11167.9,11264.0,60,248.835
2026-06-26T12:21:48.153809+00:00,scheduler,1,0,665.9,11264.0,33,3.605
2026-06-26T12:21:53.162867+00:00,scheduler,0,9,11167.9,11264.0,54,57.686
2026-06-26T12:21:53.162867+00:00,scheduler,1,0,665.9,11264.0,33,2.771
2026-06-26T12:21:58.171557+00:00,scheduler,0,9,1719.9,11264.0,55,84.969
2026-06-26T12:21:58.171557+00:00,scheduler,1,0,665.9,11264.0,33,3.103
2026-06-26T12:22:03.180998+00:00,scheduler,0,1,5223.9,11264.0,52,57.101
2026-06-26T12:22:03.180998+00:00,scheduler,1,0,665.9,11264.0,33,2.718
2026-06-26T12:22:08.189854+00:00,scheduler,0,0,1123.9,11264.0,50,56.824
2026-06-26T12:22:08.189854+00:00,scheduler,1,0,665.9,11264.0,33,2.741
2026-06-26T12:22:13.199183+00:00,scheduler,0,0,1123.9,11264.0,49,56.771
2026-06-26T12:22:13.199183+00:00,scheduler,1,0,665.9,11264.0,33,2.606
2026-06-26T12:22:18.208049+00:00,scheduler,0,0,1123.9,11264.0,49,56.588
2026-06-26T12:22:18.208049+00:00,scheduler,1,0,665.9,11264.0,33,3.08
2026-06-26T12:22:23.216725+00:00,scheduler,0,0,1123.9,11264.0,46,4.56
2026-06-26T12:22:23.216725+00:00,scheduler,1,0,665.9,11264.0,32,2.807
2026-06-26T12:22:28.229364+00:00,scheduler,0,0,903.9,11264.0,45,4.16
2026-06-26T12:22:28.229364+00:00,scheduler,1,0,665.9,11264.0,32,2.504
2026-06-26T12:22:33.242590+00:00,scheduler,0,0,903.9,11264.0,44,3.99
2026-06-26T12:22:33.242590+00:00,scheduler,1,0,665.9,11264.0,32,2.758
2026-06-26T12:22:38.254851+00:00,scheduler,0,0,903.9,11264.0,43,3.326
2026-06-26T12:22:38.254851+00:00,scheduler,1,0,665.9,11264.0,32,2.67
2026-06-26T12:22:43.267056+00:00,scheduler,0,0,903.9,11264.0,42,3.559
2026-06-26T12:22:43.267056+00:00,scheduler,1,0,665.9,11264.0,32,2.739
2026-06-26T12:22:48.279283+00:00,scheduler,0,0,903.9,11264.0,41,3.887
2026-06-26T12:22:48.279283+00:00,scheduler,1,0,665.9,11264.0,32,2.494
2026-06-26T12:22:53.291478+00:00,scheduler,0,0,903.9,11264.0,41,3.799
2026-06-26T12:22:53.291478+00:00,scheduler,1,0,665.9,11264.0,32,2.777
2026-06-26T12:22:58.303823+00:00,scheduler,0,0,903.9,11264.0,40,3.169
2026-06-26T12:22:58.303823+00:00,scheduler,1,0,665.9,11264.0,32,2.152
2026-06-26T12:23:03.315994+00:00,scheduler,0,0,903.9,11264.0,40,3.212
2026-06-26T12:23:03.315994+00:00,scheduler,1,0,665.9,11264.0,32,2.981
2026-06-26T12:23:08.328487+00:00,scheduler,0,0,903.9,11264.0,39,3.208
2026-06-26T12:23:08.328487+00:00,scheduler,1,0,665.9,11264.0,32,2.502
2026-06-26T12:23:13.340775+00:00,scheduler,0,0,903.9,11264.0,39,3.7
2026-06-26T12:23:13.340775+00:00,scheduler,1,0,665.9,11264.0,32,2.928
2026-06-26T12:23:18.353248+00:00,scheduler,0,0,903.9,11264.0,38,3.702
2026-06-26T12:23:18.353248+00:00,scheduler,1,0,665.9,11264.0,32,2.374
2026-06-26T12:23:23.365691+00:00,scheduler,0,0,903.9,11264.0,38,3.607
2026-06-26T12:23:23.365691+00:00,scheduler,1,0,665.9,11264.0,32,2.657
2026-06-26T12:23:28.378197+00:00,scheduler,0,0,903.9,11264.0,38,3.952
2026-06-26T12:23:28.378197+00:00,scheduler,1,0,665.9,11264.0,32,2.237
2026-06-26T12:23:33.390672+00:00,scheduler,0,0,903.9,11264.0,38,3.598
2026-06-26T12:23:33.390672+00:00,scheduler,1,0,665.9,11264.0,32,2.342
2026-06-26T12:23:38.402990+00:00,scheduler,0,0,903.9,11264.0,37,3.847
2026-06-26T12:23:38.402990+00:00,scheduler,1,0,665.9,11264.0,32,2.57
2026-06-26T12:23:43.415496+00:00,scheduler,0,0,903.9,11264.0,37,3.432
2026-06-26T12:23:43.415496+00:00,scheduler,1,0,665.9,11264.0,31,2.47
2026-06-26T12:23:48.427924+00:00,scheduler,0,0,903.9,11264.0,37,3.809
2026-06-26T12:23:48.427924+00:00,scheduler,1,0,665.9,11264.0,31,2.456
2026-06-26T12:23:53.440333+00:00,scheduler,0,0,903.9,11264.0,37,3.455
2026-06-26T12:23:53.440333+00:00,scheduler,1,0,665.9,11264.0,31,2.35
2026-06-26T12:23:58.452584+00:00,scheduler,0,0,903.9,11264.0,37,3.09
2026-06-26T12:23:58.452584+00:00,scheduler,1,0,665.9,11264.0,31,2.717
2026-06-26T12:24:03.464974+00:00,scheduler,0,0,903.9,11264.0,36,3.259
2026-06-26T12:24:03.464974+00:00,scheduler,1,3,1407.9,11264.0,34,50.576
2026-06-26T12:24:08.475407+00:00,scheduler,0,0,903.9,11264.0,36,3.071
2026-06-26T12:24:08.475407+00:00,scheduler,1,2,3067.9,11264.0,35,50.519
2026-06-26T12:24:13.484540+00:00,scheduler,0,0,903.9,11264.0,36,2.882
2026-06-26T12:24:13.484540+00:00,scheduler,1,4,4899.9,11264.0,35,50.729
2026-06-26T12:24:18.493626+00:00,scheduler,0,0,903.9,11264.0,36,2.966
2026-06-26T12:24:18.493626+00:00,scheduler,1,3,6743.9,11264.0,36,51.225
2026-06-26T12:24:23.502382+00:00,scheduler,0,0,903.9,11264.0,36,2.885
2026-06-26T12:24:23.502382+00:00,scheduler,1,2,8295.9,11264.0,36,51.172
2026-06-26T12:24:28.512622+00:00,scheduler,0,0,903.9,11264.0,36,2.917
2026-06-26T12:24:28.512622+00:00,scheduler,1,1,8771.9,11264.0,38,51.611
2026-06-26T12:24:33.526309+00:00,scheduler,0,0,903.9,11264.0,36,2.965
2026-06-26T12:24:33.526309+00:00,scheduler,1,1,8771.9,11264.0,37,51.342
2026-06-26T12:24:38.536287+00:00,scheduler,0,0,903.9,11264.0,36,3.036
2026-06-26T12:24:38.536287+00:00,scheduler,1,3,8771.9,11264.0,37,51.59
2026-06-26T12:24:43.736526+00:00,scheduler,0,0,903.9,11264.0,35,3.392
2026-06-26T12:24:43.736526+00:00,scheduler,1,2,8771.9,11264.0,38,51.232
2026-06-26T12:24:48.746734+00:00,scheduler,0,0,903.9,11264.0,35,2.415
2026-06-26T12:24:48.746734+00:00,scheduler,1,2,8771.9,11264.0,38,51.523
2026-06-26T12:24:53.759402+00:00,scheduler,0,1,1645.9,11264.0,38,52.1
2026-06-26T12:24:53.759402+00:00,scheduler,1,2,8771.9,11264.0,38,51.227
2026-06-26T12:24:58.773692+00:00,scheduler,0,1,1645.9,11264.0,39,53.05
2026-06-26T12:24:58.773692+00:00,scheduler,1,1,8771.9,11264.0,38,51.246
2026-06-26T12:25:03.785261+00:00,scheduler,0,1,2093.9,11264.0,39,53.049
2026-06-26T12:25:03.785261+00:00,scheduler,1,1,8771.9,11264.0,38,51.707
2026-06-26T12:25:08.855291+00:00,scheduler,0,1,2625.9,11264.0,40,53.005
2026-06-26T12:25:08.855291+00:00,scheduler,1,1,8771.9,11264.0,38,51.34
2026-06-26T12:25:13.863968+00:00,scheduler,0,1,3149.9,11264.0,40,53.207
2026-06-26T12:25:13.863968+00:00,scheduler,1,1,1233.9,11264.0,39,51.7
2026-06-26T12:25:18.869635+00:00,scheduler,0,1,3741.9,11264.0,40,53.321
2026-06-26T12:25:18.869635+00:00,scheduler,1,1,1809.9,11264.0,39,51.562
2026-06-26T12:25:23.879158+00:00,scheduler,0,1,4129.9,11264.0,40,53.348
2026-06-26T12:25:23.879158+00:00,scheduler,1,1,2277.9,11264.0,39,51.578
2026-06-26T12:25:28.884896+00:00,scheduler,0,1,4565.9,11264.0,40,53.327
2026-06-26T12:25:28.884896+00:00,scheduler,1,1,2637.9,11264.0,39,51.377
2026-06-26T12:25:33.896190+00:00,scheduler,0,59,9009.9,11264.0,46,213.029
2026-06-26T12:25:33.896190+00:00,scheduler,1,2,3429.9,11264.0,39,51.547
2026-06-26T12:25:38.904957+00:00,scheduler,0,2,9009.9,11264.0,42,54.496
2026-06-26T12:25:38.904957+00:00,scheduler,1,1,4131.9,11264.0,39,51.959
2026-06-26T12:25:43.910607+00:00,scheduler,0,1,9009.9,11264.0,42,54.438
2026-06-26T12:25:43.910607+00:00,scheduler,1,1,4761.9,11264.0,39,51.54
2026-06-26T12:25:48.920857+00:00,scheduler,0,2,9009.9,11264.0,42,54.156
2026-06-26T12:25:48.920857+00:00,scheduler,1,1,5229.9,11264.0,39,51.562
2026-06-26T12:25:53.935529+00:00,scheduler,0,1,9009.9,11264.0,42,53.952
2026-06-26T12:25:53.935529+00:00,scheduler,1,1,5697.9,11264.0,39,51.662
2026-06-26T12:25:58.941042+00:00,scheduler,0,1,9009.9,11264.0,42,54.342
2026-06-26T12:25:58.941042+00:00,scheduler,1,1,6165.9,11264.0,39,51.826
2026-06-26T12:26:03.955385+00:00,scheduler,0,1,9009.9,11264.0,42,54.906
2026-06-26T12:26:03.955385+00:00,scheduler,1,1,6633.9,11264.0,39,51.758
2026-06-26T12:26:08.960779+00:00,scheduler,0,1,9009.9,11264.0,42,54.934
2026-06-26T12:26:08.960779+00:00,scheduler,1,1,7101.9,11264.0,40,51.852
2026-06-26T12:26:13.971680+00:00,scheduler,0,1,9009.9,11264.0,42,54.462
2026-06-26T12:26:13.971680+00:00,scheduler,1,1,7407.9,11264.0,40,51.995
2026-06-26T12:26:18.983263+00:00,scheduler,0,29,5305.9,11264.0,44,77.775
2026-06-26T12:26:18.983263+00:00,scheduler,1,100,10927.9,11264.0,46,251.405
2026-06-26T12:26:23.992053+00:00,scheduler,0,100,11165.9,11264.0,50,249.457
2026-06-26T12:26:23.992053+00:00,scheduler,1,100,10927.9,11264.0,48,239.609
2026-06-26T12:26:28.998784+00:00,scheduler,0,100,11165.9,11264.0,51,256.325
2026-06-26T12:26:28.998784+00:00,scheduler,1,100,10929.9,11264.0,49,254.228
2026-06-26T12:26:34.004980+00:00,scheduler,0,100,11167.9,11264.0,52,248.905
2026-06-26T12:26:34.004980+00:00,scheduler,1,100,10929.9,11264.0,50,255.086
2026-06-26T12:26:39.013215+00:00,scheduler,0,100,11167.9,11264.0,53,246.687
2026-06-26T12:26:39.013215+00:00,scheduler,1,100,10929.9,11264.0,51,256.202
2026-06-26T12:26:44.023464+00:00,scheduler,0,100,11167.9,11264.0,54,246.876
2026-06-26T12:26:44.023464+00:00,scheduler,1,100,10929.9,11264.0,52,249.813
2026-06-26T12:26:49.028763+00:00,scheduler,0,100,11167.9,11264.0,55,248.285
2026-06-26T12:26:49.028763+00:00,scheduler,1,100,10929.9,11264.0,53,254.041
2026-06-26T12:26:54.035044+00:00,scheduler,0,100,11167.9,11264.0,56,253.917
2026-06-26T12:26:54.035044+00:00,scheduler,1,100,10929.9,11264.0,54,240.854
2026-06-26T12:26:59.040541+00:00,scheduler,0,100,11167.9,11264.0,57,249.283
2026-06-26T12:26:59.040541+00:00,scheduler,1,100,10929.9,11264.0,55,249.921
2026-06-26T12:27:04.046889+00:00,scheduler,0,100,11167.9,11264.0,58,240.292
2026-06-26T12:27:04.046889+00:00,scheduler,1,100,10929.9,11264.0,55,249.39
2026-06-26T12:27:09.058377+00:00,scheduler,0,100,11167.9,11264.0,58,237.373
2026-06-26T12:27:09.058377+00:00,scheduler,1,100,10929.9,11264.0,56,252.047
2026-06-26T12:27:14.063798+00:00,scheduler,0,100,11167.9,11264.0,58,246.497
2026-06-26T12:27:14.063798+00:00,scheduler,1,100,10929.9,11264.0,56,253.873
2026-06-26T12:27:19.069692+00:00,scheduler,0,100,11167.9,11264.0,59,235.809
2026-06-26T12:27:19.069692+00:00,scheduler,1,100,10929.9,11264.0,57,237.681
2026-06-26T12:27:24.076755+00:00,scheduler,0,100,11167.9,11264.0,59,246.547
2026-06-26T12:27:24.076755+00:00,scheduler,1,100,10929.9,11264.0,57,247.81
2026-06-26T12:27:29.084593+00:00,scheduler,0,100,11167.9,11264.0,59,246.652
2026-06-26T12:27:29.084593+00:00,scheduler,1,100,10929.9,11264.0,57,245.482
2026-06-26T12:27:34.090061+00:00,scheduler,0,100,11167.9,11264.0,59,242.033
2026-06-26T12:27:34.090061+00:00,scheduler,1,100,10929.9,11264.0,57,244.296
2026-06-26T12:27:39.097260+00:00,scheduler,0,100,11167.9,11264.0,60,253.215
2026-06-26T12:27:39.097260+00:00,scheduler,1,100,10929.9,11264.0,57,253.649
2026-06-26T12:27:44.105062+00:00,scheduler,0,100,11167.9,11264.0,60,236.382
2026-06-26T12:27:44.105062+00:00,scheduler,1,100,10929.9,11264.0,57,255.622
2026-06-26T12:27:49.112170+00:00,scheduler,0,100,11167.9,11264.0,60,244.904
2026-06-26T12:27:49.112170+00:00,scheduler,1,100,10929.9,11264.0,57,246.027
2026-06-26T12:27:54.119825+00:00,scheduler,0,100,11167.9,11264.0,60,254.207
2026-06-26T12:27:54.119825+00:00,scheduler,1,100,10929.9,11264.0,57,239.863
2026-06-26T12:27:59.126038+00:00,scheduler,0,100,11167.9,11264.0,60,239.35
2026-06-26T12:27:59.126038+00:00,scheduler,1,100,10929.9,11264.0,57,246.983
2026-06-26T12:28:04.131680+00:00,scheduler,0,100,11167.9,11264.0,60,248.47
2026-06-26T12:28:04.131680+00:00,scheduler,1,100,10929.9,11264.0,57,255.853
2026-06-26T12:28:09.139360+00:00,scheduler,0,100,11167.9,11264.0,60,240.967
2026-06-26T12:28:09.139360+00:00,scheduler,1,100,10929.9,11264.0,57,246.686
2026-06-26T12:28:14.151330+00:00,scheduler,0,100,11167.9,11264.0,60,248.352
2026-06-26T12:28:14.151330+00:00,scheduler,1,100,10929.9,11264.0,57,246.159
2026-06-26T12:28:19.159415+00:00,scheduler,0,100,11167.9,11264.0,60,248.386
2026-06-26T12:28:19.159415+00:00,scheduler,1,100,10929.9,11264.0,58,240.199
2026-06-26T12:28:24.164928+00:00,scheduler,0,100,11167.9,11264.0,60,246.66
2026-06-26T12:28:24.164928+00:00,scheduler,1,100,10929.9,11264.0,57,248.333
2026-06-26T12:28:29.170413+00:00,scheduler,0,100,11167.9,11264.0,60,244.219
2026-06-26T12:28:29.170413+00:00,scheduler,1,8,10929.9,11264.0,52,56.204
2026-06-26T12:28:34.175837+00:00,scheduler,0,100,11167.9,11264.0,60,245.438
2026-06-26T12:28:34.175837+00:00,scheduler,1,8,885.9,11264.0,50,59.353
2026-06-26T12:28:39.181454+00:00,scheduler,0,100,11167.9,11264.0,60,250.742
2026-06-26T12:28:39.181454+00:00,scheduler,1,0,4985.9,11264.0,50,55.928
2026-06-26T12:28:44.192753+00:00,scheduler,0,100,11167.9,11264.0,60,241.732
2026-06-26T12:28:44.192753+00:00,scheduler,1,0,885.9,11264.0,48,55.44
2026-06-26T12:28:49.198083+00:00,scheduler,0,100,11167.9,11264.0,60,244.524
2026-06-26T12:28:49.198083+00:00,scheduler,1,0,885.9,11264.0,47,54.11
2026-06-26T12:28:54.203471+00:00,scheduler,0,100,11167.9,11264.0,60,250.427
2026-06-26T12:28:54.203471+00:00,scheduler,1,0,885.9,11264.0,46,53.882
2026-06-26T12:28:59.209791+00:00,scheduler,0,100,11167.9,11264.0,60,241.396
2026-06-26T12:28:59.209791+00:00,scheduler,1,0,885.9,11264.0,44,5.763
2026-06-26T12:29:04.222143+00:00,scheduler,0,100,11167.9,11264.0,60,250.709
2026-06-26T12:29:04.222143+00:00,scheduler,1,0,665.9,11264.0,42,3.07
2026-06-26T12:29:09.232769+00:00,scheduler,0,100,11167.9,11264.0,60,245.409
2026-06-26T12:29:09.232769+00:00,scheduler,1,0,665.9,11264.0,41,3.284
2026-06-26T12:29:14.243797+00:00,scheduler,0,100,11167.9,11264.0,60,245.542
2026-06-26T12:29:14.243797+00:00,scheduler,1,0,665.9,11264.0,40,2.987
2026-06-26T12:29:19.255340+00:00,scheduler,0,100,11167.9,11264.0,60,247.497
2026-06-26T12:29:19.255340+00:00,scheduler,1,0,665.9,11264.0,39,3.631
2026-06-26T12:29:24.265889+00:00,scheduler,0,100,11167.9,11264.0,60,249.348
2026-06-26T12:29:24.265889+00:00,scheduler,1,0,665.9,11264.0,38,10.157
2026-06-26T12:29:29.276923+00:00,scheduler,0,100,11167.9,11264.0,60,245.183
2026-06-26T12:29:29.276923+00:00,scheduler,1,0,665.9,11264.0,38,4.087
2026-06-26T12:29:34.285911+00:00,scheduler,0,100,11167.9,11264.0,60,246.948
2026-06-26T12:29:34.285911+00:00,scheduler,1,0,665.9,11264.0,37,4.362
2026-06-26T12:29:39.294635+00:00,scheduler,0,100,11167.9,11264.0,60,248.565
2026-06-26T12:29:39.294635+00:00,scheduler,1,0,665.9,11264.0,37,3.578
2026-06-26T12:29:44.303615+00:00,scheduler,0,100,11167.9,11264.0,60,244.516
2026-06-26T12:29:44.303615+00:00,scheduler,1,0,665.9,11264.0,36,3.575
2026-06-26T12:29:49.312379+00:00,scheduler,0,100,11167.9,11264.0,60,248.864
2026-06-26T12:29:49.312379+00:00,scheduler,1,0,665.9,11264.0,36,2.966
2026-06-26T12:29:54.321853+00:00,scheduler,0,100,11167.9,11264.0,60,246.028
2026-06-26T12:29:54.321853+00:00,scheduler,1,0,665.9,11264.0,35,3.178
2026-06-26T12:29:59.330724+00:00,scheduler,0,100,11167.9,11264.0,60,248.23
2026-06-26T12:29:59.330724+00:00,scheduler,1,0,665.9,11264.0,35,2.978
2026-06-26T12:30:04.339853+00:00,scheduler,0,100,11167.9,11264.0,60,248.501
2026-06-26T12:30:04.339853+00:00,scheduler,1,0,665.9,11264.0,35,3.313
2026-06-26T12:30:09.350986+00:00,scheduler,0,100,11167.9,11264.0,60,252.55
2026-06-26T12:30:09.350986+00:00,scheduler,1,0,665.9,11264.0,35,2.805
2026-06-26T12:30:14.359910+00:00,scheduler,0,100,11167.9,11264.0,60,248.616
2026-06-26T12:30:14.359910+00:00,scheduler,1,0,665.9,11264.0,35,3.368
2026-06-26T12:30:19.370920+00:00,scheduler,0,100,11167.9,11264.0,60,239.663
2026-06-26T12:30:19.370920+00:00,scheduler,1,0,665.9,11264.0,34,3.312
2026-06-26T12:30:24.380890+00:00,scheduler,0,100,11167.9,11264.0,60,241.123
2026-06-26T12:30:24.380890+00:00,scheduler,1,0,665.9,11264.0,34,3.121
2026-06-26T12:30:29.391919+00:00,scheduler,0,100,11167.9,11264.0,60,242.393
2026-06-26T12:30:29.391919+00:00,scheduler,1,0,665.9,11264.0,34,3.126
2026-06-26T12:30:34.400801+00:00,scheduler,0,100,11167.9,11264.0,60,250.225
2026-06-26T12:30:34.400801+00:00,scheduler,1,0,665.9,11264.0,34,3.373
2026-06-26T12:30:39.409741+00:00,scheduler,0,100,11167.9,11264.0,60,243.784
2026-06-26T12:30:39.409741+00:00,scheduler,1,0,665.9,11264.0,34,3.237
2026-06-26T12:30:44.418668+00:00,scheduler,0,100,11167.9,11264.0,60,245.8
2026-06-26T12:30:44.418668+00:00,scheduler,1,0,665.9,11264.0,33,3.333
2026-06-26T12:30:49.428525+00:00,scheduler,0,100,11167.9,11264.0,60,253.399
2026-06-26T12:30:49.428525+00:00,scheduler,1,0,665.9,11264.0,33,3.116
2026-06-26T12:30:54.437533+00:00,scheduler,0,100,11167.9,11264.0,60,244.962
2026-06-26T12:30:54.437533+00:00,scheduler,1,0,665.9,11264.0,33,3.389
2026-06-26T12:30:59.446734+00:00,scheduler,0,100,11167.9,11264.0,60,246.635
2026-06-26T12:30:59.446734+00:00,scheduler,1,0,665.9,11264.0,33,3.655
2026-06-26T12:31:04.456094+00:00,scheduler,0,100,11167.9,11264.0,60,245.982
2026-06-26T12:31:04.456094+00:00,scheduler,1,1,1407.9,11264.0,36,51.499
2026-06-26T12:31:09.461783+00:00,scheduler,0,100,11167.9,11264.0,60,254.746
2026-06-26T12:31:09.461783+00:00,scheduler,1,1,2087.9,11264.0,37,51.652
2026-06-26T12:31:14.474661+00:00,scheduler,0,100,11167.9,11264.0,60,246.111
2026-06-26T12:31:14.474661+00:00,scheduler,1,1,2863.9,11264.0,37,51.197
2026-06-26T12:31:19.484419+00:00,scheduler,0,100,11167.9,11264.0,60,246.67
2026-06-26T12:31:19.484419+00:00,scheduler,1,1,3591.9,11264.0,37,51.549
2026-06-26T12:31:24.494947+00:00,scheduler,0,100,11167.9,11264.0,60,249.914
2026-06-26T12:31:24.494947+00:00,scheduler,1,1,4327.9,11264.0,37,51.908
2026-06-26T12:31:29.506005+00:00,scheduler,0,100,11167.9,11264.0,60,248.624
2026-06-26T12:31:29.506005+00:00,scheduler,1,1,4959.9,11264.0,38,51.663
2026-06-26T12:31:34.519274+00:00,scheduler,0,100,11167.9,11264.0,60,245.626
2026-06-26T12:31:34.519274+00:00,scheduler,1,2,5675.9,11264.0,38,52.016
2026-06-26T12:31:39.524587+00:00,scheduler,0,100,11167.9,11264.0,60,253.742
2026-06-26T12:31:39.524587+00:00,scheduler,1,1,6471.9,11264.0,38,52.209
2026-06-26T12:31:44.530021+00:00,scheduler,0,100,11167.9,11264.0,60,245.213
2026-06-26T12:31:44.530021+00:00,scheduler,1,1,7131.9,11264.0,38,52.038
2026-06-26T12:31:49.535781+00:00,scheduler,0,100,11167.9,11264.0,60,257.368
2026-06-26T12:31:49.535781+00:00,scheduler,1,1,7723.9,11264.0,38,51.863
2026-06-26T12:31:54.550164+00:00,scheduler,0,100,11167.9,11264.0,60,246.681
2026-06-26T12:31:54.550164+00:00,scheduler,1,1,8391.9,11264.0,38,52.26
2026-06-26T12:31:59.562091+00:00,scheduler,0,100,11167.9,11264.0,60,249.28
2026-06-26T12:31:59.562091+00:00,scheduler,1,2,8771.9,11264.0,40,52.521
2026-06-26T12:32:04.572174+00:00,scheduler,0,1,11167.9,11264.0,56,86.298
2026-06-26T12:32:04.572174+00:00,scheduler,1,1,8771.9,11264.0,39,52.304
2026-06-26T12:32:09.578666+00:00,scheduler,0,1,11167.9,11264.0,52,57.41
2026-06-26T12:32:09.578666+00:00,scheduler,1,2,8771.9,11264.0,39,52.239
2026-06-26T12:32:14.584419+00:00,scheduler,0,2,11167.9,11264.0,51,57.194
2026-06-26T12:32:14.584419+00:00,scheduler,1,1,8771.9,11264.0,39,51.833
2026-06-26T12:32:19.590035+00:00,scheduler,0,8,11167.9,11264.0,50,56.833
2026-06-26T12:32:19.590035+00:00,scheduler,1,7,8771.9,11264.0,39,52.199
2026-06-26T12:32:24.595777+00:00,scheduler,0,70,5223.9,11264.0,52,83.039
2026-06-26T12:32:24.595777+00:00,scheduler,1,3,2043.9,11264.0,40,51.867
2026-06-26T12:32:29.601023+00:00,scheduler,0,0,1867.9,11264.0,49,56.333
2026-06-26T12:32:29.601023+00:00,scheduler,1,3,3429.9,11264.0,40,51.968
2026-06-26T12:32:34.606482+00:00,scheduler,0,0,1867.9,11264.0,48,56.006
2026-06-26T12:32:34.606482+00:00,scheduler,1,2,5229.9,11264.0,40,52.249
2026-06-26T12:32:39.612894+00:00,scheduler,0,1,1867.9,11264.0,48,55.966
2026-06-26T12:32:39.612894+00:00,scheduler,1,3,6939.9,11264.0,40,52.317
2026-06-26T12:32:44.618631+00:00,scheduler,0,0,1887.9,11264.0,47,56.219
2026-06-26T12:32:44.618631+00:00,scheduler,1,77,10927.9,11264.0,46,239.026
2026-06-26T12:32:49.624072+00:00,scheduler,0,0,2187.9,11264.0,47,55.862
2026-06-26T12:32:49.624072+00:00,scheduler,1,100,10927.9,11264.0,48,255.429
2026-06-26T12:32:54.630101+00:00,scheduler,0,0,2391.9,11264.0,46,55.951
2026-06-26T12:32:54.630101+00:00,scheduler,1,100,10929.9,11264.0,49,248.451
2026-06-26T12:32:59.637100+00:00,scheduler,0,1,2575.9,11264.0,46,56.049
2026-06-26T12:32:59.637100+00:00,scheduler,1,100,10929.9,11264.0,50,239.236
2026-06-26T12:33:04.642157+00:00,scheduler,0,0,2827.9,11264.0,46,55.644
2026-06-26T12:33:04.642157+00:00,scheduler,1,100,10929.9,11264.0,51,239.608
2026-06-26T12:33:09.647309+00:00,scheduler,0,0,2915.9,11264.0,45,55.385
2026-06-26T12:33:09.647309+00:00,scheduler,1,100,10929.9,11264.0,52,246.734
2026-06-26T12:33:14.654118+00:00,scheduler,0,0,3071.9,11264.0,45,55.591
2026-06-26T12:33:14.654118+00:00,scheduler,1,100,10929.9,11264.0,53,250.445
2026-06-26T12:33:19.659480+00:00,scheduler,0,0,3215.9,11264.0,45,56.017
2026-06-26T12:33:19.659480+00:00,scheduler,1,100,10929.9,11264.0,54,249.54
2026-06-26T12:33:24.666363+00:00,scheduler,0,0,3351.9,11264.0,45,55.968
2026-06-26T12:33:24.666363+00:00,scheduler,1,100,10929.9,11264.0,55,256.259
2026-06-26T12:33:29.673023+00:00,scheduler,0,1,3555.9,11264.0,44,55.489
2026-06-26T12:33:29.673023+00:00,scheduler,1,100,10929.9,11264.0,55,249.117
2026-06-26T12:33:34.679626+00:00,scheduler,0,0,3739.9,11264.0,44,55.648
2026-06-26T12:33:34.679626+00:00,scheduler,1,100,10929.9,11264.0,56,249.605
2026-06-26T12:33:39.684958+00:00,scheduler,0,0,3895.9,11264.0,44,55.587
2026-06-26T12:33:39.684958+00:00,scheduler,1,100,10929.9,11264.0,56,250.836
2026-06-26T12:33:44.691443+00:00,scheduler,0,1,4127.9,11264.0,44,55.774
2026-06-26T12:33:44.691443+00:00,scheduler,1,100,10929.9,11264.0,56,249.43
2026-06-26T12:33:49.697173+00:00,scheduler,0,0,4331.9,11264.0,44,55.303
2026-06-26T12:33:49.697173+00:00,scheduler,1,100,10929.9,11264.0,57,249.085
2026-06-26T12:33:54.702599+00:00,scheduler,0,0,4467.9,11264.0,44,55.366
2026-06-26T12:33:54.702599+00:00,scheduler,1,100,10929.9,11264.0,57,241.001
2026-06-26T12:33:59.708098+00:00,scheduler,0,0,4603.9,11264.0,44,55.608
2026-06-26T12:33:59.708098+00:00,scheduler,1,100,10929.9,11264.0,57,246.056
2026-06-26T12:34:04.713720+00:00,scheduler,0,0,4807.9,11264.0,44,55.271
2026-06-26T12:34:04.713720+00:00,scheduler,1,100,10929.9,11264.0,57,239.475
2026-06-26T12:34:09.719006+00:00,scheduler,0,0,4951.9,11264.0,44,55.144
2026-06-26T12:34:09.719006+00:00,scheduler,1,100,10929.9,11264.0,57,244.706
2026-06-26T12:34:14.724321+00:00,scheduler,0,0,5107.9,11264.0,44,55.342
2026-06-26T12:34:14.724321+00:00,scheduler,1,100,10929.9,11264.0,57,244.711
2026-06-26T12:34:19.729581+00:00,scheduler,0,0,5243.9,11264.0,44,55.133
2026-06-26T12:34:19.729581+00:00,scheduler,1,100,10929.9,11264.0,57,244.332
2026-06-26T12:34:24.736233+00:00,scheduler,0,0,5359.9,11264.0,43,55.322
2026-06-26T12:34:24.736233+00:00,scheduler,1,100,10929.9,11264.0,57,245.177
2026-06-26T12:34:29.741803+00:00,scheduler,0,1,5631.9,11264.0,44,54.903
2026-06-26T12:34:29.741803+00:00,scheduler,1,100,10929.9,11264.0,57,239.323
2026-06-26T12:34:34.747462+00:00,scheduler,0,0,5727.9,11264.0,44,54.863
2026-06-26T12:34:34.747462+00:00,scheduler,1,100,10929.9,11264.0,57,248.574
2026-06-26T12:34:39.752809+00:00,scheduler,0,0,5951.9,11264.0,43,54.812
2026-06-26T12:34:39.752809+00:00,scheduler,1,100,10929.9,11264.0,58,248.919
2026-06-26T12:34:44.759689+00:00,scheduler,0,1,6223.9,11264.0,43,55.074
2026-06-26T12:34:44.759689+00:00,scheduler,1,100,10929.9,11264.0,57,249.425
2026-06-26T12:34:49.765206+00:00,scheduler,0,0,6455.9,11264.0,43,55.016
2026-06-26T12:34:49.765206+00:00,scheduler,1,100,10929.9,11264.0,58,247.51
2026-06-26T12:34:54.770662+00:00,scheduler,0,0,6659.9,11264.0,43,54.938
2026-06-26T12:34:54.770662+00:00,scheduler,1,100,10929.9,11264.0,58,238.794
2026-06-26T12:34:59.775944+00:00,scheduler,0,0,7047.9,11264.0,43,55.169
2026-06-26T12:34:59.775944+00:00,scheduler,1,100,10929.9,11264.0,58,245.522
2026-06-26T12:35:04.781464+00:00,scheduler,0,1,7299.9,11264.0,43,55.511
2026-06-26T12:35:04.781464+00:00,scheduler,1,100,10929.9,11264.0,58,246.404
2026-06-26T12:35:09.786901+00:00,scheduler,0,1,7619.9,11264.0,43,55.225
2026-06-26T12:35:09.786901+00:00,scheduler,1,100,10929.9,11264.0,58,247.215
2026-06-26T12:35:14.792417+00:00,scheduler,0,1,7911.9,11264.0,43,55.198
2026-06-26T12:35:14.792417+00:00,scheduler,1,100,10929.9,11264.0,58,249.029
2026-06-26T12:35:19.797995+00:00,scheduler,0,1,8211.9,11264.0,43,55.138
2026-06-26T12:35:19.797995+00:00,scheduler,1,100,10929.9,11264.0,58,242.085
2026-06-26T12:35:24.805629+00:00,scheduler,0,0,8443.9,11264.0,43,55.391
2026-06-26T12:35:24.805629+00:00,scheduler,1,100,10929.9,11264.0,58,246.661
2026-06-26T12:35:29.810842+00:00,scheduler,0,89,9001.9,11264.0,47,76.752
2026-06-26T12:35:29.810842+00:00,scheduler,1,100,10929.9,11264.0,58,245.452
2026-06-26T12:35:34.815806+00:00,scheduler,0,2,9001.9,11264.0,44,55.434
2026-06-26T12:35:34.815806+00:00,scheduler,1,100,10929.9,11264.0,58,248.587
2026-06-26T12:35:39.825771+00:00,scheduler,0,2,9001.9,11264.0,44,55.32
2026-06-26T12:35:39.825771+00:00,scheduler,1,100,10929.9,11264.0,58,246.594
2026-06-26T12:35:44.835828+00:00,scheduler,0,2,9001.9,11264.0,44,55.481
2026-06-26T12:35:44.835828+00:00,scheduler,1,100,10929.9,11264.0,58,249.525
2026-06-26T12:35:49.845194+00:00,scheduler,0,0,5305.9,11264.0,44,55.553
2026-06-26T12:35:49.845194+00:00,scheduler,1,100,10929.9,11264.0,58,256.054
2026-06-26T12:35:54.850743+00:00,scheduler,0,1,5539.9,11264.0,44,55.866
2026-06-26T12:35:54.850743+00:00,scheduler,1,100,10929.9,11264.0,58,247.732
2026-06-26T12:35:59.856215+00:00,scheduler,0,0,5773.9,11264.0,44,55.945
2026-06-26T12:35:59.856215+00:00,scheduler,1,100,10929.9,11264.0,58,246.399
2026-06-26T12:36:04.861660+00:00,scheduler,0,0,6007.9,11264.0,44,56.379
2026-06-26T12:36:04.861660+00:00,scheduler,1,100,10929.9,11264.0,58,246.025
2026-06-26T12:36:09.867059+00:00,scheduler,0,0,6169.9,11264.0,44,55.907
2026-06-26T12:36:09.867059+00:00,scheduler,1,100,10929.9,11264.0,58,240.951
2026-06-26T12:36:14.873294+00:00,scheduler,0,0,6403.9,11264.0,43,55.967
2026-06-26T12:36:14.873294+00:00,scheduler,1,100,10929.9,11264.0,58,242.999
2026-06-26T12:36:19.882473+00:00,scheduler,0,0,6475.9,11264.0,43,55.306
2026-06-26T12:36:19.882473+00:00,scheduler,1,100,10929.9,11264.0,58,243.828
2026-06-26T12:36:24.888301+00:00,scheduler,0,0,6637.9,11264.0,43,55.879
2026-06-26T12:36:24.888301+00:00,scheduler,1,100,10929.9,11264.0,58,243.022
2026-06-26T12:36:29.894132+00:00,scheduler,0,0,6871.9,11264.0,43,55.024
2026-06-26T12:36:29.894132+00:00,scheduler,1,100,10929.9,11264.0,58,246.186
2026-06-26T12:36:34.899893+00:00,scheduler,0,0,7105.9,11264.0,43,55.155
2026-06-26T12:36:34.899893+00:00,scheduler,1,100,10929.9,11264.0,57,240.406
2026-06-26T12:36:39.905443+00:00,scheduler,0,0,7177.9,11264.0,43,54.462
2026-06-26T12:36:39.905443+00:00,scheduler,1,100,10929.9,11264.0,58,249.952
2026-06-26T12:36:44.910918+00:00,scheduler,0,0,7339.9,11264.0,43,54.853
2026-06-26T12:36:44.910918+00:00,scheduler,1,100,10929.9,11264.0,58,246.162
2026-06-26T12:36:49.916330+00:00,scheduler,0,0,7573.9,11264.0,43,54.606
2026-06-26T12:36:49.916330+00:00,scheduler,1,100,10929.9,11264.0,58,252.629
2026-06-26T12:36:54.922088+00:00,scheduler,0,0,7807.9,11264.0,43,54.892
2026-06-26T12:36:54.922088+00:00,scheduler,1,100,10929.9,11264.0,58,246.703
2026-06-26T12:36:59.927696+00:00,scheduler,0,1,8383.9,11264.0,43,55.288
2026-06-26T12:36:59.927696+00:00,scheduler,1,100,10929.9,11264.0,58,240.573
2026-06-26T12:37:04.935801+00:00,scheduler,0,100,11165.9,11264.0,51,244.959
2026-06-26T12:37:04.935801+00:00,scheduler,1,100,10929.9,11264.0,58,248.415
2026-06-26T12:37:09.942357+00:00,scheduler,0,100,11167.9,11264.0,52,245.841
2026-06-26T12:37:09.942357+00:00,scheduler,1,100,10929.9,11264.0,58,244.29
2026-06-26T12:37:14.947981+00:00,scheduler,0,100,11167.9,11264.0,53,246.491
2026-06-26T12:37:14.947981+00:00,scheduler,1,100,10929.9,11264.0,58,245.648
2026-06-26T12:37:19.953462+00:00,scheduler,0,100,11167.9,11264.0,54,254.981
2026-06-26T12:37:19.953462+00:00,scheduler,1,100,10929.9,11264.0,58,247.722
2026-06-26T12:37:24.967937+00:00,scheduler,0,100,11167.9,11264.0,55,249.11
2026-06-26T12:37:24.967937+00:00,scheduler,1,100,10929.9,11264.0,58,241.7
2026-06-26T12:37:29.974974+00:00,scheduler,0,100,11167.9,11264.0,56,255.727
2026-06-26T12:37:29.974974+00:00,scheduler,1,100,10929.9,11264.0,58,245.879
2026-06-26T12:37:34.981583+00:00,scheduler,0,100,11167.9,11264.0,57,252.101
2026-06-26T12:37:34.981583+00:00,scheduler,1,100,10929.9,11264.0,58,249.515
2026-06-26T12:37:39.987088+00:00,scheduler,0,100,11167.9,11264.0,57,246.91
2026-06-26T12:37:39.987088+00:00,scheduler,1,100,10929.9,11264.0,58,249.117
2026-06-26T12:37:44.995772+00:00,scheduler,0,100,11167.9,11264.0,58,243.437
2026-06-26T12:37:44.995772+00:00,scheduler,1,100,10929.9,11264.0,58,245.286
2026-06-26T12:37:50.002052+00:00,scheduler,0,100,11167.9,11264.0,58,243.049
2026-06-26T12:37:50.002052+00:00,scheduler,1,100,10929.9,11264.0,58,248.96
2026-06-26T12:37:55.009793+00:00,scheduler,0,100,11167.9,11264.0,59,246.839
2026-06-26T12:37:55.009793+00:00,scheduler,1,100,10929.9,11264.0,58,254.159
2026-06-26T12:38:00.015476+00:00,scheduler,0,100,11167.9,11264.0,59,243.569
2026-06-26T12:38:00.015476+00:00,scheduler,1,100,10929.9,11264.0,58,249.009
2026-06-26T12:38:05.020837+00:00,scheduler,0,100,11167.9,11264.0,59,237.269
2026-06-26T12:38:05.020837+00:00,scheduler,1,100,10929.9,11264.0,58,247.294
2026-06-26T12:38:10.026238+00:00,scheduler,0,100,11167.9,11264.0,60,238.354
2026-06-26T12:38:10.026238+00:00,scheduler,1,100,10929.9,11264.0,58,246.991
2026-06-26T12:38:15.033263+00:00,scheduler,0,100,11167.9,11264.0,60,239.491
2026-06-26T12:38:15.033263+00:00,scheduler,1,100,10929.9,11264.0,58,248.172
2026-06-26T12:38:20.041116+00:00,scheduler,0,100,11167.9,11264.0,60,244.758
2026-06-26T12:38:20.041116+00:00,scheduler,1,100,10929.9,11264.0,58,240.626
2026-06-26T12:38:25.047221+00:00,scheduler,0,100,11167.9,11264.0,60,244.519
2026-06-26T12:38:25.047221+00:00,scheduler,1,100,10929.9,11264.0,58,251.917
2026-06-26T12:38:30.054782+00:00,scheduler,0,100,11167.9,11264.0,60,240.217
2026-06-26T12:38:30.054782+00:00,scheduler,1,2,10929.9,11264.0,54,76.596
2026-06-26T12:38:35.062559+00:00,scheduler,0,100,11167.9,11264.0,60,247.903
2026-06-26T12:38:35.062559+00:00,scheduler,1,9,10929.9,11264.0,50,55.735
2026-06-26T12:38:40.100577+00:00,scheduler,0,100,11167.9,11264.0,60,248.015
2026-06-26T12:38:40.100577+00:00,scheduler,1,1,10929.9,11264.0,49,54.87
2026-06-26T12:38:45.125238+00:00,scheduler,0,100,11167.9,11264.0,60,247.23
2026-06-26T12:38:45.125238+00:00,scheduler,1,10,1629.9,11264.0,49,75.927
2026-06-26T12:38:50.130226+00:00,scheduler,0,100,11167.9,11264.0,60,247.784
2026-06-26T12:38:50.130226+00:00,scheduler,1,1,1997.9,11264.0,47,54.366
2026-06-26T12:38:55.136064+00:00,scheduler,0,100,11167.9,11264.0,60,254.31
2026-06-26T12:38:55.136064+00:00,scheduler,1,0,2153.9,11264.0,46,54.561
2026-06-26T12:39:00.141718+00:00,scheduler,0,100,11167.9,11264.0,60,247.016
2026-06-26T12:39:00.141718+00:00,scheduler,1,0,2677.9,11264.0,45,54.418
2026-06-26T12:39:05.147156+00:00,scheduler,0,100,11167.9,11264.0,60,246.644
2026-06-26T12:39:05.147156+00:00,scheduler,1,0,6509.9,11264.0,45,53.974
2026-06-26T12:39:10.155308+00:00,scheduler,0,100,11167.9,11264.0,60,246.08
2026-06-26T12:39:10.155308+00:00,scheduler,1,0,6761.9,11264.0,44,53.558
2026-06-26T12:39:15.162032+00:00,scheduler,0,100,11167.9,11264.0,60,253.646
2026-06-26T12:39:15.162032+00:00,scheduler,1,0,6945.9,11264.0,44,53.275
2026-06-26T12:39:20.195425+00:00,scheduler,0,100,11167.9,11264.0,60,241.38
2026-06-26T12:39:20.195425+00:00,scheduler,1,0,7101.9,11264.0,43,53.137
2026-06-26T12:39:25.202936+00:00,scheduler,0,100,11167.9,11264.0,60,247.745
2026-06-26T12:39:25.202936+00:00,scheduler,1,0,7245.9,11264.0,43,53.108
2026-06-26T12:39:30.208355+00:00,scheduler,0,100,11167.9,11264.0,60,252.101
2026-06-26T12:39:30.208355+00:00,scheduler,1,0,7381.9,11264.0,43,53.121
2026-06-26T12:39:35.213588+00:00,scheduler,0,100,11167.9,11264.0,60,249.49
2026-06-26T12:39:35.213588+00:00,scheduler,1,0,7537.9,11264.0,42,52.747
2026-06-26T12:39:40.218944+00:00,scheduler,0,100,11167.9,11264.0,60,250.524
2026-06-26T12:39:40.218944+00:00,scheduler,1,0,7769.9,11264.0,42,52.681
2026-06-26T12:39:45.224309+00:00,scheduler,0,100,11167.9,11264.0,60,245.063
2026-06-26T12:39:45.224309+00:00,scheduler,1,0,7925.9,11264.0,42,52.343
2026-06-26T12:39:50.231842+00:00,scheduler,0,100,11167.9,11264.0,60,246.955
2026-06-26T12:39:50.231842+00:00,scheduler,1,1,8225.9,11264.0,42,52.795
2026-06-26T12:39:55.237288+00:00,scheduler,0,100,11167.9,11264.0,60,248.104
2026-06-26T12:39:55.237288+00:00,scheduler,1,19,8763.9,11264.0,44,72.575
2026-06-26T12:40:00.242513+00:00,scheduler,0,100,11167.9,11264.0,60,247.988
2026-06-26T12:40:00.242513+00:00,scheduler,1,3,8763.9,11264.0,42,52.867
2026-06-26T12:40:05.250804+00:00,scheduler,0,100,11167.9,11264.0,60,247.088
2026-06-26T12:40:05.250804+00:00,scheduler,1,20,5697.9,11264.0,42,52.978
2026-06-26T12:40:10.257297+00:00,scheduler,0,100,11167.9,11264.0,60,246.306
2026-06-26T12:40:10.257297+00:00,scheduler,1,100,10927.9,11264.0,49,252.414
2026-06-26T12:40:15.262707+00:00,scheduler,0,100,11167.9,11264.0,60,252.534
2026-06-26T12:40:15.262707+00:00,scheduler,1,100,10927.9,11264.0,50,248.208
2026-06-26T12:40:20.270536+00:00,scheduler,0,100,11167.9,11264.0,60,240.207
2026-06-26T12:40:20.270536+00:00,scheduler,1,100,10929.9,11264.0,52,252.394
2026-06-26T12:40:25.275904+00:00,scheduler,0,100,11167.9,11264.0,60,243.408
2026-06-26T12:40:25.275904+00:00,scheduler,1,100,10929.9,11264.0,52,245.342
2026-06-26T12:40:30.283214+00:00,scheduler,0,100,11167.9,11264.0,60,252.192
2026-06-26T12:40:30.283214+00:00,scheduler,1,100,10929.9,11264.0,53,248.833
2026-06-26T12:40:35.292492+00:00,scheduler,0,100,11167.9,11264.0,60,247.479
2026-06-26T12:40:35.292492+00:00,scheduler,1,100,10929.9,11264.0,54,249.385
2026-06-26T12:40:40.304682+00:00,scheduler,0,100,11167.9,11264.0,60,246.78
2026-06-26T12:40:40.304682+00:00,scheduler,1,100,10929.9,11264.0,55,241.473
2026-06-26T12:40:45.313038+00:00,scheduler,0,100,11167.9,11264.0,60,242.059
2026-06-26T12:40:45.313038+00:00,scheduler,1,100,10929.9,11264.0,55,248.157
2026-06-26T12:40:50.332781+00:00,scheduler,0,100,11167.9,11264.0,60,247.838
2026-06-26T12:40:50.332781+00:00,scheduler,1,100,10929.9,11264.0,56,243.087
2026-06-26T12:40:55.341241+00:00,scheduler,0,100,11167.9,11264.0,60,249.101
2026-06-26T12:40:55.341241+00:00,scheduler,1,100,10929.9,11264.0,56,246.749
2026-06-26T12:41:00.347872+00:00,scheduler,0,100,11167.9,11264.0,60,249.325
2026-06-26T12:41:00.347872+00:00,scheduler,1,100,10929.9,11264.0,56,251.372
2026-06-26T12:41:05.353531+00:00,scheduler,0,100,11167.9,11264.0,60,248.502
2026-06-26T12:41:05.353531+00:00,scheduler,1,100,10929.9,11264.0,57,244.838
2026-06-26T12:41:10.359618+00:00,scheduler,0,100,11167.9,11264.0,60,246.901
2026-06-26T12:41:10.359618+00:00,scheduler,1,100,10929.9,11264.0,57,254.825
2026-06-26T12:41:15.368705+00:00,scheduler,0,100,11167.9,11264.0,60,254.753
2026-06-26T12:41:15.368705+00:00,scheduler,1,100,10929.9,11264.0,57,249.137
2026-06-26T12:41:20.374805+00:00,scheduler,0,100,11167.9,11264.0,60,242.831
2026-06-26T12:41:20.374805+00:00,scheduler,1,100,10929.9,11264.0,57,248.13
2026-06-26T12:41:25.382451+00:00,scheduler,0,100,11167.9,11264.0,60,245.969
2026-06-26T12:41:25.382451+00:00,scheduler,1,100,10929.9,11264.0,57,249.877
2026-06-26T12:41:30.389230+00:00,scheduler,0,100,11167.9,11264.0,60,253.385
2026-06-26T12:41:30.389230+00:00,scheduler,1,100,10929.9,11264.0,57,248.88
2026-06-26T12:41:35.396331+00:00,scheduler,0,100,11167.9,11264.0,60,246.767
2026-06-26T12:41:35.396331+00:00,scheduler,1,100,10929.9,11264.0,57,250.06
2026-06-26T12:41:40.401823+00:00,scheduler,0,100,11167.9,11264.0,60,246.73
2026-06-26T12:41:40.401823+00:00,scheduler,1,100,10929.9,11264.0,57,238.542
2026-06-26T12:41:45.407317+00:00,scheduler,0,100,11167.9,11264.0,60,246.077
2026-06-26T12:41:45.407317+00:00,scheduler,1,100,10929.9,11264.0,58,240.365
2026-06-26T12:41:50.413596+00:00,scheduler,0,100,11167.9,11264.0,60,248.792
2026-06-26T12:41:50.413596+00:00,scheduler,1,100,10929.9,11264.0,57,248.764
2026-06-26T12:41:55.419030+00:00,scheduler,0,100,11167.9,11264.0,60,247.057
2026-06-26T12:41:55.419030+00:00,scheduler,1,100,10929.9,11264.0,57,250.251
2026-06-26T12:42:00.424535+00:00,scheduler,0,100,11167.9,11264.0,60,249.707
2026-06-26T12:42:00.424535+00:00,scheduler,1,100,10929.9,11264.0,58,252.861
2026-06-26T12:42:05.432648+00:00,scheduler,0,100,11167.9,11264.0,60,246.678
2026-06-26T12:42:05.432648+00:00,scheduler,1,100,10929.9,11264.0,58,239.525
2026-06-26T12:42:10.437977+00:00,scheduler,0,100,11167.9,11264.0,60,251.782
2026-06-26T12:42:10.437977+00:00,scheduler,1,100,10929.9,11264.0,58,253.004
2026-06-26T12:42:15.444422+00:00,scheduler,0,100,11167.9,11264.0,60,252.881
2026-06-26T12:42:15.444422+00:00,scheduler,1,100,10929.9,11264.0,58,246.262
2026-06-26T12:42:20.458449+00:00,scheduler,0,100,11167.9,11264.0,60,237.764
2026-06-26T12:42:20.458449+00:00,scheduler,1,100,10929.9,11264.0,58,251.656
2026-06-26T12:42:25.467730+00:00,scheduler,0,100,11167.9,11264.0,60,246.174
2026-06-26T12:42:25.467730+00:00,scheduler,1,100,10929.9,11264.0,58,251.274
2026-06-26T12:42:30.477117+00:00,scheduler,0,100,11167.9,11264.0,60,254.202
2026-06-26T12:42:30.477117+00:00,scheduler,1,100,10929.9,11264.0,58,239.703
2026-06-26T12:42:35.485637+00:00,scheduler,0,100,11167.9,11264.0,60,248.261
2026-06-26T12:42:35.485637+00:00,scheduler,1,100,10929.9,11264.0,58,248.209
2026-06-26T12:42:40.492408+00:00,scheduler,0,100,11167.9,11264.0,60,245.205
2026-06-26T12:42:40.492408+00:00,scheduler,1,100,10929.9,11264.0,58,249.704
2026-06-26T12:42:45.499568+00:00,scheduler,0,7,11167.9,11264.0,55,57.849
2026-06-26T12:42:45.499568+00:00,scheduler,1,100,10929.9,11264.0,57,246.663
2026-06-26T12:42:50.505854+00:00,scheduler,0,27,1127.9,11264.0,53,85.108
2026-06-26T12:42:50.505854+00:00,scheduler,1,100,10929.9,11264.0,57,242.54
2026-06-26T12:42:55.512192+00:00,scheduler,0,14,4399.9,11264.0,52,57.661
2026-06-26T12:42:55.512192+00:00,scheduler,1,100,10929.9,11264.0,58,246.161
2026-06-26T12:43:00.519907+00:00,scheduler,0,66,9001.9,11264.0,53,84.829
2026-06-26T12:43:00.519907+00:00,scheduler,1,100,10929.9,11264.0,58,247.424
2026-06-26T12:43:05.526117+00:00,scheduler,0,33,1849.9,11264.0,51,82.476
2026-06-26T12:43:05.526117+00:00,scheduler,1,100,10929.9,11264.0,58,251.054
2026-06-26T12:43:10.534265+00:00,scheduler,0,100,11165.9,11264.0,55,250.213
2026-06-26T12:43:10.534265+00:00,scheduler,1,100,10929.9,11264.0,58,242.528
2026-06-26T12:43:15.543013+00:00,scheduler,0,100,11165.9,11264.0,57,247.281
2026-06-26T12:43:15.543013+00:00,scheduler,1,100,10929.9,11264.0,58,250.4
2026-06-26T12:43:20.550762+00:00,scheduler,0,100,11167.9,11264.0,57,246.14
2026-06-26T12:43:20.550762+00:00,scheduler,1,100,10929.9,11264.0,58,249.347
2026-06-26T12:43:25.556364+00:00,scheduler,0,100,11167.9,11264.0,58,248.214
2026-06-26T12:43:25.556364+00:00,scheduler,1,100,10929.9,11264.0,58,243.092
2026-06-26T12:43:30.565431+00:00,scheduler,0,100,11167.9,11264.0,58,246.896
2026-06-26T12:43:30.565431+00:00,scheduler,1,100,10929.9,11264.0,58,250.359
2026-06-26T12:43:35.572472+00:00,scheduler,0,100,11167.9,11264.0,58,243.144
2026-06-26T12:43:35.572472+00:00,scheduler,1,100,10929.9,11264.0,58,238.05
2026-06-26T12:43:40.579232+00:00,scheduler,0,100,11167.9,11264.0,59,246.528
2026-06-26T12:43:40.579232+00:00,scheduler,1,100,10929.9,11264.0,58,255.145
2026-06-26T12:43:45.587464+00:00,scheduler,0,100,11167.9,11264.0,59,247.0
2026-06-26T12:43:45.587464+00:00,scheduler,1,100,10929.9,11264.0,57,243.679
2026-06-26T12:43:50.597022+00:00,scheduler,0,100,11167.9,11264.0,59,243.553
2026-06-26T12:43:50.597022+00:00,scheduler,1,100,10929.9,11264.0,58,248.908
2026-06-26T12:43:55.604581+00:00,scheduler,0,100,11167.9,11264.0,59,248.708
2026-06-26T12:43:55.604581+00:00,scheduler,1,100,10929.9,11264.0,58,246.368
2026-06-26T12:44:00.614731+00:00,scheduler,0,100,11167.9,11264.0,60,254.837
2026-06-26T12:44:00.614731+00:00,scheduler,1,100,10929.9,11264.0,58,243.679
2026-06-26T12:44:05.623571+00:00,scheduler,0,100,11167.9,11264.0,60,239.483
2026-06-26T12:44:05.623571+00:00,scheduler,1,100,10929.9,11264.0,58,247.886
2026-06-26T12:44:10.632253+00:00,scheduler,0,100,11167.9,11264.0,60,241.712
2026-06-26T12:44:10.632253+00:00,scheduler,1,100,10929.9,11264.0,58,244.922
2026-06-26T12:44:15.641089+00:00,scheduler,0,100,11167.9,11264.0,60,247.253
2026-06-26T12:44:15.641089+00:00,scheduler,1,100,10929.9,11264.0,58,245.449
2026-06-26T12:44:20.646440+00:00,scheduler,0,100,11167.9,11264.0,60,245.248
2026-06-26T12:44:20.646440+00:00,scheduler,1,100,10929.9,11264.0,58,244.231
2026-06-26T12:44:25.653969+00:00,scheduler,0,100,11167.9,11264.0,60,242.607
2026-06-26T12:44:25.653969+00:00,scheduler,1,100,10929.9,11264.0,58,251.47
2026-06-26T12:44:30.663439+00:00,scheduler,0,100,11167.9,11264.0,60,246.612
2026-06-26T12:44:30.663439+00:00,scheduler,1,100,10929.9,11264.0,58,247.971
2026-06-26T12:44:35.673215+00:00,scheduler,0,100,11167.9,11264.0,60,246.682
2026-06-26T12:44:35.673215+00:00,scheduler,1,100,10929.9,11264.0,58,245.905
2026-06-26T12:44:40.678575+00:00,scheduler,0,100,11167.9,11264.0,60,247.373
2026-06-26T12:44:40.678575+00:00,scheduler,1,100,10929.9,11264.0,58,245.621
2026-06-26T12:44:45.683922+00:00,scheduler,0,100,11167.9,11264.0,60,242.785
2026-06-26T12:44:45.683922+00:00,scheduler,1,100,10929.9,11264.0,58,248.37
2026-06-26T12:44:50.689336+00:00,scheduler,0,100,11167.9,11264.0,60,243.102
2026-06-26T12:44:50.689336+00:00,scheduler,1,100,10929.9,11264.0,58,243.565
2026-06-26T12:44:55.695736+00:00,scheduler,0,100,11167.9,11264.0,60,254.592
2026-06-26T12:44:55.695736+00:00,scheduler,1,100,10929.9,11264.0,58,254.464
2026-06-26T12:45:00.702909+00:00,scheduler,0,100,11167.9,11264.0,60,253.241
2026-06-26T12:45:00.702909+00:00,scheduler,1,100,10929.9,11264.0,57,242.368
2026-06-26T12:45:05.710988+00:00,scheduler,0,100,11167.9,11264.0,60,238.112
2026-06-26T12:45:05.710988+00:00,scheduler,1,100,10929.9,11264.0,58,247.07
2026-06-26T12:45:10.720034+00:00,scheduler,0,100,11167.9,11264.0,60,244.583
2026-06-26T12:45:10.720034+00:00,scheduler,1,100,10929.9,11264.0,58,246.878
2026-06-26T12:45:15.725381+00:00,scheduler,0,100,11167.9,11264.0,60,244.628
2026-06-26T12:45:15.725381+00:00,scheduler,1,100,10929.9,11264.0,58,244.854
2026-06-26T12:45:20.730935+00:00,scheduler,0,100,11167.9,11264.0,60,245.452
2026-06-26T12:45:20.730935+00:00,scheduler,1,100,10929.9,11264.0,58,248.119
2026-06-26T12:45:25.736320+00:00,scheduler,0,100,11167.9,11264.0,60,244.556
2026-06-26T12:45:25.736320+00:00,scheduler,1,100,10929.9,11264.0,57,250.609
2026-06-26T12:45:30.742832+00:00,scheduler,0,100,11167.9,11264.0,60,245.141
2026-06-26T12:45:30.742832+00:00,scheduler,1,100,10929.9,11264.0,57,243.054
2026-06-26T12:45:35.752526+00:00,scheduler,0,100,11167.9,11264.0,60,246.365
2026-06-26T12:45:35.752526+00:00,scheduler,1,100,10929.9,11264.0,58,248.34
2026-06-26T12:45:40.759967+00:00,scheduler,0,100,11167.9,11264.0,60,247.975
2026-06-26T12:45:40.759967+00:00,scheduler,1,100,10929.9,11264.0,57,238.835
2026-06-26T12:45:45.767988+00:00,scheduler,0,100,11167.9,11264.0,60,243.166
2026-06-26T12:45:45.767988+00:00,scheduler,1,100,10929.9,11264.0,58,249.79
2026-06-26T12:45:50.777227+00:00,scheduler,0,100,11167.9,11264.0,60,245.774
2026-06-26T12:45:50.777227+00:00,scheduler,1,100,10929.9,11264.0,58,249.266
2026-06-26T12:45:55.785976+00:00,scheduler,0,100,11167.9,11264.0,60,242.669
2026-06-26T12:45:55.785976+00:00,scheduler,1,8,10929.9,11264.0,51,56.029
2026-06-26T12:46:00.792326+00:00,scheduler,0,100,11167.9,11264.0,60,249.531
2026-06-26T12:46:00.792326+00:00,scheduler,1,83,1629.9,11264.0,51,75.901
2026-06-26T12:46:05.820050+00:00,scheduler,0,100,11167.9,11264.0,60,244.759
2026-06-26T12:46:05.820050+00:00,scheduler,1,53,8763.9,11264.0,53,249.483
2026-06-26T12:46:10.825416+00:00,scheduler,0,100,11167.9,11264.0,60,246.857
2026-06-26T12:46:10.825416+00:00,scheduler,1,12,8763.9,11264.0,48,55.289
2026-06-26T12:46:15.999205+00:00,scheduler,0,38,11167.9,11264.0,57,87.273
2026-06-26T12:46:15.999205+00:00,scheduler,1,0,8763.9,11264.0,47,54.467
2026-06-26T12:46:38.838533+00:00,scheduler,0,0,691.9,11264.0,46,3.327
2026-06-26T12:46:38.838533+00:00,scheduler,1,0,453.9,11264.0,40,3.549
2026-06-26T12:46:44.717606+00:00,scheduler,0,0,691.9,11264.0,44,3.725
2026-06-26T12:46:44.717606+00:00,scheduler,1,0,453.9,11264.0,39,3.353
2026-06-26T12:46:49.730127+00:00,scheduler,0,0,691.9,11264.0,43,2.831
2026-06-26T12:46:49.730127+00:00,scheduler,1,0,453.9,11264.0,38,3.486
2026-06-26T12:46:54.747555+00:00,scheduler,0,0,691.9,11264.0,43,2.775
2026-06-26T12:46:54.747555+00:00,scheduler,1,0,453.9,11264.0,37,2.977
2026-06-26T12:46:59.763006+00:00,scheduler,0,0,691.9,11264.0,42,2.876
2026-06-26T12:46:59.763006+00:00,scheduler,1,0,453.9,11264.0,37,3.437
2026-06-26T12:47:04.775388+00:00,scheduler,0,0,691.9,11264.0,41,2.891
2026-06-26T12:47:04.775388+00:00,scheduler,1,0,453.9,11264.0,36,3.081
2026-06-26T12:47:09.788005+00:00,scheduler,0,0,691.9,11264.0,40,2.595
2026-06-26T12:47:09.788005+00:00,scheduler,1,0,453.9,11264.0,36,2.888
2026-06-26T12:47:14.800469+00:00,scheduler,0,0,691.9,11264.0,40,2.552
2026-06-26T12:47:14.800469+00:00,scheduler,1,0,453.9,11264.0,36,3.084
2026-06-26T12:47:19.812708+00:00,scheduler,0,0,691.9,11264.0,39,2.632
2026-06-26T12:47:19.812708+00:00,scheduler,1,0,453.9,11264.0,35,3.18
2026-06-26T12:47:24.825284+00:00,scheduler,0,0,691.9,11264.0,39,2.4
2026-06-26T12:47:24.825284+00:00,scheduler,1,0,453.9,11264.0,35,3.23
2026-06-26T12:47:29.837830+00:00,scheduler,0,0,691.9,11264.0,39,2.9
2026-06-26T12:47:29.837830+00:00,scheduler,1,0,453.9,11264.0,35,3.021
2026-06-26T12:47:34.850323+00:00,scheduler,0,0,691.9,11264.0,38,2.484
2026-06-26T12:47:34.850323+00:00,scheduler,1,0,453.9,11264.0,35,3.175
2026-06-26T12:47:39.862871+00:00,scheduler,0,0,691.9,11264.0,38,2.551
2026-06-26T12:47:39.862871+00:00,scheduler,1,0,453.9,11264.0,34,2.675
2026-06-26T12:47:44.875374+00:00,scheduler,0,0,691.9,11264.0,38,2.468
2026-06-26T12:47:44.875374+00:00,scheduler,1,0,453.9,11264.0,34,3.318
2026-06-26T12:47:49.887565+00:00,scheduler,0,0,691.9,11264.0,37,2.928
2026-06-26T12:47:49.887565+00:00,scheduler,1,0,453.9,11264.0,34,2.785
2026-06-26T12:47:54.899691+00:00,scheduler,0,0,691.9,11264.0,37,3.305
2026-06-26T12:47:54.899691+00:00,scheduler,1,0,453.9,11264.0,34,3.183
2026-06-26T12:47:59.911806+00:00,scheduler,0,0,691.9,11264.0,37,2.519
2026-06-26T12:47:59.911806+00:00,scheduler,1,0,453.9,11264.0,34,3.094
2026-06-26T12:48:04.923991+00:00,scheduler,0,0,691.9,11264.0,37,2.985
2026-06-26T12:48:04.923991+00:00,scheduler,1,0,453.9,11264.0,33,3.186
2026-06-26T12:48:09.936573+00:00,scheduler,0,0,691.9,11264.0,37,2.67
2026-06-26T12:48:09.936573+00:00,scheduler,1,0,453.9,11264.0,33,2.88
2026-06-26T12:48:14.948816+00:00,scheduler,0,0,691.9,11264.0,37,3.055
2026-06-26T12:48:14.948816+00:00,scheduler,1,0,453.9,11264.0,33,3.34
2026-06-26T12:48:19.961038+00:00,scheduler,0,0,691.9,11264.0,36,2.965
2026-06-26T12:48:19.961038+00:00,scheduler,1,0,453.9,11264.0,33,2.423
2026-06-26T12:48:24.973264+00:00,scheduler,0,0,691.9,11264.0,36,2.841
2026-06-26T12:48:24.973264+00:00,scheduler,1,0,609.9,11264.0,36,51.109
2026-06-26T12:48:29.982161+00:00,scheduler,0,0,691.9,11264.0,36,3.359
2026-06-26T12:48:29.982161+00:00,scheduler,1,0,609.9,11264.0,37,51.001
2026-06-26T12:48:34.994049+00:00,scheduler,0,0,691.9,11264.0,36,2.939
2026-06-26T12:48:34.994049+00:00,scheduler,1,0,609.9,11264.0,37,51.311
2026-06-26T12:48:40.003626+00:00,scheduler,0,0,691.9,11264.0,36,2.771
2026-06-26T12:48:40.003626+00:00,scheduler,1,0,609.9,11264.0,35,3.093
2026-06-26T12:48:45.016228+00:00,scheduler,0,0,691.9,11264.0,36,2.695
2026-06-26T12:48:45.016228+00:00,scheduler,1,0,609.9,11264.0,34,3.068
2026-06-26T12:48:50.029116+00:00,scheduler,0,0,691.9,11264.0,36,2.949
2026-06-26T12:48:50.029116+00:00,scheduler,1,0,609.9,11264.0,34,2.843
2026-06-26T12:48:55.041792+00:00,scheduler,0,0,691.9,11264.0,35,2.595
2026-06-26T12:48:55.041792+00:00,scheduler,1,0,609.9,11264.0,33,2.839
2026-06-26T12:49:00.054543+00:00,scheduler,0,0,691.9,11264.0,35,3.439
2026-06-26T12:49:00.054543+00:00,scheduler,1,0,609.9,11264.0,33,2.959
2026-06-26T12:49:05.067030+00:00,scheduler,0,0,691.9,11264.0,35,2.631
2026-06-26T12:49:05.067030+00:00,scheduler,1,0,609.9,11264.0,33,2.943
2026-06-26T12:49:10.079549+00:00,scheduler,0,0,691.9,11264.0,35,3.168
2026-06-26T12:49:10.079549+00:00,scheduler,1,0,609.9,11264.0,33,2.863
2026-06-26T12:49:15.092108+00:00,scheduler,0,0,691.9,11264.0,35,2.692
2026-06-26T12:49:15.092108+00:00,scheduler,1,0,609.9,11264.0,33,2.997
2026-06-26T12:49:20.104417+00:00,scheduler,0,0,691.9,11264.0,35,3.099
2026-06-26T12:49:20.104417+00:00,scheduler,1,1,1353.9,11264.0,34,51.011
2026-06-26T12:49:25.113094+00:00,scheduler,0,0,691.9,11264.0,35,3.045
2026-06-26T12:49:25.113094+00:00,scheduler,1,3,2625.9,11264.0,36,51.093
2026-06-26T12:49:30.121718+00:00,scheduler,0,0,691.9,11264.0,35,2.814
2026-06-26T12:49:30.121718+00:00,scheduler,1,2,4361.9,11264.0,37,51.484
2026-06-26T12:49:35.130442+00:00,scheduler,0,0,691.9,11264.0,35,3.068
2026-06-26T12:49:35.130442+00:00,scheduler,1,3,6165.9,11264.0,37,50.928
2026-06-26T12:49:40.139238+00:00,scheduler,0,0,691.9,11264.0,35,2.719
2026-06-26T12:49:40.139238+00:00,scheduler,1,3,7989.9,11264.0,37,50.931
2026-06-26T12:49:45.147983+00:00,scheduler,0,0,691.9,11264.0,35,3.064
2026-06-26T12:49:45.147983+00:00,scheduler,1,10,8771.9,11264.0,40,71.79
2026-06-26T12:49:50.156489+00:00,scheduler,0,0,691.9,11264.0,35,3.159
2026-06-26T12:49:50.156489+00:00,scheduler,1,11,879.9,11264.0,39,67.468
2026-06-26T12:49:55.164813+00:00,scheduler,0,0,691.9,11264.0,35,3.042
2026-06-26T12:49:55.164813+00:00,scheduler,1,3,2511.9,11264.0,39,51.696
2026-06-26T12:50:00.173536+00:00,scheduler,0,0,691.9,11264.0,34,2.898
2026-06-26T12:50:00.173536+00:00,scheduler,1,3,4365.9,11264.0,38,51.934
2026-06-26T12:50:05.182230+00:00,scheduler,0,0,847.9,11264.0,37,52.612
2026-06-26T12:50:05.182230+00:00,scheduler,1,3,6237.9,11264.0,39,51.639
2026-06-26T12:50:10.187660+00:00,scheduler,0,0,847.9,11264.0,38,52.755
2026-06-26T12:50:10.187660+00:00,scheduler,1,3,8145.9,11264.0,39,52.125
2026-06-26T12:50:15.193100+00:00,scheduler,0,0,847.9,11264.0,38,52.679
2026-06-26T12:50:15.193100+00:00,scheduler,1,100,10925.9,11264.0,47,248.109
2026-06-26T12:50:20.198548+00:00,scheduler,0,0,847.9,11264.0,37,2.868
2026-06-26T12:50:20.198548+00:00,scheduler,1,100,10927.9,11264.0,48,247.207
2026-06-26T12:50:25.207721+00:00,scheduler,0,0,847.9,11264.0,36,2.788
2026-06-26T12:50:25.207721+00:00,scheduler,1,100,10927.9,11264.0,49,249.276
2026-06-26T12:50:30.219285+00:00,scheduler,0,0,847.9,11264.0,36,3.275
2026-06-26T12:50:30.219285+00:00,scheduler,1,100,10929.9,11264.0,50,249.047
2026-06-26T12:50:35.228741+00:00,scheduler,0,0,847.9,11264.0,35,2.762
2026-06-26T12:50:35.228741+00:00,scheduler,1,100,10929.9,11264.0,51,247.279
2026-06-26T12:50:40.240893+00:00,scheduler,0,0,847.9,11264.0,35,3.352
2026-06-26T12:50:40.240893+00:00,scheduler,1,100,10929.9,11264.0,52,246.976
2026-06-26T12:50:45.253474+00:00,scheduler,0,0,847.9,11264.0,35,2.777
2026-06-26T12:50:45.253474+00:00,scheduler,1,100,10929.9,11264.0,53,243.511
2026-06-26T12:50:50.266860+00:00,scheduler,0,0,847.9,11264.0,35,3.167
2026-06-26T12:50:50.266860+00:00,scheduler,1,100,10929.9,11264.0,54,240.378
2026-06-26T12:50:55.279210+00:00,scheduler,0,25,7179.9,11264.0,38,52.735
2026-06-26T12:50:55.279210+00:00,scheduler,1,100,10929.9,11264.0,55,247.297
2026-06-26T12:51:00.284771+00:00,scheduler,0,6,9009.9,11264.0,40,54.52
2026-06-26T12:51:00.284771+00:00,scheduler,1,100,10929.9,11264.0,55,243.279
2026-06-26T12:51:05.291554+00:00,scheduler,0,2,9009.9,11264.0,40,54.101
2026-06-26T12:51:05.291554+00:00,scheduler,1,100,10929.9,11264.0,56,244.627
2026-06-26T12:51:10.305840+00:00,scheduler,0,1,9009.9,11264.0,40,53.771
2026-06-26T12:51:10.305840+00:00,scheduler,1,100,10929.9,11264.0,56,247.728
2026-06-26T12:51:15.326541+00:00,scheduler,0,1,9009.9,11264.0,40,54.449
2026-06-26T12:51:15.326541+00:00,scheduler,1,100,10929.9,11264.0,57,247.84
2026-06-26T12:51:20.340171+00:00,scheduler,0,1,9009.9,11264.0,40,54.596
2026-06-26T12:51:20.340171+00:00,scheduler,1,100,10929.9,11264.0,57,258.041
2026-06-26T12:51:25.354154+00:00,scheduler,0,1,9009.9,11264.0,40,54.53
2026-06-26T12:51:25.354154+00:00,scheduler,1,100,10929.9,11264.0,57,246.689
2026-06-26T12:51:30.361743+00:00,scheduler,0,23,8383.9,11264.0,41,54.464
2026-06-26T12:51:30.361743+00:00,scheduler,1,100,10929.9,11264.0,57,253.224
2026-06-26T12:51:35.373956+00:00,scheduler,0,100,11163.9,11264.0,48,253.561
2026-06-26T12:51:35.373956+00:00,scheduler,1,100,10929.9,11264.0,57,250.424
2026-06-26T12:51:40.384435+00:00,scheduler,0,100,11165.9,11264.0,50,247.708
2026-06-26T12:51:40.384435+00:00,scheduler,1,100,10929.9,11264.0,57,247.48
2026-06-26T12:51:45.398212+00:00,scheduler,0,100,11165.9,11264.0,51,248.383
2026-06-26T12:51:45.398212+00:00,scheduler,1,100,10929.9,11264.0,57,241.067
2026-06-26T12:51:50.406161+00:00,scheduler,0,100,11167.9,11264.0,52,244.965
2026-06-26T12:51:50.406161+00:00,scheduler,1,100,10929.9,11264.0,57,246.414
2026-06-26T12:51:55.414682+00:00,scheduler,0,100,11167.9,11264.0,53,247.945
2026-06-26T12:51:55.414682+00:00,scheduler,1,100,10929.9,11264.0,57,248.35
2026-06-26T12:52:00.422218+00:00,scheduler,0,100,11167.9,11264.0,54,249.401
2026-06-26T12:52:00.422218+00:00,scheduler,1,100,10929.9,11264.0,57,251.592
2026-06-26T12:52:05.436212+00:00,scheduler,0,100,11167.9,11264.0,55,246.905
2026-06-26T12:52:05.436212+00:00,scheduler,1,100,10929.9,11264.0,57,240.789
2026-06-26T12:52:10.446381+00:00,scheduler,0,100,11167.9,11264.0,56,249.426
2026-06-26T12:52:10.446381+00:00,scheduler,1,100,10929.9,11264.0,57,252.465
2026-06-26T12:52:15.452479+00:00,scheduler,0,100,11167.9,11264.0,57,245.338
2026-06-26T12:52:15.452479+00:00,scheduler,1,100,10929.9,11264.0,57,251.542
2026-06-26T12:52:20.459928+00:00,scheduler,0,100,11167.9,11264.0,57,254.188
2026-06-26T12:52:20.459928+00:00,scheduler,1,46,10929.9,11264.0,54,76.426
2026-06-26T12:52:25.472001+00:00,scheduler,0,100,11167.9,11264.0,58,256.198
2026-06-26T12:52:25.472001+00:00,scheduler,1,2,10929.9,11264.0,50,55.532
2026-06-26T12:52:30.480819+00:00,scheduler,0,100,11167.9,11264.0,58,245.783
2026-06-26T12:52:30.480819+00:00,scheduler,1,1,10929.9,11264.0,48,55.249
2026-06-26T12:52:35.493191+00:00,scheduler,0,100,11167.9,11264.0,59,246.316
2026-06-26T12:52:35.493191+00:00,scheduler,1,2,10929.9,11264.0,47,54.822
2026-06-26T12:52:40.503771+00:00,scheduler,0,100,11167.9,11264.0,59,247.726
2026-06-26T12:52:40.503771+00:00,scheduler,1,1,10929.9,11264.0,46,54.416
2026-06-26T12:52:45.517536+00:00,scheduler,0,100,11167.9,11264.0,59,236.604
2026-06-26T12:52:45.517536+00:00,scheduler,1,1,10929.9,11264.0,45,53.981
2026-06-26T12:52:50.533833+00:00,scheduler,0,100,11167.9,11264.0,59,234.486
2026-06-26T12:52:50.533833+00:00,scheduler,1,1,10929.9,11264.0,45,53.228
2026-06-26T12:52:55.539545+00:00,scheduler,0,100,11167.9,11264.0,59,246.102
2026-06-26T12:52:55.539545+00:00,scheduler,1,1,10929.9,11264.0,44,53.849
2026-06-26T12:53:00.551489+00:00,scheduler,0,100,11167.9,11264.0,59,244.629
2026-06-26T12:53:00.551489+00:00,scheduler,1,15,891.9,11264.0,45,73.199
2026-06-26T12:53:05.560257+00:00,scheduler,0,100,11167.9,11264.0,60,238.102
2026-06-26T12:53:05.560257+00:00,scheduler,1,9,885.9,11264.0,45,73.171
2026-06-26T12:53:10.567990+00:00,scheduler,0,100,11167.9,11264.0,60,242.654
2026-06-26T12:53:10.567990+00:00,scheduler,1,0,885.9,11264.0,44,53.492
2026-06-26T12:53:15.575766+00:00,scheduler,0,100,11167.9,11264.0,60,246.908
2026-06-26T12:53:15.575766+00:00,scheduler,1,0,885.9,11264.0,43,53.233
2026-06-26T12:53:20.585936+00:00,scheduler,0,100,11167.9,11264.0,60,248.708
2026-06-26T12:53:20.585936+00:00,scheduler,1,0,885.9,11264.0,43,53.189
2026-06-26T12:53:25.596323+00:00,scheduler,0,100,11167.9,11264.0,60,237.431
2026-06-26T12:53:25.596323+00:00,scheduler,1,0,885.9,11264.0,40,3.794
2026-06-26T12:53:30.606640+00:00,scheduler,0,100,11167.9,11264.0,60,246.294
2026-06-26T12:53:30.606640+00:00,scheduler,1,0,885.9,11264.0,39,2.975
2026-06-26T12:53:35.616824+00:00,scheduler,0,100,11167.9,11264.0,60,242.999
2026-06-26T12:53:35.616824+00:00,scheduler,1,0,667.9,11264.0,38,3.59
2026-06-26T12:53:40.626625+00:00,scheduler,0,37,11167.9,11264.0,56,87.313
2026-06-26T12:53:40.626625+00:00,scheduler,1,0,667.9,11264.0,37,3.277
2026-06-26T12:53:45.636231+00:00,scheduler,0,2,11167.9,11264.0,53,57.617
2026-06-26T12:53:45.636231+00:00,scheduler,1,0,667.9,11264.0,37,3.529
2026-06-26T12:53:50.647747+00:00,scheduler,0,8,11167.9,11264.0,51,57.48
2026-06-26T12:53:50.647747+00:00,scheduler,1,0,667.9,11264.0,36,3.323
2026-06-26T12:53:55.661541+00:00,scheduler,0,81,5223.9,11264.0,55,246.827
2026-06-26T12:53:55.661541+00:00,scheduler,1,0,667.9,11264.0,36,4.228
2026-06-26T12:54:00.673019+00:00,scheduler,0,0,1123.9,11264.0,50,57.02
2026-06-26T12:54:00.673019+00:00,scheduler,1,0,667.9,11264.0,35,3.053
2026-06-26T12:54:05.681985+00:00,scheduler,0,0,1123.9,11264.0,49,56.351
2026-06-26T12:54:05.681985+00:00,scheduler,1,0,667.9,11264.0,35,3.284
2026-06-26T12:54:10.690993+00:00,scheduler,0,0,1123.9,11264.0,48,56.742
2026-06-26T12:54:10.690993+00:00,scheduler,1,0,667.9,11264.0,35,3.543
2026-06-26T12:54:15.699959+00:00,scheduler,0,0,1123.9,11264.0,45,3.749
2026-06-26T12:54:15.699959+00:00,scheduler,1,0,665.9,11264.0,35,3.436
2026-06-26T12:54:20.713470+00:00,scheduler,0,0,905.9,11264.0,44,3.416
2026-06-26T12:54:20.713470+00:00,scheduler,1,0,665.9,11264.0,34,3.36
2026-06-26T12:54:25.726419+00:00,scheduler,0,0,905.9,11264.0,43,3.447
2026-06-26T12:54:25.726419+00:00,scheduler,1,0,665.9,11264.0,34,3.192
2026-06-26T12:54:30.739119+00:00,scheduler,0,0,905.9,11264.0,42,3.112
2026-06-26T12:54:30.739119+00:00,scheduler,1,0,665.9,11264.0,34,3.26
2026-06-26T12:54:35.751673+00:00,scheduler,0,0,905.9,11264.0,41,3.022
2026-06-26T12:54:35.751673+00:00,scheduler,1,0,665.9,11264.0,34,3.144
2026-06-26T12:54:40.764168+00:00,scheduler,0,0,905.9,11264.0,41,3.073
2026-06-26T12:54:40.764168+00:00,scheduler,1,0,665.9,11264.0,34,2.784
2026-06-26T12:54:45.776790+00:00,scheduler,0,0,905.9,11264.0,40,2.973
2026-06-26T12:54:45.776790+00:00,scheduler,1,0,665.9,11264.0,33,3.041
2026-06-26T12:54:50.789234+00:00,scheduler,0,0,905.9,11264.0,40,2.653
2026-06-26T12:54:50.789234+00:00,scheduler,1,0,665.9,11264.0,33,3.367
2026-06-26T12:54:55.801920+00:00,scheduler,0,0,905.9,11264.0,39,3.14
2026-06-26T12:54:55.801920+00:00,scheduler,1,0,665.9,11264.0,33,2.768
2026-06-26T12:55:00.814723+00:00,scheduler,0,0,905.9,11264.0,39,2.802
2026-06-26T12:55:00.814723+00:00,scheduler,1,0,665.9,11264.0,33,3.313
2026-06-26T12:55:05.827475+00:00,scheduler,0,0,905.9,11264.0,38,3.534
2026-06-26T12:55:05.827475+00:00,scheduler,1,0,665.9,11264.0,33,2.872
2026-06-26T12:55:10.840384+00:00,scheduler,0,0,905.9,11264.0,38,2.984
2026-06-26T12:55:10.840384+00:00,scheduler,1,0,665.9,11264.0,33,3.341
2026-06-26T12:55:15.852949+00:00,scheduler,0,0,905.9,11264.0,38,3.085
2026-06-26T12:55:15.852949+00:00,scheduler,1,0,665.9,11264.0,32,2.981
2026-06-26T12:55:20.865315+00:00,scheduler,0,0,905.9,11264.0,37,3.262
2026-06-26T12:55:20.865315+00:00,scheduler,1,0,665.9,11264.0,32,3.143
2026-06-26T12:55:25.877808+00:00,scheduler,0,0,905.9,11264.0,37,3.031
2026-06-26T12:55:25.877808+00:00,scheduler,1,0,665.9,11264.0,32,2.83
2026-06-26T12:55:30.890271+00:00,scheduler,0,0,903.9,11264.0,37,3.701
2026-06-26T12:55:30.890271+00:00,scheduler,1,0,665.9,11264.0,32,3.098
2026-06-26T12:55:35.903299+00:00,scheduler,0,0,903.9,11264.0,37,3.204
2026-06-26T12:55:35.903299+00:00,scheduler,1,0,665.9,11264.0,32,3.138
2026-06-26T12:55:40.915910+00:00,scheduler,0,0,903.9,11264.0,37,3.071
2026-06-26T12:55:40.915910+00:00,scheduler,1,0,665.9,11264.0,32,2.952
2026-06-26T12:55:45.928572+00:00,scheduler,0,0,903.9,11264.0,36,3.295
2026-06-26T12:55:45.928572+00:00,scheduler,1,0,665.9,11264.0,32,3.232
2026-06-26T12:55:50.941101+00:00,scheduler,0,0,903.9,11264.0,36,3.216
2026-06-26T12:55:50.941101+00:00,scheduler,1,0,665.9,11264.0,32,2.825
2026-06-26T12:55:55.954402+00:00,scheduler,0,0,903.9,11264.0,36,3.074
2026-06-26T12:55:55.954402+00:00,scheduler,1,0,665.9,11264.0,32,3.236
2026-06-26T12:56:00.966824+00:00,scheduler,0,0,903.9,11264.0,36,3.391
2026-06-26T12:56:00.966824+00:00,scheduler,1,3,1407.9,11264.0,34,50.566
2026-06-26T12:56:05.975872+00:00,scheduler,0,0,903.9,11264.0,36,3.25
2026-06-26T12:56:05.975872+00:00,scheduler,1,1,2203.9,11264.0,35,50.9
2026-06-26T12:56:10.994256+00:00,scheduler,0,0,903.9,11264.0,36,3.637
2026-06-26T12:56:10.994256+00:00,scheduler,1,1,2959.9,11264.0,36,50.727
2026-06-26T12:56:16.009103+00:00,scheduler,0,0,903.9,11264.0,36,2.891
2026-06-26T12:56:16.009103+00:00,scheduler,1,2,3891.9,11264.0,36,50.524
2026-06-26T12:56:21.018622+00:00,scheduler,0,0,903.9,11264.0,35,3.499
2026-06-26T12:56:21.018622+00:00,scheduler,1,1,4667.9,11264.0,36,50.931
2026-06-26T12:56:26.027602+00:00,scheduler,0,0,903.9,11264.0,35,2.9
2026-06-26T12:56:26.027602+00:00,scheduler,1,2,5395.9,11264.0,37,50.869
2026-06-26T12:56:31.038947+00:00,scheduler,0,0,903.9,11264.0,35,3.104
2026-06-26T12:56:31.038947+00:00,scheduler,1,1,6355.9,11264.0,37,50.749
2026-06-26T12:56:36.061420+00:00,scheduler,0,0,903.9,11264.0,35,3.918
2026-06-26T12:56:36.061420+00:00,scheduler,1,69,8771.9,11264.0,44,249.235
2026-06-26T12:56:41.070359+00:00,scheduler,0,0,903.9,11264.0,35,2.997
2026-06-26T12:56:41.070359+00:00,scheduler,1,1,8771.9,11264.0,38,51.316
2026-06-26T12:56:46.079332+00:00,scheduler,0,0,903.9,11264.0,35,3.476
2026-06-26T12:56:46.079332+00:00,scheduler,1,2,8771.9,11264.0,38,50.832
2026-06-26T12:56:51.088309+00:00,scheduler,0,0,903.9,11264.0,35,3.097
2026-06-26T12:56:51.088309+00:00,scheduler,1,2,8771.9,11264.0,38,51.245
2026-06-26T12:56:56.097936+00:00,scheduler,0,0,903.9,11264.0,35,2.696
2026-06-26T12:56:56.097936+00:00,scheduler,1,2,8771.9,11264.0,38,51.225
2026-06-26T12:57:01.106787+00:00,scheduler,0,0,903.9,11264.0,35,2.799
2026-06-26T12:57:01.106787+00:00,scheduler,1,2,8771.9,11264.0,38,51.291
2026-06-26T12:57:06.119269+00:00,scheduler,0,16,7961.9,11264.0,38,52.977
2026-06-26T12:57:06.119269+00:00,scheduler,1,25,1809.9,11264.0,40,72.46
2026-06-26T12:57:11.124856+00:00,scheduler,0,3,9009.9,11264.0,42,76.148
2026-06-26T12:57:11.124856+00:00,scheduler,1,100,10927.9,11264.0,45,244.491
2026-06-26T12:57:16.132709+00:00,scheduler,0,2,9009.9,11264.0,40,53.9
2026-06-26T12:57:16.132709+00:00,scheduler,1,100,10927.9,11264.0,47,256.079
2026-06-26T12:57:21.141690+00:00,scheduler,0,2,9009.9,11264.0,40,53.965
2026-06-26T12:57:21.141690+00:00,scheduler,1,100,10929.9,11264.0,49,249.896
2026-06-26T12:57:26.151171+00:00,scheduler,0,9,9009.9,11264.0,40,53.871
2026-06-26T12:57:26.151171+00:00,scheduler,1,100,10929.9,11264.0,50,246.174
2026-06-26T12:57:31.157544+00:00,scheduler,0,4,3037.9,11264.0,40,54.315
2026-06-26T12:57:31.157544+00:00,scheduler,1,100,10929.9,11264.0,51,248.027
2026-06-26T12:57:36.163174+00:00,scheduler,0,3,4603.9,11264.0,40,54.143
2026-06-26T12:57:36.163174+00:00,scheduler,1,100,10929.9,11264.0,52,252.099
2026-06-26T12:57:41.169085+00:00,scheduler,0,2,6241.9,11264.0,40,54.012
2026-06-26T12:57:41.169085+00:00,scheduler,1,100,10929.9,11264.0,53,247.267
2026-06-26T12:57:46.177086+00:00,scheduler,0,1,6943.9,11264.0,41,54.262
2026-06-26T12:57:46.177086+00:00,scheduler,1,100,10929.9,11264.0,53,254.493
2026-06-26T12:57:51.186540+00:00,scheduler,0,1,7807.9,11264.0,41,53.959
2026-06-26T12:57:51.186540+00:00,scheduler,1,100,10929.9,11264.0,54,244.809
2026-06-26T12:57:56.193387+00:00,scheduler,0,1,8383.9,11264.0,41,54.166
2026-06-26T12:57:56.193387+00:00,scheduler,1,100,10929.9,11264.0,55,249.071
2026-06-26T12:58:01.204775+00:00,scheduler,0,100,11165.9,11264.0,49,247.584
2026-06-26T12:58:01.204775+00:00,scheduler,1,100,10929.9,11264.0,55,247.721
2026-06-26T12:58:06.210245+00:00,scheduler,0,100,11167.9,11264.0,50,246.613
2026-06-26T12:58:06.210245+00:00,scheduler,1,100,10929.9,11264.0,56,250.978
2026-06-26T12:58:11.218294+00:00,scheduler,0,100,11167.9,11264.0,51,250.376
2026-06-26T12:58:11.218294+00:00,scheduler,1,100,10929.9,11264.0,56,241.33
2026-06-26T12:58:16.225337+00:00,scheduler,0,100,11167.9,11264.0,52,241.5
2026-06-26T12:58:16.225337+00:00,scheduler,1,100,10929.9,11264.0,56,248.098
2026-06-26T12:58:21.233999+00:00,scheduler,0,100,11167.9,11264.0,53,247.018
2026-06-26T12:58:21.233999+00:00,scheduler,1,100,10929.9,11264.0,57,246.154
2026-06-26T12:58:26.240250+00:00,scheduler,0,100,11167.9,11264.0,54,240.004
2026-06-26T12:58:26.240250+00:00,scheduler,1,100,10929.9,11264.0,57,251.066
2026-06-26T12:58:31.245766+00:00,scheduler,0,100,11167.9,11264.0,55,238.265
2026-06-26T12:58:31.245766+00:00,scheduler,1,100,10929.9,11264.0,57,251.016
2026-06-26T12:58:36.253811+00:00,scheduler,0,100,11167.9,11264.0,56,246.452
2026-06-26T12:58:36.253811+00:00,scheduler,1,100,10929.9,11264.0,57,248.308
2026-06-26T12:58:41.260652+00:00,scheduler,0,100,11167.9,11264.0,57,245.421
2026-06-26T12:58:41.260652+00:00,scheduler,1,100,10929.9,11264.0,57,244.222
2026-06-26T12:58:46.266270+00:00,scheduler,0,100,11167.9,11264.0,57,237.56
2026-06-26T12:58:46.266270+00:00,scheduler,1,100,10929.9,11264.0,57,246.402
2026-06-26T12:58:51.271813+00:00,scheduler,0,100,11167.9,11264.0,58,238.377
2026-06-26T12:58:51.271813+00:00,scheduler,1,100,10929.9,11264.0,57,251.527
2026-06-26T12:58:56.278477+00:00,scheduler,0,100,11167.9,11264.0,58,250.031
2026-06-26T12:58:56.278477+00:00,scheduler,1,100,10929.9,11264.0,57,247.199
2026-06-26T12:59:01.283933+00:00,scheduler,0,100,11167.9,11264.0,59,241.263
2026-06-26T12:59:01.283933+00:00,scheduler,1,100,10929.9,11264.0,57,241.082
2026-06-26T12:59:06.289350+00:00,scheduler,0,100,11167.9,11264.0,59,239.819
2026-06-26T12:59:06.289350+00:00,scheduler,1,100,10929.9,11264.0,57,250.142
2026-06-26T12:59:11.297536+00:00,scheduler,0,100,11167.9,11264.0,59,238.764
2026-06-26T12:59:11.297536+00:00,scheduler,1,100,10929.9,11264.0,57,252.848
2026-06-26T12:59:16.303053+00:00,scheduler,0,100,11167.9,11264.0,59,250.23
2026-06-26T12:59:16.303053+00:00,scheduler,1,100,10929.9,11264.0,57,248.67
2026-06-26T12:59:21.308565+00:00,scheduler,0,100,11167.9,11264.0,59,241.431
2026-06-26T12:59:21.308565+00:00,scheduler,1,100,10929.9,11264.0,57,253.148
2026-06-26T12:59:26.316798+00:00,scheduler,0,100,11167.9,11264.0,59,236.775
2026-06-26T12:59:26.316798+00:00,scheduler,1,100,10929.9,11264.0,57,248.822
2026-06-26T12:59:31.325399+00:00,scheduler,0,100,11167.9,11264.0,59,247.206
2026-06-26T12:59:31.325399+00:00,scheduler,1,100,10929.9,11264.0,57,254.368
2026-06-26T12:59:36.331455+00:00,scheduler,0,100,11167.9,11264.0,59,239.813
2026-06-26T12:59:36.331455+00:00,scheduler,1,100,10929.9,11264.0,57,246.787
2026-06-26T12:59:41.339726+00:00,scheduler,0,100,11167.9,11264.0,60,244.908
2026-06-26T12:59:41.339726+00:00,scheduler,1,100,10929.9,11264.0,57,242.103
2026-06-26T12:59:46.345406+00:00,scheduler,0,100,11167.9,11264.0,60,245.398
2026-06-26T12:59:46.345406+00:00,scheduler,1,100,10929.9,11264.0,57,254.388
2026-06-26T12:59:51.351524+00:00,scheduler,0,100,11167.9,11264.0,59,249.682
2026-06-26T12:59:51.351524+00:00,scheduler,1,100,10929.9,11264.0,57,241.557
2026-06-26T12:59:56.359978+00:00,scheduler,0,100,11167.9,11264.0,60,248.463
2026-06-26T12:59:56.359978+00:00,scheduler,1,100,10929.9,11264.0,57,247.338
2026-06-26T13:00:01.369137+00:00,scheduler,0,100,11167.9,11264.0,60,247.522
2026-06-26T13:00:01.369137+00:00,scheduler,1,100,10929.9,11264.0,57,244.811
2026-06-26T13:00:06.377068+00:00,scheduler,0,100,11167.9,11264.0,60,245.603
2026-06-26T13:00:06.377068+00:00,scheduler,1,100,10929.9,11264.0,57,249.258
2026-06-26T13:00:11.384766+00:00,scheduler,0,100,11167.9,11264.0,60,241.91
2026-06-26T13:00:11.384766+00:00,scheduler,1,100,10929.9,11264.0,57,249.277
2026-06-26T13:00:16.393516+00:00,scheduler,0,100,11167.9,11264.0,60,249.484
2026-06-26T13:00:16.393516+00:00,scheduler,1,100,10929.9,11264.0,57,243.822
2026-06-26T13:00:21.401896+00:00,scheduler,0,100,11167.9,11264.0,59,242.148
2026-06-26T13:00:21.401896+00:00,scheduler,1,100,10929.9,11264.0,57,247.519
2026-06-26T13:00:26.411609+00:00,scheduler,0,100,11167.9,11264.0,60,238.616
2026-06-26T13:00:26.411609+00:00,scheduler,1,100,10929.9,11264.0,57,239.331
2026-06-26T13:00:31.423370+00:00,scheduler,0,100,11167.9,11264.0,60,244.797
2026-06-26T13:00:31.423370+00:00,scheduler,1,100,10929.9,11264.0,57,247.119
2026-06-26T13:00:36.430136+00:00,scheduler,0,100,11167.9,11264.0,60,244.994
2026-06-26T13:00:36.430136+00:00,scheduler,1,100,10929.9,11264.0,57,252.029
2026-06-26T13:00:41.437041+00:00,scheduler,0,100,11167.9,11264.0,60,245.083
2026-06-26T13:00:41.437041+00:00,scheduler,1,100,10929.9,11264.0,57,248.633
2026-06-26T13:00:46.445086+00:00,scheduler,0,100,11167.9,11264.0,60,248.041
2026-06-26T13:00:46.445086+00:00,scheduler,1,100,10929.9,11264.0,57,246.223
2026-06-26T13:00:51.453709+00:00,scheduler,0,100,11167.9,11264.0,60,255.47
2026-06-26T13:00:51.453709+00:00,scheduler,1,100,10929.9,11264.0,57,246.557
2026-06-26T13:00:56.467831+00:00,scheduler,0,100,11167.9,11264.0,60,249.889
2026-06-26T13:00:56.467831+00:00,scheduler,1,100,10929.9,11264.0,57,247.319
2026-06-26T13:01:01.476365+00:00,scheduler,0,100,11167.9,11264.0,60,241.798
2026-06-26T13:01:01.476365+00:00,scheduler,1,100,10929.9,11264.0,57,241.519
2026-06-26T13:01:06.482123+00:00,scheduler,0,100,11167.9,11264.0,60,242.55
2026-06-26T13:01:06.482123+00:00,scheduler,1,100,10929.9,11264.0,57,252.338
2026-06-26T13:01:11.492873+00:00,scheduler,0,100,11167.9,11264.0,60,238.838
2026-06-26T13:01:11.492873+00:00,scheduler,1,100,10929.9,11264.0,57,248.097
2026-06-26T13:01:16.499546+00:00,scheduler,0,100,11167.9,11264.0,60,246.742
2026-06-26T13:01:16.499546+00:00,scheduler,1,100,10929.9,11264.0,57,244.268
2026-06-26T13:01:21.507539+00:00,scheduler,0,100,11167.9,11264.0,60,245.876
2026-06-26T13:01:21.507539+00:00,scheduler,1,100,10929.9,11264.0,57,244.822
2026-06-26T13:01:26.517614+00:00,scheduler,0,100,11167.9,11264.0,60,244.263
2026-06-26T13:01:26.517614+00:00,scheduler,1,100,10929.9,11264.0,57,240.841
2026-06-26T13:01:31.526548+00:00,scheduler,0,100,11167.9,11264.0,60,247.778
2026-06-26T13:01:31.526548+00:00,scheduler,1,100,10929.9,11264.0,57,247.8
2026-06-26T13:01:36.537613+00:00,scheduler,0,100,11167.9,11264.0,60,244.845
2026-06-26T13:01:36.537613+00:00,scheduler,1,100,10929.9,11264.0,57,252.198
2026-06-26T13:01:41.546431+00:00,scheduler,0,100,11167.9,11264.0,60,246.681
2026-06-26T13:01:41.546431+00:00,scheduler,1,100,10929.9,11264.0,57,254.849
2026-06-26T13:01:46.553347+00:00,scheduler,0,100,11167.9,11264.0,60,255.562
2026-06-26T13:01:46.553347+00:00,scheduler,1,100,10929.9,11264.0,57,249.611
2026-06-26T13:01:51.559975+00:00,scheduler,0,100,11167.9,11264.0,60,247.396
2026-06-26T13:01:51.559975+00:00,scheduler,1,100,10929.9,11264.0,57,247.011
2026-06-26T13:01:56.568208+00:00,scheduler,0,100,11167.9,11264.0,60,250.022
2026-06-26T13:01:56.568208+00:00,scheduler,1,100,10929.9,11264.0,57,244.146
2026-06-26T13:02:01.575621+00:00,scheduler,0,100,11167.9,11264.0,60,239.868
2026-06-26T13:02:01.575621+00:00,scheduler,1,100,10929.9,11264.0,57,253.061
2026-06-26T13:02:06.584918+00:00,scheduler,0,100,11167.9,11264.0,60,239.695
2026-06-26T13:02:06.584918+00:00,scheduler,1,100,10929.9,11264.0,57,247.265
2026-06-26T13:02:11.590963+00:00,scheduler,0,100,11167.9,11264.0,60,243.046
2026-06-26T13:02:11.590963+00:00,scheduler,1,100,10929.9,11264.0,57,239.871
2026-06-26T13:02:16.598332+00:00,scheduler,0,100,11167.9,11264.0,59,245.972
2026-06-26T13:02:16.598332+00:00,scheduler,1,100,10929.9,11264.0,57,245.425
2026-06-26T13:02:21.603981+00:00,scheduler,0,100,11167.9,11264.0,60,253.705
2026-06-26T13:02:21.603981+00:00,scheduler,1,100,10929.9,11264.0,57,249.119
2026-06-26T13:02:26.610718+00:00,scheduler,0,100,11167.9,11264.0,60,247.765
2026-06-26T13:02:26.610718+00:00,scheduler,1,100,10929.9,11264.0,57,250.933
2026-06-26T13:02:31.616068+00:00,scheduler,0,100,11167.9,11264.0,60,249.334
2026-06-26T13:02:31.616068+00:00,scheduler,1,100,10929.9,11264.0,57,245.119
2026-06-26T13:02:36.621921+00:00,scheduler,0,100,11167.9,11264.0,60,251.944
2026-06-26T13:02:36.621921+00:00,scheduler,1,100,10929.9,11264.0,57,253.772
2026-06-26T13:02:41.629616+00:00,scheduler,0,100,11167.9,11264.0,60,237.957
2026-06-26T13:02:41.629616+00:00,scheduler,1,100,10929.9,11264.0,57,254.941
2026-06-26T13:02:46.638019+00:00,scheduler,0,100,11167.9,11264.0,59,249.626
2026-06-26T13:02:46.638019+00:00,scheduler,1,100,10929.9,11264.0,57,247.366
2026-06-26T13:02:51.647816+00:00,scheduler,0,100,11167.9,11264.0,60,241.303
2026-06-26T13:02:51.647816+00:00,scheduler,1,100,10929.9,11264.0,57,251.174
2026-06-26T13:02:56.653378+00:00,scheduler,0,100,11167.9,11264.0,60,241.913
2026-06-26T13:02:56.653378+00:00,scheduler,1,1,10929.9,11264.0,52,56.419
2026-06-26T13:03:01.670016+00:00,scheduler,0,100,11167.9,11264.0,59,250.894
2026-06-26T13:03:01.670016+00:00,scheduler,1,1,10929.9,11264.0,49,55.26
2026-06-26T13:03:06.676973+00:00,scheduler,0,100,11167.9,11264.0,59,243.882
2026-06-26T13:03:06.676973+00:00,scheduler,1,2,10929.9,11264.0,48,55.023
2026-06-26T13:03:11.687208+00:00,scheduler,0,100,11167.9,11264.0,59,249.349
2026-06-26T13:03:11.687208+00:00,scheduler,1,1,10929.9,11264.0,47,54.144
2026-06-26T13:03:16.696011+00:00,scheduler,0,100,11167.9,11264.0,59,249.188
2026-06-26T13:03:16.696011+00:00,scheduler,1,1,10929.9,11264.0,46,53.915
2026-06-26T13:03:21.710865+00:00,scheduler,0,100,11167.9,11264.0,59,246.882
2026-06-26T13:03:21.710865+00:00,scheduler,1,1,10929.9,11264.0,45,53.712
2026-06-26T13:03:26.722711+00:00,scheduler,0,100,11167.9,11264.0,60,244.108
2026-06-26T13:03:26.722711+00:00,scheduler,1,1,10929.9,11264.0,44,53.351
2026-06-26T13:03:31.732429+00:00,scheduler,0,100,11167.9,11264.0,59,245.184
2026-06-26T13:03:31.732429+00:00,scheduler,1,74,4985.9,11264.0,47,76.783
2026-06-26T13:03:36.737572+00:00,scheduler,0,100,11167.9,11264.0,60,241.616
2026-06-26T13:03:36.737572+00:00,scheduler,1,0,1629.9,11264.0,44,53.086
2026-06-26T13:03:41.744397+00:00,scheduler,0,6,11167.9,11264.0,54,57.858
2026-06-26T13:03:41.744397+00:00,scheduler,1,0,1629.9,11264.0,43,53.331
2026-06-26T13:03:46.750034+00:00,scheduler,0,6,11167.9,11264.0,52,57.424
2026-06-26T13:03:46.750034+00:00,scheduler,1,0,1629.9,11264.0,43,53.175
2026-06-26T13:03:51.759494+00:00,scheduler,0,2,11167.9,11264.0,50,57.374
2026-06-26T13:03:51.759494+00:00,scheduler,1,0,1629.9,11264.0,42,52.662
2026-06-26T13:03:56.764907+00:00,scheduler,0,2,11167.9,11264.0,49,57.135
2026-06-26T13:03:56.764907+00:00,scheduler,1,0,1629.9,11264.0,42,52.49
2026-06-26T13:04:01.777276+00:00,scheduler,0,5,1123.9,11264.0,51,88.347
2026-06-26T13:04:01.777276+00:00,scheduler,1,0,1629.9,11264.0,42,52.449
2026-06-26T13:04:06.783099+00:00,scheduler,0,0,1865.9,11264.0,48,56.623
2026-06-26T13:04:06.783099+00:00,scheduler,1,0,1629.9,11264.0,42,52.32
2026-06-26T13:04:11.788306+00:00,scheduler,0,0,1865.9,11264.0,48,56.629
2026-06-26T13:04:11.788306+00:00,scheduler,1,0,1629.9,11264.0,41,52.581
2026-06-26T13:04:16.793548+00:00,scheduler,0,1,1865.9,11264.0,47,56.412
2026-06-26T13:04:16.793548+00:00,scheduler,1,0,1629.9,11264.0,41,52.451
2026-06-26T13:04:21.798962+00:00,scheduler,0,1,1865.9,11264.0,46,56.258
2026-06-26T13:04:21.798962+00:00,scheduler,1,0,1717.9,11264.0,41,52.593
2026-06-26T13:04:26.804527+00:00,scheduler,0,2,2457.9,11264.0,46,55.948
2026-06-26T13:04:26.804527+00:00,scheduler,1,0,1813.9,11264.0,41,52.053
2026-06-26T13:04:31.809829+00:00,scheduler,0,0,2825.9,11264.0,46,55.92
2026-06-26T13:04:31.809829+00:00,scheduler,1,0,1901.9,11264.0,41,52.45
2026-06-26T13:04:36.816311+00:00,scheduler,0,0,3029.9,11264.0,45,55.809
2026-06-26T13:04:36.816311+00:00,scheduler,1,0,1997.9,11264.0,41,52.503
2026-06-26T13:04:41.822733+00:00,scheduler,0,1,3301.9,11264.0,45,55.443
2026-06-26T13:04:41.822733+00:00,scheduler,1,0,2105.9,11264.0,41,52.46
2026-06-26T13:04:46.827909+00:00,scheduler,0,0,3505.9,11264.0,45,55.569
2026-06-26T13:04:46.827909+00:00,scheduler,1,0,2201.9,11264.0,40,52.467
2026-06-26T13:04:51.834481+00:00,scheduler,0,1,3805.9,11264.0,44,55.568
2026-06-26T13:04:51.834481+00:00,scheduler,1,0,2289.9,11264.0,40,52.279
2026-06-26T13:04:56.840019+00:00,scheduler,0,0,4077.9,11264.0,44,55.219
2026-06-26T13:04:56.840019+00:00,scheduler,1,0,2405.9,11264.0,40,52.287
2026-06-26T13:05:01.845564+00:00,scheduler,0,0,4397.9,11264.0,44,55.229
2026-06-26T13:05:01.845564+00:00,scheduler,1,0,2541.9,11264.0,40,51.853
2026-06-26T13:05:06.850983+00:00,scheduler,0,1,4717.9,11264.0,44,55.43
2026-06-26T13:05:06.850983+00:00,scheduler,1,0,2609.9,11264.0,40,52.2
2026-06-26T13:05:11.856317+00:00,scheduler,0,1,5057.9,11264.0,44,55.258
2026-06-26T13:05:11.856317+00:00,scheduler,1,0,2725.9,11264.0,40,51.923
2026-06-26T13:05:16.861596+00:00,scheduler,0,1,5445.9,11264.0,44,55.645
2026-06-26T13:05:16.861596+00:00,scheduler,1,0,2833.9,11264.0,40,52.279
2026-06-26T13:05:21.867440+00:00,scheduler,0,1,5881.9,11264.0,44,55.599
2026-06-26T13:05:21.867440+00:00,scheduler,1,0,2929.9,11264.0,40,52.614
2026-06-26T13:05:26.873881+00:00,scheduler,0,1,6337.9,11264.0,43,55.238
2026-06-26T13:05:26.873881+00:00,scheduler,1,0,3017.9,11264.0,40,52.312
2026-06-26T13:05:31.879392+00:00,scheduler,0,1,6841.9,11264.0,43,55.572
2026-06-26T13:05:31.879392+00:00,scheduler,1,0,3161.9,11264.0,40,52.22
2026-06-26T13:05:36.886120+00:00,scheduler,0,1,7277.9,11264.0,43,55.701
2026-06-26T13:05:36.886120+00:00,scheduler,1,0,3317.9,11264.0,40,51.967
2026-06-26T13:05:41.891382+00:00,scheduler,0,1,7665.9,11264.0,43,55.773
2026-06-26T13:05:41.891382+00:00,scheduler,1,0,3385.9,11264.0,40,52.153
2026-06-26T13:05:46.896891+00:00,scheduler,0,1,7909.9,11264.0,43,55.481
2026-06-26T13:05:46.896891+00:00,scheduler,1,0,3549.9,11264.0,40,52.242
2026-06-26T13:05:51.903090+00:00,scheduler,0,1,8345.9,11264.0,43,55.335
2026-06-26T13:05:51.903090+00:00,scheduler,1,0,3609.9,11264.0,40,51.963
2026-06-26T13:05:56.908663+00:00,scheduler,0,88,8999.9,11264.0,50,268.713
2026-06-26T13:05:56.908663+00:00,scheduler,1,0,3753.9,11264.0,40,52.348
2026-06-26T13:06:01.920133+00:00,scheduler,0,10,8999.9,11264.0,44,56.06
2026-06-26T13:06:01.920133+00:00,scheduler,1,0,3841.9,11264.0,40,51.918
2026-06-26T13:06:06.925679+00:00,scheduler,0,26,5701.9,11264.0,45,79.92
2026-06-26T13:06:06.925679+00:00,scheduler,1,0,3937.9,11264.0,40,51.768
2026-06-26T13:06:11.930639+00:00,scheduler,0,100,11165.9,11264.0,51,255.36
2026-06-26T13:06:11.930639+00:00,scheduler,1,0,4093.9,11264.0,40,52.052
2026-06-26T13:06:16.936096+00:00,scheduler,0,100,11165.9,11264.0,52,249.206
2026-06-26T13:06:16.936096+00:00,scheduler,1,0,4181.9,11264.0,40,51.856
2026-06-26T13:06:21.941478+00:00,scheduler,0,100,11167.9,11264.0,53,247.282
2026-06-26T13:06:21.941478+00:00,scheduler,1,0,4325.9,11264.0,40,52.474
2026-06-26T13:06:26.949461+00:00,scheduler,0,100,11167.9,11264.0,54,247.872
2026-06-26T13:06:26.949461+00:00,scheduler,1,0,4433.9,11264.0,40,51.841
2026-06-26T13:06:31.954796+00:00,scheduler,0,100,11167.9,11264.0,55,238.666
2026-06-26T13:06:31.954796+00:00,scheduler,1,0,4617.9,11264.0,40,51.822
2026-06-26T13:06:36.960348+00:00,scheduler,0,100,11167.9,11264.0,56,241.16
2026-06-26T13:06:36.960348+00:00,scheduler,1,0,4713.9,11264.0,40,52.104
2026-06-26T13:06:41.966157+00:00,scheduler,0,100,11167.9,11264.0,56,240.159
2026-06-26T13:06:41.966157+00:00,scheduler,1,0,4869.9,11264.0,40,52.144
2026-06-26T13:06:46.973362+00:00,scheduler,0,100,11167.9,11264.0,57,253.031
2026-06-26T13:06:46.973362+00:00,scheduler,1,0,5005.9,11264.0,40,52.061
2026-06-26T13:06:51.979317+00:00,scheduler,0,100,11167.9,11264.0,57,246.665
2026-06-26T13:06:51.979317+00:00,scheduler,1,0,5161.9,11264.0,40,51.756
2026-06-26T13:06:56.984787+00:00,scheduler,0,100,11167.9,11264.0,58,243.745
2026-06-26T13:06:56.984787+00:00,scheduler,1,1,5441.9,11264.0,40,51.99
2026-06-26T13:07:01.992630+00:00,scheduler,0,100,11167.9,11264.0,58,244.058
2026-06-26T13:07:01.992630+00:00,scheduler,1,1,5877.9,11264.0,40,51.97
2026-06-26T13:07:06.999104+00:00,scheduler,0,100,11167.9,11264.0,58,245.51
2026-06-26T13:07:06.999104+00:00,scheduler,1,1,6217.9,11264.0,40,51.706
2026-06-26T13:07:12.004890+00:00,scheduler,0,100,11167.9,11264.0,59,247.547
2026-06-26T13:07:12.004890+00:00,scheduler,1,1,6673.9,11264.0,40,51.965
2026-06-26T13:07:17.012016+00:00,scheduler,0,100,11167.9,11264.0,59,251.148
2026-06-26T13:07:17.012016+00:00,scheduler,1,1,7197.9,11264.0,40,51.849
2026-06-26T13:07:22.018965+00:00,scheduler,0,100,11167.9,11264.0,59,246.108
2026-06-26T13:07:22.018965+00:00,scheduler,1,1,7721.9,11264.0,40,52.108
2026-06-26T13:07:27.024535+00:00,scheduler,0,100,11167.9,11264.0,59,247.152
2026-06-26T13:07:27.024535+00:00,scheduler,1,1,8265.9,11264.0,40,52.08
2026-06-26T13:07:32.033443+00:00,scheduler,0,100,11167.9,11264.0,59,248.186
2026-06-26T13:07:32.033443+00:00,scheduler,1,29,8763.9,11264.0,42,74.66
2026-06-26T13:07:37.038753+00:00,scheduler,0,100,11167.9,11264.0,59,245.54
2026-06-26T13:07:37.038753+00:00,scheduler,1,26,881.9,11264.0,41,73.979
2026-06-26T13:07:42.046269+00:00,scheduler,0,100,11167.9,11264.0,59,237.352
2026-06-26T13:07:42.046269+00:00,scheduler,1,1,1341.9,11264.0,40,52.32
2026-06-26T13:07:47.052094+00:00,scheduler,0,100,11167.9,11264.0,59,241.816
2026-06-26T13:07:47.052094+00:00,scheduler,1,1,1809.9,11264.0,40,51.836
2026-06-26T13:07:52.058782+00:00,scheduler,0,100,11167.9,11264.0,59,237.827
2026-06-26T13:07:52.058782+00:00,scheduler,1,1,2151.9,11264.0,40,52.509
2026-06-26T13:07:57.064357+00:00,scheduler,0,100,11167.9,11264.0,59,254.079
2026-06-26T13:07:57.064357+00:00,scheduler,1,1,2439.9,11264.0,40,52.212
2026-06-26T13:08:02.073816+00:00,scheduler,0,100,11167.9,11264.0,59,239.552
2026-06-26T13:08:02.073816+00:00,scheduler,1,1,2745.9,11264.0,40,52.154
2026-06-26T13:08:07.082849+00:00,scheduler,0,100,11167.9,11264.0,59,237.235
2026-06-26T13:08:07.082849+00:00,scheduler,1,100,10927.9,11264.0,47,250.374
2026-06-26T13:08:12.088441+00:00,scheduler,0,100,11167.9,11264.0,59,242.097
2026-06-26T13:08:12.088441+00:00,scheduler,1,100,10927.9,11264.0,49,242.493
2026-06-26T13:08:17.095428+00:00,scheduler,0,100,11167.9,11264.0,59,248.339
2026-06-26T13:08:17.095428+00:00,scheduler,1,100,10929.9,11264.0,50,251.571
2026-06-26T13:08:22.105178+00:00,scheduler,0,100,11167.9,11264.0,59,248.193
2026-06-26T13:08:22.105178+00:00,scheduler,1,100,10929.9,11264.0,51,247.76
2026-06-26T13:08:27.113243+00:00,scheduler,0,100,11167.9,11264.0,59,255.683
2026-06-26T13:08:27.113243+00:00,scheduler,1,100,10929.9,11264.0,51,252.488
2026-06-26T13:08:32.120641+00:00,scheduler,0,100,11167.9,11264.0,59,249.573
2026-06-26T13:08:32.120641+00:00,scheduler,1,100,10929.9,11264.0,53,238.453
2026-06-26T13:08:37.131652+00:00,scheduler,0,100,11167.9,11264.0,59,241.772
2026-06-26T13:08:37.131652+00:00,scheduler,1,100,10929.9,11264.0,53,246.218
2026-06-26T13:08:42.139699+00:00,scheduler,0,100,11167.9,11264.0,59,242.441
2026-06-26T13:08:42.139699+00:00,scheduler,1,100,10929.9,11264.0,54,247.038
2026-06-26T13:08:47.147273+00:00,scheduler,0,100,11167.9,11264.0,59,246.949
2026-06-26T13:08:47.147273+00:00,scheduler,1,100,10929.9,11264.0,55,243.239
2026-06-26T13:08:52.156482+00:00,scheduler,0,100,11167.9,11264.0,59,242.642
2026-06-26T13:08:52.156482+00:00,scheduler,1,100,10929.9,11264.0,55,250.359
2026-06-26T13:08:57.161935+00:00,scheduler,0,100,11167.9,11264.0,59,247.744
2026-06-26T13:08:57.161935+00:00,scheduler,1,100,10929.9,11264.0,55,254.029
2026-06-26T13:09:02.170762+00:00,scheduler,0,100,11167.9,11264.0,59,247.505
2026-06-26T13:09:02.170762+00:00,scheduler,1,100,10929.9,11264.0,56,240.999
2026-06-26T13:09:07.178210+00:00,scheduler,0,100,11167.9,11264.0,59,247.209
2026-06-26T13:09:07.178210+00:00,scheduler,1,100,10929.9,11264.0,56,248.389
2026-06-26T13:09:12.187563+00:00,scheduler,0,100,11167.9,11264.0,59,239.757
2026-06-26T13:09:12.187563+00:00,scheduler,1,100,10929.9,11264.0,56,242.199
2026-06-26T13:09:17.193386+00:00,scheduler,0,100,11167.9,11264.0,59,238.819
2026-06-26T13:09:17.193386+00:00,scheduler,1,100,10929.9,11264.0,56,242.814
2026-06-26T13:09:22.201813+00:00,scheduler,0,100,11167.9,11264.0,59,243.93
2026-06-26T13:09:22.201813+00:00,scheduler,1,100,10929.9,11264.0,57,248.694
2026-06-26T13:09:27.210431+00:00,scheduler,0,100,11167.9,11264.0,59,244.445
2026-06-26T13:09:27.210431+00:00,scheduler,1,100,10929.9,11264.0,57,249.052
2026-06-26T13:09:32.218887+00:00,scheduler,0,100,11167.9,11264.0,59,244.288
2026-06-26T13:09:32.218887+00:00,scheduler,1,100,10929.9,11264.0,57,241.659
2026-06-26T13:09:37.228950+00:00,scheduler,0,100,11167.9,11264.0,59,245.627
2026-06-26T13:09:37.228950+00:00,scheduler,1,100,10929.9,11264.0,57,247.715
2026-06-26T13:09:42.235331+00:00,scheduler,0,100,11167.9,11264.0,59,254.936
2026-06-26T13:09:42.235331+00:00,scheduler,1,100,10929.9,11264.0,57,251.8
2026-06-26T13:09:47.240795+00:00,scheduler,0,100,11167.9,11264.0,59,239.771
2026-06-26T13:09:47.240795+00:00,scheduler,1,100,10929.9,11264.0,57,242.151
2026-06-26T13:09:52.248336+00:00,scheduler,0,100,11167.9,11264.0,59,255.468
2026-06-26T13:09:52.248336+00:00,scheduler,1,100,10929.9,11264.0,57,240.148
2026-06-26T13:09:57.257009+00:00,scheduler,0,100,11167.9,11264.0,59,244.58
2026-06-26T13:09:57.257009+00:00,scheduler,1,100,10929.9,11264.0,57,245.657
2026-06-26T13:10:02.262551+00:00,scheduler,0,100,11167.9,11264.0,59,244.854
2026-06-26T13:10:02.262551+00:00,scheduler,1,100,10929.9,11264.0,57,256.675
2026-06-26T13:10:07.269757+00:00,scheduler,0,100,11167.9,11264.0,59,249.462
2026-06-26T13:10:07.269757+00:00,scheduler,1,100,10929.9,11264.0,57,246.467
2026-06-26T13:10:12.279733+00:00,scheduler,0,100,11167.9,11264.0,59,246.058
2026-06-26T13:10:12.279733+00:00,scheduler,1,100,10929.9,11264.0,57,256.213
2026-06-26T13:10:17.286985+00:00,scheduler,0,100,11167.9,11264.0,59,245.898
2026-06-26T13:10:17.286985+00:00,scheduler,1,100,10929.9,11264.0,57,247.383
2026-06-26T13:10:22.293435+00:00,scheduler,0,100,11167.9,11264.0,59,241.956
2026-06-26T13:10:22.293435+00:00,scheduler,1,100,10929.9,11264.0,57,246.27
2026-06-26T13:10:27.299638+00:00,scheduler,0,100,11167.9,11264.0,59,249.958
2026-06-26T13:10:27.299638+00:00,scheduler,1,100,10929.9,11264.0,57,251.239
2026-06-26T13:10:32.309281+00:00,scheduler,0,100,11167.9,11264.0,59,245.692
2026-06-26T13:10:32.309281+00:00,scheduler,1,100,10929.9,11264.0,57,239.858
2026-06-26T13:10:37.316609+00:00,scheduler,0,100,11167.9,11264.0,59,250.613
2026-06-26T13:10:37.316609+00:00,scheduler,1,100,10929.9,11264.0,57,250.193
2026-06-26T13:10:42.327074+00:00,scheduler,0,100,11167.9,11264.0,59,247.164
2026-06-26T13:10:42.327074+00:00,scheduler,1,100,10929.9,11264.0,57,238.721
2026-06-26T13:10:47.333954+00:00,scheduler,0,100,11167.9,11264.0,59,239.793
2026-06-26T13:10:47.333954+00:00,scheduler,1,100,10929.9,11264.0,57,249.236
2026-06-26T13:10:52.339614+00:00,scheduler,0,100,11167.9,11264.0,59,247.097
2026-06-26T13:10:52.339614+00:00,scheduler,1,100,10929.9,11264.0,57,250.165
2026-06-26T13:10:57.346921+00:00,scheduler,0,100,11167.9,11264.0,59,244.702
2026-06-26T13:10:57.346921+00:00,scheduler,1,100,10929.9,11264.0,57,248.004
2026-06-26T13:11:02.354519+00:00,scheduler,0,100,11167.9,11264.0,59,245.451
2026-06-26T13:11:02.354519+00:00,scheduler,1,100,10929.9,11264.0,57,244.479
2026-06-26T13:11:07.364663+00:00,scheduler,0,100,11167.9,11264.0,59,249.532
2026-06-26T13:11:07.364663+00:00,scheduler,1,100,10929.9,11264.0,57,247.048
2026-06-26T13:11:12.370907+00:00,scheduler,0,100,11167.9,11264.0,59,248.713
2026-06-26T13:11:12.370907+00:00,scheduler,1,100,10929.9,11264.0,57,248.003
2026-06-26T13:11:17.378553+00:00,scheduler,0,100,11167.9,11264.0,59,250.165
2026-06-26T13:11:17.378553+00:00,scheduler,1,100,10929.9,11264.0,57,247.482
2026-06-26T13:11:22.387903+00:00,scheduler,0,100,11167.9,11264.0,59,247.931
2026-06-26T13:11:22.387903+00:00,scheduler,1,100,10929.9,11264.0,57,248.269
2026-06-26T13:11:27.397144+00:00,scheduler,0,100,11167.9,11264.0,59,241.39
2026-06-26T13:11:27.397144+00:00,scheduler,1,100,10929.9,11264.0,57,240.074
2026-06-26T13:11:32.402317+00:00,scheduler,0,100,11167.9,11264.0,60,244.822
2026-06-26T13:11:32.402317+00:00,scheduler,1,100,10929.9,11264.0,57,244.407
2026-06-26T13:11:37.409416+00:00,scheduler,0,100,11167.9,11264.0,59,247.539
2026-06-26T13:11:37.409416+00:00,scheduler,1,100,10929.9,11264.0,57,255.774
2026-06-26T13:11:42.416358+00:00,scheduler,0,100,11167.9,11264.0,59,249.045
2026-06-26T13:11:42.416358+00:00,scheduler,1,100,10929.9,11264.0,57,246.427
2026-06-26T13:11:47.424709+00:00,scheduler,0,100,11167.9,11264.0,59,251.434
2026-06-26T13:11:47.424709+00:00,scheduler,1,100,10929.9,11264.0,57,256.901
2026-06-26T13:11:52.431782+00:00,scheduler,0,8,11167.9,11264.0,54,58.003
2026-06-26T13:11:52.431782+00:00,scheduler,1,100,10929.9,11264.0,57,257.066
2026-06-26T13:11:57.439674+00:00,scheduler,0,6,11167.9,11264.0,52,57.427
2026-06-26T13:11:57.439674+00:00,scheduler,1,100,10929.9,11264.0,57,250.543
2026-06-26T13:12:02.445205+00:00,scheduler,0,16,2963.9,11264.0,53,85.566
2026-06-26T13:12:02.445205+00:00,scheduler,1,100,10929.9,11264.0,57,248.813
2026-06-26T13:12:07.450364+00:00,scheduler,0,57,9001.9,11264.0,53,85.486
2026-06-26T13:12:07.450364+00:00,scheduler,1,100,10929.9,11264.0,57,246.958
2026-06-26T13:12:12.455541+00:00,scheduler,0,11,6289.9,11264.0,50,57.702
2026-06-26T13:12:12.455541+00:00,scheduler,1,100,10929.9,11264.0,57,250.453
2026-06-26T13:12:17.461372+00:00,scheduler,0,100,11165.9,11264.0,55,249.788
2026-06-26T13:12:17.461372+00:00,scheduler,1,100,10929.9,11264.0,57,247.317
2026-06-26T13:12:22.466872+00:00,scheduler,0,100,11165.9,11264.0,56,247.708
2026-06-26T13:12:22.466872+00:00,scheduler,1,100,10929.9,11264.0,57,239.938
2026-06-26T13:12:27.474885+00:00,scheduler,0,100,11167.9,11264.0,56,250.234
2026-06-26T13:12:27.474885+00:00,scheduler,1,100,10929.9,11264.0,57,249.341
2026-06-26T13:12:32.484087+00:00,scheduler,0,100,11167.9,11264.0,57,249.563
2026-06-26T13:12:32.484087+00:00,scheduler,1,100,10929.9,11264.0,57,253.953
2026-06-26T13:12:37.493708+00:00,scheduler,0,100,11167.9,11264.0,57,246.298
2026-06-26T13:12:37.493708+00:00,scheduler,1,100,10929.9,11264.0,57,248.996
2026-06-26T13:12:42.504157+00:00,scheduler,0,100,11167.9,11264.0,58,253.052
2026-06-26T13:12:42.504157+00:00,scheduler,1,100,10929.9,11264.0,57,254.078
2026-06-26T13:12:47.513326+00:00,scheduler,0,100,11167.9,11264.0,58,252.496
2026-06-26T13:12:47.513326+00:00,scheduler,1,100,10929.9,11264.0,57,247.579
2026-06-26T13:12:52.522625+00:00,scheduler,0,100,11167.9,11264.0,58,248.573
2026-06-26T13:12:52.522625+00:00,scheduler,1,100,10929.9,11264.0,57,247.314
2026-06-26T13:12:57.531183+00:00,scheduler,0,100,11167.9,11264.0,59,249.405
2026-06-26T13:12:57.531183+00:00,scheduler,1,100,10929.9,11264.0,57,245.337
2026-06-26T13:13:02.540521+00:00,scheduler,0,100,11167.9,11264.0,59,239.717
2026-06-26T13:13:02.540521+00:00,scheduler,1,100,10929.9,11264.0,57,242.103
2026-06-26T13:13:07.550521+00:00,scheduler,0,100,11167.9,11264.0,59,247.251
2026-06-26T13:13:07.550521+00:00,scheduler,1,100,10929.9,11264.0,57,252.677
2026-06-26T13:13:12.556590+00:00,scheduler,0,100,11167.9,11264.0,59,247.044
2026-06-26T13:13:12.556590+00:00,scheduler,1,100,10929.9,11264.0,57,241.776
2026-06-26T13:13:17.565627+00:00,scheduler,0,100,11167.9,11264.0,59,243.5
2026-06-26T13:13:17.565627+00:00,scheduler,1,100,10929.9,11264.0,57,248.842
2026-06-26T13:13:22.571099+00:00,scheduler,0,100,11167.9,11264.0,59,253.431
2026-06-26T13:13:22.571099+00:00,scheduler,1,100,10929.9,11264.0,57,243.229
2026-06-26T13:13:27.582428+00:00,scheduler,0,100,11167.9,11264.0,59,247.144
2026-06-26T13:13:27.582428+00:00,scheduler,1,100,10929.9,11264.0,57,252.587
2026-06-26T13:13:32.591969+00:00,scheduler,0,100,11167.9,11264.0,59,247.636
2026-06-26T13:13:32.591969+00:00,scheduler,1,100,10929.9,11264.0,57,245.216
2026-06-26T13:13:37.598912+00:00,scheduler,0,100,11167.9,11264.0,59,249.405
2026-06-26T13:13:37.598912+00:00,scheduler,1,100,10929.9,11264.0,57,244.654
2026-06-26T13:13:42.605942+00:00,scheduler,0,100,11167.9,11264.0,59,245.714
2026-06-26T13:13:42.605942+00:00,scheduler,1,100,10929.9,11264.0,57,245.73
2026-06-26T13:13:47.618432+00:00,scheduler,0,100,11167.9,11264.0,59,241.564
2026-06-26T13:13:47.618432+00:00,scheduler,1,100,10929.9,11264.0,57,250.119
2026-06-26T13:13:52.631184+00:00,scheduler,0,100,11167.9,11264.0,59,243.667
2026-06-26T13:13:52.631184+00:00,scheduler,1,9,10929.9,11264.0,51,55.632
2026-06-26T13:13:57.638201+00:00,scheduler,0,100,11167.9,11264.0,59,243.724
2026-06-26T13:13:57.638201+00:00,scheduler,1,89,887.9,11264.0,51,75.343
2026-06-26T13:14:02.643374+00:00,scheduler,0,100,11167.9,11264.0,59,254.218
2026-06-26T13:14:02.643374+00:00,scheduler,1,21,8763.9,11264.0,52,249.67
2026-06-26T13:14:07.649367+00:00,scheduler,0,100,11167.9,11264.0,59,254.418
2026-06-26T13:14:07.649367+00:00,scheduler,1,11,8763.9,11264.0,48,54.911
2026-06-26T13:14:12.657131+00:00,scheduler,0,100,11167.9,11264.0,60,246.87
2026-06-26T13:14:12.657131+00:00,scheduler,1,39,10927.9,11264.0,51,252.891
2026-06-26T13:14:17.664938+00:00,scheduler,0,100,11167.9,11264.0,59,247.292
2026-06-26T13:14:17.664938+00:00,scheduler,1,100,10927.9,11264.0,53,247.441
2026-06-26T13:14:22.670332+00:00,scheduler,0,100,11167.9,11264.0,59,252.925
2026-06-26T13:14:22.670332+00:00,scheduler,1,100,10929.9,11264.0,54,255.077
2026-06-26T13:14:27.675879+00:00,scheduler,0,100,11167.9,11264.0,59,253.764
2026-06-26T13:14:27.675879+00:00,scheduler,1,100,10929.9,11264.0,54,249.51
2026-06-26T13:14:32.684201+00:00,scheduler,0,100,11167.9,11264.0,59,246.814
2026-06-26T13:14:32.684201+00:00,scheduler,1,100,10929.9,11264.0,55,246.307
2026-06-26T13:14:37.689868+00:00,scheduler,0,100,11167.9,11264.0,60,248.594
2026-06-26T13:14:37.689868+00:00,scheduler,1,100,10929.9,11264.0,55,247.19
2026-06-26T13:14:42.697076+00:00,scheduler,0,100,11167.9,11264.0,59,248.318
2026-06-26T13:14:42.697076+00:00,scheduler,1,100,10929.9,11264.0,56,249.348
2026-06-26T13:14:47.702559+00:00,scheduler,0,100,11167.9,11264.0,59,242.16
2026-06-26T13:14:47.702559+00:00,scheduler,1,100,10929.9,11264.0,56,245.821
2026-06-26T13:14:52.712068+00:00,scheduler,0,100,11167.9,11264.0,59,252.07
2026-06-26T13:14:52.712068+00:00,scheduler,1,100,10929.9,11264.0,56,241.791
2026-06-26T13:14:57.722024+00:00,scheduler,0,100,11167.9,11264.0,59,246.801
2026-06-26T13:14:57.722024+00:00,scheduler,1,100,10929.9,11264.0,56,247.526
2026-06-26T13:15:02.731746+00:00,scheduler,0,100,11167.9,11264.0,59,236.838
2026-06-26T13:15:02.731746+00:00,scheduler,1,100,10929.9,11264.0,56,249.879
2026-06-26T13:15:07.739716+00:00,scheduler,0,100,11167.9,11264.0,60,241.638
2026-06-26T13:15:07.739716+00:00,scheduler,1,100,10929.9,11264.0,56,252.906
2026-06-26T13:15:12.747396+00:00,scheduler,0,100,11167.9,11264.0,59,248.951
2026-06-26T13:15:12.747396+00:00,scheduler,1,100,10929.9,11264.0,57,249.901
2026-06-26T13:15:17.755594+00:00,scheduler,0,100,11167.9,11264.0,59,247.959
2026-06-26T13:15:17.755594+00:00,scheduler,1,100,10929.9,11264.0,57,248.981
2026-06-26T13:15:22.761371+00:00,scheduler,0,100,11167.9,11264.0,59,253.086
2026-06-26T13:15:22.761371+00:00,scheduler,1,100,10929.9,11264.0,57,251.645
2026-06-26T13:15:27.766804+00:00,scheduler,0,100,11167.9,11264.0,59,250.647
2026-06-26T13:15:27.766804+00:00,scheduler,1,100,10929.9,11264.0,57,240.894
2026-06-26T13:15:32.774696+00:00,scheduler,0,100,11167.9,11264.0,59,249.089
2026-06-26T13:15:32.774696+00:00,scheduler,1,100,10929.9,11264.0,57,250.062
2026-06-26T13:15:37.780334+00:00,scheduler,0,100,11167.9,11264.0,59,255.36
2026-06-26T13:15:37.780334+00:00,scheduler,1,100,10929.9,11264.0,57,243.493
2026-06-26T13:15:42.785743+00:00,scheduler,0,100,11167.9,11264.0,59,237.968
2026-06-26T13:15:42.785743+00:00,scheduler,1,100,10929.9,11264.0,57,253.596
2026-06-26T13:15:47.791013+00:00,scheduler,0,100,11167.9,11264.0,59,246.236
2026-06-26T13:15:47.791013+00:00,scheduler,1,100,10929.9,11264.0,57,240.486
2026-06-26T13:15:52.796529+00:00,scheduler,0,100,11167.9,11264.0,59,246.066
2026-06-26T13:15:52.796529+00:00,scheduler,1,100,10929.9,11264.0,57,246.248
2026-06-26T13:15:57.803819+00:00,scheduler,0,100,11167.9,11264.0,59,253.388
2026-06-26T13:15:57.803819+00:00,scheduler,1,100,10929.9,11264.0,57,241.495
2026-06-26T13:16:02.809248+00:00,scheduler,0,100,11167.9,11264.0,59,245.848
2026-06-26T13:16:02.809248+00:00,scheduler,1,100,10929.9,11264.0,57,248.61
2026-06-26T13:16:07.815958+00:00,scheduler,0,100,11167.9,11264.0,59,247.961
2026-06-26T13:16:07.815958+00:00,scheduler,1,100,10929.9,11264.0,57,254.83
2026-06-26T13:16:12.822213+00:00,scheduler,0,100,11167.9,11264.0,59,257.366
2026-06-26T13:16:12.822213+00:00,scheduler,1,100,10929.9,11264.0,57,248.725
2026-06-26T13:16:17.832141+00:00,scheduler,0,100,11167.9,11264.0,59,240.008
2026-06-26T13:16:17.832141+00:00,scheduler,1,100,10929.9,11264.0,57,247.535
2026-06-26T13:16:22.838478+00:00,scheduler,0,100,11167.9,11264.0,59,246.395
2026-06-26T13:16:22.838478+00:00,scheduler,1,100,10929.9,11264.0,57,245.956
2026-06-26T13:16:27.845732+00:00,scheduler,0,100,11167.9,11264.0,59,248.447
2026-06-26T13:16:27.845732+00:00,scheduler,1,100,10929.9,11264.0,57,255.115
2026-06-26T13:16:32.853883+00:00,scheduler,0,100,11167.9,11264.0,59,241.304
2026-06-26T13:16:32.853883+00:00,scheduler,1,100,10929.9,11264.0,57,244.563
2026-06-26T13:16:37.864841+00:00,scheduler,0,100,11167.9,11264.0,59,245.461
2026-06-26T13:16:37.864841+00:00,scheduler,1,100,10929.9,11264.0,57,257.256
2026-06-26T13:16:42.872768+00:00,scheduler,0,100,11167.9,11264.0,59,251.809
2026-06-26T13:16:42.872768+00:00,scheduler,1,100,10929.9,11264.0,57,246.555
2026-06-26T13:16:47.882047+00:00,scheduler,0,100,11167.9,11264.0,60,253.68
2026-06-26T13:16:47.882047+00:00,scheduler,1,100,10929.9,11264.0,57,245.057
2026-06-26T13:16:52.887625+00:00,scheduler,0,100,11167.9,11264.0,59,239.834
2026-06-26T13:16:52.887625+00:00,scheduler,1,100,10929.9,11264.0,57,250.782
2026-06-26T13:16:57.895655+00:00,scheduler,0,100,11167.9,11264.0,59,246.74
2026-06-26T13:16:57.895655+00:00,scheduler,1,100,10929.9,11264.0,57,240.771
2026-06-26T13:17:02.903406+00:00,scheduler,0,100,11167.9,11264.0,59,247.851
2026-06-26T13:17:02.903406+00:00,scheduler,1,100,10929.9,11264.0,57,250.579
2026-06-26T13:17:07.911569+00:00,scheduler,0,100,11167.9,11264.0,59,243.944
2026-06-26T13:17:07.911569+00:00,scheduler,1,100,10929.9,11264.0,57,242.642
2026-06-26T13:17:12.919396+00:00,scheduler,0,100,11167.9,11264.0,59,249.439
2026-06-26T13:17:12.919396+00:00,scheduler,1,100,10929.9,11264.0,57,241.719
2026-06-26T13:17:17.926218+00:00,scheduler,0,100,11167.9,11264.0,59,254.913
2026-06-26T13:17:17.926218+00:00,scheduler,1,100,10929.9,11264.0,57,249.173
2026-06-26T13:17:22.935947+00:00,scheduler,0,100,11167.9,11264.0,59,239.168
2026-06-26T13:17:22.935947+00:00,scheduler,1,100,10929.9,11264.0,57,246.585
2026-06-26T13:17:27.943560+00:00,scheduler,0,100,11167.9,11264.0,59,247.468
2026-06-26T13:17:27.943560+00:00,scheduler,1,100,10929.9,11264.0,57,240.481
2026-06-26T13:17:32.955442+00:00,scheduler,0,100,11167.9,11264.0,59,250.15
2026-06-26T13:17:32.955442+00:00,scheduler,1,100,10929.9,11264.0,57,246.647
2026-06-26T13:17:37.964973+00:00,scheduler,0,100,11167.9,11264.0,59,248.599
2026-06-26T13:17:37.964973+00:00,scheduler,1,100,10929.9,11264.0,57,256.954
2026-06-26T13:17:42.974794+00:00,scheduler,0,100,11167.9,11264.0,59,246.828
2026-06-26T13:17:42.974794+00:00,scheduler,1,100,10929.9,11264.0,57,249.32
2026-06-26T13:17:47.980395+00:00,scheduler,0,100,11167.9,11264.0,59,250.647
2026-06-26T13:17:47.980395+00:00,scheduler,1,100,10929.9,11264.0,57,242.457
2026-06-26T13:17:52.990764+00:00,scheduler,0,100,11167.9,11264.0,59,253.618
2026-06-26T13:17:52.990764+00:00,scheduler,1,100,10929.9,11264.0,57,248.849
2026-06-26T13:17:58.001247+00:00,scheduler,0,100,11167.9,11264.0,60,242.192
2026-06-26T13:17:58.001247+00:00,scheduler,1,100,10929.9,11264.0,57,250.289
2026-06-26T13:18:03.010572+00:00,scheduler,0,8,11167.9,11264.0,53,57.593
2026-06-26T13:18:03.010572+00:00,scheduler,1,100,10929.9,11264.0,57,248.986
2026-06-26T13:18:08.018387+00:00,scheduler,0,54,1125.9,11264.0,53,85.544
2026-06-26T13:18:08.018387+00:00,scheduler,1,100,10929.9,11264.0,57,243.611
2026-06-26T13:18:13.024486+00:00,scheduler,0,0,1125.9,11264.0,50,57.064
2026-06-26T13:18:13.024486+00:00,scheduler,1,100,10929.9,11264.0,57,249.725
2026-06-26T13:18:18.031966+00:00,scheduler,0,0,1125.9,11264.0,49,56.884
2026-06-26T13:18:18.031966+00:00,scheduler,1,100,10929.9,11264.0,57,248.104
2026-06-26T13:18:23.037475+00:00,scheduler,0,0,1125.9,11264.0,48,56.875
2026-06-26T13:18:23.037475+00:00,scheduler,1,100,10929.9,11264.0,57,251.481
2026-06-26T13:18:28.047688+00:00,scheduler,0,0,1125.9,11264.0,46,3.523
2026-06-26T13:18:28.047688+00:00,scheduler,1,100,10929.9,11264.0,57,242.723
2026-06-26T13:18:33.057199+00:00,scheduler,0,0,1125.9,11264.0,44,3.791
2026-06-26T13:18:33.057199+00:00,scheduler,1,100,10929.9,11264.0,57,246.117
2026-06-26T13:18:38.068684+00:00,scheduler,0,0,903.9,11264.0,43,3.431
2026-06-26T13:18:38.068684+00:00,scheduler,1,100,10929.9,11264.0,57,242.539
2026-06-26T13:18:43.078529+00:00,scheduler,0,0,903.9,11264.0,42,3.037
2026-06-26T13:18:43.078529+00:00,scheduler,1,100,10929.9,11264.0,57,246.515
2026-06-26T13:18:48.089046+00:00,scheduler,0,0,903.9,11264.0,41,3.048
2026-06-26T13:18:48.089046+00:00,scheduler,1,100,10929.9,11264.0,57,243.445
2026-06-26T13:18:53.101548+00:00,scheduler,0,0,903.9,11264.0,41,3.903
2026-06-26T13:18:53.101548+00:00,scheduler,1,100,10929.9,11264.0,57,247.12
2026-06-26T13:18:58.114764+00:00,scheduler,0,0,903.9,11264.0,40,3.712
2026-06-26T13:18:58.114764+00:00,scheduler,1,100,10929.9,11264.0,57,250.053
2026-06-26T13:19:03.126449+00:00,scheduler,0,0,903.9,11264.0,39,2.804
2026-06-26T13:19:03.126449+00:00,scheduler,1,100,10929.9,11264.0,57,252.424
2026-06-26T13:19:08.138716+00:00,scheduler,0,0,903.9,11264.0,39,2.615
2026-06-26T13:19:08.138716+00:00,scheduler,1,100,10929.9,11264.0,57,245.001
2026-06-26T13:19:13.149327+00:00,scheduler,0,0,903.9,11264.0,39,3.196
2026-06-26T13:19:13.149327+00:00,scheduler,1,100,10929.9,11264.0,57,252.28
2026-06-26T13:19:18.162801+00:00,scheduler,0,0,903.9,11264.0,38,2.569
2026-06-26T13:19:18.162801+00:00,scheduler,1,100,10929.9,11264.0,57,249.484
2026-06-26T13:19:23.173263+00:00,scheduler,0,0,903.9,11264.0,38,2.363
2026-06-26T13:19:23.173263+00:00,scheduler,1,100,10929.9,11264.0,57,248.475
2026-06-26T13:19:28.185005+00:00,scheduler,0,0,903.9,11264.0,37,2.602
2026-06-26T13:19:28.185005+00:00,scheduler,1,100,10929.9,11264.0,57,247.762
2026-06-26T13:19:33.194492+00:00,scheduler,0,0,903.9,11264.0,37,2.251
2026-06-26T13:19:33.194492+00:00,scheduler,1,100,10929.9,11264.0,57,255.576
2026-06-26T13:19:38.203235+00:00,scheduler,0,0,903.9,11264.0,37,2.809
2026-06-26T13:19:38.203235+00:00,scheduler,1,100,10929.9,11264.0,57,248.959
2026-06-26T13:19:43.212169+00:00,scheduler,0,0,903.9,11264.0,37,2.549
2026-06-26T13:19:43.212169+00:00,scheduler,1,100,10929.9,11264.0,57,245.566
2026-06-26T13:19:48.221228+00:00,scheduler,0,0,903.9,11264.0,36,3.152
2026-06-26T13:19:48.221228+00:00,scheduler,1,100,10929.9,11264.0,57,243.404
2026-06-26T13:19:53.229944+00:00,scheduler,0,0,903.9,11264.0,36,2.879
2026-06-26T13:19:53.229944+00:00,scheduler,1,100,10929.9,11264.0,57,249.747
2026-06-26T13:19:58.238750+00:00,scheduler,0,0,903.9,11264.0,36,2.961
2026-06-26T13:19:58.238750+00:00,scheduler,1,34,10929.9,11264.0,53,76.057
2026-06-26T13:20:03.247179+00:00,scheduler,0,0,903.9,11264.0,36,2.441
2026-06-26T13:20:03.247179+00:00,scheduler,1,6,10929.9,11264.0,50,55.335
2026-06-26T13:20:08.258892+00:00,scheduler,0,0,903.9,11264.0,36,2.644
2026-06-26T13:20:08.258892+00:00,scheduler,1,3,10929.9,11264.0,48,54.989
2026-06-26T13:20:13.277642+00:00,scheduler,0,0,903.9,11264.0,35,2.631
2026-06-26T13:20:13.277642+00:00,scheduler,1,82,4985.9,11264.0,49,74.541
2026-06-26T13:20:18.286261+00:00,scheduler,0,0,903.9,11264.0,35,2.606
2026-06-26T13:20:18.286261+00:00,scheduler,1,0,887.9,11264.0,46,53.349
2026-06-26T13:20:23.295656+00:00,scheduler,0,0,903.9,11264.0,35,2.849
2026-06-26T13:20:23.295656+00:00,scheduler,1,0,887.9,11264.0,45,53.362
2026-06-26T13:20:28.304677+00:00,scheduler,0,0,903.9,11264.0,35,2.458
2026-06-26T13:20:28.304677+00:00,scheduler,1,0,887.9,11264.0,45,53.465
2026-06-26T13:20:33.314923+00:00,scheduler,0,0,903.9,11264.0,35,2.804
2026-06-26T13:20:33.314923+00:00,scheduler,1,0,665.9,11264.0,42,3.298
2026-06-26T13:20:38.327788+00:00,scheduler,0,0,903.9,11264.0,35,2.427
2026-06-26T13:20:38.327788+00:00,scheduler,1,0,665.9,11264.0,40,3.091
2026-06-26T13:20:43.340124+00:00,scheduler,0,0,903.9,11264.0,35,2.355
2026-06-26T13:20:43.340124+00:00,scheduler,1,0,665.9,11264.0,39,2.999
2026-06-26T13:20:48.352980+00:00,scheduler,0,0,903.9,11264.0,35,2.444
2026-06-26T13:20:48.352980+00:00,scheduler,1,0,665.9,11264.0,38,3.148
2026-06-26T13:20:53.365479+00:00,scheduler,0,0,903.9,11264.0,35,2.656
2026-06-26T13:20:53.365479+00:00,scheduler,1,0,665.9,11264.0,38,2.822
2026-06-26T13:20:58.377983+00:00,scheduler,0,0,903.9,11264.0,35,2.367
2026-06-26T13:20:58.377983+00:00,scheduler,1,0,665.9,11264.0,37,3.154
2026-06-26T13:21:03.391957+00:00,scheduler,0,0,903.9,11264.0,34,2.89
2026-06-26T13:21:03.391957+00:00,scheduler,1,0,665.9,11264.0,36,2.594
2026-06-26T13:21:08.404914+00:00,scheduler,0,0,903.9,11264.0,34,2.304
2026-06-26T13:21:08.404914+00:00,scheduler,1,0,665.9,11264.0,36,2.939
2026-06-26T13:21:13.419154+00:00,scheduler,0,0,903.9,11264.0,34,2.932
2026-06-26T13:21:13.419154+00:00,scheduler,1,0,665.9,11264.0,36,2.489
2026-06-26T13:21:18.431865+00:00,scheduler,0,0,903.9,11264.0,34,2.256
2026-06-26T13:21:18.431865+00:00,scheduler,1,0,665.9,11264.0,35,2.747
2026-06-26T13:21:23.444446+00:00,scheduler,0,0,903.9,11264.0,34,2.728
2026-06-26T13:21:23.444446+00:00,scheduler,1,0,665.9,11264.0,35,2.731
2026-06-26T13:21:28.456653+00:00,scheduler,0,0,903.9,11264.0,34,2.937
2026-06-26T13:21:28.456653+00:00,scheduler,1,0,665.9,11264.0,35,3.031
2026-06-26T13:21:33.469046+00:00,scheduler,0,0,903.9,11264.0,34,2.917
2026-06-26T13:21:33.469046+00:00,scheduler,1,0,665.9,11264.0,34,2.692
2026-06-26T13:21:38.481594+00:00,scheduler,0,0,903.9,11264.0,34,2.72
2026-06-26T13:21:38.481594+00:00,scheduler,1,0,665.9,11264.0,34,2.921
2026-06-26T13:21:43.493915+00:00,scheduler,0,0,903.9,11264.0,34,3.134
2026-06-26T13:21:43.493915+00:00,scheduler,1,0,665.9,11264.0,34,2.904
2026-06-26T13:21:48.506485+00:00,scheduler,0,0,903.9,11264.0,34,2.661
2026-06-26T13:21:48.506485+00:00,scheduler,1,0,665.9,11264.0,34,2.985
2026-06-26T13:21:53.518836+00:00,scheduler,0,0,903.9,11264.0,34,2.952
2026-06-26T13:21:53.518836+00:00,scheduler,1,0,665.9,11264.0,33,2.633
2026-06-26T13:21:58.531210+00:00,scheduler,0,0,903.9,11264.0,34,2.863
2026-06-26T13:21:58.531210+00:00,scheduler,1,0,665.9,11264.0,33,2.918
2026-06-26T13:22:03.543542+00:00,scheduler,0,0,903.9,11264.0,34,3.329
2026-06-26T13:22:03.543542+00:00,scheduler,1,0,665.9,11264.0,33,2.678
2026-06-26T13:22:08.555597+00:00,scheduler,0,0,903.9,11264.0,34,2.645
2026-06-26T13:22:08.555597+00:00,scheduler,1,0,665.9,11264.0,33,2.787
2026-06-26T13:22:13.567535+00:00,scheduler,0,0,903.9,11264.0,33,2.971
2026-06-26T13:22:13.567535+00:00,scheduler,1,0,665.9,11264.0,33,2.247
2026-06-26T13:22:18.579681+00:00,scheduler,0,0,903.9,11264.0,33,2.827
2026-06-26T13:22:18.579681+00:00,scheduler,1,0,665.9,11264.0,32,2.588
2026-06-26T13:22:23.592085+00:00,scheduler,0,0,903.9,11264.0,33,2.973
2026-06-26T13:22:23.592085+00:00,scheduler,1,0,665.9,11264.0,32,2.91
2026-06-26T13:22:28.604370+00:00,scheduler,0,0,903.9,11264.0,33,2.341
2026-06-26T13:22:28.604370+00:00,scheduler,1,0,665.9,11264.0,32,2.805
2026-06-26T13:22:33.617023+00:00,scheduler,0,0,903.9,11264.0,33,2.947
2026-06-26T13:22:33.617023+00:00,scheduler,1,0,665.9,11264.0,32,3.369
2026-06-26T13:22:38.629404+00:00,scheduler,0,0,903.9,11264.0,33,2.511
2026-06-26T13:22:38.629404+00:00,scheduler,1,0,665.9,11264.0,32,2.727
2026-06-26T13:22:43.641942+00:00,scheduler,0,0,903.9,11264.0,33,2.725
2026-06-26T13:22:43.641942+00:00,scheduler,1,0,665.9,11264.0,32,2.734
2026-06-26T13:22:48.654140+00:00,scheduler,0,0,903.9,11264.0,33,2.516
2026-06-26T13:22:48.654140+00:00,scheduler,1,0,665.9,11264.0,32,3.544
2026-06-26T13:22:53.666423+00:00,scheduler,0,0,903.9,11264.0,33,2.571
2026-06-26T13:22:53.666423+00:00,scheduler,1,0,665.9,11264.0,32,3.471
2026-06-26T13:22:58.678372+00:00,scheduler,0,0,903.9,11264.0,33,2.927
2026-06-26T13:22:58.678372+00:00,scheduler,1,0,665.9,11264.0,32,3.282
2026-06-26T13:23:03.690695+00:00,scheduler,0,0,903.9,11264.0,33,2.77
2026-06-26T13:23:03.690695+00:00,scheduler,1,0,665.9,11264.0,32,3.276
2026-06-26T13:23:08.702727+00:00,scheduler,0,0,903.9,11264.0,33,3.2
2026-06-26T13:23:08.702727+00:00,scheduler,1,0,665.9,11264.0,31,2.888
2026-06-26T13:23:13.714930+00:00,scheduler,0,0,903.9,11264.0,33,2.205
2026-06-26T13:23:13.714930+00:00,scheduler,1,0,665.9,11264.0,31,3.34
2026-06-26T13:23:18.727245+00:00,scheduler,0,0,903.9,11264.0,33,2.687
2026-06-26T13:23:18.727245+00:00,scheduler,1,0,665.9,11264.0,31,3.017
2026-06-26T13:23:23.739574+00:00,scheduler,0,0,903.9,11264.0,33,2.519
2026-06-26T13:23:23.739574+00:00,scheduler,1,0,665.9,11264.0,31,3.478
2026-06-26T13:23:28.753478+00:00,scheduler,0,0,903.9,11264.0,33,2.951
2026-06-26T13:23:28.753478+00:00,scheduler,1,0,665.9,11264.0,31,3.159
2026-06-26T13:23:33.765906+00:00,scheduler,0,0,903.9,11264.0,33,2.564
2026-06-26T13:23:33.765906+00:00,scheduler,1,0,665.9,11264.0,31,3.021
2026-06-26T13:23:38.778375+00:00,scheduler,0,0,903.9,11264.0,33,2.727
2026-06-26T13:23:38.778375+00:00,scheduler,1,0,665.9,11264.0,31,2.914
2026-06-26T13:23:43.790775+00:00,scheduler,0,0,903.9,11264.0,33,2.226
2026-06-26T13:23:43.790775+00:00,scheduler,1,0,665.9,11264.0,31,2.826
2026-06-26T13:23:48.803026+00:00,scheduler,0,0,903.9,11264.0,33,2.361
2026-06-26T13:23:48.803026+00:00,scheduler,1,0,665.9,11264.0,31,2.597
2026-06-26T13:23:53.815462+00:00,scheduler,0,0,903.9,11264.0,33,2.28
2026-06-26T13:23:53.815462+00:00,scheduler,1,0,665.9,11264.0,31,2.829
2026-06-26T13:23:58.827930+00:00,scheduler,0,0,903.9,11264.0,33,2.186
2026-06-26T13:23:58.827930+00:00,scheduler,1,0,665.9,11264.0,31,2.825
2026-06-26T13:24:03.840275+00:00,scheduler,0,0,903.9,11264.0,33,2.134
2026-06-26T13:24:03.840275+00:00,scheduler,1,0,665.9,11264.0,31,2.93
2026-06-26T13:24:08.852495+00:00,scheduler,0,0,903.9,11264.0,32,1.801
2026-06-26T13:24:08.852495+00:00,scheduler,1,0,665.9,11264.0,31,2.799
2026-06-26T13:24:13.864935+00:00,scheduler,0,0,903.9,11264.0,33,2.338
2026-06-26T13:24:13.864935+00:00,scheduler,1,0,665.9,11264.0,31,2.922
2026-06-26T13:24:18.877262+00:00,scheduler,0,0,903.9,11264.0,32,2.37
2026-06-26T13:24:18.877262+00:00,scheduler,1,0,665.9,11264.0,31,2.741
2026-06-26T13:24:23.889537+00:00,scheduler,0,0,903.9,11264.0,32,2.179
2026-06-26T13:24:23.889537+00:00,scheduler,1,0,665.9,11264.0,31,2.584
2026-06-26T13:24:28.901682+00:00,scheduler,0,0,903.9,11264.0,32,1.979
2026-06-26T13:24:28.901682+00:00,scheduler,1,0,665.9,11264.0,30,2.681
2026-06-26T13:24:33.914203+00:00,scheduler,0,0,903.9,11264.0,32,2.477
2026-06-26T13:24:33.914203+00:00,scheduler,1,0,665.9,11264.0,30,2.752
2026-06-26T13:24:38.927578+00:00,scheduler,0,0,903.9,11264.0,32,2.22
2026-06-26T13:24:38.927578+00:00,scheduler,1,0,665.9,11264.0,30,2.248
2026-06-26T13:24:43.939624+00:00,scheduler,0,0,903.9,11264.0,32,2.282
2026-06-26T13:24:43.939624+00:00,scheduler,1,0,665.9,11264.0,30,2.496
2026-06-26T13:24:48.951865+00:00,scheduler,0,0,903.9,11264.0,32,2.029
2026-06-26T13:24:48.951865+00:00,scheduler,1,0,665.9,11264.0,30,2.634
2026-06-26T13:24:53.963976+00:00,scheduler,0,0,903.9,11264.0,32,2.45
2026-06-26T13:24:53.963976+00:00,scheduler,1,0,665.9,11264.0,30,2.431
2026-06-26T13:24:58.976160+00:00,scheduler,0,0,903.9,11264.0,32,1.84
2026-06-26T13:24:58.976160+00:00,scheduler,1,0,665.9,11264.0,30,2.744
2026-06-26T13:25:03.988325+00:00,scheduler,0,0,903.9,11264.0,32,1.886
2026-06-26T13:25:03.988325+00:00,scheduler,1,0,665.9,11264.0,30,2.387
2026-06-26T13:25:09.000482+00:00,scheduler,0,0,903.9,11264.0,32,2.315
2026-06-26T13:25:09.000482+00:00,scheduler,1,0,665.9,11264.0,30,2.797
2026-06-26T13:25:14.012603+00:00,scheduler,0,0,903.9,11264.0,32,2.623
2026-06-26T13:25:14.012603+00:00,scheduler,1,0,665.9,11264.0,30,2.472
2026-06-26T13:25:19.024844+00:00,scheduler,0,0,903.9,11264.0,32,2.25
2026-06-26T13:25:19.024844+00:00,scheduler,1,0,665.9,11264.0,30,2.84
2026-06-26T13:25:24.036982+00:00,scheduler,0,0,903.9,11264.0,32,1.968
2026-06-26T13:25:24.036982+00:00,scheduler,1,0,665.9,11264.0,30,2.433
2026-06-26T13:25:29.049076+00:00,scheduler,0,0,903.9,11264.0,32,2.229
2026-06-26T13:25:29.049076+00:00,scheduler,1,0,665.9,11264.0,30,3.077
2026-06-26T13:25:34.061429+00:00,scheduler,0,0,903.9,11264.0,32,2.342
2026-06-26T13:25:34.061429+00:00,scheduler,1,0,665.9,11264.0,30,2.447
2026-06-26T13:25:39.073591+00:00,scheduler,0,0,903.9,11264.0,32,1.937
2026-06-26T13:25:39.073591+00:00,scheduler,1,0,665.9,11264.0,30,2.67
2026-06-26T13:25:44.085914+00:00,scheduler,0,0,903.9,11264.0,32,2.067
2026-06-26T13:25:44.085914+00:00,scheduler,1,0,665.9,11264.0,30,2.733
2026-06-26T13:25:49.098474+00:00,scheduler,0,0,903.9,11264.0,32,2.237
2026-06-26T13:25:49.098474+00:00,scheduler,1,0,665.9,11264.0,30,2.543
2026-06-26T13:25:54.110816+00:00,scheduler,0,0,903.9,11264.0,32,1.95
2026-06-26T13:25:54.110816+00:00,scheduler,1,0,665.9,11264.0,30,2.696
2026-06-26T13:25:59.123023+00:00,scheduler,0,0,903.9,11264.0,32,2.431
2026-06-26T13:25:59.123023+00:00,scheduler,1,0,665.9,11264.0,30,2.454
2026-06-26T13:26:04.135378+00:00,scheduler,0,0,903.9,11264.0,32,2.007
2026-06-26T13:26:04.135378+00:00,scheduler,1,0,665.9,11264.0,30,3.021
2026-06-26T13:26:09.147752+00:00,scheduler,0,0,903.9,11264.0,32,2.657
2026-06-26T13:26:09.147752+00:00,scheduler,1,0,665.9,11264.0,30,3.052
2026-06-26T13:26:14.159979+00:00,scheduler,0,0,903.9,11264.0,32,2.11
2026-06-26T13:26:14.159979+00:00,scheduler,1,0,665.9,11264.0,30,2.755
2026-06-26T13:26:19.172260+00:00,scheduler,0,0,903.9,11264.0,32,2.514
2026-06-26T13:26:19.172260+00:00,scheduler,1,0,665.9,11264.0,30,2.467
2026-06-26T13:26:24.184365+00:00,scheduler,0,0,903.9,11264.0,32,2.349
2026-06-26T13:26:24.184365+00:00,scheduler,1,0,665.9,11264.0,30,2.637
2026-06-26T13:26:29.196272+00:00,scheduler,0,0,903.9,11264.0,32,2.237
2026-06-26T13:26:29.196272+00:00,scheduler,1,0,665.9,11264.0,30,2.896
2026-06-26T13:26:34.208847+00:00,scheduler,0,0,903.9,11264.0,32,2.383
2026-06-26T13:26:34.208847+00:00,scheduler,1,0,665.9,11264.0,30,2.772
2026-06-26T13:26:39.221548+00:00,scheduler,0,0,903.9,11264.0,32,2.592
2026-06-26T13:26:39.221548+00:00,scheduler,1,0,665.9,11264.0,30,2.706
2026-06-26T13:26:44.233635+00:00,scheduler,0,0,903.9,11264.0,32,2.483
2026-06-26T13:26:44.233635+00:00,scheduler,1,0,665.9,11264.0,30,3.264
2026-06-26T13:26:49.245682+00:00,scheduler,0,0,903.9,11264.0,32,2.678
2026-06-26T13:26:49.245682+00:00,scheduler,1,0,665.9,11264.0,30,2.751
2026-06-26T13:26:54.257799+00:00,scheduler,0,0,903.9,11264.0,32,2.288
2026-06-26T13:26:54.257799+00:00,scheduler,1,0,665.9,11264.0,30,2.28
2026-06-26T13:26:59.269999+00:00,scheduler,0,0,903.9,11264.0,32,2.094
2026-06-26T13:26:59.269999+00:00,scheduler,1,0,665.9,11264.0,30,2.451
2026-06-26T13:27:04.282361+00:00,scheduler,0,0,903.9,11264.0,32,2.277
2026-06-26T13:27:04.282361+00:00,scheduler,1,0,665.9,11264.0,30,2.713
2026-06-26T13:27:09.294728+00:00,scheduler,0,0,903.9,11264.0,32,1.863
2026-06-26T13:27:09.294728+00:00,scheduler,1,0,665.9,11264.0,30,2.31
2026-06-26T13:27:14.307172+00:00,scheduler,0,0,903.9,11264.0,32,2.502
2026-06-26T13:27:14.307172+00:00,scheduler,1,0,665.9,11264.0,29,2.873
2026-06-26T13:27:19.319264+00:00,scheduler,0,0,903.9,11264.0,32,2.08
2026-06-26T13:27:19.319264+00:00,scheduler,1,0,665.9,11264.0,29,2.39
2026-06-26T13:27:24.331518+00:00,scheduler,0,0,903.9,11264.0,32,2.542
2026-06-26T13:27:24.331518+00:00,scheduler,1,0,665.9,11264.0,30,2.634
2026-06-26T13:27:29.343556+00:00,scheduler,0,0,903.9,11264.0,32,2.079
2026-06-26T13:27:29.343556+00:00,scheduler,1,0,665.9,11264.0,30,2.23
2026-06-26T13:27:34.355605+00:00,scheduler,0,0,903.9,11264.0,32,2.619
2026-06-26T13:27:34.355605+00:00,scheduler,1,0,665.9,11264.0,29,2.345
2026-06-26T13:27:39.367766+00:00,scheduler,0,0,903.9,11264.0,32,2.998
2026-06-26T13:27:39.367766+00:00,scheduler,1,0,665.9,11264.0,29,2.529
2026-06-26T13:27:44.379790+00:00,scheduler,0,0,903.9,11264.0,32,3.007
2026-06-26T13:27:44.379790+00:00,scheduler,1,0,665.9,11264.0,29,2.741
2026-06-26T13:27:49.391950+00:00,scheduler,0,0,903.9,11264.0,32,2.787
2026-06-26T13:27:49.391950+00:00,scheduler,1,0,665.9,11264.0,29,2.371
2026-06-26T13:27:54.403910+00:00,scheduler,0,0,903.9,11264.0,32,2.959
2026-06-26T13:27:54.403910+00:00,scheduler,1,0,665.9,11264.0,29,2.618
2026-06-26T13:27:59.415853+00:00,scheduler,0,0,903.9,11264.0,32,2.494
2026-06-26T13:27:59.415853+00:00,scheduler,1,0,665.9,11264.0,29,2.577
2026-06-26T13:28:04.427691+00:00,scheduler,0,0,903.9,11264.0,32,2.468
2026-06-26T13:28:04.427691+00:00,scheduler,1,0,665.9,11264.0,29,2.776
2026-06-26T13:28:09.440009+00:00,scheduler,0,0,903.9,11264.0,32,2.637
2026-06-26T13:28:09.440009+00:00,scheduler,1,0,665.9,11264.0,29,2.795
2026-06-26T13:28:14.452097+00:00,scheduler,0,0,903.9,11264.0,32,2.601
2026-06-26T13:28:14.452097+00:00,scheduler,1,0,665.9,11264.0,29,2.458
2026-06-26T13:28:19.464278+00:00,scheduler,0,0,903.9,11264.0,32,2.23
2026-06-26T13:28:19.464278+00:00,scheduler,1,0,665.9,11264.0,29,2.54
2026-06-26T13:28:24.476483+00:00,scheduler,0,0,903.9,11264.0,32,2.494
2026-06-26T13:28:24.476483+00:00,scheduler,1,0,665.9,11264.0,29,2.29
2026-06-26T13:28:29.488855+00:00,scheduler,0,0,903.9,11264.0,32,2.472
2026-06-26T13:28:29.488855+00:00,scheduler,1,0,665.9,11264.0,29,2.692
2026-06-26T13:28:34.501182+00:00,scheduler,0,0,903.9,11264.0,32,2.775
2026-06-26T13:28:34.501182+00:00,scheduler,1,0,665.9,11264.0,29,2.513
2026-06-26T13:28:39.513539+00:00,scheduler,0,0,903.9,11264.0,32,2.635
2026-06-26T13:28:39.513539+00:00,scheduler,1,0,665.9,11264.0,29,2.692
2026-06-26T13:28:44.525934+00:00,scheduler,0,0,903.9,11264.0,32,3.372
2026-06-26T13:28:44.525934+00:00,scheduler,1,0,665.9,11264.0,29,2.983
2026-06-26T13:28:49.538378+00:00,scheduler,0,0,903.9,11264.0,32,2.545
2026-06-26T13:28:49.538378+00:00,scheduler,1,0,665.9,11264.0,29,2.776
2026-06-26T13:28:54.550736+00:00,scheduler,0,0,903.9,11264.0,32,2.765
2026-06-26T13:28:54.550736+00:00,scheduler,1,0,665.9,11264.0,29,2.282
2026-06-26T13:28:59.563153+00:00,scheduler,0,0,903.9,11264.0,32,2.528
2026-06-26T13:28:59.563153+00:00,scheduler,1,0,665.9,11264.0,29,2.603
2026-06-26T13:29:04.575370+00:00,scheduler,0,1,1645.9,11264.0,35,51.183
2026-06-26T13:29:04.575370+00:00,scheduler,1,0,665.9,11264.0,29,2.665
2026-06-26T13:29:09.590697+00:00,scheduler,0,1,2141.9,11264.0,36,51.52
2026-06-26T13:29:09.590697+00:00,scheduler,1,0,665.9,11264.0,29,2.466
2026-06-26T13:29:14.600209+00:00,scheduler,0,1,2761.9,11264.0,36,51.342
2026-06-26T13:29:14.600209+00:00,scheduler,1,0,665.9,11264.0,29,2.511
2026-06-26T13:29:19.613932+00:00,scheduler,0,1,3353.9,11264.0,36,52.288
2026-06-26T13:29:19.613932+00:00,scheduler,1,0,665.9,11264.0,29,2.658
2026-06-26T13:29:24.628290+00:00,scheduler,0,2,4081.9,11264.0,37,52.024
2026-06-26T13:29:24.628290+00:00,scheduler,1,0,665.9,11264.0,29,2.48
2026-06-26T13:29:29.648250+00:00,scheduler,0,1,4905.9,11264.0,37,52.264
2026-06-26T13:29:29.648250+00:00,scheduler,1,0,665.9,11264.0,29,2.863
2026-06-26T13:29:34.664281+00:00,scheduler,0,1,5633.9,11264.0,37,51.999
2026-06-26T13:29:34.664281+00:00,scheduler,1,0,665.9,11264.0,29,2.963
2026-06-26T13:29:39.683321+00:00,scheduler,0,2,6505.9,11264.0,37,52.647
2026-06-26T13:29:39.683321+00:00,scheduler,1,0,665.9,11264.0,29,2.388
2026-06-26T13:29:44.702196+00:00,scheduler,0,1,7369.9,11264.0,38,52.682
2026-06-26T13:29:44.702196+00:00,scheduler,1,0,665.9,11264.0,29,2.581
2026-06-26T13:29:49.713488+00:00,scheduler,0,2,8241.9,11264.0,38,52.68
2026-06-26T13:29:49.713488+00:00,scheduler,1,0,665.9,11264.0,29,2.561
2026-06-26T13:29:54.723176+00:00,scheduler,0,68,9009.9,11264.0,41,74.902
2026-06-26T13:29:54.723176+00:00,scheduler,1,0,665.9,11264.0,29,2.821
2026-06-26T13:29:59.744819+00:00,scheduler,0,10,9009.9,11264.0,39,53.089
2026-06-26T13:29:59.744819+00:00,scheduler,1,0,665.9,11264.0,29,2.492
2026-06-26T13:30:04.754664+00:00,scheduler,0,23,1327.9,11264.0,41,75.081
2026-06-26T13:30:04.754664+00:00,scheduler,1,0,665.9,11264.0,29,2.723
2026-06-26T13:30:09.763149+00:00,scheduler,0,2,2677.9,11264.0,39,52.999
2026-06-26T13:30:09.763149+00:00,scheduler,1,0,665.9,11264.0,29,2.896
2026-06-26T13:30:14.775083+00:00,scheduler,0,1,3613.9,11264.0,40,53.334
2026-06-26T13:30:14.775083+00:00,scheduler,1,0,665.9,11264.0,29,2.966
2026-06-26T13:30:19.787889+00:00,scheduler,0,2,4999.9,11264.0,40,53.6
2026-06-26T13:30:19.787889+00:00,scheduler,1,0,665.9,11264.0,29,2.471
2026-06-26T13:30:24.796911+00:00,scheduler,0,1,6241.9,11264.0,40,53.249
2026-06-26T13:30:24.796911+00:00,scheduler,1,0,665.9,11264.0,29,2.566
2026-06-26T13:30:29.810848+00:00,scheduler,0,2,7411.9,11264.0,40,53.765
2026-06-26T13:30:29.810848+00:00,scheduler,1,0,665.9,11264.0,29,2.941
2026-06-26T13:30:34.819903+00:00,scheduler,0,1,11165.9,11264.0,43,158.237
2026-06-26T13:30:34.819903+00:00,scheduler,1,0,665.9,11264.0,29,2.787
2026-06-26T13:30:39.832880+00:00,scheduler,0,100,11165.9,11264.0,49,246.056
2026-06-26T13:30:39.832880+00:00,scheduler,1,0,665.9,11264.0,29,2.876
2026-06-26T13:30:44.841580+00:00,scheduler,0,100,11167.9,11264.0,50,239.238
2026-06-26T13:30:44.841580+00:00,scheduler,1,0,665.9,11264.0,29,2.782
2026-06-26T13:30:49.850430+00:00,scheduler,0,100,11167.9,11264.0,51,238.12
2026-06-26T13:30:49.850430+00:00,scheduler,1,0,665.9,11264.0,29,2.479
2026-06-26T13:30:54.860570+00:00,scheduler,0,100,11167.9,11264.0,52,247.03
2026-06-26T13:30:54.860570+00:00,scheduler,1,0,665.9,11264.0,29,2.794
2026-06-26T13:30:59.870162+00:00,scheduler,0,100,11167.9,11264.0,53,240.406
2026-06-26T13:30:59.870162+00:00,scheduler,1,0,665.9,11264.0,29,2.887
2026-06-26T13:31:04.880790+00:00,scheduler,0,100,11167.9,11264.0,54,237.101
2026-06-26T13:31:04.880790+00:00,scheduler,1,0,665.9,11264.0,29,2.653
2026-06-26T13:31:09.891909+00:00,scheduler,0,100,11167.9,11264.0,55,247.437
2026-06-26T13:31:09.891909+00:00,scheduler,1,0,665.9,11264.0,29,3.04
2026-06-26T13:31:14.902957+00:00,scheduler,0,100,11167.9,11264.0,56,244.678
2026-06-26T13:31:14.902957+00:00,scheduler,1,0,665.9,11264.0,29,2.636
2026-06-26T13:31:19.911780+00:00,scheduler,0,100,11167.9,11264.0,56,245.756
2026-06-26T13:31:19.911780+00:00,scheduler,1,0,665.9,11264.0,29,3.031
2026-06-26T13:31:24.922054+00:00,scheduler,0,100,11167.9,11264.0,57,246.486
2026-06-26T13:31:24.922054+00:00,scheduler,1,0,665.9,11264.0,29,2.884
2026-06-26T13:31:29.934101+00:00,scheduler,0,100,11167.9,11264.0,57,243.607
2026-06-26T13:31:29.934101+00:00,scheduler,1,0,665.9,11264.0,29,3.21
2026-06-26T13:31:34.943117+00:00,scheduler,0,100,11167.9,11264.0,58,247.619
2026-06-26T13:31:34.943117+00:00,scheduler,1,0,665.9,11264.0,29,2.929
2026-06-26T13:31:39.952039+00:00,scheduler,0,100,11167.9,11264.0,58,246.067
2026-06-26T13:31:39.952039+00:00,scheduler,1,0,665.9,11264.0,29,3.768
2026-06-26T13:31:44.961464+00:00,scheduler,0,100,11167.9,11264.0,58,242.312
2026-06-26T13:31:44.961464+00:00,scheduler,1,0,665.9,11264.0,29,2.997
2026-06-26T13:31:49.971568+00:00,scheduler,0,100,11167.9,11264.0,58,245.837
2026-06-26T13:31:49.971568+00:00,scheduler,1,0,665.9,11264.0,29,3.412
2026-06-26T13:31:54.983662+00:00,scheduler,0,100,11167.9,11264.0,59,243.454
2026-06-26T13:31:54.983662+00:00,scheduler,1,0,665.9,11264.0,29,2.913
2026-06-26T13:31:59.992623+00:00,scheduler,0,100,11167.9,11264.0,59,246.606
2026-06-26T13:31:59.992623+00:00,scheduler,1,0,665.9,11264.0,29,3.012
2026-06-26T13:32:05.001317+00:00,scheduler,0,100,11167.9,11264.0,59,248.446
2026-06-26T13:32:05.001317+00:00,scheduler,1,0,665.9,11264.0,29,2.978
2026-06-26T13:32:10.011913+00:00,scheduler,0,100,11167.9,11264.0,59,246.741
2026-06-26T13:32:10.011913+00:00,scheduler,1,0,665.9,11264.0,29,2.947
2026-06-26T13:32:15.020795+00:00,scheduler,0,100,11167.9,11264.0,59,248.964
2026-06-26T13:32:15.020795+00:00,scheduler,1,0,665.9,11264.0,29,2.653
2026-06-26T13:32:20.029895+00:00,scheduler,0,100,11167.9,11264.0,59,247.638
2026-06-26T13:32:20.029895+00:00,scheduler,1,0,665.9,11264.0,29,3.084
2026-06-26T13:32:25.041966+00:00,scheduler,0,100,11167.9,11264.0,59,244.924
2026-06-26T13:32:25.041966+00:00,scheduler,1,0,665.9,11264.0,29,3.352
2026-06-26T13:32:30.052727+00:00,scheduler,0,100,11167.9,11264.0,59,251.419
2026-06-26T13:32:30.052727+00:00,scheduler,1,0,665.9,11264.0,29,2.662
2026-06-26T13:32:35.064460+00:00,scheduler,0,100,11167.9,11264.0,59,255.27
2026-06-26T13:32:35.064460+00:00,scheduler,1,0,665.9,11264.0,29,3.341
2026-06-26T13:32:40.073425+00:00,scheduler,0,100,11167.9,11264.0,59,253.033
2026-06-26T13:32:40.073425+00:00,scheduler,1,0,665.9,11264.0,29,2.429
2026-06-26T13:32:45.085039+00:00,scheduler,0,1,11167.9,11264.0,53,57.48
2026-06-26T13:32:45.085039+00:00,scheduler,1,0,665.9,11264.0,29,2.787
2026-06-26T13:32:50.106819+00:00,scheduler,0,2,11167.9,11264.0,51,57.39
2026-06-26T13:32:50.106819+00:00,scheduler,1,0,665.9,11264.0,29,2.542
2026-06-26T13:32:55.117908+00:00,scheduler,0,1,11167.9,11264.0,50,57.013
2026-06-26T13:32:55.117908+00:00,scheduler,1,0,665.9,11264.0,29,2.666
2026-06-26T13:33:00.128281+00:00,scheduler,0,2,11167.9,11264.0,48,56.666
2026-06-26T13:33:00.128281+00:00,scheduler,1,0,665.9,11264.0,29,2.661
2026-06-26T13:33:05.146069+00:00,scheduler,0,1,11167.9,11264.0,48,56.579
2026-06-26T13:33:05.146069+00:00,scheduler,1,0,665.9,11264.0,29,2.604
2026-06-26T13:33:10.166519+00:00,scheduler,0,1,11167.9,11264.0,47,56.441
2026-06-26T13:33:10.166519+00:00,scheduler,1,0,665.9,11264.0,29,2.762
2026-06-26T13:33:15.180597+00:00,scheduler,0,1,11167.9,11264.0,46,56.286
2026-06-26T13:33:15.180597+00:00,scheduler,1,0,665.9,11264.0,29,2.64
2026-06-26T13:33:20.202778+00:00,scheduler,0,1,11167.9,11264.0,46,56.21
2026-06-26T13:33:20.202778+00:00,scheduler,1,0,665.9,11264.0,29,2.772
2026-06-26T13:33:25.240663+00:00,scheduler,0,0,1123.9,11264.0,48,80.673
2026-06-26T13:33:25.240663+00:00,scheduler,1,0,665.9,11264.0,29,2.658
2026-06-26T13:33:30.249832+00:00,scheduler,0,0,1123.9,11264.0,46,55.696
2026-06-26T13:33:30.249832+00:00,scheduler,1,0,665.9,11264.0,29,2.46
2026-06-26T13:33:35.259638+00:00,scheduler,0,0,903.9,11264.0,45,55.568
2026-06-26T13:33:35.259638+00:00,scheduler,1,0,665.9,11264.0,29,3.194
2026-06-26T13:33:40.270590+00:00,scheduler,0,0,903.9,11264.0,45,55.661
2026-06-26T13:33:40.270590+00:00,scheduler,1,0,665.9,11264.0,29,2.744
2026-06-26T13:33:45.279776+00:00,scheduler,0,0,903.9,11264.0,41,3.423
2026-06-26T13:33:45.279776+00:00,scheduler,1,0,665.9,11264.0,29,2.783
2026-06-26T13:33:50.292417+00:00,scheduler,0,0,903.9,11264.0,40,3.463
2026-06-26T13:33:50.292417+00:00,scheduler,1,0,665.9,11264.0,29,2.613
2026-06-26T13:33:55.304892+00:00,scheduler,0,0,903.9,11264.0,40,2.794
2026-06-26T13:33:55.304892+00:00,scheduler,1,0,665.9,11264.0,29,2.387
2026-06-26T13:34:00.317374+00:00,scheduler,0,0,903.9,11264.0,39,2.617
2026-06-26T13:34:00.317374+00:00,scheduler,1,0,665.9,11264.0,29,2.893
2026-06-26T13:34:05.329710+00:00,scheduler,0,0,903.9,11264.0,39,2.811
2026-06-26T13:34:05.329710+00:00,scheduler,1,0,665.9,11264.0,29,2.497
2026-06-26T13:34:10.342304+00:00,scheduler,0,0,903.9,11264.0,38,2.731
2026-06-26T13:34:10.342304+00:00,scheduler,1,0,665.9,11264.0,29,2.846
2026-06-26T13:34:15.354695+00:00,scheduler,0,0,903.9,11264.0,38,3.099
2026-06-26T13:34:15.354695+00:00,scheduler,1,0,665.9,11264.0,29,2.417
2026-06-26T13:34:20.367179+00:00,scheduler,0,0,903.9,11264.0,37,2.545
2026-06-26T13:34:20.367179+00:00,scheduler,1,0,665.9,11264.0,29,2.833
2026-06-26T13:34:25.379120+00:00,scheduler,0,0,903.9,11264.0,37,2.949
2026-06-26T13:34:25.379120+00:00,scheduler,1,0,665.9,11264.0,29,2.858
2026-06-26T13:34:30.391133+00:00,scheduler,0,0,903.9,11264.0,37,2.647
2026-06-26T13:34:30.391133+00:00,scheduler,1,0,665.9,11264.0,29,2.785
2026-06-26T13:34:35.403329+00:00,scheduler,0,0,903.9,11264.0,36,2.872
2026-06-26T13:34:35.403329+00:00,scheduler,1,0,665.9,11264.0,29,2.5
2026-06-26T13:34:40.415425+00:00,scheduler,0,0,903.9,11264.0,36,3.136
2026-06-26T13:34:40.415425+00:00,scheduler,1,0,665.9,11264.0,29,2.774
2026-06-26T13:34:45.428035+00:00,scheduler,0,0,903.9,11264.0,36,2.938
2026-06-26T13:34:45.428035+00:00,scheduler,1,0,665.9,11264.0,29,2.779
2026-06-26T13:34:50.440327+00:00,scheduler,0,0,903.9,11264.0,36,2.651
2026-06-26T13:34:50.440327+00:00,scheduler,1,0,665.9,11264.0,29,2.721
2026-06-26T13:34:55.452847+00:00,scheduler,0,0,903.9,11264.0,36,2.543
2026-06-26T13:34:55.452847+00:00,scheduler,1,0,665.9,11264.0,29,2.867
2026-06-26T13:35:00.465145+00:00,scheduler,0,0,903.9,11264.0,35,2.689
2026-06-26T13:35:00.465145+00:00,scheduler,1,0,665.9,11264.0,29,2.647
2026-06-26T13:35:05.477567+00:00,scheduler,0,0,903.9,11264.0,35,2.39
2026-06-26T13:35:05.477567+00:00,scheduler,1,0,665.9,11264.0,29,2.646
2026-06-26T13:35:10.490000+00:00,scheduler,0,0,903.9,11264.0,35,2.472
2026-06-26T13:35:10.490000+00:00,scheduler,1,0,665.9,11264.0,29,3.062
2026-06-26T13:35:15.502903+00:00,scheduler,0,0,903.9,11264.0,35,2.938
2026-06-26T13:35:15.502903+00:00,scheduler,1,0,665.9,11264.0,29,2.528
2026-06-26T13:35:20.515305+00:00,scheduler,0,0,903.9,11264.0,35,2.294
2026-06-26T13:35:20.515305+00:00,scheduler,1,0,665.9,11264.0,29,2.686
2026-06-26T13:35:25.527532+00:00,scheduler,0,0,903.9,11264.0,35,2.142
2026-06-26T13:35:25.527532+00:00,scheduler,1,0,665.9,11264.0,29,2.397
2026-06-26T13:35:30.539700+00:00,scheduler,0,0,903.9,11264.0,34,3.133
2026-06-26T13:35:30.539700+00:00,scheduler,1,0,665.9,11264.0,29,2.969
2026-06-26T13:35:35.551771+00:00,scheduler,0,0,903.9,11264.0,34,2.416
2026-06-26T13:35:35.551771+00:00,scheduler,1,0,665.9,11264.0,29,2.562
2026-06-26T13:35:40.564152+00:00,scheduler,0,0,903.9,11264.0,34,2.88
2026-06-26T13:35:40.564152+00:00,scheduler,1,0,665.9,11264.0,29,2.507
2026-06-26T13:35:45.576030+00:00,scheduler,0,0,903.9,11264.0,34,3.276
2026-06-26T13:35:45.576030+00:00,scheduler,1,0,665.9,11264.0,29,2.525
2026-06-26T13:35:50.588590+00:00,scheduler,0,0,903.9,11264.0,34,2.849
2026-06-26T13:35:50.588590+00:00,scheduler,1,0,665.9,11264.0,29,2.349
2026-06-26T13:35:55.600648+00:00,scheduler,0,0,903.9,11264.0,34,2.636
2026-06-26T13:35:55.600648+00:00,scheduler,1,0,665.9,11264.0,29,3.012
2026-06-26T13:36:00.613012+00:00,scheduler,0,0,903.9,11264.0,34,2.83
2026-06-26T13:36:00.613012+00:00,scheduler,1,0,665.9,11264.0,29,2.336
2026-06-26T13:36:05.624761+00:00,scheduler,0,0,903.9,11264.0,34,2.68
2026-06-26T13:36:05.624761+00:00,scheduler,1,0,665.9,11264.0,29,2.375
2026-06-26T13:36:10.636640+00:00,scheduler,0,0,903.9,11264.0,34,2.668
2026-06-26T13:36:10.636640+00:00,scheduler,1,0,665.9,11264.0,29,2.19
2026-06-26T13:36:15.648909+00:00,scheduler,0,0,903.9,11264.0,34,2.428
2026-06-26T13:36:15.648909+00:00,scheduler,1,0,665.9,11264.0,29,2.321
2026-06-26T13:36:20.660962+00:00,scheduler,0,1,1645.9,11264.0,36,51.44
2026-06-26T13:36:20.660962+00:00,scheduler,1,0,665.9,11264.0,29,2.573
2026-06-26T13:36:25.670144+00:00,scheduler,0,3,3197.9,11264.0,37,53.188
2026-06-26T13:36:25.670144+00:00,scheduler,1,0,665.9,11264.0,29,2.822
2026-06-26T13:36:30.679326+00:00,scheduler,0,4,5137.9,11264.0,38,52.733
2026-06-26T13:36:30.679326+00:00,scheduler,1,0,665.9,11264.0,29,2.082
2026-06-26T13:36:35.688348+00:00,scheduler,0,1,6021.9,11264.0,38,52.723
2026-06-26T13:36:35.688348+00:00,scheduler,1,0,665.9,11264.0,29,2.684
2026-06-26T13:36:40.697128+00:00,scheduler,0,2,7029.9,11264.0,38,52.461
2026-06-26T13:36:40.697128+00:00,scheduler,1,0,665.9,11264.0,29,2.046
2026-06-26T13:36:45.705913+00:00,scheduler,0,2,7961.9,11264.0,38,53.33
2026-06-26T13:36:45.705913+00:00,scheduler,1,0,665.9,11264.0,29,2.518
2026-06-26T13:36:50.715061+00:00,scheduler,0,8,9009.9,11264.0,43,187.785
2026-06-26T13:36:50.715061+00:00,scheduler,1,0,665.9,11264.0,29,2.753
2026-06-26T13:36:55.723882+00:00,scheduler,0,2,9009.9,11264.0,40,53.724
2026-06-26T13:36:55.723882+00:00,scheduler,1,0,665.9,11264.0,29,2.478
2026-06-26T13:37:00.735095+00:00,scheduler,0,2,9009.9,11264.0,40,54.174
2026-06-26T13:37:00.735095+00:00,scheduler,1,0,665.9,11264.0,29,3.549
2026-06-26T13:37:05.877340+00:00,scheduler,0,2,9009.9,11264.0,40,53.73
2026-06-26T13:37:05.877340+00:00,scheduler,1,0,665.9,11264.0,29,2.511
2026-06-26T13:37:10.893272+00:00,scheduler,0,2,9009.9,11264.0,40,53.858
2026-06-26T13:37:10.893272+00:00,scheduler,1,0,665.9,11264.0,29,3.218
2026-06-26T13:37:15.905201+00:00,scheduler,0,2,9009.9,11264.0,40,54.059
2026-06-26T13:37:15.905201+00:00,scheduler,1,0,665.9,11264.0,29,2.691
2026-06-26T13:37:20.914147+00:00,scheduler,0,23,1227.9,11264.0,42,76.229
2026-06-26T13:37:20.914147+00:00,scheduler,1,0,665.9,11264.0,29,2.848
2026-06-26T13:37:25.922745+00:00,scheduler,0,2,2677.9,11264.0,40,53.529
2026-06-26T13:37:25.922745+00:00,scheduler,1,0,665.9,11264.0,29,3.051
2026-06-26T13:37:30.931551+00:00,scheduler,0,2,4063.9,11264.0,40,54.165
2026-06-26T13:37:30.931551+00:00,scheduler,1,0,665.9,11264.0,29,2.722
2026-06-26T13:37:35.941896+00:00,scheduler,0,100,11165.9,11264.0,48,245.675
2026-06-26T13:37:35.941896+00:00,scheduler,1,0,665.9,11264.0,29,3.208
2026-06-26T13:37:40.951641+00:00,scheduler,0,100,11165.9,11264.0,49,251.551
2026-06-26T13:37:40.951641+00:00,scheduler,1,0,665.9,11264.0,29,3.101
2026-06-26T13:37:45.964067+00:00,scheduler,0,100,11167.9,11264.0,50,243.781
2026-06-26T13:37:45.964067+00:00,scheduler,1,0,665.9,11264.0,29,2.911
2026-06-26T13:37:50.973923+00:00,scheduler,0,100,11167.9,11264.0,51,244.688
2026-06-26T13:37:50.973923+00:00,scheduler,1,0,665.9,11264.0,29,2.676
2026-06-26T13:37:55.988328+00:00,scheduler,0,100,11167.9,11264.0,52,247.661
2026-06-26T13:37:55.988328+00:00,scheduler,1,0,665.9,11264.0,29,2.967
2026-06-26T13:38:01.003217+00:00,scheduler,0,100,11167.9,11264.0,53,242.607
2026-06-26T13:38:01.003217+00:00,scheduler,1,0,665.9,11264.0,29,2.699
2026-06-26T13:38:06.016244+00:00,scheduler,0,100,11167.9,11264.0,54,246.023
2026-06-26T13:38:06.016244+00:00,scheduler,1,0,665.9,11264.0,29,2.924
2026-06-26T13:38:11.026557+00:00,scheduler,0,100,11167.9,11264.0,55,239.564
2026-06-26T13:38:11.026557+00:00,scheduler,1,0,665.9,11264.0,29,2.547
2026-06-26T13:38:16.037673+00:00,scheduler,0,100,11167.9,11264.0,56,247.153
2026-06-26T13:38:16.037673+00:00,scheduler,1,0,665.9,11264.0,29,2.934
2026-06-26T13:38:21.049756+00:00,scheduler,0,100,11167.9,11264.0,56,249.303
2026-06-26T13:38:21.049756+00:00,scheduler,1,0,665.9,11264.0,29,2.82
2026-06-26T13:38:26.066700+00:00,scheduler,0,100,11167.9,11264.0,57,249.162
2026-06-26T13:38:26.066700+00:00,scheduler,1,0,665.9,11264.0,29,3.045
2026-06-26T13:38:31.076361+00:00,scheduler,0,100,11167.9,11264.0,57,251.503
2026-06-26T13:38:31.076361+00:00,scheduler,1,0,665.9,11264.0,29,2.672
2026-06-26T13:38:36.090822+00:00,scheduler,0,100,11167.9,11264.0,58,247.285
2026-06-26T13:38:36.090822+00:00,scheduler,1,0,665.9,11264.0,29,3.417
2026-06-26T13:38:41.104095+00:00,scheduler,0,100,11167.9,11264.0,58,248.313
2026-06-26T13:38:41.104095+00:00,scheduler,1,0,665.9,11264.0,29,2.657
2026-06-26T13:38:46.112802+00:00,scheduler,0,100,11167.9,11264.0,58,246.347
2026-06-26T13:38:46.112802+00:00,scheduler,1,0,665.9,11264.0,29,2.711
2026-06-26T13:38:51.121554+00:00,scheduler,0,100,11167.9,11264.0,58,248.216
2026-06-26T13:38:51.121554+00:00,scheduler,1,0,665.9,11264.0,29,3.218
2026-06-26T13:38:56.132471+00:00,scheduler,0,100,11167.9,11264.0,58,247.665
2026-06-26T13:38:56.132471+00:00,scheduler,1,0,665.9,11264.0,29,2.821
2026-06-26T13:39:01.141557+00:00,scheduler,0,100,11167.9,11264.0,58,244.93
2026-06-26T13:39:01.141557+00:00,scheduler,1,0,665.9,11264.0,29,3.046
2026-06-26T13:39:06.152291+00:00,scheduler,0,100,11167.9,11264.0,59,243.589
2026-06-26T13:39:06.152291+00:00,scheduler,1,0,665.9,11264.0,29,2.942
2026-06-26T13:39:11.166514+00:00,scheduler,0,100,11167.9,11264.0,59,246.204
2026-06-26T13:39:11.166514+00:00,scheduler,1,0,665.9,11264.0,29,3.352
2026-06-26T13:39:16.175597+00:00,scheduler,0,100,11167.9,11264.0,59,245.686
2026-06-26T13:39:16.175597+00:00,scheduler,1,0,665.9,11264.0,29,2.992
2026-06-26T13:39:21.187121+00:00,scheduler,0,100,11167.9,11264.0,59,247.767
2026-06-26T13:39:21.187121+00:00,scheduler,1,0,665.9,11264.0,29,2.822
2026-06-26T13:39:26.205059+00:00,scheduler,0,100,11167.9,11264.0,59,248.494
2026-06-26T13:39:26.205059+00:00,scheduler,1,0,665.9,11264.0,29,3.231
2026-06-26T13:39:31.213731+00:00,scheduler,0,100,11167.9,11264.0,59,245.166
2026-06-26T13:39:31.213731+00:00,scheduler,1,0,665.9,11264.0,29,3.632
2026-06-26T13:39:36.223684+00:00,scheduler,0,100,11167.9,11264.0,59,237.891
2026-06-26T13:39:36.223684+00:00,scheduler,1,0,665.9,11264.0,29,2.653
2026-06-26T13:39:41.236921+00:00,scheduler,0,100,11167.9,11264.0,59,239.723
2026-06-26T13:39:41.236921+00:00,scheduler,1,0,665.9,11264.0,29,3.496
2026-06-26T13:39:46.248128+00:00,scheduler,0,100,11167.9,11264.0,59,249.971
2026-06-26T13:39:46.248128+00:00,scheduler,1,0,665.9,11264.0,29,2.85
2026-06-26T13:39:51.261346+00:00,scheduler,0,100,11167.9,11264.0,59,241.072
2026-06-26T13:39:51.261346+00:00,scheduler,1,0,665.9,11264.0,29,3.319
2026-06-26T13:39:56.271655+00:00,scheduler,0,100,11167.9,11264.0,59,239.182
2026-06-26T13:39:56.271655+00:00,scheduler,1,0,665.9,11264.0,29,2.682
2026-06-26T13:40:01.282903+00:00,scheduler,0,100,11167.9,11264.0,59,255.439
2026-06-26T13:40:01.282903+00:00,scheduler,1,0,665.9,11264.0,29,3.632
2026-06-26T13:40:06.301293+00:00,scheduler,0,100,11167.9,11264.0,59,256.315
2026-06-26T13:40:06.301293+00:00,scheduler,1,0,665.9,11264.0,29,3.264
2026-06-26T13:40:11.318272+00:00,scheduler,0,100,11167.9,11264.0,59,242.22
2026-06-26T13:40:11.318272+00:00,scheduler,1,0,665.9,11264.0,29,3.705
2026-06-26T13:40:16.327643+00:00,scheduler,0,100,11167.9,11264.0,59,249.504
2026-06-26T13:40:16.327643+00:00,scheduler,1,0,665.9,11264.0,29,3.022
2026-06-26T13:40:21.338635+00:00,scheduler,0,100,11167.9,11264.0,59,244.995
2026-06-26T13:40:21.338635+00:00,scheduler,1,0,665.9,11264.0,29,2.717
2026-06-26T13:40:26.351358+00:00,scheduler,0,100,11167.9,11264.0,59,239.955
2026-06-26T13:40:26.351358+00:00,scheduler,1,0,665.9,11264.0,29,2.72
2026-06-26T13:40:31.360384+00:00,scheduler,0,100,11167.9,11264.0,59,238.163
2026-06-26T13:40:31.360384+00:00,scheduler,1,0,665.9,11264.0,29,3.028
2026-06-26T13:40:36.369560+00:00,scheduler,0,100,11167.9,11264.0,59,257.275
2026-06-26T13:40:36.369560+00:00,scheduler,1,0,665.9,11264.0,29,2.911
2026-06-26T13:40:41.378329+00:00,scheduler,0,100,11167.9,11264.0,59,256.107
2026-06-26T13:40:41.378329+00:00,scheduler,1,0,665.9,11264.0,29,2.834
2026-06-26T13:40:46.390707+00:00,scheduler,0,100,11167.9,11264.0,59,245.743
2026-06-26T13:40:46.390707+00:00,scheduler,1,0,665.9,11264.0,29,2.815
2026-06-26T13:40:51.399427+00:00,scheduler,0,100,11167.9,11264.0,59,240.091
2026-06-26T13:40:51.399427+00:00,scheduler,1,0,665.9,11264.0,29,3.111
2026-06-26T13:40:56.408250+00:00,scheduler,0,100,11167.9,11264.0,59,247.545
2026-06-26T13:40:56.408250+00:00,scheduler,1,0,665.9,11264.0,29,2.782
2026-06-26T13:41:01.417473+00:00,scheduler,0,100,11167.9,11264.0,59,251.399
2026-06-26T13:41:01.417473+00:00,scheduler,1,0,665.9,11264.0,29,2.871
2026-06-26T13:41:06.426097+00:00,scheduler,0,100,11167.9,11264.0,59,238.02
2026-06-26T13:41:06.426097+00:00,scheduler,1,0,665.9,11264.0,29,3.346
2026-06-26T13:41:11.434948+00:00,scheduler,0,100,11167.9,11264.0,59,238.917
2026-06-26T13:41:11.434948+00:00,scheduler,1,0,665.9,11264.0,29,2.743
2026-06-26T13:41:16.443642+00:00,scheduler,0,100,11167.9,11264.0,59,240.137
2026-06-26T13:41:16.443642+00:00,scheduler,1,0,665.9,11264.0,29,3.064
2026-06-26T13:41:21.452573+00:00,scheduler,0,100,11167.9,11264.0,59,238.941
2026-06-26T13:41:21.452573+00:00,scheduler,1,0,665.9,11264.0,29,2.951
2026-06-26T13:41:26.462548+00:00,scheduler,0,100,11167.9,11264.0,59,237.439
2026-06-26T13:41:26.462548+00:00,scheduler,1,0,665.9,11264.0,29,3.546
2026-06-26T13:41:31.474174+00:00,scheduler,0,100,11167.9,11264.0,59,253.994
2026-06-26T13:41:31.474174+00:00,scheduler,1,0,665.9,11264.0,29,2.898
2026-06-26T13:41:36.483070+00:00,scheduler,0,100,11167.9,11264.0,59,250.545
2026-06-26T13:41:36.483070+00:00,scheduler,1,0,665.9,11264.0,29,2.691
2026-06-26T13:41:41.492602+00:00,scheduler,0,100,11167.9,11264.0,59,238.922
2026-06-26T13:41:41.492602+00:00,scheduler,1,0,665.9,11264.0,29,2.836
2026-06-26T13:41:46.502429+00:00,scheduler,0,100,11167.9,11264.0,59,249.057
2026-06-26T13:41:46.502429+00:00,scheduler,1,0,665.9,11264.0,29,3.206
2026-06-26T13:41:51.511480+00:00,scheduler,0,100,11167.9,11264.0,59,249.911
2026-06-26T13:41:51.511480+00:00,scheduler,1,0,665.9,11264.0,29,2.868
2026-06-26T13:41:56.520340+00:00,scheduler,0,100,11167.9,11264.0,59,238.383
2026-06-26T13:41:56.520340+00:00,scheduler,1,0,665.9,11264.0,29,3.012
2026-06-26T13:42:01.529152+00:00,scheduler,0,100,11167.9,11264.0,59,241.152
2026-06-26T13:42:01.529152+00:00,scheduler,1,0,665.9,11264.0,29,2.786
2026-06-26T13:42:06.539838+00:00,scheduler,0,100,11167.9,11264.0,59,249.878
2026-06-26T13:42:06.539838+00:00,scheduler,1,0,665.9,11264.0,29,2.925
2026-06-26T13:42:11.550375+00:00,scheduler,0,100,11167.9,11264.0,59,246.395
2026-06-26T13:42:11.550375+00:00,scheduler,1,0,665.9,11264.0,29,2.652
2026-06-26T13:42:16.560629+00:00,scheduler,0,100,11167.9,11264.0,59,247.146
2026-06-26T13:42:16.560629+00:00,scheduler,1,0,665.9,11264.0,29,2.74
2026-06-26T13:42:21.569330+00:00,scheduler,0,100,11167.9,11264.0,59,245.355
2026-06-26T13:42:21.569330+00:00,scheduler,1,26,5307.9,11264.0,32,50.635
2026-06-26T13:42:26.574765+00:00,scheduler,0,100,11167.9,11264.0,59,245.65
2026-06-26T13:42:26.574765+00:00,scheduler,1,61,8771.9,11264.0,37,70.484
2026-06-26T13:42:31.579759+00:00,scheduler,0,100,11167.9,11264.0,59,247.437
2026-06-26T13:42:31.579759+00:00,scheduler,1,0,8771.9,11264.0,34,51.059
2026-06-26T13:42:36.586039+00:00,scheduler,0,100,11167.9,11264.0,59,247.536
2026-06-26T13:42:36.586039+00:00,scheduler,1,1,8771.9,11264.0,34,50.885
2026-06-26T13:42:41.591698+00:00,scheduler,0,100,11167.9,11264.0,59,240.373
2026-06-26T13:42:41.591698+00:00,scheduler,1,1,8771.9,11264.0,35,50.547
2026-06-26T13:42:46.604729+00:00,scheduler,0,100,11167.9,11264.0,59,251.609
2026-06-26T13:42:46.604729+00:00,scheduler,1,1,8771.9,11264.0,35,50.678
2026-06-26T13:42:51.613216+00:00,scheduler,0,100,11167.9,11264.0,59,253.509
2026-06-26T13:42:51.613216+00:00,scheduler,1,1,8771.9,11264.0,35,51.085
2026-06-26T13:42:56.624985+00:00,scheduler,0,100,11167.9,11264.0,59,256.751
2026-06-26T13:42:56.624985+00:00,scheduler,1,1,8771.9,11264.0,35,50.809
2026-06-26T13:43:01.636384+00:00,scheduler,0,100,11167.9,11264.0,59,245.368
2026-06-26T13:43:01.636384+00:00,scheduler,1,1,8771.9,11264.0,36,50.724
2026-06-26T13:43:06.654405+00:00,scheduler,0,100,11167.9,11264.0,59,250.435
2026-06-26T13:43:06.654405+00:00,scheduler,1,1,8771.9,11264.0,36,50.965
2026-06-26T13:43:11.660296+00:00,scheduler,0,100,11167.9,11264.0,59,241.99
2026-06-26T13:43:11.660296+00:00,scheduler,1,1,8771.9,11264.0,36,50.855
2026-06-26T13:43:16.671137+00:00,scheduler,0,75,11167.9,11264.0,56,88.014
2026-06-26T13:43:16.671137+00:00,scheduler,1,1,8771.9,11264.0,36,50.993
2026-06-26T13:43:21.683354+00:00,scheduler,0,2,11167.9,11264.0,52,57.192
2026-06-26T13:43:21.683354+00:00,scheduler,1,23,989.9,11264.0,37,62.653
2026-06-26T13:43:26.692387+00:00,scheduler,0,8,11167.9,11264.0,50,57.217
2026-06-26T13:43:26.692387+00:00,scheduler,1,3,4599.9,11264.0,37,51.351
2026-06-26T13:43:31.698067+00:00,scheduler,0,28,1865.9,11264.0,51,85.325
2026-06-26T13:43:31.698067+00:00,scheduler,1,3,6633.9,11264.0,37,51.539
2026-06-26T13:43:36.703887+00:00,scheduler,0,0,1865.9,11264.0,48,56.738
2026-06-26T13:43:36.703887+00:00,scheduler,1,1,7875.9,11264.0,37,51.484
2026-06-26T13:43:41.715977+00:00,scheduler,0,1,1865.9,11264.0,48,55.886
2026-06-26T13:43:41.715977+00:00,scheduler,1,100,10927.9,11264.0,44,246.481
2026-06-26T13:43:46.724761+00:00,scheduler,0,1,2233.9,11264.0,47,56.195
2026-06-26T13:43:46.724761+00:00,scheduler,1,100,10927.9,11264.0,46,243.89
2026-06-26T13:43:51.730235+00:00,scheduler,0,1,2845.9,11264.0,46,56.18
2026-06-26T13:43:51.730235+00:00,scheduler,1,100,10929.9,11264.0,47,245.287
2026-06-26T13:43:56.735536+00:00,scheduler,0,1,3349.9,11264.0,46,56.288
2026-06-26T13:43:56.735536+00:00,scheduler,1,100,10929.9,11264.0,48,237.634
2026-06-26T13:44:01.741184+00:00,scheduler,0,1,3785.9,11264.0,45,55.886
2026-06-26T13:44:01.741184+00:00,scheduler,1,100,10929.9,11264.0,50,242.216
2026-06-26T13:44:06.746709+00:00,scheduler,0,1,4125.9,11264.0,45,55.633
2026-06-26T13:44:06.746709+00:00,scheduler,1,100,10929.9,11264.0,51,240.906
2026-06-26T13:44:11.752473+00:00,scheduler,0,0,4377.9,11264.0,45,55.773
2026-06-26T13:44:11.752473+00:00,scheduler,1,100,10929.9,11264.0,52,241.859
2026-06-26T13:44:16.760002+00:00,scheduler,0,1,4669.9,11264.0,44,55.398
2026-06-26T13:44:16.760002+00:00,scheduler,1,100,10929.9,11264.0,53,252.985
2026-06-26T13:44:21.767534+00:00,scheduler,0,0,4901.9,11264.0,44,55.372
2026-06-26T13:44:21.767534+00:00,scheduler,1,100,10929.9,11264.0,53,246.109
2026-06-26T13:44:26.775143+00:00,scheduler,0,1,5241.9,11264.0,44,55.385
2026-06-26T13:44:26.775143+00:00,scheduler,1,100,10929.9,11264.0,54,240.965
2026-06-26T13:44:31.782046+00:00,scheduler,0,0,5493.9,11264.0,44,55.608
2026-06-26T13:44:31.782046+00:00,scheduler,1,100,10929.9,11264.0,55,248.944
2026-06-26T13:44:36.787397+00:00,scheduler,0,0,5725.9,11264.0,43,55.391
2026-06-26T13:44:36.787397+00:00,scheduler,1,100,10929.9,11264.0,55,251.937
2026-06-26T13:44:41.792987+00:00,scheduler,0,0,5929.9,11264.0,43,55.49
2026-06-26T13:44:41.792987+00:00,scheduler,1,100,10929.9,11264.0,56,238.941
2026-06-26T13:44:46.798489+00:00,scheduler,0,1,6221.9,11264.0,43,55.569
2026-06-26T13:44:46.798489+00:00,scheduler,1,100,10929.9,11264.0,56,250.819
2026-06-26T13:44:51.803891+00:00,scheduler,0,1,6793.9,11264.0,43,55.527
2026-06-26T13:44:51.803891+00:00,scheduler,1,100,10929.9,11264.0,56,242.814
2026-06-26T13:44:56.809343+00:00,scheduler,0,0,7277.9,11264.0,43,55.101
2026-06-26T13:44:56.809343+00:00,scheduler,1,100,10929.9,11264.0,56,244.034
2026-06-26T13:45:01.814732+00:00,scheduler,0,1,7773.9,11264.0,43,55.099
2026-06-26T13:45:01.814732+00:00,scheduler,1,100,10929.9,11264.0,57,250.513
2026-06-26T13:45:06.820086+00:00,scheduler,0,1,8257.9,11264.0,43,55.112
2026-06-26T13:45:06.820086+00:00,scheduler,1,100,10929.9,11264.0,57,247.053
2026-06-26T13:45:11.828420+00:00,scheduler,0,1,8809.9,11264.0,44,55.217
2026-06-26T13:45:11.828420+00:00,scheduler,1,100,10929.9,11264.0,57,246.489
2026-06-26T13:45:16.834225+00:00,scheduler,0,8,8999.9,11264.0,44,55.668
2026-06-26T13:45:16.834225+00:00,scheduler,1,100,10929.9,11264.0,57,244.528
2026-06-26T13:45:21.840557+00:00,scheduler,0,1,8999.9,11264.0,43,55.538
2026-06-26T13:45:21.840557+00:00,scheduler,1,100,10929.9,11264.0,57,249.421
2026-06-26T13:45:26.846193+00:00,scheduler,0,1,8999.9,11264.0,43,54.97
2026-06-26T13:45:26.846193+00:00,scheduler,1,100,10929.9,11264.0,57,244.595
2026-06-26T13:45:31.856086+00:00,scheduler,0,1,8999.9,11264.0,43,55.137
2026-06-26T13:45:31.856086+00:00,scheduler,1,100,10929.9,11264.0,57,250.014
2026-06-26T13:45:36.861479+00:00,scheduler,0,2,8999.9,11264.0,43,55.101
2026-06-26T13:45:36.861479+00:00,scheduler,1,100,10929.9,11264.0,57,244.578
2026-06-26T13:45:41.872313+00:00,scheduler,0,1,1327.9,11264.0,43,55.024
2026-06-26T13:45:41.872313+00:00,scheduler,1,100,10929.9,11264.0,57,248.781
2026-06-26T13:45:46.877820+00:00,scheduler,0,0,1741.9,11264.0,43,54.75
2026-06-26T13:45:46.877820+00:00,scheduler,1,100,10929.9,11264.0,57,250.729
2026-06-26T13:45:51.883541+00:00,scheduler,0,0,2047.9,11264.0,43,55.39
2026-06-26T13:45:51.883541+00:00,scheduler,1,0,10929.9,11264.0,51,55.796
2026-06-26T13:45:56.889032+00:00,scheduler,0,1,2569.9,11264.0,43,55.565
2026-06-26T13:45:56.889032+00:00,scheduler,1,0,10929.9,11264.0,49,55.442
2026-06-26T13:46:01.894272+00:00,scheduler,0,1,3145.9,11264.0,43,55.425
2026-06-26T13:46:01.894272+00:00,scheduler,1,0,10929.9,11264.0,48,54.488
2026-06-26T13:46:06.899752+00:00,scheduler,0,1,3451.9,11264.0,43,55.119
2026-06-26T13:46:06.899752+00:00,scheduler,1,0,10929.9,11264.0,46,54.837
2026-06-26T13:46:11.905174+00:00,scheduler,0,1,3613.9,11264.0,43,55.177
2026-06-26T13:46:11.905174+00:00,scheduler,1,0,10929.9,11264.0,46,54.559
2026-06-26T13:46:16.910453+00:00,scheduler,0,0,3829.9,11264.0,43,55.193
2026-06-26T13:46:16.910453+00:00,scheduler,1,9,10929.9,11264.0,45,54.48
2026-06-26T13:46:21.916598+00:00,scheduler,0,1,4297.9,11264.0,42,55.27
2026-06-26T13:46:21.916598+00:00,scheduler,1,13,4985.9,11264.0,47,74.218
2026-06-26T13:46:26.923661+00:00,scheduler,0,1,4531.9,11264.0,42,55.233
2026-06-26T13:46:26.923661+00:00,scheduler,1,0,4985.9,11264.0,44,53.658
2026-06-26T13:46:31.928890+00:00,scheduler,0,1,4999.9,11264.0,42,55.519
2026-06-26T13:46:31.928890+00:00,scheduler,1,0,885.9,11264.0,44,53.629
2026-06-26T13:46:36.934084+00:00,scheduler,0,1,5701.9,11264.0,42,55.108
2026-06-26T13:46:36.934084+00:00,scheduler,1,0,885.9,11264.0,43,52.837
2026-06-26T13:46:41.939400+00:00,scheduler,0,1,6007.9,11264.0,42,55.234
2026-06-26T13:46:41.939400+00:00,scheduler,1,0,885.9,11264.0,43,52.464
2026-06-26T13:46:46.944761+00:00,scheduler,0,1,6475.9,11264.0,42,55.432
2026-06-26T13:46:46.944761+00:00,scheduler,1,0,665.9,11264.0,40,3.202
2026-06-26T13:46:51.953984+00:00,scheduler,0,1,7105.9,11264.0,42,55.213
2026-06-26T13:46:51.953984+00:00,scheduler,1,0,665.9,11264.0,39,3.702
2026-06-26T13:46:56.963012+00:00,scheduler,0,1,7573.9,11264.0,42,55.033
2026-06-26T13:46:56.963012+00:00,scheduler,1,0,665.9,11264.0,38,3.719
2026-06-26T13:47:01.972209+00:00,scheduler,0,0,7879.9,11264.0,42,55.112
2026-06-26T13:47:01.972209+00:00,scheduler,1,0,665.9,11264.0,37,4.42
2026-06-26T13:47:06.981726+00:00,scheduler,0,0,8275.9,11264.0,42,54.9
2026-06-26T13:47:06.981726+00:00,scheduler,1,0,665.9,11264.0,37,3.392
2026-06-26T13:47:11.990731+00:00,scheduler,0,60,11165.9,11264.0,48,254.305
2026-06-26T13:47:11.990731+00:00,scheduler,1,0,665.9,11264.0,36,4.483
2026-06-26T13:47:17.002817+00:00,scheduler,0,100,11165.9,11264.0,50,246.522
2026-06-26T13:47:17.002817+00:00,scheduler,1,0,665.9,11264.0,36,4.385
2026-06-26T13:47:22.014857+00:00,scheduler,0,100,11167.9,11264.0,52,246.622
2026-06-26T13:47:22.014857+00:00,scheduler,1,0,665.9,11264.0,35,3.985
2026-06-26T13:47:27.023717+00:00,scheduler,0,100,11167.9,11264.0,52,251.913
2026-06-26T13:47:27.023717+00:00,scheduler,1,0,665.9,11264.0,35,3.56
2026-06-26T13:47:32.037609+00:00,scheduler,0,100,11167.9,11264.0,53,237.184
2026-06-26T13:47:32.037609+00:00,scheduler,1,0,665.9,11264.0,35,3.309
2026-06-26T13:47:37.046857+00:00,scheduler,0,100,11167.9,11264.0,54,244.118
2026-06-26T13:47:37.046857+00:00,scheduler,1,0,665.9,11264.0,34,3.362
2026-06-26T13:47:42.055797+00:00,scheduler,0,100,11167.9,11264.0,55,252.681
2026-06-26T13:47:42.055797+00:00,scheduler,1,0,665.9,11264.0,34,3.368
2026-06-26T13:47:47.064443+00:00,scheduler,0,100,11167.9,11264.0,56,246.974
2026-06-26T13:47:47.064443+00:00,scheduler,1,0,665.9,11264.0,34,3.847
2026-06-26T13:47:52.077937+00:00,scheduler,0,100,11167.9,11264.0,56,247.794
2026-06-26T13:47:52.077937+00:00,scheduler,1,0,665.9,11264.0,34,3.275
2026-06-26T13:47:57.086751+00:00,scheduler,0,100,11167.9,11264.0,57,249.906
2026-06-26T13:47:57.086751+00:00,scheduler,1,0,665.9,11264.0,34,3.499
2026-06-26T13:48:02.097645+00:00,scheduler,0,100,11167.9,11264.0,57,242.516
2026-06-26T13:48:02.097645+00:00,scheduler,1,0,665.9,11264.0,33,3.735
2026-06-26T13:48:07.106438+00:00,scheduler,0,100,11167.9,11264.0,58,246.622
2026-06-26T13:48:07.106438+00:00,scheduler,1,0,665.9,11264.0,33,2.934
2026-06-26T13:48:12.120395+00:00,scheduler,0,100,11167.9,11264.0,58,255.546
2026-06-26T13:48:12.120395+00:00,scheduler,1,0,665.9,11264.0,33,3.025
2026-06-26T13:48:17.132878+00:00,scheduler,0,100,11167.9,11264.0,58,246.833
2026-06-26T13:48:17.132878+00:00,scheduler,1,0,665.9,11264.0,33,3.175
2026-06-26T13:48:22.145703+00:00,scheduler,0,100,11167.9,11264.0,58,247.748
2026-06-26T13:48:22.145703+00:00,scheduler,1,0,665.9,11264.0,33,3.105
2026-06-26T13:48:27.157614+00:00,scheduler,0,100,11167.9,11264.0,58,244.543
2026-06-26T13:48:27.157614+00:00,scheduler,1,0,665.9,11264.0,33,3.605
2026-06-26T13:48:32.171034+00:00,scheduler,0,100,11167.9,11264.0,59,238.752
2026-06-26T13:48:32.171034+00:00,scheduler,1,0,665.9,11264.0,33,3.25
2026-06-26T13:48:37.241827+00:00,scheduler,0,100,11167.9,11264.0,59,249.186
2026-06-26T13:48:37.241827+00:00,scheduler,1,0,665.9,11264.0,32,3.294
2026-06-26T13:48:42.250896+00:00,scheduler,0,100,11167.9,11264.0,59,248.034
2026-06-26T13:48:42.250896+00:00,scheduler,1,0,665.9,11264.0,32,3.328
2026-06-26T13:48:47.260148+00:00,scheduler,0,100,11167.9,11264.0,59,247.216
2026-06-26T13:48:47.260148+00:00,scheduler,1,0,665.9,11264.0,32,3.072
2026-06-26T13:48:52.271366+00:00,scheduler,0,100,11167.9,11264.0,59,244.239
2026-06-26T13:48:52.271366+00:00,scheduler,1,0,665.9,11264.0,32,2.846
2026-06-26T13:48:57.280371+00:00,scheduler,0,100,11167.9,11264.0,59,247.397
2026-06-26T13:48:57.280371+00:00,scheduler,1,0,665.9,11264.0,32,3.005
2026-06-26T13:49:02.290869+00:00,scheduler,0,100,11167.9,11264.0,59,239.875
2026-06-26T13:49:02.290869+00:00,scheduler,1,0,665.9,11264.0,32,2.974
2026-06-26T13:49:07.303828+00:00,scheduler,0,100,11167.9,11264.0,59,246.693
2026-06-26T13:49:07.303828+00:00,scheduler,1,0,665.9,11264.0,32,2.712
2026-06-26T13:49:12.316012+00:00,scheduler,0,100,11167.9,11264.0,59,248.519
2026-06-26T13:49:12.316012+00:00,scheduler,1,0,665.9,11264.0,32,2.917
2026-06-26T13:49:17.328630+00:00,scheduler,0,100,11167.9,11264.0,59,251.279
2026-06-26T13:49:17.328630+00:00,scheduler,1,0,665.9,11264.0,32,2.717
2026-06-26T13:49:22.341140+00:00,scheduler,0,100,11167.9,11264.0,59,248.819
2026-06-26T13:49:22.341140+00:00,scheduler,1,3,2039.9,11264.0,35,50.953
2026-06-26T13:49:27.347484+00:00,scheduler,0,100,11167.9,11264.0,59,246.178
2026-06-26T13:49:27.347484+00:00,scheduler,1,3,3939.9,11264.0,35,51.107
2026-06-26T13:49:32.352956+00:00,scheduler,0,100,11167.9,11264.0,59,240.476
2026-06-26T13:49:32.352956+00:00,scheduler,1,3,5675.9,11264.0,36,51.167
2026-06-26T13:49:37.358365+00:00,scheduler,0,100,11167.9,11264.0,59,255.978
2026-06-26T13:49:37.358365+00:00,scheduler,1,3,7451.9,11264.0,36,51.151
2026-06-26T13:49:42.363882+00:00,scheduler,0,100,11167.9,11264.0,59,247.829
2026-06-26T13:49:42.363882+00:00,scheduler,1,96,8771.9,11264.0,40,71.69
2026-06-26T13:49:47.374394+00:00,scheduler,0,100,11167.9,11264.0,59,244.822
2026-06-26T13:49:47.374394+00:00,scheduler,1,0,8771.9,11264.0,37,51.581
2026-06-26T13:49:52.381128+00:00,scheduler,0,100,11167.9,11264.0,59,255.581
2026-06-26T13:49:52.381128+00:00,scheduler,1,0,8771.9,11264.0,37,51.584
2026-06-26T13:49:57.395615+00:00,scheduler,0,100,11167.9,11264.0,59,249.295
2026-06-26T13:49:57.395615+00:00,scheduler,1,0,8771.9,11264.0,37,51.415
2026-06-26T13:50:02.401056+00:00,scheduler,0,100,11167.9,11264.0,59,247.722
2026-06-26T13:50:02.401056+00:00,scheduler,1,0,8771.9,11264.0,38,51.314
2026-06-26T13:50:07.412155+00:00,scheduler,0,100,11167.9,11264.0,59,254.601
2026-06-26T13:50:07.412155+00:00,scheduler,1,0,8771.9,11264.0,38,51.551
2026-06-26T13:50:12.417756+00:00,scheduler,0,100,11167.9,11264.0,59,253.104
2026-06-26T13:50:12.417756+00:00,scheduler,1,0,8771.9,11264.0,38,51.691
2026-06-26T13:50:17.426409+00:00,scheduler,0,100,11167.9,11264.0,59,245.929
2026-06-26T13:50:17.426409+00:00,scheduler,1,0,8771.9,11264.0,38,51.063
2026-06-26T13:50:22.431946+00:00,scheduler,0,100,11167.9,11264.0,59,244.431
2026-06-26T13:50:22.431946+00:00,scheduler,1,0,8771.9,11264.0,38,51.551
2026-06-26T13:50:27.437800+00:00,scheduler,0,100,11167.9,11264.0,59,251.48
2026-06-26T13:50:27.437800+00:00,scheduler,1,0,8771.9,11264.0,38,52.252
2026-06-26T13:50:32.444173+00:00,scheduler,0,100,11167.9,11264.0,59,244.509
2026-06-26T13:50:32.444173+00:00,scheduler,1,0,8771.9,11264.0,38,51.451
2026-06-26T13:50:37.450975+00:00,scheduler,0,100,11167.9,11264.0,59,238.164
2026-06-26T13:50:37.450975+00:00,scheduler,1,0,8771.9,11264.0,38,51.66
2026-06-26T13:50:42.460586+00:00,scheduler,0,100,11167.9,11264.0,59,239.412
2026-06-26T13:50:42.460586+00:00,scheduler,1,0,8771.9,11264.0,38,51.639
2026-06-26T13:50:47.467642+00:00,scheduler,0,100,11167.9,11264.0,59,252.668
2026-06-26T13:50:47.467642+00:00,scheduler,1,0,8771.9,11264.0,39,52.147
2026-06-26T13:50:52.475238+00:00,scheduler,0,100,11167.9,11264.0,59,247.173
2026-06-26T13:50:52.475238+00:00,scheduler,1,0,8771.9,11264.0,39,52.061
2026-06-26T13:50:57.482898+00:00,scheduler,0,100,11167.9,11264.0,59,238.755
2026-06-26T13:50:57.482898+00:00,scheduler,1,0,8771.9,11264.0,39,51.282
2026-06-26T13:51:02.488350+00:00,scheduler,0,100,11167.9,11264.0,59,237.498
2026-06-26T13:51:02.488350+00:00,scheduler,1,0,8771.9,11264.0,39,51.646
2026-06-26T13:51:07.494897+00:00,scheduler,0,100,11167.9,11264.0,59,248.051
2026-06-26T13:51:07.494897+00:00,scheduler,1,0,8771.9,11264.0,39,51.505
2026-06-26T13:51:12.500303+00:00,scheduler,0,100,11167.9,11264.0,59,238.209
2026-06-26T13:51:12.500303+00:00,scheduler,1,0,8771.9,11264.0,39,51.439
2026-06-26T13:51:17.509030+00:00,scheduler,0,100,11167.9,11264.0,59,236.949
2026-06-26T13:51:17.509030+00:00,scheduler,1,0,8771.9,11264.0,39,51.413
2026-06-26T13:51:22.514379+00:00,scheduler,0,100,11167.9,11264.0,59,254.036
2026-06-26T13:51:22.514379+00:00,scheduler,1,0,8771.9,11264.0,39,52.353
2026-06-26T13:51:27.519840+00:00,scheduler,0,100,11167.9,11264.0,59,245.06
2026-06-26T13:51:27.519840+00:00,scheduler,1,0,8771.9,11264.0,39,51.964
2026-06-26T13:51:32.526360+00:00,scheduler,0,100,11167.9,11264.0,59,247.379
2026-06-26T13:51:32.526360+00:00,scheduler,1,0,8771.9,11264.0,39,51.862
2026-06-26T13:51:37.532368+00:00,scheduler,0,100,11167.9,11264.0,59,246.015
2026-06-26T13:51:37.532368+00:00,scheduler,1,0,8771.9,11264.0,39,51.88
2026-06-26T13:51:42.541859+00:00,scheduler,0,100,11167.9,11264.0,59,246.387
2026-06-26T13:51:42.541859+00:00,scheduler,1,0,8771.9,11264.0,39,51.668
2026-06-26T13:51:47.550774+00:00,scheduler,0,100,11167.9,11264.0,59,247.947
2026-06-26T13:51:47.550774+00:00,scheduler,1,1,8771.9,11264.0,39,51.789
2026-06-26T13:51:52.562817+00:00,scheduler,0,100,11167.9,11264.0,59,240.789
2026-06-26T13:51:52.562817+00:00,scheduler,1,2,8771.9,11264.0,39,51.955
2026-06-26T13:51:57.569273+00:00,scheduler,0,100,11167.9,11264.0,59,249.428
2026-06-26T13:51:57.569273+00:00,scheduler,1,1,8771.9,11264.0,39,51.973
2026-06-26T13:52:02.581813+00:00,scheduler,0,100,11167.9,11264.0,59,247.915
2026-06-26T13:52:02.581813+00:00,scheduler,1,24,1107.9,11264.0,40,70.923
2026-06-26T13:52:07.586962+00:00,scheduler,0,100,11167.9,11264.0,59,247.755
2026-06-26T13:52:07.586962+00:00,scheduler,1,2,2277.9,11264.0,39,51.809
2026-06-26T13:52:12.597786+00:00,scheduler,0,100,11167.9,11264.0,59,246.259
2026-06-26T13:52:12.597786+00:00,scheduler,1,2,3375.9,11264.0,39,52.211
2026-06-26T13:52:17.610823+00:00,scheduler,0,100,11167.9,11264.0,59,246.69
2026-06-26T13:52:17.610823+00:00,scheduler,1,1,4293.9,11264.0,39,52.081
2026-06-26T13:52:22.618469+00:00,scheduler,0,100,11167.9,11264.0,59,243.818
2026-06-26T13:52:22.618469+00:00,scheduler,1,1,4995.9,11264.0,39,51.884
2026-06-26T13:52:27.634003+00:00,scheduler,0,100,11167.9,11264.0,59,247.03
2026-06-26T13:52:27.634003+00:00,scheduler,1,1,5697.9,11264.0,39,52.184
2026-06-26T13:52:32.645982+00:00,scheduler,0,100,11167.9,11264.0,59,248.149
2026-06-26T13:52:32.645982+00:00,scheduler,1,1,6237.9,11264.0,39,51.686
2026-06-26T13:52:37.654591+00:00,scheduler,0,100,11167.9,11264.0,59,248.04
2026-06-26T13:52:37.654591+00:00,scheduler,1,1,6867.9,11264.0,40,51.699
2026-06-26T13:52:42.665052+00:00,scheduler,0,100,11167.9,11264.0,59,246.405
2026-06-26T13:52:42.665052+00:00,scheduler,1,1,7569.9,11264.0,39,52.151
2026-06-26T13:52:47.671808+00:00,scheduler,0,100,11167.9,11264.0,59,248.533
2026-06-26T13:52:47.671808+00:00,scheduler,1,1,8147.9,11264.0,40,52.079
2026-06-26T13:52:52.678872+00:00,scheduler,0,100,11167.9,11264.0,59,246.022
2026-06-26T13:52:52.678872+00:00,scheduler,1,100,10927.9,11264.0,47,248.372
2026-06-26T13:52:57.691770+00:00,scheduler,0,1,11167.9,11264.0,52,57.302
2026-06-26T13:52:57.691770+00:00,scheduler,1,100,10929.9,11264.0,48,258.05
2026-06-26T13:53:02.697954+00:00,scheduler,0,1,11167.9,11264.0,51,57.01
2026-06-26T13:53:02.697954+00:00,scheduler,1,100,10929.9,11264.0,50,248.786
2026-06-26T13:53:07.703617+00:00,scheduler,0,1,11167.9,11264.0,50,56.977
2026-06-26T13:53:07.703617+00:00,scheduler,1,100,10929.9,11264.0,51,247.353
2026-06-26T13:53:12.711048+00:00,scheduler,0,8,7805.9,11264.0,49,56.446
2026-06-26T13:53:12.711048+00:00,scheduler,1,100,10929.9,11264.0,52,249.683
2026-06-26T13:53:17.720981+00:00,scheduler,0,0,1131.9,11264.0,48,56.397
2026-06-26T13:53:17.720981+00:00,scheduler,1,100,10929.9,11264.0,53,252.018
2026-06-26T13:53:22.730289+00:00,scheduler,0,1,1867.9,11264.0,48,56.277
2026-06-26T13:53:22.730289+00:00,scheduler,1,100,10929.9,11264.0,53,248.082
2026-06-26T13:53:27.737321+00:00,scheduler,0,0,1867.9,11264.0,47,55.905
2026-06-26T13:53:27.737321+00:00,scheduler,1,100,10929.9,11264.0,54,247.847
2026-06-26T13:53:32.746430+00:00,scheduler,0,1,2187.9,11264.0,46,55.936
2026-06-26T13:53:32.746430+00:00,scheduler,1,100,10929.9,11264.0,55,248.356
2026-06-26T13:53:37.752252+00:00,scheduler,0,1,2683.9,11264.0,46,55.792
2026-06-26T13:53:37.752252+00:00,scheduler,1,100,10929.9,11264.0,55,254.183
2026-06-26T13:53:42.758126+00:00,scheduler,0,1,3235.9,11264.0,45,55.525
2026-06-26T13:53:42.758126+00:00,scheduler,1,100,10929.9,11264.0,56,248.522
2026-06-26T13:53:47.763569+00:00,scheduler,0,0,3739.9,11264.0,45,55.478
2026-06-26T13:53:47.763569+00:00,scheduler,1,100,10929.9,11264.0,56,253.074
2026-06-26T13:53:52.772150+00:00,scheduler,0,1,4379.9,11264.0,45,55.616
2026-06-26T13:53:52.772150+00:00,scheduler,1,100,10929.9,11264.0,56,250.907
2026-06-26T13:53:57.780148+00:00,scheduler,0,1,4903.9,11264.0,44,55.277
2026-06-26T13:53:57.780148+00:00,scheduler,1,100,10929.9,11264.0,56,254.125
2026-06-26T13:54:02.787095+00:00,scheduler,0,0,5679.9,11264.0,44,55.199
2026-06-26T13:54:02.787095+00:00,scheduler,1,100,10929.9,11264.0,57,248.427
2026-06-26T13:54:07.795715+00:00,scheduler,0,0,5951.9,11264.0,44,55.205
2026-06-26T13:54:07.795715+00:00,scheduler,1,100,10929.9,11264.0,57,247.061
2026-06-26T13:54:12.805789+00:00,scheduler,0,0,6271.9,11264.0,44,55.29
2026-06-26T13:54:12.805789+00:00,scheduler,1,100,10929.9,11264.0,57,250.729
2026-06-26T13:54:17.812857+00:00,scheduler,0,0,6563.9,11264.0,44,55.085
2026-06-26T13:54:17.812857+00:00,scheduler,1,100,10929.9,11264.0,57,239.774
2026-06-26T13:54:22.820088+00:00,scheduler,0,1,6951.9,11264.0,43,55.168
2026-06-26T13:54:22.820088+00:00,scheduler,1,100,10929.9,11264.0,57,237.999
2026-06-26T13:54:27.825799+00:00,scheduler,0,1,7279.9,11264.0,43,55.311
2026-06-26T13:54:27.825799+00:00,scheduler,1,100,10929.9,11264.0,57,250.867
2026-06-26T13:54:32.833780+00:00,scheduler,0,1,7707.9,11264.0,43,55.052
2026-06-26T13:54:32.833780+00:00,scheduler,1,100,10929.9,11264.0,57,251.404
2026-06-26T13:54:37.841072+00:00,scheduler,0,1,8163.9,11264.0,43,54.877
2026-06-26T13:54:37.841072+00:00,scheduler,1,100,10929.9,11264.0,57,252.177
2026-06-26T13:54:42.848160+00:00,scheduler,0,64,9001.9,11264.0,46,74.409
2026-06-26T13:54:42.848160+00:00,scheduler,1,100,10929.9,11264.0,57,240.502
2026-06-26T13:54:47.854400+00:00,scheduler,0,6,9001.9,11264.0,44,55.394
2026-06-26T13:54:47.854400+00:00,scheduler,1,100,10929.9,11264.0,57,251.725
2026-06-26T13:54:52.869287+00:00,scheduler,0,1,9001.9,11264.0,44,54.94
2026-06-26T13:54:52.869287+00:00,scheduler,1,100,10929.9,11264.0,57,250.424
2026-06-26T13:54:57.878585+00:00,scheduler,0,23,1363.9,11264.0,44,76.062
2026-06-26T13:54:57.878585+00:00,scheduler,1,100,10929.9,11264.0,57,248.58
2026-06-26T13:55:02.884008+00:00,scheduler,0,100,11165.9,11264.0,51,247.654
2026-06-26T13:55:02.884008+00:00,scheduler,1,100,10929.9,11264.0,57,254.906
2026-06-26T13:55:07.889404+00:00,scheduler,0,100,11165.9,11264.0,52,246.565
2026-06-26T13:55:07.889404+00:00,scheduler,1,100,10929.9,11264.0,57,240.604
2026-06-26T13:55:12.897027+00:00,scheduler,0,100,11167.9,11264.0,53,239.831
2026-06-26T13:55:12.897027+00:00,scheduler,1,100,10929.9,11264.0,57,256.636
2026-06-26T13:55:17.902474+00:00,scheduler,0,100,11167.9,11264.0,54,245.624
2026-06-26T13:55:17.902474+00:00,scheduler,1,100,10929.9,11264.0,57,246.271
2026-06-26T13:55:22.907889+00:00,scheduler,0,100,11167.9,11264.0,55,255.225
2026-06-26T13:55:22.907889+00:00,scheduler,1,100,10929.9,11264.0,57,246.237
2026-06-26T13:55:27.917316+00:00,scheduler,0,100,11167.9,11264.0,55,249.191
2026-06-26T13:55:27.917316+00:00,scheduler,1,100,10929.9,11264.0,57,242.992
2026-06-26T13:55:32.924206+00:00,scheduler,0,100,11167.9,11264.0,56,244.972
2026-06-26T13:55:32.924206+00:00,scheduler,1,100,10929.9,11264.0,57,243.776
2026-06-26T13:55:37.933819+00:00,scheduler,0,100,11167.9,11264.0,57,247.232
2026-06-26T13:55:37.933819+00:00,scheduler,1,100,10929.9,11264.0,57,256.41
2026-06-26T13:55:42.941138+00:00,scheduler,0,100,11167.9,11264.0,57,247.898
2026-06-26T13:55:42.941138+00:00,scheduler,1,100,10929.9,11264.0,57,250.354
2026-06-26T13:55:47.948138+00:00,scheduler,0,100,11167.9,11264.0,58,238.189
2026-06-26T13:55:47.948138+00:00,scheduler,1,100,10929.9,11264.0,58,242.163
2026-06-26T13:55:52.956336+00:00,scheduler,0,100,11167.9,11264.0,58,250.95
2026-06-26T13:55:52.956336+00:00,scheduler,1,100,10929.9,11264.0,57,250.188
2026-06-26T13:55:57.965214+00:00,scheduler,0,100,11167.9,11264.0,59,250.457
2026-06-26T13:55:57.965214+00:00,scheduler,1,100,10929.9,11264.0,57,248.523
2026-06-26T13:56:02.971998+00:00,scheduler,0,100,11167.9,11264.0,59,245.58
2026-06-26T13:56:02.971998+00:00,scheduler,1,100,10929.9,11264.0,57,255.858
2026-06-26T13:56:07.978658+00:00,scheduler,0,100,11167.9,11264.0,59,246.442
2026-06-26T13:56:07.978658+00:00,scheduler,1,100,10929.9,11264.0,57,246.393
2026-06-26T13:56:12.985175+00:00,scheduler,0,100,11167.9,11264.0,59,244.163
2026-06-26T13:56:12.985175+00:00,scheduler,1,100,10929.9,11264.0,57,240.111
2026-06-26T13:56:17.990804+00:00,scheduler,0,100,11167.9,11264.0,59,249.422
2026-06-26T13:56:17.990804+00:00,scheduler,1,100,10929.9,11264.0,57,248.186
2026-06-26T13:56:22.996470+00:00,scheduler,0,100,11167.9,11264.0,59,246.288
2026-06-26T13:56:22.996470+00:00,scheduler,1,100,10929.9,11264.0,57,240.59
2026-06-26T13:56:28.003908+00:00,scheduler,0,100,11167.9,11264.0,59,246.035
2026-06-26T13:56:28.003908+00:00,scheduler,1,100,10929.9,11264.0,57,252.324
2026-06-26T13:56:33.012832+00:00,scheduler,0,100,11167.9,11264.0,59,245.106
2026-06-26T13:56:33.012832+00:00,scheduler,1,100,10929.9,11264.0,57,251.589
2026-06-26T13:56:38.023084+00:00,scheduler,0,100,11167.9,11264.0,59,238.745
2026-06-26T13:56:38.023084+00:00,scheduler,1,100,10929.9,11264.0,57,238.394
2026-06-26T13:56:43.029772+00:00,scheduler,0,100,11167.9,11264.0,59,251.372
2026-06-26T13:56:43.029772+00:00,scheduler,1,100,10929.9,11264.0,58,252.101
2026-06-26T13:56:48.038706+00:00,scheduler,0,100,11167.9,11264.0,59,248.522
2026-06-26T13:56:48.038706+00:00,scheduler,1,100,10929.9,11264.0,57,244.563
2026-06-26T13:56:53.049026+00:00,scheduler,0,100,11167.9,11264.0,60,249.975
2026-06-26T13:56:53.049026+00:00,scheduler,1,100,10929.9,11264.0,57,248.267
2026-06-26T13:56:58.056527+00:00,scheduler,0,100,11167.9,11264.0,59,246.951
2026-06-26T13:56:58.056527+00:00,scheduler,1,100,10929.9,11264.0,57,249.054
2026-06-26T13:57:03.063260+00:00,scheduler,0,100,11167.9,11264.0,59,244.996
2026-06-26T13:57:03.063260+00:00,scheduler,1,100,10929.9,11264.0,57,249.758
2026-06-26T13:57:08.070899+00:00,scheduler,0,100,11167.9,11264.0,60,240.297
2026-06-26T13:57:08.070899+00:00,scheduler,1,100,10929.9,11264.0,57,246.674
2026-06-26T13:57:13.076215+00:00,scheduler,0,100,11167.9,11264.0,59,238.209
2026-06-26T13:57:13.076215+00:00,scheduler,1,100,10929.9,11264.0,58,245.023
2026-06-26T13:57:18.083351+00:00,scheduler,0,100,11167.9,11264.0,59,245.302
2026-06-26T13:57:18.083351+00:00,scheduler,1,100,10929.9,11264.0,57,245.909
2026-06-26T13:57:23.089047+00:00,scheduler,0,100,11167.9,11264.0,59,253.198
2026-06-26T13:57:23.089047+00:00,scheduler,1,100,10929.9,11264.0,57,248.218
2026-06-26T13:57:28.096703+00:00,scheduler,0,100,11167.9,11264.0,59,253.704
2026-06-26T13:57:28.096703+00:00,scheduler,1,100,10929.9,11264.0,57,238.685
2026-06-26T13:57:33.106422+00:00,scheduler,0,100,11167.9,11264.0,59,245.447
2026-06-26T13:57:33.106422+00:00,scheduler,1,100,10929.9,11264.0,57,254.868
2026-06-26T13:57:38.114916+00:00,scheduler,0,100,11167.9,11264.0,59,246.971
2026-06-26T13:57:38.114916+00:00,scheduler,1,100,10929.9,11264.0,57,250.354
2026-06-26T13:57:43.125108+00:00,scheduler,0,100,11167.9,11264.0,59,245.384
2026-06-26T13:57:43.125108+00:00,scheduler,1,100,10929.9,11264.0,57,243.883
2026-06-26T13:57:48.132922+00:00,scheduler,0,100,11167.9,11264.0,59,249.408
2026-06-26T13:57:48.132922+00:00,scheduler,1,100,10929.9,11264.0,57,248.624
2026-06-26T13:57:53.140593+00:00,scheduler,0,100,11167.9,11264.0,60,239.159
2026-06-26T13:57:53.140593+00:00,scheduler,1,100,10929.9,11264.0,57,242.358
2026-06-26T13:57:58.146037+00:00,scheduler,0,100,11167.9,11264.0,59,239.321
2026-06-26T13:57:58.146037+00:00,scheduler,1,100,10929.9,11264.0,57,247.904
2026-06-26T13:58:03.153053+00:00,scheduler,0,100,11167.9,11264.0,59,248.863
2026-06-26T13:58:03.153053+00:00,scheduler,1,100,10929.9,11264.0,57,250.054
2026-06-26T13:58:08.158714+00:00,scheduler,0,100,11167.9,11264.0,60,248.29
2026-06-26T13:58:08.158714+00:00,scheduler,1,100,10929.9,11264.0,57,244.858
2026-06-26T13:58:13.166891+00:00,scheduler,0,100,11167.9,11264.0,60,249.932
2026-06-26T13:58:13.166891+00:00,scheduler,1,100,10929.9,11264.0,57,251.205
2026-06-26T13:58:18.174971+00:00,scheduler,0,100,11167.9,11264.0,59,244.01
2026-06-26T13:58:18.174971+00:00,scheduler,1,100,10929.9,11264.0,57,240.8
2026-06-26T13:58:23.181455+00:00,scheduler,0,100,11167.9,11264.0,59,248.172
2026-06-26T13:58:23.181455+00:00,scheduler,1,100,10929.9,11264.0,57,250.884
2026-06-26T13:58:28.190445+00:00,scheduler,0,100,11167.9,11264.0,59,245.498
2026-06-26T13:58:28.190445+00:00,scheduler,1,100,10929.9,11264.0,57,251.125
2026-06-26T13:58:33.198521+00:00,scheduler,0,100,11167.9,11264.0,60,249.91
2026-06-26T13:58:33.198521+00:00,scheduler,1,72,10929.9,11264.0,54,72.798
2026-06-26T13:58:38.203473+00:00,scheduler,0,100,11167.9,11264.0,59,252.93
2026-06-26T13:58:38.203473+00:00,scheduler,1,2,10929.9,11264.0,50,55.654
2026-06-26T13:58:43.210581+00:00,scheduler,0,100,11167.9,11264.0,59,239.567
2026-06-26T13:58:43.210581+00:00,scheduler,1,0,10929.9,11264.0,49,55.362
2026-06-26T13:58:48.219184+00:00,scheduler,0,100,11167.9,11264.0,59,256.45
2026-06-26T13:58:48.219184+00:00,scheduler,1,3,10929.9,11264.0,47,54.77
2026-06-26T13:58:53.225287+00:00,scheduler,0,100,11167.9,11264.0,60,245.771
2026-06-26T13:58:53.225287+00:00,scheduler,1,11,10929.9,11264.0,46,54.577
2026-06-26T13:58:58.231727+00:00,scheduler,0,100,11167.9,11264.0,60,242.626
2026-06-26T13:58:58.231727+00:00,scheduler,1,26,889.9,11264.0,46,73.249
2026-06-26T13:59:03.242723+00:00,scheduler,0,100,11167.9,11264.0,59,254.884
2026-06-26T13:59:03.242723+00:00,scheduler,1,0,4985.9,11264.0,46,54.609
2026-06-26T13:59:08.248132+00:00,scheduler,0,100,11167.9,11264.0,60,245.763
2026-06-26T13:59:08.248132+00:00,scheduler,1,1,1627.9,11264.0,45,53.756
2026-06-26T13:59:13.256066+00:00,scheduler,0,100,11167.9,11264.0,60,240.543
2026-06-26T13:59:13.256066+00:00,scheduler,1,0,1763.9,11264.0,44,53.423
2026-06-26T13:59:18.265410+00:00,scheduler,0,100,11167.9,11264.0,60,242.621
2026-06-26T13:59:18.265410+00:00,scheduler,1,0,2015.9,11264.0,44,53.419
2026-06-26T13:59:23.270822+00:00,scheduler,0,100,11167.9,11264.0,59,246.601
2026-06-26T13:59:23.270822+00:00,scheduler,1,0,2287.9,11264.0,43,53.364
2026-06-26T13:59:28.276367+00:00,scheduler,0,100,11167.9,11264.0,59,244.705
2026-06-26T13:59:28.276367+00:00,scheduler,1,1,2587.9,11264.0,43,52.741
2026-06-26T13:59:33.282755+00:00,scheduler,0,100,11167.9,11264.0,60,248.979
2026-06-26T13:59:33.282755+00:00,scheduler,1,1,2879.9,11264.0,43,52.646
2026-06-26T13:59:38.290360+00:00,scheduler,0,100,11167.9,11264.0,60,252.784
2026-06-26T13:59:38.290360+00:00,scheduler,1,1,3159.9,11264.0,42,53.144
2026-06-26T13:59:43.295742+00:00,scheduler,0,100,11167.9,11264.0,60,244.245
2026-06-26T13:59:43.295742+00:00,scheduler,1,0,3451.9,11264.0,42,52.915
2026-06-26T13:59:48.301275+00:00,scheduler,0,100,11167.9,11264.0,60,252.159
2026-06-26T13:59:48.301275+00:00,scheduler,1,1,3751.9,11264.0,42,52.716
2026-06-26T13:59:53.308190+00:00,scheduler,0,100,11167.9,11264.0,59,256.217
2026-06-26T13:59:53.308190+00:00,scheduler,1,0,4043.9,11264.0,42,52.607
2026-06-26T13:59:58.314746+00:00,scheduler,0,100,11167.9,11264.0,60,242.221
2026-06-26T13:59:58.314746+00:00,scheduler,1,4,5439.9,11264.0,41,52.644
2026-06-26T14:00:03.324019+00:00,scheduler,0,100,11167.9,11264.0,60,237.986
2026-06-26T14:00:03.324019+00:00,scheduler,1,1,5779.9,11264.0,41,52.323
2026-06-26T14:00:08.329911+00:00,scheduler,0,100,11167.9,11264.0,60,237.39
2026-06-26T14:00:08.329911+00:00,scheduler,1,1,6263.9,11264.0,41,52.685
2026-06-26T14:00:13.339860+00:00,scheduler,0,100,11167.9,11264.0,59,247.393
2026-06-26T14:00:13.339860+00:00,scheduler,1,1,6691.9,11264.0,41,52.72
2026-06-26T14:00:18.345955+00:00,scheduler,0,100,11167.9,11264.0,60,241.507
2026-06-26T14:00:18.345955+00:00,scheduler,1,1,7195.9,11264.0,41,52.32
2026-06-26T14:00:23.352878+00:00,scheduler,0,100,11167.9,11264.0,60,247.795
2026-06-26T14:00:23.352878+00:00,scheduler,1,1,8571.9,11264.0,43,148.317
2026-06-26T14:00:28.358983+00:00,scheduler,0,100,11167.9,11264.0,59,243.753
2026-06-26T14:00:28.358983+00:00,scheduler,1,13,8761.9,11264.0,42,52.583
2026-06-26T14:00:33.364406+00:00,scheduler,0,100,11167.9,11264.0,59,248.543
2026-06-26T14:00:33.364406+00:00,scheduler,1,2,8761.9,11264.0,41,52.704
2026-06-26T14:00:38.376404+00:00,scheduler,0,100,11167.9,11264.0,59,238.458
2026-06-26T14:00:38.376404+00:00,scheduler,1,2,1611.9,11264.0,42,71.761
2026-06-26T14:00:43.383737+00:00,scheduler,0,7,11167.9,11264.0,55,79.319
2026-06-26T14:00:43.383737+00:00,scheduler,1,100,10927.9,11264.0,49,248.833
2026-06-26T14:00:48.388830+00:00,scheduler,0,8,11167.9,11264.0,52,57.313
2026-06-26T14:00:48.388830+00:00,scheduler,1,100,10927.9,11264.0,50,248.696
2026-06-26T14:00:53.394359+00:00,scheduler,0,0,1125.9,11264.0,53,84.844
2026-06-26T14:00:53.394359+00:00,scheduler,1,100,10929.9,11264.0,51,240.917
2026-06-26T14:00:58.403266+00:00,scheduler,0,0,1125.9,11264.0,50,56.753
2026-06-26T14:00:58.403266+00:00,scheduler,1,100,10929.9,11264.0,52,248.162
2026-06-26T14:01:03.408741+00:00,scheduler,0,0,1125.9,11264.0,49,56.307
2026-06-26T14:01:03.408741+00:00,scheduler,1,100,10929.9,11264.0,53,255.241
2026-06-26T14:01:08.414164+00:00,scheduler,0,0,903.9,11264.0,48,56.152
2026-06-26T14:01:08.414164+00:00,scheduler,1,100,10929.9,11264.0,53,247.272
2026-06-26T14:01:13.419658+00:00,scheduler,0,0,903.9,11264.0,45,4.198
2026-06-26T14:01:13.419658+00:00,scheduler,1,100,10929.9,11264.0,54,252.981
2026-06-26T14:01:18.429963+00:00,scheduler,0,0,903.9,11264.0,44,3.869
2026-06-26T14:01:18.429963+00:00,scheduler,1,100,10929.9,11264.0,55,247.874
2026-06-26T14:01:23.443843+00:00,scheduler,0,0,903.9,11264.0,43,3.646
2026-06-26T14:01:23.443843+00:00,scheduler,1,100,10929.9,11264.0,56,241.119
2026-06-26T14:01:28.455248+00:00,scheduler,0,0,903.9,11264.0,42,3.642
2026-06-26T14:01:28.455248+00:00,scheduler,1,100,10929.9,11264.0,56,248.087
2026-06-26T14:01:33.465448+00:00,scheduler,0,0,903.9,11264.0,41,3.247
2026-06-26T14:01:33.465448+00:00,scheduler,1,100,10929.9,11264.0,56,255.724
2026-06-26T14:01:38.475433+00:00,scheduler,0,0,903.9,11264.0,41,3.923
2026-06-26T14:01:38.475433+00:00,scheduler,1,100,10929.9,11264.0,56,244.049
2026-06-26T14:01:43.484396+00:00,scheduler,0,0,903.9,11264.0,40,3.743
2026-06-26T14:01:43.484396+00:00,scheduler,1,100,10929.9,11264.0,57,255.874
2026-06-26T14:01:48.493318+00:00,scheduler,0,0,903.9,11264.0,39,3.35
2026-06-26T14:01:48.493318+00:00,scheduler,1,100,10929.9,11264.0,57,249.3
2026-06-26T14:01:53.504920+00:00,scheduler,0,0,903.9,11264.0,39,2.769
2026-06-26T14:01:53.504920+00:00,scheduler,1,100,10929.9,11264.0,57,238.239
2026-06-26T14:01:58.515590+00:00,scheduler,0,0,903.9,11264.0,38,2.985
2026-06-26T14:01:58.515590+00:00,scheduler,1,100,10929.9,11264.0,57,237.553
2026-06-26T14:02:03.525540+00:00,scheduler,0,0,903.9,11264.0,38,2.523
2026-06-26T14:02:03.525540+00:00,scheduler,1,100,10929.9,11264.0,57,250.423
2026-06-26T14:02:08.537288+00:00,scheduler,0,0,903.9,11264.0,38,2.557
2026-06-26T14:02:08.537288+00:00,scheduler,1,100,10929.9,11264.0,57,244.876
2026-06-26T14:02:13.548126+00:00,scheduler,0,0,903.9,11264.0,37,2.863
2026-06-26T14:02:13.548126+00:00,scheduler,1,100,10929.9,11264.0,58,252.371
2026-06-26T14:02:18.558838+00:00,scheduler,0,0,903.9,11264.0,37,3.139
2026-06-26T14:02:18.558838+00:00,scheduler,1,100,10929.9,11264.0,57,243.726
2026-06-26T14:02:23.567736+00:00,scheduler,0,0,903.9,11264.0,37,3.232
2026-06-26T14:02:23.567736+00:00,scheduler,1,100,10929.9,11264.0,58,259.221
2026-06-26T14:02:28.576602+00:00,scheduler,0,0,903.9,11264.0,37,3.05
2026-06-26T14:02:28.576602+00:00,scheduler,1,100,10929.9,11264.0,57,246.256
2026-06-26T14:02:33.585787+00:00,scheduler,0,0,903.9,11264.0,37,3.3
2026-06-26T14:02:33.585787+00:00,scheduler,1,100,10929.9,11264.0,58,240.037
2026-06-26T14:02:38.594590+00:00,scheduler,0,0,903.9,11264.0,36,3.307
2026-06-26T14:02:38.594590+00:00,scheduler,1,100,10929.9,11264.0,58,254.765
2026-06-26T14:02:43.603582+00:00,scheduler,0,0,903.9,11264.0,36,3.251
2026-06-26T14:02:43.603582+00:00,scheduler,1,100,10929.9,11264.0,58,246.642
2026-06-26T14:02:48.612523+00:00,scheduler,0,0,903.9,11264.0,36,3.035
2026-06-26T14:02:48.612523+00:00,scheduler,1,100,10929.9,11264.0,58,241.675
2026-06-26T14:02:53.625199+00:00,scheduler,0,0,903.9,11264.0,36,3.275
2026-06-26T14:02:53.625199+00:00,scheduler,1,100,10929.9,11264.0,58,246.991
2026-06-26T14:02:58.635516+00:00,scheduler,0,0,903.9,11264.0,36,2.502
2026-06-26T14:02:58.635516+00:00,scheduler,1,100,10929.9,11264.0,57,252.567
2026-06-26T14:03:03.645440+00:00,scheduler,0,0,903.9,11264.0,36,2.834
2026-06-26T14:03:03.645440+00:00,scheduler,1,100,10929.9,11264.0,58,244.608
2026-06-26T14:03:08.654170+00:00,scheduler,0,0,903.9,11264.0,35,2.907
2026-06-26T14:03:08.654170+00:00,scheduler,1,100,10929.9,11264.0,58,250.42
2026-06-26T14:03:13.662941+00:00,scheduler,0,0,903.9,11264.0,35,3.496
2026-06-26T14:03:13.662941+00:00,scheduler,1,100,10929.9,11264.0,58,243.728
2026-06-26T14:03:18.673962+00:00,scheduler,0,0,903.9,11264.0,35,2.897
2026-06-26T14:03:18.673962+00:00,scheduler,1,100,10929.9,11264.0,58,254.814
2026-06-26T14:03:23.683247+00:00,scheduler,0,0,903.9,11264.0,35,3.121
2026-06-26T14:03:23.683247+00:00,scheduler,1,100,10929.9,11264.0,58,252.767
2026-06-26T14:03:28.696823+00:00,scheduler,0,0,903.9,11264.0,35,2.884
2026-06-26T14:03:28.696823+00:00,scheduler,1,100,10929.9,11264.0,58,249.391
2026-06-26T14:03:33.705794+00:00,scheduler,0,0,903.9,11264.0,35,2.909
2026-06-26T14:03:33.705794+00:00,scheduler,1,100,10929.9,11264.0,57,241.233
2026-06-26T14:03:38.715368+00:00,scheduler,0,0,903.9,11264.0,35,2.852
2026-06-26T14:03:38.715368+00:00,scheduler,1,100,10929.9,11264.0,57,246.928
2026-06-26T14:03:43.725239+00:00,scheduler,0,0,903.9,11264.0,35,2.677
2026-06-26T14:03:43.725239+00:00,scheduler,1,100,10929.9,11264.0,57,245.179
2026-06-26T14:03:48.735007+00:00,scheduler,0,0,903.9,11264.0,35,2.847
2026-06-26T14:03:48.735007+00:00,scheduler,1,100,10929.9,11264.0,57,254.374
2026-06-26T14:03:53.743827+00:00,scheduler,0,0,903.9,11264.0,35,3.149
2026-06-26T14:03:53.743827+00:00,scheduler,1,100,10929.9,11264.0,57,245.121
2026-06-26T14:03:58.752545+00:00,scheduler,0,0,903.9,11264.0,34,3.302
2026-06-26T14:03:58.752545+00:00,scheduler,1,100,10929.9,11264.0,57,249.551
2026-06-26T14:04:03.761895+00:00,scheduler,0,0,903.9,11264.0,34,2.917
2026-06-26T14:04:03.761895+00:00,scheduler,1,100,10929.9,11264.0,58,238.903
2026-06-26T14:04:08.770654+00:00,scheduler,0,0,903.9,11264.0,34,3.325
2026-06-26T14:04:08.770654+00:00,scheduler,1,100,10929.9,11264.0,57,249.74
2026-06-26T14:04:13.779271+00:00,scheduler,0,0,903.9,11264.0,34,2.879
2026-06-26T14:04:13.779271+00:00,scheduler,1,100,10929.9,11264.0,57,247.895
2026-06-26T14:04:18.788087+00:00,scheduler,0,0,903.9,11264.0,34,3.338
2026-06-26T14:04:18.788087+00:00,scheduler,1,100,10929.9,11264.0,57,249.254
2026-06-26T14:04:23.797545+00:00,scheduler,0,0,903.9,11264.0,34,2.504
2026-06-26T14:04:23.797545+00:00,scheduler,1,100,10929.9,11264.0,57,245.967
2026-06-26T14:04:28.806273+00:00,scheduler,0,2,1645.9,11264.0,37,51.682
2026-06-26T14:04:28.806273+00:00,scheduler,1,100,10929.9,11264.0,57,254.385
2026-06-26T14:04:33.829770+00:00,scheduler,0,1,2481.9,11264.0,38,51.729
2026-06-26T14:04:33.829770+00:00,scheduler,1,100,10929.9,11264.0,58,242.533
2026-06-26T14:04:38.848181+00:00,scheduler,0,2,3353.9,11264.0,38,51.801
2026-06-26T14:04:38.848181+00:00,scheduler,1,100,10929.9,11264.0,57,247.404
2026-06-26T14:04:43.857569+00:00,scheduler,0,1,4081.9,11264.0,39,52.003
2026-06-26T14:04:43.857569+00:00,scheduler,1,100,10929.9,11264.0,57,251.755
2026-06-26T14:04:48.863547+00:00,scheduler,0,1,4905.9,11264.0,39,52.68
2026-06-26T14:04:48.863547+00:00,scheduler,1,100,10929.9,11264.0,57,249.199
2026-06-26T14:04:53.870133+00:00,scheduler,0,1,5681.9,11264.0,39,53.302
2026-06-26T14:04:53.870133+00:00,scheduler,1,100,10929.9,11264.0,57,245.036
2026-06-26T14:04:58.876485+00:00,scheduler,0,3,7077.9,11264.0,39,53.225
2026-06-26T14:04:58.876485+00:00,scheduler,1,100,10929.9,11264.0,57,254.436
2026-06-26T14:05:03.882448+00:00,scheduler,0,72,9009.9,11264.0,45,260.432
2026-06-26T14:05:03.882448+00:00,scheduler,1,100,10929.9,11264.0,57,256.625
2026-06-26T14:05:08.890311+00:00,scheduler,0,0,9009.9,11264.0,41,54.284
2026-06-26T14:05:08.890311+00:00,scheduler,1,100,10929.9,11264.0,58,244.871
2026-06-26T14:05:13.896318+00:00,scheduler,0,0,9009.9,11264.0,41,53.821
2026-06-26T14:05:13.896318+00:00,scheduler,1,100,10929.9,11264.0,57,239.636
2026-06-26T14:05:18.901694+00:00,scheduler,0,0,9009.9,11264.0,41,53.966
2026-06-26T14:05:18.901694+00:00,scheduler,1,100,10929.9,11264.0,57,248.24
2026-06-26T14:05:23.908005+00:00,scheduler,0,0,9009.9,11264.0,41,53.76
2026-06-26T14:05:23.908005+00:00,scheduler,1,100,10929.9,11264.0,57,248.126
2026-06-26T14:05:28.915281+00:00,scheduler,0,0,9009.9,11264.0,41,53.848
2026-06-26T14:05:28.915281+00:00,scheduler,1,100,10929.9,11264.0,57,246.336
2026-06-26T14:05:33.921053+00:00,scheduler,0,0,9009.9,11264.0,41,54.248
2026-06-26T14:05:33.921053+00:00,scheduler,1,100,10929.9,11264.0,57,241.39
2026-06-26T14:05:38.927316+00:00,scheduler,0,0,9009.9,11264.0,41,53.592
2026-06-26T14:05:38.927316+00:00,scheduler,1,100,10929.9,11264.0,57,249.958
2026-06-26T14:05:43.934547+00:00,scheduler,0,0,9009.9,11264.0,41,53.718
2026-06-26T14:05:43.934547+00:00,scheduler,1,100,10929.9,11264.0,57,243.926
2026-06-26T14:05:48.941073+00:00,scheduler,0,0,9009.9,11264.0,41,53.655
2026-06-26T14:05:48.941073+00:00,scheduler,1,100,10929.9,11264.0,57,245.913
2026-06-26T14:05:53.946458+00:00,scheduler,0,0,9009.9,11264.0,41,53.981
2026-06-26T14:05:53.946458+00:00,scheduler,1,100,10929.9,11264.0,58,240.455
2026-06-26T14:05:58.951845+00:00,scheduler,0,0,9009.9,11264.0,42,54.05
2026-06-26T14:05:58.951845+00:00,scheduler,1,100,10929.9,11264.0,57,247.443
2026-06-26T14:06:03.957150+00:00,scheduler,0,0,9009.9,11264.0,42,53.115
2026-06-26T14:06:03.957150+00:00,scheduler,1,100,10929.9,11264.0,57,248.18
2026-06-26T14:06:08.964573+00:00,scheduler,0,0,9009.9,11264.0,42,53.721
2026-06-26T14:06:08.964573+00:00,scheduler,1,100,10929.9,11264.0,57,251.289
2026-06-26T14:06:13.973217+00:00,scheduler,0,0,9009.9,11264.0,42,53.886
2026-06-26T14:06:13.973217+00:00,scheduler,1,100,10929.9,11264.0,57,255.621
2026-06-26T14:06:18.982456+00:00,scheduler,0,0,9009.9,11264.0,42,53.989
2026-06-26T14:06:18.982456+00:00,scheduler,1,100,10929.9,11264.0,58,250.268
2026-06-26T14:06:23.988456+00:00,scheduler,0,0,9009.9,11264.0,42,53.775
2026-06-26T14:06:23.988456+00:00,scheduler,1,100,10929.9,11264.0,58,241.893
2026-06-26T14:06:28.993768+00:00,scheduler,0,0,9009.9,11264.0,42,53.707
2026-06-26T14:06:28.993768+00:00,scheduler,1,1,10929.9,11264.0,52,56.043
2026-06-26T14:06:34.006859+00:00,scheduler,0,0,9009.9,11264.0,42,53.692
2026-06-26T14:06:34.006859+00:00,scheduler,1,1,10929.9,11264.0,50,55.508
2026-06-26T14:06:39.022565+00:00,scheduler,0,1,9009.9,11264.0,42,54.222
2026-06-26T14:06:39.022565+00:00,scheduler,1,1,10929.9,11264.0,48,55.343
2026-06-26T14:06:44.040978+00:00,scheduler,0,1,9009.9,11264.0,42,53.891
2026-06-26T14:06:44.040978+00:00,scheduler,1,1,10929.9,11264.0,47,54.421
2026-06-26T14:06:49.048063+00:00,scheduler,0,1,9009.9,11264.0,42,54.014
2026-06-26T14:06:49.048063+00:00,scheduler,1,2,10929.9,11264.0,46,54.295
2026-06-26T14:06:54.072792+00:00,scheduler,0,1,9009.9,11264.0,42,53.958
2026-06-26T14:06:54.072792+00:00,scheduler,1,2,10929.9,11264.0,45,53.841
2026-06-26T14:06:59.082007+00:00,scheduler,0,1,9009.9,11264.0,42,53.875
2026-06-26T14:06:59.082007+00:00,scheduler,1,2,10929.9,11264.0,45,53.708
2026-06-26T14:07:04.092844+00:00,scheduler,0,1,9009.9,11264.0,42,54.378
2026-06-26T14:07:04.092844+00:00,scheduler,1,2,10929.9,11264.0,44,53.663
2026-06-26T14:07:09.098941+00:00,scheduler,0,9,4135.9,11264.0,43,54.521
2026-06-26T14:07:09.098941+00:00,scheduler,1,0,887.9,11264.0,44,57.718
2026-06-26T14:07:14.105356+00:00,scheduler,0,1,5701.9,11264.0,42,54.506
2026-06-26T14:07:14.105356+00:00,scheduler,1,0,889.9,11264.0,43,53.48
2026-06-26T14:07:19.115984+00:00,scheduler,0,1,6403.9,11264.0,43,54.514
2026-06-26T14:07:19.115984+00:00,scheduler,1,0,891.9,11264.0,43,53.181
2026-06-26T14:07:24.121420+00:00,scheduler,0,1,7105.9,11264.0,43,54.311
2026-06-26T14:07:24.121420+00:00,scheduler,1,0,4985.9,11264.0,44,53.896
2026-06-26T14:07:29.127253+00:00,scheduler,0,2,8041.9,11264.0,43,54.367
2026-06-26T14:07:29.127253+00:00,scheduler,1,0,1629.9,11264.0,43,53.211
2026-06-26T14:07:34.137759+00:00,scheduler,0,100,11165.9,11264.0,49,238.714
2026-06-26T14:07:34.137759+00:00,scheduler,1,1,1629.9,11264.0,43,53.282
2026-06-26T14:07:39.144101+00:00,scheduler,0,100,11165.9,11264.0,51,246.852
2026-06-26T14:07:39.144101+00:00,scheduler,1,0,1629.9,11264.0,42,53.135
2026-06-26T14:07:44.149520+00:00,scheduler,0,100,11167.9,11264.0,52,250.73
2026-06-26T14:07:44.149520+00:00,scheduler,1,0,1629.9,11264.0,42,53.042
2026-06-26T14:07:49.157024+00:00,scheduler,0,100,11167.9,11264.0,53,244.843
2026-06-26T14:07:49.157024+00:00,scheduler,1,0,1629.9,11264.0,42,52.861
2026-06-26T14:07:54.162391+00:00,scheduler,0,100,11167.9,11264.0,54,236.703
2026-06-26T14:07:54.162391+00:00,scheduler,1,0,1649.9,11264.0,42,53.154
2026-06-26T14:07:59.169056+00:00,scheduler,0,100,11167.9,11264.0,55,247.352
2026-06-26T14:07:59.169056+00:00,scheduler,1,0,1717.9,11264.0,42,53.028
2026-06-26T14:08:04.174531+00:00,scheduler,0,100,11167.9,11264.0,55,253.956
2026-06-26T14:08:04.174531+00:00,scheduler,1,0,1765.9,11264.0,41,52.799
2026-06-26T14:08:09.182162+00:00,scheduler,0,100,11167.9,11264.0,56,245.994
2026-06-26T14:08:09.182162+00:00,scheduler,1,0,1833.9,11264.0,41,52.748
2026-06-26T14:08:14.187464+00:00,scheduler,0,100,11167.9,11264.0,57,247.158
2026-06-26T14:08:14.187464+00:00,scheduler,1,0,1949.9,11264.0,41,52.659
2026-06-26T14:08:19.193114+00:00,scheduler,0,100,11167.9,11264.0,57,246.756
2026-06-26T14:08:19.193114+00:00,scheduler,1,0,1997.9,11264.0,41,53.06
2026-06-26T14:08:24.200661+00:00,scheduler,0,100,11167.9,11264.0,58,246.85
2026-06-26T14:08:24.200661+00:00,scheduler,1,0,2037.9,11264.0,41,52.767
2026-06-26T14:08:29.206144+00:00,scheduler,0,100,11167.9,11264.0,58,245.852
2026-06-26T14:08:29.206144+00:00,scheduler,1,0,2105.9,11264.0,41,52.658
2026-06-26T14:08:34.211885+00:00,scheduler,0,100,11167.9,11264.0,59,243.033
2026-06-26T14:08:34.211885+00:00,scheduler,1,0,2201.9,11264.0,41,52.615
2026-06-26T14:08:39.218343+00:00,scheduler,0,100,11167.9,11264.0,59,246.78
2026-06-26T14:08:39.218343+00:00,scheduler,1,0,2337.9,11264.0,41,52.742
2026-06-26T14:08:44.224590+00:00,scheduler,0,100,11167.9,11264.0,59,246.738
2026-06-26T14:08:44.224590+00:00,scheduler,1,0,2493.9,11264.0,41,52.631
2026-06-26T14:08:49.230002+00:00,scheduler,0,100,11167.9,11264.0,59,246.428
2026-06-26T14:08:49.230002+00:00,scheduler,1,0,2629.9,11264.0,41,52.511
2026-06-26T14:08:54.236983+00:00,scheduler,0,100,11167.9,11264.0,59,244.034
2026-06-26T14:08:54.236983+00:00,scheduler,1,0,2773.9,11264.0,41,52.176
2026-06-26T14:08:59.242430+00:00,scheduler,0,100,11167.9,11264.0,59,247.229
2026-06-26T14:08:59.242430+00:00,scheduler,1,0,2929.9,11264.0,41,52.651
2026-06-26T14:09:04.251677+00:00,scheduler,0,100,11167.9,11264.0,59,247.333
2026-06-26T14:09:04.251677+00:00,scheduler,1,0,3113.9,11264.0,41,52.628
2026-06-26T14:09:09.260495+00:00,scheduler,0,100,11167.9,11264.0,59,246.83
2026-06-26T14:09:09.260495+00:00,scheduler,1,0,3317.9,11264.0,41,52.553
2026-06-26T14:09:14.268879+00:00,scheduler,0,100,11167.9,11264.0,59,238.803
2026-06-26T14:09:14.268879+00:00,scheduler,1,0,3453.9,11264.0,41,52.63
2026-06-26T14:09:19.275568+00:00,scheduler,0,100,11167.9,11264.0,59,244.582
2026-06-26T14:09:19.275568+00:00,scheduler,1,0,3657.9,11264.0,40,52.293
2026-06-26T14:09:24.284366+00:00,scheduler,0,100,11167.9,11264.0,59,247.055
2026-06-26T14:09:24.284366+00:00,scheduler,1,0,3793.9,11264.0,40,52.473
2026-06-26T14:09:29.292675+00:00,scheduler,0,100,11167.9,11264.0,59,250.784
2026-06-26T14:09:29.292675+00:00,scheduler,1,0,3957.9,11264.0,40,52.742
2026-06-26T14:09:34.300283+00:00,scheduler,0,100,11167.9,11264.0,60,239.939
2026-06-26T14:09:34.300283+00:00,scheduler,1,0,4141.9,11264.0,40,52.676
2026-06-26T14:09:39.307364+00:00,scheduler,0,100,11167.9,11264.0,59,238.883
2026-06-26T14:09:39.307364+00:00,scheduler,1,0,4325.9,11264.0,40,52.548
2026-06-26T14:09:44.315692+00:00,scheduler,0,5,11167.9,11264.0,53,57.345
2026-06-26T14:09:44.315692+00:00,scheduler,1,0,4481.9,11264.0,40,52.434
2026-06-26T14:09:49.328287+00:00,scheduler,0,2,11167.9,11264.0,51,57.071
2026-06-26T14:09:49.328287+00:00,scheduler,1,0,4529.9,11264.0,40,52.502
2026-06-26T14:09:54.333720+00:00,scheduler,0,2,11167.9,11264.0,50,57.203
2026-06-26T14:09:54.333720+00:00,scheduler,1,0,4549.9,11264.0,40,52.379
2026-06-26T14:09:59.343260+00:00,scheduler,0,1,11167.9,11264.0,49,56.575
2026-06-26T14:09:59.343260+00:00,scheduler,1,0,4617.9,11264.0,40,52.471
2026-06-26T14:10:04.354428+00:00,scheduler,0,1,11167.9,11264.0,48,56.622
2026-06-26T14:10:04.354428+00:00,scheduler,1,0,4665.9,11264.0,40,52.559
2026-06-26T14:10:09.362992+00:00,scheduler,0,28,1127.9,11264.0,49,79.217
2026-06-26T14:10:09.362992+00:00,scheduler,1,0,4713.9,11264.0,40,52.584
2026-06-26T14:10:14.378080+00:00,scheduler,0,1,1123.9,11264.0,48,68.417
2026-06-26T14:10:14.378080+00:00,scheduler,1,0,4869.9,11264.0,40,52.63
2026-06-26T14:10:19.383675+00:00,scheduler,0,0,1123.9,11264.0,47,55.895
2026-06-26T14:10:19.383675+00:00,scheduler,1,0,4957.9,11264.0,40,52.705
2026-06-26T14:10:24.389212+00:00,scheduler,0,0,1123.9,11264.0,46,56.19
2026-06-26T14:10:24.389212+00:00,scheduler,1,0,5101.9,11264.0,40,52.792
2026-06-26T14:10:29.396161+00:00,scheduler,0,0,903.9,11264.0,46,55.787
2026-06-26T14:10:29.396161+00:00,scheduler,1,0,5209.9,11264.0,40,52.439
2026-06-26T14:10:34.401386+00:00,scheduler,0,0,903.9,11264.0,43,3.161
2026-06-26T14:10:34.401386+00:00,scheduler,1,0,5345.9,11264.0,40,52.447
2026-06-26T14:10:39.411138+00:00,scheduler,0,0,903.9,11264.0,42,3.278
2026-06-26T14:10:39.411138+00:00,scheduler,1,0,5489.9,11264.0,40,52.379
2026-06-26T14:10:44.419832+00:00,scheduler,0,0,903.9,11264.0,41,3.525
2026-06-26T14:10:44.419832+00:00,scheduler,1,0,5597.9,11264.0,40,52.66
2026-06-26T14:10:49.430147+00:00,scheduler,0,0,903.9,11264.0,40,2.9
2026-06-26T14:10:49.430147+00:00,scheduler,1,0,5713.9,11264.0,40,52.162
2026-06-26T14:10:54.438996+00:00,scheduler,0,0,903.9,11264.0,40,3.087
2026-06-26T14:10:54.438996+00:00,scheduler,1,0,5877.9,11264.0,40,52.246
2026-06-26T14:10:59.447972+00:00,scheduler,0,0,903.9,11264.0,39,2.833
2026-06-26T14:10:59.447972+00:00,scheduler,1,0,6033.9,11264.0,40,52.405
2026-06-26T14:11:04.456871+00:00,scheduler,0,0,903.9,11264.0,39,3.005
2026-06-26T14:11:04.456871+00:00,scheduler,1,0,6121.9,11264.0,40,52.113
2026-06-26T14:11:09.465564+00:00,scheduler,0,0,903.9,11264.0,38,2.875
2026-06-26T14:11:09.465564+00:00,scheduler,1,0,6265.9,11264.0,40,52.022
2026-06-26T14:11:14.474326+00:00,scheduler,0,0,903.9,11264.0,38,2.488
2026-06-26T14:11:14.474326+00:00,scheduler,1,0,6421.9,11264.0,40,52.102
2026-06-26T14:11:19.483110+00:00,scheduler,0,0,903.9,11264.0,38,3.131
2026-06-26T14:11:19.483110+00:00,scheduler,1,0,6509.9,11264.0,40,52.185
2026-06-26T14:11:24.492563+00:00,scheduler,0,0,903.9,11264.0,37,2.549
2026-06-26T14:11:24.492563+00:00,scheduler,1,0,6673.9,11264.0,40,52.414
2026-06-26T14:11:29.501859+00:00,scheduler,0,0,903.9,11264.0,37,2.839
2026-06-26T14:11:29.501859+00:00,scheduler,1,0,6857.9,11264.0,40,52.231
2026-06-26T14:11:34.513133+00:00,scheduler,0,0,903.9,11264.0,37,2.916
2026-06-26T14:11:34.513133+00:00,scheduler,1,0,6993.9,11264.0,40,52.572
2026-06-26T14:11:39.522927+00:00,scheduler,0,0,903.9,11264.0,37,3.003
2026-06-26T14:11:39.522927+00:00,scheduler,1,0,7149.9,11264.0,40,52.276
2026-06-26T14:11:44.531650+00:00,scheduler,0,0,903.9,11264.0,37,2.332
2026-06-26T14:11:44.531650+00:00,scheduler,1,0,7333.9,11264.0,40,52.186
2026-06-26T14:11:49.540547+00:00,scheduler,0,0,903.9,11264.0,36,2.808
2026-06-26T14:11:49.540547+00:00,scheduler,1,0,7449.9,11264.0,40,52.352
2026-06-26T14:11:54.549451+00:00,scheduler,0,0,903.9,11264.0,36,2.771
2026-06-26T14:11:54.549451+00:00,scheduler,1,0,7633.9,11264.0,40,52.54
2026-06-26T14:11:59.559508+00:00,scheduler,0,0,903.9,11264.0,36,2.762
2026-06-26T14:11:59.559508+00:00,scheduler,1,0,7769.9,11264.0,40,52.293
2026-06-26T14:12:04.570484+00:00,scheduler,0,0,903.9,11264.0,36,2.844
2026-06-26T14:12:04.570484+00:00,scheduler,1,1,7973.9,11264.0,40,52.539
2026-06-26T14:12:09.580649+00:00,scheduler,0,0,903.9,11264.0,36,2.693
2026-06-26T14:12:09.580649+00:00,scheduler,1,0,8205.9,11264.0,40,52.344
2026-06-26T14:12:14.589322+00:00,scheduler,0,0,903.9,11264.0,35,2.757
2026-06-26T14:12:14.589322+00:00,scheduler,1,1,8593.9,11264.0,45,175.541
2026-06-26T14:12:19.598308+00:00,scheduler,0,0,903.9,11264.0,35,2.62
2026-06-26T14:12:19.598308+00:00,scheduler,1,0,8763.9,11264.0,42,53.188
2026-06-26T14:12:24.607282+00:00,scheduler,0,0,903.9,11264.0,35,2.367
2026-06-26T14:12:24.607282+00:00,scheduler,1,1,8763.9,11264.0,41,52.738
2026-06-26T14:12:29.616631+00:00,scheduler,0,0,903.9,11264.0,35,2.202
2026-06-26T14:12:29.616631+00:00,scheduler,1,6,8763.9,11264.0,41,52.349
2026-06-26T14:12:34.634390+00:00,scheduler,0,0,903.9,11264.0,35,2.505
2026-06-26T14:12:34.634390+00:00,scheduler,1,0,1043.9,11264.0,41,52.62
2026-06-26T14:12:39.643361+00:00,scheduler,0,0,903.9,11264.0,35,2.375
2026-06-26T14:12:39.643361+00:00,scheduler,1,0,1233.9,11264.0,41,52.691
2026-06-26T14:12:44.654242+00:00,scheduler,0,0,903.9,11264.0,35,2.452
2026-06-26T14:12:44.654242+00:00,scheduler,1,0,1557.9,11264.0,41,52.77
2026-06-26T14:12:49.662915+00:00,scheduler,0,0,903.9,11264.0,35,2.242
2026-06-26T14:12:49.662915+00:00,scheduler,1,0,1809.9,11264.0,41,52.482
2026-06-26T14:12:54.671602+00:00,scheduler,0,0,903.9,11264.0,35,3.017
2026-06-26T14:12:54.671602+00:00,scheduler,1,1,2079.9,11264.0,41,52.694
2026-06-26T14:12:59.681476+00:00,scheduler,0,0,903.9,11264.0,35,2.287
2026-06-26T14:12:59.681476+00:00,scheduler,1,1,2277.9,11264.0,41,52.769
2026-06-26T14:13:04.690832+00:00,scheduler,0,0,903.9,11264.0,34,2.643
2026-06-26T14:13:04.690832+00:00,scheduler,1,1,2547.9,11264.0,41,52.595
2026-06-26T14:13:09.699369+00:00,scheduler,0,0,903.9,11264.0,34,2.282
2026-06-26T14:13:09.699369+00:00,scheduler,1,1,2799.9,11264.0,41,52.897
2026-06-26T14:13:14.707938+00:00,scheduler,0,0,903.9,11264.0,34,2.203
2026-06-26T14:13:14.707938+00:00,scheduler,1,0,3015.9,11264.0,41,52.613
2026-06-26T14:13:19.717932+00:00,scheduler,0,0,903.9,11264.0,34,2.643
2026-06-26T14:13:19.717932+00:00,scheduler,1,0,3213.9,11264.0,41,52.846
2026-06-26T14:13:24.727079+00:00,scheduler,0,0,903.9,11264.0,34,2.624
2026-06-26T14:13:24.727079+00:00,scheduler,1,1,3591.9,11264.0,40,52.773
2026-06-26T14:13:29.735904+00:00,scheduler,0,0,903.9,11264.0,34,2.765
2026-06-26T14:13:29.735904+00:00,scheduler,1,0,3825.9,11264.0,40,52.375
2026-06-26T14:13:34.744540+00:00,scheduler,0,0,903.9,11264.0,34,2.495
2026-06-26T14:13:34.744540+00:00,scheduler,1,1,4293.9,11264.0,40,52.539
2026-06-26T14:13:39.753253+00:00,scheduler,0,0,903.9,11264.0,34,2.603
2026-06-26T14:13:39.753253+00:00,scheduler,1,1,4527.9,11264.0,40,52.761
2026-06-26T14:13:44.761945+00:00,scheduler,0,4,2257.9,11264.0,37,52.292
2026-06-26T14:13:44.761945+00:00,scheduler,1,1,4995.9,11264.0,40,52.947
2026-06-26T14:13:49.767346+00:00,scheduler,0,0,2965.9,11264.0,38,52.797
2026-06-26T14:13:49.767346+00:00,scheduler,1,1,5229.9,11264.0,40,52.386
2026-06-26T14:13:54.773480+00:00,scheduler,0,3,4313.9,11264.0,38,52.917
2026-06-26T14:13:54.773480+00:00,scheduler,1,1,5463.9,11264.0,40,52.349
2026-06-26T14:13:59.779595+00:00,scheduler,0,3,6253.9,11264.0,38,53.21
2026-06-26T14:13:59.779595+00:00,scheduler,1,1,6003.9,11264.0,40,52.716
2026-06-26T14:14:04.786697+00:00,scheduler,0,3,7805.9,11264.0,39,52.84
2026-06-26T14:14:04.786697+00:00,scheduler,1,2,6633.9,11264.0,40,52.27
2026-06-26T14:14:09.846663+00:00,scheduler,0,97,9009.9,11264.0,46,249.259
2026-06-26T14:14:09.846663+00:00,scheduler,1,1,7101.9,11264.0,40,52.236
2026-06-26T14:14:14.852202+00:00,scheduler,0,0,9009.9,11264.0,40,53.937
2026-06-26T14:14:14.852202+00:00,scheduler,1,0,7335.9,11264.0,40,52.669
2026-06-26T14:14:19.858924+00:00,scheduler,0,0,9009.9,11264.0,40,54.043
2026-06-26T14:14:19.858924+00:00,scheduler,1,1,8037.9,11264.0,40,53.041
2026-06-26T14:14:24.864386+00:00,scheduler,0,0,9009.9,11264.0,40,53.811
2026-06-26T14:14:24.864386+00:00,scheduler,1,100,10927.9,11264.0,48,244.74
2026-06-26T14:14:29.870386+00:00,scheduler,0,0,9009.9,11264.0,40,54.089
2026-06-26T14:14:29.870386+00:00,scheduler,1,100,10927.9,11264.0,50,245.85
2026-06-26T14:14:34.875741+00:00,scheduler,0,0,9009.9,11264.0,40,54.018
2026-06-26T14:14:34.875741+00:00,scheduler,1,100,10929.9,11264.0,50,240.205
2026-06-26T14:14:39.881096+00:00,scheduler,0,0,9009.9,11264.0,41,53.944
2026-06-26T14:14:39.881096+00:00,scheduler,1,100,10929.9,11264.0,51,243.112
2026-06-26T14:14:44.887476+00:00,scheduler,0,0,9009.9,11264.0,41,54.491
2026-06-26T14:14:44.887476+00:00,scheduler,1,100,10929.9,11264.0,52,248.391
2026-06-26T14:14:49.892856+00:00,scheduler,0,0,9009.9,11264.0,41,54.713
2026-06-26T14:14:49.892856+00:00,scheduler,1,100,10929.9,11264.0,53,244.14
2026-06-26T14:14:54.899168+00:00,scheduler,0,0,9009.9,11264.0,41,54.631
2026-06-26T14:14:54.899168+00:00,scheduler,1,100,10929.9,11264.0,54,240.799
2026-06-26T14:14:59.904639+00:00,scheduler,0,0,9009.9,11264.0,41,54.45
2026-06-26T14:14:59.904639+00:00,scheduler,1,100,10929.9,11264.0,55,247.382
2026-06-26T14:15:04.910228+00:00,scheduler,0,0,9009.9,11264.0,41,54.738
2026-06-26T14:15:04.910228+00:00,scheduler,1,100,10929.9,11264.0,55,249.254
2026-06-26T14:15:09.917926+00:00,scheduler,0,0,9009.9,11264.0,41,54.378
2026-06-26T14:15:09.917926+00:00,scheduler,1,100,10929.9,11264.0,56,250.399
2026-06-26T14:15:14.925643+00:00,scheduler,0,0,9009.9,11264.0,41,54.741
2026-06-26T14:15:14.925643+00:00,scheduler,1,100,10929.9,11264.0,56,242.217
2026-06-26T14:15:19.931005+00:00,scheduler,0,0,9009.9,11264.0,41,54.468
2026-06-26T14:15:19.931005+00:00,scheduler,1,100,10929.9,11264.0,56,247.673
2026-06-26T14:15:24.936469+00:00,scheduler,0,0,9009.9,11264.0,41,54.141
2026-06-26T14:15:24.936469+00:00,scheduler,1,100,10929.9,11264.0,57,240.58
2026-06-26T14:15:29.944053+00:00,scheduler,0,0,9009.9,11264.0,42,53.916
2026-06-26T14:15:29.944053+00:00,scheduler,1,100,10929.9,11264.0,57,256.152
2026-06-26T14:15:34.953907+00:00,scheduler,0,0,9009.9,11264.0,42,54.497
2026-06-26T14:15:34.953907+00:00,scheduler,1,100,10929.9,11264.0,57,256.685
2026-06-26T14:15:39.963283+00:00,scheduler,0,0,9009.9,11264.0,42,55.285
2026-06-26T14:15:39.963283+00:00,scheduler,1,100,10929.9,11264.0,57,248.093
2026-06-26T14:15:44.968820+00:00,scheduler,0,0,9009.9,11264.0,42,54.576
2026-06-26T14:15:44.968820+00:00,scheduler,1,100,10929.9,11264.0,57,252.765
2026-06-26T14:15:49.974692+00:00,scheduler,0,0,9009.9,11264.0,42,54.503
2026-06-26T14:15:49.974692+00:00,scheduler,1,100,10929.9,11264.0,57,248.6
2026-06-26T14:15:54.980231+00:00,scheduler,0,0,9009.9,11264.0,42,54.574
2026-06-26T14:15:54.980231+00:00,scheduler,1,100,10929.9,11264.0,57,249.424
2026-06-26T14:15:59.987914+00:00,scheduler,0,0,9009.9,11264.0,42,54.405
2026-06-26T14:15:59.987914+00:00,scheduler,1,100,10929.9,11264.0,57,250.596
2026-06-26T14:16:04.996103+00:00,scheduler,0,0,9009.9,11264.0,42,54.42
2026-06-26T14:16:04.996103+00:00,scheduler,1,100,10929.9,11264.0,57,245.439
2026-06-26T14:16:10.001631+00:00,scheduler,0,0,9009.9,11264.0,42,53.861
2026-06-26T14:16:10.001631+00:00,scheduler,1,100,10929.9,11264.0,58,252.649
2026-06-26T14:16:15.006908+00:00,scheduler,0,0,9009.9,11264.0,42,54.542
2026-06-26T14:16:15.006908+00:00,scheduler,1,100,10929.9,11264.0,58,247.987
2026-06-26T14:16:20.012212+00:00,scheduler,0,0,9009.9,11264.0,42,54.485
2026-06-26T14:16:20.012212+00:00,scheduler,1,100,10929.9,11264.0,58,257.594
2026-06-26T14:16:25.017768+00:00,scheduler,0,0,9009.9,11264.0,42,54.657
2026-06-26T14:16:25.017768+00:00,scheduler,1,100,10929.9,11264.0,58,246.542
2026-06-26T14:16:30.024243+00:00,scheduler,0,0,9009.9,11264.0,42,54.734
2026-06-26T14:16:30.024243+00:00,scheduler,1,100,10929.9,11264.0,58,243.701
2026-06-26T14:16:35.030414+00:00,scheduler,0,0,9009.9,11264.0,42,54.887
2026-06-26T14:16:35.030414+00:00,scheduler,1,100,10929.9,11264.0,58,239.818
2026-06-26T14:16:40.035896+00:00,scheduler,0,0,9009.9,11264.0,42,55.16
2026-06-26T14:16:40.035896+00:00,scheduler,1,100,10929.9,11264.0,58,248.667
2026-06-26T14:16:45.041390+00:00,scheduler,0,0,9009.9,11264.0,42,54.319
2026-06-26T14:16:45.041390+00:00,scheduler,1,100,10929.9,11264.0,58,255.973
2026-06-26T14:16:50.046820+00:00,scheduler,0,0,9009.9,11264.0,42,55.194
2026-06-26T14:16:50.046820+00:00,scheduler,1,100,10929.9,11264.0,58,246.286
2026-06-26T14:16:55.055137+00:00,scheduler,0,0,9009.9,11264.0,42,54.595
2026-06-26T14:16:55.055137+00:00,scheduler,1,100,10929.9,11264.0,58,250.975
2026-06-26T14:17:00.061294+00:00,scheduler,0,0,9009.9,11264.0,42,54.71
2026-06-26T14:17:00.061294+00:00,scheduler,1,100,10929.9,11264.0,58,250.495
2026-06-26T14:17:05.069824+00:00,scheduler,0,0,9009.9,11264.0,42,55.204
2026-06-26T14:17:05.069824+00:00,scheduler,1,100,10929.9,11264.0,58,250.14
2026-06-26T14:17:10.075046+00:00,scheduler,0,0,9009.9,11264.0,43,55.154
2026-06-26T14:17:10.075046+00:00,scheduler,1,100,10929.9,11264.0,58,239.595
2026-06-26T14:17:15.080798+00:00,scheduler,0,1,9009.9,11264.0,42,55.243
2026-06-26T14:17:15.080798+00:00,scheduler,1,100,10929.9,11264.0,58,250.435
2026-06-26T14:17:20.086229+00:00,scheduler,0,1,9009.9,11264.0,43,55.304
2026-06-26T14:17:20.086229+00:00,scheduler,1,100,10929.9,11264.0,58,250.047
2026-06-26T14:17:25.097107+00:00,scheduler,0,1,9009.9,11264.0,43,54.702
2026-06-26T14:17:25.097107+00:00,scheduler,1,100,10929.9,11264.0,58,245.918
2026-06-26T14:17:30.102988+00:00,scheduler,0,1,9009.9,11264.0,43,55.052
2026-06-26T14:17:30.102988+00:00,scheduler,1,100,10929.9,11264.0,57,240.458
2026-06-26T14:17:35.114791+00:00,scheduler,0,1,4063.9,11264.0,43,55.318
2026-06-26T14:17:35.114791+00:00,scheduler,1,100,10929.9,11264.0,57,241.143
2026-06-26T14:17:40.129550+00:00,scheduler,0,1,4837.9,11264.0,43,54.945
2026-06-26T14:17:40.129550+00:00,scheduler,1,100,10929.9,11264.0,58,246.324
2026-06-26T14:17:45.144358+00:00,scheduler,0,1,5467.9,11264.0,43,54.921
2026-06-26T14:17:45.144358+00:00,scheduler,1,100,10929.9,11264.0,58,248.704
2026-06-26T14:17:50.163162+00:00,scheduler,0,1,6169.9,11264.0,43,55.305
2026-06-26T14:17:50.163162+00:00,scheduler,1,100,10929.9,11264.0,58,249.78
2026-06-26T14:17:55.180679+00:00,scheduler,0,1,6709.9,11264.0,43,54.895
2026-06-26T14:17:55.180679+00:00,scheduler,1,100,10929.9,11264.0,57,251.328
2026-06-26T14:18:00.191892+00:00,scheduler,0,1,7339.9,11264.0,43,54.786
2026-06-26T14:18:00.191892+00:00,scheduler,1,100,10929.9,11264.0,58,251.879
2026-06-26T14:18:05.206566+00:00,scheduler,0,1,7807.9,11264.0,43,54.854
2026-06-26T14:18:05.206566+00:00,scheduler,1,100,10929.9,11264.0,58,251.478
2026-06-26T14:18:10.230002+00:00,scheduler,0,1,8347.9,11264.0,43,55.174
2026-06-26T14:18:10.230002+00:00,scheduler,1,100,10929.9,11264.0,57,250.839
2026-06-26T14:18:15.242806+00:00,scheduler,0,100,11165.9,11264.0,50,251.199
2026-06-26T14:18:15.242806+00:00,scheduler,1,100,10929.9,11264.0,57,250.482
2026-06-26T14:18:20.249782+00:00,scheduler,0,100,11165.9,11264.0,51,244.683
2026-06-26T14:18:20.249782+00:00,scheduler,1,100,10929.9,11264.0,57,245.823
2026-06-26T14:18:25.257046+00:00,scheduler,0,100,11167.9,11264.0,53,251.308
2026-06-26T14:18:25.257046+00:00,scheduler,1,100,10929.9,11264.0,58,250.55
2026-06-26T14:18:30.266651+00:00,scheduler,0,100,11167.9,11264.0,54,255.715
2026-06-26T14:18:30.266651+00:00,scheduler,1,100,10929.9,11264.0,57,242.405
2026-06-26T14:18:35.276072+00:00,scheduler,0,100,11167.9,11264.0,55,244.901
2026-06-26T14:18:35.276072+00:00,scheduler,1,100,10929.9,11264.0,58,242.815
2026-06-26T14:18:40.284247+00:00,scheduler,0,100,11167.9,11264.0,55,249.567
2026-06-26T14:18:40.284247+00:00,scheduler,1,100,10929.9,11264.0,57,251.62
2026-06-26T14:18:45.293660+00:00,scheduler,0,100,11167.9,11264.0,56,248.936
2026-06-26T14:18:45.293660+00:00,scheduler,1,100,10929.9,11264.0,58,248.167
2026-06-26T14:18:50.302734+00:00,scheduler,0,100,11167.9,11264.0,57,243.702
2026-06-26T14:18:50.302734+00:00,scheduler,1,100,10929.9,11264.0,58,251.404
2026-06-26T14:18:55.308195+00:00,scheduler,0,100,11167.9,11264.0,57,248.141
2026-06-26T14:18:55.308195+00:00,scheduler,1,100,10929.9,11264.0,58,239.069
2026-06-26T14:19:00.318270+00:00,scheduler,0,100,11167.9,11264.0,58,248.132
2026-06-26T14:19:00.318270+00:00,scheduler,1,100,10929.9,11264.0,58,249.408
2026-06-26T14:19:05.323539+00:00,scheduler,0,100,11167.9,11264.0,58,246.173
2026-06-26T14:19:05.323539+00:00,scheduler,1,100,10929.9,11264.0,58,249.183
2026-06-26T14:19:10.331486+00:00,scheduler,0,100,11167.9,11264.0,59,247.023
2026-06-26T14:19:10.331486+00:00,scheduler,1,100,10929.9,11264.0,58,250.875
2026-06-26T14:19:15.336899+00:00,scheduler,0,100,11167.9,11264.0,59,243.885
2026-06-26T14:19:15.336899+00:00,scheduler,1,100,10929.9,11264.0,58,247.411
2026-06-26T14:19:20.343595+00:00,scheduler,0,100,11167.9,11264.0,59,253.615
2026-06-26T14:19:20.343595+00:00,scheduler,1,100,10929.9,11264.0,58,249.03
2026-06-26T14:19:25.349115+00:00,scheduler,0,100,11167.9,11264.0,59,242.198
2026-06-26T14:19:25.349115+00:00,scheduler,1,100,10929.9,11264.0,58,251.567
2026-06-26T14:19:30.357853+00:00,scheduler,0,100,11167.9,11264.0,59,250.82
2026-06-26T14:19:30.357853+00:00,scheduler,1,100,10929.9,11264.0,58,240.515
2026-06-26T14:19:35.366912+00:00,scheduler,0,100,11167.9,11264.0,59,244.859
2026-06-26T14:19:35.366912+00:00,scheduler,1,100,10929.9,11264.0,58,238.634
2026-06-26T14:19:40.374081+00:00,scheduler,0,100,11167.9,11264.0,60,248.809
2026-06-26T14:19:40.374081+00:00,scheduler,1,100,10929.9,11264.0,58,250.581
2026-06-26T14:19:45.385538+00:00,scheduler,0,100,11167.9,11264.0,60,240.051
2026-06-26T14:19:45.385538+00:00,scheduler,1,100,10929.9,11264.0,58,258.399
2026-06-26T14:19:50.392148+00:00,scheduler,0,100,11167.9,11264.0,60,238.988
2026-06-26T14:19:50.392148+00:00,scheduler,1,100,10929.9,11264.0,58,242.537
2026-06-26T14:19:55.400558+00:00,scheduler,0,100,11167.9,11264.0,60,245.069
2026-06-26T14:19:55.400558+00:00,scheduler,1,100,10929.9,11264.0,58,250.485
2026-06-26T14:20:00.409064+00:00,scheduler,0,100,11167.9,11264.0,60,246.866
2026-06-26T14:20:00.409064+00:00,scheduler,1,100,10929.9,11264.0,58,244.607
2026-06-26T14:20:05.415791+00:00,scheduler,0,100,11167.9,11264.0,60,254.078
2026-06-26T14:20:05.415791+00:00,scheduler,1,100,10929.9,11264.0,57,244.46
2026-06-26T14:20:10.421015+00:00,scheduler,0,100,11167.9,11264.0,59,244.968
2026-06-26T14:20:10.421015+00:00,scheduler,1,2,10929.9,11264.0,51,55.563
2026-06-26T14:20:15.429098+00:00,scheduler,0,100,11167.9,11264.0,60,248.557
2026-06-26T14:20:15.429098+00:00,scheduler,1,1,10929.9,11264.0,49,54.777
2026-06-26T14:20:20.434635+00:00,scheduler,0,100,11167.9,11264.0,60,252.088
2026-06-26T14:20:20.434635+00:00,scheduler,1,2,10929.9,11264.0,48,54.42
2026-06-26T14:20:25.447225+00:00,scheduler,0,100,11167.9,11264.0,60,238.321
2026-06-26T14:20:25.447225+00:00,scheduler,1,2,10929.9,11264.0,47,54.144
2026-06-26T14:20:30.456682+00:00,scheduler,0,100,11167.9,11264.0,60,248.146
2026-06-26T14:20:30.456682+00:00,scheduler,1,2,10929.9,11264.0,46,53.721
2026-06-26T14:20:35.462446+00:00,scheduler,0,100,11167.9,11264.0,60,245.489
2026-06-26T14:20:35.462446+00:00,scheduler,1,2,10929.9,11264.0,45,53.453
2026-06-26T14:20:40.475349+00:00,scheduler,0,100,11167.9,11264.0,60,252.42
2026-06-26T14:20:40.475349+00:00,scheduler,1,0,887.9,11264.0,45,53.49
2026-06-26T14:20:45.484029+00:00,scheduler,0,100,11167.9,11264.0,60,243.578
2026-06-26T14:20:45.484029+00:00,scheduler,1,0,889.9,11264.0,44,53.164
2026-06-26T14:20:50.490131+00:00,scheduler,0,100,11167.9,11264.0,60,247.085
2026-06-26T14:20:50.490131+00:00,scheduler,1,52,4985.9,11264.0,46,74.183
2026-06-26T14:20:55.495261+00:00,scheduler,0,100,11167.9,11264.0,60,247.699
2026-06-26T14:20:55.495261+00:00,scheduler,1,0,887.9,11264.0,44,53.242
2026-06-26T14:21:00.501156+00:00,scheduler,0,100,11167.9,11264.0,60,241.207
2026-06-26T14:21:00.501156+00:00,scheduler,1,0,887.9,11264.0,43,53.37
2026-06-26T14:21:05.506436+00:00,scheduler,0,100,11167.9,11264.0,60,249.243
2026-06-26T14:21:05.506436+00:00,scheduler,1,0,887.9,11264.0,43,53.201
2026-06-26T14:21:10.512026+00:00,scheduler,0,100,11167.9,11264.0,60,245.276
2026-06-26T14:21:10.512026+00:00,scheduler,1,0,665.9,11264.0,41,3.078
2026-06-26T14:21:15.522691+00:00,scheduler,0,100,11167.9,11264.0,60,240.078
2026-06-26T14:21:15.522691+00:00,scheduler,1,0,665.9,11264.0,39,2.71
2026-06-26T14:21:20.531860+00:00,scheduler,0,100,11167.9,11264.0,60,250.607
2026-06-26T14:21:20.531860+00:00,scheduler,1,0,665.9,11264.0,38,2.916
2026-06-26T14:21:25.540884+00:00,scheduler,0,100,11167.9,11264.0,60,244.798
2026-06-26T14:21:25.540884+00:00,scheduler,1,0,665.9,11264.0,38,2.96
2026-06-26T14:21:30.549919+00:00,scheduler,0,100,11167.9,11264.0,60,246.36
2026-06-26T14:21:30.549919+00:00,scheduler,1,0,665.9,11264.0,37,3.413
2026-06-26T14:21:35.558803+00:00,scheduler,0,100,11167.9,11264.0,60,243.706
2026-06-26T14:21:35.558803+00:00,scheduler,1,0,665.9,11264.0,37,3.673
2026-06-26T14:21:40.567892+00:00,scheduler,0,100,11167.9,11264.0,60,252.189
2026-06-26T14:21:40.567892+00:00,scheduler,1,0,665.9,11264.0,36,3.596
2026-06-26T14:21:45.578420+00:00,scheduler,0,100,11167.9,11264.0,60,249.265
2026-06-26T14:21:45.578420+00:00,scheduler,1,0,665.9,11264.0,36,3.371
2026-06-26T14:21:50.592345+00:00,scheduler,0,100,11167.9,11264.0,59,251.636
2026-06-26T14:21:50.592345+00:00,scheduler,1,0,665.9,11264.0,36,3.643
2026-06-26T14:21:55.602891+00:00,scheduler,0,100,11167.9,11264.0,60,240.374
2026-06-26T14:21:55.602891+00:00,scheduler,1,0,665.9,11264.0,35,3.479
2026-06-26T14:22:00.614119+00:00,scheduler,0,100,11167.9,11264.0,60,247.544
2026-06-26T14:22:00.614119+00:00,scheduler,1,0,665.9,11264.0,35,3.641
2026-06-26T14:22:05.624490+00:00,scheduler,0,100,11167.9,11264.0,60,246.533
2026-06-26T14:22:05.624490+00:00,scheduler,1,0,665.9,11264.0,35,3.468
2026-06-26T14:22:10.633347+00:00,scheduler,0,100,11167.9,11264.0,60,247.263
2026-06-26T14:22:10.633347+00:00,scheduler,1,0,665.9,11264.0,34,3.337
2026-06-26T14:22:15.643016+00:00,scheduler,0,100,11167.9,11264.0,60,242.67
2026-06-26T14:22:15.643016+00:00,scheduler,1,0,665.9,11264.0,34,2.956
2026-06-26T14:22:20.652943+00:00,scheduler,0,100,11167.9,11264.0,59,242.246
2026-06-26T14:22:20.652943+00:00,scheduler,1,0,665.9,11264.0,34,3.941
2026-06-26T14:22:25.666306+00:00,scheduler,0,100,11167.9,11264.0,60,245.43
2026-06-26T14:22:25.666306+00:00,scheduler,1,0,665.9,11264.0,34,2.681
2026-06-26T14:22:30.679653+00:00,scheduler,0,100,11167.9,11264.0,60,245.683
2026-06-26T14:22:30.679653+00:00,scheduler,1,0,665.9,11264.0,34,3.469
2026-06-26T14:22:35.688853+00:00,scheduler,0,100,11167.9,11264.0,60,237.548
2026-06-26T14:22:35.688853+00:00,scheduler,1,0,665.9,11264.0,34,3.252
2026-06-26T14:22:40.697647+00:00,scheduler,0,100,11167.9,11264.0,59,246.668
2026-06-26T14:22:40.697647+00:00,scheduler,1,0,665.9,11264.0,33,3.418
2026-06-26T14:22:45.706690+00:00,scheduler,0,100,11167.9,11264.0,60,246.041
2026-06-26T14:22:45.706690+00:00,scheduler,1,0,665.9,11264.0,33,2.906
2026-06-26T14:22:50.715754+00:00,scheduler,0,100,11167.9,11264.0,60,256.153
2026-06-26T14:22:50.715754+00:00,scheduler,1,0,665.9,11264.0,33,3.234
2026-06-26T14:22:55.724481+00:00,scheduler,0,100,11167.9,11264.0,60,238.961
2026-06-26T14:22:55.724481+00:00,scheduler,1,0,665.9,11264.0,33,3.681
2026-06-26T14:23:00.733471+00:00,scheduler,0,100,11167.9,11264.0,59,246.32
2026-06-26T14:23:00.733471+00:00,scheduler,1,0,665.9,11264.0,33,3.241
2026-06-26T14:23:05.742374+00:00,scheduler,0,100,11167.9,11264.0,59,244.464
2026-06-26T14:23:05.742374+00:00,scheduler,1,0,665.9,11264.0,33,3.156
2026-06-26T14:23:10.751404+00:00,scheduler,0,100,11167.9,11264.0,59,249.088
2026-06-26T14:23:10.751404+00:00,scheduler,1,0,665.9,11264.0,33,3.362
2026-06-26T14:23:15.848371+00:00,scheduler,0,100,11167.9,11264.0,59,237.561
2026-06-26T14:23:15.848371+00:00,scheduler,1,0,665.9,11264.0,32,3.469
2026-06-26T14:23:21.029751+00:00,scheduler,0,100,11167.9,11264.0,60,239.042
2026-06-26T14:23:21.029751+00:00,scheduler,1,0,665.9,11264.0,33,3.448
2026-06-26T14:23:26.040221+00:00,scheduler,0,100,11167.9,11264.0,59,248.18
2026-06-26T14:23:26.040221+00:00,scheduler,1,0,665.9,11264.0,32,3.017
2026-06-26T14:23:31.050961+00:00,scheduler,0,100,11167.9,11264.0,59,243.531
2026-06-26T14:23:31.050961+00:00,scheduler,1,0,665.9,11264.0,32,3.151
2026-06-26T14:23:36.061566+00:00,scheduler,0,100,11167.9,11264.0,60,246.249
2026-06-26T14:23:36.061566+00:00,scheduler,1,0,665.9,11264.0,32,3.601
2026-06-26T14:23:41.071807+00:00,scheduler,0,100,11167.9,11264.0,59,247.893
2026-06-26T14:23:41.071807+00:00,scheduler,1,0,665.9,11264.0,32,3.13
2026-06-26T14:23:46.083145+00:00,scheduler,0,100,11167.9,11264.0,59,243.442
2026-06-26T14:23:46.083145+00:00,scheduler,1,0,665.9,11264.0,32,3.528
2026-06-26T14:23:51.095912+00:00,scheduler,0,100,11167.9,11264.0,59,246.209
2026-06-26T14:23:51.095912+00:00,scheduler,1,0,665.9,11264.0,32,3.141
2026-06-26T14:23:56.106313+00:00,scheduler,0,3,11167.9,11264.0,54,57.675
2026-06-26T14:23:56.106313+00:00,scheduler,1,0,665.9,11264.0,32,3.247
2026-06-26T14:24:01.116531+00:00,scheduler,0,9,11167.9,11264.0,52,57.648
2026-06-26T14:24:01.116531+00:00,scheduler,1,0,665.9,11264.0,32,2.961
2026-06-26T14:24:06.125555+00:00,scheduler,0,10,1127.9,11264.0,51,83.681
2026-06-26T14:24:06.125555+00:00,scheduler,1,0,665.9,11264.0,32,3.489
2026-06-26T14:24:11.134770+00:00,scheduler,0,11,1867.9,11264.0,51,71.774
2026-06-26T14:24:11.134770+00:00,scheduler,1,0,665.9,11264.0,32,3.434
2026-06-26T14:24:16.143363+00:00,scheduler,0,5,4235.9,11264.0,49,57.034
2026-06-26T14:24:16.143363+00:00,scheduler,1,0,665.9,11264.0,32,2.997
2026-06-26T14:24:21.152238+00:00,scheduler,0,2,6175.9,11264.0,48,56.87
2026-06-26T14:24:21.152238+00:00,scheduler,1,0,665.9,11264.0,32,3.193
2026-06-26T14:24:26.161414+00:00,scheduler,0,64,9001.9,11264.0,53,249.623
2026-06-26T14:24:26.161414+00:00,scheduler,1,0,665.9,11264.0,32,3.534
2026-06-26T14:24:31.172801+00:00,scheduler,0,5,9001.9,11264.0,48,56.912
2026-06-26T14:24:31.172801+00:00,scheduler,1,0,665.9,11264.0,31,3.41
2026-06-26T14:24:36.181661+00:00,scheduler,0,75,11165.9,11264.0,53,253.864
2026-06-26T14:24:36.181661+00:00,scheduler,1,0,665.9,11264.0,31,3.44
2026-06-26T14:24:41.190592+00:00,scheduler,0,100,11165.9,11264.0,54,245.569
2026-06-26T14:24:41.190592+00:00,scheduler,1,0,665.9,11264.0,31,3.303
2026-06-26T14:24:46.199488+00:00,scheduler,0,100,11167.9,11264.0,55,250.877
2026-06-26T14:24:46.199488+00:00,scheduler,1,0,665.9,11264.0,31,3.416
2026-06-26T14:24:51.210078+00:00,scheduler,0,100,11167.9,11264.0,56,246.827
2026-06-26T14:24:51.210078+00:00,scheduler,1,0,665.9,11264.0,31,2.827
2026-06-26T14:24:56.223034+00:00,scheduler,0,100,11167.9,11264.0,57,242.368
2026-06-26T14:24:56.223034+00:00,scheduler,1,0,665.9,11264.0,31,2.467
2026-06-26T14:25:01.232794+00:00,scheduler,0,100,11167.9,11264.0,57,244.982
2026-06-26T14:25:01.232794+00:00,scheduler,1,0,665.9,11264.0,31,3.12
2026-06-26T14:25:06.243752+00:00,scheduler,0,100,11167.9,11264.0,58,247.499
2026-06-26T14:25:06.243752+00:00,scheduler,1,0,665.9,11264.0,31,2.77
2026-06-26T14:25:11.252831+00:00,scheduler,0,100,11167.9,11264.0,58,246.661
2026-06-26T14:25:11.252831+00:00,scheduler,1,0,665.9,11264.0,31,3.096
2026-06-26T14:25:16.262298+00:00,scheduler,0,100,11167.9,11264.0,59,237.67
2026-06-26T14:25:16.262298+00:00,scheduler,1,0,665.9,11264.0,31,2.397
2026-06-26T14:25:21.272341+00:00,scheduler,0,100,11167.9,11264.0,59,238.874
2026-06-26T14:25:21.272341+00:00,scheduler,1,0,665.9,11264.0,31,3.33
2026-06-26T14:25:26.281743+00:00,scheduler,0,100,11167.9,11264.0,59,244.799
2026-06-26T14:25:26.281743+00:00,scheduler,1,0,665.9,11264.0,31,2.436
2026-06-26T14:25:31.290599+00:00,scheduler,0,100,11167.9,11264.0,59,238.467
2026-06-26T14:25:31.290599+00:00,scheduler,1,0,665.9,11264.0,31,2.788
2026-06-26T14:25:36.302292+00:00,scheduler,0,100,11167.9,11264.0,59,239.568
2026-06-26T14:25:36.302292+00:00,scheduler,1,0,665.9,11264.0,31,2.75
2026-06-26T14:25:41.313923+00:00,scheduler,0,100,11167.9,11264.0,59,249.967
2026-06-26T14:25:41.313923+00:00,scheduler,1,0,665.9,11264.0,31,2.42
2026-06-26T14:25:46.325072+00:00,scheduler,0,100,11167.9,11264.0,59,246.098
2026-06-26T14:25:46.325072+00:00,scheduler,1,0,665.9,11264.0,31,2.844
2026-06-26T14:25:51.339051+00:00,scheduler,0,100,11167.9,11264.0,59,246.534
2026-06-26T14:25:51.339051+00:00,scheduler,1,0,665.9,11264.0,31,2.781
2026-06-26T14:25:56.350596+00:00,scheduler,0,100,11167.9,11264.0,59,252.427
2026-06-26T14:25:56.350596+00:00,scheduler,1,0,665.9,11264.0,31,3.033
2026-06-26T14:26:01.361211+00:00,scheduler,0,100,11167.9,11264.0,59,240.603
2026-06-26T14:26:01.361211+00:00,scheduler,1,0,665.9,11264.0,31,2.914
2026-06-26T14:26:06.372855+00:00,scheduler,0,100,11167.9,11264.0,59,250.151
2026-06-26T14:26:06.372855+00:00,scheduler,1,0,665.9,11264.0,31,3.12
2026-06-26T14:26:11.383637+00:00,scheduler,0,100,11167.9,11264.0,59,244.654
2026-06-26T14:26:11.383637+00:00,scheduler,1,0,665.9,11264.0,31,3.087
2026-06-26T14:26:16.393600+00:00,scheduler,0,100,11167.9,11264.0,59,247.992
2026-06-26T14:26:16.393600+00:00,scheduler,1,0,665.9,11264.0,31,2.978
2026-06-26T14:26:21.404390+00:00,scheduler,0,100,11167.9,11264.0,59,246.406
2026-06-26T14:26:21.404390+00:00,scheduler,1,0,665.9,11264.0,31,3.085
2026-06-26T14:26:26.414527+00:00,scheduler,0,100,11167.9,11264.0,59,248.639
2026-06-26T14:26:26.414527+00:00,scheduler,1,0,665.9,11264.0,31,2.818
2026-06-26T14:26:31.424090+00:00,scheduler,0,100,11167.9,11264.0,59,246.808
2026-06-26T14:26:31.424090+00:00,scheduler,1,3,1467.9,11264.0,33,50.294
2026-06-26T14:26:36.429624+00:00,scheduler,0,100,11167.9,11264.0,59,246.232
2026-06-26T14:26:36.429624+00:00,scheduler,1,3,3407.9,11264.0,34,50.453
2026-06-26T14:26:41.438448+00:00,scheduler,0,100,11167.9,11264.0,59,254.672
2026-06-26T14:26:41.438448+00:00,scheduler,1,3,5191.9,11264.0,35,50.445
2026-06-26T14:26:46.446447+00:00,scheduler,0,100,11167.9,11264.0,60,241.568
2026-06-26T14:26:46.446447+00:00,scheduler,1,3,6995.9,11264.0,35,50.53
2026-06-26T14:26:51.456942+00:00,scheduler,0,100,11167.9,11264.0,59,248.129
2026-06-26T14:26:51.456942+00:00,scheduler,1,1,7859.9,11264.0,35,50.642
2026-06-26T14:26:56.465174+00:00,scheduler,0,100,11167.9,11264.0,59,254.713
2026-06-26T14:26:56.465174+00:00,scheduler,1,2,8771.9,11264.0,43,251.568
2026-06-26T14:27:01.474553+00:00,scheduler,0,100,11167.9,11264.0,59,240.695
2026-06-26T14:27:01.474553+00:00,scheduler,1,1,8771.9,11264.0,37,51.572
2026-06-26T14:27:06.480838+00:00,scheduler,0,100,11167.9,11264.0,59,247.48
2026-06-26T14:27:06.480838+00:00,scheduler,1,0,8771.9,11264.0,37,51.48
2026-06-26T14:27:11.486242+00:00,scheduler,0,100,11167.9,11264.0,59,241.285
2026-06-26T14:27:11.486242+00:00,scheduler,1,1,8771.9,11264.0,37,51.516
2026-06-26T14:27:16.495770+00:00,scheduler,0,100,11167.9,11264.0,60,249.512
2026-06-26T14:27:16.495770+00:00,scheduler,1,1,8771.9,11264.0,37,51.395
2026-06-26T14:27:21.508246+00:00,scheduler,0,100,11167.9,11264.0,59,245.175
2026-06-26T14:27:21.508246+00:00,scheduler,1,1,8771.9,11264.0,38,51.111
2026-06-26T14:27:26.530246+00:00,scheduler,0,100,11167.9,11264.0,59,245.086
2026-06-26T14:27:26.530246+00:00,scheduler,1,2,8771.9,11264.0,38,51.426
2026-06-26T14:27:31.547787+00:00,scheduler,0,100,11167.9,11264.0,59,247.327
2026-06-26T14:27:31.547787+00:00,scheduler,1,2,8771.9,11264.0,38,51.709
2026-06-26T14:27:36.556998+00:00,scheduler,0,100,11167.9,11264.0,59,249.947
2026-06-26T14:27:36.556998+00:00,scheduler,1,2,8771.9,11264.0,38,51.751
2026-06-26T14:27:41.570486+00:00,scheduler,0,100,11167.9,11264.0,60,245.239
2026-06-26T14:27:41.570486+00:00,scheduler,1,7,1161.9,11264.0,39,70.183
2026-06-26T14:27:46.580152+00:00,scheduler,0,100,11167.9,11264.0,59,239.617
2026-06-26T14:27:46.580152+00:00,scheduler,1,1,2097.9,11264.0,38,51.45
2026-06-26T14:27:51.592803+00:00,scheduler,0,100,11167.9,11264.0,59,244.764
2026-06-26T14:27:51.592803+00:00,scheduler,1,1,2799.9,11264.0,38,51.492
2026-06-26T14:27:56.606947+00:00,scheduler,0,100,11167.9,11264.0,59,250.865
2026-06-26T14:27:56.606947+00:00,scheduler,1,1,3591.9,11264.0,39,51.471
2026-06-26T14:28:01.615140+00:00,scheduler,0,100,11167.9,11264.0,59,252.591
2026-06-26T14:28:01.615140+00:00,scheduler,1,1,4293.9,11264.0,39,51.635
2026-06-26T14:28:06.621146+00:00,scheduler,0,100,11167.9,11264.0,59,242.426
2026-06-26T14:28:06.621146+00:00,scheduler,1,1,4833.9,11264.0,39,51.399
2026-06-26T14:28:11.632460+00:00,scheduler,0,100,11167.9,11264.0,60,246.522
2026-06-26T14:28:11.632460+00:00,scheduler,1,1,5463.9,11264.0,39,51.86
2026-06-26T14:28:16.642372+00:00,scheduler,0,100,11167.9,11264.0,59,244.683
2026-06-26T14:28:16.642372+00:00,scheduler,1,2,6399.9,11264.0,39,51.877
2026-06-26T14:28:21.647945+00:00,scheduler,0,100,11167.9,11264.0,59,242.539
2026-06-26T14:28:21.647945+00:00,scheduler,1,1,7335.9,11264.0,39,51.829
2026-06-26T14:28:26.653352+00:00,scheduler,0,100,11167.9,11264.0,59,243.014
2026-06-26T14:28:26.653352+00:00,scheduler,1,2,8145.9,11264.0,39,52.159
2026-06-26T14:28:31.658579+00:00,scheduler,0,100,11167.9,11264.0,59,246.966
2026-06-26T14:28:31.658579+00:00,scheduler,1,100,10927.9,11264.0,47,247.636
2026-06-26T14:28:36.666716+00:00,scheduler,0,100,11167.9,11264.0,59,251.608
2026-06-26T14:28:36.666716+00:00,scheduler,1,100,10927.9,11264.0,48,245.94
2026-06-26T14:28:41.677399+00:00,scheduler,0,100,11167.9,11264.0,60,240.034
2026-06-26T14:28:41.677399+00:00,scheduler,1,100,10929.9,11264.0,50,238.989
2026-06-26T14:28:46.685186+00:00,scheduler,0,100,11167.9,11264.0,59,249.459
2026-06-26T14:28:46.685186+00:00,scheduler,1,100,10929.9,11264.0,50,256.33
2026-06-26T14:28:51.693881+00:00,scheduler,0,100,11167.9,11264.0,59,244.912
2026-06-26T14:28:51.693881+00:00,scheduler,1,100,10929.9,11264.0,51,250.05
2026-06-26T14:28:56.699565+00:00,scheduler,0,100,11167.9,11264.0,59,249.727
2026-06-26T14:28:56.699565+00:00,scheduler,1,100,10929.9,11264.0,53,239.634
2026-06-26T14:29:01.709338+00:00,scheduler,0,100,11167.9,11264.0,59,246.498
2026-06-26T14:29:01.709338+00:00,scheduler,1,100,10929.9,11264.0,53,246.575
2026-06-26T14:29:06.714625+00:00,scheduler,0,100,11167.9,11264.0,59,240.818
2026-06-26T14:29:06.714625+00:00,scheduler,1,100,10929.9,11264.0,54,255.88
2026-06-26T14:29:11.723223+00:00,scheduler,0,100,11167.9,11264.0,60,244.969
2026-06-26T14:29:11.723223+00:00,scheduler,1,100,10929.9,11264.0,55,246.859
2026-06-26T14:29:16.728684+00:00,scheduler,0,100,11167.9,11264.0,59,245.49
2026-06-26T14:29:16.728684+00:00,scheduler,1,100,10929.9,11264.0,55,247.512
2026-06-26T14:29:21.734101+00:00,scheduler,0,100,11167.9,11264.0,59,245.889
2026-06-26T14:29:21.734101+00:00,scheduler,1,100,10929.9,11264.0,56,251.734
2026-06-26T14:29:26.740797+00:00,scheduler,0,100,11167.9,11264.0,59,243.477
2026-06-26T14:29:26.740797+00:00,scheduler,1,100,10929.9,11264.0,56,246.678
2026-06-26T14:29:31.751875+00:00,scheduler,0,100,11167.9,11264.0,59,246.026
2026-06-26T14:29:31.751875+00:00,scheduler,1,100,10929.9,11264.0,56,248.452
2026-06-26T14:29:36.757623+00:00,scheduler,0,100,11167.9,11264.0,59,255.072
2026-06-26T14:29:36.757623+00:00,scheduler,1,100,10929.9,11264.0,57,240.309
2026-06-26T14:29:41.764007+00:00,scheduler,0,100,11167.9,11264.0,59,245.353
2026-06-26T14:29:41.764007+00:00,scheduler,1,100,10929.9,11264.0,57,247.967
2026-06-26T14:29:46.769389+00:00,scheduler,0,100,11167.9,11264.0,60,241.869
2026-06-26T14:29:46.769389+00:00,scheduler,1,100,10929.9,11264.0,57,256.818
2026-06-26T14:29:51.776806+00:00,scheduler,0,100,11167.9,11264.0,59,246.105
2026-06-26T14:29:51.776806+00:00,scheduler,1,100,10929.9,11264.0,57,249.368
2026-06-26T14:29:56.784958+00:00,scheduler,0,100,11167.9,11264.0,59,244.977
2026-06-26T14:29:56.784958+00:00,scheduler,1,100,10929.9,11264.0,57,246.86
2026-06-26T14:30:01.790254+00:00,scheduler,0,100,11167.9,11264.0,60,242.778
2026-06-26T14:30:01.790254+00:00,scheduler,1,100,10929.9,11264.0,57,250.363
2026-06-26T14:30:06.795537+00:00,scheduler,0,100,11167.9,11264.0,60,247.918
2026-06-26T14:30:06.795537+00:00,scheduler,1,100,10929.9,11264.0,57,243.903
2026-06-26T14:30:11.807056+00:00,scheduler,0,100,11167.9,11264.0,60,250.878
2026-06-26T14:30:11.807056+00:00,scheduler,1,100,10929.9,11264.0,57,255.614
2026-06-26T14:30:16.817422+00:00,scheduler,0,100,11167.9,11264.0,60,247.654
2026-06-26T14:30:16.817422+00:00,scheduler,1,100,10929.9,11264.0,57,244.696
2026-06-26T14:30:21.825272+00:00,scheduler,0,0,11167.9,11264.0,53,57.728
2026-06-26T14:30:21.825272+00:00,scheduler,1,100,10929.9,11264.0,57,251.012
2026-06-26T14:30:26.832350+00:00,scheduler,0,1,11167.9,11264.0,51,57.306
2026-06-26T14:30:26.832350+00:00,scheduler,1,100,10929.9,11264.0,57,249.983
2026-06-26T14:30:31.838075+00:00,scheduler,0,0,11167.9,11264.0,50,57.053
2026-06-26T14:30:31.838075+00:00,scheduler,1,100,10929.9,11264.0,57,248.627
2026-06-26T14:30:36.844757+00:00,scheduler,0,1,11167.9,11264.0,49,57.114
2026-06-26T14:30:36.844757+00:00,scheduler,1,100,10929.9,11264.0,55,76.662
2026-06-26T14:30:41.855823+00:00,scheduler,0,0,11167.9,11264.0,48,56.98
2026-06-26T14:30:41.855823+00:00,scheduler,1,2,10929.9,11264.0,51,54.95
2026-06-26T14:30:46.867607+00:00,scheduler,0,10,11167.9,11264.0,48,56.839
2026-06-26T14:30:46.867607+00:00,scheduler,1,7,10929.9,11264.0,49,55.053
2026-06-26T14:30:51.873199+00:00,scheduler,0,0,1125.9,11264.0,48,56.627
2026-06-26T14:30:51.873199+00:00,scheduler,1,98,4985.9,11264.0,50,75.877
2026-06-26T14:30:56.879394+00:00,scheduler,0,0,5223.9,11264.0,52,247.364
2026-06-26T14:30:56.879394+00:00,scheduler,1,0,4985.9,11264.0,47,53.855
2026-06-26T14:31:01.886652+00:00,scheduler,0,12,1867.9,11264.0,48,81.377
2026-06-26T14:31:01.886652+00:00,scheduler,1,0,885.9,11264.0,46,53.539
2026-06-26T14:31:06.891682+00:00,scheduler,0,0,1867.9,11264.0,47,56.038
2026-06-26T14:31:06.891682+00:00,scheduler,1,0,885.9,11264.0,45,53.848
2026-06-26T14:31:11.896885+00:00,scheduler,0,0,1867.9,11264.0,46,56.121
2026-06-26T14:31:11.896885+00:00,scheduler,1,0,885.9,11264.0,45,53.013
2026-06-26T14:31:16.902277+00:00,scheduler,0,1,1867.9,11264.0,46,55.955
2026-06-26T14:31:16.902277+00:00,scheduler,1,0,885.9,11264.0,42,2.927
2026-06-26T14:31:21.911603+00:00,scheduler,0,0,1955.9,11264.0,45,55.744
2026-06-26T14:31:21.911603+00:00,scheduler,1,0,885.9,11264.0,40,2.935
2026-06-26T14:31:26.920794+00:00,scheduler,0,1,2479.9,11264.0,45,56.011
2026-06-26T14:31:26.920794+00:00,scheduler,1,0,665.9,11264.0,40,2.878
2026-06-26T14:31:31.930925+00:00,scheduler,0,2,2915.9,11264.0,45,55.502
2026-06-26T14:31:31.930925+00:00,scheduler,1,0,665.9,11264.0,39,2.854
2026-06-26T14:31:36.940100+00:00,scheduler,0,0,3255.9,11264.0,45,55.571
2026-06-26T14:31:36.940100+00:00,scheduler,1,0,665.9,11264.0,38,2.39
2026-06-26T14:31:41.949594+00:00,scheduler,0,0,3555.9,11264.0,45,55.811
2026-06-26T14:31:41.949594+00:00,scheduler,1,0,665.9,11264.0,38,2.664
2026-06-26T14:31:46.958645+00:00,scheduler,0,0,3895.9,11264.0,44,55.234
2026-06-26T14:31:46.958645+00:00,scheduler,1,0,665.9,11264.0,37,2.681
2026-06-26T14:31:51.967799+00:00,scheduler,0,1,4175.9,11264.0,44,55.709
2026-06-26T14:31:51.967799+00:00,scheduler,1,0,665.9,11264.0,37,2.782
2026-06-26T14:31:56.976794+00:00,scheduler,0,0,4719.9,11264.0,44,55.628
2026-06-26T14:31:56.976794+00:00,scheduler,1,0,665.9,11264.0,36,2.553
2026-06-26T14:32:01.985551+00:00,scheduler,0,0,4971.9,11264.0,44,55.65
2026-06-26T14:32:01.985551+00:00,scheduler,1,0,665.9,11264.0,36,2.745
2026-06-26T14:32:06.994282+00:00,scheduler,0,2,5563.9,11264.0,44,55.265
2026-06-26T14:32:06.994282+00:00,scheduler,1,0,665.9,11264.0,36,2.796
2026-06-26T14:32:12.002930+00:00,scheduler,0,1,6115.9,11264.0,44,55.659
2026-06-26T14:32:12.002930+00:00,scheduler,1,0,665.9,11264.0,35,2.819
2026-06-26T14:32:17.011860+00:00,scheduler,0,1,6455.9,11264.0,44,55.539
2026-06-26T14:32:17.011860+00:00,scheduler,1,0,665.9,11264.0,35,2.746
2026-06-26T14:32:22.020935+00:00,scheduler,0,1,6727.9,11264.0,44,55.308
2026-06-26T14:32:22.020935+00:00,scheduler,1,0,665.9,11264.0,35,2.345
2026-06-26T14:32:27.029917+00:00,scheduler,0,0,6911.9,11264.0,44,55.449
2026-06-26T14:32:27.029917+00:00,scheduler,1,0,665.9,11264.0,35,2.202
2026-06-26T14:32:32.038773+00:00,scheduler,0,0,7183.9,11264.0,43,55.211
2026-06-26T14:32:32.038773+00:00,scheduler,1,0,665.9,11264.0,34,2.553
2026-06-26T14:32:37.047523+00:00,scheduler,0,1,7571.9,11264.0,43,55.106
2026-06-26T14:32:37.047523+00:00,scheduler,1,0,665.9,11264.0,34,2.953
2026-06-26T14:32:42.056324+00:00,scheduler,0,1,7775.9,11264.0,43,55.388
2026-06-26T14:32:42.056324+00:00,scheduler,1,0,665.9,11264.0,34,2.278
2026-06-26T14:32:47.066187+00:00,scheduler,0,0,7891.9,11264.0,43,55.072
2026-06-26T14:32:47.066187+00:00,scheduler,1,0,665.9,11264.0,34,2.838
2026-06-26T14:32:52.074849+00:00,scheduler,0,1,8095.9,11264.0,43,55.307
2026-06-26T14:32:52.074849+00:00,scheduler,1,0,665.9,11264.0,34,2.997
2026-06-26T14:32:57.083584+00:00,scheduler,0,0,8395.9,11264.0,43,55.782
2026-06-26T14:32:57.083584+00:00,scheduler,1,0,665.9,11264.0,34,2.023
2026-06-26T14:33:02.092408+00:00,scheduler,0,1,8811.9,11264.0,46,150.735
2026-06-26T14:33:02.092408+00:00,scheduler,1,0,665.9,11264.0,33,2.745
2026-06-26T14:33:07.101256+00:00,scheduler,0,21,9001.9,11264.0,44,55.964
2026-06-26T14:33:07.101256+00:00,scheduler,1,0,665.9,11264.0,33,2.375
2026-06-26T14:33:12.110418+00:00,scheduler,0,26,7339.9,11264.0,44,55.646
2026-06-26T14:33:12.110418+00:00,scheduler,1,0,665.9,11264.0,33,2.146
2026-06-26T14:33:17.119695+00:00,scheduler,0,100,11165.9,11264.0,51,248.258
2026-06-26T14:33:17.119695+00:00,scheduler,1,0,665.9,11264.0,33,2.842
2026-06-26T14:33:22.130921+00:00,scheduler,0,100,11167.9,11264.0,52,245.636
2026-06-26T14:33:22.130921+00:00,scheduler,1,3,1407.9,11264.0,36,50.621
2026-06-26T14:33:27.136301+00:00,scheduler,0,100,11167.9,11264.0,54,238.615
2026-06-26T14:33:27.136301+00:00,scheduler,1,3,3251.9,11264.0,36,50.643
2026-06-26T14:33:32.142000+00:00,scheduler,0,100,11167.9,11264.0,54,238.74
2026-06-26T14:33:32.142000+00:00,scheduler,1,3,5239.9,11264.0,37,50.757
2026-06-26T14:33:37.150187+00:00,scheduler,0,100,11167.9,11264.0,55,240.99
2026-06-26T14:33:37.150187+00:00,scheduler,1,4,7131.9,11264.0,37,50.92
2026-06-26T14:33:42.155673+00:00,scheduler,0,100,11167.9,11264.0,56,241.659
2026-06-26T14:33:42.155673+00:00,scheduler,1,1,7907.9,11264.0,37,50.507
2026-06-26T14:33:47.161345+00:00,scheduler,0,100,11167.9,11264.0,57,245.321
2026-06-26T14:33:47.161345+00:00,scheduler,1,97,8771.9,11264.0,41,71.706
2026-06-26T14:33:52.168964+00:00,scheduler,0,100,11167.9,11264.0,57,246.084
2026-06-26T14:33:52.168964+00:00,scheduler,1,2,8771.9,11264.0,39,51.286
2026-06-26T14:33:57.177457+00:00,scheduler,0,100,11167.9,11264.0,58,246.133
2026-06-26T14:33:57.177457+00:00,scheduler,1,9,8771.9,11264.0,39,50.997
2026-06-26T14:34:02.183806+00:00,scheduler,0,100,11167.9,11264.0,58,240.902
2026-06-26T14:34:02.183806+00:00,scheduler,1,3,2799.9,11264.0,39,50.966
2026-06-26T14:34:07.189344+00:00,scheduler,0,100,11167.9,11264.0,58,244.774
2026-06-26T14:34:07.189344+00:00,scheduler,1,1,4365.9,11264.0,39,50.977
2026-06-26T14:34:12.205516+00:00,scheduler,0,100,11167.9,11264.0,59,245.969
2026-06-26T14:34:12.205516+00:00,scheduler,1,2,5229.9,11264.0,39,50.887
2026-06-26T14:34:17.218187+00:00,scheduler,0,100,11167.9,11264.0,59,250.313
2026-06-26T14:34:17.218187+00:00,scheduler,1,1,6165.9,11264.0,39,51.349
2026-06-26T14:34:22.229643+00:00,scheduler,0,100,11167.9,11264.0,59,244.494
2026-06-26T14:34:22.229643+00:00,scheduler,1,1,6867.9,11264.0,39,51.143
2026-06-26T14:34:27.235834+00:00,scheduler,0,100,11167.9,11264.0,59,246.879
2026-06-26T14:34:27.235834+00:00,scheduler,1,1,7803.9,11264.0,39,51.464
2026-06-26T14:34:32.248531+00:00,scheduler,0,100,11167.9,11264.0,59,248.668
2026-06-26T14:34:32.248531+00:00,scheduler,1,100,10927.9,11264.0,46,240.471
2026-06-26T14:34:37.255150+00:00,scheduler,0,100,11167.9,11264.0,59,248.129
2026-06-26T14:34:37.255150+00:00,scheduler,1,100,10927.9,11264.0,48,243.349
2026-06-26T14:34:42.264718+00:00,scheduler,0,100,11167.9,11264.0,59,243.61
2026-06-26T14:34:42.264718+00:00,scheduler,1,100,10929.9,11264.0,49,250.161
2026-06-26T14:34:47.271215+00:00,scheduler,0,100,11167.9,11264.0,60,249.001
2026-06-26T14:34:47.271215+00:00,scheduler,1,100,10929.9,11264.0,50,254.505
2026-06-26T14:34:52.279845+00:00,scheduler,0,100,11167.9,11264.0,60,245.372
2026-06-26T14:34:52.279845+00:00,scheduler,1,100,10929.9,11264.0,51,246.107
2026-06-26T14:34:57.288915+00:00,scheduler,0,100,11167.9,11264.0,60,243.562
2026-06-26T14:34:57.288915+00:00,scheduler,1,100,10929.9,11264.0,52,251.355
2026-06-26T14:35:02.295579+00:00,scheduler,0,100,11167.9,11264.0,59,252.647
2026-06-26T14:35:02.295579+00:00,scheduler,1,100,10929.9,11264.0,53,251.296
2026-06-26T14:35:07.301309+00:00,scheduler,0,100,11167.9,11264.0,59,246.386
2026-06-26T14:35:07.301309+00:00,scheduler,1,100,10929.9,11264.0,54,246.38
2026-06-26T14:35:12.311366+00:00,scheduler,0,100,11167.9,11264.0,59,245.024
2026-06-26T14:35:12.311366+00:00,scheduler,1,100,10929.9,11264.0,55,252.312
2026-06-26T14:35:17.319450+00:00,scheduler,0,100,11167.9,11264.0,60,245.529
2026-06-26T14:35:17.319450+00:00,scheduler,1,100,10929.9,11264.0,55,252.531
2026-06-26T14:35:22.327675+00:00,scheduler,0,100,11167.9,11264.0,60,237.612
2026-06-26T14:35:22.327675+00:00,scheduler,1,100,10929.9,11264.0,56,246.59
2026-06-26T14:35:27.334660+00:00,scheduler,0,100,11167.9,11264.0,60,246.159
2026-06-26T14:35:27.334660+00:00,scheduler,1,100,10929.9,11264.0,56,247.983
2026-06-26T14:35:32.342158+00:00,scheduler,0,100,11167.9,11264.0,60,247.457
2026-06-26T14:35:32.342158+00:00,scheduler,1,100,10929.9,11264.0,57,250.971
2026-06-26T14:35:37.349142+00:00,scheduler,0,100,11167.9,11264.0,59,252.433
2026-06-26T14:35:37.349142+00:00,scheduler,1,100,10929.9,11264.0,57,242.537
2026-06-26T14:35:42.356921+00:00,scheduler,0,100,11167.9,11264.0,60,247.122
2026-06-26T14:35:42.356921+00:00,scheduler,1,100,10929.9,11264.0,57,249.527
2026-06-26T14:35:47.362583+00:00,scheduler,0,100,11167.9,11264.0,60,249.492
2026-06-26T14:35:47.362583+00:00,scheduler,1,100,10929.9,11264.0,57,242.65
2026-06-26T14:35:52.368343+00:00,scheduler,0,100,11167.9,11264.0,60,247.23
2026-06-26T14:35:52.368343+00:00,scheduler,1,100,10929.9,11264.0,57,243.884
2026-06-26T14:35:57.373964+00:00,scheduler,0,100,11167.9,11264.0,60,238.531
2026-06-26T14:35:57.373964+00:00,scheduler,1,100,10929.9,11264.0,58,248.716
2026-06-26T14:36:02.381633+00:00,scheduler,0,100,11167.9,11264.0,59,246.737
2026-06-26T14:36:02.381633+00:00,scheduler,1,100,10929.9,11264.0,57,245.702
2026-06-26T14:36:07.387138+00:00,scheduler,0,100,11167.9,11264.0,60,246.977
2026-06-26T14:36:07.387138+00:00,scheduler,1,100,10929.9,11264.0,58,249.208
2026-06-26T14:36:12.393332+00:00,scheduler,0,100,11167.9,11264.0,60,241.803
2026-06-26T14:36:12.393332+00:00,scheduler,1,100,10929.9,11264.0,58,245.05
2026-06-26T14:36:17.399414+00:00,scheduler,0,100,11167.9,11264.0,60,240.541
2026-06-26T14:36:17.399414+00:00,scheduler,1,100,10929.9,11264.0,58,249.83
2026-06-26T14:36:22.407317+00:00,scheduler,0,100,11167.9,11264.0,60,245.358
2026-06-26T14:36:22.407317+00:00,scheduler,1,100,10929.9,11264.0,58,248.636
2026-06-26T14:36:27.415113+00:00,scheduler,0,100,11167.9,11264.0,60,246.528
2026-06-26T14:36:27.415113+00:00,scheduler,1,100,10929.9,11264.0,58,254.341
2026-06-26T14:36:32.421555+00:00,scheduler,0,100,11167.9,11264.0,60,244.116
2026-06-26T14:36:32.421555+00:00,scheduler,1,100,10929.9,11264.0,58,248.329
2026-06-26T14:36:37.427122+00:00,scheduler,0,100,11167.9,11264.0,60,254.972
2026-06-26T14:36:37.427122+00:00,scheduler,1,100,10929.9,11264.0,58,247.216
2026-06-26T14:36:42.432452+00:00,scheduler,0,100,11167.9,11264.0,60,249.438
2026-06-26T14:36:42.432452+00:00,scheduler,1,100,10929.9,11264.0,58,245.428
2026-06-26T14:36:47.438808+00:00,scheduler,0,100,11167.9,11264.0,60,250.107
2026-06-26T14:36:47.438808+00:00,scheduler,1,100,10929.9,11264.0,58,241.999
2026-06-26T14:36:52.445919+00:00,scheduler,0,100,11167.9,11264.0,60,241.402
2026-06-26T14:36:52.445919+00:00,scheduler,1,100,10929.9,11264.0,58,242.436
2026-06-26T14:36:57.453333+00:00,scheduler,0,100,11167.9,11264.0,60,242.298
2026-06-26T14:36:57.453333+00:00,scheduler,1,100,10929.9,11264.0,58,249.897
2026-06-26T14:37:02.459987+00:00,scheduler,0,100,11167.9,11264.0,60,246.114
2026-06-26T14:37:02.459987+00:00,scheduler,1,100,10929.9,11264.0,58,246.435
2026-06-26T14:37:07.465617+00:00,scheduler,0,100,11167.9,11264.0,60,245.769
2026-06-26T14:37:07.465617+00:00,scheduler,1,100,10929.9,11264.0,58,246.057
2026-06-26T14:37:12.473038+00:00,scheduler,0,100,11167.9,11264.0,60,243.426
2026-06-26T14:37:12.473038+00:00,scheduler,1,100,10929.9,11264.0,58,241.796
2026-06-26T14:37:17.481978+00:00,scheduler,0,100,11167.9,11264.0,60,246.265
2026-06-26T14:37:17.481978+00:00,scheduler,1,100,10929.9,11264.0,58,246.68
2026-06-26T14:37:22.487700+00:00,scheduler,0,100,11167.9,11264.0,60,248.136
2026-06-26T14:37:22.487700+00:00,scheduler,1,100,10929.9,11264.0,58,255.88
2026-06-26T14:37:27.493041+00:00,scheduler,0,100,11167.9,11264.0,60,244.96
2026-06-26T14:37:27.493041+00:00,scheduler,1,100,10929.9,11264.0,58,256.48
2026-06-26T14:37:32.502210+00:00,scheduler,0,100,11167.9,11264.0,60,237.044
2026-06-26T14:37:32.502210+00:00,scheduler,1,100,10929.9,11264.0,58,245.355
2026-06-26T14:37:37.507544+00:00,scheduler,0,100,11167.9,11264.0,60,246.138
2026-06-26T14:37:37.507544+00:00,scheduler,1,100,10929.9,11264.0,58,242.493
2026-06-26T14:37:42.513151+00:00,scheduler,0,100,11167.9,11264.0,60,251.789
2026-06-26T14:37:42.513151+00:00,scheduler,1,100,10929.9,11264.0,58,247.969
2026-06-26T14:37:47.518555+00:00,scheduler,0,100,11167.9,11264.0,60,246.385
2026-06-26T14:37:47.518555+00:00,scheduler,1,100,10929.9,11264.0,58,257.299
2026-06-26T14:37:52.524267+00:00,scheduler,0,100,11167.9,11264.0,60,246.722
2026-06-26T14:37:52.524267+00:00,scheduler,1,100,10929.9,11264.0,58,247.88
2026-06-26T14:37:57.535129+00:00,scheduler,0,100,11167.9,11264.0,60,246.706
2026-06-26T14:37:57.535129+00:00,scheduler,1,100,10929.9,11264.0,58,244.557
2026-06-26T14:38:02.543047+00:00,scheduler,0,100,11167.9,11264.0,60,246.312
2026-06-26T14:38:02.543047+00:00,scheduler,1,100,10929.9,11264.0,58,245.669
2026-06-26T14:38:07.551734+00:00,scheduler,0,100,11167.9,11264.0,60,238.605
2026-06-26T14:38:07.551734+00:00,scheduler,1,100,10929.9,11264.0,58,246.682
2026-06-26T14:38:12.557297+00:00,scheduler,0,100,11167.9,11264.0,60,242.388
2026-06-26T14:38:12.557297+00:00,scheduler,1,100,10929.9,11264.0,58,254.137
2026-06-26T14:38:17.565872+00:00,scheduler,0,100,11167.9,11264.0,60,253.575
2026-06-26T14:38:17.565872+00:00,scheduler,1,100,10929.9,11264.0,58,246.777
2026-06-26T14:38:22.571161+00:00,scheduler,0,100,11167.9,11264.0,60,253.198
2026-06-26T14:38:22.571161+00:00,scheduler,1,100,10929.9,11264.0,58,254.168
2026-06-26T14:38:27.582181+00:00,scheduler,0,100,11167.9,11264.0,60,237.757
2026-06-26T14:38:27.582181+00:00,scheduler,1,100,10929.9,11264.0,58,242.007
2026-06-26T14:38:32.588811+00:00,scheduler,0,100,11167.9,11264.0,60,249.365
2026-06-26T14:38:32.588811+00:00,scheduler,1,100,10929.9,11264.0,58,247.808
2026-06-26T14:38:37.596158+00:00,scheduler,0,100,11167.9,11264.0,60,247.064
2026-06-26T14:38:37.596158+00:00,scheduler,1,100,10929.9,11264.0,58,256.476
2026-06-26T14:38:42.603418+00:00,scheduler,0,100,11167.9,11264.0,60,248.097
2026-06-26T14:38:42.603418+00:00,scheduler,1,100,10929.9,11264.0,58,249.581
2026-06-26T14:38:47.610677+00:00,scheduler,0,100,11167.9,11264.0,60,246.029
2026-06-26T14:38:47.610677+00:00,scheduler,1,100,10929.9,11264.0,58,248.551
2026-06-26T14:38:52.616217+00:00,scheduler,0,100,11167.9,11264.0,60,245.65
2026-06-26T14:38:52.616217+00:00,scheduler,1,100,10929.9,11264.0,58,249.756
2026-06-26T14:38:57.623607+00:00,scheduler,0,3,11167.9,11264.0,54,57.881
2026-06-26T14:38:57.623607+00:00,scheduler,1,100,10929.9,11264.0,58,240.871
2026-06-26T14:39:02.629021+00:00,scheduler,0,1,11167.9,11264.0,52,57.682
2026-06-26T14:39:02.629021+00:00,scheduler,1,100,10929.9,11264.0,58,238.626
2026-06-26T14:39:07.634520+00:00,scheduler,0,1,11167.9,11264.0,51,57.37
2026-06-26T14:39:07.634520+00:00,scheduler,1,100,10929.9,11264.0,58,250.437
2026-06-26T14:39:12.640056+00:00,scheduler,0,2,11167.9,11264.0,50,56.989
2026-06-26T14:39:12.640056+00:00,scheduler,1,100,10929.9,11264.0,58,247.687
2026-06-26T14:39:17.645703+00:00,scheduler,0,3,11167.9,11264.0,49,56.967
2026-06-26T14:39:17.645703+00:00,scheduler,1,100,10929.9,11264.0,58,254.155
2026-06-26T14:39:22.658379+00:00,scheduler,0,1,11167.9,11264.0,48,56.857
2026-06-26T14:39:22.658379+00:00,scheduler,1,100,10929.9,11264.0,58,246.68
2026-06-26T14:39:27.673701+00:00,scheduler,0,1,11167.9,11264.0,47,56.757
2026-06-26T14:39:27.673701+00:00,scheduler,1,100,10929.9,11264.0,58,256.153
2026-06-26T14:39:32.687654+00:00,scheduler,0,1,11167.9,11264.0,47,56.54
2026-06-26T14:39:32.687654+00:00,scheduler,1,100,10929.9,11264.0,58,245.657
2026-06-26T14:39:37.703011+00:00,scheduler,0,28,1125.9,11264.0,48,80.179
2026-06-26T14:39:37.703011+00:00,scheduler,1,100,10929.9,11264.0,58,246.78
2026-06-26T14:39:42.709803+00:00,scheduler,0,36,5223.9,11264.0,52,245.099
2026-06-26T14:39:42.709803+00:00,scheduler,1,100,10929.9,11264.0,58,252.47
2026-06-26T14:39:47.719894+00:00,scheduler,0,0,1125.9,11264.0,47,56.605
2026-06-26T14:39:47.719894+00:00,scheduler,1,100,10929.9,11264.0,58,246.786
2026-06-26T14:39:52.729879+00:00,scheduler,0,0,1125.9,11264.0,46,56.254
2026-06-26T14:39:52.729879+00:00,scheduler,1,100,10929.9,11264.0,58,257.068
2026-06-26T14:39:57.736836+00:00,scheduler,0,0,1125.9,11264.0,46,56.271
2026-06-26T14:39:57.736836+00:00,scheduler,1,100,10929.9,11264.0,58,249.16
2026-06-26T14:40:02.742100+00:00,scheduler,0,0,1125.9,11264.0,44,3.879
2026-06-26T14:40:02.742100+00:00,scheduler,1,100,10929.9,11264.0,58,245.178
2026-06-26T14:40:07.751218+00:00,scheduler,0,0,903.9,11264.0,42,3.161
2026-06-26T14:40:07.751218+00:00,scheduler,1,100,10929.9,11264.0,57,277.946
2026-06-26T14:40:12.761523+00:00,scheduler,0,0,903.9,11264.0,41,2.936
2026-06-26T14:40:12.761523+00:00,scheduler,1,100,10929.9,11264.0,58,245.85
2026-06-26T14:40:17.770837+00:00,scheduler,0,0,903.9,11264.0,40,2.739
2026-06-26T14:40:17.770837+00:00,scheduler,1,7,10929.9,11264.0,52,56.45
2026-06-26T14:40:22.780301+00:00,scheduler,0,0,903.9,11264.0,40,3.115
2026-06-26T14:40:22.780301+00:00,scheduler,1,1,10929.9,11264.0,50,55.329
2026-06-26T14:40:27.793902+00:00,scheduler,0,0,903.9,11264.0,40,3.131
2026-06-26T14:40:27.793902+00:00,scheduler,1,1,10929.9,11264.0,48,55.278
2026-06-26T14:40:32.802907+00:00,scheduler,0,0,903.9,11264.0,39,3.312
2026-06-26T14:40:32.802907+00:00,scheduler,1,1,10929.9,11264.0,47,54.338
2026-06-26T14:40:37.826375+00:00,scheduler,0,0,903.9,11264.0,39,3.024
2026-06-26T14:40:37.826375+00:00,scheduler,1,1,10929.9,11264.0,46,54.364
2026-06-26T14:40:42.849066+00:00,scheduler,0,0,903.9,11264.0,38,3.515
2026-06-26T14:40:42.849066+00:00,scheduler,1,1,887.9,11264.0,46,57.036
2026-06-26T14:40:47.858724+00:00,scheduler,0,0,903.9,11264.0,38,2.876
2026-06-26T14:40:47.858724+00:00,scheduler,1,1,1629.9,11264.0,46,54.002
2026-06-26T14:40:52.868706+00:00,scheduler,0,0,903.9,11264.0,38,3.097
2026-06-26T14:40:52.868706+00:00,scheduler,1,1,1629.9,11264.0,45,53.284
2026-06-26T14:40:57.877661+00:00,scheduler,0,0,903.9,11264.0,38,2.584
2026-06-26T14:40:57.877661+00:00,scheduler,1,0,1669.9,11264.0,44,53.11
2026-06-26T14:41:02.886485+00:00,scheduler,0,0,903.9,11264.0,37,3.126
2026-06-26T14:41:02.886485+00:00,scheduler,1,0,1949.9,11264.0,44,53.136
2026-06-26T14:41:07.895310+00:00,scheduler,0,0,903.9,11264.0,37,2.676
2026-06-26T14:41:07.895310+00:00,scheduler,1,4,2677.9,11264.0,43,52.97
2026-06-26T14:41:12.904261+00:00,scheduler,0,0,903.9,11264.0,37,2.885
2026-06-26T14:41:12.904261+00:00,scheduler,1,4,3753.9,11264.0,43,53.13
2026-06-26T14:41:17.913137+00:00,scheduler,0,0,903.9,11264.0,37,2.689
2026-06-26T14:41:17.913137+00:00,scheduler,1,1,4433.9,11264.0,43,52.684
2026-06-26T14:41:22.923690+00:00,scheduler,0,0,903.9,11264.0,37,2.887
2026-06-26T14:41:22.923690+00:00,scheduler,1,0,5005.9,11264.0,43,52.764
2026-06-26T14:41:27.933090+00:00,scheduler,0,0,903.9,11264.0,36,2.56
2026-06-26T14:41:27.933090+00:00,scheduler,1,2,5877.9,11264.0,42,52.369
2026-06-26T14:41:32.943232+00:00,scheduler,0,0,903.9,11264.0,36,2.389
2026-06-26T14:41:32.943232+00:00,scheduler,1,1,6653.9,11264.0,42,52.635
2026-06-26T14:41:37.952100+00:00,scheduler,0,0,903.9,11264.0,36,2.711
2026-06-26T14:41:37.952100+00:00,scheduler,1,2,7429.9,11264.0,42,52.333
2026-06-26T14:41:42.960809+00:00,scheduler,0,0,903.9,11264.0,36,2.844
2026-06-26T14:41:42.960809+00:00,scheduler,1,1,8205.9,11264.0,42,52.91
2026-06-26T14:41:47.970011+00:00,scheduler,0,0,903.9,11264.0,36,3.148
2026-06-26T14:41:47.970011+00:00,scheduler,1,78,8763.9,11264.0,44,73.634
2026-06-26T14:41:52.979596+00:00,scheduler,0,0,903.9,11264.0,36,2.608
2026-06-26T14:41:52.979596+00:00,scheduler,1,2,8763.9,11264.0,43,53.029
2026-06-26T14:41:57.990726+00:00,scheduler,0,0,903.9,11264.0,36,3.172
2026-06-26T14:41:57.990726+00:00,scheduler,1,2,8763.9,11264.0,42,52.775
2026-06-26T14:42:03.014520+00:00,scheduler,0,0,903.9,11264.0,36,2.753
2026-06-26T14:42:03.014520+00:00,scheduler,1,25,6867.9,11264.0,42,53.253
2026-06-26T14:42:08.024475+00:00,scheduler,0,0,903.9,11264.0,35,2.896
2026-06-26T14:42:08.024475+00:00,scheduler,1,100,10927.9,11264.0,49,256.728
2026-06-26T14:42:13.034805+00:00,scheduler,0,0,903.9,11264.0,35,3.078
2026-06-26T14:42:13.034805+00:00,scheduler,1,100,10927.9,11264.0,51,252.739
2026-06-26T14:42:18.046969+00:00,scheduler,0,0,903.9,11264.0,35,3.158
2026-06-26T14:42:18.046969+00:00,scheduler,1,100,10929.9,11264.0,52,251.742
2026-06-26T14:42:23.059024+00:00,scheduler,0,0,903.9,11264.0,35,2.674
2026-06-26T14:42:23.059024+00:00,scheduler,1,100,10929.9,11264.0,52,249.048
2026-06-26T14:42:28.068105+00:00,scheduler,0,0,903.9,11264.0,35,3.288
2026-06-26T14:42:28.068105+00:00,scheduler,1,100,10929.9,11264.0,53,245.558
2026-06-26T14:42:33.077115+00:00,scheduler,0,0,903.9,11264.0,35,3.331
2026-06-26T14:42:33.077115+00:00,scheduler,1,100,10929.9,11264.0,54,256.795
2026-06-26T14:42:38.087833+00:00,scheduler,0,0,903.9,11264.0,35,3.413
2026-06-26T14:42:38.087833+00:00,scheduler,1,100,10929.9,11264.0,55,252.355
2026-06-26T14:42:43.098193+00:00,scheduler,0,0,903.9,11264.0,35,3.066
2026-06-26T14:42:43.098193+00:00,scheduler,1,100,10929.9,11264.0,56,250.935
2026-06-26T14:42:48.110708+00:00,scheduler,0,0,903.9,11264.0,35,3.637
2026-06-26T14:42:48.110708+00:00,scheduler,1,100,10929.9,11264.0,56,239.429
2026-06-26T14:42:53.121265+00:00,scheduler,0,0,903.9,11264.0,35,3.742
2026-06-26T14:42:53.121265+00:00,scheduler,1,100,10929.9,11264.0,56,250.405
2026-06-26T14:42:58.130046+00:00,scheduler,0,0,903.9,11264.0,35,3.523
2026-06-26T14:42:58.130046+00:00,scheduler,1,100,10929.9,11264.0,57,243.226
2026-06-26T14:43:03.139187+00:00,scheduler,0,0,903.9,11264.0,34,3.423
2026-06-26T14:43:03.139187+00:00,scheduler,1,100,10929.9,11264.0,57,248.534
2026-06-26T14:43:08.148656+00:00,scheduler,0,0,903.9,11264.0,34,2.895
2026-06-26T14:43:08.148656+00:00,scheduler,1,100,10929.9,11264.0,57,253.982
2026-06-26T14:43:13.157806+00:00,scheduler,0,0,903.9,11264.0,34,4.004
2026-06-26T14:43:13.157806+00:00,scheduler,1,100,10929.9,11264.0,57,256.485
2026-06-26T14:43:18.166802+00:00,scheduler,0,0,903.9,11264.0,34,3.183
2026-06-26T14:43:18.166802+00:00,scheduler,1,100,10929.9,11264.0,57,246.751
2026-06-26T14:43:23.175832+00:00,scheduler,0,0,903.9,11264.0,34,3.5
2026-06-26T14:43:23.175832+00:00,scheduler,1,100,10929.9,11264.0,57,244.771
2026-06-26T14:43:28.184746+00:00,scheduler,0,0,903.9,11264.0,34,3.099
2026-06-26T14:43:28.184746+00:00,scheduler,1,100,10929.9,11264.0,58,247.015
2026-06-26T14:43:33.193672+00:00,scheduler,0,0,903.9,11264.0,34,3.78
2026-06-26T14:43:33.193672+00:00,scheduler,1,100,10929.9,11264.0,58,257.296
2026-06-26T14:43:38.202851+00:00,scheduler,0,0,903.9,11264.0,34,3.654
2026-06-26T14:43:38.202851+00:00,scheduler,1,100,10929.9,11264.0,57,243.535
2026-06-26T14:43:43.214026+00:00,scheduler,0,0,903.9,11264.0,34,3.517
2026-06-26T14:43:43.214026+00:00,scheduler,1,100,10929.9,11264.0,58,244.352
2026-06-26T14:43:48.222931+00:00,scheduler,0,0,903.9,11264.0,34,3.533
2026-06-26T14:43:48.222931+00:00,scheduler,1,100,10929.9,11264.0,58,242.837
2026-06-26T14:43:53.231935+00:00,scheduler,0,0,903.9,11264.0,34,3.587
2026-06-26T14:43:53.231935+00:00,scheduler,1,100,10929.9,11264.0,58,246.508
2026-06-26T14:43:58.240888+00:00,scheduler,0,0,903.9,11264.0,34,3.301
2026-06-26T14:43:58.240888+00:00,scheduler,1,100,10929.9,11264.0,58,257.266
2026-06-26T14:44:03.249866+00:00,scheduler,0,0,903.9,11264.0,34,3.345
2026-06-26T14:44:03.249866+00:00,scheduler,1,100,10929.9,11264.0,58,248.5
2026-06-26T14:44:08.258987+00:00,scheduler,0,0,903.9,11264.0,34,3.111
2026-06-26T14:44:08.258987+00:00,scheduler,1,100,10929.9,11264.0,58,247.071
2026-06-26T14:44:13.267720+00:00,scheduler,0,0,903.9,11264.0,34,3.524
2026-06-26T14:44:13.267720+00:00,scheduler,1,100,10929.9,11264.0,57,240.391
2026-06-26T14:44:18.276659+00:00,scheduler,0,0,903.9,11264.0,34,3.542
2026-06-26T14:44:18.276659+00:00,scheduler,1,100,10929.9,11264.0,58,248.386
2026-06-26T14:44:23.286465+00:00,scheduler,0,0,903.9,11264.0,34,2.959
2026-06-26T14:44:23.286465+00:00,scheduler,1,100,10929.9,11264.0,58,250.164
2026-06-26T14:44:28.295214+00:00,scheduler,0,0,903.9,11264.0,34,3.226
2026-06-26T14:44:28.295214+00:00,scheduler,1,100,10929.9,11264.0,58,246.605
2026-06-26T14:44:33.303971+00:00,scheduler,0,0,903.9,11264.0,34,3.006
2026-06-26T14:44:33.303971+00:00,scheduler,1,100,10929.9,11264.0,58,246.28
2026-06-26T14:44:38.312541+00:00,scheduler,0,0,903.9,11264.0,34,3.311
2026-06-26T14:44:38.312541+00:00,scheduler,1,100,10929.9,11264.0,58,257.495
2026-06-26T14:44:43.321564+00:00,scheduler,0,0,903.9,11264.0,34,3.032
2026-06-26T14:44:43.321564+00:00,scheduler,1,100,10929.9,11264.0,58,255.809
2026-06-26T14:44:48.333312+00:00,scheduler,0,0,903.9,11264.0,34,3.66
2026-06-26T14:44:48.333312+00:00,scheduler,1,100,10929.9,11264.0,58,243.4
2026-06-26T14:44:53.342157+00:00,scheduler,0,0,903.9,11264.0,34,3.153
2026-06-26T14:44:53.342157+00:00,scheduler,1,100,10929.9,11264.0,58,238.999
2026-06-26T14:44:58.350937+00:00,scheduler,0,4,2421.9,11264.0,37,51.705
2026-06-26T14:44:58.350937+00:00,scheduler,1,100,10929.9,11264.0,58,247.462
2026-06-26T14:45:03.356308+00:00,scheduler,0,4,4361.9,11264.0,37,52.411
2026-06-26T14:45:03.356308+00:00,scheduler,1,100,10929.9,11264.0,58,250.077
2026-06-26T14:45:08.365198+00:00,scheduler,0,3,6409.9,11264.0,38,52.472
2026-06-26T14:45:08.365198+00:00,scheduler,1,100,10929.9,11264.0,58,246.668
2026-06-26T14:45:13.370868+00:00,scheduler,0,2,7893.9,11264.0,38,52.141
2026-06-26T14:45:13.370868+00:00,scheduler,1,100,10929.9,11264.0,58,249.804
2026-06-26T14:45:18.385926+00:00,scheduler,0,91,9009.9,11264.0,41,75.507
2026-06-26T14:45:18.385926+00:00,scheduler,1,100,10929.9,11264.0,58,248.419
2026-06-26T14:45:23.391159+00:00,scheduler,0,0,9009.9,11264.0,40,53.132
2026-06-26T14:45:23.391159+00:00,scheduler,1,100,10929.9,11264.0,58,249.204
2026-06-26T14:45:28.397370+00:00,scheduler,0,0,9009.9,11264.0,40,53.354
2026-06-26T14:45:28.397370+00:00,scheduler,1,100,10929.9,11264.0,58,246.055
2026-06-26T14:45:33.402670+00:00,scheduler,0,0,9009.9,11264.0,40,52.63
2026-06-26T14:45:33.402670+00:00,scheduler,1,100,10929.9,11264.0,58,242.872
2026-06-26T14:45:38.410210+00:00,scheduler,0,0,9009.9,11264.0,40,52.978
2026-06-26T14:45:38.410210+00:00,scheduler,1,100,10929.9,11264.0,58,246.269
2026-06-26T14:45:43.417217+00:00,scheduler,0,0,9009.9,11264.0,40,53.089
2026-06-26T14:45:43.417217+00:00,scheduler,1,100,10929.9,11264.0,58,239.204
2026-06-26T14:45:48.427326+00:00,scheduler,0,0,9009.9,11264.0,40,53.757
2026-06-26T14:45:48.427326+00:00,scheduler,1,100,10929.9,11264.0,58,247.879
2026-06-26T14:45:53.432976+00:00,scheduler,0,0,9009.9,11264.0,40,53.361
2026-06-26T14:45:53.432976+00:00,scheduler,1,100,10929.9,11264.0,58,252.813
2026-06-26T14:45:58.438447+00:00,scheduler,0,0,9009.9,11264.0,41,53.227
2026-06-26T14:45:58.438447+00:00,scheduler,1,100,10929.9,11264.0,58,242.696
2026-06-26T14:46:03.452586+00:00,scheduler,0,0,9009.9,11264.0,41,53.49
2026-06-26T14:46:03.452586+00:00,scheduler,1,100,10929.9,11264.0,58,246.674
2026-06-26T14:46:08.457910+00:00,scheduler,0,0,9009.9,11264.0,41,53.953
2026-06-26T14:46:08.457910+00:00,scheduler,1,100,10929.9,11264.0,58,243.678
2026-06-26T14:46:13.463282+00:00,scheduler,0,0,9009.9,11264.0,41,53.453
2026-06-26T14:46:13.463282+00:00,scheduler,1,100,10929.9,11264.0,58,244.215
2026-06-26T14:46:18.470106+00:00,scheduler,0,0,9009.9,11264.0,41,53.726
2026-06-26T14:46:18.470106+00:00,scheduler,1,100,10929.9,11264.0,58,238.758
2026-06-26T14:46:23.475395+00:00,scheduler,0,0,9009.9,11264.0,41,53.264
2026-06-26T14:46:23.475395+00:00,scheduler,1,100,10929.9,11264.0,58,248.4
2026-06-26T14:46:28.482381+00:00,scheduler,0,0,9009.9,11264.0,41,53.774
2026-06-26T14:46:28.482381+00:00,scheduler,1,100,10929.9,11264.0,58,240.307
2026-06-26T14:46:33.489186+00:00,scheduler,0,0,9009.9,11264.0,42,54.084
2026-06-26T14:46:33.489186+00:00,scheduler,1,100,10929.9,11264.0,58,251.005
2026-06-26T14:46:38.496543+00:00,scheduler,0,0,9009.9,11264.0,42,54.166
2026-06-26T14:46:38.496543+00:00,scheduler,1,100,10929.9,11264.0,58,242.34
2026-06-26T14:46:43.501979+00:00,scheduler,0,0,9009.9,11264.0,42,53.998
2026-06-26T14:46:43.501979+00:00,scheduler,1,100,10929.9,11264.0,58,252.321
2026-06-26T14:46:48.507288+00:00,scheduler,0,0,9009.9,11264.0,42,54.181
2026-06-26T14:46:48.507288+00:00,scheduler,1,100,10929.9,11264.0,58,245.958
2026-06-26T14:46:53.513683+00:00,scheduler,0,0,9009.9,11264.0,42,54.475
2026-06-26T14:46:53.513683+00:00,scheduler,1,100,10929.9,11264.0,58,245.076
2026-06-26T14:46:58.521920+00:00,scheduler,0,0,9009.9,11264.0,42,54.147
2026-06-26T14:46:58.521920+00:00,scheduler,1,100,10929.9,11264.0,58,255.602
2026-06-26T14:47:03.531389+00:00,scheduler,0,0,9009.9,11264.0,42,53.989
2026-06-26T14:47:03.531389+00:00,scheduler,1,100,10929.9,11264.0,58,248.949
2026-06-26T14:47:08.538585+00:00,scheduler,0,0,9009.9,11264.0,42,53.904
2026-06-26T14:47:08.538585+00:00,scheduler,1,100,10929.9,11264.0,58,246.845
2026-06-26T14:47:13.547481+00:00,scheduler,0,0,9009.9,11264.0,42,53.727
2026-06-26T14:47:13.547481+00:00,scheduler,1,100,10929.9,11264.0,58,253.42
2026-06-26T14:47:18.556371+00:00,scheduler,0,0,9009.9,11264.0,42,54.045
2026-06-26T14:47:18.556371+00:00,scheduler,1,100,10929.9,11264.0,58,246.497
2026-06-26T14:47:23.563973+00:00,scheduler,0,0,9009.9,11264.0,42,53.899
2026-06-26T14:47:23.563973+00:00,scheduler,1,100,10929.9,11264.0,58,245.349
2026-06-26T14:47:28.571689+00:00,scheduler,0,0,9009.9,11264.0,42,54.344
2026-06-26T14:47:28.571689+00:00,scheduler,1,100,10929.9,11264.0,58,258.1
2026-06-26T14:47:33.577200+00:00,scheduler,0,0,9009.9,11264.0,42,53.708
2026-06-26T14:47:33.577200+00:00,scheduler,1,100,10929.9,11264.0,58,248.055
2026-06-26T14:47:38.582760+00:00,scheduler,0,0,9009.9,11264.0,43,53.575
2026-06-26T14:47:38.582760+00:00,scheduler,1,100,10929.9,11264.0,58,253.469
2026-06-26T14:47:43.588183+00:00,scheduler,0,0,9009.9,11264.0,43,53.656
2026-06-26T14:47:43.588183+00:00,scheduler,1,100,10929.9,11264.0,58,253.367
2026-06-26T14:47:48.595771+00:00,scheduler,0,0,9009.9,11264.0,43,54.17
2026-06-26T14:47:48.595771+00:00,scheduler,1,100,10929.9,11264.0,58,248.231
2026-06-26T14:47:53.603145+00:00,scheduler,0,0,9009.9,11264.0,43,54.269
2026-06-26T14:47:53.603145+00:00,scheduler,1,1,10929.9,11264.0,51,55.655
2026-06-26T14:47:58.618732+00:00,scheduler,0,0,9009.9,11264.0,43,54.256
2026-06-26T14:47:58.618732+00:00,scheduler,1,1,10929.9,11264.0,49,55.285
2026-06-26T14:48:03.626538+00:00,scheduler,0,0,9009.9,11264.0,43,54.507
2026-06-26T14:48:03.626538+00:00,scheduler,1,1,10929.9,11264.0,48,55.343
2026-06-26T14:48:08.637714+00:00,scheduler,0,0,9009.9,11264.0,43,54.378
2026-06-26T14:48:08.637714+00:00,scheduler,1,1,10929.9,11264.0,47,54.623
2026-06-26T14:48:13.651039+00:00,scheduler,0,0,9009.9,11264.0,43,54.403
2026-06-26T14:48:13.651039+00:00,scheduler,1,1,10929.9,11264.0,46,54.494
2026-06-26T14:48:18.662595+00:00,scheduler,0,1,9009.9,11264.0,43,54.816
2026-06-26T14:48:18.662595+00:00,scheduler,1,28,887.9,11264.0,46,73.156
2026-06-26T14:48:23.691129+00:00,scheduler,0,1,9009.9,11264.0,43,54.561
2026-06-26T14:48:23.691129+00:00,scheduler,1,0,887.9,11264.0,45,53.326
2026-06-26T14:48:28.701767+00:00,scheduler,0,1,9009.9,11264.0,43,54.618
2026-06-26T14:48:28.701767+00:00,scheduler,1,0,889.9,11264.0,44,53.658
2026-06-26T14:48:33.707965+00:00,scheduler,0,26,1795.9,11264.0,44,77.022
2026-06-26T14:48:33.707965+00:00,scheduler,1,10,887.9,11264.0,46,73.576
2026-06-26T14:48:38.723561+00:00,scheduler,0,1,2515.9,11264.0,43,54.567
2026-06-26T14:48:38.723561+00:00,scheduler,1,0,1629.9,11264.0,44,53.938
2026-06-26T14:48:43.732241+00:00,scheduler,0,1,3145.9,11264.0,43,54.724
2026-06-26T14:48:43.732241+00:00,scheduler,1,0,1629.9,11264.0,44,53.033
2026-06-26T14:48:48.738014+00:00,scheduler,0,1,3829.9,11264.0,43,55.1
2026-06-26T14:48:48.738014+00:00,scheduler,1,0,1629.9,11264.0,43,52.884
2026-06-26T14:48:53.746429+00:00,scheduler,0,2,4999.9,11264.0,43,54.907
2026-06-26T14:48:53.746429+00:00,scheduler,1,0,1629.9,11264.0,43,52.586
2026-06-26T14:48:58.753053+00:00,scheduler,0,3,6007.9,11264.0,43,54.873
2026-06-26T14:48:58.753053+00:00,scheduler,1,0,1629.9,11264.0,43,52.91
2026-06-26T14:49:03.759026+00:00,scheduler,0,1,7807.9,11264.0,43,54.708
2026-06-26T14:49:03.759026+00:00,scheduler,1,0,1629.9,11264.0,42,53.159
2026-06-26T14:49:08.764353+00:00,scheduler,0,100,11165.9,11264.0,50,257.342
2026-06-26T14:49:08.764353+00:00,scheduler,1,1,1629.9,11264.0,42,53.244
2026-06-26T14:49:13.774406+00:00,scheduler,0,100,11165.9,11264.0,52,239.75
2026-06-26T14:49:13.774406+00:00,scheduler,1,0,1813.9,11264.0,42,53.166
2026-06-26T14:49:18.782593+00:00,scheduler,0,100,11167.9,11264.0,53,250.209
2026-06-26T14:49:18.782593+00:00,scheduler,1,0,2057.9,11264.0,42,53.323
2026-06-26T14:49:23.787928+00:00,scheduler,0,100,11167.9,11264.0,54,250.555
2026-06-26T14:49:23.787928+00:00,scheduler,1,1,2385.9,11264.0,42,52.809
2026-06-26T14:49:28.796591+00:00,scheduler,0,100,11167.9,11264.0,55,243.357
2026-06-26T14:49:28.796591+00:00,scheduler,1,1,2773.9,11264.0,42,52.797
2026-06-26T14:49:33.801964+00:00,scheduler,0,100,11167.9,11264.0,55,251.62
2026-06-26T14:49:33.801964+00:00,scheduler,1,1,3317.9,11264.0,41,52.785
2026-06-26T14:49:38.807673+00:00,scheduler,0,100,11167.9,11264.0,56,249.306
2026-06-26T14:49:38.807673+00:00,scheduler,1,0,3569.9,11264.0,41,52.4
2026-06-26T14:49:43.815141+00:00,scheduler,0,100,11167.9,11264.0,57,240.238
2026-06-26T14:49:43.815141+00:00,scheduler,1,0,3705.9,11264.0,41,52.84
2026-06-26T14:49:48.822668+00:00,scheduler,0,100,11167.9,11264.0,58,251.654
2026-06-26T14:49:48.822668+00:00,scheduler,1,0,3753.9,11264.0,41,52.717
2026-06-26T14:49:53.827999+00:00,scheduler,0,100,11167.9,11264.0,58,246.587
2026-06-26T14:49:53.827999+00:00,scheduler,1,1,3889.9,11264.0,41,52.803
2026-06-26T14:49:58.836701+00:00,scheduler,0,100,11167.9,11264.0,58,246.092
2026-06-26T14:49:58.836701+00:00,scheduler,1,0,4093.9,11264.0,41,52.538
2026-06-26T14:50:03.842077+00:00,scheduler,0,100,11167.9,11264.0,59,246.881
2026-06-26T14:50:03.842077+00:00,scheduler,1,0,4161.9,11264.0,41,52.484
2026-06-26T14:50:08.847390+00:00,scheduler,0,100,11167.9,11264.0,59,248.653
2026-06-26T14:50:08.847390+00:00,scheduler,1,0,4229.9,11264.0,41,52.761
2026-06-26T14:50:13.854007+00:00,scheduler,0,100,11167.9,11264.0,59,237.259
2026-06-26T14:50:13.854007+00:00,scheduler,1,0,4277.9,11264.0,41,52.826
2026-06-26T14:50:18.859884+00:00,scheduler,0,100,11167.9,11264.0,59,246.998
2026-06-26T14:50:18.859884+00:00,scheduler,1,0,4365.9,11264.0,41,52.669
2026-06-26T14:50:23.865196+00:00,scheduler,0,100,11167.9,11264.0,60,244.023
2026-06-26T14:50:23.865196+00:00,scheduler,1,0,4433.9,11264.0,41,52.52
2026-06-26T14:50:28.871347+00:00,scheduler,0,100,11167.9,11264.0,59,244.014
2026-06-26T14:50:28.871347+00:00,scheduler,1,0,4481.9,11264.0,41,52.43
2026-06-26T14:50:33.879925+00:00,scheduler,0,100,11167.9,11264.0,60,248.28
2026-06-26T14:50:33.879925+00:00,scheduler,1,0,4549.9,11264.0,41,52.214
2026-06-26T14:50:38.885348+00:00,scheduler,0,100,11167.9,11264.0,59,248.154
2026-06-26T14:50:38.885348+00:00,scheduler,1,0,4617.9,11264.0,41,52.671
2026-06-26T14:50:43.893197+00:00,scheduler,0,100,11167.9,11264.0,60,248.822
2026-06-26T14:50:43.893197+00:00,scheduler,1,0,4713.9,11264.0,41,52.279
2026-06-26T14:50:48.898634+00:00,scheduler,0,100,11167.9,11264.0,60,248.269
2026-06-26T14:50:48.898634+00:00,scheduler,1,0,4753.9,11264.0,41,52.339
2026-06-26T14:50:53.906120+00:00,scheduler,0,100,11167.9,11264.0,60,246.234
2026-06-26T14:50:53.906120+00:00,scheduler,1,0,4821.9,11264.0,41,52.387
2026-06-26T14:50:58.911423+00:00,scheduler,0,100,11167.9,11264.0,60,244.745
2026-06-26T14:50:58.911423+00:00,scheduler,1,0,4937.9,11264.0,41,52.25
2026-06-26T14:51:03.918641+00:00,scheduler,0,100,11167.9,11264.0,60,255.867
2026-06-26T14:51:03.918641+00:00,scheduler,1,0,5053.9,11264.0,41,52.184
2026-06-26T14:51:08.925256+00:00,scheduler,0,100,11167.9,11264.0,59,244.44
2026-06-26T14:51:08.925256+00:00,scheduler,1,0,5101.9,11264.0,40,52.149
2026-06-26T14:51:13.935937+00:00,scheduler,0,100,11167.9,11264.0,57,81.254
2026-06-26T14:51:13.935937+00:00,scheduler,1,0,5209.9,11264.0,40,53.083
2026-06-26T14:51:18.943786+00:00,scheduler,0,0,11167.9,11264.0,53,57.78
2026-06-26T14:51:18.943786+00:00,scheduler,1,0,5305.9,11264.0,41,52.47
2026-06-26T14:51:23.950260+00:00,scheduler,0,2,11167.9,11264.0,51,57.256
2026-06-26T14:51:23.950260+00:00,scheduler,1,0,5325.9,11264.0,40,52.341
2026-06-26T14:51:28.956547+00:00,scheduler,0,1,11167.9,11264.0,50,57.047
2026-06-26T14:51:28.956547+00:00,scheduler,1,0,5393.9,11264.0,41,52.598
2026-06-26T14:51:33.975583+00:00,scheduler,0,1,11167.9,11264.0,49,56.938
2026-06-26T14:51:33.975583+00:00,scheduler,1,0,5441.9,11264.0,40,52.174
2026-06-26T14:51:38.982983+00:00,scheduler,0,0,10969.9,11264.0,48,56.272
2026-06-26T14:51:38.982983+00:00,scheduler,1,0,453.9,11264.0,41,71.679
2026-06-26T14:52:00.098367+00:00,scheduler,0,0,691.9,11264.0,42,3.274
2026-06-26T14:52:00.098367+00:00,scheduler,1,0,453.9,11264.0,36,2.704
2026-06-26T14:52:05.850225+00:00,scheduler,0,0,691.9,11264.0,41,3.045
2026-06-26T14:52:05.850225+00:00,scheduler,1,0,453.9,11264.0,36,3.134
2026-06-26T14:52:10.862524+00:00,scheduler,0,0,691.9,11264.0,41,2.791
2026-06-26T14:52:10.862524+00:00,scheduler,1,0,453.9,11264.0,35,2.568
2026-06-26T14:52:15.874749+00:00,scheduler,0,0,691.9,11264.0,40,2.739
2026-06-26T14:52:15.874749+00:00,scheduler,1,0,453.9,11264.0,35,3.158
2026-06-26T14:52:20.887626+00:00,scheduler,0,0,691.9,11264.0,39,2.74
2026-06-26T14:52:20.887626+00:00,scheduler,1,0,453.9,11264.0,35,2.976
2026-06-26T14:52:25.900233+00:00,scheduler,0,0,691.9,11264.0,39,2.618
2026-06-26T14:52:25.900233+00:00,scheduler,1,0,453.9,11264.0,34,2.742
2026-06-26T14:52:30.913661+00:00,scheduler,0,0,691.9,11264.0,39,2.681
2026-06-26T14:52:30.913661+00:00,scheduler,1,0,453.9,11264.0,34,2.905
2026-06-26T14:52:35.925913+00:00,scheduler,0,0,691.9,11264.0,38,2.714
2026-06-26T14:52:35.925913+00:00,scheduler,1,0,453.9,11264.0,34,2.71
2026-06-26T14:52:40.938729+00:00,scheduler,0,0,691.9,11264.0,38,2.729
2026-06-26T14:52:40.938729+00:00,scheduler,1,0,453.9,11264.0,34,2.764
2026-06-26T14:52:45.951385+00:00,scheduler,0,0,691.9,11264.0,38,2.478
2026-06-26T14:52:45.951385+00:00,scheduler,1,0,453.9,11264.0,34,2.548
2026-06-26T14:52:50.963884+00:00,scheduler,0,0,691.9,11264.0,37,2.18
2026-06-26T14:52:50.963884+00:00,scheduler,1,0,453.9,11264.0,34,2.673
2026-06-26T14:52:55.976252+00:00,scheduler,0,0,691.9,11264.0,37,3.017
2026-06-26T14:52:55.976252+00:00,scheduler,1,0,453.9,11264.0,33,3.082
2026-06-26T14:53:00.988759+00:00,scheduler,0,0,691.9,11264.0,37,2.162
2026-06-26T14:53:00.988759+00:00,scheduler,1,0,453.9,11264.0,33,3.058
2026-06-26T14:53:06.001241+00:00,scheduler,0,0,691.9,11264.0,37,2.387
2026-06-26T14:53:06.001241+00:00,scheduler,1,0,453.9,11264.0,33,2.265
2026-06-26T14:53:11.013733+00:00,scheduler,0,0,691.9,11264.0,37,2.218
2026-06-26T14:53:11.013733+00:00,scheduler,1,0,453.9,11264.0,33,3.159
2026-06-26T14:53:16.026185+00:00,scheduler,0,0,691.9,11264.0,36,2.638
2026-06-26T14:53:16.026185+00:00,scheduler,1,0,453.9,11264.0,33,2.436
2026-06-26T14:53:21.038445+00:00,scheduler,0,0,691.9,11264.0,36,2.228
2026-06-26T14:53:21.038445+00:00,scheduler,1,0,453.9,11264.0,33,2.772
2026-06-26T14:53:26.050710+00:00,scheduler,0,0,691.9,11264.0,36,2.19
2026-06-26T14:53:26.050710+00:00,scheduler,1,0,453.9,11264.0,33,2.293
2026-06-26T14:53:31.062857+00:00,scheduler,0,0,691.9,11264.0,36,2.408
2026-06-26T14:53:31.062857+00:00,scheduler,1,0,453.9,11264.0,33,2.646
2026-06-26T14:53:36.074942+00:00,scheduler,0,0,691.9,11264.0,36,2.688
2026-06-26T14:53:36.074942+00:00,scheduler,1,0,453.9,11264.0,33,2.425
2026-06-26T14:53:41.086974+00:00,scheduler,0,0,691.9,11264.0,36,2.139
2026-06-26T14:53:41.086974+00:00,scheduler,1,0,453.9,11264.0,32,2.702
2026-06-26T14:53:46.099064+00:00,scheduler,0,0,691.9,11264.0,35,2.113
2026-06-26T14:53:46.099064+00:00,scheduler,1,0,453.9,11264.0,32,2.498
2026-06-26T14:53:51.111179+00:00,scheduler,0,0,691.9,11264.0,35,2.049
2026-06-26T14:53:51.111179+00:00,scheduler,1,0,453.9,11264.0,32,2.556
2026-06-26T14:53:56.123313+00:00,scheduler,0,0,691.9,11264.0,35,2.258
2026-06-26T14:53:56.123313+00:00,scheduler,1,0,453.9,11264.0,32,2.49
2026-06-26T14:54:01.135671+00:00,scheduler,0,0,691.9,11264.0,35,2.678
2026-06-26T14:54:01.135671+00:00,scheduler,1,0,453.9,11264.0,32,2.462
2026-06-26T14:54:06.147827+00:00,scheduler,0,0,691.9,11264.0,35,2.459
2026-06-26T14:54:06.147827+00:00,scheduler,1,0,453.9,11264.0,32,2.593
2026-06-26T14:54:11.160086+00:00,scheduler,0,0,691.9,11264.0,35,2.462
2026-06-26T14:54:11.160086+00:00,scheduler,1,0,453.9,11264.0,32,2.348
2026-06-26T14:54:16.172371+00:00,scheduler,0,0,691.9,11264.0,35,2.169
2026-06-26T14:54:16.172371+00:00,scheduler,1,0,453.9,11264.0,32,2.601
2026-06-26T14:54:21.184753+00:00,scheduler,0,0,691.9,11264.0,35,2.7
2026-06-26T14:54:21.184753+00:00,scheduler,1,0,453.9,11264.0,32,2.741
2026-06-26T14:54:26.196947+00:00,scheduler,0,0,691.9,11264.0,35,2.306
2026-06-26T14:54:26.196947+00:00,scheduler,1,0,453.9,11264.0,32,2.978
2026-06-26T14:54:31.209235+00:00,scheduler,0,0,691.9,11264.0,35,2.421
2026-06-26T14:54:31.209235+00:00,scheduler,1,0,453.9,11264.0,32,2.419
2026-06-26T14:54:36.221307+00:00,scheduler,0,0,691.9,11264.0,35,2.572
2026-06-26T14:54:36.221307+00:00,scheduler,1,0,453.9,11264.0,32,3.131
2026-06-26T14:54:41.233604+00:00,scheduler,0,0,691.9,11264.0,34,2.626
2026-06-26T14:54:41.233604+00:00,scheduler,1,0,453.9,11264.0,32,2.666
2026-06-26T14:54:46.245982+00:00,scheduler,0,0,691.9,11264.0,34,2.345
2026-06-26T14:54:46.245982+00:00,scheduler,1,0,453.9,11264.0,32,3.322
2026-06-26T14:54:51.258311+00:00,scheduler,0,0,691.9,11264.0,34,2.422
2026-06-26T14:54:51.258311+00:00,scheduler,1,0,453.9,11264.0,31,2.928
2026-06-26T14:54:56.270608+00:00,scheduler,0,0,691.9,11264.0,34,2.425
2026-06-26T14:54:56.270608+00:00,scheduler,1,0,453.9,11264.0,31,3.142
2026-06-26T14:55:01.282763+00:00,scheduler,0,0,691.9,11264.0,34,2.35
2026-06-26T14:55:01.282763+00:00,scheduler,1,0,453.9,11264.0,31,2.916
2026-06-26T14:55:06.295222+00:00,scheduler,0,0,691.9,11264.0,34,2.365
2026-06-26T14:55:06.295222+00:00,scheduler,1,0,453.9,11264.0,31,3.448
2026-06-26T14:55:11.307781+00:00,scheduler,0,0,691.9,11264.0,34,2.357
2026-06-26T14:55:11.307781+00:00,scheduler,1,0,453.9,11264.0,31,3.438
2026-06-26T14:55:16.320235+00:00,scheduler,0,0,691.9,11264.0,34,2.512
2026-06-26T14:55:16.320235+00:00,scheduler,1,0,453.9,11264.0,31,3.332
2026-06-26T14:55:21.332660+00:00,scheduler,0,0,691.9,11264.0,34,2.234
2026-06-26T14:55:21.332660+00:00,scheduler,1,0,453.9,11264.0,31,3.874
2026-06-26T14:55:26.344994+00:00,scheduler,0,0,691.9,11264.0,34,2.603
2026-06-26T14:55:26.344994+00:00,scheduler,1,0,453.9,11264.0,31,2.848
2026-06-26T14:55:31.357396+00:00,scheduler,0,0,691.9,11264.0,34,2.62
2026-06-26T14:55:31.357396+00:00,scheduler,1,0,453.9,11264.0,31,2.951
2026-06-26T14:55:36.369664+00:00,scheduler,0,0,691.9,11264.0,34,1.963
2026-06-26T14:55:36.369664+00:00,scheduler,1,0,453.9,11264.0,31,2.871
2026-06-26T14:55:41.382181+00:00,scheduler,0,0,691.9,11264.0,34,2.143
2026-06-26T14:55:41.382181+00:00,scheduler,1,0,453.9,11264.0,31,2.552
2026-06-26T14:55:46.394619+00:00,scheduler,0,0,691.9,11264.0,34,1.938
2026-06-26T14:55:46.394619+00:00,scheduler,1,0,453.9,11264.0,31,2.904
2026-06-26T14:55:51.407213+00:00,scheduler,0,0,691.9,11264.0,34,1.917
2026-06-26T14:55:51.407213+00:00,scheduler,1,0,453.9,11264.0,31,3.029
2026-06-26T14:55:56.418915+00:00,scheduler,0,0,691.9,11264.0,34,1.964
2026-06-26T14:55:56.418915+00:00,scheduler,1,0,453.9,11264.0,31,2.783
2026-06-26T14:56:01.430948+00:00,scheduler,0,0,691.9,11264.0,34,1.874
2026-06-26T14:56:01.430948+00:00,scheduler,1,0,453.9,11264.0,31,2.965
2026-06-26T14:56:06.442950+00:00,scheduler,0,0,691.9,11264.0,34,1.956
2026-06-26T14:56:06.442950+00:00,scheduler,1,0,453.9,11264.0,31,2.496
2026-06-26T14:56:11.455140+00:00,scheduler,0,0,691.9,11264.0,34,2.31
2026-06-26T14:56:11.455140+00:00,scheduler,1,0,453.9,11264.0,31,2.976
2026-06-26T14:56:16.467296+00:00,scheduler,0,0,691.9,11264.0,34,2.194
2026-06-26T14:56:16.467296+00:00,scheduler,1,0,453.9,11264.0,31,2.735
2026-06-26T14:56:21.479356+00:00,scheduler,0,0,691.9,11264.0,34,1.792
2026-06-26T14:56:21.479356+00:00,scheduler,1,0,453.9,11264.0,31,2.671
2026-06-26T14:56:26.491568+00:00,scheduler,0,0,691.9,11264.0,33,2.033
2026-06-26T14:56:26.491568+00:00,scheduler,1,0,453.9,11264.0,31,2.492
2026-06-26T14:56:31.503734+00:00,scheduler,0,0,691.9,11264.0,33,1.882
2026-06-26T14:56:31.503734+00:00,scheduler,1,0,453.9,11264.0,31,2.763
2026-06-26T14:56:36.515925+00:00,scheduler,0,0,691.9,11264.0,33,2.251
2026-06-26T14:56:36.515925+00:00,scheduler,1,0,453.9,11264.0,31,3.125
2026-06-26T14:56:41.527889+00:00,scheduler,0,0,691.9,11264.0,33,1.853
2026-06-26T14:56:41.527889+00:00,scheduler,1,0,453.9,11264.0,31,3.347
2026-06-26T14:56:46.540065+00:00,scheduler,0,0,691.9,11264.0,33,2.34
2026-06-26T14:56:46.540065+00:00,scheduler,1,0,453.9,11264.0,31,2.833
2026-06-26T14:56:51.552243+00:00,scheduler,0,0,691.9,11264.0,33,1.856
2026-06-26T14:56:51.552243+00:00,scheduler,1,0,453.9,11264.0,31,3.199
2026-06-26T14:56:56.564340+00:00,scheduler,0,0,691.9,11264.0,33,2.391
2026-06-26T14:56:56.564340+00:00,scheduler,1,0,453.9,11264.0,31,2.974
2026-06-26T14:57:01.576770+00:00,scheduler,0,0,691.9,11264.0,33,1.626
2026-06-26T14:57:01.576770+00:00,scheduler,1,0,453.9,11264.0,31,2.922
2026-06-26T14:57:06.589096+00:00,scheduler,0,0,691.9,11264.0,33,2.046
2026-06-26T14:57:06.589096+00:00,scheduler,1,0,453.9,11264.0,31,3.145
2026-06-26T14:57:11.601454+00:00,scheduler,0,0,691.9,11264.0,33,3.093
2026-06-26T14:57:11.601454+00:00,scheduler,1,0,453.9,11264.0,31,3.316
2026-06-26T14:57:16.614112+00:00,scheduler,0,0,691.9,11264.0,33,2.779
2026-06-26T14:57:16.614112+00:00,scheduler,1,0,453.9,11264.0,31,3.17
2026-06-26T14:57:21.626398+00:00,scheduler,0,0,691.9,11264.0,33,2.636
2026-06-26T14:57:21.626398+00:00,scheduler,1,0,453.9,11264.0,31,3.063
2026-06-26T14:57:26.638662+00:00,scheduler,0,0,691.9,11264.0,33,2.75
2026-06-26T14:57:26.638662+00:00,scheduler,1,0,453.9,11264.0,31,3.195
2026-06-26T14:57:31.650941+00:00,scheduler,0,0,691.9,11264.0,33,2.904
2026-06-26T14:57:31.650941+00:00,scheduler,1,0,453.9,11264.0,31,2.921
2026-06-26T14:57:36.663177+00:00,scheduler,0,0,691.9,11264.0,33,3.087
2026-06-26T14:57:36.663177+00:00,scheduler,1,0,453.9,11264.0,31,3.144
2026-06-26T14:57:41.675852+00:00,scheduler,0,0,691.9,11264.0,33,3.266
2026-06-26T14:57:41.675852+00:00,scheduler,1,0,453.9,11264.0,31,2.768
2026-06-26T14:57:46.688304+00:00,scheduler,0,0,691.9,11264.0,33,2.856
2026-06-26T14:57:46.688304+00:00,scheduler,1,0,453.9,11264.0,31,3.285
2026-06-26T14:57:51.700832+00:00,scheduler,0,0,691.9,11264.0,33,2.823
2026-06-26T14:57:51.700832+00:00,scheduler,1,0,453.9,11264.0,31,2.588
2026-06-26T14:57:56.713264+00:00,scheduler,0,0,691.9,11264.0,33,2.843
2026-06-26T14:57:56.713264+00:00,scheduler,1,0,453.9,11264.0,30,2.853
2026-06-26T14:58:01.726246+00:00,scheduler,0,0,691.9,11264.0,33,2.865
2026-06-26T14:58:01.726246+00:00,scheduler,1,0,453.9,11264.0,30,2.663
2026-06-26T14:58:06.738838+00:00,scheduler,0,0,691.9,11264.0,33,2.75
2026-06-26T14:58:06.738838+00:00,scheduler,1,0,453.9,11264.0,30,3.071
2026-06-26T14:58:11.751251+00:00,scheduler,0,0,691.9,11264.0,33,3.066
2026-06-26T14:58:11.751251+00:00,scheduler,1,0,453.9,11264.0,30,2.67
2026-06-26T14:58:16.764016+00:00,scheduler,0,0,691.9,11264.0,33,3.169
2026-06-26T14:58:16.764016+00:00,scheduler,1,0,453.9,11264.0,30,3.195
2026-06-26T14:58:21.776621+00:00,scheduler,0,0,691.9,11264.0,33,3.288
2026-06-26T14:58:21.776621+00:00,scheduler,1,0,453.9,11264.0,30,3.226
2026-06-26T14:58:26.789294+00:00,scheduler,0,0,691.9,11264.0,33,2.937
2026-06-26T14:58:26.789294+00:00,scheduler,1,0,453.9,11264.0,30,2.83
2026-06-26T14:58:31.801624+00:00,scheduler,0,0,691.9,11264.0,33,3.083
2026-06-26T14:58:31.801624+00:00,scheduler,1,0,453.9,11264.0,30,2.87
2026-06-26T14:58:36.813709+00:00,scheduler,0,0,691.9,11264.0,33,2.763
2026-06-26T14:58:36.813709+00:00,scheduler,1,0,453.9,11264.0,30,3.286
2026-06-26T14:58:41.825929+00:00,scheduler,0,0,691.9,11264.0,33,2.939
2026-06-26T14:58:41.825929+00:00,scheduler,1,0,453.9,11264.0,30,2.676
2026-06-26T14:58:46.838107+00:00,scheduler,0,0,691.9,11264.0,33,2.89
2026-06-26T14:58:46.838107+00:00,scheduler,1,0,453.9,11264.0,30,3.103
2026-06-26T14:58:51.850295+00:00,scheduler,0,0,691.9,11264.0,33,2.974
2026-06-26T14:58:51.850295+00:00,scheduler,1,0,453.9,11264.0,30,3.008
2026-06-26T14:58:56.862317+00:00,scheduler,0,0,691.9,11264.0,33,2.746
2026-06-26T14:58:56.862317+00:00,scheduler,1,0,453.9,11264.0,30,2.715
2026-06-26T14:59:01.874695+00:00,scheduler,0,0,691.9,11264.0,33,2.936
2026-06-26T14:59:01.874695+00:00,scheduler,1,0,453.9,11264.0,30,3.199
2026-06-26T14:59:06.886716+00:00,scheduler,0,0,691.9,11264.0,33,3.19
2026-06-26T14:59:06.886716+00:00,scheduler,1,0,453.9,11264.0,30,3.327
2026-06-26T14:59:11.898845+00:00,scheduler,0,0,691.9,11264.0,33,2.574
2026-06-26T14:59:11.898845+00:00,scheduler,1,0,453.9,11264.0,30,2.994
2026-06-26T14:59:16.910997+00:00,scheduler,0,0,691.9,11264.0,33,3.007
2026-06-26T14:59:16.910997+00:00,scheduler,1,0,453.9,11264.0,30,3.045
2026-06-26T14:59:21.923161+00:00,scheduler,0,0,691.9,11264.0,33,2.75
2026-06-26T14:59:21.923161+00:00,scheduler,1,0,453.9,11264.0,30,3.327
2026-06-26T14:59:26.935408+00:00,scheduler,0,0,691.9,11264.0,33,3.013
2026-06-26T14:59:26.935408+00:00,scheduler,1,0,453.9,11264.0,30,2.736
2026-06-26T14:59:31.947709+00:00,scheduler,0,0,691.9,11264.0,33,2.86
2026-06-26T14:59:31.947709+00:00,scheduler,1,0,453.9,11264.0,30,2.979
2026-06-26T14:59:36.959855+00:00,scheduler,0,0,691.9,11264.0,33,2.915
2026-06-26T14:59:36.959855+00:00,scheduler,1,0,453.9,11264.0,30,2.714
2026-06-26T14:59:41.971910+00:00,scheduler,0,0,691.9,11264.0,33,2.578
2026-06-26T14:59:41.971910+00:00,scheduler,1,0,453.9,11264.0,30,2.809
2026-06-26T14:59:46.984091+00:00,scheduler,0,0,691.9,11264.0,33,2.897
2026-06-26T14:59:46.984091+00:00,scheduler,1,0,453.9,11264.0,30,3.144
2026-06-26T14:59:51.996582+00:00,scheduler,0,0,691.9,11264.0,33,2.782
2026-06-26T14:59:51.996582+00:00,scheduler,1,0,453.9,11264.0,30,2.967
2026-06-26T14:59:57.008984+00:00,scheduler,0,0,691.9,11264.0,33,2.725
2026-06-26T14:59:57.008984+00:00,scheduler,1,0,453.9,11264.0,30,3.043
2026-06-26T15:00:02.021348+00:00,scheduler,0,0,691.9,11264.0,33,3.491
2026-06-26T15:00:02.021348+00:00,scheduler,1,0,453.9,11264.0,30,2.711
2026-06-26T15:00:07.033885+00:00,scheduler,0,0,691.9,11264.0,33,3.115
2026-06-26T15:00:07.033885+00:00,scheduler,1,0,453.9,11264.0,30,2.939
2026-06-26T15:00:12.046133+00:00,scheduler,0,0,691.9,11264.0,33,3.07
2026-06-26T15:00:12.046133+00:00,scheduler,1,0,453.9,11264.0,30,2.389
2026-06-26T15:00:17.058656+00:00,scheduler,0,0,691.9,11264.0,33,2.819
2026-06-26T15:00:17.058656+00:00,scheduler,1,0,453.9,11264.0,30,1.889
2026-06-26T15:00:22.071152+00:00,scheduler,0,0,691.9,11264.0,33,3.425
2026-06-26T15:00:22.071152+00:00,scheduler,1,0,453.9,11264.0,30,2.7
2026-06-26T15:00:27.083131+00:00,scheduler,0,0,691.9,11264.0,33,3.118
2026-06-26T15:00:27.083131+00:00,scheduler,1,0,453.9,11264.0,30,3.063
2026-06-26T15:00:32.095359+00:00,scheduler,0,0,691.9,11264.0,33,2.968
2026-06-26T15:00:32.095359+00:00,scheduler,1,0,453.9,11264.0,30,3.039
2026-06-26T15:00:37.107861+00:00,scheduler,0,0,691.9,11264.0,33,2.563
2026-06-26T15:00:37.107861+00:00,scheduler,1,0,453.9,11264.0,30,2.715
2026-06-26T15:00:42.120353+00:00,scheduler,0,0,691.9,11264.0,33,3.142
2026-06-26T15:00:42.120353+00:00,scheduler,1,0,453.9,11264.0,30,2.986
2026-06-26T15:00:47.132787+00:00,scheduler,0,0,691.9,11264.0,33,2.645
2026-06-26T15:00:47.132787+00:00,scheduler,1,0,453.9,11264.0,30,2.593
2026-06-26T15:00:52.145105+00:00,scheduler,0,0,691.9,11264.0,33,2.688
2026-06-26T15:00:52.145105+00:00,scheduler,1,0,453.9,11264.0,30,2.672
2026-06-26T15:00:57.157708+00:00,scheduler,0,0,691.9,11264.0,33,2.84
2026-06-26T15:00:57.157708+00:00,scheduler,1,0,453.9,11264.0,30,2.9
2026-06-26T15:01:02.170114+00:00,scheduler,0,0,691.9,11264.0,33,2.703
2026-06-26T15:01:02.170114+00:00,scheduler,1,0,453.9,11264.0,30,2.794
2026-06-26T15:01:07.182342+00:00,scheduler,0,0,691.9,11264.0,33,2.4
2026-06-26T15:01:07.182342+00:00,scheduler,1,0,453.9,11264.0,30,2.746
2026-06-26T15:01:12.194447+00:00,scheduler,0,0,691.9,11264.0,33,2.467
2026-06-26T15:01:12.194447+00:00,scheduler,1,0,453.9,11264.0,30,2.652
2026-06-26T15:01:17.206846+00:00,scheduler,0,0,691.9,11264.0,33,2.434
2026-06-26T15:01:17.206846+00:00,scheduler,1,0,453.9,11264.0,30,3.068
2026-06-26T15:01:22.218957+00:00,scheduler,0,0,691.9,11264.0,33,2.725
2026-06-26T15:01:22.218957+00:00,scheduler,1,0,453.9,11264.0,30,2.67
2026-06-26T15:01:27.232361+00:00,scheduler,0,0,691.9,11264.0,33,2.28
2026-06-26T15:01:27.232361+00:00,scheduler,1,0,453.9,11264.0,30,2.865
2026-06-26T15:01:32.244263+00:00,scheduler,0,0,691.9,11264.0,33,2.667
2026-06-26T15:01:32.244263+00:00,scheduler,1,0,453.9,11264.0,30,2.624
2026-06-26T15:01:37.256417+00:00,scheduler,0,0,691.9,11264.0,33,2.237
2026-06-26T15:01:37.256417+00:00,scheduler,1,0,453.9,11264.0,30,2.809
2026-06-26T15:01:42.268489+00:00,scheduler,0,0,691.9,11264.0,33,2.553
2026-06-26T15:01:42.268489+00:00,scheduler,1,0,453.9,11264.0,30,2.922
2026-06-26T15:01:47.280853+00:00,scheduler,0,0,691.9,11264.0,33,2.801
2026-06-26T15:01:47.280853+00:00,scheduler,1,0,453.9,11264.0,30,3.309
2026-06-26T15:01:52.292970+00:00,scheduler,0,0,691.9,11264.0,33,3.538
2026-06-26T15:01:52.292970+00:00,scheduler,1,0,453.9,11264.0,30,3.469
2026-06-26T15:01:57.305014+00:00,scheduler,0,0,691.9,11264.0,33,2.737
2026-06-26T15:01:57.305014+00:00,scheduler,1,0,453.9,11264.0,30,3.073
2026-06-26T15:02:02.317238+00:00,scheduler,0,0,691.9,11264.0,33,2.941
2026-06-26T15:02:02.317238+00:00,scheduler,1,0,453.9,11264.0,30,3.027
2026-06-26T15:02:07.329725+00:00,scheduler,0,0,691.9,11264.0,33,2.846
2026-06-26T15:02:07.329725+00:00,scheduler,1,0,453.9,11264.0,30,3.309
2026-06-26T15:02:12.341791+00:00,scheduler,0,0,691.9,11264.0,33,2.844
2026-06-26T15:02:12.341791+00:00,scheduler,1,0,453.9,11264.0,30,2.774
2026-06-26T15:02:17.354067+00:00,scheduler,0,0,691.9,11264.0,33,2.865
2026-06-26T15:02:17.354067+00:00,scheduler,1,0,453.9,11264.0,30,3.088
2026-06-26T15:02:22.366180+00:00,scheduler,0,0,691.9,11264.0,33,3.216
2026-06-26T15:02:22.366180+00:00,scheduler,1,0,453.9,11264.0,30,3.234
2026-06-26T15:02:27.378528+00:00,scheduler,0,0,691.9,11264.0,33,3.055
2026-06-26T15:02:27.378528+00:00,scheduler,1,0,453.9,11264.0,30,3.297
2026-06-26T15:02:32.390746+00:00,scheduler,0,0,691.9,11264.0,33,2.952
2026-06-26T15:02:32.390746+00:00,scheduler,1,0,453.9,11264.0,30,3.095
2026-06-26T15:02:37.402961+00:00,scheduler,0,0,691.9,11264.0,33,2.98
2026-06-26T15:02:37.402961+00:00,scheduler,1,0,453.9,11264.0,30,3.307
2026-06-26T15:02:42.415104+00:00,scheduler,0,0,691.9,11264.0,33,2.538
2026-06-26T15:02:42.415104+00:00,scheduler,1,0,453.9,11264.0,30,3.023
2026-06-26T15:02:47.427379+00:00,scheduler,0,0,691.9,11264.0,33,3.197
2026-06-26T15:02:47.427379+00:00,scheduler,1,0,453.9,11264.0,30,3.147
2026-06-26T15:02:52.439692+00:00,scheduler,0,0,691.9,11264.0,33,2.94
2026-06-26T15:02:52.439692+00:00,scheduler,1,0,453.9,11264.0,30,3.04
2026-06-26T15:02:57.452065+00:00,scheduler,0,0,691.9,11264.0,33,3.465
2026-06-26T15:02:57.452065+00:00,scheduler,1,0,453.9,11264.0,30,2.835
2026-06-26T15:03:02.464344+00:00,scheduler,0,0,691.9,11264.0,33,2.882
2026-06-26T15:03:02.464344+00:00,scheduler,1,0,453.9,11264.0,30,2.832
2026-06-26T15:03:07.476453+00:00,scheduler,0,0,691.9,11264.0,33,3.447
2026-06-26T15:03:07.476453+00:00,scheduler,1,0,453.9,11264.0,30,2.771
2026-06-26T15:03:12.488876+00:00,scheduler,0,0,691.9,11264.0,33,2.943
2026-06-26T15:03:12.488876+00:00,scheduler,1,0,453.9,11264.0,30,2.866
2026-06-26T15:03:17.501261+00:00,scheduler,0,0,691.9,11264.0,33,3.403
2026-06-26T15:03:17.501261+00:00,scheduler,1,0,453.9,11264.0,30,2.7
2026-06-26T15:03:22.513824+00:00,scheduler,0,0,691.9,11264.0,33,3.304
2026-06-26T15:03:22.513824+00:00,scheduler,1,0,453.9,11264.0,30,3.017
2026-06-26T15:03:27.526289+00:00,scheduler,0,0,691.9,11264.0,33,3.266
2026-06-26T15:03:27.526289+00:00,scheduler,1,0,453.9,11264.0,30,3.019
2026-06-26T15:03:32.538942+00:00,scheduler,0,0,691.9,11264.0,33,3.23
2026-06-26T15:03:32.538942+00:00,scheduler,1,0,453.9,11264.0,30,3.019
2026-06-26T15:03:37.551273+00:00,scheduler,0,0,691.9,11264.0,33,3.515
2026-06-26T15:03:37.551273+00:00,scheduler,1,0,453.9,11264.0,30,2.757
2026-06-26T15:03:42.563667+00:00,scheduler,0,0,691.9,11264.0,32,3.105
2026-06-26T15:03:42.563667+00:00,scheduler,1,0,453.9,11264.0,30,2.853
2026-06-26T15:03:47.576130+00:00,scheduler,0,0,691.9,11264.0,33,2.802
2026-06-26T15:03:47.576130+00:00,scheduler,1,0,453.9,11264.0,30,2.7
2026-06-26T15:03:52.588296+00:00,scheduler,0,0,691.9,11264.0,33,3.009
2026-06-26T15:03:52.588296+00:00,scheduler,1,0,453.9,11264.0,30,2.981
2026-06-26T15:03:57.600402+00:00,scheduler,0,0,691.9,11264.0,33,2.755
2026-06-26T15:03:57.600402+00:00,scheduler,1,0,453.9,11264.0,30,2.733
2026-06-26T15:04:02.612614+00:00,scheduler,0,0,691.9,11264.0,33,3.049
2026-06-26T15:04:02.612614+00:00,scheduler,1,0,453.9,11264.0,30,2.987
2026-06-26T15:04:07.624982+00:00,scheduler,0,0,691.9,11264.0,33,2.68
2026-06-26T15:04:07.624982+00:00,scheduler,1,0,453.9,11264.0,30,2.875
2026-06-26T15:04:12.636972+00:00,scheduler,0,0,691.9,11264.0,33,2.947
2026-06-26T15:04:12.636972+00:00,scheduler,1,0,453.9,11264.0,30,2.557
2026-06-26T15:04:17.649074+00:00,scheduler,0,0,691.9,11264.0,33,2.78
2026-06-26T15:04:17.649074+00:00,scheduler,1,0,453.9,11264.0,30,2.847
2026-06-26T15:04:22.661207+00:00,scheduler,0,0,691.9,11264.0,33,3.284
2026-06-26T15:04:22.661207+00:00,scheduler,1,0,453.9,11264.0,30,2.558
2026-06-26T15:04:27.673424+00:00,scheduler,0,0,691.9,11264.0,33,3.142
2026-06-26T15:04:27.673424+00:00,scheduler,1,0,453.9,11264.0,30,2.833
2026-06-26T15:04:32.685714+00:00,scheduler,0,0,691.9,11264.0,33,3.192
2026-06-26T15:04:32.685714+00:00,scheduler,1,0,453.9,11264.0,30,2.062
2026-06-26T15:04:37.698176+00:00,scheduler,0,0,691.9,11264.0,33,3.006
2026-06-26T15:04:37.698176+00:00,scheduler,1,0,453.9,11264.0,30,2.419
2026-06-26T15:04:42.710297+00:00,scheduler,0,0,691.9,11264.0,33,2.91
2026-06-26T15:04:42.710297+00:00,scheduler,1,0,453.9,11264.0,30,2.225
2026-06-26T15:04:47.722526+00:00,scheduler,0,0,691.9,11264.0,33,3.143
2026-06-26T15:04:47.722526+00:00,scheduler,1,0,453.9,11264.0,30,2.545
2026-06-26T15:04:52.734998+00:00,scheduler,0,0,691.9,11264.0,33,3.272
2026-06-26T15:04:52.734998+00:00,scheduler,1,0,453.9,11264.0,30,2.265
2026-06-26T15:04:57.747300+00:00,scheduler,0,0,691.9,11264.0,33,3.005
2026-06-26T15:04:57.747300+00:00,scheduler,1,0,453.9,11264.0,30,2.61
2026-06-26T15:05:02.759583+00:00,scheduler,0,0,691.9,11264.0,33,3.183
2026-06-26T15:05:02.759583+00:00,scheduler,1,0,453.9,11264.0,30,2.367
2026-06-26T15:05:07.771791+00:00,scheduler,0,0,691.9,11264.0,33,3.224
2026-06-26T15:05:07.771791+00:00,scheduler,1,0,453.9,11264.0,30,2.521
2026-06-26T15:05:12.784022+00:00,scheduler,0,0,691.9,11264.0,33,3.08
2026-06-26T15:05:12.784022+00:00,scheduler,1,0,453.9,11264.0,30,2.337
2026-06-26T15:05:17.796294+00:00,scheduler,0,0,691.9,11264.0,33,2.508
2026-06-26T15:05:17.796294+00:00,scheduler,1,0,453.9,11264.0,30,2.524
2026-06-26T15:05:22.808726+00:00,scheduler,0,0,691.9,11264.0,33,2.783
2026-06-26T15:05:22.808726+00:00,scheduler,1,0,453.9,11264.0,30,2.636
2026-06-26T15:05:27.820994+00:00,scheduler,0,0,691.9,11264.0,33,2.42
2026-06-26T15:05:27.820994+00:00,scheduler,1,0,453.9,11264.0,30,2.803
2026-06-26T15:05:32.833336+00:00,scheduler,0,0,691.9,11264.0,33,2.946
2026-06-26T15:05:32.833336+00:00,scheduler,1,0,453.9,11264.0,30,2.795
2026-06-26T15:05:37.845849+00:00,scheduler,0,0,691.9,11264.0,33,2.676
2026-06-26T15:05:37.845849+00:00,scheduler,1,0,453.9,11264.0,30,2.304
2026-06-26T15:05:42.857993+00:00,scheduler,0,0,691.9,11264.0,33,2.832
2026-06-26T15:05:42.857993+00:00,scheduler,1,0,453.9,11264.0,30,2.807
2026-06-26T15:05:47.870270+00:00,scheduler,0,0,691.9,11264.0,33,2.788
2026-06-26T15:05:47.870270+00:00,scheduler,1,0,453.9,11264.0,30,2.518
2026-06-26T15:05:52.882604+00:00,scheduler,0,0,691.9,11264.0,33,2.726
2026-06-26T15:05:52.882604+00:00,scheduler,1,0,453.9,11264.0,30,2.905
2026-06-26T15:05:57.894843+00:00,scheduler,0,0,691.9,11264.0,33,3.013
2026-06-26T15:05:57.894843+00:00,scheduler,1,0,453.9,11264.0,30,2.342
2026-06-26T15:06:02.907283+00:00,scheduler,0,0,691.9,11264.0,33,2.642
2026-06-26T15:06:02.907283+00:00,scheduler,1,0,453.9,11264.0,30,2.954
2026-06-26T15:06:07.919778+00:00,scheduler,0,0,691.9,11264.0,33,2.662
2026-06-26T15:06:07.919778+00:00,scheduler,1,0,453.9,11264.0,30,2.786
2026-06-26T15:06:12.932244+00:00,scheduler,0,0,691.9,11264.0,33,2.627
2026-06-26T15:06:12.932244+00:00,scheduler,1,0,453.9,11264.0,30,2.85
2026-06-26T15:06:17.944657+00:00,scheduler,0,0,691.9,11264.0,33,3.091
2026-06-26T15:06:17.944657+00:00,scheduler,1,0,453.9,11264.0,30,2.881
2026-06-26T15:06:22.957141+00:00,scheduler,0,0,691.9,11264.0,33,2.564
2026-06-26T15:06:22.957141+00:00,scheduler,1,0,453.9,11264.0,30,3.073
2026-06-26T15:06:27.969483+00:00,scheduler,0,0,691.9,11264.0,33,2.741
2026-06-26T15:06:27.969483+00:00,scheduler,1,0,453.9,11264.0,30,2.503
2026-06-26T15:06:32.981541+00:00,scheduler,0,0,691.9,11264.0,33,2.657
2026-06-26T15:06:32.981541+00:00,scheduler,1,0,453.9,11264.0,30,2.711
2026-06-26T15:06:37.993593+00:00,scheduler,0,0,691.9,11264.0,33,3.42
2026-06-26T15:06:37.993593+00:00,scheduler,1,0,453.9,11264.0,30,2.662
2026-06-26T15:06:43.005529+00:00,scheduler,0,0,691.9,11264.0,33,2.536
2026-06-26T15:06:43.005529+00:00,scheduler,1,0,453.9,11264.0,30,2.857
2026-06-26T15:06:48.017564+00:00,scheduler,0,0,691.9,11264.0,33,2.872
2026-06-26T15:06:48.017564+00:00,scheduler,1,0,453.9,11264.0,30,2.772
2026-06-26T15:06:53.029869+00:00,scheduler,0,0,691.9,11264.0,33,3.295
2026-06-26T15:06:53.029869+00:00,scheduler,1,0,453.9,11264.0,30,2.83
2026-06-26T15:06:58.041971+00:00,scheduler,0,0,691.9,11264.0,33,2.582
2026-06-26T15:06:58.041971+00:00,scheduler,1,0,453.9,11264.0,30,2.754
2026-06-26T15:07:03.054037+00:00,scheduler,0,0,691.9,11264.0,33,2.74
2026-06-26T15:07:03.054037+00:00,scheduler,1,0,453.9,11264.0,30,2.707
2026-06-26T15:07:08.066173+00:00,scheduler,0,0,691.9,11264.0,33,2.492
2026-06-26T15:07:08.066173+00:00,scheduler,1,0,453.9,11264.0,30,3.098
2026-06-26T15:07:13.078204+00:00,scheduler,0,0,691.9,11264.0,33,2.901
2026-06-26T15:07:13.078204+00:00,scheduler,1,0,453.9,11264.0,30,2.948
2026-06-26T15:07:18.090479+00:00,scheduler,0,0,691.9,11264.0,33,3.03
2026-06-26T15:07:18.090479+00:00,scheduler,1,0,453.9,11264.0,30,3.052
2026-06-26T15:07:23.102606+00:00,scheduler,0,0,691.9,11264.0,33,3.511
2026-06-26T15:07:23.102606+00:00,scheduler,1,0,453.9,11264.0,30,2.589
2026-06-26T15:07:28.114833+00:00,scheduler,0,0,691.9,11264.0,33,3.318
2026-06-26T15:07:28.114833+00:00,scheduler,1,0,453.9,11264.0,30,3.038
2026-06-26T15:07:33.127143+00:00,scheduler,0,0,691.9,11264.0,33,3.382
2026-06-26T15:07:33.127143+00:00,scheduler,1,0,453.9,11264.0,30,2.505
2026-06-26T15:07:38.139195+00:00,scheduler,0,0,691.9,11264.0,33,2.942
2026-06-26T15:07:38.139195+00:00,scheduler,1,0,453.9,11264.0,30,2.97
2026-06-26T15:07:43.151394+00:00,scheduler,0,0,691.9,11264.0,33,3.218
2026-06-26T15:07:43.151394+00:00,scheduler,1,0,453.9,11264.0,30,2.459
2026-06-26T15:07:48.163610+00:00,scheduler,0,0,691.9,11264.0,33,3.385
2026-06-26T15:07:48.163610+00:00,scheduler,1,0,453.9,11264.0,30,2.954
2026-06-26T15:07:53.175880+00:00,scheduler,0,0,691.9,11264.0,33,3.114
2026-06-26T15:07:53.175880+00:00,scheduler,1,0,453.9,11264.0,30,2.464
2026-06-26T15:07:58.188037+00:00,scheduler,0,0,691.9,11264.0,33,2.897
2026-06-26T15:07:58.188037+00:00,scheduler,1,0,453.9,11264.0,30,2.931
2026-06-26T15:08:03.200482+00:00,scheduler,0,0,691.9,11264.0,33,3.211
2026-06-26T15:08:03.200482+00:00,scheduler,1,0,453.9,11264.0,30,2.877
2026-06-26T15:08:08.212918+00:00,scheduler,0,0,691.9,11264.0,33,3.04
2026-06-26T15:08:08.212918+00:00,scheduler,1,0,453.9,11264.0,30,2.689
2026-06-26T15:08:13.225263+00:00,scheduler,0,0,691.9,11264.0,33,3.732
2026-06-26T15:08:13.225263+00:00,scheduler,1,0,453.9,11264.0,30,2.769
2026-06-26T15:08:18.237688+00:00,scheduler,0,0,691.9,11264.0,33,3.299
2026-06-26T15:08:18.237688+00:00,scheduler,1,0,453.9,11264.0,30,3.33
2026-06-26T15:08:23.249869+00:00,scheduler,0,0,691.9,11264.0,33,3.322
2026-06-26T15:08:23.249869+00:00,scheduler,1,0,453.9,11264.0,30,2.858
2026-06-26T15:08:28.262232+00:00,scheduler,0,0,691.9,11264.0,33,3.109
2026-06-26T15:08:28.262232+00:00,scheduler,1,0,453.9,11264.0,30,2.624
2026-06-26T15:08:33.274682+00:00,scheduler,0,0,691.9,11264.0,33,3.144
2026-06-26T15:08:33.274682+00:00,scheduler,1,0,453.9,11264.0,30,3.07
2026-06-26T15:08:38.287097+00:00,scheduler,0,0,691.9,11264.0,33,3.254
2026-06-26T15:08:38.287097+00:00,scheduler,1,0,453.9,11264.0,30,2.754
2026-06-26T15:08:43.299458+00:00,scheduler,0,0,691.9,11264.0,33,2.89
2026-06-26T15:08:43.299458+00:00,scheduler,1,0,453.9,11264.0,30,2.743
2026-06-26T15:08:48.311777+00:00,scheduler,0,0,691.9,11264.0,33,3.642
2026-06-26T15:08:48.311777+00:00,scheduler,1,0,453.9,11264.0,30,3.368
2026-06-26T15:08:53.324092+00:00,scheduler,0,0,691.9,11264.0,33,3.39
2026-06-26T15:08:53.324092+00:00,scheduler,1,0,453.9,11264.0,30,2.879
2026-06-26T15:08:58.336469+00:00,scheduler,0,0,691.9,11264.0,33,3.265
2026-06-26T15:08:58.336469+00:00,scheduler,1,0,453.9,11264.0,30,2.705
2026-06-26T15:09:03.349025+00:00,scheduler,0,0,691.9,11264.0,33,2.933
2026-06-26T15:09:03.349025+00:00,scheduler,1,0,453.9,11264.0,30,3.355
2026-06-26T15:09:08.361477+00:00,scheduler,0,0,691.9,11264.0,33,3.0
2026-06-26T15:09:08.361477+00:00,scheduler,1,0,453.9,11264.0,30,2.946
2026-06-26T15:09:13.373492+00:00,scheduler,0,0,691.9,11264.0,33,2.662
2026-06-26T15:09:13.373492+00:00,scheduler,1,0,453.9,11264.0,30,3.105
2026-06-26T15:09:18.385827+00:00,scheduler,0,0,691.9,11264.0,33,3.333
2026-06-26T15:09:18.385827+00:00,scheduler,1,0,453.9,11264.0,30,2.915
2026-06-26T15:09:23.398003+00:00,scheduler,0,0,691.9,11264.0,33,2.858
2026-06-26T15:09:23.398003+00:00,scheduler,1,0,453.9,11264.0,30,3.497
2026-06-26T15:09:28.410053+00:00,scheduler,0,0,691.9,11264.0,33,2.838
2026-06-26T15:09:28.410053+00:00,scheduler,1,0,453.9,11264.0,30,2.649
2026-06-26T15:09:33.422086+00:00,scheduler,0,0,691.9,11264.0,33,2.917
2026-06-26T15:09:33.422086+00:00,scheduler,1,0,453.9,11264.0,30,3.426
2026-06-26T15:09:38.434201+00:00,scheduler,0,0,691.9,11264.0,33,2.969
2026-06-26T15:09:38.434201+00:00,scheduler,1,0,453.9,11264.0,30,2.813
2026-06-26T15:09:43.446280+00:00,scheduler,0,0,691.9,11264.0,33,2.857
2026-06-26T15:09:43.446280+00:00,scheduler,1,0,453.9,11264.0,30,3.1
2026-06-26T15:09:48.458293+00:00,scheduler,0,0,691.9,11264.0,33,2.696
2026-06-26T15:09:48.458293+00:00,scheduler,1,0,453.9,11264.0,30,2.747
2026-06-26T15:09:53.470545+00:00,scheduler,0,0,691.9,11264.0,33,2.884
2026-06-26T15:09:53.470545+00:00,scheduler,1,0,453.9,11264.0,30,3.182
2026-06-26T15:09:58.482947+00:00,scheduler,0,0,691.9,11264.0,33,2.729
2026-06-26T15:09:58.482947+00:00,scheduler,1,0,453.9,11264.0,30,3.147
2026-06-26T15:10:03.495177+00:00,scheduler,0,0,691.9,11264.0,33,3.329
2026-06-26T15:10:03.495177+00:00,scheduler,1,0,453.9,11264.0,30,3.032
2026-06-26T15:10:08.507294+00:00,scheduler,0,0,691.9,11264.0,33,2.768
2026-06-26T15:10:08.507294+00:00,scheduler,1,0,453.9,11264.0,30,3.251
2026-06-26T15:10:13.519335+00:00,scheduler,0,0,691.9,11264.0,33,3.318
2026-06-26T15:10:13.519335+00:00,scheduler,1,0,453.9,11264.0,30,2.925
2026-06-26T15:10:18.531668+00:00,scheduler,0,0,691.9,11264.0,33,3.095
2026-06-26T15:10:18.531668+00:00,scheduler,1,0,453.9,11264.0,30,3.325
2026-06-26T15:10:23.543690+00:00,scheduler,0,0,691.9,11264.0,33,3.178
2026-06-26T15:10:23.543690+00:00,scheduler,1,0,453.9,11264.0,30,2.57
2026-06-26T15:10:28.556116+00:00,scheduler,0,0,691.9,11264.0,33,3.057
2026-06-26T15:10:28.556116+00:00,scheduler,1,0,453.9,11264.0,30,3.157
2026-06-26T15:10:33.568446+00:00,scheduler,0,0,691.9,11264.0,33,2.994
2026-06-26T15:10:33.568446+00:00,scheduler,1,0,453.9,11264.0,30,2.739
2026-06-26T15:10:38.580826+00:00,scheduler,0,0,691.9,11264.0,33,2.929
2026-06-26T15:10:38.580826+00:00,scheduler,1,0,453.9,11264.0,30,2.824
2026-06-26T15:10:43.593189+00:00,scheduler,0,0,691.9,11264.0,33,3.098
2026-06-26T15:10:43.593189+00:00,scheduler,1,0,453.9,11264.0,30,2.364
2026-06-26T15:10:48.605407+00:00,scheduler,0,0,691.9,11264.0,33,2.868
2026-06-26T15:10:48.605407+00:00,scheduler,1,0,453.9,11264.0,30,3.166
2026-06-26T15:10:53.617808+00:00,scheduler,0,0,691.9,11264.0,33,2.264
2026-06-26T15:10:53.617808+00:00,scheduler,1,0,453.9,11264.0,30,2.199
2026-06-26T15:10:58.630021+00:00,scheduler,0,0,691.9,11264.0,33,2.479
2026-06-26T15:10:58.630021+00:00,scheduler,1,0,453.9,11264.0,30,2.859
2026-06-26T15:11:03.642268+00:00,scheduler,0,0,691.9,11264.0,33,2.128
2026-06-26T15:11:03.642268+00:00,scheduler,1,0,453.9,11264.0,30,2.384
2026-06-26T15:11:08.654613+00:00,scheduler,0,0,691.9,11264.0,33,2.018
2026-06-26T15:11:08.654613+00:00,scheduler,1,0,453.9,11264.0,30,2.785
2026-06-26T15:11:13.667609+00:00,scheduler,0,0,691.9,11264.0,33,2.566
2026-06-26T15:11:13.667609+00:00,scheduler,1,0,453.9,11264.0,30,2.827
2026-06-26T15:11:18.680209+00:00,scheduler,0,0,691.9,11264.0,33,2.211
2026-06-26T15:11:18.680209+00:00,scheduler,1,0,453.9,11264.0,30,2.908
2026-06-26T15:11:23.692722+00:00,scheduler,0,0,691.9,11264.0,33,2.207
2026-06-26T15:11:23.692722+00:00,scheduler,1,0,453.9,11264.0,30,3.193
2026-06-26T15:11:28.705273+00:00,scheduler,0,0,691.9,11264.0,33,2.101
2026-06-26T15:11:28.705273+00:00,scheduler,1,0,453.9,11264.0,30,2.496
2026-06-26T15:11:33.717766+00:00,scheduler,0,0,691.9,11264.0,33,2.182
2026-06-26T15:11:33.717766+00:00,scheduler,1,0,453.9,11264.0,30,2.465
2026-06-26T15:11:38.730158+00:00,scheduler,0,0,691.9,11264.0,33,2.171
2026-06-26T15:11:38.730158+00:00,scheduler,1,0,453.9,11264.0,30,2.976
2026-06-26T15:11:43.742463+00:00,scheduler,0,0,691.9,11264.0,33,2.163
2026-06-26T15:11:43.742463+00:00,scheduler,1,0,453.9,11264.0,30,2.992
2026-06-26T15:11:48.755022+00:00,scheduler,0,0,691.9,11264.0,33,2.281
2026-06-26T15:11:48.755022+00:00,scheduler,1,0,453.9,11264.0,30,2.75
2026-06-26T15:11:53.767019+00:00,scheduler,0,0,691.9,11264.0,33,2.127
2026-06-26T15:11:53.767019+00:00,scheduler,1,0,453.9,11264.0,30,3.22
2026-06-26T15:11:58.779265+00:00,scheduler,0,0,691.9,11264.0,33,1.916
2026-06-26T15:11:58.779265+00:00,scheduler,1,0,453.9,11264.0,30,2.602
2026-06-26T15:12:03.791564+00:00,scheduler,0,0,691.9,11264.0,33,2.062
2026-06-26T15:12:03.791564+00:00,scheduler,1,0,453.9,11264.0,30,2.686
2026-06-26T15:12:08.803723+00:00,scheduler,0,0,691.9,11264.0,33,2.28
2026-06-26T15:12:08.803723+00:00,scheduler,1,0,453.9,11264.0,30,2.267
2026-06-26T15:12:13.816147+00:00,scheduler,0,0,691.9,11264.0,32,2.314
2026-06-26T15:12:13.816147+00:00,scheduler,1,0,453.9,11264.0,30,2.901
2026-06-26T15:12:18.828122+00:00,scheduler,0,0,691.9,11264.0,32,2.518
2026-06-26T15:12:18.828122+00:00,scheduler,1,0,453.9,11264.0,30,2.582
2026-06-26T15:12:23.840447+00:00,scheduler,0,0,691.9,11264.0,33,1.844
2026-06-26T15:12:23.840447+00:00,scheduler,1,0,453.9,11264.0,30,3.051
2026-06-26T15:12:28.852764+00:00,scheduler,0,0,691.9,11264.0,33,2.253
2026-06-26T15:12:28.852764+00:00,scheduler,1,0,453.9,11264.0,30,2.233
2026-06-26T15:12:33.864859+00:00,scheduler,0,0,691.9,11264.0,33,1.848
2026-06-26T15:12:33.864859+00:00,scheduler,1,0,453.9,11264.0,30,2.486
2026-06-26T15:12:38.877084+00:00,scheduler,0,0,691.9,11264.0,33,2.199
2026-06-26T15:12:38.877084+00:00,scheduler,1,0,453.9,11264.0,30,2.488
2026-06-26T15:12:43.889251+00:00,scheduler,0,0,691.9,11264.0,33,1.858
2026-06-26T15:12:43.889251+00:00,scheduler,1,0,453.9,11264.0,30,2.927
2026-06-26T15:12:48.901347+00:00,scheduler,0,0,691.9,11264.0,33,2.295
2026-06-26T15:12:48.901347+00:00,scheduler,1,0,453.9,11264.0,30,2.403
2026-06-26T15:12:53.913328+00:00,scheduler,0,0,691.9,11264.0,33,2.244
2026-06-26T15:12:53.913328+00:00,scheduler,1,0,453.9,11264.0,30,2.832
2026-06-26T15:12:58.925481+00:00,scheduler,0,0,691.9,11264.0,33,2.459
2026-06-26T15:12:58.925481+00:00,scheduler,1,0,453.9,11264.0,30,2.436
2026-06-26T15:13:03.937595+00:00,scheduler,0,0,691.9,11264.0,33,2.756
2026-06-26T15:13:03.937595+00:00,scheduler,1,0,453.9,11264.0,30,2.675
2026-06-26T15:13:08.949670+00:00,scheduler,0,0,691.9,11264.0,33,2.725
2026-06-26T15:13:08.949670+00:00,scheduler,1,0,453.9,11264.0,30,2.193
2026-06-26T15:13:13.961824+00:00,scheduler,0,0,691.9,11264.0,33,2.738
2026-06-26T15:13:13.961824+00:00,scheduler,1,0,453.9,11264.0,30,2.45
2026-06-26T15:13:18.973890+00:00,scheduler,0,0,691.9,11264.0,33,2.618
2026-06-26T15:13:18.973890+00:00,scheduler,1,0,453.9,11264.0,30,2.263
2026-06-26T15:13:23.985890+00:00,scheduler,0,0,691.9,11264.0,33,2.787
2026-06-26T15:13:23.985890+00:00,scheduler,1,0,453.9,11264.0,30,2.444
2026-06-26T15:13:28.997780+00:00,scheduler,0,0,691.9,11264.0,33,2.608
2026-06-26T15:13:28.997780+00:00,scheduler,1,0,453.9,11264.0,30,2.271
2026-06-26T15:13:34.009950+00:00,scheduler,0,0,691.9,11264.0,33,2.957
2026-06-26T15:13:34.009950+00:00,scheduler,1,0,453.9,11264.0,30,2.463
2026-06-26T15:13:39.022319+00:00,scheduler,0,0,691.9,11264.0,33,2.637
2026-06-26T15:13:39.022319+00:00,scheduler,1,0,453.9,11264.0,30,2.149
2026-06-26T15:13:44.034830+00:00,scheduler,0,0,691.9,11264.0,33,3.268
2026-06-26T15:13:44.034830+00:00,scheduler,1,0,453.9,11264.0,30,2.342
2026-06-26T15:13:49.047187+00:00,scheduler,0,0,691.9,11264.0,33,2.818
2026-06-26T15:13:49.047187+00:00,scheduler,1,0,453.9,11264.0,30,2.226
2026-06-26T15:13:54.059718+00:00,scheduler,0,0,691.9,11264.0,33,2.969
2026-06-26T15:13:54.059718+00:00,scheduler,1,0,453.9,11264.0,30,2.025
2026-06-26T15:13:59.072014+00:00,scheduler,0,0,691.9,11264.0,33,2.593
2026-06-26T15:13:59.072014+00:00,scheduler,1,0,453.9,11264.0,30,2.006
2026-06-26T15:14:04.084362+00:00,scheduler,0,0,691.9,11264.0,33,2.967
2026-06-26T15:14:04.084362+00:00,scheduler,1,0,453.9,11264.0,30,2.373
2026-06-26T15:14:09.097097+00:00,scheduler,0,0,691.9,11264.0,33,2.827
2026-06-26T15:14:09.097097+00:00,scheduler,1,0,453.9,11264.0,30,2.607
2026-06-26T15:14:14.109576+00:00,scheduler,0,0,691.9,11264.0,33,3.105
2026-06-26T15:14:14.109576+00:00,scheduler,1,0,453.9,11264.0,30,2.17
2026-06-26T15:14:19.122161+00:00,scheduler,0,0,691.9,11264.0,33,2.465
2026-06-26T15:14:19.122161+00:00,scheduler,1,0,453.9,11264.0,30,2.187
2026-06-26T15:14:24.134764+00:00,scheduler,0,0,691.9,11264.0,33,2.914
2026-06-26T15:14:24.134764+00:00,scheduler,1,0,453.9,11264.0,30,2.282
2026-06-26T15:14:29.147321+00:00,scheduler,0,0,691.9,11264.0,33,2.487
2026-06-26T15:14:29.147321+00:00,scheduler,1,0,453.9,11264.0,30,2.321
2026-06-26T15:14:34.159250+00:00,scheduler,0,0,691.9,11264.0,33,2.307
2026-06-26T15:14:34.159250+00:00,scheduler,1,0,453.9,11264.0,30,1.962
2026-06-26T15:14:39.171195+00:00,scheduler,0,0,691.9,11264.0,33,2.52
2026-06-26T15:14:39.171195+00:00,scheduler,1,0,453.9,11264.0,30,2.12
2026-06-26T15:14:44.183070+00:00,scheduler,0,0,691.9,11264.0,32,2.394
2026-06-26T15:14:44.183070+00:00,scheduler,1,0,453.9,11264.0,30,2.359
2026-06-26T15:14:49.195218+00:00,scheduler,0,0,691.9,11264.0,33,3.036
2026-06-26T15:14:49.195218+00:00,scheduler,1,0,453.9,11264.0,30,2.677
2026-06-26T15:14:54.207194+00:00,scheduler,0,0,691.9,11264.0,33,2.569
2026-06-26T15:14:54.207194+00:00,scheduler,1,0,453.9,11264.0,30,2.349
2026-06-26T15:14:59.219474+00:00,scheduler,0,0,691.9,11264.0,33,3.095
2026-06-26T15:14:59.219474+00:00,scheduler,1,0,453.9,11264.0,30,2.578
2026-06-26T15:15:04.231605+00:00,scheduler,0,0,691.9,11264.0,33,2.304
2026-06-26T15:15:04.231605+00:00,scheduler,1,0,453.9,11264.0,30,2.239
2026-06-26T15:15:09.243720+00:00,scheduler,0,0,691.9,11264.0,33,2.684
2026-06-26T15:15:09.243720+00:00,scheduler,1,0,453.9,11264.0,30,3.02
2026-06-26T15:15:14.255739+00:00,scheduler,0,0,691.9,11264.0,33,2.955
2026-06-26T15:15:14.255739+00:00,scheduler,1,0,453.9,11264.0,30,2.396
2026-06-26T15:15:19.267977+00:00,scheduler,0,0,691.9,11264.0,33,2.877
2026-06-26T15:15:19.267977+00:00,scheduler,1,0,453.9,11264.0,30,2.417
2026-06-26T15:15:24.280038+00:00,scheduler,0,0,691.9,11264.0,33,2.524
2026-06-26T15:15:24.280038+00:00,scheduler,1,0,453.9,11264.0,30,2.544
2026-06-26T15:15:29.292071+00:00,scheduler,0,0,691.9,11264.0,33,2.553
2026-06-26T15:15:29.292071+00:00,scheduler,1,0,453.9,11264.0,30,2.537
2026-06-26T15:15:34.304348+00:00,scheduler,0,0,691.9,11264.0,33,2.836
2026-06-26T15:15:34.304348+00:00,scheduler,1,0,453.9,11264.0,30,2.534
2026-06-26T15:15:39.316646+00:00,scheduler,0,0,691.9,11264.0,33,2.519
2026-06-26T15:15:39.316646+00:00,scheduler,1,0,453.9,11264.0,30,2.576
2026-06-26T15:15:44.328986+00:00,scheduler,0,0,691.9,11264.0,33,2.332
2026-06-26T15:15:44.328986+00:00,scheduler,1,0,453.9,11264.0,30,2.512
2026-06-26T15:15:49.341333+00:00,scheduler,0,0,691.9,11264.0,33,2.623
2026-06-26T15:15:49.341333+00:00,scheduler,1,0,453.9,11264.0,30,2.53
2026-06-26T15:15:54.353578+00:00,scheduler,0,0,691.9,11264.0,33,2.335
2026-06-26T15:15:54.353578+00:00,scheduler,1,0,453.9,11264.0,30,2.552
2026-06-26T15:15:59.365909+00:00,scheduler,0,0,691.9,11264.0,33,2.758
2026-06-26T15:15:59.365909+00:00,scheduler,1,0,453.9,11264.0,30,2.621
2026-06-26T15:16:04.378157+00:00,scheduler,0,0,691.9,11264.0,33,2.101
2026-06-26T15:16:04.378157+00:00,scheduler,1,0,453.9,11264.0,30,2.915
2026-06-26T15:16:09.390257+00:00,scheduler,0,0,691.9,11264.0,33,3.127
2026-06-26T15:16:09.390257+00:00,scheduler,1,0,453.9,11264.0,30,2.556
2026-06-26T15:16:14.402457+00:00,scheduler,0,0,691.9,11264.0,33,2.064
2026-06-26T15:16:14.402457+00:00,scheduler,1,0,453.9,11264.0,30,3.281
2026-06-26T15:16:19.414704+00:00,scheduler,0,0,691.9,11264.0,33,2.596
2026-06-26T15:16:19.414704+00:00,scheduler,1,0,453.9,11264.0,30,2.751
2026-06-26T15:16:24.427033+00:00,scheduler,0,0,691.9,11264.0,33,2.501
2026-06-26T15:16:24.427033+00:00,scheduler,1,0,453.9,11264.0,30,3.201
2026-06-26T15:16:29.439382+00:00,scheduler,0,0,691.9,11264.0,33,2.13
2026-06-26T15:16:29.439382+00:00,scheduler,1,0,453.9,11264.0,30,2.651
2026-06-26T15:16:34.451809+00:00,scheduler,0,0,691.9,11264.0,33,2.594
2026-06-26T15:16:34.451809+00:00,scheduler,1,0,453.9,11264.0,30,2.897
2026-06-26T15:16:39.464290+00:00,scheduler,0,0,691.9,11264.0,33,2.884
2026-06-26T15:16:39.464290+00:00,scheduler,1,0,453.9,11264.0,30,3.053
2026-06-26T15:16:44.476924+00:00,scheduler,0,0,691.9,11264.0,33,2.589
2026-06-26T15:16:44.476924+00:00,scheduler,1,0,453.9,11264.0,30,3.266
2026-06-26T15:16:49.489689+00:00,scheduler,0,0,691.9,11264.0,33,2.809
2026-06-26T15:16:49.489689+00:00,scheduler,1,0,453.9,11264.0,30,2.995
2026-06-26T15:16:54.502131+00:00,scheduler,0,0,691.9,11264.0,33,2.3
2026-06-26T15:16:54.502131+00:00,scheduler,1,0,453.9,11264.0,30,2.782
2026-06-26T15:16:59.514052+00:00,scheduler,0,0,691.9,11264.0,33,2.582
2026-06-26T15:16:59.514052+00:00,scheduler,1,0,453.9,11264.0,30,3.151
2026-06-26T15:17:04.526462+00:00,scheduler,0,0,691.9,11264.0,33,2.472
2026-06-26T15:17:04.526462+00:00,scheduler,1,0,453.9,11264.0,30,2.83
2026-06-26T15:17:09.538997+00:00,scheduler,0,0,691.9,11264.0,33,2.129
2026-06-26T15:17:09.538997+00:00,scheduler,1,0,453.9,11264.0,30,2.743
2026-06-26T15:17:14.551015+00:00,scheduler,0,0,691.9,11264.0,33,3.023
2026-06-26T15:17:14.551015+00:00,scheduler,1,0,453.9,11264.0,30,3.19
2026-06-26T15:17:19.563112+00:00,scheduler,0,0,691.9,11264.0,33,2.0
2026-06-26T15:17:19.563112+00:00,scheduler,1,0,453.9,11264.0,30,2.99
2026-06-26T15:17:24.575202+00:00,scheduler,0,0,691.9,11264.0,33,2.498
2026-06-26T15:17:24.575202+00:00,scheduler,1,0,453.9,11264.0,30,2.441
2026-06-26T15:17:29.587339+00:00,scheduler,0,0,691.9,11264.0,33,2.239
2026-06-26T15:17:29.587339+00:00,scheduler,1,0,453.9,11264.0,30,3.103
2026-06-26T15:17:34.599623+00:00,scheduler,0,0,691.9,11264.0,33,2.311
2026-06-26T15:17:34.599623+00:00,scheduler,1,0,453.9,11264.0,30,2.727
2026-06-26T15:17:39.611662+00:00,scheduler,0,0,691.9,11264.0,33,1.955
2026-06-26T15:17:39.611662+00:00,scheduler,1,0,453.9,11264.0,30,3.157
2026-06-26T15:17:44.623712+00:00,scheduler,0,0,691.9,11264.0,33,2.098
2026-06-26T15:17:44.623712+00:00,scheduler,1,0,453.9,11264.0,30,2.858
2026-06-26T15:17:49.635883+00:00,scheduler,0,0,691.9,11264.0,32,2.123
2026-06-26T15:17:49.635883+00:00,scheduler,1,0,453.9,11264.0,30,3.449
2026-06-26T15:17:54.649384+00:00,scheduler,0,0,691.9,11264.0,32,2.343
2026-06-26T15:17:54.649384+00:00,scheduler,1,0,453.9,11264.0,30,2.643
2026-06-26T15:17:59.661691+00:00,scheduler,0,0,691.9,11264.0,33,1.984
2026-06-26T15:17:59.661691+00:00,scheduler,1,0,453.9,11264.0,30,2.938
2026-06-26T15:18:04.673935+00:00,scheduler,0,0,691.9,11264.0,33,2.323
2026-06-26T15:18:04.673935+00:00,scheduler,1,0,453.9,11264.0,30,2.817
2026-06-26T15:18:09.686051+00:00,scheduler,0,0,691.9,11264.0,33,2.144
2026-06-26T15:18:09.686051+00:00,scheduler,1,0,453.9,11264.0,30,2.626
2026-06-26T15:18:14.698337+00:00,scheduler,0,0,691.9,11264.0,33,2.196
2026-06-26T15:18:14.698337+00:00,scheduler,1,0,453.9,11264.0,30,2.786
2026-06-26T15:18:19.710656+00:00,scheduler,0,0,691.9,11264.0,33,2.024
2026-06-26T15:18:19.710656+00:00,scheduler,1,0,453.9,11264.0,30,2.782
2026-06-26T15:18:24.722888+00:00,scheduler,0,0,691.9,11264.0,33,2.255
2026-06-26T15:18:24.722888+00:00,scheduler,1,0,453.9,11264.0,30,2.716
2026-06-26T15:18:29.735025+00:00,scheduler,0,0,691.9,11264.0,33,2.815
2026-06-26T15:18:29.735025+00:00,scheduler,1,0,453.9,11264.0,30,2.714
2026-06-26T15:18:34.747360+00:00,scheduler,0,0,691.9,11264.0,33,2.441
2026-06-26T15:18:34.747360+00:00,scheduler,1,0,453.9,11264.0,30,2.871
2026-06-26T15:18:39.759527+00:00,scheduler,0,0,691.9,11264.0,33,3.218
2026-06-26T15:18:39.759527+00:00,scheduler,1,0,453.9,11264.0,30,2.84
2026-06-26T15:18:44.771810+00:00,scheduler,0,0,691.9,11264.0,33,2.537
2026-06-26T15:18:44.771810+00:00,scheduler,1,0,453.9,11264.0,30,3.001
2026-06-26T15:18:49.784264+00:00,scheduler,0,0,691.9,11264.0,33,2.954
2026-06-26T15:18:49.784264+00:00,scheduler,1,0,453.9,11264.0,30,2.71
2026-06-26T15:18:54.796446+00:00,scheduler,0,0,691.9,11264.0,33,2.857
2026-06-26T15:18:54.796446+00:00,scheduler,1,0,453.9,11264.0,30,2.754
2026-06-26T15:18:59.809004+00:00,scheduler,0,0,691.9,11264.0,33,2.694
2026-06-26T15:18:59.809004+00:00,scheduler,1,0,453.9,11264.0,30,2.577
2026-06-26T15:19:04.821635+00:00,scheduler,0,0,691.9,11264.0,33,3.161
2026-06-26T15:19:04.821635+00:00,scheduler,1,0,453.9,11264.0,30,3.046
2026-06-26T15:19:09.834101+00:00,scheduler,0,0,691.9,11264.0,33,2.448
2026-06-26T15:19:09.834101+00:00,scheduler,1,0,453.9,11264.0,30,2.335
2026-06-26T15:19:14.846208+00:00,scheduler,0,0,691.9,11264.0,33,2.669
2026-06-26T15:19:14.846208+00:00,scheduler,1,0,453.9,11264.0,30,3.032
2026-06-26T15:19:19.858622+00:00,scheduler,0,0,691.9,11264.0,33,2.668
2026-06-26T15:19:19.858622+00:00,scheduler,1,0,453.9,11264.0,30,2.34
2026-06-26T15:19:24.870988+00:00,scheduler,0,0,691.9,11264.0,33,2.696
2026-06-26T15:19:24.870988+00:00,scheduler,1,0,453.9,11264.0,30,2.791
2026-06-26T15:19:29.883334+00:00,scheduler,0,0,691.9,11264.0,33,2.717
2026-06-26T15:19:29.883334+00:00,scheduler,1,0,453.9,11264.0,30,2.631
2026-06-26T15:19:34.895426+00:00,scheduler,0,0,691.9,11264.0,33,2.712
2026-06-26T15:19:34.895426+00:00,scheduler,1,0,453.9,11264.0,30,2.682
2026-06-26T15:19:39.907928+00:00,scheduler,0,0,691.9,11264.0,33,2.622
2026-06-26T15:19:39.907928+00:00,scheduler,1,0,453.9,11264.0,30,2.777
2026-06-26T15:19:44.920420+00:00,scheduler,0,0,691.9,11264.0,33,3.261
2026-06-26T15:19:44.920420+00:00,scheduler,1,0,453.9,11264.0,30,3.068
2026-06-26T15:19:49.932904+00:00,scheduler,0,0,691.9,11264.0,33,2.525
2026-06-26T15:19:49.932904+00:00,scheduler,1,0,453.9,11264.0,30,2.634
2026-06-26T15:19:54.945139+00:00,scheduler,0,0,691.9,11264.0,33,2.972
2026-06-26T15:19:54.945139+00:00,scheduler,1,0,453.9,11264.0,30,3.079
2026-06-26T15:19:59.957590+00:00,scheduler,0,0,691.9,11264.0,33,2.521
2026-06-26T15:19:59.957590+00:00,scheduler,1,0,453.9,11264.0,30,2.853
2026-06-26T15:20:04.969583+00:00,scheduler,0,0,691.9,11264.0,33,3.325
2026-06-26T15:20:04.969583+00:00,scheduler,1,0,453.9,11264.0,30,2.758
2026-06-26T15:20:09.981653+00:00,scheduler,0,0,691.9,11264.0,33,2.541
2026-06-26T15:20:09.981653+00:00,scheduler,1,0,453.9,11264.0,30,2.661
2026-06-26T15:20:14.993815+00:00,scheduler,0,0,691.9,11264.0,33,3.194
2026-06-26T15:20:14.993815+00:00,scheduler,1,0,453.9,11264.0,30,2.726
2026-06-26T15:20:20.005999+00:00,scheduler,0,0,691.9,11264.0,33,2.896
2026-06-26T15:20:20.005999+00:00,scheduler,1,0,453.9,11264.0,30,3.011
2026-06-26T15:20:25.018042+00:00,scheduler,0,0,691.9,11264.0,33,2.844
2026-06-26T15:20:25.018042+00:00,scheduler,1,0,453.9,11264.0,30,2.558
2026-06-26T15:20:30.030085+00:00,scheduler,0,0,691.9,11264.0,33,3.066
2026-06-26T15:20:30.030085+00:00,scheduler,1,0,453.9,11264.0,30,2.875
2026-06-26T15:20:35.042168+00:00,scheduler,0,0,691.9,11264.0,33,2.712
2026-06-26T15:20:35.042168+00:00,scheduler,1,0,453.9,11264.0,30,2.625
2026-06-26T15:20:40.054303+00:00,scheduler,0,0,691.9,11264.0,33,2.663
2026-06-26T15:20:40.054303+00:00,scheduler,1,0,453.9,11264.0,30,3.107
2026-06-26T15:20:45.066534+00:00,scheduler,0,0,691.9,11264.0,33,2.841
2026-06-26T15:20:45.066534+00:00,scheduler,1,0,453.9,11264.0,30,2.494
2026-06-26T15:20:50.078896+00:00,scheduler,0,0,691.9,11264.0,33,2.864
2026-06-26T15:20:50.078896+00:00,scheduler,1,0,453.9,11264.0,30,3.092
2026-06-26T15:20:55.091169+00:00,scheduler,0,0,691.9,11264.0,33,3.109
2026-06-26T15:20:55.091169+00:00,scheduler,1,0,453.9,11264.0,30,2.82
2026-06-26T15:21:00.103273+00:00,scheduler,0,0,691.9,11264.0,33,3.107
2026-06-26T15:21:00.103273+00:00,scheduler,1,0,453.9,11264.0,30,3.281
2026-06-26T15:21:05.115474+00:00,scheduler,0,0,691.9,11264.0,33,3.267
2026-06-26T15:21:05.115474+00:00,scheduler,1,0,453.9,11264.0,30,2.8
2026-06-26T15:21:10.127401+00:00,scheduler,0,0,691.9,11264.0,33,2.742
2026-06-26T15:21:10.127401+00:00,scheduler,1,0,453.9,11264.0,30,2.657
2026-06-26T15:21:15.139591+00:00,scheduler,0,0,691.9,11264.0,33,2.777
2026-06-26T15:21:15.139591+00:00,scheduler,1,0,453.9,11264.0,30,3.023
2026-06-26T15:21:20.151955+00:00,scheduler,0,0,691.9,11264.0,33,2.329
2026-06-26T15:21:20.151955+00:00,scheduler,1,0,453.9,11264.0,30,2.982
2026-06-26T15:21:25.164290+00:00,scheduler,0,0,691.9,11264.0,33,2.487
2026-06-26T15:21:25.164290+00:00,scheduler,1,0,453.9,11264.0,30,3.031
2026-06-26T15:21:30.176612+00:00,scheduler,0,0,691.9,11264.0,33,2.088
2026-06-26T15:21:30.176612+00:00,scheduler,1,0,453.9,11264.0,30,2.785
2026-06-26T15:21:35.188927+00:00,scheduler,0,0,691.9,11264.0,33,2.493
2026-06-26T15:21:35.188927+00:00,scheduler,1,0,453.9,11264.0,30,2.855
2026-06-26T15:21:40.201253+00:00,scheduler,0,0,691.9,11264.0,33,2.855
2026-06-26T15:21:40.201253+00:00,scheduler,1,0,453.9,11264.0,30,2.815
2026-06-26T15:21:45.213540+00:00,scheduler,0,0,691.9,11264.0,33,3.074
2026-06-26T15:21:45.213540+00:00,scheduler,1,0,453.9,11264.0,30,2.936
2026-06-26T15:21:50.225837+00:00,scheduler,0,0,691.9,11264.0,33,2.8
2026-06-26T15:21:50.225837+00:00,scheduler,1,0,453.9,11264.0,30,2.555
2026-06-26T15:21:55.238106+00:00,scheduler,0,0,691.9,11264.0,33,2.491
2026-06-26T15:21:55.238106+00:00,scheduler,1,0,453.9,11264.0,30,2.807
2026-06-26T15:22:00.250722+00:00,scheduler,0,0,691.9,11264.0,33,2.673
2026-06-26T15:22:00.250722+00:00,scheduler,1,0,453.9,11264.0,30,2.922
2026-06-26T15:22:05.263243+00:00,scheduler,0,0,691.9,11264.0,33,2.855
2026-06-26T15:22:05.263243+00:00,scheduler,1,0,453.9,11264.0,30,2.999
2026-06-26T15:22:10.278280+00:00,scheduler,0,0,691.9,11264.0,33,2.59
2026-06-26T15:22:10.278280+00:00,scheduler,1,0,453.9,11264.0,30,2.509
2026-06-26T15:22:15.290622+00:00,scheduler,0,0,691.9,11264.0,33,2.496
2026-06-26T15:22:15.290622+00:00,scheduler,1,0,453.9,11264.0,30,3.017
2026-06-26T15:22:20.303024+00:00,scheduler,0,0,691.9,11264.0,33,2.773
2026-06-26T15:22:20.303024+00:00,scheduler,1,0,453.9,11264.0,30,2.721
2026-06-26T15:22:25.315568+00:00,scheduler,0,0,691.9,11264.0,33,2.509
2026-06-26T15:22:25.315568+00:00,scheduler,1,0,453.9,11264.0,30,2.681
2026-06-26T15:22:30.328133+00:00,scheduler,0,0,691.9,11264.0,33,2.773
2026-06-26T15:22:30.328133+00:00,scheduler,1,0,453.9,11264.0,30,2.763
2026-06-26T15:22:35.340319+00:00,scheduler,0,0,691.9,11264.0,33,2.698
2026-06-26T15:22:35.340319+00:00,scheduler,1,0,453.9,11264.0,30,2.802
2026-06-26T15:22:40.352283+00:00,scheduler,0,0,691.9,11264.0,33,2.68
2026-06-26T15:22:40.352283+00:00,scheduler,1,0,453.9,11264.0,30,2.852
2026-06-26T15:22:45.364283+00:00,scheduler,0,0,691.9,11264.0,33,2.624
2026-06-26T15:22:45.364283+00:00,scheduler,1,0,453.9,11264.0,30,3.083
2026-06-26T15:22:50.376676+00:00,scheduler,0,0,691.9,11264.0,33,2.885
2026-06-26T15:22:50.376676+00:00,scheduler,1,0,453.9,11264.0,30,2.583
2026-06-26T15:22:55.388931+00:00,scheduler,0,0,691.9,11264.0,33,2.927
2026-06-26T15:22:55.388931+00:00,scheduler,1,0,453.9,11264.0,30,2.815
2026-06-26T15:23:00.400701+00:00,scheduler,0,0,691.9,11264.0,33,2.772
2026-06-26T15:23:00.400701+00:00,scheduler,1,0,453.9,11264.0,30,2.973
2026-06-26T15:23:05.412803+00:00,scheduler,0,0,691.9,11264.0,33,2.78
2026-06-26T15:23:05.412803+00:00,scheduler,1,0,453.9,11264.0,30,2.796
2026-06-26T15:23:10.424897+00:00,scheduler,0,0,691.9,11264.0,33,2.428
2026-06-26T15:23:10.424897+00:00,scheduler,1,0,453.9,11264.0,30,2.808
2026-06-26T15:23:15.437154+00:00,scheduler,0,0,691.9,11264.0,33,2.494
2026-06-26T15:23:15.437154+00:00,scheduler,1,0,453.9,11264.0,30,2.149
2026-06-26T15:23:20.449294+00:00,scheduler,0,0,691.9,11264.0,33,2.789
2026-06-26T15:23:20.449294+00:00,scheduler,1,0,453.9,11264.0,30,3.26
2026-06-26T15:23:25.461399+00:00,scheduler,0,0,691.9,11264.0,33,3.068
2026-06-26T15:23:25.461399+00:00,scheduler,1,0,453.9,11264.0,30,2.696
2026-06-26T15:23:30.473648+00:00,scheduler,0,0,691.9,11264.0,33,2.607
2026-06-26T15:23:30.473648+00:00,scheduler,1,0,453.9,11264.0,30,2.91
2026-06-26T15:23:35.485945+00:00,scheduler,0,0,691.9,11264.0,33,2.77
2026-06-26T15:23:35.485945+00:00,scheduler,1,0,453.9,11264.0,30,2.118
2026-06-26T15:23:40.498245+00:00,scheduler,0,0,691.9,11264.0,33,2.417
2026-06-26T15:23:40.498245+00:00,scheduler,1,0,453.9,11264.0,30,2.649
2026-06-26T15:23:45.510349+00:00,scheduler,0,0,691.9,11264.0,33,2.721
2026-06-26T15:23:45.510349+00:00,scheduler,1,0,453.9,11264.0,30,2.32
2026-06-26T15:23:50.522923+00:00,scheduler,0,0,691.9,11264.0,33,2.226
2026-06-26T15:23:50.522923+00:00,scheduler,1,0,453.9,11264.0,30,2.93
2026-06-26T15:23:55.535142+00:00,scheduler,0,0,691.9,11264.0,33,2.57
2026-06-26T15:23:55.535142+00:00,scheduler,1,0,453.9,11264.0,30,2.331
2026-06-26T15:24:00.547336+00:00,scheduler,0,0,691.9,11264.0,33,2.669
2026-06-26T15:24:00.547336+00:00,scheduler,1,0,453.9,11264.0,30,2.648
2026-06-26T15:24:05.559543+00:00,scheduler,0,0,691.9,11264.0,33,3.054
2026-06-26T15:24:05.559543+00:00,scheduler,1,0,453.9,11264.0,30,2.629
2026-06-26T15:24:10.571667+00:00,scheduler,0,0,691.9,11264.0,33,3.176
2026-06-26T15:24:10.571667+00:00,scheduler,1,0,453.9,11264.0,30,2.187
2026-06-26T15:24:15.583479+00:00,scheduler,0,0,691.9,11264.0,33,3.397
2026-06-26T15:24:15.583479+00:00,scheduler,1,0,453.9,11264.0,30,2.555
2026-06-26T15:24:20.595590+00:00,scheduler,0,0,691.9,11264.0,33,3.269
2026-06-26T15:24:20.595590+00:00,scheduler,1,0,453.9,11264.0,30,2.448
2026-06-26T15:24:25.608030+00:00,scheduler,0,0,691.9,11264.0,33,3.469
2026-06-26T15:24:25.608030+00:00,scheduler,1,0,453.9,11264.0,30,2.237
2026-06-26T15:24:30.620342+00:00,scheduler,0,0,691.9,11264.0,33,3.167
2026-06-26T15:24:30.620342+00:00,scheduler,1,0,453.9,11264.0,30,2.795
2026-06-26T15:24:35.632683+00:00,scheduler,0,0,691.9,11264.0,33,3.139
2026-06-26T15:24:35.632683+00:00,scheduler,1,0,453.9,11264.0,30,2.172
2026-06-26T15:24:40.645014+00:00,scheduler,0,0,691.9,11264.0,33,3.597
2026-06-26T15:24:40.645014+00:00,scheduler,1,0,453.9,11264.0,30,2.587
2026-06-26T15:24:45.657530+00:00,scheduler,0,0,691.9,11264.0,33,3.051
2026-06-26T15:24:45.657530+00:00,scheduler,1,0,453.9,11264.0,30,2.127
2026-06-26T15:24:50.670074+00:00,scheduler,0,0,691.9,11264.0,33,3.46
2026-06-26T15:24:50.670074+00:00,scheduler,1,0,453.9,11264.0,30,2.129
2026-06-26T15:24:55.682571+00:00,scheduler,0,0,691.9,11264.0,33,2.985
2026-06-26T15:24:55.682571+00:00,scheduler,1,0,453.9,11264.0,30,2.19
2026-06-26T15:25:00.694899+00:00,scheduler,0,0,691.9,11264.0,33,3.49
2026-06-26T15:25:00.694899+00:00,scheduler,1,0,453.9,11264.0,30,2.471
2026-06-26T15:25:05.707206+00:00,scheduler,0,0,691.9,11264.0,33,3.173
2026-06-26T15:25:05.707206+00:00,scheduler,1,0,453.9,11264.0,30,2.406
2026-06-26T15:25:10.719460+00:00,scheduler,0,0,691.9,11264.0,33,3.591
2026-06-26T15:25:10.719460+00:00,scheduler,1,0,453.9,11264.0,30,2.432
2026-06-26T15:25:15.731350+00:00,scheduler,0,0,691.9,11264.0,33,3.185
2026-06-26T15:25:15.731350+00:00,scheduler,1,0,453.9,11264.0,30,2.654
2026-06-26T15:25:20.743343+00:00,scheduler,0,0,691.9,11264.0,33,3.136
2026-06-26T15:25:20.743343+00:00,scheduler,1,0,453.9,11264.0,30,2.092
2026-06-26T15:25:25.755539+00:00,scheduler,0,0,691.9,11264.0,33,3.581
2026-06-26T15:25:25.755539+00:00,scheduler,1,0,453.9,11264.0,30,2.454
2026-06-26T15:25:30.767395+00:00,scheduler,0,0,691.9,11264.0,33,3.302
2026-06-26T15:25:30.767395+00:00,scheduler,1,0,453.9,11264.0,30,2.158
2026-06-26T15:25:35.779528+00:00,scheduler,0,0,691.9,11264.0,33,3.29
2026-06-26T15:25:35.779528+00:00,scheduler,1,0,453.9,11264.0,30,2.449
2026-06-26T15:25:40.791580+00:00,scheduler,0,0,691.9,11264.0,33,3.264
2026-06-26T15:25:40.791580+00:00,scheduler,1,0,453.9,11264.0,30,2.72
2026-06-26T15:25:45.803736+00:00,scheduler,0,0,691.9,11264.0,33,3.071
2026-06-26T15:25:45.803736+00:00,scheduler,1,0,453.9,11264.0,30,2.684
2026-06-26T15:25:50.815889+00:00,scheduler,0,0,691.9,11264.0,33,2.768
2026-06-26T15:25:50.815889+00:00,scheduler,1,0,453.9,11264.0,30,2.369
2026-06-26T15:25:55.828165+00:00,scheduler,0,0,691.9,11264.0,33,3.523
2026-06-26T15:25:55.828165+00:00,scheduler,1,0,453.9,11264.0,30,2.928
2026-06-26T15:26:00.840245+00:00,scheduler,0,0,691.9,11264.0,33,3.025
2026-06-26T15:26:00.840245+00:00,scheduler,1,0,453.9,11264.0,30,2.373
2026-06-26T15:26:05.852582+00:00,scheduler,0,0,691.9,11264.0,33,2.632
2026-06-26T15:26:05.852582+00:00,scheduler,1,0,453.9,11264.0,30,2.634
2026-06-26T15:26:10.864620+00:00,scheduler,0,0,691.9,11264.0,33,2.989
2026-06-26T15:26:10.864620+00:00,scheduler,1,0,453.9,11264.0,30,2.417
2026-06-26T15:26:15.876706+00:00,scheduler,0,0,691.9,11264.0,33,1.879
2026-06-26T15:26:15.876706+00:00,scheduler,1,0,453.9,11264.0,30,2.609
2026-06-26T15:26:20.889104+00:00,scheduler,0,0,691.9,11264.0,33,2.432
2026-06-26T15:26:20.889104+00:00,scheduler,1,0,453.9,11264.0,30,2.494
2026-06-26T15:26:25.901177+00:00,scheduler,0,0,691.9,11264.0,33,2.323
2026-06-26T15:26:25.901177+00:00,scheduler,1,0,453.9,11264.0,30,2.348
2026-06-26T15:26:30.913325+00:00,scheduler,0,0,691.9,11264.0,32,2.245
2026-06-26T15:26:30.913325+00:00,scheduler,1,0,453.9,11264.0,30,2.589
2026-06-26T15:26:35.925755+00:00,scheduler,0,0,691.9,11264.0,33,2.631
2026-06-26T15:26:35.925755+00:00,scheduler,1,0,453.9,11264.0,30,2.606
2026-06-26T15:26:40.937996+00:00,scheduler,0,0,691.9,11264.0,33,2.32
2026-06-26T15:26:40.937996+00:00,scheduler,1,0,453.9,11264.0,30,2.846
2026-06-26T15:26:45.950117+00:00,scheduler,0,0,691.9,11264.0,33,2.84
2026-06-26T15:26:45.950117+00:00,scheduler,1,0,453.9,11264.0,30,2.858
2026-06-26T15:26:50.962303+00:00,scheduler,0,0,691.9,11264.0,33,2.415
2026-06-26T15:26:50.962303+00:00,scheduler,1,0,453.9,11264.0,30,3.019
2026-06-26T15:26:55.974549+00:00,scheduler,0,0,691.9,11264.0,33,2.646
2026-06-26T15:26:55.974549+00:00,scheduler,1,0,453.9,11264.0,30,2.71
2026-06-26T15:27:00.986757+00:00,scheduler,0,0,691.9,11264.0,33,2.344
2026-06-26T15:27:00.986757+00:00,scheduler,1,0,453.9,11264.0,30,2.698
2026-06-26T15:27:05.999140+00:00,scheduler,0,0,691.9,11264.0,33,2.592
2026-06-26T15:27:05.999140+00:00,scheduler,1,0,453.9,11264.0,30,2.442
2026-06-26T15:27:11.011325+00:00,scheduler,0,0,691.9,11264.0,33,2.251
2026-06-26T15:27:11.011325+00:00,scheduler,1,0,453.9,11264.0,30,2.88
2026-06-26T15:27:16.023867+00:00,scheduler,0,0,691.9,11264.0,33,2.553
2026-06-26T15:27:16.023867+00:00,scheduler,1,0,453.9,11264.0,30,2.388
2026-06-26T15:27:21.036362+00:00,scheduler,0,0,691.9,11264.0,33,2.494
2026-06-26T15:27:21.036362+00:00,scheduler,1,0,453.9,11264.0,30,2.793
2026-06-26T15:27:26.048874+00:00,scheduler,0,0,691.9,11264.0,33,2.938
2026-06-26T15:27:26.048874+00:00,scheduler,1,0,453.9,11264.0,30,2.53
2026-06-26T15:27:31.061260+00:00,scheduler,0,0,691.9,11264.0,33,2.541
2026-06-26T15:27:31.061260+00:00,scheduler,1,0,453.9,11264.0,30,2.507
2026-06-26T15:27:36.073584+00:00,scheduler,0,0,691.9,11264.0,33,2.678
2026-06-26T15:27:36.073584+00:00,scheduler,1,0,453.9,11264.0,30,2.647
2026-06-26T15:27:41.085980+00:00,scheduler,0,0,691.9,11264.0,33,2.57
2026-06-26T15:27:41.085980+00:00,scheduler,1,0,453.9,11264.0,30,2.878
2026-06-26T15:27:46.098617+00:00,scheduler,0,0,691.9,11264.0,33,2.325
2026-06-26T15:27:46.098617+00:00,scheduler,1,0,453.9,11264.0,30,2.742
2026-06-26T15:27:51.111339+00:00,scheduler,0,0,691.9,11264.0,33,3.112
2026-06-26T15:27:51.111339+00:00,scheduler,1,0,453.9,11264.0,30,2.774
2026-06-26T15:27:56.123175+00:00,scheduler,0,0,691.9,11264.0,33,2.969
2026-06-26T15:27:56.123175+00:00,scheduler,1,0,453.9,11264.0,30,2.874
2026-06-26T15:28:01.135211+00:00,scheduler,0,0,691.9,11264.0,33,2.984
2026-06-26T15:28:01.135211+00:00,scheduler,1,0,453.9,11264.0,30,2.856
2026-06-26T15:28:06.147419+00:00,scheduler,0,0,691.9,11264.0,32,2.754
2026-06-26T15:28:06.147419+00:00,scheduler,1,0,453.9,11264.0,30,2.934
2026-06-26T15:28:11.159553+00:00,scheduler,0,0,691.9,11264.0,33,3.057
2026-06-26T15:28:11.159553+00:00,scheduler,1,0,453.9,11264.0,30,2.93
2026-06-26T15:28:16.171537+00:00,scheduler,0,0,691.9,11264.0,33,2.782
2026-06-26T15:28:16.171537+00:00,scheduler,1,0,453.9,11264.0,30,3.113
2026-06-26T15:28:21.183478+00:00,scheduler,0,0,691.9,11264.0,33,3.45
2026-06-26T15:28:21.183478+00:00,scheduler,1,0,453.9,11264.0,30,2.82
2026-06-26T15:28:26.195603+00:00,scheduler,0,0,691.9,11264.0,33,2.529
2026-06-26T15:28:26.195603+00:00,scheduler,1,0,453.9,11264.0,30,3.058
2026-06-26T15:28:31.207804+00:00,scheduler,0,0,691.9,11264.0,33,3.198
2026-06-26T15:28:31.207804+00:00,scheduler,1,0,453.9,11264.0,30,2.916
2026-06-26T15:28:36.220031+00:00,scheduler,0,0,691.9,11264.0,33,2.616
2026-06-26T15:28:36.220031+00:00,scheduler,1,0,453.9,11264.0,30,2.768
2026-06-26T15:28:41.232115+00:00,scheduler,0,0,691.9,11264.0,33,2.907
2026-06-26T15:28:41.232115+00:00,scheduler,1,0,453.9,11264.0,30,2.597
2026-06-26T15:28:46.244318+00:00,scheduler,0,0,691.9,11264.0,33,2.783
2026-06-26T15:28:46.244318+00:00,scheduler,1,0,453.9,11264.0,30,3.097
2026-06-26T15:28:51.256449+00:00,scheduler,0,0,691.9,11264.0,33,2.843
2026-06-26T15:28:51.256449+00:00,scheduler,1,0,453.9,11264.0,30,2.582
2026-06-26T15:28:56.268791+00:00,scheduler,0,0,691.9,11264.0,33,2.717
2026-06-26T15:28:56.268791+00:00,scheduler,1,0,453.9,11264.0,30,3.311
2026-06-26T15:29:01.280777+00:00,scheduler,0,0,691.9,11264.0,33,2.922
2026-06-26T15:29:01.280777+00:00,scheduler,1,0,453.9,11264.0,30,2.722
2026-06-26T15:29:06.292957+00:00,scheduler,0,0,691.9,11264.0,32,2.819
2026-06-26T15:29:06.292957+00:00,scheduler,1,0,453.9,11264.0,30,2.953
2026-06-26T15:29:11.305057+00:00,scheduler,0,0,691.9,11264.0,33,2.818
2026-06-26T15:29:11.305057+00:00,scheduler,1,0,453.9,11264.0,30,2.683
2026-06-26T15:29:16.317285+00:00,scheduler,0,0,691.9,11264.0,33,3.063
2026-06-26T15:29:16.317285+00:00,scheduler,1,0,453.9,11264.0,30,2.615
2026-06-26T15:29:21.329685+00:00,scheduler,0,0,691.9,11264.0,33,2.673
2026-06-26T15:29:21.329685+00:00,scheduler,1,0,453.9,11264.0,30,2.749
2026-06-26T15:29:26.341936+00:00,scheduler,0,0,691.9,11264.0,33,2.648
2026-06-26T15:29:26.341936+00:00,scheduler,1,0,453.9,11264.0,30,2.519
2026-06-26T15:29:31.354214+00:00,scheduler,0,0,691.9,11264.0,33,2.705
2026-06-26T15:29:31.354214+00:00,scheduler,1,0,453.9,11264.0,30,2.576
2026-06-26T15:29:36.366532+00:00,scheduler,0,0,691.9,11264.0,33,3.43
2026-06-26T15:29:36.366532+00:00,scheduler,1,0,453.9,11264.0,30,2.641
2026-06-26T15:29:41.378882+00:00,scheduler,0,0,691.9,11264.0,33,3.028
2026-06-26T15:29:41.378882+00:00,scheduler,1,0,453.9,11264.0,30,3.009
2026-06-26T15:29:46.391073+00:00,scheduler,0,0,691.9,11264.0,33,3.523
2026-06-26T15:29:46.391073+00:00,scheduler,1,0,453.9,11264.0,30,2.775
2026-06-26T15:29:51.403357+00:00,scheduler,0,0,691.9,11264.0,33,3.313
2026-06-26T15:29:51.403357+00:00,scheduler,1,0,453.9,11264.0,30,2.523
2026-06-26T15:29:56.415840+00:00,scheduler,0,0,691.9,11264.0,33,3.516
2026-06-26T15:29:56.415840+00:00,scheduler,1,0,453.9,11264.0,30,2.701
2026-06-26T15:30:01.428568+00:00,scheduler,0,0,691.9,11264.0,33,3.285
2026-06-26T15:30:01.428568+00:00,scheduler,1,0,453.9,11264.0,30,3.004
2026-06-26T15:30:06.440840+00:00,scheduler,0,0,691.9,11264.0,33,3.14
2026-06-26T15:30:06.440840+00:00,scheduler,1,0,453.9,11264.0,30,2.548
2026-06-26T15:30:11.453057+00:00,scheduler,0,0,691.9,11264.0,33,3.433
2026-06-26T15:30:11.453057+00:00,scheduler,1,0,453.9,11264.0,30,3.017
2026-06-26T15:30:16.465537+00:00,scheduler,0,0,691.9,11264.0,33,3.187
2026-06-26T15:30:16.465537+00:00,scheduler,1,0,453.9,11264.0,30,2.24
2026-06-26T15:30:21.478015+00:00,scheduler,0,0,691.9,11264.0,33,3.144
2026-06-26T15:30:21.478015+00:00,scheduler,1,0,453.9,11264.0,30,2.391
2026-06-26T15:30:26.490457+00:00,scheduler,0,0,691.9,11264.0,33,3.265
2026-06-26T15:30:26.490457+00:00,scheduler,1,0,453.9,11264.0,30,2.541
2026-06-26T15:30:31.502715+00:00,scheduler,0,0,691.9,11264.0,32,3.297
2026-06-26T15:30:31.502715+00:00,scheduler,1,0,453.9,11264.0,30,2.639
2026-06-26T15:30:36.514675+00:00,scheduler,0,0,691.9,11264.0,33,3.25
2026-06-26T15:30:36.514675+00:00,scheduler,1,0,453.9,11264.0,30,2.329
2026-06-26T15:30:41.526778+00:00,scheduler,0,0,691.9,11264.0,32,3.376
2026-06-26T15:30:41.526778+00:00,scheduler,1,0,453.9,11264.0,30,2.991
2026-06-26T15:30:46.538695+00:00,scheduler,0,0,691.9,11264.0,32,2.975
2026-06-26T15:30:46.538695+00:00,scheduler,1,0,453.9,11264.0,30,2.182
2026-06-26T15:30:51.550542+00:00,scheduler,0,0,691.9,11264.0,33,2.417
2026-06-26T15:30:51.550542+00:00,scheduler,1,0,453.9,11264.0,30,2.441
2026-06-26T15:30:56.562431+00:00,scheduler,0,0,691.9,11264.0,33,2.726
2026-06-26T15:30:56.562431+00:00,scheduler,1,0,453.9,11264.0,30,2.7
2026-06-26T15:31:01.574813+00:00,scheduler,0,0,691.9,11264.0,33,2.325
2026-06-26T15:31:01.574813+00:00,scheduler,1,0,453.9,11264.0,30,2.584
2026-06-26T15:31:06.586691+00:00,scheduler,0,0,691.9,11264.0,33,2.874
2026-06-26T15:31:06.586691+00:00,scheduler,1,0,453.9,11264.0,29,2.614
2026-06-26T15:31:11.598758+00:00,scheduler,0,0,691.9,11264.0,32,2.577
2026-06-26T15:31:11.598758+00:00,scheduler,1,0,453.9,11264.0,30,2.669
2026-06-26T15:31:16.610687+00:00,scheduler,0,0,691.9,11264.0,33,2.662
2026-06-26T15:31:16.610687+00:00,scheduler,1,0,453.9,11264.0,29,2.82
2026-06-26T15:31:21.622786+00:00,scheduler,0,0,691.9,11264.0,33,2.561
2026-06-26T15:31:21.622786+00:00,scheduler,1,0,453.9,11264.0,30,2.538
2026-06-26T15:31:26.634851+00:00,scheduler,0,0,691.9,11264.0,32,2.77
2026-06-26T15:31:26.634851+00:00,scheduler,1,0,453.9,11264.0,30,2.594
2026-06-26T15:31:31.646980+00:00,scheduler,0,0,691.9,11264.0,32,2.682
2026-06-26T15:31:31.646980+00:00,scheduler,1,0,453.9,11264.0,30,2.573
2026-06-26T15:31:36.659064+00:00,scheduler,0,0,691.9,11264.0,33,2.554
2026-06-26T15:31:36.659064+00:00,scheduler,1,0,453.9,11264.0,30,2.894
2026-06-26T15:31:41.671236+00:00,scheduler,0,0,691.9,11264.0,32,2.335
2026-06-26T15:31:41.671236+00:00,scheduler,1,0,453.9,11264.0,30,2.739
2026-06-26T15:31:46.683369+00:00,scheduler,0,0,691.9,11264.0,33,2.305
2026-06-26T15:31:46.683369+00:00,scheduler,1,0,453.9,11264.0,30,2.681
2026-06-26T15:31:51.695704+00:00,scheduler,0,0,691.9,11264.0,32,2.725
2026-06-26T15:31:51.695704+00:00,scheduler,1,0,453.9,11264.0,30,2.649
2026-06-26T15:31:56.708054+00:00,scheduler,0,0,691.9,11264.0,32,2.481
2026-06-26T15:31:56.708054+00:00,scheduler,1,0,453.9,11264.0,30,3.212
2026-06-26T15:32:01.720257+00:00,scheduler,0,0,691.9,11264.0,32,3.087
2026-06-26T15:32:01.720257+00:00,scheduler,1,0,453.9,11264.0,29,2.225
2026-06-26T15:32:06.732451+00:00,scheduler,0,0,691.9,11264.0,32,2.437
2026-06-26T15:32:06.732451+00:00,scheduler,1,0,453.9,11264.0,30,3.009
2026-06-26T15:32:11.745111+00:00,scheduler,0,0,691.9,11264.0,33,2.592
2026-06-26T15:32:11.745111+00:00,scheduler,1,0,453.9,11264.0,30,2.277
2026-06-26T15:32:16.757431+00:00,scheduler,0,0,691.9,11264.0,32,1.921
2026-06-26T15:32:16.757431+00:00,scheduler,1,0,453.9,11264.0,30,2.417
2026-06-26T15:32:21.769866+00:00,scheduler,0,0,691.9,11264.0,32,2.783
2026-06-26T15:32:21.769866+00:00,scheduler,1,0,453.9,11264.0,30,2.472
2026-06-26T15:32:26.782082+00:00,scheduler,0,0,691.9,11264.0,32,2.463
2026-06-26T15:32:26.782082+00:00,scheduler,1,0,453.9,11264.0,30,2.659
2026-06-26T15:32:31.794469+00:00,scheduler,0,0,691.9,11264.0,33,2.509
2026-06-26T15:32:31.794469+00:00,scheduler,1,0,453.9,11264.0,30,2.651
2026-06-26T15:32:36.806897+00:00,scheduler,0,0,691.9,11264.0,32,2.393
2026-06-26T15:32:36.806897+00:00,scheduler,1,0,453.9,11264.0,29,2.697
2026-06-26T15:32:41.819439+00:00,scheduler,0,0,691.9,11264.0,32,2.457
2026-06-26T15:32:41.819439+00:00,scheduler,1,0,453.9,11264.0,30,2.853
2026-06-26T15:32:46.832378+00:00,scheduler,0,0,691.9,11264.0,32,2.565
2026-06-26T15:32:46.832378+00:00,scheduler,1,0,453.9,11264.0,30,2.91
2026-06-26T15:32:51.844891+00:00,scheduler,0,0,691.9,11264.0,32,2.412
2026-06-26T15:32:51.844891+00:00,scheduler,1,0,453.9,11264.0,30,2.973
2026-06-26T15:32:56.857283+00:00,scheduler,0,0,691.9,11264.0,33,2.309
2026-06-26T15:32:56.857283+00:00,scheduler,1,0,453.9,11264.0,29,2.646
2026-06-26T15:33:01.869581+00:00,scheduler,0,0,691.9,11264.0,32,2.431
2026-06-26T15:33:01.869581+00:00,scheduler,1,0,453.9,11264.0,30,2.892
2026-06-26T15:33:06.882010+00:00,scheduler,0,0,691.9,11264.0,32,2.501
2026-06-26T15:33:06.882010+00:00,scheduler,1,0,453.9,11264.0,30,2.571
2026-06-26T15:33:11.894586+00:00,scheduler,0,0,691.9,11264.0,32,2.104
2026-06-26T15:33:11.894586+00:00,scheduler,1,0,453.9,11264.0,30,2.942
2026-06-26T15:33:16.907006+00:00,scheduler,0,0,691.9,11264.0,32,2.807
2026-06-26T15:33:16.907006+00:00,scheduler,1,0,453.9,11264.0,30,2.436
2026-06-26T15:33:21.919034+00:00,scheduler,0,0,691.9,11264.0,32,2.31
2026-06-26T15:33:21.919034+00:00,scheduler,1,0,453.9,11264.0,30,2.935
2026-06-26T15:33:26.931108+00:00,scheduler,0,0,691.9,11264.0,32,2.751
2026-06-26T15:33:26.931108+00:00,scheduler,1,0,453.9,11264.0,30,2.721
2026-06-26T15:33:31.943037+00:00,scheduler,0,0,691.9,11264.0,32,2.382
2026-06-26T15:33:31.943037+00:00,scheduler,1,0,453.9,11264.0,30,2.998
2026-06-26T15:33:36.955222+00:00,scheduler,0,0,691.9,11264.0,32,2.392
2026-06-26T15:33:36.955222+00:00,scheduler,1,0,453.9,11264.0,30,2.423
2026-06-26T15:33:41.967273+00:00,scheduler,0,0,691.9,11264.0,32,2.478
2026-06-26T15:33:41.967273+00:00,scheduler,1,0,453.9,11264.0,29,2.794
2026-06-26T15:33:46.979767+00:00,scheduler,0,0,691.9,11264.0,32,2.907
2026-06-26T15:33:46.979767+00:00,scheduler,1,0,453.9,11264.0,29,2.784
2026-06-26T15:33:51.991938+00:00,scheduler,0,0,691.9,11264.0,32,2.592
2026-06-26T15:33:51.991938+00:00,scheduler,1,0,453.9,11264.0,30,3.061
2026-06-26T15:33:57.004132+00:00,scheduler,0,0,691.9,11264.0,32,2.206
2026-06-26T15:33:57.004132+00:00,scheduler,1,0,453.9,11264.0,29,2.692
2026-06-26T15:34:02.016378+00:00,scheduler,0,0,691.9,11264.0,32,2.181
2026-06-26T15:34:02.016378+00:00,scheduler,1,0,453.9,11264.0,30,2.685
2026-06-26T15:34:07.028580+00:00,scheduler,0,0,691.9,11264.0,32,2.062
2026-06-26T15:34:07.028580+00:00,scheduler,1,0,453.9,11264.0,30,2.443
2026-06-26T15:34:12.040781+00:00,scheduler,0,0,691.9,11264.0,32,2.185
2026-06-26T15:34:12.040781+00:00,scheduler,1,0,453.9,11264.0,30,2.427
2026-06-26T15:34:17.052810+00:00,scheduler,0,0,691.9,11264.0,32,2.03
2026-06-26T15:34:17.052810+00:00,scheduler,1,0,453.9,11264.0,29,2.841
2026-06-26T15:34:22.065076+00:00,scheduler,0,0,691.9,11264.0,32,2.361
2026-06-26T15:34:22.065076+00:00,scheduler,1,0,453.9,11264.0,29,2.894
2026-06-26T15:34:27.077579+00:00,scheduler,0,0,691.9,11264.0,32,1.809
2026-06-26T15:34:27.077579+00:00,scheduler,1,0,453.9,11264.0,30,2.618
2026-06-26T15:34:32.089889+00:00,scheduler,0,0,691.9,11264.0,32,2.396
2026-06-26T15:34:32.089889+00:00,scheduler,1,0,453.9,11264.0,29,2.663
2026-06-26T15:34:37.102121+00:00,scheduler,0,0,691.9,11264.0,32,2.099
2026-06-26T15:34:37.102121+00:00,scheduler,1,0,453.9,11264.0,29,2.679
2026-06-26T15:34:42.114301+00:00,scheduler,0,0,691.9,11264.0,32,2.494
2026-06-26T15:34:42.114301+00:00,scheduler,1,0,453.9,11264.0,30,2.298
2026-06-26T15:34:47.126856+00:00,scheduler,0,0,691.9,11264.0,32,2.227
2026-06-26T15:34:47.126856+00:00,scheduler,1,0,453.9,11264.0,29,2.847
2026-06-26T15:34:52.139278+00:00,scheduler,0,0,691.9,11264.0,32,2.421
2026-06-26T15:34:52.139278+00:00,scheduler,1,0,453.9,11264.0,29,2.489
2026-06-26T15:34:57.151401+00:00,scheduler,0,0,691.9,11264.0,32,2.632
2026-06-26T15:34:57.151401+00:00,scheduler,1,0,453.9,11264.0,29,2.965
2026-06-26T15:35:02.163712+00:00,scheduler,0,0,691.9,11264.0,32,2.275
2026-06-26T15:35:02.163712+00:00,scheduler,1,0,453.9,11264.0,29,2.384
2026-06-26T15:35:07.175953+00:00,scheduler,0,0,691.9,11264.0,32,2.245
2026-06-26T15:35:07.175953+00:00,scheduler,1,0,453.9,11264.0,30,2.751
2026-06-26T15:35:12.188435+00:00,scheduler,0,0,691.9,11264.0,32,2.643
2026-06-26T15:35:12.188435+00:00,scheduler,1,0,453.9,11264.0,29,2.714
2026-06-26T15:35:17.201049+00:00,scheduler,0,0,691.9,11264.0,32,3.004
2026-06-26T15:35:17.201049+00:00,scheduler,1,0,453.9,11264.0,29,2.793
2026-06-26T15:35:22.213323+00:00,scheduler,0,0,691.9,11264.0,32,2.646
2026-06-26T15:35:22.213323+00:00,scheduler,1,0,453.9,11264.0,29,2.959
2026-06-26T15:35:27.225576+00:00,scheduler,0,0,691.9,11264.0,32,2.402
2026-06-26T15:35:27.225576+00:00,scheduler,1,0,453.9,11264.0,29,2.879
2026-06-26T15:35:32.237834+00:00,scheduler,0,0,691.9,11264.0,32,2.842
2026-06-26T15:35:32.237834+00:00,scheduler,1,0,453.9,11264.0,29,2.751
2026-06-26T15:35:37.250107+00:00,scheduler,0,0,691.9,11264.0,32,2.353
2026-06-26T15:35:37.250107+00:00,scheduler,1,0,453.9,11264.0,29,2.634
2026-06-26T15:35:42.262475+00:00,scheduler,0,0,691.9,11264.0,32,2.932
2026-06-26T15:35:42.262475+00:00,scheduler,1,0,453.9,11264.0,29,2.758
2026-06-26T15:35:47.274955+00:00,scheduler,0,0,691.9,11264.0,32,2.276
2026-06-26T15:35:47.274955+00:00,scheduler,1,0,453.9,11264.0,29,2.952
2026-06-26T15:35:52.287425+00:00,scheduler,0,0,691.9,11264.0,32,3.027
2026-06-26T15:35:52.287425+00:00,scheduler,1,0,453.9,11264.0,29,3.01
2026-06-26T15:35:57.299392+00:00,scheduler,0,0,691.9,11264.0,32,2.938
2026-06-26T15:35:57.299392+00:00,scheduler,1,0,453.9,11264.0,29,2.809
2026-06-26T15:36:02.311605+00:00,scheduler,0,0,691.9,11264.0,32,2.828
2026-06-26T15:36:02.311605+00:00,scheduler,1,0,453.9,11264.0,29,2.665
2026-06-26T15:36:07.323595+00:00,scheduler,0,0,691.9,11264.0,32,2.767
2026-06-26T15:36:07.323595+00:00,scheduler,1,0,453.9,11264.0,29,2.583
2026-06-26T15:36:12.335587+00:00,scheduler,0,0,691.9,11264.0,32,2.493
2026-06-26T15:36:12.335587+00:00,scheduler,1,0,453.9,11264.0,29,3.018
2026-06-26T15:36:17.347609+00:00,scheduler,0,0,691.9,11264.0,32,3.058
2026-06-26T15:36:17.347609+00:00,scheduler,1,0,453.9,11264.0,29,2.538
2026-06-26T15:36:22.360017+00:00,scheduler,0,0,691.9,11264.0,32,2.717
2026-06-26T15:36:22.360017+00:00,scheduler,1,0,453.9,11264.0,29,2.76
2026-06-26T15:36:27.372186+00:00,scheduler,0,0,691.9,11264.0,32,2.605
2026-06-26T15:36:27.372186+00:00,scheduler,1,0,453.9,11264.0,29,2.755
2026-06-26T15:36:32.384242+00:00,scheduler,0,0,691.9,11264.0,32,2.36
2026-06-26T15:36:32.384242+00:00,scheduler,1,0,453.9,11264.0,29,2.932
2026-06-26T15:36:37.396522+00:00,scheduler,0,0,691.9,11264.0,32,2.806
2026-06-26T15:36:37.396522+00:00,scheduler,1,0,453.9,11264.0,29,2.762
2026-06-26T15:36:42.409037+00:00,scheduler,0,0,691.9,11264.0,32,2.589
2026-06-26T15:36:42.409037+00:00,scheduler,1,0,453.9,11264.0,29,2.846
2026-06-26T15:36:47.421267+00:00,scheduler,0,0,691.9,11264.0,32,2.678
2026-06-26T15:36:47.421267+00:00,scheduler,1,0,453.9,11264.0,29,2.359
2026-06-26T15:36:52.433549+00:00,scheduler,0,0,691.9,11264.0,32,2.064
2026-06-26T15:36:52.433549+00:00,scheduler,1,0,453.9,11264.0,29,2.717
2026-06-26T15:36:57.445704+00:00,scheduler,0,0,691.9,11264.0,32,2.776
2026-06-26T15:36:57.445704+00:00,scheduler,1,0,453.9,11264.0,29,2.427
2026-06-26T15:37:02.457947+00:00,scheduler,0,0,691.9,11264.0,32,2.76
2026-06-26T15:37:02.457947+00:00,scheduler,1,0,453.9,11264.0,29,2.638
2026-06-26T15:37:07.470321+00:00,scheduler,0,0,691.9,11264.0,32,2.576
2026-06-26T15:37:07.470321+00:00,scheduler,1,0,453.9,11264.0,29,2.396
2026-06-26T15:37:12.482742+00:00,scheduler,0,0,691.9,11264.0,32,2.571
2026-06-26T15:37:12.482742+00:00,scheduler,1,0,453.9,11264.0,29,2.518
2026-06-26T15:37:17.494808+00:00,scheduler,0,0,691.9,11264.0,32,2.621
2026-06-26T15:37:17.494808+00:00,scheduler,1,0,453.9,11264.0,29,2.462
2026-06-26T15:37:22.507073+00:00,scheduler,0,0,691.9,11264.0,32,2.499
2026-06-26T15:37:22.507073+00:00,scheduler,1,0,453.9,11264.0,29,2.384
2026-06-26T15:37:27.519177+00:00,scheduler,0,0,691.9,11264.0,32,2.651
2026-06-26T15:37:27.519177+00:00,scheduler,1,0,453.9,11264.0,29,2.848
2026-06-26T15:37:32.531553+00:00,scheduler,0,0,691.9,11264.0,32,2.544
2026-06-26T15:37:32.531553+00:00,scheduler,1,0,453.9,11264.0,29,2.407
2026-06-26T15:37:37.543916+00:00,scheduler,0,0,691.9,11264.0,32,2.663
2026-06-26T15:37:37.543916+00:00,scheduler,1,0,453.9,11264.0,29,2.447
2026-06-26T15:37:42.555985+00:00,scheduler,0,0,691.9,11264.0,32,2.617
2026-06-26T15:37:42.555985+00:00,scheduler,1,0,453.9,11264.0,29,2.505
2026-06-26T15:37:47.568187+00:00,scheduler,0,0,691.9,11264.0,32,2.305
2026-06-26T15:37:47.568187+00:00,scheduler,1,0,453.9,11264.0,29,2.138
2026-06-26T15:37:52.580227+00:00,scheduler,0,0,691.9,11264.0,32,3.086
2026-06-26T15:37:52.580227+00:00,scheduler,1,0,453.9,11264.0,29,2.567
2026-06-26T15:37:57.592406+00:00,scheduler,0,0,691.9,11264.0,32,2.154
2026-06-26T15:37:57.592406+00:00,scheduler,1,0,453.9,11264.0,29,1.95
2026-06-26T15:38:02.604530+00:00,scheduler,0,0,691.9,11264.0,32,2.505
2026-06-26T15:38:02.604530+00:00,scheduler,1,0,453.9,11264.0,29,2.404
2026-06-26T15:38:07.616958+00:00,scheduler,0,0,691.9,11264.0,32,2.088
2026-06-26T15:38:07.616958+00:00,scheduler,1,0,453.9,11264.0,29,2.355
2026-06-26T15:38:12.629330+00:00,scheduler,0,0,691.9,11264.0,32,2.412
2026-06-26T15:38:12.629330+00:00,scheduler,1,0,453.9,11264.0,29,2.166
2026-06-26T15:38:17.641709+00:00,scheduler,0,0,691.9,11264.0,32,2.646
2026-06-26T15:38:17.641709+00:00,scheduler,1,0,453.9,11264.0,29,2.196
2026-06-26T15:38:22.654100+00:00,scheduler,0,0,691.9,11264.0,32,2.368
2026-06-26T15:38:22.654100+00:00,scheduler,1,0,453.9,11264.0,29,2.608
2026-06-26T15:38:27.666447+00:00,scheduler,0,0,691.9,11264.0,32,2.252
2026-06-26T15:38:27.666447+00:00,scheduler,1,0,453.9,11264.0,29,2.291
2026-06-26T15:38:32.678898+00:00,scheduler,0,0,691.9,11264.0,32,2.361
2026-06-26T15:38:32.678898+00:00,scheduler,1,0,453.9,11264.0,29,2.397
2026-06-26T15:38:37.691014+00:00,scheduler,0,0,691.9,11264.0,32,2.173
2026-06-26T15:38:37.691014+00:00,scheduler,1,0,453.9,11264.0,29,2.828
2026-06-26T15:38:42.702894+00:00,scheduler,0,0,691.9,11264.0,32,2.192
2026-06-26T15:38:42.702894+00:00,scheduler,1,0,453.9,11264.0,29,2.152
2026-06-26T15:38:47.714829+00:00,scheduler,0,0,691.9,11264.0,32,2.605
2026-06-26T15:38:47.714829+00:00,scheduler,1,0,453.9,11264.0,29,3.181
2026-06-26T15:38:52.726879+00:00,scheduler,0,0,691.9,11264.0,32,2.179
2026-06-26T15:38:52.726879+00:00,scheduler,1,0,453.9,11264.0,29,2.48
2026-06-26T15:38:57.738886+00:00,scheduler,0,0,691.9,11264.0,32,2.221
2026-06-26T15:38:57.738886+00:00,scheduler,1,0,453.9,11264.0,29,2.546
2026-06-26T15:39:02.750969+00:00,scheduler,0,0,691.9,11264.0,32,2.428
2026-06-26T15:39:02.750969+00:00,scheduler,1,0,453.9,11264.0,29,2.7
2026-06-26T15:39:07.762950+00:00,scheduler,0,0,691.9,11264.0,32,2.947
2026-06-26T15:39:07.762950+00:00,scheduler,1,0,453.9,11264.0,29,2.947
2026-06-26T15:39:12.774933+00:00,scheduler,0,0,691.9,11264.0,32,2.184
2026-06-26T15:39:12.774933+00:00,scheduler,1,0,453.9,11264.0,29,2.592
2026-06-26T15:39:17.787101+00:00,scheduler,0,0,691.9,11264.0,32,2.43
2026-06-26T15:39:17.787101+00:00,scheduler,1,0,453.9,11264.0,29,2.667
2026-06-26T15:39:22.799421+00:00,scheduler,0,0,691.9,11264.0,32,2.189
2026-06-26T15:39:22.799421+00:00,scheduler,1,0,453.9,11264.0,29,2.608
2026-06-26T15:39:27.811908+00:00,scheduler,0,0,691.9,11264.0,32,2.725
2026-06-26T15:39:27.811908+00:00,scheduler,1,0,453.9,11264.0,29,2.444
2026-06-26T15:39:32.823893+00:00,scheduler,0,0,691.9,11264.0,32,2.55
2026-06-26T15:39:32.823893+00:00,scheduler,1,0,453.9,11264.0,29,2.488
2026-06-26T15:39:37.835878+00:00,scheduler,0,0,691.9,11264.0,32,2.611
2026-06-26T15:39:37.835878+00:00,scheduler,1,0,453.9,11264.0,29,2.804
2026-06-26T15:39:42.848123+00:00,scheduler,0,0,691.9,11264.0,32,2.188
2026-06-26T15:39:42.848123+00:00,scheduler,1,0,453.9,11264.0,29,2.831
2026-06-26T15:39:47.860360+00:00,scheduler,0,0,691.9,11264.0,32,2.013
2026-06-26T15:39:47.860360+00:00,scheduler,1,0,453.9,11264.0,29,2.331
2026-06-26T15:39:52.872592+00:00,scheduler,0,0,691.9,11264.0,32,2.124
2026-06-26T15:39:52.872592+00:00,scheduler,1,0,453.9,11264.0,29,2.428
2026-06-26T15:39:57.884663+00:00,scheduler,0,0,691.9,11264.0,32,2.734
2026-06-26T15:39:57.884663+00:00,scheduler,1,0,453.9,11264.0,29,2.751
2026-06-26T15:40:02.896965+00:00,scheduler,0,0,691.9,11264.0,32,2.29
2026-06-26T15:40:02.896965+00:00,scheduler,1,0,453.9,11264.0,29,2.673
2026-06-26T15:40:07.909286+00:00,scheduler,0,0,691.9,11264.0,32,1.822
2026-06-26T15:40:07.909286+00:00,scheduler,1,0,453.9,11264.0,29,2.445
2026-06-26T15:40:12.921651+00:00,scheduler,0,0,691.9,11264.0,32,3.012
2026-06-26T15:40:12.921651+00:00,scheduler,1,0,453.9,11264.0,29,2.78
2026-06-26T15:40:17.934016+00:00,scheduler,0,0,691.9,11264.0,32,3.159
2026-06-26T15:40:17.934016+00:00,scheduler,1,0,453.9,11264.0,29,2.348
2026-06-26T15:40:22.946162+00:00,scheduler,0,0,691.9,11264.0,32,2.456
2026-06-26T15:40:22.946162+00:00,scheduler,1,0,453.9,11264.0,29,2.625
2026-06-26T15:40:27.958356+00:00,scheduler,0,0,691.9,11264.0,32,3.112
2026-06-26T15:40:27.958356+00:00,scheduler,1,0,453.9,11264.0,29,2.739
2026-06-26T15:40:32.970881+00:00,scheduler,0,0,691.9,11264.0,32,2.887
2026-06-26T15:40:32.970881+00:00,scheduler,1,0,453.9,11264.0,29,2.668
2026-06-26T15:40:37.983153+00:00,scheduler,0,0,691.9,11264.0,32,2.971
2026-06-26T15:40:37.983153+00:00,scheduler,1,0,453.9,11264.0,29,2.501
2026-06-26T15:40:42.995443+00:00,scheduler,0,0,691.9,11264.0,32,2.858
2026-06-26T15:40:42.995443+00:00,scheduler,1,0,453.9,11264.0,29,2.483
2026-06-26T15:40:48.007940+00:00,scheduler,0,0,691.9,11264.0,32,2.682
2026-06-26T15:40:48.007940+00:00,scheduler,1,0,453.9,11264.0,29,2.151
2026-06-26T15:40:53.020188+00:00,scheduler,0,0,691.9,11264.0,32,2.654
2026-06-26T15:40:53.020188+00:00,scheduler,1,0,453.9,11264.0,29,2.482
2026-06-26T15:40:58.032440+00:00,scheduler,0,0,691.9,11264.0,32,2.614
2026-06-26T15:40:58.032440+00:00,scheduler,1,0,453.9,11264.0,29,2.404
2026-06-26T15:41:03.044658+00:00,scheduler,0,0,691.9,11264.0,32,2.823
2026-06-26T15:41:03.044658+00:00,scheduler,1,0,453.9,11264.0,29,2.561
2026-06-26T15:41:08.056968+00:00,scheduler,0,0,691.9,11264.0,32,2.754
2026-06-26T15:41:08.056968+00:00,scheduler,1,0,453.9,11264.0,29,2.442
2026-06-26T15:41:13.069341+00:00,scheduler,0,0,691.9,11264.0,32,2.548
2026-06-26T15:41:13.069341+00:00,scheduler,1,0,453.9,11264.0,29,2.247
2026-06-26T15:41:18.081382+00:00,scheduler,0,0,691.9,11264.0,32,2.821
2026-06-26T15:41:18.081382+00:00,scheduler,1,0,453.9,11264.0,29,2.493
2026-06-26T15:41:23.093635+00:00,scheduler,0,0,691.9,11264.0,32,2.804
2026-06-26T15:41:23.093635+00:00,scheduler,1,0,453.9,11264.0,29,2.531
2026-06-26T15:41:28.105565+00:00,scheduler,0,0,691.9,11264.0,32,2.371
2026-06-26T15:41:28.105565+00:00,scheduler,1,0,453.9,11264.0,29,2.43
2026-06-26T15:41:33.117491+00:00,scheduler,0,0,691.9,11264.0,32,2.906
2026-06-26T15:41:33.117491+00:00,scheduler,1,0,453.9,11264.0,29,2.354
2026-06-26T15:41:38.129522+00:00,scheduler,0,0,691.9,11264.0,32,2.558
2026-06-26T15:41:38.129522+00:00,scheduler,1,0,453.9,11264.0,29,2.369
2026-06-26T15:41:43.141622+00:00,scheduler,0,0,691.9,11264.0,32,2.897
2026-06-26T15:41:43.141622+00:00,scheduler,1,0,453.9,11264.0,29,2.318
2026-06-26T15:41:48.153624+00:00,scheduler,0,0,691.9,11264.0,32,2.557
2026-06-26T15:41:48.153624+00:00,scheduler,1,0,453.9,11264.0,29,2.691
2026-06-26T15:41:53.165767+00:00,scheduler,0,0,691.9,11264.0,32,3.122
2026-06-26T15:41:53.165767+00:00,scheduler,1,0,453.9,11264.0,29,2.873
2026-06-26T15:41:58.177865+00:00,scheduler,0,0,691.9,11264.0,32,2.88
2026-06-26T15:41:58.177865+00:00,scheduler,1,0,453.9,11264.0,29,2.657
2026-06-26T15:42:03.190438+00:00,scheduler,0,0,691.9,11264.0,32,2.686
2026-06-26T15:42:03.190438+00:00,scheduler,1,0,453.9,11264.0,29,2.32
2026-06-26T15:42:08.202724+00:00,scheduler,0,0,691.9,11264.0,32,2.864
2026-06-26T15:42:08.202724+00:00,scheduler,1,0,453.9,11264.0,29,3.086
2026-06-26T15:42:13.214936+00:00,scheduler,0,0,691.9,11264.0,32,2.406
2026-06-26T15:42:13.214936+00:00,scheduler,1,0,453.9,11264.0,29,2.424
2026-06-26T15:42:18.227075+00:00,scheduler,0,0,691.9,11264.0,32,2.861
2026-06-26T15:42:18.227075+00:00,scheduler,1,0,453.9,11264.0,29,3.09
2026-06-26T15:42:23.239560+00:00,scheduler,0,0,691.9,11264.0,32,2.426
2026-06-26T15:42:23.239560+00:00,scheduler,1,0,453.9,11264.0,29,2.676
2026-06-26T15:42:28.251769+00:00,scheduler,0,0,691.9,11264.0,32,2.795
2026-06-26T15:42:28.251769+00:00,scheduler,1,0,453.9,11264.0,29,2.651
2026-06-26T15:42:33.263938+00:00,scheduler,0,0,691.9,11264.0,32,2.346
2026-06-26T15:42:33.263938+00:00,scheduler,1,0,453.9,11264.0,29,2.254
2026-06-26T15:42:38.276088+00:00,scheduler,0,0,691.9,11264.0,32,2.74
2026-06-26T15:42:38.276088+00:00,scheduler,1,0,453.9,11264.0,29,2.855
2026-06-26T15:42:43.288306+00:00,scheduler,0,0,691.9,11264.0,32,2.653
2026-06-26T15:42:43.288306+00:00,scheduler,1,0,453.9,11264.0,29,2.737
2026-06-26T15:42:48.300458+00:00,scheduler,0,0,691.9,11264.0,32,2.984
2026-06-26T15:42:48.300458+00:00,scheduler,1,0,453.9,11264.0,29,2.865
2026-06-26T15:42:53.312849+00:00,scheduler,0,0,691.9,11264.0,32,2.412
2026-06-26T15:42:53.312849+00:00,scheduler,1,0,453.9,11264.0,29,2.938
2026-06-26T15:42:58.325280+00:00,scheduler,0,0,691.9,11264.0,32,2.676
2026-06-26T15:42:58.325280+00:00,scheduler,1,0,453.9,11264.0,29,2.658
2026-06-26T15:43:03.337729+00:00,scheduler,0,0,691.9,11264.0,32,2.594
2026-06-26T15:43:03.337729+00:00,scheduler,1,0,453.9,11264.0,29,2.655
2026-06-26T15:43:08.350108+00:00,scheduler,0,0,691.9,11264.0,32,2.751
2026-06-26T15:43:08.350108+00:00,scheduler,1,0,453.9,11264.0,29,2.683
2026-06-26T15:43:13.362360+00:00,scheduler,0,0,691.9,11264.0,32,2.14
2026-06-26T15:43:13.362360+00:00,scheduler,1,0,453.9,11264.0,29,2.411
2026-06-26T15:43:18.374720+00:00,scheduler,0,0,691.9,11264.0,32,2.953
2026-06-26T15:43:18.374720+00:00,scheduler,1,0,453.9,11264.0,29,2.361
2026-06-26T15:43:23.387121+00:00,scheduler,0,0,691.9,11264.0,32,2.295
2026-06-26T15:43:23.387121+00:00,scheduler,1,0,453.9,11264.0,29,3.315
2026-06-26T15:43:28.399583+00:00,scheduler,0,0,691.9,11264.0,32,2.445
2026-06-26T15:43:28.399583+00:00,scheduler,1,0,453.9,11264.0,29,2.249
2026-06-26T15:43:33.412013+00:00,scheduler,0,0,691.9,11264.0,32,2.674
2026-06-26T15:43:33.412013+00:00,scheduler,1,0,453.9,11264.0,29,2.905
2026-06-26T15:43:38.424604+00:00,scheduler,0,0,691.9,11264.0,32,2.268
2026-06-26T15:43:38.424604+00:00,scheduler,1,0,453.9,11264.0,29,2.219
2026-06-26T15:43:43.436971+00:00,scheduler,0,0,691.9,11264.0,32,2.678
2026-06-26T15:43:43.436971+00:00,scheduler,1,0,453.9,11264.0,29,2.87
2026-06-26T15:43:48.449632+00:00,scheduler,0,0,691.9,11264.0,32,2.547
2026-06-26T15:43:48.449632+00:00,scheduler,1,0,453.9,11264.0,29,2.566
2026-06-26T15:43:53.462417+00:00,scheduler,0,0,691.9,11264.0,32,2.445
2026-06-26T15:43:53.462417+00:00,scheduler,1,0,453.9,11264.0,29,2.617
2026-06-26T15:43:58.474424+00:00,scheduler,0,0,691.9,11264.0,32,2.139
2026-06-26T15:43:58.474424+00:00,scheduler,1,0,453.9,11264.0,29,2.552
2026-06-26T15:44:03.486335+00:00,scheduler,0,0,691.9,11264.0,32,2.79
2026-06-26T15:44:03.486335+00:00,scheduler,1,0,453.9,11264.0,29,2.738
2026-06-26T15:44:08.498450+00:00,scheduler,0,0,691.9,11264.0,32,2.283
2026-06-26T15:44:08.498450+00:00,scheduler,1,0,453.9,11264.0,29,2.53
2026-06-26T15:44:13.510748+00:00,scheduler,0,0,691.9,11264.0,32,2.484
2026-06-26T15:44:13.510748+00:00,scheduler,1,0,453.9,11264.0,29,2.28
2026-06-26T15:44:18.522932+00:00,scheduler,0,0,691.9,11264.0,32,2.456
2026-06-26T15:44:18.522932+00:00,scheduler,1,0,453.9,11264.0,29,2.553
2026-06-26T15:44:23.535081+00:00,scheduler,0,0,691.9,11264.0,32,2.664
2026-06-26T15:44:23.535081+00:00,scheduler,1,0,453.9,11264.0,29,2.645
2026-06-26T15:44:28.547190+00:00,scheduler,0,0,691.9,11264.0,32,2.423
2026-06-26T15:44:28.547190+00:00,scheduler,1,0,453.9,11264.0,29,2.78
2026-06-26T15:44:33.559277+00:00,scheduler,0,0,691.9,11264.0,32,2.457
2026-06-26T15:44:33.559277+00:00,scheduler,1,0,453.9,11264.0,29,2.547
2026-06-26T15:44:38.571292+00:00,scheduler,0,0,691.9,11264.0,32,2.273
2026-06-26T15:44:38.571292+00:00,scheduler,1,0,453.9,11264.0,29,2.733
2026-06-26T15:44:43.583474+00:00,scheduler,0,0,691.9,11264.0,32,2.367
2026-06-26T15:44:43.583474+00:00,scheduler,1,0,453.9,11264.0,29,2.615
2026-06-26T15:44:48.595620+00:00,scheduler,0,0,691.9,11264.0,32,2.83
2026-06-26T15:44:48.595620+00:00,scheduler,1,0,453.9,11264.0,29,2.966
2026-06-26T15:44:53.607784+00:00,scheduler,0,0,691.9,11264.0,32,2.463
2026-06-26T15:44:53.607784+00:00,scheduler,1,0,453.9,11264.0,29,2.347
2026-06-26T15:44:58.619787+00:00,scheduler,0,0,691.9,11264.0,32,2.676
2026-06-26T15:44:58.619787+00:00,scheduler,1,0,453.9,11264.0,29,3.093
2026-06-26T15:45:03.631922+00:00,scheduler,0,0,691.9,11264.0,32,2.392
2026-06-26T15:45:03.631922+00:00,scheduler,1,0,453.9,11264.0,29,2.476
2026-06-26T15:45:08.644173+00:00,scheduler,0,0,691.9,11264.0,32,2.51
2026-06-26T15:45:08.644173+00:00,scheduler,1,0,453.9,11264.0,29,2.919
2026-06-26T15:45:13.656345+00:00,scheduler,0,0,691.9,11264.0,32,2.288
2026-06-26T15:45:13.656345+00:00,scheduler,1,0,453.9,11264.0,29,2.716
2026-06-26T15:45:18.668667+00:00,scheduler,0,0,691.9,11264.0,32,2.625
2026-06-26T15:45:18.668667+00:00,scheduler,1,0,453.9,11264.0,29,2.514
2026-06-26T15:45:23.681048+00:00,scheduler,0,0,691.9,11264.0,32,2.159
2026-06-26T15:45:23.681048+00:00,scheduler,1,0,453.9,11264.0,29,2.754
2026-06-26T15:45:28.693244+00:00,scheduler,0,0,691.9,11264.0,32,2.554
2026-06-26T15:45:28.693244+00:00,scheduler,1,0,453.9,11264.0,29,2.689
2026-06-26T15:45:33.705552+00:00,scheduler,0,0,691.9,11264.0,32,2.199
2026-06-26T15:45:33.705552+00:00,scheduler,1,0,453.9,11264.0,29,3.322
2026-06-26T15:45:38.717715+00:00,scheduler,0,0,691.9,11264.0,32,2.471
2026-06-26T15:45:38.717715+00:00,scheduler,1,0,453.9,11264.0,29,2.558
2026-06-26T15:45:43.729988+00:00,scheduler,0,0,691.9,11264.0,32,2.285
2026-06-26T15:45:43.729988+00:00,scheduler,1,0,453.9,11264.0,29,2.221
2026-06-26T15:45:48.742310+00:00,scheduler,0,0,691.9,11264.0,32,2.481
2026-06-26T15:45:48.742310+00:00,scheduler,1,0,453.9,11264.0,29,2.462
2026-06-26T15:45:53.754863+00:00,scheduler,0,0,691.9,11264.0,32,2.397
2026-06-26T15:45:53.754863+00:00,scheduler,1,0,453.9,11264.0,29,2.586
2026-06-26T15:45:58.767265+00:00,scheduler,0,0,691.9,11264.0,32,2.648
2026-06-26T15:45:58.767265+00:00,scheduler,1,0,453.9,11264.0,29,2.154
2026-06-26T15:46:03.779718+00:00,scheduler,0,0,691.9,11264.0,32,2.587
2026-06-26T15:46:03.779718+00:00,scheduler,1,0,453.9,11264.0,29,3.103
2026-06-26T15:46:08.791964+00:00,scheduler,0,0,691.9,11264.0,32,2.226
2026-06-26T15:46:08.791964+00:00,scheduler,1,0,453.9,11264.0,29,2.769
2026-06-26T15:46:13.804239+00:00,scheduler,0,0,691.9,11264.0,32,2.346
2026-06-26T15:46:13.804239+00:00,scheduler,1,0,453.9,11264.0,29,3.395
2026-06-26T15:46:18.816264+00:00,scheduler,0,0,691.9,11264.0,32,2.315
2026-06-26T15:46:18.816264+00:00,scheduler,1,0,453.9,11264.0,29,2.978
2026-06-26T15:46:23.828421+00:00,scheduler,0,0,691.9,11264.0,32,1.906
2026-06-26T15:46:23.828421+00:00,scheduler,1,0,453.9,11264.0,29,3.242
2026-06-26T15:46:28.840800+00:00,scheduler,0,0,691.9,11264.0,32,2.469
2026-06-26T15:46:28.840800+00:00,scheduler,1,0,453.9,11264.0,29,2.924
2026-06-26T15:46:33.853080+00:00,scheduler,0,0,691.9,11264.0,32,2.254
2026-06-26T15:46:33.853080+00:00,scheduler,1,0,453.9,11264.0,29,3.117
2026-06-26T15:46:38.865108+00:00,scheduler,0,0,691.9,11264.0,32,2.36
2026-06-26T15:46:38.865108+00:00,scheduler,1,0,453.9,11264.0,29,3.53
2026-06-26T15:46:43.878010+00:00,scheduler,0,0,691.9,11264.0,32,1.867
2026-06-26T15:46:43.878010+00:00,scheduler,1,0,453.9,11264.0,29,2.879
2026-06-26T15:46:48.889948+00:00,scheduler,0,0,691.9,11264.0,32,2.671
2026-06-26T15:46:48.889948+00:00,scheduler,1,0,453.9,11264.0,29,2.975
2026-06-26T15:46:53.902049+00:00,scheduler,0,0,691.9,11264.0,32,2.188
2026-06-26T15:46:53.902049+00:00,scheduler,1,0,453.9,11264.0,29,3.2
2026-06-26T15:46:58.914332+00:00,scheduler,0,0,691.9,11264.0,32,2.155
2026-06-26T15:46:58.914332+00:00,scheduler,1,0,453.9,11264.0,29,2.894
2026-06-26T15:47:03.926325+00:00,scheduler,0,0,691.9,11264.0,32,2.466
2026-06-26T15:47:03.926325+00:00,scheduler,1,0,453.9,11264.0,29,2.989
2026-06-26T15:47:08.938429+00:00,scheduler,0,0,691.9,11264.0,32,2.109
2026-06-26T15:47:08.938429+00:00,scheduler,1,0,453.9,11264.0,29,3.044
2026-06-26T15:47:13.950307+00:00,scheduler,0,0,691.9,11264.0,32,2.28
2026-06-26T15:47:13.950307+00:00,scheduler,1,0,453.9,11264.0,29,2.71
2026-06-26T15:47:18.962309+00:00,scheduler,0,0,691.9,11264.0,32,2.083
2026-06-26T15:47:18.962309+00:00,scheduler,1,0,453.9,11264.0,29,3.261
2026-06-26T15:47:23.974813+00:00,scheduler,0,0,691.9,11264.0,32,2.123
2026-06-26T15:47:23.974813+00:00,scheduler,1,0,453.9,11264.0,29,2.951
2026-06-26T15:47:28.986863+00:00,scheduler,0,0,691.9,11264.0,32,2.155
2026-06-26T15:47:28.986863+00:00,scheduler,1,0,453.9,11264.0,29,3.293
2026-06-26T15:47:33.998964+00:00,scheduler,0,0,691.9,11264.0,32,2.197
2026-06-26T15:47:33.998964+00:00,scheduler,1,0,453.9,11264.0,29,2.867
2026-06-26T15:47:39.011291+00:00,scheduler,0,0,691.9,11264.0,32,1.913
2026-06-26T15:47:39.011291+00:00,scheduler,1,0,453.9,11264.0,29,3.427
2026-06-26T15:47:44.023663+00:00,scheduler,0,0,691.9,11264.0,32,2.642
2026-06-26T15:47:44.023663+00:00,scheduler,1,0,453.9,11264.0,29,3.098
2026-06-26T15:47:49.035804+00:00,scheduler,0,0,691.9,11264.0,32,2.065
2026-06-26T15:47:49.035804+00:00,scheduler,1,0,453.9,11264.0,29,3.305
2026-06-26T15:47:54.049680+00:00,scheduler,0,0,691.9,11264.0,32,2.396
2026-06-26T15:47:54.049680+00:00,scheduler,1,0,453.9,11264.0,29,3.116
2026-06-26T15:47:59.061899+00:00,scheduler,0,0,691.9,11264.0,32,2.527
2026-06-26T15:47:59.061899+00:00,scheduler,1,0,453.9,11264.0,29,3.052
2026-06-26T15:48:04.074009+00:00,scheduler,0,0,691.9,11264.0,32,2.372
2026-06-26T15:48:04.074009+00:00,scheduler,1,0,453.9,11264.0,29,3.517
2026-06-26T15:48:09.087147+00:00,scheduler,0,0,691.9,11264.0,32,2.077
2026-06-26T15:48:09.087147+00:00,scheduler,1,0,453.9,11264.0,29,3.182
2026-06-26T15:48:14.099320+00:00,scheduler,0,0,691.9,11264.0,32,2.295
2026-06-26T15:48:14.099320+00:00,scheduler,1,0,453.9,11264.0,29,3.695
2026-06-26T15:48:19.111622+00:00,scheduler,0,0,691.9,11264.0,32,2.407
2026-06-26T15:48:19.111622+00:00,scheduler,1,0,453.9,11264.0,29,2.875
2026-06-26T15:48:24.123892+00:00,scheduler,0,0,691.9,11264.0,32,2.195
2026-06-26T15:48:24.123892+00:00,scheduler,1,0,453.9,11264.0,29,2.776
2026-06-26T15:48:29.135903+00:00,scheduler,0,0,691.9,11264.0,32,2.264
2026-06-26T15:48:29.135903+00:00,scheduler,1,0,453.9,11264.0,29,2.714
2026-06-26T15:48:34.147979+00:00,scheduler,0,0,691.9,11264.0,32,2.575
2026-06-26T15:48:34.147979+00:00,scheduler,1,0,453.9,11264.0,29,2.361
2026-06-26T15:48:39.160591+00:00,scheduler,0,0,691.9,11264.0,32,2.341
2026-06-26T15:48:39.160591+00:00,scheduler,1,0,453.9,11264.0,29,2.667
2026-06-26T15:48:44.174722+00:00,scheduler,0,0,691.9,11264.0,32,2.49
2026-06-26T15:48:44.174722+00:00,scheduler,1,0,453.9,11264.0,29,2.487
2026-06-26T15:48:49.187280+00:00,scheduler,0,0,691.9,11264.0,32,2.736
2026-06-26T15:48:49.187280+00:00,scheduler,1,0,453.9,11264.0,29,2.876
2026-06-26T15:48:54.199659+00:00,scheduler,0,0,691.9,11264.0,32,2.309
2026-06-26T15:48:54.199659+00:00,scheduler,1,0,453.9,11264.0,29,2.448
2026-06-26T15:48:59.211952+00:00,scheduler,0,0,691.9,11264.0,32,2.678
2026-06-26T15:48:59.211952+00:00,scheduler,1,0,453.9,11264.0,29,2.482
2026-06-26T15:49:04.224420+00:00,scheduler,0,0,691.9,11264.0,32,2.437
2026-06-26T15:49:04.224420+00:00,scheduler,1,0,453.9,11264.0,29,2.678
2026-06-26T15:49:09.236917+00:00,scheduler,0,0,691.9,11264.0,32,2.976
2026-06-26T15:49:09.236917+00:00,scheduler,1,0,453.9,11264.0,29,2.987
2026-06-26T15:49:14.249389+00:00,scheduler,0,0,691.9,11264.0,32,2.442
2026-06-26T15:49:14.249389+00:00,scheduler,1,0,453.9,11264.0,29,2.808
2026-06-26T15:49:19.261436+00:00,scheduler,0,0,691.9,11264.0,32,2.738
2026-06-26T15:49:19.261436+00:00,scheduler,1,0,453.9,11264.0,29,2.663
2026-06-26T15:49:24.273692+00:00,scheduler,0,0,691.9,11264.0,32,2.85
2026-06-26T15:49:24.273692+00:00,scheduler,1,0,453.9,11264.0,29,2.773
2026-06-26T15:49:29.285592+00:00,scheduler,0,0,691.9,11264.0,32,2.647
2026-06-26T15:49:29.285592+00:00,scheduler,1,0,453.9,11264.0,29,2.807
2026-06-26T15:49:34.297594+00:00,scheduler,0,0,691.9,11264.0,32,2.681
2026-06-26T15:49:34.297594+00:00,scheduler,1,0,453.9,11264.0,29,2.725
2026-06-26T15:49:39.309807+00:00,scheduler,0,0,691.9,11264.0,32,2.576
2026-06-26T15:49:39.309807+00:00,scheduler,1,0,453.9,11264.0,29,2.934
2026-06-26T15:49:44.321590+00:00,scheduler,0,0,691.9,11264.0,32,2.691
2026-06-26T15:49:44.321590+00:00,scheduler,1,0,453.9,11264.0,29,2.804
2026-06-26T15:49:49.333720+00:00,scheduler,0,0,691.9,11264.0,32,2.537
2026-06-26T15:49:49.333720+00:00,scheduler,1,0,453.9,11264.0,29,2.737
2026-06-26T15:49:54.345779+00:00,scheduler,0,0,691.9,11264.0,32,3.027
2026-06-26T15:49:54.345779+00:00,scheduler,1,0,453.9,11264.0,29,3.151
2026-06-26T15:49:59.357884+00:00,scheduler,0,0,691.9,11264.0,32,2.612
2026-06-26T15:49:59.357884+00:00,scheduler,1,0,453.9,11264.0,29,2.799
2026-06-26T15:50:04.369969+00:00,scheduler,0,0,691.9,11264.0,32,2.962
2026-06-26T15:50:04.369969+00:00,scheduler,1,0,453.9,11264.0,29,3.365
2026-06-26T15:50:09.382086+00:00,scheduler,0,0,691.9,11264.0,32,2.8
2026-06-26T15:50:09.382086+00:00,scheduler,1,0,453.9,11264.0,29,2.721
2026-06-26T15:50:14.394239+00:00,scheduler,0,0,691.9,11264.0,32,3.233
2026-06-26T15:50:14.394239+00:00,scheduler,1,0,453.9,11264.0,29,3.149
2026-06-26T15:50:19.406384+00:00,scheduler,0,0,691.9,11264.0,32,2.987
2026-06-26T15:50:19.406384+00:00,scheduler,1,0,453.9,11264.0,29,2.86
2026-06-26T15:50:24.418298+00:00,scheduler,0,0,691.9,11264.0,32,2.649
2026-06-26T15:50:24.418298+00:00,scheduler,1,0,453.9,11264.0,29,2.992
2026-06-26T15:50:29.430258+00:00,scheduler,0,0,691.9,11264.0,32,2.542
2026-06-26T15:50:29.430258+00:00,scheduler,1,0,453.9,11264.0,29,2.764
2026-06-26T15:50:34.442350+00:00,scheduler,0,0,691.9,11264.0,32,2.185
2026-06-26T15:50:34.442350+00:00,scheduler,1,0,453.9,11264.0,29,2.74
2026-06-26T15:50:39.454234+00:00,scheduler,0,0,691.9,11264.0,32,2.565
2026-06-26T15:50:39.454234+00:00,scheduler,1,0,453.9,11264.0,29,2.728
2026-06-26T15:50:44.466591+00:00,scheduler,0,0,691.9,11264.0,32,2.621
2026-06-26T15:50:44.466591+00:00,scheduler,1,0,453.9,11264.0,29,3.208
2026-06-26T15:50:49.478850+00:00,scheduler,0,0,691.9,11264.0,32,2.257
2026-06-26T15:50:49.478850+00:00,scheduler,1,0,453.9,11264.0,29,2.479
2026-06-26T15:50:54.491053+00:00,scheduler,0,0,691.9,11264.0,32,2.543
2026-06-26T15:50:54.491053+00:00,scheduler,1,0,453.9,11264.0,29,2.904
2026-06-26T15:50:59.503183+00:00,scheduler,0,0,691.9,11264.0,32,2.587
2026-06-26T15:50:59.503183+00:00,scheduler,1,0,453.9,11264.0,29,2.456
2026-06-26T15:51:04.515357+00:00,scheduler,0,0,691.9,11264.0,32,2.922
2026-06-26T15:51:04.515357+00:00,scheduler,1,0,453.9,11264.0,29,3.196
2026-06-26T15:51:09.527816+00:00,scheduler,0,0,691.9,11264.0,32,2.551
2026-06-26T15:51:09.527816+00:00,scheduler,1,0,453.9,11264.0,29,2.867
2026-06-26T15:51:14.540205+00:00,scheduler,0,0,691.9,11264.0,32,2.416
2026-06-26T15:51:14.540205+00:00,scheduler,1,0,453.9,11264.0,29,2.417
2026-06-26T15:51:19.552629+00:00,scheduler,0,0,691.9,11264.0,32,2.6
2026-06-26T15:51:19.552629+00:00,scheduler,1,0,453.9,11264.0,29,2.765
2026-06-26T15:51:24.565003+00:00,scheduler,0,0,691.9,11264.0,32,2.649
2026-06-26T15:51:24.565003+00:00,scheduler,1,0,453.9,11264.0,29,2.738
2026-06-26T15:51:29.577563+00:00,scheduler,0,0,691.9,11264.0,32,2.394
2026-06-26T15:51:29.577563+00:00,scheduler,1,0,453.9,11264.0,29,2.637
2026-06-26T15:51:34.589860+00:00,scheduler,0,0,691.9,11264.0,32,2.639
2026-06-26T15:51:34.589860+00:00,scheduler,1,0,453.9,11264.0,29,2.492
2026-06-26T15:51:39.602340+00:00,scheduler,0,0,691.9,11264.0,32,2.209
2026-06-26T15:51:39.602340+00:00,scheduler,1,0,453.9,11264.0,29,3.282
2026-06-26T15:51:44.614681+00:00,scheduler,0,0,691.9,11264.0,32,2.451
2026-06-26T15:51:44.614681+00:00,scheduler,1,0,453.9,11264.0,29,3.131
2026-06-26T15:51:49.627106+00:00,scheduler,0,0,691.9,11264.0,32,2.661
2026-06-26T15:51:49.627106+00:00,scheduler,1,0,453.9,11264.0,29,3.629
2026-06-26T15:51:54.639572+00:00,scheduler,0,0,691.9,11264.0,32,2.686
2026-06-26T15:51:54.639572+00:00,scheduler,1,0,453.9,11264.0,29,2.933
2026-06-26T15:51:59.651647+00:00,scheduler,0,0,691.9,11264.0,32,2.388
2026-06-26T15:51:59.651647+00:00,scheduler,1,0,453.9,11264.0,29,3.574
2026-06-26T15:52:04.663681+00:00,scheduler,0,0,691.9,11264.0,32,2.688
2026-06-26T15:52:04.663681+00:00,scheduler,1,0,453.9,11264.0,29,3.298
2026-06-26T15:52:09.675706+00:00,scheduler,0,0,691.9,11264.0,32,2.572
2026-06-26T15:52:09.675706+00:00,scheduler,1,0,453.9,11264.0,29,3.567
2026-06-26T15:52:14.687760+00:00,scheduler,0,0,691.9,11264.0,32,2.319
2026-06-26T15:52:14.687760+00:00,scheduler,1,0,453.9,11264.0,29,2.902
2026-06-26T15:52:19.699763+00:00,scheduler,0,0,691.9,11264.0,32,2.347
2026-06-26T15:52:19.699763+00:00,scheduler,1,0,453.9,11264.0,29,3.751
2026-06-26T15:52:24.711828+00:00,scheduler,0,0,691.9,11264.0,32,2.098
2026-06-26T15:52:24.711828+00:00,scheduler,1,0,453.9,11264.0,29,2.994
2026-06-26T15:52:29.723811+00:00,scheduler,0,0,691.9,11264.0,32,2.698
2026-06-26T15:52:29.723811+00:00,scheduler,1,0,453.9,11264.0,29,3.165
2026-06-26T15:52:34.735893+00:00,scheduler,0,0,691.9,11264.0,32,2.233
2026-06-26T15:52:34.735893+00:00,scheduler,1,0,453.9,11264.0,29,3.714
2026-06-26T15:52:39.747902+00:00,scheduler,0,0,691.9,11264.0,32,2.609
2026-06-26T15:52:39.747902+00:00,scheduler,1,0,453.9,11264.0,29,3.218
2026-06-26T15:52:44.759915+00:00,scheduler,0,0,691.9,11264.0,32,2.273
2026-06-26T15:52:44.759915+00:00,scheduler,1,0,453.9,11264.0,29,3.114
2026-06-26T15:52:49.772105+00:00,scheduler,0,0,691.9,11264.0,32,2.754
2026-06-26T15:52:49.772105+00:00,scheduler,1,0,453.9,11264.0,29,3.086
2026-06-26T15:52:54.784188+00:00,scheduler,0,0,691.9,11264.0,32,2.603
2026-06-26T15:52:54.784188+00:00,scheduler,1,0,453.9,11264.0,29,3.08
2026-06-26T15:52:59.796446+00:00,scheduler,0,0,691.9,11264.0,32,2.649
2026-06-26T15:52:59.796446+00:00,scheduler,1,0,453.9,11264.0,29,3.182
2026-06-26T15:53:04.808564+00:00,scheduler,0,0,691.9,11264.0,32,2.23
2026-06-26T15:53:04.808564+00:00,scheduler,1,0,453.9,11264.0,29,3.031
2026-06-26T15:53:09.820654+00:00,scheduler,0,0,691.9,11264.0,32,2.466
2026-06-26T15:53:09.820654+00:00,scheduler,1,0,453.9,11264.0,29,3.26
2026-06-26T15:53:14.832910+00:00,scheduler,0,0,691.9,11264.0,32,2.245
2026-06-26T15:53:14.832910+00:00,scheduler,1,0,453.9,11264.0,29,3.574
2026-06-26T15:53:19.845068+00:00,scheduler,0,0,691.9,11264.0,32,2.292
2026-06-26T15:53:19.845068+00:00,scheduler,1,0,453.9,11264.0,29,3.339
2026-06-26T15:53:24.857425+00:00,scheduler,0,0,847.9,11264.0,34,50.855
2026-06-26T15:53:24.857425+00:00,scheduler,1,0,453.9,11264.0,29,3.472
2026-06-26T15:53:29.866392+00:00,scheduler,0,0,847.9,11264.0,36,51.268
2026-06-26T15:53:29.866392+00:00,scheduler,1,0,453.9,11264.0,29,3.022
