timestamp,worker_id,gpu_id,util_percent,memory_used_mb,memory_total_mb,temp_c,power_w
2026-05-22T06:47:44.980298+00:00,scheduler,0,0,400.8,10240.0,32,33.195
2026-05-22T06:47:44.980298+00:00,scheduler,1,0,376.8,10240.0,34,26.256
2026-05-22T06:47:44.980298+00:00,scheduler,2,0,400.8,10240.0,32,25.576
2026-05-22T06:47:44.980298+00:00,scheduler,3,0,400.8,10240.0,33,31.866
2026-05-22T06:47:50.043141+00:00,scheduler,0,0,621.9,10240.0,35,102.837
2026-05-22T06:47:50.043141+00:00,scheduler,1,0,376.8,10240.0,34,26.298
2026-05-22T06:47:50.043141+00:00,scheduler,2,0,400.8,10240.0,32,25.521
2026-05-22T06:47:50.043141+00:00,scheduler,3,0,400.8,10240.0,33,31.849
2026-05-22T06:47:55.044511+00:00,scheduler,0,0,621.9,10240.0,36,103.069
2026-05-22T06:47:55.044511+00:00,scheduler,1,0,376.8,10240.0,34,26.277
2026-05-22T06:47:55.044511+00:00,scheduler,2,0,400.8,10240.0,32,25.687
2026-05-22T06:47:55.044511+00:00,scheduler,3,0,400.8,10240.0,33,31.933
2026-05-22T06:48:00.045490+00:00,scheduler,0,0,621.9,10240.0,36,103.128
2026-05-22T06:48:00.045490+00:00,scheduler,1,0,376.8,10240.0,34,26.138
2026-05-22T06:48:00.045490+00:00,scheduler,2,0,400.8,10240.0,32,25.667
2026-05-22T06:48:00.045490+00:00,scheduler,3,0,400.8,10240.0,33,31.605
2026-05-22T06:48:05.046269+00:00,scheduler,0,0,621.9,10240.0,33,35.817
2026-05-22T06:48:05.046269+00:00,scheduler,1,0,376.8,10240.0,34,26.299
2026-05-22T06:48:05.046269+00:00,scheduler,2,0,400.8,10240.0,32,25.655
2026-05-22T06:48:05.046269+00:00,scheduler,3,0,400.8,10240.0,33,31.783
2026-05-22T06:48:10.047248+00:00,scheduler,0,0,621.9,10240.0,33,33.469
2026-05-22T06:48:10.047248+00:00,scheduler,1,0,376.8,10240.0,34,25.901
2026-05-22T06:48:10.047248+00:00,scheduler,2,0,400.8,10240.0,32,25.751
2026-05-22T06:48:10.047248+00:00,scheduler,3,0,400.8,10240.0,33,31.872
2026-05-22T06:48:15.048033+00:00,scheduler,0,0,621.9,10240.0,33,33.397
2026-05-22T06:48:15.048033+00:00,scheduler,1,0,376.8,10240.0,34,26.254
2026-05-22T06:48:15.048033+00:00,scheduler,2,0,400.8,10240.0,32,25.701
2026-05-22T06:48:15.048033+00:00,scheduler,3,0,400.8,10240.0,33,31.774
2026-05-22T06:48:20.048764+00:00,scheduler,0,0,621.9,10240.0,33,33.194
2026-05-22T06:48:20.048764+00:00,scheduler,1,0,376.8,10240.0,34,26.2
2026-05-22T06:48:20.048764+00:00,scheduler,2,0,400.8,10240.0,32,25.563
2026-05-22T06:48:20.048764+00:00,scheduler,3,0,400.8,10240.0,33,31.807
2026-05-22T06:48:25.049586+00:00,scheduler,0,0,621.9,10240.0,33,33.405
2026-05-22T06:48:25.049586+00:00,scheduler,1,0,376.8,10240.0,34,26.399
2026-05-22T06:48:25.049586+00:00,scheduler,2,0,400.8,10240.0,32,25.521
2026-05-22T06:48:25.049586+00:00,scheduler,3,0,400.8,10240.0,33,31.761
2026-05-22T06:48:30.050192+00:00,scheduler,0,0,621.9,10240.0,33,33.252
2026-05-22T06:48:30.050192+00:00,scheduler,1,0,376.8,10240.0,34,26.153
2026-05-22T06:48:30.050192+00:00,scheduler,2,0,400.8,10240.0,33,25.592
2026-05-22T06:48:30.050192+00:00,scheduler,3,0,400.8,10240.0,33,31.881
2026-05-22T06:48:35.051048+00:00,scheduler,0,0,2045.9,10240.0,35,57.089
2026-05-22T06:48:35.051048+00:00,scheduler,1,0,376.8,10240.0,34,26.157
2026-05-22T06:48:35.051048+00:00,scheduler,2,0,400.8,10240.0,33,25.497
2026-05-22T06:48:35.051048+00:00,scheduler,3,0,400.8,10240.0,33,31.8
2026-05-22T06:48:40.051998+00:00,scheduler,0,12,8405.9,10240.0,36,103.453
2026-05-22T06:48:40.051998+00:00,scheduler,1,0,376.8,10240.0,34,26.1
2026-05-22T06:48:40.051998+00:00,scheduler,2,0,400.8,10240.0,33,25.652
2026-05-22T06:48:40.051998+00:00,scheduler,3,0,400.8,10240.0,33,31.889
2026-05-22T06:48:45.053023+00:00,scheduler,0,10,8697.9,10240.0,37,103.792
2026-05-22T06:48:45.053023+00:00,scheduler,1,0,376.8,10240.0,34,26.32
2026-05-22T06:48:45.053023+00:00,scheduler,2,0,400.8,10240.0,33,25.636
2026-05-22T06:48:45.053023+00:00,scheduler,3,0,400.8,10240.0,33,32.068
2026-05-22T06:48:50.054036+00:00,scheduler,0,32,8447.9,10240.0,37,110.509
2026-05-22T06:48:50.054036+00:00,scheduler,1,0,376.8,10240.0,34,26.01
2026-05-22T06:48:50.054036+00:00,scheduler,2,0,400.8,10240.0,32,25.637
2026-05-22T06:48:50.054036+00:00,scheduler,3,0,400.8,10240.0,33,31.854
2026-05-22T06:48:55.055320+00:00,scheduler,0,100,8447.9,10240.0,49,319.015
2026-05-22T06:48:55.055320+00:00,scheduler,1,0,376.8,10240.0,34,25.381
2026-05-22T06:48:55.055320+00:00,scheduler,2,0,400.8,10240.0,33,26.194
2026-05-22T06:48:55.055320+00:00,scheduler,3,0,400.8,10240.0,33,32.355
2026-05-22T06:49:00.056377+00:00,scheduler,0,100,8447.9,10240.0,50,318.832
2026-05-22T06:49:00.056377+00:00,scheduler,1,0,376.8,10240.0,34,25.405
2026-05-22T06:49:00.056377+00:00,scheduler,2,0,400.8,10240.0,32,26.245
2026-05-22T06:49:00.056377+00:00,scheduler,3,0,400.8,10240.0,33,32.478
2026-05-22T06:49:05.057095+00:00,scheduler,0,13,8447.9,10240.0,43,120.177
2026-05-22T06:49:05.057095+00:00,scheduler,1,0,376.8,10240.0,34,25.752
2026-05-22T06:49:05.057095+00:00,scheduler,2,0,400.8,10240.0,33,25.892
2026-05-22T06:49:05.057095+00:00,scheduler,3,0,400.8,10240.0,33,31.954
2026-05-22T06:49:10.057810+00:00,scheduler,0,0,701.9,10240.0,42,134.271
2026-05-22T06:49:10.057810+00:00,scheduler,1,0,376.8,10240.0,34,25.89
2026-05-22T06:49:10.057810+00:00,scheduler,2,0,400.8,10240.0,32,25.803
2026-05-22T06:49:10.057810+00:00,scheduler,3,0,400.8,10240.0,33,31.838
2026-05-22T06:49:15.058552+00:00,scheduler,0,0,701.9,10240.0,41,104.258
2026-05-22T06:49:15.058552+00:00,scheduler,1,0,376.8,10240.0,34,26.119
2026-05-22T06:49:15.058552+00:00,scheduler,2,0,400.8,10240.0,33,25.6
2026-05-22T06:49:15.058552+00:00,scheduler,3,0,400.8,10240.0,33,31.856
2026-05-22T06:49:20.059428+00:00,scheduler,0,0,701.9,10240.0,41,104.273
2026-05-22T06:49:20.059428+00:00,scheduler,1,0,376.8,10240.0,34,26.383
2026-05-22T06:49:20.059428+00:00,scheduler,2,0,400.8,10240.0,33,25.658
2026-05-22T06:49:20.059428+00:00,scheduler,3,0,400.8,10240.0,33,31.947
2026-05-22T06:49:25.060413+00:00,scheduler,0,0,701.9,10240.0,41,104.367
2026-05-22T06:49:25.060413+00:00,scheduler,1,0,376.8,10240.0,34,26.28
2026-05-22T06:49:25.060413+00:00,scheduler,2,0,400.8,10240.0,33,25.793
2026-05-22T06:49:25.060413+00:00,scheduler,3,0,400.8,10240.0,33,31.745
2026-05-22T06:49:30.061273+00:00,scheduler,0,0,701.9,10240.0,38,33.74
2026-05-22T06:49:30.061273+00:00,scheduler,1,0,376.8,10240.0,34,26.051
2026-05-22T06:49:30.061273+00:00,scheduler,2,0,400.8,10240.0,32,25.77
2026-05-22T06:49:30.061273+00:00,scheduler,3,0,400.8,10240.0,33,31.785
2026-05-22T06:49:35.062003+00:00,scheduler,0,0,701.9,10240.0,38,33.489
2026-05-22T06:49:35.062003+00:00,scheduler,1,0,376.8,10240.0,34,26.003
2026-05-22T06:49:35.062003+00:00,scheduler,2,0,400.8,10240.0,33,25.684
2026-05-22T06:49:35.062003+00:00,scheduler,3,0,400.8,10240.0,33,31.854
2026-05-22T06:49:40.062670+00:00,scheduler,0,0,701.9,10240.0,37,33.461
2026-05-22T06:49:40.062670+00:00,scheduler,1,0,376.8,10240.0,34,26.1
2026-05-22T06:49:40.062670+00:00,scheduler,2,0,400.8,10240.0,33,25.479
2026-05-22T06:49:40.062670+00:00,scheduler,3,0,400.8,10240.0,33,31.743
2026-05-22T06:49:45.064386+00:00,scheduler,0,0,701.9,10240.0,37,33.368
2026-05-22T06:49:45.064386+00:00,scheduler,1,0,376.8,10240.0,34,26.047
2026-05-22T06:49:45.064386+00:00,scheduler,2,0,400.8,10240.0,33,25.66
2026-05-22T06:49:45.064386+00:00,scheduler,3,0,400.8,10240.0,33,31.652
2026-05-22T06:49:50.065515+00:00,scheduler,0,0,4403.9,10240.0,39,52.909
2026-05-22T06:49:50.065515+00:00,scheduler,1,0,376.8,10240.0,34,26.176
2026-05-22T06:49:50.065515+00:00,scheduler,2,0,400.8,10240.0,33,25.727
2026-05-22T06:49:50.065515+00:00,scheduler,3,0,400.8,10240.0,33,31.648
2026-05-22T06:49:55.066412+00:00,scheduler,0,13,8701.9,10240.0,40,104.67
2026-05-22T06:49:55.066412+00:00,scheduler,1,0,376.8,10240.0,34,26.216
2026-05-22T06:49:55.066412+00:00,scheduler,2,0,400.8,10240.0,33,25.669
2026-05-22T06:49:55.066412+00:00,scheduler,3,0,400.8,10240.0,33,31.943
2026-05-22T06:50:00.067212+00:00,scheduler,0,31,8449.9,10240.0,46,143.511
2026-05-22T06:50:00.067212+00:00,scheduler,1,0,376.8,10240.0,34,26.304
2026-05-22T06:50:00.067212+00:00,scheduler,2,0,400.8,10240.0,33,25.625
2026-05-22T06:50:00.067212+00:00,scheduler,3,0,400.8,10240.0,33,31.794
2026-05-22T06:50:05.068077+00:00,scheduler,0,100,8449.9,10240.0,51,318.851
2026-05-22T06:50:05.068077+00:00,scheduler,1,0,376.8,10240.0,34,25.327
2026-05-22T06:50:05.068077+00:00,scheduler,2,0,400.8,10240.0,33,26.154
2026-05-22T06:50:05.068077+00:00,scheduler,3,0,400.8,10240.0,33,32.429
2026-05-22T06:50:10.068829+00:00,scheduler,0,100,8449.9,10240.0,52,318.769
2026-05-22T06:50:10.068829+00:00,scheduler,1,0,376.8,10240.0,34,25.592
2026-05-22T06:50:10.068829+00:00,scheduler,2,0,400.8,10240.0,33,26.044
2026-05-22T06:50:10.068829+00:00,scheduler,3,0,400.8,10240.0,33,32.395
2026-05-22T06:50:15.070416+00:00,scheduler,0,13,8449.9,10240.0,44,116.585
2026-05-22T06:50:15.070416+00:00,scheduler,1,0,376.8,10240.0,34,26.244
2026-05-22T06:50:15.070416+00:00,scheduler,2,0,400.8,10240.0,33,25.651
2026-05-22T06:50:15.070416+00:00,scheduler,3,0,400.8,10240.0,33,31.796
2026-05-22T06:50:20.077720+00:00,scheduler,0,0,699.9,10240.0,44,121.433
2026-05-22T06:50:20.077720+00:00,scheduler,1,0,376.8,10240.0,34,26.353
2026-05-22T06:50:20.077720+00:00,scheduler,2,0,400.8,10240.0,33,25.665
2026-05-22T06:50:20.077720+00:00,scheduler,3,0,400.8,10240.0,33,31.807
2026-05-22T06:50:25.078475+00:00,scheduler,0,0,699.9,10240.0,43,104.719
2026-05-22T06:50:25.078475+00:00,scheduler,1,0,376.8,10240.0,34,26.445
2026-05-22T06:50:25.078475+00:00,scheduler,2,0,400.8,10240.0,33,25.528
2026-05-22T06:50:25.078475+00:00,scheduler,3,0,400.8,10240.0,33,31.88
2026-05-22T06:50:30.079109+00:00,scheduler,0,0,699.9,10240.0,43,104.776
2026-05-22T06:50:30.079109+00:00,scheduler,1,0,376.8,10240.0,34,26.291
2026-05-22T06:50:30.079109+00:00,scheduler,2,0,400.8,10240.0,33,25.558
2026-05-22T06:50:30.079109+00:00,scheduler,3,0,400.8,10240.0,33,31.876
2026-05-22T06:50:35.079842+00:00,scheduler,0,0,699.9,10240.0,41,103.495
2026-05-22T06:50:35.079842+00:00,scheduler,1,0,376.8,10240.0,34,25.987
2026-05-22T06:50:35.079842+00:00,scheduler,2,0,400.8,10240.0,33,25.574
2026-05-22T06:50:35.079842+00:00,scheduler,3,0,400.8,10240.0,33,31.834
2026-05-22T06:50:40.080518+00:00,scheduler,0,0,699.9,10240.0,39,33.707
2026-05-22T06:50:40.080518+00:00,scheduler,1,0,376.8,10240.0,34,26.28
2026-05-22T06:50:40.080518+00:00,scheduler,2,0,400.8,10240.0,33,25.722
2026-05-22T06:50:40.080518+00:00,scheduler,3,0,400.8,10240.0,33,31.887
2026-05-22T06:50:45.081236+00:00,scheduler,0,0,699.9,10240.0,38,33.61
2026-05-22T06:50:45.081236+00:00,scheduler,1,0,376.8,10240.0,34,26.387
2026-05-22T06:50:45.081236+00:00,scheduler,2,0,400.8,10240.0,33,25.569
2026-05-22T06:50:45.081236+00:00,scheduler,3,0,400.8,10240.0,33,31.859
2026-05-22T06:50:50.081958+00:00,scheduler,0,0,699.9,10240.0,38,33.667
2026-05-22T06:50:50.081958+00:00,scheduler,1,0,376.8,10240.0,34,26.356
2026-05-22T06:50:50.081958+00:00,scheduler,2,0,400.8,10240.0,33,25.61
2026-05-22T06:50:50.081958+00:00,scheduler,3,0,400.8,10240.0,33,31.818
2026-05-22T06:50:55.082647+00:00,scheduler,0,0,699.9,10240.0,37,33.426
2026-05-22T06:50:55.082647+00:00,scheduler,1,0,376.8,10240.0,34,26.312
2026-05-22T06:50:55.082647+00:00,scheduler,2,0,400.8,10240.0,33,25.673
2026-05-22T06:50:55.082647+00:00,scheduler,3,0,400.8,10240.0,33,31.751
2026-05-22T06:51:00.083482+00:00,scheduler,0,0,699.9,10240.0,37,33.484
2026-05-22T06:51:00.083482+00:00,scheduler,1,0,376.8,10240.0,34,26.468
2026-05-22T06:51:00.083482+00:00,scheduler,2,0,400.8,10240.0,33,25.495
2026-05-22T06:51:00.083482+00:00,scheduler,3,0,400.8,10240.0,33,31.896
2026-05-22T06:51:05.084400+00:00,scheduler,0,0,699.9,10240.0,36,33.524
2026-05-22T06:51:05.084400+00:00,scheduler,1,0,376.8,10240.0,35,26.338
2026-05-22T06:51:05.084400+00:00,scheduler,2,0,400.8,10240.0,33,25.568
2026-05-22T06:51:05.084400+00:00,scheduler,3,0,400.8,10240.0,33,31.744
2026-05-22T06:51:10.085119+00:00,scheduler,0,0,699.9,10240.0,36,33.615
2026-05-22T06:51:10.085119+00:00,scheduler,1,0,376.8,10240.0,35,26.368
2026-05-22T06:51:10.085119+00:00,scheduler,2,0,400.8,10240.0,33,25.663
2026-05-22T06:51:10.085119+00:00,scheduler,3,0,400.8,10240.0,33,31.88
2026-05-22T06:51:15.086031+00:00,scheduler,0,0,699.9,10240.0,36,33.444
2026-05-22T06:51:15.086031+00:00,scheduler,1,0,376.8,10240.0,35,26.555
2026-05-22T06:51:15.086031+00:00,scheduler,2,0,400.8,10240.0,33,25.621
2026-05-22T06:51:15.086031+00:00,scheduler,3,0,400.8,10240.0,33,31.914
2026-05-22T06:51:20.087048+00:00,scheduler,0,0,699.9,10240.0,36,33.374
2026-05-22T06:51:20.087048+00:00,scheduler,1,0,376.8,10240.0,35,26.495
2026-05-22T06:51:20.087048+00:00,scheduler,2,0,400.8,10240.0,33,25.595
2026-05-22T06:51:20.087048+00:00,scheduler,3,0,400.8,10240.0,33,31.935
2026-05-22T06:51:25.088130+00:00,scheduler,0,0,699.9,10240.0,35,33.473
2026-05-22T06:51:25.088130+00:00,scheduler,1,0,376.8,10240.0,35,26.541
2026-05-22T06:51:25.088130+00:00,scheduler,2,0,400.8,10240.0,33,25.616
2026-05-22T06:51:25.088130+00:00,scheduler,3,0,400.8,10240.0,33,31.849
2026-05-22T06:51:30.089048+00:00,scheduler,0,0,699.9,10240.0,35,33.463
2026-05-22T06:51:30.089048+00:00,scheduler,1,0,376.8,10240.0,35,26.715
2026-05-22T06:51:30.089048+00:00,scheduler,2,0,400.8,10240.0,33,25.685
2026-05-22T06:51:30.089048+00:00,scheduler,3,0,400.8,10240.0,33,31.79
2026-05-22T06:51:35.089857+00:00,scheduler,0,92,8721.9,10240.0,40,188.261
2026-05-22T06:51:35.089857+00:00,scheduler,1,0,376.8,10240.0,35,26.299
2026-05-22T06:51:35.089857+00:00,scheduler,2,0,400.8,10240.0,33,25.708
2026-05-22T06:51:35.089857+00:00,scheduler,3,0,400.8,10240.0,33,31.999
2026-05-22T06:51:40.090688+00:00,scheduler,0,12,1815.9,10240.0,39,104.291
2026-05-22T06:51:40.090688+00:00,scheduler,1,0,376.8,10240.0,35,26.4
2026-05-22T06:51:40.090688+00:00,scheduler,2,0,400.8,10240.0,33,25.606
2026-05-22T06:51:40.090688+00:00,scheduler,3,0,400.8,10240.0,33,31.921
2026-05-22T06:51:45.091528+00:00,scheduler,0,100,8449.9,10240.0,49,316.612
2026-05-22T06:51:45.091528+00:00,scheduler,1,0,376.8,10240.0,35,25.603
2026-05-22T06:51:45.091528+00:00,scheduler,2,0,400.8,10240.0,33,26.162
2026-05-22T06:51:45.091528+00:00,scheduler,3,0,400.8,10240.0,33,32.36
2026-05-22T06:51:50.092559+00:00,scheduler,0,100,8449.9,10240.0,51,315.987
2026-05-22T06:51:50.092559+00:00,scheduler,1,0,376.8,10240.0,35,25.666
2026-05-22T06:51:50.092559+00:00,scheduler,2,0,400.8,10240.0,33,26.01
2026-05-22T06:51:50.092559+00:00,scheduler,3,0,400.8,10240.0,33,32.473
2026-05-22T06:51:55.093708+00:00,scheduler,0,100,8449.9,10240.0,52,317.064
2026-05-22T06:51:55.093708+00:00,scheduler,1,0,376.8,10240.0,35,25.707
2026-05-22T06:51:55.093708+00:00,scheduler,2,0,400.8,10240.0,33,26.091
2026-05-22T06:51:55.093708+00:00,scheduler,3,0,400.8,10240.0,33,32.258
2026-05-22T06:52:00.094576+00:00,scheduler,0,13,1979.9,10240.0,43,105.193
2026-05-22T06:52:00.094576+00:00,scheduler,1,0,376.8,10240.0,35,26.491
2026-05-22T06:52:00.094576+00:00,scheduler,2,0,400.8,10240.0,33,25.701
2026-05-22T06:52:00.094576+00:00,scheduler,3,0,400.8,10240.0,33,31.736
2026-05-22T06:52:05.095583+00:00,scheduler,0,0,699.9,10240.0,43,104.649
2026-05-22T06:52:05.095583+00:00,scheduler,1,0,376.8,10240.0,35,26.455
2026-05-22T06:52:05.095583+00:00,scheduler,2,0,400.8,10240.0,33,25.766
2026-05-22T06:52:05.095583+00:00,scheduler,3,0,400.8,10240.0,33,31.717
2026-05-22T06:52:10.096411+00:00,scheduler,0,0,699.9,10240.0,42,104.7
2026-05-22T06:52:10.096411+00:00,scheduler,1,0,376.8,10240.0,35,26.662
2026-05-22T06:52:10.096411+00:00,scheduler,2,0,400.8,10240.0,33,25.732
2026-05-22T06:52:10.096411+00:00,scheduler,3,0,400.8,10240.0,33,31.993
2026-05-22T06:52:15.097273+00:00,scheduler,0,0,699.9,10240.0,42,104.698
2026-05-22T06:52:15.097273+00:00,scheduler,1,0,376.8,10240.0,35,26.372
2026-05-22T06:52:15.097273+00:00,scheduler,2,0,400.8,10240.0,33,25.724
2026-05-22T06:52:15.097273+00:00,scheduler,3,0,400.8,10240.0,33,31.88
2026-05-22T06:52:20.098221+00:00,scheduler,0,0,699.9,10240.0,39,34.423
2026-05-22T06:52:20.098221+00:00,scheduler,1,0,376.8,10240.0,35,26.526
2026-05-22T06:52:20.098221+00:00,scheduler,2,0,400.8,10240.0,33,25.773
2026-05-22T06:52:20.098221+00:00,scheduler,3,0,400.8,10240.0,33,31.799
2026-05-22T06:52:25.099079+00:00,scheduler,0,0,699.9,10240.0,38,33.686
2026-05-22T06:52:25.099079+00:00,scheduler,1,0,376.8,10240.0,35,26.484
2026-05-22T06:52:25.099079+00:00,scheduler,2,0,400.8,10240.0,33,25.646
2026-05-22T06:52:25.099079+00:00,scheduler,3,0,400.8,10240.0,33,31.982
2026-05-22T06:52:30.099807+00:00,scheduler,0,0,699.9,10240.0,38,33.587
2026-05-22T06:52:30.099807+00:00,scheduler,1,0,376.8,10240.0,35,27.114
2026-05-22T06:52:30.099807+00:00,scheduler,2,0,400.8,10240.0,33,25.622
2026-05-22T06:52:30.099807+00:00,scheduler,3,0,400.8,10240.0,33,31.79
2026-05-22T06:52:35.100673+00:00,scheduler,0,0,699.9,10240.0,37,33.608
2026-05-22T06:52:35.100673+00:00,scheduler,1,0,376.8,10240.0,35,26.313
2026-05-22T06:52:35.100673+00:00,scheduler,2,0,400.8,10240.0,33,25.675
2026-05-22T06:52:35.100673+00:00,scheduler,3,0,400.8,10240.0,33,31.756
2026-05-22T06:52:40.101509+00:00,scheduler,0,0,699.9,10240.0,37,33.548
2026-05-22T06:52:40.101509+00:00,scheduler,1,0,376.8,10240.0,35,26.391
2026-05-22T06:52:40.101509+00:00,scheduler,2,0,400.8,10240.0,33,25.75
2026-05-22T06:52:40.101509+00:00,scheduler,3,0,400.8,10240.0,33,31.77
2026-05-22T06:52:45.102473+00:00,scheduler,0,0,699.9,10240.0,37,33.534
2026-05-22T06:52:45.102473+00:00,scheduler,1,0,376.8,10240.0,35,26.442
2026-05-22T06:52:45.102473+00:00,scheduler,2,0,400.8,10240.0,33,25.594
2026-05-22T06:52:45.102473+00:00,scheduler,3,0,400.8,10240.0,33,31.823
2026-05-22T06:52:50.103410+00:00,scheduler,0,0,699.9,10240.0,36,33.545
2026-05-22T06:52:50.103410+00:00,scheduler,1,0,376.8,10240.0,35,26.252
2026-05-22T06:52:50.103410+00:00,scheduler,2,0,400.8,10240.0,33,25.593
2026-05-22T06:52:50.103410+00:00,scheduler,3,0,400.8,10240.0,33,31.736
2026-05-22T06:52:55.104303+00:00,scheduler,0,0,699.9,10240.0,36,33.402
2026-05-22T06:52:55.104303+00:00,scheduler,1,0,376.8,10240.0,35,26.394
2026-05-22T06:52:55.104303+00:00,scheduler,2,0,400.8,10240.0,33,25.702
2026-05-22T06:52:55.104303+00:00,scheduler,3,0,400.8,10240.0,33,31.79
2026-05-22T06:53:00.105091+00:00,scheduler,0,0,921.1,10240.0,38,103.682
2026-05-22T06:53:00.105091+00:00,scheduler,1,0,376.8,10240.0,35,26.47
2026-05-22T06:53:00.105091+00:00,scheduler,2,0,400.8,10240.0,33,25.529
2026-05-22T06:53:00.105091+00:00,scheduler,3,0,400.8,10240.0,33,31.876
2026-05-22T06:53:05.105748+00:00,scheduler,0,0,921.1,10240.0,39,103.953
2026-05-22T06:53:05.105748+00:00,scheduler,1,0,376.8,10240.0,35,26.305
2026-05-22T06:53:05.105748+00:00,scheduler,2,0,400.8,10240.0,33,25.573
2026-05-22T06:53:05.105748+00:00,scheduler,3,0,621.9,10240.0,37,105.827
2026-05-22T06:53:10.106670+00:00,scheduler,0,0,921.1,10240.0,39,104.037
2026-05-22T06:53:10.106670+00:00,scheduler,1,0,376.8,10240.0,35,26.467
2026-05-22T06:53:10.106670+00:00,scheduler,2,0,400.8,10240.0,33,25.728
2026-05-22T06:53:10.106670+00:00,scheduler,3,0,621.9,10240.0,39,106.122
2026-05-22T06:53:15.107698+00:00,scheduler,0,0,921.1,10240.0,39,104.099
2026-05-22T06:53:15.107698+00:00,scheduler,1,0,376.8,10240.0,35,26.163
2026-05-22T06:53:15.107698+00:00,scheduler,2,0,400.8,10240.0,33,25.659
2026-05-22T06:53:15.107698+00:00,scheduler,3,0,621.9,10240.0,40,106.498
2026-05-22T06:53:20.108442+00:00,scheduler,0,0,921.1,10240.0,36,33.425
2026-05-22T06:53:20.108442+00:00,scheduler,1,0,597.9,10240.0,35,26.289
2026-05-22T06:53:20.108442+00:00,scheduler,2,0,621.9,10240.0,38,95.204
2026-05-22T06:53:20.108442+00:00,scheduler,3,0,621.9,10240.0,40,106.761
2026-05-22T06:53:25.109291+00:00,scheduler,0,0,921.1,10240.0,36,33.629
2026-05-22T06:53:25.109291+00:00,scheduler,1,0,597.9,10240.0,39,94.872
2026-05-22T06:53:25.109291+00:00,scheduler,2,0,621.9,10240.0,39,95.616
2026-05-22T06:53:25.109291+00:00,scheduler,3,0,621.9,10240.0,35,32.326
2026-05-22T06:53:30.109976+00:00,scheduler,0,0,921.1,10240.0,36,33.53
2026-05-22T06:53:30.109976+00:00,scheduler,1,0,597.9,10240.0,40,95.218
2026-05-22T06:53:30.109976+00:00,scheduler,2,0,621.9,10240.0,39,95.633
2026-05-22T06:53:30.109976+00:00,scheduler,3,0,621.9,10240.0,35,31.998
2026-05-22T06:53:35.111089+00:00,scheduler,0,0,921.1,10240.0,35,33.494
2026-05-22T06:53:35.111089+00:00,scheduler,1,0,597.9,10240.0,40,95.347
2026-05-22T06:53:35.111089+00:00,scheduler,2,0,621.9,10240.0,36,74.046
2026-05-22T06:53:35.111089+00:00,scheduler,3,0,621.9,10240.0,35,31.988
2026-05-22T06:53:40.111864+00:00,scheduler,0,0,921.1,10240.0,35,33.51
2026-05-22T06:53:40.111864+00:00,scheduler,1,0,597.9,10240.0,37,33.494
2026-05-22T06:53:40.111864+00:00,scheduler,2,0,621.9,10240.0,35,25.698
2026-05-22T06:53:40.111864+00:00,scheduler,3,0,621.9,10240.0,35,32.1
2026-05-22T06:53:45.112722+00:00,scheduler,0,0,921.1,10240.0,35,33.553
2026-05-22T06:53:45.112722+00:00,scheduler,1,0,597.9,10240.0,36,26.889
2026-05-22T06:53:45.112722+00:00,scheduler,2,0,621.9,10240.0,34,25.689
2026-05-22T06:53:45.112722+00:00,scheduler,3,0,621.9,10240.0,35,31.975
2026-05-22T06:53:50.113552+00:00,scheduler,0,0,921.1,10240.0,35,33.441
2026-05-22T06:53:50.113552+00:00,scheduler,1,0,597.9,10240.0,36,26.82
2026-05-22T06:53:50.113552+00:00,scheduler,2,0,621.9,10240.0,34,25.724
2026-05-22T06:53:50.113552+00:00,scheduler,3,0,621.9,10240.0,35,31.916
2026-05-22T06:53:55.114294+00:00,scheduler,0,0,921.1,10240.0,35,33.344
2026-05-22T06:53:55.114294+00:00,scheduler,1,0,597.9,10240.0,36,26.65
2026-05-22T06:53:55.114294+00:00,scheduler,2,0,621.9,10240.0,34,25.706
2026-05-22T06:53:55.114294+00:00,scheduler,3,0,621.9,10240.0,34,32.238
2026-05-22T06:54:00.115091+00:00,scheduler,0,0,921.1,10240.0,34,33.355
2026-05-22T06:54:00.115091+00:00,scheduler,1,0,597.9,10240.0,36,26.853
2026-05-22T06:54:00.115091+00:00,scheduler,2,0,621.9,10240.0,34,25.688
2026-05-22T06:54:00.115091+00:00,scheduler,3,0,621.9,10240.0,34,31.882
2026-05-22T06:54:05.115963+00:00,scheduler,0,100,8997.1,10240.0,43,132.704
2026-05-22T06:54:05.115963+00:00,scheduler,1,0,597.9,10240.0,36,26.401
2026-05-22T06:54:05.115963+00:00,scheduler,2,0,621.9,10240.0,34,25.681
2026-05-22T06:54:05.115963+00:00,scheduler,3,0,621.9,10240.0,34,32.064
2026-05-22T06:54:10.116677+00:00,scheduler,0,10,9017.1,10240.0,38,104.304
2026-05-22T06:54:10.116677+00:00,scheduler,1,0,597.9,10240.0,36,26.335
2026-05-22T06:54:10.116677+00:00,scheduler,2,0,621.9,10240.0,34,25.676
2026-05-22T06:54:10.116677+00:00,scheduler,3,35,8697.9,10240.0,39,106.866
2026-05-22T06:54:15.117570+00:00,scheduler,0,100,8747.1,10240.0,47,188.116
2026-05-22T06:54:15.117570+00:00,scheduler,1,0,597.9,10240.0,36,26.125
2026-05-22T06:54:15.117570+00:00,scheduler,2,0,621.9,10240.0,34,25.663
2026-05-22T06:54:15.117570+00:00,scheduler,3,5,8717.9,10240.0,40,107.738
2026-05-22T06:54:20.118225+00:00,scheduler,0,100,8747.1,10240.0,50,318.084
2026-05-22T06:54:20.118225+00:00,scheduler,1,34,8325.9,10240.0,40,95.82
2026-05-22T06:54:20.118225+00:00,scheduler,2,0,621.9,10240.0,34,26.374
2026-05-22T06:54:20.118225+00:00,scheduler,3,5,8717.9,10240.0,41,108.147
2026-05-22T06:54:25.118935+00:00,scheduler,0,100,8747.1,10240.0,51,316.819
2026-05-22T06:54:25.118935+00:00,scheduler,1,6,8673.9,10240.0,41,95.909
2026-05-22T06:54:25.118935+00:00,scheduler,2,27,4373.9,10240.0,38,52.651
2026-05-22T06:54:25.118935+00:00,scheduler,3,32,8445.9,10240.0,43,135.47
2026-05-22T06:54:30.119688+00:00,scheduler,0,9,8747.1,10240.0,43,112.034
2026-05-22T06:54:30.119688+00:00,scheduler,1,7,8673.9,10240.0,41,96.047
2026-05-22T06:54:30.119688+00:00,scheduler,2,7,8697.9,10240.0,40,110.011
2026-05-22T06:54:30.119688+00:00,scheduler,3,100,8447.9,10240.0,59,318.697
2026-05-22T06:54:35.120464+00:00,scheduler,0,0,1043.1,10240.0,43,134.431
2026-05-22T06:54:35.120464+00:00,scheduler,1,82,8423.9,10240.0,53,236.921
2026-05-22T06:54:35.120464+00:00,scheduler,2,5,8697.9,10240.0,40,98.013
2026-05-22T06:54:35.120464+00:00,scheduler,3,100,8447.9,10240.0,60,318.516
2026-05-22T06:54:40.121277+00:00,scheduler,0,0,1001.1,10240.0,42,104.73
2026-05-22T06:54:40.121277+00:00,scheduler,1,100,8423.9,10240.0,57,318.477
2026-05-22T06:54:40.121277+00:00,scheduler,2,5,2005.9,10240.0,41,98.552
2026-05-22T06:54:40.121277+00:00,scheduler,3,5,8447.9,10240.0,49,141.933
2026-05-22T06:54:45.122138+00:00,scheduler,0,0,1001.1,10240.0,42,104.701
2026-05-22T06:54:45.122138+00:00,scheduler,1,100,8423.9,10240.0,57,318.354
2026-05-22T06:54:45.122138+00:00,scheduler,2,100,8447.9,10240.0,57,318.532
2026-05-22T06:54:45.122138+00:00,scheduler,3,5,8447.9,10240.0,46,111.822
2026-05-22T06:54:50.122945+00:00,scheduler,0,0,1001.1,10240.0,42,104.363
2026-05-22T06:54:50.122945+00:00,scheduler,1,10,8423.9,10240.0,47,97.32
2026-05-22T06:54:50.122945+00:00,scheduler,2,100,8447.9,10240.0,60,318.83
2026-05-22T06:54:50.122945+00:00,scheduler,3,5,889.9,10240.0,46,111.37
2026-05-22T06:54:55.123714+00:00,scheduler,0,0,1001.1,10240.0,39,33.866
2026-05-22T06:54:55.123714+00:00,scheduler,1,0,677.9,10240.0,47,116.97
2026-05-22T06:54:55.123714+00:00,scheduler,2,100,8447.9,10240.0,62,318.673
2026-05-22T06:54:55.123714+00:00,scheduler,3,0,701.9,10240.0,46,111.335
2026-05-22T06:55:00.124418+00:00,scheduler,0,0,1001.1,10240.0,39,33.64
2026-05-22T06:55:00.124418+00:00,scheduler,1,0,677.9,10240.0,46,96.472
2026-05-22T06:55:00.124418+00:00,scheduler,2,6,8447.9,10240.0,46,101.126
2026-05-22T06:55:00.124418+00:00,scheduler,3,0,701.9,10240.0,46,111.02
2026-05-22T06:55:05.125068+00:00,scheduler,0,0,1001.1,10240.0,38,33.516
2026-05-22T06:55:05.125068+00:00,scheduler,1,0,677.9,10240.0,46,96.486
2026-05-22T06:55:05.125068+00:00,scheduler,2,5,8447.9,10240.0,45,100.414
2026-05-22T06:55:05.125068+00:00,scheduler,3,0,701.9,10240.0,45,110.77
2026-05-22T06:55:10.125772+00:00,scheduler,0,0,1001.1,10240.0,37,33.664
2026-05-22T06:55:10.125772+00:00,scheduler,1,0,677.9,10240.0,46,96.45
2026-05-22T06:55:10.125772+00:00,scheduler,2,0,701.9,10240.0,45,100.923
2026-05-22T06:55:10.125772+00:00,scheduler,3,0,701.9,10240.0,41,70.407
2026-05-22T06:55:15.126728+00:00,scheduler,0,0,1001.1,10240.0,37,33.491
2026-05-22T06:55:15.126728+00:00,scheduler,1,0,677.9,10240.0,42,26.871
2026-05-22T06:55:15.126728+00:00,scheduler,2,0,701.9,10240.0,45,99.72
2026-05-22T06:55:15.126728+00:00,scheduler,3,0,701.9,10240.0,40,32.485
2026-05-22T06:55:20.127388+00:00,scheduler,0,0,1001.1,10240.0,37,33.545
2026-05-22T06:55:20.127388+00:00,scheduler,1,0,677.9,10240.0,41,26.851
2026-05-22T06:55:20.127388+00:00,scheduler,2,0,701.9,10240.0,45,99.68
2026-05-22T06:55:20.127388+00:00,scheduler,3,0,701.9,10240.0,39,32.39
2026-05-22T06:55:25.128570+00:00,scheduler,0,0,1001.1,10240.0,36,33.502
2026-05-22T06:55:25.128570+00:00,scheduler,1,0,677.9,10240.0,41,26.869
2026-05-22T06:55:25.128570+00:00,scheduler,2,0,701.9,10240.0,42,85.208
2026-05-22T06:55:25.128570+00:00,scheduler,3,0,701.9,10240.0,38,32.608
2026-05-22T06:55:30.129534+00:00,scheduler,0,0,1001.1,10240.0,36,33.407
2026-05-22T06:55:30.129534+00:00,scheduler,1,0,677.9,10240.0,40,27.233
2026-05-22T06:55:30.129534+00:00,scheduler,2,0,701.9,10240.0,39,25.882
2026-05-22T06:55:30.129534+00:00,scheduler,3,0,701.9,10240.0,38,32.183
2026-05-22T06:55:35.130933+00:00,scheduler,0,11,9001.1,10240.0,40,119.933
2026-05-22T06:55:35.130933+00:00,scheduler,1,0,677.9,10240.0,40,26.473
2026-05-22T06:55:35.130933+00:00,scheduler,2,0,701.9,10240.0,39,26.016
2026-05-22T06:55:35.130933+00:00,scheduler,3,0,701.9,10240.0,37,32.434
2026-05-22T06:55:40.131695+00:00,scheduler,0,43,2563.1,10240.0,40,109.396
2026-05-22T06:55:40.131695+00:00,scheduler,1,0,677.9,10240.0,39,26.669
2026-05-22T06:55:40.131695+00:00,scheduler,2,0,701.9,10240.0,38,25.977
2026-05-22T06:55:40.131695+00:00,scheduler,3,0,701.9,10240.0,37,32.071
2026-05-22T06:55:45.132409+00:00,scheduler,0,100,8749.1,10240.0,50,319.191
2026-05-22T06:55:45.132409+00:00,scheduler,1,0,677.9,10240.0,39,26.161
2026-05-22T06:55:45.132409+00:00,scheduler,2,0,701.9,10240.0,37,26.336
2026-05-22T06:55:45.132409+00:00,scheduler,3,0,701.9,10240.0,37,32.732
2026-05-22T06:55:50.133164+00:00,scheduler,0,100,8749.1,10240.0,52,319.074
2026-05-22T06:55:50.133164+00:00,scheduler,1,0,677.9,10240.0,39,25.86
2026-05-22T06:55:50.133164+00:00,scheduler,2,0,701.9,10240.0,37,26.399
2026-05-22T06:55:50.133164+00:00,scheduler,3,0,701.9,10240.0,36,32.587
2026-05-22T06:55:55.133773+00:00,scheduler,0,8,8749.1,10240.0,46,194.528
2026-05-22T06:55:55.133773+00:00,scheduler,1,0,677.9,10240.0,39,25.872
2026-05-22T06:55:55.133773+00:00,scheduler,2,0,701.9,10240.0,37,26.347
2026-05-22T06:55:55.133773+00:00,scheduler,3,0,701.9,10240.0,36,32.486
2026-05-22T06:56:00.134453+00:00,scheduler,0,7,8749.1,10240.0,43,105.25
2026-05-22T06:56:00.134453+00:00,scheduler,1,7,8677.9,10240.0,45,115.188
2026-05-22T06:56:00.134453+00:00,scheduler,2,0,701.9,10240.0,36,26.025
2026-05-22T06:56:00.134453+00:00,scheduler,3,24,5771.9,10240.0,39,64.604
2026-05-22T06:56:05.134952+00:00,scheduler,0,0,999.1,10240.0,43,113.912
2026-05-22T06:56:05.134952+00:00,scheduler,1,7,8677.9,10240.0,44,97.023
2026-05-22T06:56:05.134952+00:00,scheduler,2,0,701.9,10240.0,36,25.882
2026-05-22T06:56:05.134952+00:00,scheduler,3,7,8701.9,10240.0,42,108.445
2026-05-22T06:56:10.135670+00:00,scheduler,0,0,999.1,10240.0,43,104.809
2026-05-22T06:56:10.135670+00:00,scheduler,1,100,8425.9,10240.0,56,281.841
2026-05-22T06:56:10.135670+00:00,scheduler,2,0,701.9,10240.0,36,25.875
2026-05-22T06:56:10.135670+00:00,scheduler,3,7,3415.9,10240.0,43,112.44
2026-05-22T06:56:15.139067+00:00,scheduler,0,0,999.1,10240.0,43,104.778
2026-05-22T06:56:15.139067+00:00,scheduler,1,100,8425.9,10240.0,58,318.085
2026-05-22T06:56:15.139067+00:00,scheduler,2,0,701.9,10240.0,36,26.667
2026-05-22T06:56:15.139067+00:00,scheduler,3,100,8449.9,10240.0,59,318.473
2026-05-22T06:56:20.142499+00:00,scheduler,0,0,999.1,10240.0,40,63.908
2026-05-22T06:56:20.142499+00:00,scheduler,1,100,8425.9,10240.0,59,318.633
2026-05-22T06:56:20.142499+00:00,scheduler,2,0,701.9,10240.0,35,26.765
2026-05-22T06:56:20.142499+00:00,scheduler,3,100,8449.9,10240.0,60,319.028
2026-05-22T06:56:25.143224+00:00,scheduler,0,0,999.1,10240.0,39,34.022
2026-05-22T06:56:25.143224+00:00,scheduler,1,7,8425.9,10240.0,49,98.061
2026-05-22T06:56:25.143224+00:00,scheduler,2,0,701.9,10240.0,35,26.432
2026-05-22T06:56:25.143224+00:00,scheduler,3,100,8449.9,10240.0,53,265.455
2026-05-22T06:56:30.143920+00:00,scheduler,0,0,999.1,10240.0,38,33.657
2026-05-22T06:56:30.143920+00:00,scheduler,1,0,719.9,10240.0,50,120.342
2026-05-22T06:56:30.143920+00:00,scheduler,2,0,701.9,10240.0,35,25.936
2026-05-22T06:56:30.143920+00:00,scheduler,3,8,8449.9,10240.0,47,112.474
2026-05-22T06:56:35.144676+00:00,scheduler,0,0,999.1,10240.0,38,33.491
2026-05-22T06:56:35.144676+00:00,scheduler,1,0,675.9,10240.0,48,97.443
2026-05-22T06:56:35.144676+00:00,scheduler,2,0,701.9,10240.0,35,25.809
2026-05-22T06:56:35.144676+00:00,scheduler,3,0,699.9,10240.0,47,127.352
2026-05-22T06:56:40.145411+00:00,scheduler,0,0,999.1,10240.0,37,33.819
2026-05-22T06:56:40.145411+00:00,scheduler,1,0,675.9,10240.0,48,97.283
2026-05-22T06:56:40.145411+00:00,scheduler,2,26,6827.9,10240.0,39,97.644
2026-05-22T06:56:40.145411+00:00,scheduler,3,0,699.9,10240.0,46,111.418
2026-05-22T06:56:45.146021+00:00,scheduler,0,0,999.1,10240.0,37,33.524
2026-05-22T06:56:45.146021+00:00,scheduler,1,0,675.9,10240.0,47,97.985
2026-05-22T06:56:45.146021+00:00,scheduler,2,8,8701.9,10240.0,41,97.704
2026-05-22T06:56:45.146021+00:00,scheduler,3,0,699.9,10240.0,46,111.14
2026-05-22T06:56:50.146704+00:00,scheduler,0,0,999.1,10240.0,36,33.558
2026-05-22T06:56:50.146704+00:00,scheduler,1,0,675.9,10240.0,44,28.103
2026-05-22T06:56:50.146704+00:00,scheduler,2,5,3253.9,10240.0,42,103.692
2026-05-22T06:56:50.146704+00:00,scheduler,3,0,699.9,10240.0,43,97.111
2026-05-22T06:56:55.147314+00:00,scheduler,0,0,999.1,10240.0,36,33.716
2026-05-22T06:56:55.147314+00:00,scheduler,1,0,675.9,10240.0,43,26.088
2026-05-22T06:56:55.147314+00:00,scheduler,2,100,8449.9,10240.0,58,318.823
2026-05-22T06:56:55.147314+00:00,scheduler,3,0,699.9,10240.0,40,33.143
2026-05-22T06:57:00.147946+00:00,scheduler,0,0,999.1,10240.0,36,33.671
2026-05-22T06:57:00.147946+00:00,scheduler,1,0,675.9,10240.0,42,26.077
2026-05-22T06:57:00.147946+00:00,scheduler,2,100,8449.9,10240.0,61,319.195
2026-05-22T06:57:00.147946+00:00,scheduler,3,0,699.9,10240.0,39,33.087
2026-05-22T06:57:05.148527+00:00,scheduler,0,0,999.1,10240.0,36,33.729
2026-05-22T06:57:05.148527+00:00,scheduler,1,0,675.9,10240.0,41,26.007
2026-05-22T06:57:05.148527+00:00,scheduler,2,100,8449.9,10240.0,62,318.36
2026-05-22T06:57:05.148527+00:00,scheduler,3,0,699.9,10240.0,39,32.951
2026-05-22T06:57:10.149238+00:00,scheduler,0,0,999.1,10240.0,35,33.43
2026-05-22T06:57:10.149238+00:00,scheduler,1,0,675.9,10240.0,41,26.899
2026-05-22T06:57:10.149238+00:00,scheduler,2,8,8449.9,10240.0,46,101.184
2026-05-22T06:57:10.149238+00:00,scheduler,3,0,699.9,10240.0,38,32.51
2026-05-22T06:57:15.149997+00:00,scheduler,0,0,999.1,10240.0,35,33.489
2026-05-22T06:57:15.149997+00:00,scheduler,1,0,675.9,10240.0,40,27.065
2026-05-22T06:57:15.149997+00:00,scheduler,2,0,699.9,10240.0,47,114.859
2026-05-22T06:57:15.149997+00:00,scheduler,3,0,699.9,10240.0,38,32.507
2026-05-22T06:57:20.150841+00:00,scheduler,0,0,999.1,10240.0,35,33.446
2026-05-22T06:57:20.150841+00:00,scheduler,1,0,675.9,10240.0,40,26.704
2026-05-22T06:57:20.150841+00:00,scheduler,2,0,699.9,10240.0,46,99.825
2026-05-22T06:57:20.150841+00:00,scheduler,3,0,699.9,10240.0,37,32.344
2026-05-22T06:57:25.151602+00:00,scheduler,0,0,999.1,10240.0,35,33.533
2026-05-22T06:57:25.151602+00:00,scheduler,1,0,675.9,10240.0,40,26.742
2026-05-22T06:57:25.151602+00:00,scheduler,2,0,699.9,10240.0,45,99.57
2026-05-22T06:57:25.151602+00:00,scheduler,3,0,699.9,10240.0,37,32.209
2026-05-22T06:57:30.152259+00:00,scheduler,0,0,999.1,10240.0,35,33.43
2026-05-22T06:57:30.152259+00:00,scheduler,1,0,675.9,10240.0,39,26.861
2026-05-22T06:57:30.152259+00:00,scheduler,2,0,699.9,10240.0,45,99.326
2026-05-22T06:57:30.152259+00:00,scheduler,3,0,699.9,10240.0,37,32.046
2026-05-22T06:57:35.152783+00:00,scheduler,0,28,5049.1,10240.0,37,104.484
2026-05-22T06:57:35.152783+00:00,scheduler,1,0,675.9,10240.0,39,26.762
2026-05-22T06:57:35.152783+00:00,scheduler,2,0,699.9,10240.0,40,25.895
2026-05-22T06:57:35.152783+00:00,scheduler,3,0,699.9,10240.0,36,32.186
2026-05-22T06:57:40.153323+00:00,scheduler,0,7,9021.1,10240.0,38,104.234
2026-05-22T06:57:40.153323+00:00,scheduler,1,0,675.9,10240.0,39,26.769
2026-05-22T06:57:40.153323+00:00,scheduler,2,0,699.9,10240.0,39,25.853
2026-05-22T06:57:40.153323+00:00,scheduler,3,0,699.9,10240.0,36,32.075
2026-05-22T06:57:45.153936+00:00,scheduler,0,97,1185.1,10240.0,39,104.735
2026-05-22T06:57:45.153936+00:00,scheduler,1,0,675.9,10240.0,39,26.809
2026-05-22T06:57:45.153936+00:00,scheduler,2,0,699.9,10240.0,38,26.005
2026-05-22T06:57:45.153936+00:00,scheduler,3,0,699.9,10240.0,36,32.075
2026-05-22T06:57:50.154543+00:00,scheduler,0,100,8749.1,10240.0,49,318.81
2026-05-22T06:57:50.154543+00:00,scheduler,1,0,675.9,10240.0,38,25.91
2026-05-22T06:57:50.154543+00:00,scheduler,2,0,699.9,10240.0,38,26.453
2026-05-22T06:57:50.154543+00:00,scheduler,3,0,699.9,10240.0,36,32.669
2026-05-22T06:57:55.155187+00:00,scheduler,0,100,8749.1,10240.0,51,318.083
2026-05-22T06:57:55.155187+00:00,scheduler,1,0,675.9,10240.0,38,25.739
2026-05-22T06:57:55.155187+00:00,scheduler,2,0,699.9,10240.0,37,26.231
2026-05-22T06:57:55.155187+00:00,scheduler,3,0,699.9,10240.0,36,32.515
2026-05-22T06:58:00.155810+00:00,scheduler,0,100,8749.1,10240.0,52,317.093
2026-05-22T06:58:00.155810+00:00,scheduler,1,0,675.9,10240.0,38,25.79
2026-05-22T06:58:00.155810+00:00,scheduler,2,0,699.9,10240.0,37,26.242
2026-05-22T06:58:00.155810+00:00,scheduler,3,0,699.9,10240.0,35,32.533
2026-05-22T06:58:05.156580+00:00,scheduler,0,7,8749.1,10240.0,43,105.075
2026-05-22T06:58:05.156580+00:00,scheduler,1,0,675.9,10240.0,38,26.227
2026-05-22T06:58:05.156580+00:00,scheduler,2,0,699.9,10240.0,37,25.981
2026-05-22T06:58:05.156580+00:00,scheduler,3,95,8701.9,10240.0,43,172.8
2026-05-22T06:58:10.157335+00:00,scheduler,0,0,999.1,10240.0,44,120.805
2026-05-22T06:58:10.157335+00:00,scheduler,1,0,675.9,10240.0,38,26.259
2026-05-22T06:58:10.157335+00:00,scheduler,2,0,699.9,10240.0,36,25.628
2026-05-22T06:58:10.157335+00:00,scheduler,3,10,8701.9,10240.0,41,108.243
2026-05-22T06:58:15.157989+00:00,scheduler,0,0,999.1,10240.0,42,104.81
2026-05-22T06:58:15.157989+00:00,scheduler,1,0,675.9,10240.0,38,26.408
2026-05-22T06:58:15.157989+00:00,scheduler,2,0,699.9,10240.0,36,25.839
2026-05-22T06:58:15.157989+00:00,scheduler,3,40,8449.9,10240.0,54,197.201
2026-05-22T06:58:20.158626+00:00,scheduler,0,0,999.1,10240.0,42,104.734
2026-05-22T06:58:20.158626+00:00,scheduler,1,0,675.9,10240.0,37,25.672
2026-05-22T06:58:20.158626+00:00,scheduler,2,42,8701.9,10240.0,51,152.701
2026-05-22T06:58:20.158626+00:00,scheduler,3,100,8449.9,10240.0,59,318.462
2026-05-22T06:58:25.159259+00:00,scheduler,0,0,999.1,10240.0,42,102.242
2026-05-22T06:58:25.159259+00:00,scheduler,1,0,675.9,10240.0,37,25.814
2026-05-22T06:58:25.159259+00:00,scheduler,2,11,8701.9,10240.0,42,98.564
2026-05-22T06:58:25.159259+00:00,scheduler,3,100,8449.9,10240.0,61,319.049
2026-05-22T06:58:30.159933+00:00,scheduler,0,0,999.1,10240.0,39,33.938
2026-05-22T06:58:30.159933+00:00,scheduler,1,0,675.9,10240.0,37,25.806
2026-05-22T06:58:30.159933+00:00,scheduler,2,100,8449.9,10240.0,58,318.645
2026-05-22T06:58:30.159933+00:00,scheduler,3,8,8449.9,10240.0,48,129.503
2026-05-22T06:58:35.160654+00:00,scheduler,0,0,999.1,10240.0,38,33.784
2026-05-22T06:58:35.160654+00:00,scheduler,1,0,675.9,10240.0,37,25.519
2026-05-22T06:58:35.160654+00:00,scheduler,2,100,8449.9,10240.0,61,319.125
2026-05-22T06:58:35.160654+00:00,scheduler,3,8,699.9,10240.0,49,125.814
2026-05-22T06:58:40.161436+00:00,scheduler,0,0,999.1,10240.0,38,33.812
2026-05-22T06:58:40.161436+00:00,scheduler,1,88,8677.9,10240.0,45,105.49
2026-05-22T06:58:40.161436+00:00,scheduler,2,100,8449.9,10240.0,62,317.436
2026-05-22T06:58:40.161436+00:00,scheduler,3,0,699.9,10240.0,46,111.905
2026-05-22T06:58:45.162003+00:00,scheduler,0,0,999.1,10240.0,37,33.703
2026-05-22T06:58:45.162003+00:00,scheduler,1,7,8677.9,10240.0,42,96.138
2026-05-22T06:58:45.162003+00:00,scheduler,2,8,8449.9,10240.0,48,99.334
2026-05-22T06:58:45.162003+00:00,scheduler,3,0,699.9,10240.0,46,111.326
2026-05-22T06:58:50.162628+00:00,scheduler,0,0,999.1,10240.0,37,33.489
2026-05-22T06:58:50.162628+00:00,scheduler,1,34,4021.9,10240.0,44,111.882
2026-05-22T06:58:50.162628+00:00,scheduler,2,71,699.9,10240.0,48,123.08
2026-05-22T06:58:50.162628+00:00,scheduler,3,0,699.9,10240.0,46,111.324
2026-05-22T06:58:55.164860+00:00,scheduler,0,0,999.1,10240.0,37,33.705
2026-05-22T06:58:55.164860+00:00,scheduler,1,100,8425.9,10240.0,57,317.232
2026-05-22T06:58:55.164860+00:00,scheduler,2,0,699.9,10240.0,46,99.13
2026-05-22T06:58:55.164860+00:00,scheduler,3,0,699.9,10240.0,42,33.773
2026-05-22T06:59:00.165553+00:00,scheduler,0,0,999.1,10240.0,36,33.879
2026-05-22T06:59:00.165553+00:00,scheduler,1,100,8425.9,10240.0,58,317.303
2026-05-22T06:59:00.165553+00:00,scheduler,2,0,699.9,10240.0,46,99.185
2026-05-22T06:59:00.165553+00:00,scheduler,3,0,699.9,10240.0,40,33.425
2026-05-22T06:59:05.166281+00:00,scheduler,0,0,999.1,10240.0,36,33.713
2026-05-22T06:59:05.166281+00:00,scheduler,1,7,8425.9,10240.0,50,120.133
2026-05-22T06:59:05.166281+00:00,scheduler,2,0,699.9,10240.0,46,99.166
2026-05-22T06:59:05.166281+00:00,scheduler,3,0,699.9,10240.0,39,32.864
2026-05-22T06:59:10.166938+00:00,scheduler,0,0,999.1,10240.0,36,33.416
2026-05-22T06:59:10.166938+00:00,scheduler,1,7,8425.9,10240.0,47,98.285
2026-05-22T06:59:10.166938+00:00,scheduler,2,0,699.9,10240.0,40,26.217
2026-05-22T06:59:10.166938+00:00,scheduler,3,0,699.9,10240.0,39,32.383
2026-05-22T06:59:15.167626+00:00,scheduler,0,0,999.1,10240.0,36,33.513
2026-05-22T06:59:15.167626+00:00,scheduler,1,0,675.9,10240.0,47,107.454
2026-05-22T06:59:15.167626+00:00,scheduler,2,0,699.9,10240.0,39,25.95
2026-05-22T06:59:15.167626+00:00,scheduler,3,0,699.9,10240.0,38,32.59
2026-05-22T06:59:20.168479+00:00,scheduler,0,0,999.1,10240.0,35,33.526
2026-05-22T06:59:20.168479+00:00,scheduler,1,0,675.9,10240.0,47,97.925
2026-05-22T06:59:20.168479+00:00,scheduler,2,0,699.9,10240.0,39,25.904
2026-05-22T06:59:20.168479+00:00,scheduler,3,0,699.9,10240.0,38,32.16
2026-05-22T06:59:25.169476+00:00,scheduler,0,0,999.1,10240.0,35,33.365
2026-05-22T06:59:25.169476+00:00,scheduler,1,0,675.9,10240.0,47,98.026
2026-05-22T06:59:25.169476+00:00,scheduler,2,0,699.9,10240.0,38,25.803
2026-05-22T06:59:25.169476+00:00,scheduler,3,0,699.9,10240.0,37,32.23
2026-05-22T06:59:30.170775+00:00,scheduler,0,0,999.1,10240.0,35,33.405
2026-05-22T06:59:30.170775+00:00,scheduler,1,0,675.9,10240.0,44,73.618
2026-05-22T06:59:30.170775+00:00,scheduler,2,0,699.9,10240.0,38,25.887
2026-05-22T06:59:30.170775+00:00,scheduler,3,0,699.9,10240.0,37,32.204
2026-05-22T06:59:35.171633+00:00,scheduler,0,0,999.1,10240.0,35,33.354
2026-05-22T06:59:35.171633+00:00,scheduler,1,0,675.9,10240.0,43,27.195
2026-05-22T06:59:35.171633+00:00,scheduler,2,0,699.9,10240.0,37,25.809
2026-05-22T06:59:35.171633+00:00,scheduler,3,0,699.9,10240.0,37,32.197
2026-05-22T06:59:40.172452+00:00,scheduler,0,0,999.1,10240.0,35,33.246
2026-05-22T06:59:40.172452+00:00,scheduler,1,0,675.9,10240.0,42,27.303
2026-05-22T06:59:40.172452+00:00,scheduler,2,0,699.9,10240.0,37,25.695
2026-05-22T06:59:40.172452+00:00,scheduler,3,0,699.9,10240.0,36,31.815
2026-05-22T06:59:45.173483+00:00,scheduler,0,0,999.1,10240.0,35,33.311
2026-05-22T06:59:45.173483+00:00,scheduler,1,0,675.9,10240.0,41,27.351
2026-05-22T06:59:45.173483+00:00,scheduler,2,0,699.9,10240.0,37,25.828
2026-05-22T06:59:45.173483+00:00,scheduler,3,0,699.9,10240.0,36,31.938
2026-05-22T06:59:50.174252+00:00,scheduler,0,0,999.1,10240.0,34,33.387
2026-05-22T06:59:50.174252+00:00,scheduler,1,0,675.9,10240.0,41,27.097
2026-05-22T06:59:50.174252+00:00,scheduler,2,0,699.9,10240.0,36,25.717
2026-05-22T06:59:50.174252+00:00,scheduler,3,0,699.9,10240.0,36,32.063
2026-05-22T06:59:55.175172+00:00,scheduler,0,0,999.1,10240.0,34,33.289
2026-05-22T06:59:55.175172+00:00,scheduler,1,0,675.9,10240.0,41,27.064
2026-05-22T06:59:55.175172+00:00,scheduler,2,0,699.9,10240.0,36,25.77
2026-05-22T06:59:55.175172+00:00,scheduler,3,0,699.9,10240.0,36,32.002
2026-05-22T07:00:00.175855+00:00,scheduler,0,0,999.1,10240.0,34,33.351
2026-05-22T07:00:00.175855+00:00,scheduler,1,0,675.9,10240.0,40,27.107
2026-05-22T07:00:00.175855+00:00,scheduler,2,0,699.9,10240.0,36,25.731
2026-05-22T07:00:00.175855+00:00,scheduler,3,0,699.9,10240.0,36,32.104
2026-05-22T07:00:05.176650+00:00,scheduler,0,0,999.1,10240.0,34,33.483
2026-05-22T07:00:05.176650+00:00,scheduler,1,0,675.9,10240.0,40,27.036
2026-05-22T07:00:05.176650+00:00,scheduler,2,0,699.9,10240.0,36,25.654
2026-05-22T07:00:05.176650+00:00,scheduler,3,0,699.9,10240.0,36,32.157
2026-05-22T07:00:10.177631+00:00,scheduler,0,0,999.1,10240.0,34,33.238
2026-05-22T07:00:10.177631+00:00,scheduler,1,0,675.9,10240.0,39,26.843
2026-05-22T07:00:10.177631+00:00,scheduler,2,0,699.9,10240.0,36,25.682
2026-05-22T07:00:10.177631+00:00,scheduler,3,0,699.9,10240.0,35,32.071
2026-05-22T07:00:15.178563+00:00,scheduler,0,0,999.1,10240.0,34,33.243
2026-05-22T07:00:15.178563+00:00,scheduler,1,0,675.9,10240.0,39,27.004
2026-05-22T07:00:15.178563+00:00,scheduler,2,0,699.9,10240.0,35,25.708
2026-05-22T07:00:15.178563+00:00,scheduler,3,0,699.9,10240.0,35,32.004
2026-05-22T07:00:20.179344+00:00,scheduler,0,0,999.1,10240.0,34,33.318
2026-05-22T07:00:20.179344+00:00,scheduler,1,0,675.9,10240.0,39,26.886
2026-05-22T07:00:20.179344+00:00,scheduler,2,0,699.9,10240.0,35,25.625
2026-05-22T07:00:20.179344+00:00,scheduler,3,0,699.9,10240.0,35,31.916
2026-05-22T07:00:25.180479+00:00,scheduler,0,0,999.1,10240.0,34,33.436
2026-05-22T07:00:25.180479+00:00,scheduler,1,0,675.9,10240.0,39,26.932
2026-05-22T07:00:25.180479+00:00,scheduler,2,0,699.9,10240.0,35,25.661
2026-05-22T07:00:25.180479+00:00,scheduler,3,0,699.9,10240.0,35,32.092
2026-05-22T07:00:30.182566+00:00,scheduler,0,0,999.1,10240.0,34,33.253
2026-05-22T07:00:30.182566+00:00,scheduler,1,0,675.9,10240.0,38,26.72
2026-05-22T07:00:30.182566+00:00,scheduler,2,0,699.9,10240.0,35,25.712
2026-05-22T07:00:30.182566+00:00,scheduler,3,0,699.9,10240.0,35,32.093
2026-05-22T07:00:35.183455+00:00,scheduler,0,91,9021.1,10240.0,44,166.467
2026-05-22T07:00:35.183455+00:00,scheduler,1,0,675.9,10240.0,38,26.521
2026-05-22T07:00:35.183455+00:00,scheduler,2,0,699.9,10240.0,35,25.678
2026-05-22T07:00:35.183455+00:00,scheduler,3,0,699.9,10240.0,35,32.065
2026-05-22T07:00:40.183970+00:00,scheduler,0,10,9021.1,10240.0,38,103.879
2026-05-22T07:00:40.183970+00:00,scheduler,1,0,675.9,10240.0,38,26.662
2026-05-22T07:00:40.183970+00:00,scheduler,2,0,699.9,10240.0,35,25.711
2026-05-22T07:00:40.183970+00:00,scheduler,3,0,699.9,10240.0,35,32.086
2026-05-22T07:00:45.184707+00:00,scheduler,0,17,7947.1,10240.0,38,104.329
2026-05-22T07:00:45.184707+00:00,scheduler,1,0,675.9,10240.0,38,26.118
2026-05-22T07:00:45.184707+00:00,scheduler,2,0,699.9,10240.0,35,25.65
2026-05-22T07:00:45.184707+00:00,scheduler,3,0,699.9,10240.0,35,31.882
2026-05-22T07:00:50.185389+00:00,scheduler,0,100,8749.1,10240.0,49,316.455
2026-05-22T07:00:50.185389+00:00,scheduler,1,0,675.9,10240.0,38,25.601
2026-05-22T07:00:50.185389+00:00,scheduler,2,0,699.9,10240.0,35,26.233
2026-05-22T07:00:50.185389+00:00,scheduler,3,27,5137.9,10240.0,39,107.242
2026-05-22T07:00:55.185987+00:00,scheduler,0,100,8749.1,10240.0,50,316.978
2026-05-22T07:00:55.185987+00:00,scheduler,1,0,675.9,10240.0,38,25.529
2026-05-22T07:00:55.185987+00:00,scheduler,2,14,7505.9,10240.0,40,97.82
2026-05-22T07:00:55.185987+00:00,scheduler,3,9,8721.9,10240.0,41,108.434
2026-05-22T07:01:00.186598+00:00,scheduler,0,17,8749.1,10240.0,44,122.156
2026-05-22T07:01:00.186598+00:00,scheduler,1,0,675.9,10240.0,37,25.725
2026-05-22T07:01:00.186598+00:00,scheduler,2,7,8701.9,10240.0,41,97.763
2026-05-22T07:01:00.186598+00:00,scheduler,3,100,8449.9,10240.0,54,194.662
2026-05-22T07:01:05.187243+00:00,scheduler,0,7,8749.1,10240.0,42,104.922
2026-05-22T07:01:05.187243+00:00,scheduler,1,0,675.9,10240.0,37,25.405
2026-05-22T07:01:05.187243+00:00,scheduler,2,19,1957.9,10240.0,42,106.901
2026-05-22T07:01:05.187243+00:00,scheduler,3,100,8449.9,10240.0,59,318.582
2026-05-22T07:01:10.187874+00:00,scheduler,0,0,999.1,10240.0,42,108.8
2026-05-22T07:01:10.187874+00:00,scheduler,1,0,675.9,10240.0,37,25.384
2026-05-22T07:01:10.187874+00:00,scheduler,2,100,8449.9,10240.0,57,318.938
2026-05-22T07:01:10.187874+00:00,scheduler,3,100,8449.9,10240.0,60,318.857
2026-05-22T07:01:15.188573+00:00,scheduler,0,0,999.1,10240.0,42,104.849
2026-05-22T07:01:15.188573+00:00,scheduler,1,0,675.9,10240.0,37,25.137
2026-05-22T07:01:15.188573+00:00,scheduler,2,100,8449.9,10240.0,60,318.907
2026-05-22T07:01:15.188573+00:00,scheduler,3,8,8449.9,10240.0,48,124.203
2026-05-22T07:01:20.189226+00:00,scheduler,0,0,999.1,10240.0,42,104.665
2026-05-22T07:01:20.189226+00:00,scheduler,1,0,675.9,10240.0,37,25.438
2026-05-22T07:01:20.189226+00:00,scheduler,2,100,8449.9,10240.0,62,318.651
2026-05-22T07:01:20.189226+00:00,scheduler,3,0,699.9,10240.0,48,140.475
2026-05-22T07:01:25.189751+00:00,scheduler,0,0,999.1,10240.0,40,53.439
2026-05-22T07:01:25.189751+00:00,scheduler,1,0,675.9,10240.0,37,26.194
2026-05-22T07:01:25.189751+00:00,scheduler,2,6,8449.9,10240.0,47,100.65
2026-05-22T07:01:25.189751+00:00,scheduler,3,0,699.9,10240.0,46,111.59
2026-05-22T07:01:30.190341+00:00,scheduler,0,0,999.1,10240.0,39,33.583
2026-05-22T07:01:30.190341+00:00,scheduler,1,0,675.9,10240.0,37,26.45
2026-05-22T07:01:30.190341+00:00,scheduler,2,54,743.9,10240.0,46,100.324
2026-05-22T07:01:30.190341+00:00,scheduler,3,0,699.9,10240.0,46,111.389
2026-05-22T07:01:35.190963+00:00,scheduler,0,0,999.1,10240.0,38,33.439
2026-05-22T07:01:35.190963+00:00,scheduler,1,0,675.9,10240.0,37,26.526
2026-05-22T07:01:35.190963+00:00,scheduler,2,0,699.9,10240.0,46,99.794
2026-05-22T07:01:35.190963+00:00,scheduler,3,0,699.9,10240.0,46,111.276
2026-05-22T07:01:40.191761+00:00,scheduler,0,0,999.1,10240.0,38,33.429
2026-05-22T07:01:40.191761+00:00,scheduler,1,0,675.9,10240.0,37,26.6
2026-05-22T07:01:40.191761+00:00,scheduler,2,0,699.9,10240.0,46,99.057
2026-05-22T07:01:40.191761+00:00,scheduler,3,0,699.9,10240.0,41,32.771
2026-05-22T07:01:45.192750+00:00,scheduler,0,0,999.1,10240.0,37,33.386
2026-05-22T07:01:45.192750+00:00,scheduler,1,0,675.9,10240.0,37,26.434
2026-05-22T07:01:45.192750+00:00,scheduler,2,0,699.9,10240.0,46,99.18
2026-05-22T07:01:45.192750+00:00,scheduler,3,0,699.9,10240.0,40,32.498
2026-05-22T07:01:50.193537+00:00,scheduler,0,0,999.1,10240.0,37,33.561
2026-05-22T07:01:50.193537+00:00,scheduler,1,0,675.9,10240.0,37,26.656
2026-05-22T07:01:50.193537+00:00,scheduler,2,0,699.9,10240.0,41,26.107
2026-05-22T07:01:50.193537+00:00,scheduler,3,0,699.9,10240.0,39,32.51
2026-05-22T07:01:55.194547+00:00,scheduler,0,0,999.1,10240.0,37,33.394
2026-05-22T07:01:55.194547+00:00,scheduler,1,21,4193.9,10240.0,41,96.036
2026-05-22T07:01:55.194547+00:00,scheduler,2,0,699.9,10240.0,40,25.827
2026-05-22T07:01:55.194547+00:00,scheduler,3,0,699.9,10240.0,38,32.245
2026-05-22T07:02:00.195353+00:00,scheduler,0,0,999.1,10240.0,36,33.433
2026-05-22T07:02:00.195353+00:00,scheduler,1,7,8697.9,10240.0,42,100.065
2026-05-22T07:02:00.195353+00:00,scheduler,2,0,699.9,10240.0,39,25.723
2026-05-22T07:02:00.195353+00:00,scheduler,3,0,699.9,10240.0,38,32.715
2026-05-22T07:02:05.196216+00:00,scheduler,0,0,999.1,10240.0,36,33.59
2026-05-22T07:02:05.196216+00:00,scheduler,1,5,8697.9,10240.0,42,96.627
2026-05-22T07:02:05.196216+00:00,scheduler,2,0,699.9,10240.0,38,25.608
2026-05-22T07:02:05.196216+00:00,scheduler,3,0,699.9,10240.0,38,32.354
2026-05-22T07:02:10.197049+00:00,scheduler,0,0,999.1,10240.0,36,33.528
2026-05-22T07:02:10.197049+00:00,scheduler,1,18,7785.9,10240.0,43,97.194
2026-05-22T07:02:10.197049+00:00,scheduler,2,0,699.9,10240.0,38,25.657
2026-05-22T07:02:10.197049+00:00,scheduler,3,0,699.9,10240.0,37,32.487
2026-05-22T07:02:15.198003+00:00,scheduler,0,0,999.1,10240.0,36,33.645
2026-05-22T07:02:15.198003+00:00,scheduler,1,100,8425.9,10240.0,57,315.777
2026-05-22T07:02:15.198003+00:00,scheduler,2,0,699.9,10240.0,38,26.024
2026-05-22T07:02:15.198003+00:00,scheduler,3,0,699.9,10240.0,37,32.837
2026-05-22T07:02:20.198713+00:00,scheduler,0,9,9001.1,10240.0,40,119.652
2026-05-22T07:02:20.198713+00:00,scheduler,1,100,8425.9,10240.0,58,316.23
2026-05-22T07:02:20.198713+00:00,scheduler,2,0,699.9,10240.0,37,26.436
2026-05-22T07:02:20.198713+00:00,scheduler,3,0,699.9,10240.0,37,32.826
2026-05-22T07:02:25.199629+00:00,scheduler,0,10,9001.1,10240.0,40,104.467
2026-05-22T07:02:25.199629+00:00,scheduler,1,7,8425.9,10240.0,49,115.133
2026-05-22T07:02:25.199629+00:00,scheduler,2,0,699.9,10240.0,37,25.652
2026-05-22T07:02:25.199629+00:00,scheduler,3,0,699.9,10240.0,36,32.36
2026-05-22T07:02:30.200352+00:00,scheduler,0,100,8749.1,10240.0,44,124.745
2026-05-22T07:02:30.200352+00:00,scheduler,1,7,8425.9,10240.0,47,98.126
2026-05-22T07:02:30.200352+00:00,scheduler,2,0,699.9,10240.0,37,25.613
2026-05-22T07:02:30.200352+00:00,scheduler,3,2,1441.9,10240.0,40,55.456
2026-05-22T07:02:35.200978+00:00,scheduler,0,100,8749.1,10240.0,51,317.229
2026-05-22T07:02:35.200978+00:00,scheduler,1,0,675.9,10240.0,47,102.58
2026-05-22T07:02:35.200978+00:00,scheduler,2,0,699.9,10240.0,36,26.164
2026-05-22T07:02:35.200978+00:00,scheduler,3,8,8721.9,10240.0,44,136.294
2026-05-22T07:02:40.201579+00:00,scheduler,0,100,8749.1,10240.0,52,318.734
2026-05-22T07:02:40.201579+00:00,scheduler,1,0,675.9,10240.0,47,97.263
2026-05-22T07:02:40.201579+00:00,scheduler,2,0,699.9,10240.0,36,26.182
2026-05-22T07:02:40.201579+00:00,scheduler,3,75,885.9,10240.0,43,113.161
2026-05-22T07:02:45.202152+00:00,scheduler,0,7,8749.1,10240.0,45,118.61
2026-05-22T07:02:45.202152+00:00,scheduler,1,0,675.9,10240.0,47,97.39
2026-05-22T07:02:45.202152+00:00,scheduler,2,0,699.9,10240.0,36,26.247
2026-05-22T07:02:45.202152+00:00,scheduler,3,100,8449.9,10240.0,58,318.616
2026-05-22T07:02:50.202911+00:00,scheduler,0,35,1063.1,10240.0,44,105.582
2026-05-22T07:02:50.202911+00:00,scheduler,1,0,675.9,10240.0,44,58.463
2026-05-22T07:02:50.202911+00:00,scheduler,2,0,699.9,10240.0,36,26.259
2026-05-22T07:02:50.202911+00:00,scheduler,3,100,8449.9,10240.0,60,319.282
2026-05-22T07:02:55.203530+00:00,scheduler,0,0,999.1,10240.0,44,105.077
2026-05-22T07:02:55.203530+00:00,scheduler,1,0,675.9,10240.0,43,26.042
2026-05-22T07:02:55.203530+00:00,scheduler,2,0,699.9,10240.0,36,26.165
2026-05-22T07:02:55.203530+00:00,scheduler,3,100,8449.9,10240.0,61,318.583
2026-05-22T07:03:00.204190+00:00,scheduler,0,0,999.1,10240.0,43,104.911
2026-05-22T07:03:00.204190+00:00,scheduler,1,0,675.9,10240.0,42,26.495
2026-05-22T07:03:00.204190+00:00,scheduler,2,14,8491.9,10240.0,41,97.336
2026-05-22T07:03:00.204190+00:00,scheduler,3,7,8449.9,10240.0,48,113.686
2026-05-22T07:03:05.205092+00:00,scheduler,0,0,999.1,10240.0,43,104.91
2026-05-22T07:03:05.205092+00:00,scheduler,1,0,675.9,10240.0,41,26.488
2026-05-22T07:03:05.205092+00:00,scheduler,2,5,8701.9,10240.0,42,97.872
2026-05-22T07:03:05.205092+00:00,scheduler,3,0,699.9,10240.0,49,139.974
2026-05-22T07:03:10.205688+00:00,scheduler,0,0,999.1,10240.0,40,34.497
2026-05-22T07:03:10.205688+00:00,scheduler,1,0,675.9,10240.0,41,26.737
2026-05-22T07:03:10.205688+00:00,scheduler,2,5,8701.9,10240.0,42,97.72
2026-05-22T07:03:10.205688+00:00,scheduler,3,0,699.9,10240.0,47,112.21
2026-05-22T07:03:15.206454+00:00,scheduler,0,0,999.1,10240.0,39,33.716
2026-05-22T07:03:15.206454+00:00,scheduler,1,0,675.9,10240.0,41,26.657
2026-05-22T07:03:15.206454+00:00,scheduler,2,26,8449.9,10240.0,43,98.509
2026-05-22T07:03:15.206454+00:00,scheduler,3,0,699.9,10240.0,46,112.024
2026-05-22T07:03:20.207340+00:00,scheduler,0,0,999.1,10240.0,39,33.967
2026-05-22T07:03:20.207340+00:00,scheduler,1,0,675.9,10240.0,40,25.747
2026-05-22T07:03:20.207340+00:00,scheduler,2,100,8449.9,10240.0,61,319.083
2026-05-22T07:03:20.207340+00:00,scheduler,3,0,699.9,10240.0,46,111.719
2026-05-22T07:03:25.208344+00:00,scheduler,0,0,999.1,10240.0,38,33.829
2026-05-22T07:03:25.208344+00:00,scheduler,1,0,675.9,10240.0,40,25.99
2026-05-22T07:03:25.208344+00:00,scheduler,2,100,8449.9,10240.0,62,318.677
2026-05-22T07:03:25.208344+00:00,scheduler,3,0,699.9,10240.0,41,33.51
2026-05-22T07:03:30.209072+00:00,scheduler,0,0,999.1,10240.0,38,33.571
2026-05-22T07:03:30.209072+00:00,scheduler,1,0,675.9,10240.0,39,26.577
2026-05-22T07:03:30.209072+00:00,scheduler,2,5,8449.9,10240.0,50,116.109
2026-05-22T07:03:30.209072+00:00,scheduler,3,0,699.9,10240.0,40,32.757
2026-05-22T07:03:35.209694+00:00,scheduler,0,0,999.1,10240.0,37,33.569
2026-05-22T07:03:35.209694+00:00,scheduler,1,0,675.9,10240.0,39,26.784
2026-05-22T07:03:35.209694+00:00,scheduler,2,8,8449.9,10240.0,47,100.847
2026-05-22T07:03:35.209694+00:00,scheduler,3,0,699.9,10240.0,40,32.541
2026-05-22T07:03:40.210416+00:00,scheduler,0,0,999.1,10240.0,37,33.54
2026-05-22T07:03:40.210416+00:00,scheduler,1,0,675.9,10240.0,39,26.711
2026-05-22T07:03:40.210416+00:00,scheduler,2,0,699.9,10240.0,47,107.267
2026-05-22T07:03:40.210416+00:00,scheduler,3,0,699.9,10240.0,39,32.707
2026-05-22T07:03:45.211454+00:00,scheduler,0,0,999.1,10240.0,37,33.381
2026-05-22T07:03:45.211454+00:00,scheduler,1,0,675.9,10240.0,39,26.71
2026-05-22T07:03:45.211454+00:00,scheduler,2,0,699.9,10240.0,46,100.017
2026-05-22T07:03:45.211454+00:00,scheduler,3,0,699.9,10240.0,39,32.67
2026-05-22T07:03:50.212474+00:00,scheduler,0,0,999.1,10240.0,36,33.545
2026-05-22T07:03:50.212474+00:00,scheduler,1,0,675.9,10240.0,39,26.351
2026-05-22T07:03:50.212474+00:00,scheduler,2,0,699.9,10240.0,46,99.609
2026-05-22T07:03:50.212474+00:00,scheduler,3,0,699.9,10240.0,38,32.42
2026-05-22T07:03:55.215097+00:00,scheduler,0,0,999.1,10240.0,36,33.366
2026-05-22T07:03:55.215097+00:00,scheduler,1,0,675.9,10240.0,38,26.486
2026-05-22T07:03:55.215097+00:00,scheduler,2,0,699.9,10240.0,44,87.746
2026-05-22T07:03:55.215097+00:00,scheduler,3,0,699.9,10240.0,38,32.473
2026-05-22T07:04:00.215812+00:00,scheduler,0,21,7173.1,10240.0,39,104.613
2026-05-22T07:04:00.215812+00:00,scheduler,1,0,675.9,10240.0,38,26.431
2026-05-22T07:04:00.215812+00:00,scheduler,2,0,699.9,10240.0,40,26.002
2026-05-22T07:04:00.215812+00:00,scheduler,3,0,699.9,10240.0,37,32.369
2026-05-22T07:04:05.216644+00:00,scheduler,0,8,9021.1,10240.0,40,104.156
2026-05-22T07:04:05.216644+00:00,scheduler,1,2,1417.9,10240.0,38,27.809
2026-05-22T07:04:05.216644+00:00,scheduler,2,0,699.9,10240.0,40,25.885
2026-05-22T07:04:05.216644+00:00,scheduler,3,0,699.9,10240.0,37,32.247
2026-05-22T07:04:10.217367+00:00,scheduler,0,25,4833.1,10240.0,41,120.692
2026-05-22T07:04:10.217367+00:00,scheduler,1,8,8677.9,10240.0,45,155.154
2026-05-22T07:04:10.217367+00:00,scheduler,2,0,699.9,10240.0,39,25.781
2026-05-22T07:04:10.217367+00:00,scheduler,3,0,699.9,10240.0,37,32.57
2026-05-22T07:04:15.218021+00:00,scheduler,0,100,8749.1,10240.0,51,317.162
2026-05-22T07:04:15.218021+00:00,scheduler,1,7,8677.9,10240.0,44,96.976
2026-05-22T07:04:15.218021+00:00,scheduler,2,0,699.9,10240.0,39,26.324
2026-05-22T07:04:15.218021+00:00,scheduler,3,0,699.9,10240.0,37,32.917
2026-05-22T07:04:20.218596+00:00,scheduler,0,100,8749.1,10240.0,52,318.357
2026-05-22T07:04:20.218596+00:00,scheduler,1,67,8425.9,10240.0,44,109.155
2026-05-22T07:04:20.218596+00:00,scheduler,2,0,699.9,10240.0,38,26.437
2026-05-22T07:04:20.218596+00:00,scheduler,3,0,699.9,10240.0,37,32.828
2026-05-22T07:04:25.219217+00:00,scheduler,0,14,8749.1,10240.0,48,255.476
2026-05-22T07:04:25.219217+00:00,scheduler,1,100,8425.9,10240.0,58,317.403
2026-05-22T07:04:25.219217+00:00,scheduler,2,0,699.9,10240.0,38,26.41
2026-05-22T07:04:25.219217+00:00,scheduler,3,0,699.9,10240.0,36,32.925
2026-05-22T07:04:30.219779+00:00,scheduler,0,10,8749.1,10240.0,44,105.598
2026-05-22T07:04:30.219779+00:00,scheduler,1,100,8425.9,10240.0,59,318.448
2026-05-22T07:04:30.219779+00:00,scheduler,2,0,699.9,10240.0,37,26.301
2026-05-22T07:04:30.219779+00:00,scheduler,3,0,699.9,10240.0,36,32.946
2026-05-22T07:04:35.220600+00:00,scheduler,0,0,999.1,10240.0,44,104.821
2026-05-22T07:04:35.220600+00:00,scheduler,1,9,8425.9,10240.0,49,112.307
2026-05-22T07:04:35.220600+00:00,scheduler,2,0,699.9,10240.0,37,25.798
2026-05-22T07:04:35.220600+00:00,scheduler,3,0,699.9,10240.0,36,32.284
2026-05-22T07:04:40.221160+00:00,scheduler,0,0,999.1,10240.0,44,104.833
2026-05-22T07:04:40.221160+00:00,scheduler,1,5,8425.9,10240.0,48,97.717
2026-05-22T07:04:40.221160+00:00,scheduler,2,0,699.9,10240.0,37,25.655
2026-05-22T07:04:40.221160+00:00,scheduler,3,0,699.9,10240.0,36,32.265
2026-05-22T07:04:45.221807+00:00,scheduler,0,0,999.1,10240.0,43,104.799
2026-05-22T07:04:45.221807+00:00,scheduler,1,0,675.9,10240.0,48,103.777
2026-05-22T07:04:45.221807+00:00,scheduler,2,0,699.9,10240.0,37,25.927
2026-05-22T07:04:45.221807+00:00,scheduler,3,13,8721.9,10240.0,43,136.461
2026-05-22T07:04:50.222583+00:00,scheduler,0,0,999.1,10240.0,40,34.226
2026-05-22T07:04:50.222583+00:00,scheduler,1,0,675.9,10240.0,48,97.345
2026-05-22T07:04:50.222583+00:00,scheduler,2,0,699.9,10240.0,36,25.641
2026-05-22T07:04:50.222583+00:00,scheduler,3,36,3903.9,10240.0,44,134.828
2026-05-22T07:04:55.223320+00:00,scheduler,0,0,999.1,10240.0,39,33.936
2026-05-22T07:04:55.223320+00:00,scheduler,1,0,675.9,10240.0,48,97.026
2026-05-22T07:04:55.223320+00:00,scheduler,2,0,699.9,10240.0,36,26.044
2026-05-22T07:04:55.223320+00:00,scheduler,3,100,8449.9,10240.0,59,318.846
2026-05-22T07:05:00.223930+00:00,scheduler,0,0,999.1,10240.0,39,33.999
2026-05-22T07:05:00.223930+00:00,scheduler,1,0,675.9,10240.0,44,45.844
2026-05-22T07:05:00.223930+00:00,scheduler,2,10,6389.9,10240.0,41,97.232
2026-05-22T07:05:00.223930+00:00,scheduler,3,100,8449.9,10240.0,61,318.844
2026-05-22T07:05:05.224458+00:00,scheduler,0,0,999.1,10240.0,38,33.85
2026-05-22T07:05:05.224458+00:00,scheduler,1,0,675.9,10240.0,43,26.14
2026-05-22T07:05:05.224458+00:00,scheduler,2,8,8721.9,10240.0,43,99.916
2026-05-22T07:05:05.224458+00:00,scheduler,3,8,8449.9,10240.0,51,190.35
2026-05-22T07:05:10.225070+00:00,scheduler,0,0,999.1,10240.0,38,33.509
2026-05-22T07:05:10.225070+00:00,scheduler,1,0,675.9,10240.0,43,26.921
2026-05-22T07:05:10.225070+00:00,scheduler,2,28,2445.9,10240.0,44,105.32
2026-05-22T07:05:10.225070+00:00,scheduler,3,8,8449.9,10240.0,47,111.492
2026-05-22T07:05:15.225676+00:00,scheduler,0,0,999.1,10240.0,37,33.83
2026-05-22T07:05:15.225676+00:00,scheduler,1,0,675.9,10240.0,42,26.075
2026-05-22T07:05:15.225676+00:00,scheduler,2,100,8449.9,10240.0,59,317.772
2026-05-22T07:05:15.225676+00:00,scheduler,3,0,699.9,10240.0,47,116.806
2026-05-22T07:05:20.226249+00:00,scheduler,0,0,999.1,10240.0,37,33.812
2026-05-22T07:05:20.226249+00:00,scheduler,1,0,675.9,10240.0,41,25.923
2026-05-22T07:05:20.226249+00:00,scheduler,2,100,8449.9,10240.0,61,315.533
2026-05-22T07:05:20.226249+00:00,scheduler,3,0,699.9,10240.0,46,110.499
2026-05-22T07:05:25.226860+00:00,scheduler,0,0,999.1,10240.0,37,33.748
2026-05-22T07:05:25.226860+00:00,scheduler,1,0,675.9,10240.0,41,25.81
2026-05-22T07:05:25.226860+00:00,scheduler,2,100,8449.9,10240.0,63,317.665
2026-05-22T07:05:25.226860+00:00,scheduler,3,0,699.9,10240.0,46,110.322
2026-05-22T07:05:30.227383+00:00,scheduler,0,0,999.1,10240.0,37,33.568
2026-05-22T07:05:30.227383+00:00,scheduler,1,0,675.9,10240.0,41,26.873
2026-05-22T07:05:30.227383+00:00,scheduler,2,7,8449.9,10240.0,48,101.329
2026-05-22T07:05:30.227383+00:00,scheduler,3,0,699.9,10240.0,42,62.682
2026-05-22T07:05:35.228054+00:00,scheduler,0,0,999.1,10240.0,36,33.662
2026-05-22T07:05:35.228054+00:00,scheduler,1,0,675.9,10240.0,40,26.949
2026-05-22T07:05:35.228054+00:00,scheduler,2,0,699.9,10240.0,47,107.106
2026-05-22T07:05:35.228054+00:00,scheduler,3,0,699.9,10240.0,41,32.698
2026-05-22T07:05:40.228802+00:00,scheduler,0,0,999.1,10240.0,36,33.485
2026-05-22T07:05:40.228802+00:00,scheduler,1,0,675.9,10240.0,40,26.906
2026-05-22T07:05:40.228802+00:00,scheduler,2,0,699.9,10240.0,47,99.915
2026-05-22T07:05:40.228802+00:00,scheduler,3,0,699.9,10240.0,40,32.687
2026-05-22T07:05:45.229511+00:00,scheduler,0,0,999.1,10240.0,36,33.36
2026-05-22T07:05:45.229511+00:00,scheduler,1,0,675.9,10240.0,40,26.65
2026-05-22T07:05:45.229511+00:00,scheduler,2,0,699.9,10240.0,47,99.725
2026-05-22T07:05:45.229511+00:00,scheduler,3,0,699.9,10240.0,39,32.433
2026-05-22T07:05:50.230329+00:00,scheduler,0,0,999.1,10240.0,36,33.536
2026-05-22T07:05:50.230329+00:00,scheduler,1,0,675.9,10240.0,39,26.574
2026-05-22T07:05:50.230329+00:00,scheduler,2,0,699.9,10240.0,42,68.662
2026-05-22T07:05:50.230329+00:00,scheduler,3,0,699.9,10240.0,39,32.344
2026-05-22T07:05:55.231215+00:00,scheduler,0,0,999.1,10240.0,36,33.419
2026-05-22T07:05:55.231215+00:00,scheduler,1,28,4337.9,10240.0,43,70.433
2026-05-22T07:05:55.231215+00:00,scheduler,2,0,699.9,10240.0,41,25.823
2026-05-22T07:05:55.231215+00:00,scheduler,3,0,699.9,10240.0,38,32.39
2026-05-22T07:06:00.232072+00:00,scheduler,0,0,999.1,10240.0,35,33.501
2026-05-22T07:06:00.232072+00:00,scheduler,1,8,8677.9,10240.0,44,97.539
2026-05-22T07:06:00.232072+00:00,scheduler,2,0,699.9,10240.0,40,25.764
2026-05-22T07:06:00.232072+00:00,scheduler,3,0,699.9,10240.0,38,32.442
2026-05-22T07:06:05.232845+00:00,scheduler,0,0,999.1,10240.0,35,33.475
2026-05-22T07:06:05.232845+00:00,scheduler,1,48,8425.9,10240.0,47,113.98
2026-05-22T07:06:05.232845+00:00,scheduler,2,0,699.9,10240.0,39,25.906
2026-05-22T07:06:05.232845+00:00,scheduler,3,0,699.9,10240.0,38,32.344
2026-05-22T07:06:10.233709+00:00,scheduler,0,0,999.1,10240.0,35,33.714
2026-05-22T07:06:10.233709+00:00,scheduler,1,100,8425.9,10240.0,58,317.863
2026-05-22T07:06:10.233709+00:00,scheduler,2,0,699.9,10240.0,38,26.428
2026-05-22T07:06:10.233709+00:00,scheduler,3,0,699.9,10240.0,37,32.881
2026-05-22T07:06:15.234595+00:00,scheduler,0,0,999.1,10240.0,35,33.54
2026-05-22T07:06:15.234595+00:00,scheduler,1,100,8425.9,10240.0,60,318.755
2026-05-22T07:06:15.234595+00:00,scheduler,2,0,699.9,10240.0,38,26.233
2026-05-22T07:06:15.234595+00:00,scheduler,3,0,699.9,10240.0,37,32.839
2026-05-22T07:06:20.235605+00:00,scheduler,0,0,999.1,10240.0,35,33.31
2026-05-22T07:06:20.235605+00:00,scheduler,1,9,8425.9,10240.0,50,113.13
2026-05-22T07:06:20.235605+00:00,scheduler,2,0,699.9,10240.0,38,25.596
2026-05-22T07:06:20.235605+00:00,scheduler,3,0,699.9,10240.0,37,32.234
2026-05-22T07:06:25.236383+00:00,scheduler,0,0,999.1,10240.0,35,33.359
2026-05-22T07:06:25.236383+00:00,scheduler,1,0,675.9,10240.0,50,119.406
2026-05-22T07:06:25.236383+00:00,scheduler,2,0,699.9,10240.0,38,25.667
2026-05-22T07:06:25.236383+00:00,scheduler,3,0,699.9,10240.0,37,32.378
2026-05-22T07:06:30.237158+00:00,scheduler,0,0,999.1,10240.0,35,33.361
2026-05-22T07:06:30.237158+00:00,scheduler,1,0,675.9,10240.0,48,97.747
2026-05-22T07:06:30.237158+00:00,scheduler,2,0,699.9,10240.0,37,25.648
2026-05-22T07:06:30.237158+00:00,scheduler,3,0,699.9,10240.0,36,32.242
2026-05-22T07:06:35.237774+00:00,scheduler,0,10,9001.1,10240.0,39,118.033
2026-05-22T07:06:35.237774+00:00,scheduler,1,0,675.9,10240.0,48,97.425
2026-05-22T07:06:35.237774+00:00,scheduler,2,0,699.9,10240.0,37,25.736
2026-05-22T07:06:35.237774+00:00,scheduler,3,0,699.9,10240.0,36,32.521
2026-05-22T07:06:40.240040+00:00,scheduler,0,7,9001.1,10240.0,39,104.071
2026-05-22T07:06:40.240040+00:00,scheduler,1,0,675.9,10240.0,48,97.472
2026-05-22T07:06:40.240040+00:00,scheduler,2,0,699.9,10240.0,37,25.651
2026-05-22T07:06:40.240040+00:00,scheduler,3,0,699.9,10240.0,36,32.408
2026-05-22T07:06:45.240996+00:00,scheduler,0,100,8749.1,10240.0,49,318.803
2026-05-22T07:06:45.240996+00:00,scheduler,1,0,675.9,10240.0,44,26.524
2026-05-22T07:06:45.240996+00:00,scheduler,2,0,699.9,10240.0,36,26.057
2026-05-22T07:06:45.240996+00:00,scheduler,3,0,699.9,10240.0,36,32.598
2026-05-22T07:06:50.243064+00:00,scheduler,0,100,8749.1,10240.0,51,318.963
2026-05-22T07:06:50.243064+00:00,scheduler,1,0,675.9,10240.0,43,26.234
2026-05-22T07:06:50.243064+00:00,scheduler,2,0,699.9,10240.0,36,26.043
2026-05-22T07:06:50.243064+00:00,scheduler,3,0,699.9,10240.0,36,32.775
2026-05-22T07:06:55.246436+00:00,scheduler,0,33,8749.1,10240.0,48,305.226
2026-05-22T07:06:55.246436+00:00,scheduler,1,0,675.9,10240.0,43,26.198
2026-05-22T07:06:55.246436+00:00,scheduler,2,0,699.9,10240.0,36,26.032
2026-05-22T07:06:55.246436+00:00,scheduler,3,0,699.9,10240.0,36,32.591
2026-05-22T07:07:00.248393+00:00,scheduler,0,10,8749.1,10240.0,43,105.499
2026-05-22T07:07:00.248393+00:00,scheduler,1,0,675.9,10240.0,42,27.292
2026-05-22T07:07:00.248393+00:00,scheduler,2,0,699.9,10240.0,36,25.548
2026-05-22T07:07:00.248393+00:00,scheduler,3,0,699.9,10240.0,36,32.231
2026-05-22T07:07:05.249657+00:00,scheduler,0,0,999.1,10240.0,43,109.402
2026-05-22T07:07:05.249657+00:00,scheduler,1,0,675.9,10240.0,42,26.976
2026-05-22T07:07:05.249657+00:00,scheduler,2,0,699.9,10240.0,36,25.626
2026-05-22T07:07:05.249657+00:00,scheduler,3,0,699.9,10240.0,36,32.056
2026-05-22T07:07:10.250619+00:00,scheduler,0,0,999.1,10240.0,43,105.029
2026-05-22T07:07:10.250619+00:00,scheduler,1,0,675.9,10240.0,41,27.101
2026-05-22T07:07:10.250619+00:00,scheduler,2,0,699.9,10240.0,36,25.661
2026-05-22T07:07:10.250619+00:00,scheduler,3,0,699.9,10240.0,36,31.988
2026-05-22T07:07:15.251404+00:00,scheduler,0,0,999.1,10240.0,43,104.955
2026-05-22T07:07:15.251404+00:00,scheduler,1,0,675.9,10240.0,41,27.14
2026-05-22T07:07:15.251404+00:00,scheduler,2,0,699.9,10240.0,36,25.652
2026-05-22T07:07:15.251404+00:00,scheduler,3,0,699.9,10240.0,36,32.21
2026-05-22T07:07:20.252702+00:00,scheduler,0,0,999.1,10240.0,41,95.412
2026-05-22T07:07:20.252702+00:00,scheduler,1,0,675.9,10240.0,40,27.02
2026-05-22T07:07:20.252702+00:00,scheduler,2,0,699.9,10240.0,35,25.727
2026-05-22T07:07:20.252702+00:00,scheduler,3,0,699.9,10240.0,36,32.004
2026-05-22T07:07:25.253667+00:00,scheduler,0,0,999.1,10240.0,39,33.448
2026-05-22T07:07:25.253667+00:00,scheduler,1,0,675.9,10240.0,40,27.059
2026-05-22T07:07:25.253667+00:00,scheduler,2,0,699.9,10240.0,35,25.545
2026-05-22T07:07:25.253667+00:00,scheduler,3,0,699.9,10240.0,36,31.986
2026-05-22T07:07:30.254380+00:00,scheduler,0,0,999.1,10240.0,39,33.402
2026-05-22T07:07:30.254380+00:00,scheduler,1,0,675.9,10240.0,40,26.957
2026-05-22T07:07:30.254380+00:00,scheduler,2,0,699.9,10240.0,35,25.566
2026-05-22T07:07:30.254380+00:00,scheduler,3,0,699.9,10240.0,35,32.069
2026-05-22T07:07:35.255506+00:00,scheduler,0,0,999.1,10240.0,38,33.451
2026-05-22T07:07:35.255506+00:00,scheduler,1,0,675.9,10240.0,40,26.916
2026-05-22T07:07:35.255506+00:00,scheduler,2,0,699.9,10240.0,35,25.604
2026-05-22T07:07:35.255506+00:00,scheduler,3,0,699.9,10240.0,35,31.948
2026-05-22T07:07:40.256419+00:00,scheduler,0,0,999.1,10240.0,38,33.409
2026-05-22T07:07:40.256419+00:00,scheduler,1,0,675.9,10240.0,39,26.833
2026-05-22T07:07:40.256419+00:00,scheduler,2,14,8721.9,10240.0,43,158.605
2026-05-22T07:07:40.256419+00:00,scheduler,3,0,699.9,10240.0,35,32.025
2026-05-22T07:07:45.257031+00:00,scheduler,0,0,999.1,10240.0,38,33.3
2026-05-22T07:07:45.257031+00:00,scheduler,1,0,675.9,10240.0,39,26.851
2026-05-22T07:07:45.257031+00:00,scheduler,2,96,993.9,10240.0,42,98.788
2026-05-22T07:07:45.257031+00:00,scheduler,3,0,699.9,10240.0,35,31.775
2026-05-22T07:07:50.257556+00:00,scheduler,0,0,999.1,10240.0,37,33.603
2026-05-22T07:07:50.257556+00:00,scheduler,1,0,675.9,10240.0,39,26.061
2026-05-22T07:07:50.257556+00:00,scheduler,2,100,8449.9,10240.0,58,317.334
2026-05-22T07:07:50.257556+00:00,scheduler,3,0,699.9,10240.0,35,32.442
2026-05-22T07:07:55.258220+00:00,scheduler,0,0,999.1,10240.0,37,33.61
2026-05-22T07:07:55.258220+00:00,scheduler,1,0,675.9,10240.0,39,25.971
2026-05-22T07:07:55.258220+00:00,scheduler,2,100,8449.9,10240.0,61,318.779
2026-05-22T07:07:55.258220+00:00,scheduler,3,0,699.9,10240.0,35,32.336
2026-05-22T07:08:00.258837+00:00,scheduler,0,0,999.1,10240.0,37,33.528
2026-05-22T07:08:00.258837+00:00,scheduler,1,0,675.9,10240.0,39,25.895
2026-05-22T07:08:00.258837+00:00,scheduler,2,100,8449.9,10240.0,62,317.968
2026-05-22T07:08:00.258837+00:00,scheduler,3,0,699.9,10240.0,35,32.411
2026-05-22T07:08:05.259484+00:00,scheduler,0,0,999.1,10240.0,36,33.404
2026-05-22T07:08:05.259484+00:00,scheduler,1,0,675.9,10240.0,38,26.824
2026-05-22T07:08:05.259484+00:00,scheduler,2,8,8449.9,10240.0,47,98.907
2026-05-22T07:08:05.259484+00:00,scheduler,3,0,699.9,10240.0,35,32.01
2026-05-22T07:08:10.260065+00:00,scheduler,0,92,9001.1,10240.0,46,161.604
2026-05-22T07:08:10.260065+00:00,scheduler,1,0,675.9,10240.0,38,26.265
2026-05-22T07:08:10.260065+00:00,scheduler,2,0,699.9,10240.0,48,114.862
2026-05-22T07:08:10.260065+00:00,scheduler,3,0,699.9,10240.0,35,32.178
2026-05-22T07:08:15.260955+00:00,scheduler,0,11,9001.1,10240.0,40,104.437
2026-05-22T07:08:15.260955+00:00,scheduler,1,0,675.9,10240.0,38,26.32
2026-05-22T07:08:15.260955+00:00,scheduler,2,0,699.9,10240.0,46,99.157
2026-05-22T07:08:15.260955+00:00,scheduler,3,0,699.9,10240.0,35,32.037
2026-05-22T07:08:20.261773+00:00,scheduler,0,100,8749.1,10240.0,50,318.717
2026-05-22T07:08:20.261773+00:00,scheduler,1,0,675.9,10240.0,38,25.228
2026-05-22T07:08:20.261773+00:00,scheduler,2,0,699.9,10240.0,46,99.199
2026-05-22T07:08:20.261773+00:00,scheduler,3,0,699.9,10240.0,35,32.745
2026-05-22T07:08:25.262421+00:00,scheduler,0,100,8749.1,10240.0,52,318.731
2026-05-22T07:08:25.262421+00:00,scheduler,1,0,675.9,10240.0,38,25.461
2026-05-22T07:08:25.262421+00:00,scheduler,2,0,699.9,10240.0,46,99.204
2026-05-22T07:08:25.262421+00:00,scheduler,3,0,699.9,10240.0,35,32.733
2026-05-22T07:08:30.263241+00:00,scheduler,0,100,8749.1,10240.0,53,318.734
2026-05-22T07:08:30.263241+00:00,scheduler,1,0,675.9,10240.0,38,25.542
2026-05-22T07:08:30.263241+00:00,scheduler,2,0,699.9,10240.0,41,26.739
2026-05-22T07:08:30.263241+00:00,scheduler,3,0,699.9,10240.0,35,32.489
2026-05-22T07:08:35.263804+00:00,scheduler,0,10,8749.1,10240.0,44,105.319
2026-05-22T07:08:35.263804+00:00,scheduler,1,35,6957.9,10240.0,42,99.682
2026-05-22T07:08:35.263804+00:00,scheduler,2,0,699.9,10240.0,40,25.913
2026-05-22T07:08:35.263804+00:00,scheduler,3,0,699.9,10240.0,35,32.027
2026-05-22T07:08:40.264396+00:00,scheduler,0,0,999.1,10240.0,44,110.508
2026-05-22T07:08:40.264396+00:00,scheduler,1,7,8677.9,10240.0,43,96.798
2026-05-22T07:08:40.264396+00:00,scheduler,2,0,699.9,10240.0,39,25.868
2026-05-22T07:08:40.264396+00:00,scheduler,3,0,699.9,10240.0,35,32.174
2026-05-22T07:08:45.264948+00:00,scheduler,0,0,999.1,10240.0,44,104.855
2026-05-22T07:08:45.264948+00:00,scheduler,1,34,3553.9,10240.0,44,108.487
2026-05-22T07:08:45.264948+00:00,scheduler,2,0,699.9,10240.0,39,26.084
2026-05-22T07:08:45.264948+00:00,scheduler,3,9,8701.9,10240.0,42,134.722
2026-05-22T07:08:50.265567+00:00,scheduler,0,0,999.1,10240.0,44,104.943
2026-05-22T07:08:50.265567+00:00,scheduler,1,100,8425.9,10240.0,57,318.496
2026-05-22T07:08:50.265567+00:00,scheduler,2,0,699.9,10240.0,38,26.693
2026-05-22T07:08:50.265567+00:00,scheduler,3,96,739.9,10240.0,41,109.282
2026-05-22T07:08:55.266157+00:00,scheduler,0,0,999.1,10240.0,41,93.274
2026-05-22T07:08:55.266157+00:00,scheduler,1,100,8425.9,10240.0,59,318.437
2026-05-22T07:08:55.266157+00:00,scheduler,2,0,699.9,10240.0,38,26.369
2026-05-22T07:08:55.266157+00:00,scheduler,3,100,8449.9,10240.0,58,319.216
2026-05-22T07:09:00.266808+00:00,scheduler,0,0,999.1,10240.0,40,34.253
2026-05-22T07:09:00.266808+00:00,scheduler,1,7,8425.9,10240.0,51,151.957
2026-05-22T07:09:00.266808+00:00,scheduler,2,0,699.9,10240.0,38,26.65
2026-05-22T07:09:00.266808+00:00,scheduler,3,100,8449.9,10240.0,60,319.219
2026-05-22T07:09:05.267424+00:00,scheduler,0,0,999.1,10240.0,40,33.978
2026-05-22T07:09:05.267424+00:00,scheduler,1,8,8425.9,10240.0,48,97.886
2026-05-22T07:09:05.267424+00:00,scheduler,2,0,699.9,10240.0,37,26.283
2026-05-22T07:09:05.267424+00:00,scheduler,3,100,8449.9,10240.0,61,319.187
2026-05-22T07:09:10.268055+00:00,scheduler,0,0,999.1,10240.0,39,33.758
2026-05-22T07:09:10.268055+00:00,scheduler,1,0,675.9,10240.0,48,101.257
2026-05-22T07:09:10.268055+00:00,scheduler,2,0,699.9,10240.0,37,25.939
2026-05-22T07:09:10.268055+00:00,scheduler,3,5,8449.9,10240.0,47,113.061
2026-05-22T07:09:15.270016+00:00,scheduler,0,0,999.1,10240.0,39,33.667
2026-05-22T07:09:15.270016+00:00,scheduler,1,0,675.9,10240.0,48,97.474
2026-05-22T07:09:15.270016+00:00,scheduler,2,0,699.9,10240.0,37,25.781
2026-05-22T07:09:15.270016+00:00,scheduler,3,20,743.9,10240.0,49,139.439
2026-05-22T07:09:20.270764+00:00,scheduler,0,0,999.1,10240.0,38,33.479
2026-05-22T07:09:20.270764+00:00,scheduler,1,0,675.9,10240.0,48,97.552
2026-05-22T07:09:20.270764+00:00,scheduler,2,0,699.9,10240.0,37,25.697
2026-05-22T07:09:20.270764+00:00,scheduler,3,0,699.9,10240.0,47,112.336
2026-05-22T07:09:25.271772+00:00,scheduler,0,0,999.1,10240.0,38,33.532
2026-05-22T07:09:25.271772+00:00,scheduler,1,0,675.9,10240.0,45,60.082
2026-05-22T07:09:25.271772+00:00,scheduler,2,0,699.9,10240.0,37,25.681
2026-05-22T07:09:25.271772+00:00,scheduler,3,0,699.9,10240.0,46,111.739
2026-05-22T07:09:30.272501+00:00,scheduler,0,0,999.1,10240.0,37,33.415
2026-05-22T07:09:30.272501+00:00,scheduler,1,0,675.9,10240.0,43,27.333
2026-05-22T07:09:30.272501+00:00,scheduler,2,0,699.9,10240.0,36,25.7
2026-05-22T07:09:30.272501+00:00,scheduler,3,0,699.9,10240.0,46,111.739
2026-05-22T07:09:35.273211+00:00,scheduler,0,0,999.1,10240.0,37,33.396
2026-05-22T07:09:35.273211+00:00,scheduler,1,0,675.9,10240.0,43,27.216
2026-05-22T07:09:35.273211+00:00,scheduler,2,0,699.9,10240.0,36,25.631
2026-05-22T07:09:35.273211+00:00,scheduler,3,0,699.9,10240.0,41,34.089
2026-05-22T07:09:40.274332+00:00,scheduler,0,0,999.1,10240.0,37,33.344
2026-05-22T07:09:40.274332+00:00,scheduler,1,0,675.9,10240.0,42,27.111
2026-05-22T07:09:40.274332+00:00,scheduler,2,0,699.9,10240.0,36,25.646
2026-05-22T07:09:40.274332+00:00,scheduler,3,0,699.9,10240.0,40,32.936
2026-05-22T07:09:45.275064+00:00,scheduler,0,0,999.1,10240.0,37,33.476
2026-05-22T07:09:45.275064+00:00,scheduler,1,0,675.9,10240.0,42,27.159
2026-05-22T07:09:45.275064+00:00,scheduler,2,0,699.9,10240.0,36,25.703
2026-05-22T07:09:45.275064+00:00,scheduler,3,0,699.9,10240.0,40,32.527
2026-05-22T07:09:50.275924+00:00,scheduler,0,0,999.1,10240.0,36,33.986
2026-05-22T07:09:50.275924+00:00,scheduler,1,0,675.9,10240.0,41,27.264
2026-05-22T07:09:50.275924+00:00,scheduler,2,12,8721.9,10240.0,42,104.098
2026-05-22T07:09:50.275924+00:00,scheduler,3,0,699.9,10240.0,39,32.562
2026-05-22T07:09:55.277006+00:00,scheduler,0,0,999.1,10240.0,36,33.506
2026-05-22T07:09:55.277006+00:00,scheduler,1,0,675.9,10240.0,41,26.663
2026-05-22T07:09:55.277006+00:00,scheduler,2,100,8449.9,10240.0,57,300.354
2026-05-22T07:09:55.277006+00:00,scheduler,3,0,699.9,10240.0,39,32.66
2026-05-22T07:10:00.277950+00:00,scheduler,0,0,999.1,10240.0,36,33.717
2026-05-22T07:10:00.277950+00:00,scheduler,1,0,675.9,10240.0,41,25.884
2026-05-22T07:10:00.277950+00:00,scheduler,2,100,8449.9,10240.0,61,319.003
2026-05-22T07:10:00.277950+00:00,scheduler,3,0,699.9,10240.0,38,33.145
2026-05-22T07:10:05.278755+00:00,scheduler,0,42,6505.1,10240.0,40,80.772
2026-05-22T07:10:05.278755+00:00,scheduler,1,0,675.9,10240.0,40,25.612
2026-05-22T07:10:05.278755+00:00,scheduler,2,100,8449.9,10240.0,63,318.746
2026-05-22T07:10:05.278755+00:00,scheduler,3,0,699.9,10240.0,38,33.023
2026-05-22T07:10:10.279809+00:00,scheduler,0,9,9021.1,10240.0,40,104.516
2026-05-22T07:10:10.279809+00:00,scheduler,1,0,675.9,10240.0,40,26.692
2026-05-22T07:10:10.279809+00:00,scheduler,2,9,8449.9,10240.0,48,99.936
2026-05-22T07:10:10.279809+00:00,scheduler,3,0,699.9,10240.0,38,32.529
2026-05-22T07:10:15.280542+00:00,scheduler,0,100,8749.1,10240.0,50,318.389
2026-05-22T07:10:15.280542+00:00,scheduler,1,0,675.9,10240.0,40,25.756
2026-05-22T07:10:15.280542+00:00,scheduler,2,0,699.9,10240.0,48,114.241
2026-05-22T07:10:15.280542+00:00,scheduler,3,0,699.9,10240.0,37,33.032
2026-05-22T07:10:20.281706+00:00,scheduler,0,100,8749.1,10240.0,51,319.041
2026-05-22T07:10:20.281706+00:00,scheduler,1,0,675.9,10240.0,40,25.538
2026-05-22T07:10:20.281706+00:00,scheduler,2,0,699.9,10240.0,47,98.455
2026-05-22T07:10:20.281706+00:00,scheduler,3,0,699.9,10240.0,37,33.009
2026-05-22T07:10:25.282384+00:00,scheduler,0,100,8749.1,10240.0,53,318.837
2026-05-22T07:10:25.282384+00:00,scheduler,1,0,675.9,10240.0,39,25.697
2026-05-22T07:10:25.282384+00:00,scheduler,2,0,699.9,10240.0,46,98.249
2026-05-22T07:10:25.282384+00:00,scheduler,3,0,699.9,10240.0,37,33.223
2026-05-22T07:10:30.283153+00:00,scheduler,0,8,8749.1,10240.0,44,105.553
2026-05-22T07:10:30.283153+00:00,scheduler,1,0,675.9,10240.0,39,26.459
2026-05-22T07:10:30.283153+00:00,scheduler,2,0,699.9,10240.0,46,97.745
2026-05-22T07:10:30.283153+00:00,scheduler,3,0,699.9,10240.0,37,32.317
2026-05-22T07:10:35.283706+00:00,scheduler,0,0,999.1,10240.0,45,133.724
2026-05-22T07:10:35.283706+00:00,scheduler,1,89,8677.9,10240.0,51,124.336
2026-05-22T07:10:35.283706+00:00,scheduler,2,0,699.9,10240.0,41,26.199
2026-05-22T07:10:35.283706+00:00,scheduler,3,0,699.9,10240.0,37,32.4
2026-05-22T07:10:40.284360+00:00,scheduler,0,0,999.1,10240.0,44,105.119
2026-05-22T07:10:40.284360+00:00,scheduler,1,10,8677.9,10240.0,44,97.644
2026-05-22T07:10:40.284360+00:00,scheduler,2,0,699.9,10240.0,40,25.83
2026-05-22T07:10:40.284360+00:00,scheduler,3,0,699.9,10240.0,36,32.324
2026-05-22T07:10:45.286181+00:00,scheduler,0,0,999.1,10240.0,44,105.137
2026-05-22T07:10:45.286181+00:00,scheduler,1,100,8425.9,10240.0,56,295.01
2026-05-22T07:10:45.286181+00:00,scheduler,2,0,699.9,10240.0,40,26.206
2026-05-22T07:10:45.286181+00:00,scheduler,3,34,6641.9,10240.0,41,108.591
2026-05-22T07:10:50.288098+00:00,scheduler,0,0,999.1,10240.0,43,105.136
2026-05-22T07:10:50.288098+00:00,scheduler,1,100,8425.9,10240.0,58,315.722
2026-05-22T07:10:50.288098+00:00,scheduler,2,0,699.9,10240.0,39,26.555
2026-05-22T07:10:50.288098+00:00,scheduler,3,8,8701.9,10240.0,42,109.318
2026-05-22T07:10:55.288849+00:00,scheduler,0,0,999.1,10240.0,40,34.0
2026-05-22T07:10:55.288849+00:00,scheduler,1,100,8425.9,10240.0,60,318.819
2026-05-22T07:10:55.288849+00:00,scheduler,2,0,699.9,10240.0,39,26.56
2026-05-22T07:10:55.288849+00:00,scheduler,3,28,4747.9,10240.0,44,132.687
2026-05-22T07:11:00.289499+00:00,scheduler,0,0,999.1,10240.0,40,33.919
2026-05-22T07:11:00.289499+00:00,scheduler,1,10,8425.9,10240.0,49,98.393
2026-05-22T07:11:00.289499+00:00,scheduler,2,0,699.9,10240.0,38,26.452
2026-05-22T07:11:00.289499+00:00,scheduler,3,100,8449.9,10240.0,60,317.771
2026-05-22T07:11:05.290105+00:00,scheduler,0,0,999.1,10240.0,39,33.806
2026-05-22T07:11:05.290105+00:00,scheduler,1,0,675.9,10240.0,50,119.779
2026-05-22T07:11:05.290105+00:00,scheduler,2,0,699.9,10240.0,38,26.494
2026-05-22T07:11:05.290105+00:00,scheduler,3,100,8449.9,10240.0,61,319.226
2026-05-22T07:11:10.290742+00:00,scheduler,0,0,999.1,10240.0,39,33.803
2026-05-22T07:11:10.290742+00:00,scheduler,1,0,675.9,10240.0,49,97.903
2026-05-22T07:11:10.290742+00:00,scheduler,2,0,699.9,10240.0,38,26.248
2026-05-22T07:11:10.290742+00:00,scheduler,3,8,8449.9,10240.0,52,162.989
2026-05-22T07:11:15.291406+00:00,scheduler,0,0,999.1,10240.0,38,33.584
2026-05-22T07:11:15.291406+00:00,scheduler,1,0,675.9,10240.0,49,98.327
2026-05-22T07:11:15.291406+00:00,scheduler,2,0,699.9,10240.0,37,25.738
2026-05-22T07:11:15.291406+00:00,scheduler,3,8,8449.9,10240.0,48,113.617
2026-05-22T07:11:20.292164+00:00,scheduler,0,0,999.1,10240.0,38,33.387
2026-05-22T07:11:20.292164+00:00,scheduler,1,0,675.9,10240.0,49,98.273
2026-05-22T07:11:20.292164+00:00,scheduler,2,0,699.9,10240.0,37,25.707
2026-05-22T07:11:20.292164+00:00,scheduler,3,0,699.9,10240.0,48,128.238
2026-05-22T07:11:25.293184+00:00,scheduler,0,0,999.1,10240.0,37,33.382
2026-05-22T07:11:25.293184+00:00,scheduler,1,0,675.9,10240.0,44,27.111
2026-05-22T07:11:25.293184+00:00,scheduler,2,0,699.9,10240.0,37,25.743
2026-05-22T07:11:25.293184+00:00,scheduler,3,0,699.9,10240.0,47,112.448
2026-05-22T07:11:30.294030+00:00,scheduler,0,0,999.1,10240.0,37,33.457
2026-05-22T07:11:30.294030+00:00,scheduler,1,0,675.9,10240.0,43,27.54
2026-05-22T07:11:30.294030+00:00,scheduler,2,0,699.9,10240.0,37,25.597
2026-05-22T07:11:30.294030+00:00,scheduler,3,0,699.9,10240.0,47,112.516
2026-05-22T07:11:35.294869+00:00,scheduler,0,0,999.1,10240.0,37,33.401
2026-05-22T07:11:35.294869+00:00,scheduler,1,0,675.9,10240.0,43,27.15
2026-05-22T07:11:35.294869+00:00,scheduler,2,0,699.9,10240.0,37,25.602
2026-05-22T07:11:35.294869+00:00,scheduler,3,0,699.9,10240.0,44,95.142
2026-05-22T07:11:40.295839+00:00,scheduler,0,0,999.1,10240.0,37,33.326
2026-05-22T07:11:40.295839+00:00,scheduler,1,0,675.9,10240.0,42,27.027
2026-05-22T07:11:40.295839+00:00,scheduler,2,0,699.9,10240.0,36,25.577
2026-05-22T07:11:40.295839+00:00,scheduler,3,0,699.9,10240.0,41,33.066
2026-05-22T07:11:45.296875+00:00,scheduler,0,0,999.1,10240.0,37,33.379
2026-05-22T07:11:45.296875+00:00,scheduler,1,0,675.9,10240.0,42,27.225
2026-05-22T07:11:45.296875+00:00,scheduler,2,0,699.9,10240.0,36,25.584
2026-05-22T07:11:45.296875+00:00,scheduler,3,0,699.9,10240.0,41,32.831
2026-05-22T07:11:50.298079+00:00,scheduler,0,0,999.1,10240.0,36,33.346
2026-05-22T07:11:50.298079+00:00,scheduler,1,0,675.9,10240.0,42,27.214
2026-05-22T07:11:50.298079+00:00,scheduler,2,0,699.9,10240.0,36,25.609
2026-05-22T07:11:50.298079+00:00,scheduler,3,0,699.9,10240.0,40,32.781
2026-05-22T07:11:55.299125+00:00,scheduler,0,0,999.1,10240.0,36,33.3
2026-05-22T07:11:55.299125+00:00,scheduler,1,0,675.9,10240.0,41,26.94
2026-05-22T07:11:55.299125+00:00,scheduler,2,0,699.9,10240.0,36,25.579
2026-05-22T07:11:55.299125+00:00,scheduler,3,0,699.9,10240.0,40,32.58
2026-05-22T07:12:00.299988+00:00,scheduler,0,0,999.1,10240.0,36,33.221
2026-05-22T07:12:00.299988+00:00,scheduler,1,0,675.9,10240.0,41,26.94
2026-05-22T07:12:00.299988+00:00,scheduler,2,0,699.9,10240.0,36,25.708
2026-05-22T07:12:00.299988+00:00,scheduler,3,0,699.9,10240.0,39,32.648
2026-05-22T07:12:05.300788+00:00,scheduler,0,0,999.1,10240.0,36,33.364
2026-05-22T07:12:05.300788+00:00,scheduler,1,0,675.9,10240.0,41,27.001
2026-05-22T07:12:05.300788+00:00,scheduler,2,0,699.9,10240.0,36,25.586
2026-05-22T07:12:05.300788+00:00,scheduler,3,0,699.9,10240.0,39,32.352
2026-05-22T07:12:10.301593+00:00,scheduler,0,0,999.1,10240.0,36,33.249
2026-05-22T07:12:10.301593+00:00,scheduler,1,0,675.9,10240.0,40,26.804
2026-05-22T07:12:10.301593+00:00,scheduler,2,0,699.9,10240.0,36,25.602
2026-05-22T07:12:10.301593+00:00,scheduler,3,0,699.9,10240.0,38,32.543
2026-05-22T07:12:15.302861+00:00,scheduler,0,0,999.1,10240.0,36,33.325
2026-05-22T07:12:15.302861+00:00,scheduler,1,0,675.9,10240.0,40,26.737
2026-05-22T07:12:15.302861+00:00,scheduler,2,10,8721.9,10240.0,47,195.789
2026-05-22T07:12:15.302861+00:00,scheduler,3,0,699.9,10240.0,38,32.41
2026-05-22T07:12:20.303929+00:00,scheduler,0,0,999.1,10240.0,36,33.496
2026-05-22T07:12:20.303929+00:00,scheduler,1,34,8467.9,10240.0,44,97.762
2026-05-22T07:12:20.303929+00:00,scheduler,2,41,2121.9,10240.0,43,101.279
2026-05-22T07:12:20.303929+00:00,scheduler,3,0,699.9,10240.0,38,32.42
2026-05-22T07:12:25.304552+00:00,scheduler,0,0,999.1,10240.0,35,33.625
2026-05-22T07:12:25.304552+00:00,scheduler,1,7,8677.9,10240.0,45,97.473
2026-05-22T07:12:25.304552+00:00,scheduler,2,100,8449.9,10240.0,59,317.938
2026-05-22T07:12:25.304552+00:00,scheduler,3,0,699.9,10240.0,37,33.242
2026-05-22T07:12:30.305193+00:00,scheduler,0,0,999.1,10240.0,35,33.717
2026-05-22T07:12:30.305193+00:00,scheduler,1,19,8425.9,10240.0,47,118.757
2026-05-22T07:12:30.305193+00:00,scheduler,2,100,8449.9,10240.0,61,318.767
2026-05-22T07:12:30.305193+00:00,scheduler,3,0,699.9,10240.0,37,33.076
2026-05-22T07:12:35.305792+00:00,scheduler,0,0,999.1,10240.0,35,33.704
2026-05-22T07:12:35.305792+00:00,scheduler,1,100,8425.9,10240.0,59,318.641
2026-05-22T07:12:35.305792+00:00,scheduler,2,10,8449.9,10240.0,54,251.869
2026-05-22T07:12:35.305792+00:00,scheduler,3,0,699.9,10240.0,37,33.114
2026-05-22T07:12:40.306378+00:00,scheduler,0,0,999.1,10240.0,35,33.779
2026-05-22T07:12:40.306378+00:00,scheduler,1,100,8425.9,10240.0,60,318.784
2026-05-22T07:12:40.306378+00:00,scheduler,2,10,8449.9,10240.0,47,101.097
2026-05-22T07:12:40.306378+00:00,scheduler,3,0,699.9,10240.0,37,33.12
2026-05-22T07:12:45.306993+00:00,scheduler,0,0,999.1,10240.0,35,33.532
2026-05-22T07:12:45.306993+00:00,scheduler,1,17,8425.9,10240.0,51,119.261
2026-05-22T07:12:45.306993+00:00,scheduler,2,0,699.9,10240.0,47,102.877
2026-05-22T07:12:45.306993+00:00,scheduler,3,27,7505.9,10240.0,41,108.72
2026-05-22T07:12:50.307573+00:00,scheduler,0,0,999.1,10240.0,35,33.45
2026-05-22T07:12:50.307573+00:00,scheduler,1,7,8425.9,10240.0,49,98.185
2026-05-22T07:12:50.307573+00:00,scheduler,2,0,699.9,10240.0,47,100.495
2026-05-22T07:12:50.307573+00:00,scheduler,3,8,8701.9,10240.0,43,109.459
2026-05-22T07:12:55.309421+00:00,scheduler,0,0,999.1,10240.0,35,33.57
2026-05-22T07:12:55.309421+00:00,scheduler,1,0,675.9,10240.0,49,102.119
2026-05-22T07:12:55.309421+00:00,scheduler,2,0,699.9,10240.0,47,100.166
2026-05-22T07:12:55.309421+00:00,scheduler,3,27,6385.9,10240.0,45,138.564
2026-05-22T07:13:00.310062+00:00,scheduler,0,0,999.1,10240.0,35,33.641
2026-05-22T07:13:00.310062+00:00,scheduler,1,0,675.9,10240.0,49,97.579
2026-05-22T07:13:00.310062+00:00,scheduler,2,0,699.9,10240.0,42,49.148
2026-05-22T07:13:00.310062+00:00,scheduler,3,100,8449.9,10240.0,60,319.05
2026-05-22T07:13:05.310720+00:00,scheduler,0,0,999.1,10240.0,35,33.717
2026-05-22T07:13:05.310720+00:00,scheduler,1,0,675.9,10240.0,49,97.505
2026-05-22T07:13:05.310720+00:00,scheduler,2,0,699.9,10240.0,41,26.594
2026-05-22T07:13:05.310720+00:00,scheduler,3,100,8449.9,10240.0,61,318.813
2026-05-22T07:13:10.312630+00:00,scheduler,0,0,999.1,10240.0,35,33.663
2026-05-22T07:13:10.312630+00:00,scheduler,1,0,675.9,10240.0,46,52.296
2026-05-22T07:13:10.312630+00:00,scheduler,2,0,699.9,10240.0,40,26.374
2026-05-22T07:13:10.312630+00:00,scheduler,3,8,8449.9,10240.0,52,144.52
2026-05-22T07:13:15.313264+00:00,scheduler,0,0,999.1,10240.0,35,33.361
2026-05-22T07:13:15.313264+00:00,scheduler,1,0,675.9,10240.0,44,27.249
2026-05-22T07:13:15.313264+00:00,scheduler,2,0,699.9,10240.0,39,25.879
2026-05-22T07:13:15.313264+00:00,scheduler,3,7,8449.9,10240.0,48,112.419
2026-05-22T07:13:20.313980+00:00,scheduler,0,0,999.1,10240.0,35,33.382
2026-05-22T07:13:20.313980+00:00,scheduler,1,0,675.9,10240.0,44,27.165
2026-05-22T07:13:20.313980+00:00,scheduler,2,0,699.9,10240.0,39,25.922
2026-05-22T07:13:20.313980+00:00,scheduler,3,0,699.9,10240.0,48,119.238
2026-05-22T07:13:25.314874+00:00,scheduler,0,0,999.1,10240.0,35,33.263
2026-05-22T07:13:25.314874+00:00,scheduler,1,0,675.9,10240.0,43,26.941
2026-05-22T07:13:25.314874+00:00,scheduler,2,0,699.9,10240.0,38,25.807
2026-05-22T07:13:25.314874+00:00,scheduler,3,0,699.9,10240.0,48,111.284
2026-05-22T07:13:30.315503+00:00,scheduler,0,24,8337.1,10240.0,38,104.015
2026-05-22T07:13:30.315503+00:00,scheduler,1,0,675.9,10240.0,42,26.931
2026-05-22T07:13:30.315503+00:00,scheduler,2,0,699.9,10240.0,38,25.856
2026-05-22T07:13:30.315503+00:00,scheduler,3,0,699.9,10240.0,47,111.266
2026-05-22T07:13:35.316132+00:00,scheduler,0,8,9001.1,10240.0,38,104.031
2026-05-22T07:13:35.316132+00:00,scheduler,1,0,675.9,10240.0,42,26.997
2026-05-22T07:13:35.316132+00:00,scheduler,2,0,699.9,10240.0,38,25.869
2026-05-22T07:13:35.316132+00:00,scheduler,3,0,699.9,10240.0,43,50.414
2026-05-22T07:13:40.316763+00:00,scheduler,0,18,3193.1,10240.0,40,116.047
2026-05-22T07:13:40.316763+00:00,scheduler,1,0,675.9,10240.0,42,26.985
2026-05-22T07:13:40.316763+00:00,scheduler,2,0,699.9,10240.0,38,25.824
2026-05-22T07:13:40.316763+00:00,scheduler,3,0,699.9,10240.0,42,33.083
2026-05-22T07:13:45.317467+00:00,scheduler,0,100,8749.1,10240.0,49,318.687
2026-05-22T07:13:45.317467+00:00,scheduler,1,0,675.9,10240.0,41,26.293
2026-05-22T07:13:45.317467+00:00,scheduler,2,0,699.9,10240.0,37,26.147
2026-05-22T07:13:45.317467+00:00,scheduler,3,0,699.9,10240.0,41,33.408
2026-05-22T07:13:50.318061+00:00,scheduler,0,100,8749.1,10240.0,51,318.959
2026-05-22T07:13:50.318061+00:00,scheduler,1,0,675.9,10240.0,41,25.78
2026-05-22T07:13:50.318061+00:00,scheduler,2,0,699.9,10240.0,37,26.339
2026-05-22T07:13:50.318061+00:00,scheduler,3,0,699.9,10240.0,40,33.2
2026-05-22T07:13:55.318707+00:00,scheduler,0,100,8749.1,10240.0,52,318.785
2026-05-22T07:13:55.318707+00:00,scheduler,1,0,675.9,10240.0,40,26.07
2026-05-22T07:13:55.318707+00:00,scheduler,2,0,699.9,10240.0,37,26.257
2026-05-22T07:13:55.318707+00:00,scheduler,3,0,699.9,10240.0,40,33.232
2026-05-22T07:14:00.319308+00:00,scheduler,0,7,8749.1,10240.0,44,105.068
2026-05-22T07:14:00.319308+00:00,scheduler,1,0,675.9,10240.0,40,26.885
2026-05-22T07:14:00.319308+00:00,scheduler,2,0,699.9,10240.0,37,25.811
2026-05-22T07:14:00.319308+00:00,scheduler,3,0,699.9,10240.0,39,32.515
2026-05-22T07:14:05.320004+00:00,scheduler,0,1,999.1,10240.0,44,131.762
2026-05-22T07:14:05.320004+00:00,scheduler,1,0,675.9,10240.0,40,26.78
2026-05-22T07:14:05.320004+00:00,scheduler,2,0,699.9,10240.0,37,25.718
2026-05-22T07:14:05.320004+00:00,scheduler,3,0,699.9,10240.0,39,32.488
2026-05-22T07:14:10.321086+00:00,scheduler,0,0,999.1,10240.0,44,104.708
2026-05-22T07:14:10.321086+00:00,scheduler,1,0,675.9,10240.0,40,26.773
2026-05-22T07:14:10.321086+00:00,scheduler,2,0,699.9,10240.0,36,25.688
2026-05-22T07:14:10.321086+00:00,scheduler,3,0,699.9,10240.0,39,32.364
2026-05-22T07:14:15.322027+00:00,scheduler,0,0,999.1,10240.0,43,104.73
2026-05-22T07:14:15.322027+00:00,scheduler,1,0,675.9,10240.0,40,26.577
2026-05-22T07:14:15.322027+00:00,scheduler,2,0,699.9,10240.0,36,25.794
2026-05-22T07:14:15.322027+00:00,scheduler,3,0,699.9,10240.0,38,32.475
2026-05-22T07:14:20.322774+00:00,scheduler,0,0,999.1,10240.0,43,104.845
2026-05-22T07:14:20.322774+00:00,scheduler,1,0,675.9,10240.0,39,26.626
2026-05-22T07:14:20.322774+00:00,scheduler,2,0,699.9,10240.0,36,25.683
2026-05-22T07:14:20.322774+00:00,scheduler,3,0,699.9,10240.0,38,32.4
2026-05-22T07:14:25.323494+00:00,scheduler,0,0,999.1,10240.0,40,33.636
2026-05-22T07:14:25.323494+00:00,scheduler,1,0,675.9,10240.0,39,26.483
2026-05-22T07:14:25.323494+00:00,scheduler,2,0,699.9,10240.0,36,25.592
2026-05-22T07:14:25.323494+00:00,scheduler,3,0,699.9,10240.0,38,32.273
2026-05-22T07:14:30.324309+00:00,scheduler,0,0,999.1,10240.0,39,33.639
2026-05-22T07:14:30.324309+00:00,scheduler,1,0,675.9,10240.0,39,26.501
2026-05-22T07:14:30.324309+00:00,scheduler,2,0,699.9,10240.0,36,25.658
2026-05-22T07:14:30.324309+00:00,scheduler,3,0,699.9,10240.0,38,32.396
2026-05-22T07:14:35.324986+00:00,scheduler,0,0,999.1,10240.0,39,33.565
2026-05-22T07:14:35.324986+00:00,scheduler,1,0,675.9,10240.0,39,26.68
2026-05-22T07:14:35.324986+00:00,scheduler,2,0,699.9,10240.0,36,25.85
2026-05-22T07:14:35.324986+00:00,scheduler,3,0,699.9,10240.0,37,32.234
2026-05-22T07:14:40.326021+00:00,scheduler,0,0,999.1,10240.0,39,33.415
2026-05-22T07:14:40.326021+00:00,scheduler,1,0,675.9,10240.0,39,26.804
2026-05-22T07:14:40.326021+00:00,scheduler,2,0,699.9,10240.0,36,25.699
2026-05-22T07:14:40.326021+00:00,scheduler,3,0,699.9,10240.0,37,32.286
2026-05-22T07:14:45.327313+00:00,scheduler,0,0,999.1,10240.0,38,33.527
2026-05-22T07:14:45.327313+00:00,scheduler,1,0,675.9,10240.0,39,26.756
2026-05-22T07:14:45.327313+00:00,scheduler,2,0,699.9,10240.0,36,25.656
2026-05-22T07:14:45.327313+00:00,scheduler,3,0,699.9,10240.0,37,32.276
2026-05-22T07:14:50.328040+00:00,scheduler,0,0,999.1,10240.0,38,33.386
2026-05-22T07:14:50.328040+00:00,scheduler,1,0,675.9,10240.0,39,26.621
2026-05-22T07:14:50.328040+00:00,scheduler,2,0,699.9,10240.0,36,25.824
2026-05-22T07:14:50.328040+00:00,scheduler,3,0,699.9,10240.0,37,32.035
2026-05-22T07:14:55.330186+00:00,scheduler,0,0,999.1,10240.0,38,33.473
2026-05-22T07:14:55.330186+00:00,scheduler,1,0,675.9,10240.0,39,26.563
2026-05-22T07:14:55.330186+00:00,scheduler,2,0,699.9,10240.0,36,25.671
2026-05-22T07:14:55.330186+00:00,scheduler,3,0,699.9,10240.0,37,32.13
2026-05-22T07:15:00.330869+00:00,scheduler,0,0,999.1,10240.0,37,33.493
2026-05-22T07:15:00.330869+00:00,scheduler,1,0,675.9,10240.0,38,26.714
2026-05-22T07:15:00.330869+00:00,scheduler,2,0,699.9,10240.0,35,25.717
2026-05-22T07:15:00.330869+00:00,scheduler,3,0,699.9,10240.0,37,31.999
2026-05-22T07:15:05.331598+00:00,scheduler,0,0,999.1,10240.0,37,33.335
2026-05-22T07:15:05.331598+00:00,scheduler,1,0,675.9,10240.0,38,26.52
2026-05-22T07:15:05.331598+00:00,scheduler,2,22,6593.9,10240.0,41,97.796
2026-05-22T07:15:05.331598+00:00,scheduler,3,0,699.9,10240.0,37,32.275
2026-05-22T07:15:10.332249+00:00,scheduler,0,0,999.1,10240.0,37,33.394
2026-05-22T07:15:10.332249+00:00,scheduler,1,0,675.9,10240.0,38,26.524
2026-05-22T07:15:10.332249+00:00,scheduler,2,8,8701.9,10240.0,42,108.179
2026-05-22T07:15:10.332249+00:00,scheduler,3,0,699.9,10240.0,37,32.184
2026-05-22T07:15:15.332878+00:00,scheduler,0,0,999.1,10240.0,37,33.399
2026-05-22T07:15:15.332878+00:00,scheduler,1,0,675.9,10240.0,38,26.628
2026-05-22T07:15:15.332878+00:00,scheduler,2,100,8449.9,10240.0,49,128.547
2026-05-22T07:15:15.332878+00:00,scheduler,3,0,699.9,10240.0,36,31.962
2026-05-22T07:15:20.333551+00:00,scheduler,0,25,7853.1,10240.0,40,104.435
2026-05-22T07:15:20.333551+00:00,scheduler,1,0,675.9,10240.0,38,25.653
2026-05-22T07:15:20.333551+00:00,scheduler,2,100,8449.9,10240.0,60,317.075
2026-05-22T07:15:20.333551+00:00,scheduler,3,0,699.9,10240.0,36,32.898
2026-05-22T07:15:25.334224+00:00,scheduler,0,8,9001.1,10240.0,40,104.386
2026-05-22T07:15:25.334224+00:00,scheduler,1,0,675.9,10240.0,38,25.411
2026-05-22T07:15:25.334224+00:00,scheduler,2,100,8449.9,10240.0,62,314.341
2026-05-22T07:15:25.334224+00:00,scheduler,3,0,699.9,10240.0,36,32.722
2026-05-22T07:15:30.334849+00:00,scheduler,0,25,4813.1,10240.0,42,121.409
2026-05-22T07:15:30.334849+00:00,scheduler,1,0,675.9,10240.0,38,25.937
2026-05-22T07:15:30.334849+00:00,scheduler,2,7,8449.9,10240.0,49,113.481
2026-05-22T07:15:30.334849+00:00,scheduler,3,0,699.9,10240.0,36,32.34
2026-05-22T07:15:35.335506+00:00,scheduler,0,100,8749.1,10240.0,51,318.708
2026-05-22T07:15:35.335506+00:00,scheduler,1,0,675.9,10240.0,38,25.525
2026-05-22T07:15:35.335506+00:00,scheduler,2,71,1693.9,10240.0,47,101.075
2026-05-22T07:15:35.335506+00:00,scheduler,3,0,699.9,10240.0,36,32.75
2026-05-22T07:15:40.336145+00:00,scheduler,0,100,8749.1,10240.0,53,318.766
2026-05-22T07:15:40.336145+00:00,scheduler,1,0,675.9,10240.0,38,25.352
2026-05-22T07:15:40.336145+00:00,scheduler,2,0,699.9,10240.0,47,98.954
2026-05-22T07:15:40.336145+00:00,scheduler,3,10,8701.9,10240.0,43,136.629
2026-05-22T07:15:45.336761+00:00,scheduler,0,9,8749.1,10240.0,48,253.636
2026-05-22T07:15:45.336761+00:00,scheduler,1,0,675.9,10240.0,38,25.411
2026-05-22T07:15:45.336761+00:00,scheduler,2,0,699.9,10240.0,47,98.454
2026-05-22T07:15:45.336761+00:00,scheduler,3,100,8449.9,10240.0,49,140.683
2026-05-22T07:15:50.337379+00:00,scheduler,0,7,8749.1,10240.0,45,105.927
2026-05-22T07:15:50.337379+00:00,scheduler,1,7,8677.9,10240.0,45,153.819
2026-05-22T07:15:50.337379+00:00,scheduler,2,0,699.9,10240.0,46,98.223
2026-05-22T07:15:50.337379+00:00,scheduler,3,100,8449.9,10240.0,60,318.481
2026-05-22T07:15:55.337942+00:00,scheduler,0,0,999.1,10240.0,45,112.706
2026-05-22T07:15:55.337942+00:00,scheduler,1,5,1933.9,10240.0,44,101.569
2026-05-22T07:15:55.337942+00:00,scheduler,2,0,699.9,10240.0,42,27.473
2026-05-22T07:15:55.337942+00:00,scheduler,3,100,8449.9,10240.0,61,318.688
2026-05-22T07:16:00.338627+00:00,scheduler,0,0,999.1,10240.0,45,105.479
2026-05-22T07:16:00.338627+00:00,scheduler,1,100,8425.9,10240.0,57,318.807
2026-05-22T07:16:00.338627+00:00,scheduler,2,0,699.9,10240.0,41,26.535
2026-05-22T07:16:00.338627+00:00,scheduler,3,10,8449.9,10240.0,49,132.413
2026-05-22T07:16:05.339395+00:00,scheduler,0,0,999.1,10240.0,44,105.436
2026-05-22T07:16:05.339395+00:00,scheduler,1,100,8425.9,10240.0,58,318.197
2026-05-22T07:16:05.339395+00:00,scheduler,2,0,699.9,10240.0,40,26.655
2026-05-22T07:16:05.339395+00:00,scheduler,3,0,699.9,10240.0,49,147.28
2026-05-22T07:16:10.340180+00:00,scheduler,0,0,999.1,10240.0,42,81.86
2026-05-22T07:16:10.340180+00:00,scheduler,1,100,8425.9,10240.0,60,318.795
2026-05-22T07:16:10.340180+00:00,scheduler,2,0,699.9,10240.0,40,26.637
2026-05-22T07:16:10.340180+00:00,scheduler,3,0,699.9,10240.0,47,111.397
2026-05-22T07:16:15.342260+00:00,scheduler,0,0,999.1,10240.0,41,33.548
2026-05-22T07:16:15.342260+00:00,scheduler,1,7,8425.9,10240.0,48,97.978
2026-05-22T07:16:15.342260+00:00,scheduler,2,0,699.9,10240.0,39,25.97
2026-05-22T07:16:15.342260+00:00,scheduler,3,0,699.9,10240.0,47,111.337
2026-05-22T07:16:20.343025+00:00,scheduler,0,0,999.1,10240.0,40,33.529
2026-05-22T07:16:20.343025+00:00,scheduler,1,0,675.9,10240.0,49,119.314
2026-05-22T07:16:20.343025+00:00,scheduler,2,0,699.9,10240.0,39,25.925
2026-05-22T07:16:20.343025+00:00,scheduler,3,0,699.9,10240.0,47,111.045
2026-05-22T07:16:25.343645+00:00,scheduler,0,0,999.1,10240.0,39,33.559
2026-05-22T07:16:25.343645+00:00,scheduler,1,0,675.9,10240.0,48,97.381
2026-05-22T07:16:25.343645+00:00,scheduler,2,0,699.9,10240.0,38,25.789
2026-05-22T07:16:25.343645+00:00,scheduler,3,0,699.9,10240.0,42,32.969
2026-05-22T07:16:30.344325+00:00,scheduler,0,0,999.1,10240.0,39,33.389
2026-05-22T07:16:30.344325+00:00,scheduler,1,0,675.9,10240.0,48,97.559
2026-05-22T07:16:30.344325+00:00,scheduler,2,0,699.9,10240.0,38,25.82
2026-05-22T07:16:30.344325+00:00,scheduler,3,0,699.9,10240.0,41,32.807
2026-05-22T07:16:35.345041+00:00,scheduler,0,0,999.1,10240.0,39,33.497
2026-05-22T07:16:35.345041+00:00,scheduler,1,0,675.9,10240.0,48,97.424
2026-05-22T07:16:35.345041+00:00,scheduler,2,0,699.9,10240.0,38,25.727
2026-05-22T07:16:35.345041+00:00,scheduler,3,0,699.9,10240.0,40,32.878
2026-05-22T07:16:40.345772+00:00,scheduler,0,0,999.1,10240.0,38,33.436
2026-05-22T07:16:40.345772+00:00,scheduler,1,0,675.9,10240.0,44,27.192
2026-05-22T07:16:40.345772+00:00,scheduler,2,0,699.9,10240.0,37,25.789
2026-05-22T07:16:40.345772+00:00,scheduler,3,0,699.9,10240.0,40,32.745
2026-05-22T07:16:45.346588+00:00,scheduler,0,0,999.1,10240.0,38,33.305
2026-05-22T07:16:45.346588+00:00,scheduler,1,0,675.9,10240.0,43,27.426
2026-05-22T07:16:45.346588+00:00,scheduler,2,0,699.9,10240.0,37,25.71
2026-05-22T07:16:45.346588+00:00,scheduler,3,0,699.9,10240.0,39,32.404
2026-05-22T07:16:50.347496+00:00,scheduler,0,0,999.1,10240.0,38,33.47
2026-05-22T07:16:50.347496+00:00,scheduler,1,0,675.9,10240.0,43,27.206
2026-05-22T07:16:50.347496+00:00,scheduler,2,0,699.9,10240.0,37,25.764
2026-05-22T07:16:50.347496+00:00,scheduler,3,0,699.9,10240.0,39,32.722
2026-05-22T07:16:55.348487+00:00,scheduler,0,0,999.1,10240.0,37,33.323
2026-05-22T07:16:55.348487+00:00,scheduler,1,0,675.9,10240.0,42,27.298
2026-05-22T07:16:55.348487+00:00,scheduler,2,0,699.9,10240.0,37,25.57
2026-05-22T07:16:55.348487+00:00,scheduler,3,0,699.9,10240.0,39,32.459
2026-05-22T07:17:00.349543+00:00,scheduler,0,0,999.1,10240.0,37,33.366
2026-05-22T07:17:00.349543+00:00,scheduler,1,0,675.9,10240.0,42,27.186
2026-05-22T07:17:00.349543+00:00,scheduler,2,0,699.9,10240.0,37,25.654
2026-05-22T07:17:00.349543+00:00,scheduler,3,0,699.9,10240.0,38,32.582
2026-05-22T07:17:05.350541+00:00,scheduler,0,0,999.1,10240.0,37,33.324
2026-05-22T07:17:05.350541+00:00,scheduler,1,0,675.9,10240.0,42,27.429
2026-05-22T07:17:05.350541+00:00,scheduler,2,15,4933.9,10240.0,41,97.642
2026-05-22T07:17:05.350541+00:00,scheduler,3,0,699.9,10240.0,38,32.384
2026-05-22T07:17:10.351223+00:00,scheduler,0,0,999.1,10240.0,37,33.381
2026-05-22T07:17:10.351223+00:00,scheduler,1,0,675.9,10240.0,41,27.258
2026-05-22T07:17:10.351223+00:00,scheduler,2,10,8701.9,10240.0,43,108.445
2026-05-22T07:17:10.351223+00:00,scheduler,3,0,699.9,10240.0,38,32.339
2026-05-22T07:17:15.351872+00:00,scheduler,0,0,999.1,10240.0,37,33.364
2026-05-22T07:17:15.351872+00:00,scheduler,1,0,675.9,10240.0,41,26.89
2026-05-22T07:17:15.351872+00:00,scheduler,2,26,8131.9,10240.0,43,103.596
2026-05-22T07:17:15.351872+00:00,scheduler,3,0,699.9,10240.0,38,32.335
2026-05-22T07:17:20.352471+00:00,scheduler,0,0,999.1,10240.0,36,33.563
2026-05-22T07:17:20.352471+00:00,scheduler,1,0,675.9,10240.0,41,26.195
2026-05-22T07:17:20.352471+00:00,scheduler,2,100,8449.9,10240.0,61,318.77
2026-05-22T07:17:20.352471+00:00,scheduler,3,0,699.9,10240.0,37,32.613
2026-05-22T07:17:25.353069+00:00,scheduler,0,91,9001.1,10240.0,42,114.285
2026-05-22T07:17:25.353069+00:00,scheduler,1,0,675.9,10240.0,40,25.856
2026-05-22T07:17:25.353069+00:00,scheduler,2,100,8449.9,10240.0,63,317.746
2026-05-22T07:17:25.353069+00:00,scheduler,3,0,699.9,10240.0,37,32.776
2026-05-22T07:17:30.353723+00:00,scheduler,0,7,9001.1,10240.0,40,104.439
2026-05-22T07:17:30.353723+00:00,scheduler,1,0,675.9,10240.0,40,26.109
2026-05-22T07:17:30.353723+00:00,scheduler,2,7,8449.9,10240.0,51,117.052
2026-05-22T07:17:30.353723+00:00,scheduler,3,28,7553.9,10240.0,42,108.762
2026-05-22T07:17:35.355751+00:00,scheduler,0,19,8161.1,10240.0,41,109.411
2026-05-22T07:17:35.355751+00:00,scheduler,1,0,675.9,10240.0,40,26.451
2026-05-22T07:17:35.355751+00:00,scheduler,2,7,8449.9,10240.0,48,99.411
2026-05-22T07:17:35.355751+00:00,scheduler,3,12,8701.9,10240.0,43,109.783
2026-05-22T07:17:40.356382+00:00,scheduler,0,100,8749.1,10240.0,51,318.995
2026-05-22T07:17:40.356382+00:00,scheduler,1,0,675.9,10240.0,40,25.753
2026-05-22T07:17:40.356382+00:00,scheduler,2,0,699.9,10240.0,48,102.079
2026-05-22T07:17:40.356382+00:00,scheduler,3,100,8449.9,10240.0,59,318.457
2026-05-22T07:17:45.356968+00:00,scheduler,0,100,8749.1,10240.0,53,318.994
2026-05-22T07:17:45.356968+00:00,scheduler,1,0,675.9,10240.0,40,25.618
2026-05-22T07:17:45.356968+00:00,scheduler,2,0,699.9,10240.0,47,98.81
2026-05-22T07:17:45.356968+00:00,scheduler,3,100,8449.9,10240.0,61,318.866
2026-05-22T07:17:50.357626+00:00,scheduler,0,17,8749.1,10240.0,46,123.477
2026-05-22T07:17:50.357626+00:00,scheduler,1,0,675.9,10240.0,40,25.467
2026-05-22T07:17:50.357626+00:00,scheduler,2,0,699.9,10240.0,47,98.796
2026-05-22T07:17:50.357626+00:00,scheduler,3,100,8449.9,10240.0,62,319.333
2026-05-22T07:17:55.358237+00:00,scheduler,0,8,8749.1,10240.0,45,105.713
2026-05-22T07:17:55.358237+00:00,scheduler,1,0,675.9,10240.0,39,26.689
2026-05-22T07:17:55.358237+00:00,scheduler,2,0,699.9,10240.0,43,48.669
2026-05-22T07:17:55.358237+00:00,scheduler,3,10,8449.9,10240.0,49,113.187
2026-05-22T07:18:00.359002+00:00,scheduler,0,0,999.1,10240.0,44,109.286
2026-05-22T07:18:00.359002+00:00,scheduler,1,0,675.9,10240.0,39,26.772
2026-05-22T07:18:00.359002+00:00,scheduler,2,0,699.9,10240.0,41,26.155
2026-05-22T07:18:00.359002+00:00,scheduler,3,0,699.9,10240.0,48,125.881
2026-05-22T07:18:05.359758+00:00,scheduler,0,0,999.1,10240.0,44,105.371
2026-05-22T07:18:05.359758+00:00,scheduler,1,0,675.9,10240.0,39,26.698
2026-05-22T07:18:05.359758+00:00,scheduler,2,0,699.9,10240.0,40,26.014
2026-05-22T07:18:05.359758+00:00,scheduler,3,0,699.9,10240.0,48,111.747
2026-05-22T07:18:10.360625+00:00,scheduler,0,0,999.1,10240.0,44,105.347
2026-05-22T07:18:10.360625+00:00,scheduler,1,8,8697.9,10240.0,48,175.438
2026-05-22T07:18:10.360625+00:00,scheduler,2,0,699.9,10240.0,40,26.002
2026-05-22T07:18:10.360625+00:00,scheduler,3,0,699.9,10240.0,47,111.432
2026-05-22T07:18:15.361266+00:00,scheduler,0,0,999.1,10240.0,41,59.366
2026-05-22T07:18:15.361266+00:00,scheduler,1,5,8697.9,10240.0,44,97.65
2026-05-22T07:18:15.361266+00:00,scheduler,2,0,699.9,10240.0,40,25.87
2026-05-22T07:18:15.361266+00:00,scheduler,3,0,699.9,10240.0,44,80.521
2026-05-22T07:18:20.363221+00:00,scheduler,0,0,999.1,10240.0,40,33.924
2026-05-22T07:18:20.363221+00:00,scheduler,1,100,8425.9,10240.0,57,318.759
2026-05-22T07:18:20.363221+00:00,scheduler,2,0,699.9,10240.0,39,26.159
2026-05-22T07:18:20.363221+00:00,scheduler,3,0,699.9,10240.0,42,33.266
2026-05-22T07:18:25.363800+00:00,scheduler,0,0,999.1,10240.0,40,33.887
2026-05-22T07:18:25.363800+00:00,scheduler,1,100,8425.9,10240.0,59,317.844
2026-05-22T07:18:25.363800+00:00,scheduler,2,0,699.9,10240.0,39,26.345
2026-05-22T07:18:25.363800+00:00,scheduler,3,0,699.9,10240.0,41,33.475
2026-05-22T07:18:30.364410+00:00,scheduler,0,0,999.1,10240.0,39,33.892
2026-05-22T07:18:30.364410+00:00,scheduler,1,100,8425.9,10240.0,60,318.8
2026-05-22T07:18:30.364410+00:00,scheduler,2,0,699.9,10240.0,38,26.344
2026-05-22T07:18:30.364410+00:00,scheduler,3,0,699.9,10240.0,41,33.25
2026-05-22T07:18:35.365044+00:00,scheduler,0,0,999.1,10240.0,39,33.689
2026-05-22T07:18:35.365044+00:00,scheduler,1,7,8425.9,10240.0,49,98.467
2026-05-22T07:18:35.365044+00:00,scheduler,2,0,699.9,10240.0,38,25.726
2026-05-22T07:18:35.365044+00:00,scheduler,3,0,699.9,10240.0,40,32.504
2026-05-22T07:18:40.365608+00:00,scheduler,0,0,999.1,10240.0,39,33.57
2026-05-22T07:18:40.365608+00:00,scheduler,1,0,675.9,10240.0,50,119.652
2026-05-22T07:18:40.365608+00:00,scheduler,2,0,699.9,10240.0,38,25.879
2026-05-22T07:18:40.365608+00:00,scheduler,3,0,699.9,10240.0,40,32.653
2026-05-22T07:18:45.366611+00:00,scheduler,0,0,999.1,10240.0,38,33.343
2026-05-22T07:18:45.366611+00:00,scheduler,1,0,675.9,10240.0,49,97.937
2026-05-22T07:18:45.366611+00:00,scheduler,2,0,699.9,10240.0,38,25.675
2026-05-22T07:18:45.366611+00:00,scheduler,3,0,699.9,10240.0,39,32.619
2026-05-22T07:18:50.367288+00:00,scheduler,0,0,999.1,10240.0,38,33.423
2026-05-22T07:18:50.367288+00:00,scheduler,1,0,675.9,10240.0,49,97.947
2026-05-22T07:18:50.367288+00:00,scheduler,2,0,699.9,10240.0,37,25.77
2026-05-22T07:18:50.367288+00:00,scheduler,3,0,699.9,10240.0,39,32.569
2026-05-22T07:18:55.367965+00:00,scheduler,0,0,999.1,10240.0,38,33.279
2026-05-22T07:18:55.367965+00:00,scheduler,1,0,675.9,10240.0,49,97.282
2026-05-22T07:18:55.367965+00:00,scheduler,2,0,699.9,10240.0,37,25.873
2026-05-22T07:18:55.367965+00:00,scheduler,3,0,699.9,10240.0,39,32.741
2026-05-22T07:19:00.368697+00:00,scheduler,0,0,999.1,10240.0,37,33.246
2026-05-22T07:19:00.368697+00:00,scheduler,1,0,675.9,10240.0,45,27.596
2026-05-22T07:19:00.368697+00:00,scheduler,2,31,2897.9,10240.0,40,46.395
2026-05-22T07:19:00.368697+00:00,scheduler,3,0,699.9,10240.0,38,32.377
2026-05-22T07:19:05.369384+00:00,scheduler,0,0,999.1,10240.0,37,33.286
2026-05-22T07:19:05.369384+00:00,scheduler,1,0,675.9,10240.0,44,27.183
2026-05-22T07:19:05.369384+00:00,scheduler,2,7,8701.9,10240.0,44,113.762
2026-05-22T07:19:05.369384+00:00,scheduler,3,0,699.9,10240.0,38,32.572
2026-05-22T07:19:10.369870+00:00,scheduler,0,0,999.1,10240.0,37,33.246
2026-05-22T07:19:10.369870+00:00,scheduler,1,0,675.9,10240.0,43,27.007
2026-05-22T07:19:10.369870+00:00,scheduler,2,100,8449.9,10240.0,55,183.491
2026-05-22T07:19:10.369870+00:00,scheduler,3,0,699.9,10240.0,38,32.276
2026-05-22T07:19:15.370522+00:00,scheduler,0,0,999.1,10240.0,37,33.458
2026-05-22T07:19:15.370522+00:00,scheduler,1,0,675.9,10240.0,43,26.196
2026-05-22T07:19:15.370522+00:00,scheduler,2,100,8449.9,10240.0,61,317.085
2026-05-22T07:19:15.370522+00:00,scheduler,3,0,699.9,10240.0,38,32.784
2026-05-22T07:19:20.371135+00:00,scheduler,0,0,999.1,10240.0,37,33.387
2026-05-22T07:19:20.371135+00:00,scheduler,1,0,675.9,10240.0,43,26.347
2026-05-22T07:19:20.371135+00:00,scheduler,2,100,8449.9,10240.0,63,315.151
2026-05-22T07:19:20.371135+00:00,scheduler,3,0,699.9,10240.0,38,32.675
2026-05-22T07:19:25.371682+00:00,scheduler,0,0,999.1,10240.0,36,33.42
2026-05-22T07:19:25.371682+00:00,scheduler,1,0,675.9,10240.0,42,27.005
2026-05-22T07:19:25.371682+00:00,scheduler,2,8,8449.9,10240.0,50,109.901
2026-05-22T07:19:25.371682+00:00,scheduler,3,0,699.9,10240.0,37,32.179
2026-05-22T07:19:30.372386+00:00,scheduler,0,0,999.1,10240.0,36,33.205
2026-05-22T07:19:30.372386+00:00,scheduler,1,0,675.9,10240.0,42,26.926
2026-05-22T07:19:30.372386+00:00,scheduler,2,0,699.9,10240.0,49,125.646
2026-05-22T07:19:30.372386+00:00,scheduler,3,0,699.9,10240.0,37,32.179
2026-05-22T07:19:35.373087+00:00,scheduler,0,0,999.1,10240.0,36,33.382
2026-05-22T07:19:35.373087+00:00,scheduler,1,0,675.9,10240.0,41,26.883
2026-05-22T07:19:35.373087+00:00,scheduler,2,0,699.9,10240.0,48,100.634
2026-05-22T07:19:35.373087+00:00,scheduler,3,27,6485.9,10240.0,41,108.43
2026-05-22T07:19:40.373930+00:00,scheduler,0,0,999.1,10240.0,36,33.317
2026-05-22T07:19:40.373930+00:00,scheduler,1,0,675.9,10240.0,41,26.915
2026-05-22T07:19:40.373930+00:00,scheduler,2,0,699.9,10240.0,47,100.407
2026-05-22T07:19:40.373930+00:00,scheduler,3,8,8701.9,10240.0,43,109.979
2026-05-22T07:19:45.374507+00:00,scheduler,0,0,999.1,10240.0,36,33.415
2026-05-22T07:19:45.374507+00:00,scheduler,1,37,4629.9,10240.0,45,66.922
2026-05-22T07:19:45.374507+00:00,scheduler,2,0,699.9,10240.0,47,100.163
2026-05-22T07:19:45.374507+00:00,scheduler,3,100,8449.9,10240.0,59,319.372
2026-05-22T07:19:50.375150+00:00,scheduler,0,0,999.1,10240.0,36,33.591
2026-05-22T07:19:50.375150+00:00,scheduler,1,8,8697.9,10240.0,46,108.209
2026-05-22T07:19:50.375150+00:00,scheduler,2,0,699.9,10240.0,42,26.795
2026-05-22T07:19:50.375150+00:00,scheduler,3,100,8449.9,10240.0,61,318.907
2026-05-22T07:19:55.375819+00:00,scheduler,0,0,999.1,10240.0,36,33.546
2026-05-22T07:19:55.375819+00:00,scheduler,1,100,8425.9,10240.0,57,302.257
2026-05-22T07:19:55.375819+00:00,scheduler,2,0,699.9,10240.0,41,26.641
2026-05-22T07:19:55.375819+00:00,scheduler,3,100,8449.9,10240.0,62,319.436
2026-05-22T07:20:00.376387+00:00,scheduler,0,0,999.1,10240.0,36,33.522
2026-05-22T07:20:00.376387+00:00,scheduler,1,100,8425.9,10240.0,60,316.605
2026-05-22T07:20:00.376387+00:00,scheduler,2,0,699.9,10240.0,41,26.602
2026-05-22T07:20:00.376387+00:00,scheduler,3,7,8449.9,10240.0,49,113.16
2026-05-22T07:20:05.376921+00:00,scheduler,0,0,999.1,10240.0,36,33.519
2026-05-22T07:20:05.376921+00:00,scheduler,1,100,8425.9,10240.0,61,316.77
2026-05-22T07:20:05.376921+00:00,scheduler,2,0,699.9,10240.0,40,26.462
2026-05-22T07:20:05.376921+00:00,scheduler,3,0,699.9,10240.0,49,125.982
2026-05-22T07:20:10.377514+00:00,scheduler,0,0,999.1,10240.0,36,33.372
2026-05-22T07:20:10.377514+00:00,scheduler,1,8,8425.9,10240.0,51,98.736
2026-05-22T07:20:10.377514+00:00,scheduler,2,0,699.9,10240.0,40,25.989
2026-05-22T07:20:10.377514+00:00,scheduler,3,0,699.9,10240.0,48,113.019
2026-05-22T07:20:15.378060+00:00,scheduler,0,0,999.1,10240.0,36,33.149
2026-05-22T07:20:15.378060+00:00,scheduler,1,0,675.9,10240.0,51,120.446
2026-05-22T07:20:15.378060+00:00,scheduler,2,0,699.9,10240.0,39,25.83
2026-05-22T07:20:15.378060+00:00,scheduler,3,0,699.9,10240.0,48,112.877
2026-05-22T07:20:20.378614+00:00,scheduler,0,0,999.1,10240.0,35,33.171
2026-05-22T07:20:20.378614+00:00,scheduler,1,0,675.9,10240.0,50,98.17
2026-05-22T07:20:20.378614+00:00,scheduler,2,0,699.9,10240.0,39,25.857
2026-05-22T07:20:20.378614+00:00,scheduler,3,0,699.9,10240.0,44,76.185
2026-05-22T07:20:25.379254+00:00,scheduler,0,0,999.1,10240.0,35,33.242
2026-05-22T07:20:25.379254+00:00,scheduler,1,0,675.9,10240.0,50,97.889
2026-05-22T07:20:25.379254+00:00,scheduler,2,0,699.9,10240.0,38,25.736
2026-05-22T07:20:25.379254+00:00,scheduler,3,0,699.9,10240.0,42,32.905
2026-05-22T07:20:30.379838+00:00,scheduler,0,0,999.1,10240.0,35,33.24
2026-05-22T07:20:30.379838+00:00,scheduler,1,0,675.9,10240.0,50,98.774
2026-05-22T07:20:30.379838+00:00,scheduler,2,0,699.9,10240.0,38,25.75
2026-05-22T07:20:30.379838+00:00,scheduler,3,0,699.9,10240.0,42,32.78
2026-05-22T07:20:35.380544+00:00,scheduler,0,0,999.1,10240.0,35,33.22
2026-05-22T07:20:35.380544+00:00,scheduler,1,0,675.9,10240.0,46,27.667
2026-05-22T07:20:35.380544+00:00,scheduler,2,0,699.9,10240.0,38,25.867
2026-05-22T07:20:35.380544+00:00,scheduler,3,0,699.9,10240.0,41,32.699
2026-05-22T07:20:40.381401+00:00,scheduler,0,0,999.1,10240.0,35,33.392
2026-05-22T07:20:40.381401+00:00,scheduler,1,0,675.9,10240.0,45,27.63
2026-05-22T07:20:40.381401+00:00,scheduler,2,0,699.9,10240.0,38,25.66
2026-05-22T07:20:40.381401+00:00,scheduler,3,0,699.9,10240.0,40,32.656
2026-05-22T07:20:45.382363+00:00,scheduler,0,0,999.1,10240.0,35,33.254
2026-05-22T07:20:45.382363+00:00,scheduler,1,0,675.9,10240.0,44,27.631
2026-05-22T07:20:45.382363+00:00,scheduler,2,0,699.9,10240.0,38,25.763
2026-05-22T07:20:45.382363+00:00,scheduler,3,0,699.9,10240.0,40,32.403
2026-05-22T07:20:50.383140+00:00,scheduler,0,40,9021.1,10240.0,40,120.322
2026-05-22T07:20:50.383140+00:00,scheduler,1,0,675.9,10240.0,44,27.225
2026-05-22T07:20:50.383140+00:00,scheduler,2,0,699.9,10240.0,37,25.766
2026-05-22T07:20:50.383140+00:00,scheduler,3,0,699.9,10240.0,39,32.56
2026-05-22T07:20:55.383711+00:00,scheduler,0,25,5067.1,10240.0,40,121.207
2026-05-22T07:20:55.383711+00:00,scheduler,1,0,675.9,10240.0,43,27.346
2026-05-22T07:20:55.383711+00:00,scheduler,2,0,699.9,10240.0,37,25.631
2026-05-22T07:20:55.383711+00:00,scheduler,3,0,699.9,10240.0,39,32.384
2026-05-22T07:21:00.384332+00:00,scheduler,0,100,8749.1,10240.0,50,318.729
2026-05-22T07:21:00.384332+00:00,scheduler,1,0,675.9,10240.0,43,26.344
2026-05-22T07:21:00.384332+00:00,scheduler,2,0,699.9,10240.0,37,26.313
2026-05-22T07:21:00.384332+00:00,scheduler,3,0,699.9,10240.0,39,33.029
2026-05-22T07:21:05.385175+00:00,scheduler,0,100,8749.1,10240.0,52,318.785
2026-05-22T07:21:05.385175+00:00,scheduler,1,0,675.9,10240.0,42,26.499
2026-05-22T07:21:05.385175+00:00,scheduler,2,0,699.9,10240.0,37,26.089
2026-05-22T07:21:05.385175+00:00,scheduler,3,0,699.9,10240.0,39,32.815
2026-05-22T07:21:10.385943+00:00,scheduler,0,18,8749.1,10240.0,46,210.413
2026-05-22T07:21:10.385943+00:00,scheduler,1,0,675.9,10240.0,42,26.378
2026-05-22T07:21:10.385943+00:00,scheduler,2,0,699.9,10240.0,37,25.983
2026-05-22T07:21:10.385943+00:00,scheduler,3,0,699.9,10240.0,38,32.774
2026-05-22T07:21:15.386663+00:00,scheduler,0,10,8515.1,10240.0,44,105.596
2026-05-22T07:21:15.386663+00:00,scheduler,1,0,675.9,10240.0,42,27.325
2026-05-22T07:21:15.386663+00:00,scheduler,2,0,699.9,10240.0,37,25.582
2026-05-22T07:21:15.386663+00:00,scheduler,3,0,699.9,10240.0,38,32.575
2026-05-22T07:21:20.387701+00:00,scheduler,0,0,999.1,10240.0,44,108.347
2026-05-22T07:21:20.387701+00:00,scheduler,1,0,675.9,10240.0,41,27.089
2026-05-22T07:21:20.387701+00:00,scheduler,2,0,699.9,10240.0,37,25.644
2026-05-22T07:21:20.387701+00:00,scheduler,3,0,699.9,10240.0,38,32.188
2026-05-22T07:21:25.388587+00:00,scheduler,0,0,999.1,10240.0,44,105.185
2026-05-22T07:21:25.388587+00:00,scheduler,1,0,675.9,10240.0,41,27.165
2026-05-22T07:21:25.388587+00:00,scheduler,2,0,699.9,10240.0,37,25.577
2026-05-22T07:21:25.388587+00:00,scheduler,3,0,699.9,10240.0,38,32.209
2026-05-22T07:21:30.389345+00:00,scheduler,0,0,999.1,10240.0,44,105.225
2026-05-22T07:21:30.389345+00:00,scheduler,1,0,675.9,10240.0,41,27.07
2026-05-22T07:21:30.389345+00:00,scheduler,2,0,699.9,10240.0,36,25.61
2026-05-22T07:21:30.389345+00:00,scheduler,3,0,699.9,10240.0,37,32.274
2026-05-22T07:21:35.390581+00:00,scheduler,0,0,999.1,10240.0,41,35.876
2026-05-22T07:21:35.390581+00:00,scheduler,1,0,675.9,10240.0,40,27.167
2026-05-22T07:21:35.390581+00:00,scheduler,2,0,699.9,10240.0,36,25.593
2026-05-22T07:21:35.390581+00:00,scheduler,3,0,699.9,10240.0,37,32.209
2026-05-22T07:21:40.391492+00:00,scheduler,0,0,999.1,10240.0,40,33.471
2026-05-22T07:21:40.391492+00:00,scheduler,1,0,675.9,10240.0,40,27.247
2026-05-22T07:21:40.391492+00:00,scheduler,2,0,699.9,10240.0,36,25.622
2026-05-22T07:21:40.391492+00:00,scheduler,3,0,699.9,10240.0,37,32.171
2026-05-22T07:21:45.392387+00:00,scheduler,0,0,999.1,10240.0,40,33.494
2026-05-22T07:21:45.392387+00:00,scheduler,1,0,675.9,10240.0,40,27.027
2026-05-22T07:21:45.392387+00:00,scheduler,2,0,699.9,10240.0,36,25.567
2026-05-22T07:21:45.392387+00:00,scheduler,3,0,699.9,10240.0,37,32.204
2026-05-22T07:21:50.393563+00:00,scheduler,0,0,999.1,10240.0,39,33.305
2026-05-22T07:21:50.393563+00:00,scheduler,1,0,675.9,10240.0,40,27.043
2026-05-22T07:21:50.393563+00:00,scheduler,2,0,699.9,10240.0,36,25.656
2026-05-22T07:21:50.393563+00:00,scheduler,3,0,699.9,10240.0,37,32.029
2026-05-22T07:21:55.394590+00:00,scheduler,0,0,999.1,10240.0,39,33.395
2026-05-22T07:21:55.394590+00:00,scheduler,1,0,675.9,10240.0,40,27.065
2026-05-22T07:21:55.394590+00:00,scheduler,2,0,699.9,10240.0,36,25.588
2026-05-22T07:21:55.394590+00:00,scheduler,3,0,699.9,10240.0,37,32.045
2026-05-22T07:22:00.395279+00:00,scheduler,0,0,999.1,10240.0,38,33.487
2026-05-22T07:22:00.395279+00:00,scheduler,1,0,675.9,10240.0,40,27.082
2026-05-22T07:22:00.395279+00:00,scheduler,2,0,699.9,10240.0,36,25.466
2026-05-22T07:22:00.395279+00:00,scheduler,3,0,699.9,10240.0,37,32.088
2026-05-22T07:22:05.395952+00:00,scheduler,0,0,999.1,10240.0,38,33.343
2026-05-22T07:22:05.395952+00:00,scheduler,1,0,675.9,10240.0,40,27.105
2026-05-22T07:22:05.395952+00:00,scheduler,2,0,699.9,10240.0,36,25.567
2026-05-22T07:22:05.395952+00:00,scheduler,3,0,699.9,10240.0,37,32.116
2026-05-22T07:22:10.396683+00:00,scheduler,0,0,999.1,10240.0,38,33.234
2026-05-22T07:22:10.396683+00:00,scheduler,1,0,675.9,10240.0,39,27.008
2026-05-22T07:22:10.396683+00:00,scheduler,2,0,699.9,10240.0,36,25.593
2026-05-22T07:22:10.396683+00:00,scheduler,3,0,699.9,10240.0,37,31.948
2026-05-22T07:22:15.397695+00:00,scheduler,0,0,999.1,10240.0,38,33.422
2026-05-22T07:22:15.397695+00:00,scheduler,1,33,3377.9,10240.0,42,46.434
2026-05-22T07:22:15.397695+00:00,scheduler,2,0,699.9,10240.0,36,25.468
2026-05-22T07:22:15.397695+00:00,scheduler,3,0,699.9,10240.0,37,31.957
2026-05-22T07:22:20.398866+00:00,scheduler,0,0,999.1,10240.0,37,33.331
2026-05-22T07:22:20.398866+00:00,scheduler,1,9,8677.9,10240.0,44,99.65
2026-05-22T07:22:20.398866+00:00,scheduler,2,0,699.9,10240.0,36,25.459
2026-05-22T07:22:20.398866+00:00,scheduler,3,0,699.9,10240.0,37,32.173
2026-05-22T07:22:25.399924+00:00,scheduler,0,0,999.1,10240.0,37,33.43
2026-05-22T07:22:25.399924+00:00,scheduler,1,100,8425.9,10240.0,57,318.533
2026-05-22T07:22:25.399924+00:00,scheduler,2,0,699.9,10240.0,36,25.92
2026-05-22T07:22:25.399924+00:00,scheduler,3,0,699.9,10240.0,37,32.418
2026-05-22T07:22:30.400774+00:00,scheduler,0,0,999.1,10240.0,37,33.498
2026-05-22T07:22:30.400774+00:00,scheduler,1,100,8425.9,10240.0,59,318.849
2026-05-22T07:22:30.400774+00:00,scheduler,2,0,699.9,10240.0,36,26.042
2026-05-22T07:22:30.400774+00:00,scheduler,3,0,699.9,10240.0,37,32.565
2026-05-22T07:22:35.401435+00:00,scheduler,0,0,999.1,10240.0,37,33.548
2026-05-22T07:22:35.401435+00:00,scheduler,1,100,8425.9,10240.0,60,318.832
2026-05-22T07:22:35.401435+00:00,scheduler,2,0,699.9,10240.0,36,25.948
2026-05-22T07:22:35.401435+00:00,scheduler,3,0,699.9,10240.0,36,32.83
2026-05-22T07:22:40.403498+00:00,scheduler,0,0,999.1,10240.0,37,33.234
2026-05-22T07:22:40.403498+00:00,scheduler,1,10,8425.9,10240.0,50,98.551
2026-05-22T07:22:40.403498+00:00,scheduler,2,0,699.9,10240.0,36,25.449
2026-05-22T07:22:40.403498+00:00,scheduler,3,0,699.9,10240.0,36,31.935
2026-05-22T07:22:45.405639+00:00,scheduler,0,0,999.1,10240.0,37,33.19
2026-05-22T07:22:45.405639+00:00,scheduler,1,0,675.9,10240.0,49,105.841
2026-05-22T07:22:45.405639+00:00,scheduler,2,0,699.9,10240.0,36,25.546
2026-05-22T07:22:45.405639+00:00,scheduler,3,0,699.9,10240.0,36,31.965
2026-05-22T07:22:50.406579+00:00,scheduler,0,0,999.1,10240.0,36,33.2
2026-05-22T07:22:50.406579+00:00,scheduler,1,0,675.9,10240.0,49,98.459
2026-05-22T07:22:50.406579+00:00,scheduler,2,0,699.9,10240.0,36,25.365
2026-05-22T07:22:50.406579+00:00,scheduler,3,0,699.9,10240.0,36,31.962
2026-05-22T07:22:55.407374+00:00,scheduler,0,0,999.1,10240.0,36,33.239
2026-05-22T07:22:55.407374+00:00,scheduler,1,0,675.9,10240.0,49,98.615
2026-05-22T07:22:55.407374+00:00,scheduler,2,0,699.9,10240.0,36,25.459
2026-05-22T07:22:55.407374+00:00,scheduler,3,0,699.9,10240.0,36,31.993
2026-05-22T07:23:00.407980+00:00,scheduler,0,0,999.1,10240.0,36,33.207
2026-05-22T07:23:00.407980+00:00,scheduler,1,0,675.9,10240.0,47,84.245
2026-05-22T07:23:00.407980+00:00,scheduler,2,0,699.9,10240.0,36,25.527
2026-05-22T07:23:00.407980+00:00,scheduler,3,0,699.9,10240.0,36,31.867
2026-05-22T07:23:05.408640+00:00,scheduler,0,0,999.1,10240.0,36,33.271
2026-05-22T07:23:05.408640+00:00,scheduler,1,0,675.9,10240.0,45,27.602
2026-05-22T07:23:05.408640+00:00,scheduler,2,42,6825.9,10240.0,41,83.468
2026-05-22T07:23:05.408640+00:00,scheduler,3,0,699.9,10240.0,36,31.868
2026-05-22T07:23:10.409652+00:00,scheduler,0,0,999.1,10240.0,36,33.174
2026-05-22T07:23:10.409652+00:00,scheduler,1,0,675.9,10240.0,44,27.518
2026-05-22T07:23:10.409652+00:00,scheduler,2,10,8701.9,10240.0,42,97.866
2026-05-22T07:23:10.409652+00:00,scheduler,3,0,699.9,10240.0,36,32.177
2026-05-22T07:23:15.412830+00:00,scheduler,0,0,999.1,10240.0,36,33.265
2026-05-22T07:23:15.412830+00:00,scheduler,1,0,675.9,10240.0,43,27.423
2026-05-22T07:23:15.412830+00:00,scheduler,2,100,8449.9,10240.0,56,278.007
2026-05-22T07:23:15.412830+00:00,scheduler,3,0,699.9,10240.0,36,32.115
2026-05-22T07:23:20.414812+00:00,scheduler,0,0,999.1,10240.0,36,33.453
2026-05-22T07:23:20.414812+00:00,scheduler,1,0,675.9,10240.0,43,26.285
2026-05-22T07:23:20.414812+00:00,scheduler,2,100,8449.9,10240.0,60,318.608
2026-05-22T07:23:20.414812+00:00,scheduler,3,0,699.9,10240.0,36,32.497
2026-05-22T07:23:25.416955+00:00,scheduler,0,0,999.1,10240.0,36,33.665
2026-05-22T07:23:25.416955+00:00,scheduler,1,0,675.9,10240.0,42,26.29
2026-05-22T07:23:25.416955+00:00,scheduler,2,100,8449.9,10240.0,63,318.837
2026-05-22T07:23:25.416955+00:00,scheduler,3,0,699.9,10240.0,36,32.518
2026-05-22T07:23:30.417812+00:00,scheduler,0,0,999.1,10240.0,36,33.208
2026-05-22T07:23:30.417812+00:00,scheduler,1,0,675.9,10240.0,42,27.151
2026-05-22T07:23:30.417812+00:00,scheduler,2,10,8449.9,10240.0,48,101.799
2026-05-22T07:23:30.417812+00:00,scheduler,3,0,699.9,10240.0,36,31.979
2026-05-22T07:23:35.418803+00:00,scheduler,0,0,999.1,10240.0,36,33.223
2026-05-22T07:23:35.418803+00:00,scheduler,1,0,675.9,10240.0,42,27.034
2026-05-22T07:23:35.418803+00:00,scheduler,2,0,699.9,10240.0,49,113.46
2026-05-22T07:23:35.418803+00:00,scheduler,3,0,699.9,10240.0,36,31.986
2026-05-22T07:23:40.419447+00:00,scheduler,0,0,999.1,10240.0,36,33.28
2026-05-22T07:23:40.419447+00:00,scheduler,1,0,675.9,10240.0,41,27.227
2026-05-22T07:23:40.419447+00:00,scheduler,2,0,699.9,10240.0,47,100.199
2026-05-22T07:23:40.419447+00:00,scheduler,3,0,699.9,10240.0,36,31.916
2026-05-22T07:23:45.420137+00:00,scheduler,0,0,999.1,10240.0,36,33.241
2026-05-22T07:23:45.420137+00:00,scheduler,1,0,675.9,10240.0,41,27.145
2026-05-22T07:23:45.420137+00:00,scheduler,2,0,699.9,10240.0,47,100.083
2026-05-22T07:23:45.420137+00:00,scheduler,3,0,699.9,10240.0,36,32.032
2026-05-22T07:23:50.421007+00:00,scheduler,0,0,999.1,10240.0,35,33.19
2026-05-22T07:23:50.421007+00:00,scheduler,1,0,675.9,10240.0,41,27.116
2026-05-22T07:23:50.421007+00:00,scheduler,2,0,699.9,10240.0,47,99.78
2026-05-22T07:23:50.421007+00:00,scheduler,3,0,699.9,10240.0,36,31.891
2026-05-22T07:23:55.421790+00:00,scheduler,0,0,999.1,10240.0,35,33.168
2026-05-22T07:23:55.421790+00:00,scheduler,1,0,675.9,10240.0,41,26.963
2026-05-22T07:23:55.421790+00:00,scheduler,2,0,699.9,10240.0,42,26.063
2026-05-22T07:23:55.421790+00:00,scheduler,3,0,699.9,10240.0,36,31.918
2026-05-22T07:24:00.422504+00:00,scheduler,0,0,999.1,10240.0,35,33.283
2026-05-22T07:24:00.422504+00:00,scheduler,1,0,675.9,10240.0,40,27.042
2026-05-22T07:24:00.422504+00:00,scheduler,2,0,699.9,10240.0,41,25.956
2026-05-22T07:24:00.422504+00:00,scheduler,3,0,699.9,10240.0,36,31.965
2026-05-22T07:24:05.423325+00:00,scheduler,0,0,999.1,10240.0,35,33.138
2026-05-22T07:24:05.423325+00:00,scheduler,1,0,675.9,10240.0,40,26.918
2026-05-22T07:24:05.423325+00:00,scheduler,2,0,699.9,10240.0,40,25.779
2026-05-22T07:24:05.423325+00:00,scheduler,3,0,699.9,10240.0,36,31.811
2026-05-22T07:24:10.424346+00:00,scheduler,0,0,999.1,10240.0,35,33.202
2026-05-22T07:24:10.424346+00:00,scheduler,1,0,675.9,10240.0,40,26.983
2026-05-22T07:24:10.424346+00:00,scheduler,2,0,699.9,10240.0,40,25.717
2026-05-22T07:24:10.424346+00:00,scheduler,3,0,699.9,10240.0,36,31.866
2026-05-22T07:24:15.425096+00:00,scheduler,0,0,999.1,10240.0,35,33.264
2026-05-22T07:24:15.425096+00:00,scheduler,1,0,675.9,10240.0,40,26.993
2026-05-22T07:24:15.425096+00:00,scheduler,2,0,699.9,10240.0,39,25.877
2026-05-22T07:24:15.425096+00:00,scheduler,3,0,699.9,10240.0,36,31.909
2026-05-22T07:24:20.426093+00:00,scheduler,0,0,999.1,10240.0,35,33.185
2026-05-22T07:24:20.426093+00:00,scheduler,1,0,675.9,10240.0,40,26.928
2026-05-22T07:24:20.426093+00:00,scheduler,2,0,699.9,10240.0,39,25.842
2026-05-22T07:24:20.426093+00:00,scheduler,3,0,699.9,10240.0,36,31.943
2026-05-22T07:24:25.426961+00:00,scheduler,0,0,999.1,10240.0,35,33.171
2026-05-22T07:24:25.426961+00:00,scheduler,1,0,675.9,10240.0,40,26.772
2026-05-22T07:24:25.426961+00:00,scheduler,2,0,699.9,10240.0,39,25.727
2026-05-22T07:24:25.426961+00:00,scheduler,3,0,699.9,10240.0,36,31.923
2026-05-22T07:24:30.427615+00:00,scheduler,0,0,999.1,10240.0,35,33.27
2026-05-22T07:24:30.427615+00:00,scheduler,1,0,675.9,10240.0,39,26.852
2026-05-22T07:24:30.427615+00:00,scheduler,2,0,699.9,10240.0,39,25.757
2026-05-22T07:24:30.427615+00:00,scheduler,3,0,699.9,10240.0,36,31.877
2026-05-22T07:24:35.428381+00:00,scheduler,0,0,999.1,10240.0,35,33.151
2026-05-22T07:24:35.428381+00:00,scheduler,1,0,675.9,10240.0,39,26.839
2026-05-22T07:24:35.428381+00:00,scheduler,2,0,699.9,10240.0,38,25.69
2026-05-22T07:24:35.428381+00:00,scheduler,3,0,699.9,10240.0,36,32.047
2026-05-22T07:24:40.429120+00:00,scheduler,0,0,999.1,10240.0,35,33.182
2026-05-22T07:24:40.429120+00:00,scheduler,1,0,675.9,10240.0,39,26.576
2026-05-22T07:24:40.429120+00:00,scheduler,2,0,699.9,10240.0,38,25.598
2026-05-22T07:24:40.429120+00:00,scheduler,3,0,699.9,10240.0,36,31.821
2026-05-22T07:24:45.430181+00:00,scheduler,0,0,999.1,10240.0,35,33.166
2026-05-22T07:24:45.430181+00:00,scheduler,1,0,675.9,10240.0,39,26.824
2026-05-22T07:24:45.430181+00:00,scheduler,2,0,699.9,10240.0,38,25.563
2026-05-22T07:24:45.430181+00:00,scheduler,3,0,699.9,10240.0,36,31.858
2026-05-22T07:24:50.431268+00:00,scheduler,0,0,999.1,10240.0,35,33.176
2026-05-22T07:24:50.431268+00:00,scheduler,1,0,675.9,10240.0,39,26.703
2026-05-22T07:24:50.431268+00:00,scheduler,2,0,699.9,10240.0,38,25.512
2026-05-22T07:24:50.431268+00:00,scheduler,3,0,699.9,10240.0,36,32.007
2026-05-22T07:24:55.432226+00:00,scheduler,0,0,999.1,10240.0,35,33.104
2026-05-22T07:24:55.432226+00:00,scheduler,1,0,675.9,10240.0,39,26.323
2026-05-22T07:24:55.432226+00:00,scheduler,2,0,699.9,10240.0,37,25.585
2026-05-22T07:24:55.432226+00:00,scheduler,3,0,699.9,10240.0,36,32.195
2026-05-22T07:25:00.433424+00:00,scheduler,0,0,999.1,10240.0,35,33.1
2026-05-22T07:25:00.433424+00:00,scheduler,1,0,675.9,10240.0,39,26.519
2026-05-22T07:25:00.433424+00:00,scheduler,2,0,699.9,10240.0,37,25.63
2026-05-22T07:25:00.433424+00:00,scheduler,3,0,699.9,10240.0,36,32.032
2026-05-22T07:25:05.434393+00:00,scheduler,0,0,999.1,10240.0,35,33.268
2026-05-22T07:25:05.434393+00:00,scheduler,1,0,675.9,10240.0,39,26.502
2026-05-22T07:25:05.434393+00:00,scheduler,2,0,699.9,10240.0,37,25.552
2026-05-22T07:25:05.434393+00:00,scheduler,3,0,699.9,10240.0,36,31.893
2026-05-22T07:25:10.435058+00:00,scheduler,0,0,999.1,10240.0,35,33.276
2026-05-22T07:25:10.435058+00:00,scheduler,1,0,675.9,10240.0,39,26.494
2026-05-22T07:25:10.435058+00:00,scheduler,2,27,6777.9,10240.0,42,98.044
2026-05-22T07:25:10.435058+00:00,scheduler,3,0,699.9,10240.0,36,32.072
2026-05-22T07:25:15.435794+00:00,scheduler,0,97,9001.1,10240.0,41,114.61
2026-05-22T07:25:15.435794+00:00,scheduler,1,0,675.9,10240.0,39,26.336
2026-05-22T07:25:15.435794+00:00,scheduler,2,10,8701.9,10240.0,43,98.477
2026-05-22T07:25:15.435794+00:00,scheduler,3,0,699.9,10240.0,36,32.059
2026-05-22T07:25:20.436504+00:00,scheduler,0,8,9001.1,10240.0,39,104.22
2026-05-22T07:25:20.436504+00:00,scheduler,1,0,675.9,10240.0,39,26.32
2026-05-22T07:25:20.436504+00:00,scheduler,2,26,5215.9,10240.0,45,114.221
2026-05-22T07:25:20.436504+00:00,scheduler,3,0,699.9,10240.0,36,31.988
2026-05-22T07:25:25.437429+00:00,scheduler,0,100,8749.1,10240.0,48,209.842
2026-05-22T07:25:25.437429+00:00,scheduler,1,0,675.9,10240.0,39,25.615
2026-05-22T07:25:25.437429+00:00,scheduler,2,100,8449.9,10240.0,61,317.291
2026-05-22T07:25:25.437429+00:00,scheduler,3,0,699.9,10240.0,36,32.849
2026-05-22T07:25:30.437996+00:00,scheduler,0,100,8749.1,10240.0,51,318.926
2026-05-22T07:25:30.437996+00:00,scheduler,1,0,675.9,10240.0,39,25.338
2026-05-22T07:25:30.437996+00:00,scheduler,2,100,8449.9,10240.0,62,315.277
2026-05-22T07:25:30.437996+00:00,scheduler,3,0,699.9,10240.0,36,32.607
2026-05-22T07:25:35.438628+00:00,scheduler,0,100,8749.1,10240.0,52,318.569
2026-05-22T07:25:35.438628+00:00,scheduler,1,10,8677.9,10240.0,45,117.209
2026-05-22T07:25:35.438628+00:00,scheduler,2,7,8449.9,10240.0,54,207.784
2026-05-22T07:25:35.438628+00:00,scheduler,3,0,699.9,10240.0,36,32.588
2026-05-22T07:25:40.439132+00:00,scheduler,0,8,8749.1,10240.0,45,110.28
2026-05-22T07:25:40.439132+00:00,scheduler,1,100,8425.9,10240.0,55,189.312
2026-05-22T07:25:40.439132+00:00,scheduler,2,8,8449.9,10240.0,48,99.888
2026-05-22T07:25:40.439132+00:00,scheduler,3,15,1733.9,10240.0,37,33.613
2026-05-22T07:25:45.439751+00:00,scheduler,0,83,1041.1,10240.0,44,106.751
2026-05-22T07:25:45.439751+00:00,scheduler,1,100,8425.9,10240.0,58,318.109
2026-05-22T07:25:45.439751+00:00,scheduler,2,0,699.9,10240.0,48,108.834
2026-05-22T07:25:45.439751+00:00,scheduler,3,8,8701.9,10240.0,44,137.008
2026-05-22T07:25:50.440324+00:00,scheduler,0,0,999.1,10240.0,44,105.224
2026-05-22T07:25:50.440324+00:00,scheduler,1,100,8425.9,10240.0,59,318.649
2026-05-22T07:25:50.440324+00:00,scheduler,2,0,699.9,10240.0,48,98.912
2026-05-22T07:25:50.440324+00:00,scheduler,3,100,8449.9,10240.0,55,212.755
2026-05-22T07:25:55.440918+00:00,scheduler,0,0,999.1,10240.0,44,105.218
2026-05-22T07:25:55.440918+00:00,scheduler,1,10,8425.9,10240.0,49,104.735
2026-05-22T07:25:55.440918+00:00,scheduler,2,0,699.9,10240.0,48,98.759
2026-05-22T07:25:55.440918+00:00,scheduler,3,100,8449.9,10240.0,60,319.359
2026-05-22T07:26:00.441376+00:00,scheduler,0,0,999.1,10240.0,44,105.239
2026-05-22T07:26:00.441376+00:00,scheduler,1,0,675.9,10240.0,50,119.199
2026-05-22T07:26:00.441376+00:00,scheduler,2,0,699.9,10240.0,45,89.521
2026-05-22T07:26:00.441376+00:00,scheduler,3,100,8449.9,10240.0,61,318.995
2026-05-22T07:26:05.441947+00:00,scheduler,0,0,999.1,10240.0,41,35.126
2026-05-22T07:26:05.441947+00:00,scheduler,1,0,675.9,10240.0,49,97.585
2026-05-22T07:26:05.441947+00:00,scheduler,2,0,699.9,10240.0,42,25.975
2026-05-22T07:26:05.441947+00:00,scheduler,3,8,8449.9,10240.0,49,122.758
2026-05-22T07:26:10.442526+00:00,scheduler,0,0,999.1,10240.0,40,33.55
2026-05-22T07:26:10.442526+00:00,scheduler,1,0,675.9,10240.0,49,97.62
2026-05-22T07:26:10.442526+00:00,scheduler,2,0,699.9,10240.0,41,25.813
2026-05-22T07:26:10.442526+00:00,scheduler,3,39,699.9,10240.0,50,132.346
2026-05-22T07:26:15.443190+00:00,scheduler,0,0,999.1,10240.0,40,33.487
2026-05-22T07:26:15.443190+00:00,scheduler,1,0,675.9,10240.0,49,97.814
2026-05-22T07:26:15.443190+00:00,scheduler,2,0,699.9,10240.0,41,25.958
2026-05-22T07:26:15.443190+00:00,scheduler,3,0,699.9,10240.0,48,113.363
2026-05-22T07:26:20.443780+00:00,scheduler,0,0,999.1,10240.0,39,33.485
2026-05-22T07:26:20.443780+00:00,scheduler,1,0,675.9,10240.0,45,27.414
2026-05-22T07:26:20.443780+00:00,scheduler,2,0,699.9,10240.0,40,25.724
2026-05-22T07:26:20.443780+00:00,scheduler,3,0,699.9,10240.0,47,112.823
2026-05-22T07:26:25.444466+00:00,scheduler,0,0,999.1,10240.0,39,33.465
2026-05-22T07:26:25.444466+00:00,scheduler,1,0,675.9,10240.0,44,27.442
2026-05-22T07:26:25.444466+00:00,scheduler,2,0,699.9,10240.0,40,25.723
2026-05-22T07:26:25.444466+00:00,scheduler,3,0,699.9,10240.0,47,112.862
2026-05-22T07:26:30.445206+00:00,scheduler,0,0,999.1,10240.0,39,33.387
2026-05-22T07:26:30.445206+00:00,scheduler,1,0,675.9,10240.0,43,27.372
2026-05-22T07:26:30.445206+00:00,scheduler,2,0,699.9,10240.0,39,25.734
2026-05-22T07:26:30.445206+00:00,scheduler,3,0,699.9,10240.0,43,34.21
2026-05-22T07:26:35.446312+00:00,scheduler,0,0,999.1,10240.0,38,33.316
2026-05-22T07:26:35.446312+00:00,scheduler,1,0,675.9,10240.0,43,27.333
2026-05-22T07:26:35.446312+00:00,scheduler,2,0,699.9,10240.0,39,25.663
2026-05-22T07:26:35.446312+00:00,scheduler,3,0,699.9,10240.0,42,32.714
2026-05-22T07:26:40.446871+00:00,scheduler,0,0,999.1,10240.0,38,33.367
2026-05-22T07:26:40.446871+00:00,scheduler,1,0,675.9,10240.0,43,27.196
2026-05-22T07:26:40.446871+00:00,scheduler,2,0,699.9,10240.0,39,25.701
2026-05-22T07:26:40.446871+00:00,scheduler,3,0,699.9,10240.0,41,32.862
2026-05-22T07:26:45.448043+00:00,scheduler,0,0,999.1,10240.0,38,33.284
2026-05-22T07:26:45.448043+00:00,scheduler,1,0,675.9,10240.0,42,27.308
2026-05-22T07:26:45.448043+00:00,scheduler,2,0,699.9,10240.0,38,25.687
2026-05-22T07:26:45.448043+00:00,scheduler,3,0,699.9,10240.0,41,32.567
2026-05-22T07:26:50.448830+00:00,scheduler,0,0,999.1,10240.0,37,33.274
2026-05-22T07:26:50.448830+00:00,scheduler,1,0,675.9,10240.0,42,27.285
2026-05-22T07:26:50.448830+00:00,scheduler,2,0,699.9,10240.0,38,25.646
2026-05-22T07:26:50.448830+00:00,scheduler,3,0,699.9,10240.0,40,32.515
2026-05-22T07:26:55.449975+00:00,scheduler,0,0,999.1,10240.0,37,33.202
2026-05-22T07:26:55.449975+00:00,scheduler,1,0,675.9,10240.0,42,27.157
2026-05-22T07:26:55.449975+00:00,scheduler,2,0,699.9,10240.0,38,25.572
2026-05-22T07:26:55.449975+00:00,scheduler,3,0,699.9,10240.0,39,32.526
2026-05-22T07:27:00.450667+00:00,scheduler,0,0,999.1,10240.0,37,33.336
2026-05-22T07:27:00.450667+00:00,scheduler,1,0,675.9,10240.0,41,27.129
2026-05-22T07:27:00.450667+00:00,scheduler,2,0,699.9,10240.0,38,25.582
2026-05-22T07:27:00.450667+00:00,scheduler,3,0,699.9,10240.0,39,32.324
2026-05-22T07:27:05.451555+00:00,scheduler,0,0,999.1,10240.0,37,33.366
2026-05-22T07:27:05.451555+00:00,scheduler,1,0,675.9,10240.0,41,27.423
2026-05-22T07:27:05.451555+00:00,scheduler,2,0,699.9,10240.0,38,25.728
2026-05-22T07:27:05.451555+00:00,scheduler,3,0,699.9,10240.0,39,32.342
2026-05-22T07:27:10.452589+00:00,scheduler,0,0,999.1,10240.0,37,33.359
2026-05-22T07:27:10.452589+00:00,scheduler,1,0,675.9,10240.0,41,27.027
2026-05-22T07:27:10.452589+00:00,scheduler,2,0,699.9,10240.0,37,25.567
2026-05-22T07:27:10.452589+00:00,scheduler,3,0,699.9,10240.0,39,32.401
2026-05-22T07:27:15.453577+00:00,scheduler,0,24,9001.1,10240.0,40,104.539
2026-05-22T07:27:15.453577+00:00,scheduler,1,0,675.9,10240.0,41,27.029
2026-05-22T07:27:15.453577+00:00,scheduler,2,35,1685.9,10240.0,37,26.292
2026-05-22T07:27:15.453577+00:00,scheduler,3,0,699.9,10240.0,38,32.169
2026-05-22T07:27:20.454201+00:00,scheduler,0,8,9021.1,10240.0,40,104.321
2026-05-22T07:27:20.454201+00:00,scheduler,1,0,675.9,10240.0,41,26.821
2026-05-22T07:27:20.454201+00:00,scheduler,2,10,8721.9,10240.0,43,101.506
2026-05-22T07:27:20.454201+00:00,scheduler,3,0,699.9,10240.0,38,32.552
2026-05-22T07:27:25.454799+00:00,scheduler,0,100,8749.1,10240.0,49,255.464
2026-05-22T07:27:25.454799+00:00,scheduler,1,0,675.9,10240.0,41,26.598
2026-05-22T07:27:25.454799+00:00,scheduler,2,36,7881.9,10240.0,45,114.87
2026-05-22T07:27:25.454799+00:00,scheduler,3,0,699.9,10240.0,38,32.432
2026-05-22T07:27:30.455418+00:00,scheduler,0,100,8749.1,10240.0,52,318.919
2026-05-22T07:27:30.455418+00:00,scheduler,1,0,675.9,10240.0,40,25.723
2026-05-22T07:27:30.455418+00:00,scheduler,2,100,8449.9,10240.0,61,319.039
2026-05-22T07:27:30.455418+00:00,scheduler,3,0,699.9,10240.0,38,32.975
2026-05-22T07:27:35.456020+00:00,scheduler,0,100,8749.1,10240.0,53,318.712
2026-05-22T07:27:35.456020+00:00,scheduler,1,48,8697.9,10240.0,47,118.903
2026-05-22T07:27:35.456020+00:00,scheduler,2,100,8449.9,10240.0,63,318.245
2026-05-22T07:27:35.456020+00:00,scheduler,3,0,699.9,10240.0,38,32.922
2026-05-22T07:27:40.456639+00:00,scheduler,0,7,8749.1,10240.0,45,109.126
2026-05-22T07:27:40.456639+00:00,scheduler,1,100,8425.9,10240.0,54,171.379
2026-05-22T07:27:40.456639+00:00,scheduler,2,10,8449.9,10240.0,52,117.596
2026-05-22T07:27:40.456639+00:00,scheduler,3,0,699.9,10240.0,37,32.918
2026-05-22T07:27:45.457264+00:00,scheduler,0,42,1061.1,10240.0,48,125.704
2026-05-22T07:27:45.457264+00:00,scheduler,1,100,8425.9,10240.0,59,318.727
2026-05-22T07:27:45.457264+00:00,scheduler,2,25,761.9,10240.0,53,119.518
2026-05-22T07:27:45.457264+00:00,scheduler,3,0,699.9,10240.0,37,33.046
2026-05-22T07:27:50.457927+00:00,scheduler,0,0,999.1,10240.0,45,105.484
2026-05-22T07:27:50.457927+00:00,scheduler,1,100,8425.9,10240.0,60,315.938
2026-05-22T07:27:50.457927+00:00,scheduler,2,0,699.9,10240.0,48,99.384
2026-05-22T07:27:50.457927+00:00,scheduler,3,37,8701.9,10240.0,43,134.605
2026-05-22T07:27:55.458498+00:00,scheduler,0,0,999.1,10240.0,45,105.408
2026-05-22T07:27:55.458498+00:00,scheduler,1,8,8425.9,10240.0,51,111.792
2026-05-22T07:27:55.458498+00:00,scheduler,2,0,699.9,10240.0,48,98.903
2026-05-22T07:27:55.458498+00:00,scheduler,3,99,1617.9,10240.0,43,111.136
2026-05-22T07:28:00.459141+00:00,scheduler,0,0,999.1,10240.0,44,105.394
2026-05-22T07:28:00.459141+00:00,scheduler,1,0,675.9,10240.0,51,123.215
2026-05-22T07:28:00.459141+00:00,scheduler,2,0,699.9,10240.0,47,98.946
2026-05-22T07:28:00.459141+00:00,scheduler,3,100,8449.9,10240.0,60,318.697
2026-05-22T07:28:05.459710+00:00,scheduler,0,0,999.1,10240.0,42,36.498
2026-05-22T07:28:05.459710+00:00,scheduler,1,0,675.9,10240.0,50,98.19
2026-05-22T07:28:05.459710+00:00,scheduler,2,0,699.9,10240.0,43,27.694
2026-05-22T07:28:05.459710+00:00,scheduler,3,100,8449.9,10240.0,61,318.932
2026-05-22T07:28:10.460245+00:00,scheduler,0,0,999.1,10240.0,40,33.912
2026-05-22T07:28:10.460245+00:00,scheduler,1,0,675.9,10240.0,50,98.168
2026-05-22T07:28:10.460245+00:00,scheduler,2,0,699.9,10240.0,42,26.535
2026-05-22T07:28:10.460245+00:00,scheduler,3,8,8449.9,10240.0,56,294.671
2026-05-22T07:28:15.460881+00:00,scheduler,0,0,999.1,10240.0,40,33.476
2026-05-22T07:28:15.460881+00:00,scheduler,1,0,675.9,10240.0,50,98.088
2026-05-22T07:28:15.460881+00:00,scheduler,2,0,699.9,10240.0,41,26.032
2026-05-22T07:28:15.460881+00:00,scheduler,3,8,8449.9,10240.0,48,113.133
2026-05-22T07:28:20.461617+00:00,scheduler,0,0,999.1,10240.0,40,33.349
2026-05-22T07:28:20.461617+00:00,scheduler,1,0,675.9,10240.0,46,27.657
2026-05-22T07:28:20.461617+00:00,scheduler,2,0,699.9,10240.0,40,26.046
2026-05-22T07:28:20.461617+00:00,scheduler,3,0,699.9,10240.0,48,129.018
2026-05-22T07:28:25.462369+00:00,scheduler,0,0,999.1,10240.0,39,33.494
2026-05-22T07:28:25.462369+00:00,scheduler,1,0,675.9,10240.0,45,27.646
2026-05-22T07:28:25.462369+00:00,scheduler,2,0,699.9,10240.0,40,25.875
2026-05-22T07:28:25.462369+00:00,scheduler,3,0,699.9,10240.0,48,112.21
2026-05-22T07:28:30.463142+00:00,scheduler,0,0,999.1,10240.0,39,33.379
2026-05-22T07:28:30.463142+00:00,scheduler,1,0,675.9,10240.0,45,27.499
2026-05-22T07:28:30.463142+00:00,scheduler,2,0,699.9,10240.0,39,25.831
2026-05-22T07:28:30.463142+00:00,scheduler,3,0,699.9,10240.0,48,113.242
2026-05-22T07:28:35.463845+00:00,scheduler,0,0,999.1,10240.0,38,33.315
2026-05-22T07:28:35.463845+00:00,scheduler,1,0,675.9,10240.0,44,27.567
2026-05-22T07:28:35.463845+00:00,scheduler,2,0,699.9,10240.0,39,25.755
2026-05-22T07:28:35.463845+00:00,scheduler,3,0,699.9,10240.0,44,79.002
2026-05-22T07:28:40.464539+00:00,scheduler,0,0,999.1,10240.0,38,33.392
2026-05-22T07:28:40.464539+00:00,scheduler,1,0,675.9,10240.0,44,27.358
2026-05-22T07:28:40.464539+00:00,scheduler,2,0,699.9,10240.0,39,25.815
2026-05-22T07:28:40.464539+00:00,scheduler,3,0,699.9,10240.0,42,33.515
2026-05-22T07:28:45.465275+00:00,scheduler,0,0,999.1,10240.0,38,33.261
2026-05-22T07:28:45.465275+00:00,scheduler,1,0,675.9,10240.0,43,27.58
2026-05-22T07:28:45.465275+00:00,scheduler,2,0,699.9,10240.0,38,25.747
2026-05-22T07:28:45.465275+00:00,scheduler,3,0,699.9,10240.0,41,32.758
2026-05-22T07:28:50.465993+00:00,scheduler,0,0,999.1,10240.0,37,33.322
2026-05-22T07:28:50.465993+00:00,scheduler,1,0,675.9,10240.0,43,27.215
2026-05-22T07:28:50.465993+00:00,scheduler,2,0,699.9,10240.0,38,25.866
2026-05-22T07:28:50.465993+00:00,scheduler,3,0,699.9,10240.0,41,32.638
2026-05-22T07:28:55.468025+00:00,scheduler,0,0,999.1,10240.0,37,33.479
2026-05-22T07:28:55.468025+00:00,scheduler,1,0,675.9,10240.0,42,27.217
2026-05-22T07:28:55.468025+00:00,scheduler,2,0,699.9,10240.0,38,25.672
2026-05-22T07:28:55.468025+00:00,scheduler,3,0,699.9,10240.0,40,32.63
2026-05-22T07:29:00.468958+00:00,scheduler,0,0,999.1,10240.0,37,33.198
2026-05-22T07:29:00.468958+00:00,scheduler,1,0,675.9,10240.0,42,27.245
2026-05-22T07:29:00.468958+00:00,scheduler,2,0,699.9,10240.0,38,25.619
2026-05-22T07:29:00.468958+00:00,scheduler,3,0,699.9,10240.0,40,32.598
2026-05-22T07:29:05.469741+00:00,scheduler,0,0,999.1,10240.0,37,33.238
2026-05-22T07:29:05.469741+00:00,scheduler,1,0,675.9,10240.0,42,27.417
2026-05-22T07:29:05.469741+00:00,scheduler,2,0,699.9,10240.0,37,25.755
2026-05-22T07:29:05.469741+00:00,scheduler,3,0,699.9,10240.0,39,32.392
2026-05-22T07:29:10.470496+00:00,scheduler,0,0,999.1,10240.0,37,33.17
2026-05-22T07:29:10.470496+00:00,scheduler,1,0,675.9,10240.0,42,27.193
2026-05-22T07:29:10.470496+00:00,scheduler,2,0,699.9,10240.0,37,25.68
2026-05-22T07:29:10.470496+00:00,scheduler,3,0,699.9,10240.0,39,32.298
2026-05-22T07:29:15.471287+00:00,scheduler,0,0,999.1,10240.0,36,33.041
2026-05-22T07:29:15.471287+00:00,scheduler,1,0,675.9,10240.0,42,27.192
2026-05-22T07:29:15.471287+00:00,scheduler,2,0,699.9,10240.0,37,25.634
2026-05-22T07:29:15.471287+00:00,scheduler,3,0,699.9,10240.0,39,32.269
2026-05-22T07:29:20.472199+00:00,scheduler,0,0,999.1,10240.0,36,33.218
2026-05-22T07:29:20.472199+00:00,scheduler,1,0,675.9,10240.0,41,27.155
2026-05-22T07:29:20.472199+00:00,scheduler,2,0,699.9,10240.0,37,25.743
2026-05-22T07:29:20.472199+00:00,scheduler,3,0,699.9,10240.0,38,32.439
2026-05-22T07:29:25.473006+00:00,scheduler,0,0,999.1,10240.0,36,33.198
2026-05-22T07:29:25.473006+00:00,scheduler,1,0,675.9,10240.0,41,27.19
2026-05-22T07:29:25.473006+00:00,scheduler,2,0,699.9,10240.0,37,25.654
2026-05-22T07:29:25.473006+00:00,scheduler,3,0,699.9,10240.0,38,32.31
2026-05-22T07:29:30.474027+00:00,scheduler,0,0,999.1,10240.0,36,33.164
2026-05-22T07:29:30.474027+00:00,scheduler,1,0,675.9,10240.0,41,27.115
2026-05-22T07:29:30.474027+00:00,scheduler,2,0,699.9,10240.0,37,25.565
2026-05-22T07:29:30.474027+00:00,scheduler,3,0,699.9,10240.0,38,32.338
2026-05-22T07:29:35.474953+00:00,scheduler,0,92,9021.1,10240.0,44,142.503
2026-05-22T07:29:35.474953+00:00,scheduler,1,0,675.9,10240.0,41,26.68
2026-05-22T07:29:35.474953+00:00,scheduler,2,0,699.9,10240.0,37,25.573
2026-05-22T07:29:35.474953+00:00,scheduler,3,0,699.9,10240.0,38,32.563
2026-05-22T07:29:40.475697+00:00,scheduler,0,42,5301.1,10240.0,41,117.043
2026-05-22T07:29:40.475697+00:00,scheduler,1,0,675.9,10240.0,41,27.027
2026-05-22T07:29:40.475697+00:00,scheduler,2,0,699.9,10240.0,36,25.622
2026-05-22T07:29:40.475697+00:00,scheduler,3,0,699.9,10240.0,37,32.289
2026-05-22T07:29:45.476472+00:00,scheduler,0,100,8749.1,10240.0,51,318.871
2026-05-22T07:29:45.476472+00:00,scheduler,1,0,675.9,10240.0,40,25.892
2026-05-22T07:29:45.476472+00:00,scheduler,2,0,699.9,10240.0,36,26.104
2026-05-22T07:29:45.476472+00:00,scheduler,3,0,699.9,10240.0,37,33.211
2026-05-22T07:29:50.477252+00:00,scheduler,0,100,8749.1,10240.0,52,318.846
2026-05-22T07:29:50.477252+00:00,scheduler,1,0,675.9,10240.0,40,25.848
2026-05-22T07:29:50.477252+00:00,scheduler,2,0,699.9,10240.0,36,26.051
2026-05-22T07:29:50.477252+00:00,scheduler,3,0,699.9,10240.0,37,32.899
2026-05-22T07:29:55.478111+00:00,scheduler,0,10,8749.1,10240.0,46,145.488
2026-05-22T07:29:55.478111+00:00,scheduler,1,0,675.9,10240.0,40,26.353
2026-05-22T07:29:55.478111+00:00,scheduler,2,0,699.9,10240.0,36,26.207
2026-05-22T07:29:55.478111+00:00,scheduler,3,0,699.9,10240.0,37,32.833
2026-05-22T07:30:00.480592+00:00,scheduler,0,0,999.1,10240.0,45,124.641
2026-05-22T07:30:00.480592+00:00,scheduler,1,0,675.9,10240.0,40,26.983
2026-05-22T07:30:00.480592+00:00,scheduler,2,0,699.9,10240.0,36,25.766
2026-05-22T07:30:00.480592+00:00,scheduler,3,0,699.9,10240.0,37,32.505
2026-05-22T07:30:05.481172+00:00,scheduler,0,0,999.1,10240.0,44,105.324
2026-05-22T07:30:05.481172+00:00,scheduler,1,0,675.9,10240.0,40,26.906
2026-05-22T07:30:05.481172+00:00,scheduler,2,0,699.9,10240.0,36,25.788
2026-05-22T07:30:05.481172+00:00,scheduler,3,0,699.9,10240.0,37,32.351
2026-05-22T07:30:10.483224+00:00,scheduler,0,0,999.1,10240.0,44,105.256
2026-05-22T07:30:10.483224+00:00,scheduler,1,0,675.9,10240.0,40,26.8
2026-05-22T07:30:10.483224+00:00,scheduler,2,0,699.9,10240.0,36,25.672
2026-05-22T07:30:10.483224+00:00,scheduler,3,0,699.9,10240.0,37,32.236
2026-05-22T07:30:15.483770+00:00,scheduler,0,0,999.1,10240.0,44,105.186
2026-05-22T07:30:15.483770+00:00,scheduler,1,0,675.9,10240.0,40,26.838
2026-05-22T07:30:15.483770+00:00,scheduler,2,18,2053.9,10240.0,39,41.313
2026-05-22T07:30:15.483770+00:00,scheduler,3,0,699.9,10240.0,37,32.391
2026-05-22T07:30:20.484325+00:00,scheduler,0,0,999.1,10240.0,41,35.881
2026-05-22T07:30:20.484325+00:00,scheduler,1,0,675.9,10240.0,40,26.554
2026-05-22T07:30:20.484325+00:00,scheduler,2,15,8701.9,10240.0,44,113.932
2026-05-22T07:30:20.484325+00:00,scheduler,3,0,699.9,10240.0,37,32.38
2026-05-22T07:30:25.484990+00:00,scheduler,0,0,999.1,10240.0,40,33.488
2026-05-22T07:30:25.484990+00:00,scheduler,1,34,6665.9,10240.0,44,97.432
2026-05-22T07:30:25.484990+00:00,scheduler,2,99,1651.9,10240.0,43,101.165
2026-05-22T07:30:25.484990+00:00,scheduler,3,8,8721.9,10240.0,44,193.209
2026-05-22T07:30:30.485607+00:00,scheduler,0,0,999.1,10240.0,40,33.79
2026-05-22T07:30:30.485607+00:00,scheduler,1,9,8677.9,10240.0,45,97.466
2026-05-22T07:30:30.485607+00:00,scheduler,2,100,8449.9,10240.0,58,316.021
2026-05-22T07:30:30.485607+00:00,scheduler,3,8,8721.9,10240.0,43,109.329
2026-05-22T07:30:35.486278+00:00,scheduler,0,0,999.1,10240.0,39,33.611
2026-05-22T07:30:35.486278+00:00,scheduler,1,100,8425.9,10240.0,57,317.162
2026-05-22T07:30:35.486278+00:00,scheduler,2,100,8449.9,10240.0,61,318.526
2026-05-22T07:30:35.486278+00:00,scheduler,3,100,8449.9,10240.0,58,319.201
2026-05-22T07:30:40.486863+00:00,scheduler,0,0,999.1,10240.0,39,33.563
2026-05-22T07:30:40.486863+00:00,scheduler,1,100,8425.9,10240.0,59,316.115
2026-05-22T07:30:40.486863+00:00,scheduler,2,100,8449.9,10240.0,63,315.526
2026-05-22T07:30:40.486863+00:00,scheduler,3,100,8449.9,10240.0,60,319.065
2026-05-22T07:30:45.487401+00:00,scheduler,0,0,999.1,10240.0,38,33.615
2026-05-22T07:30:45.487401+00:00,scheduler,1,100,8425.9,10240.0,60,318.281
2026-05-22T07:30:45.487401+00:00,scheduler,2,7,8449.9,10240.0,48,99.984
2026-05-22T07:30:45.487401+00:00,scheduler,3,100,8449.9,10240.0,61,318.608
2026-05-22T07:30:50.488009+00:00,scheduler,0,0,999.1,10240.0,38,33.465
2026-05-22T07:30:50.488009+00:00,scheduler,1,10,8425.9,10240.0,50,98.392
2026-05-22T07:30:50.488009+00:00,scheduler,2,1,699.9,10240.0,49,127.297
2026-05-22T07:30:50.488009+00:00,scheduler,3,7,8449.9,10240.0,49,113.266
2026-05-22T07:30:55.488611+00:00,scheduler,0,0,999.1,10240.0,38,33.314
2026-05-22T07:30:55.488611+00:00,scheduler,1,0,675.9,10240.0,51,120.694
2026-05-22T07:30:55.488611+00:00,scheduler,2,0,699.9,10240.0,47,98.847
2026-05-22T07:30:55.488611+00:00,scheduler,3,0,699.9,10240.0,49,153.707
2026-05-22T07:31:00.489424+00:00,scheduler,0,0,999.1,10240.0,37,33.267
2026-05-22T07:31:00.489424+00:00,scheduler,1,0,675.9,10240.0,49,97.699
2026-05-22T07:31:00.489424+00:00,scheduler,2,0,699.9,10240.0,47,98.225
2026-05-22T07:31:00.489424+00:00,scheduler,3,0,699.9,10240.0,48,111.751
2026-05-22T07:31:05.490146+00:00,scheduler,0,0,999.1,10240.0,37,33.423
2026-05-22T07:31:05.490146+00:00,scheduler,1,0,675.9,10240.0,49,97.828
2026-05-22T07:31:05.490146+00:00,scheduler,2,0,699.9,10240.0,46,97.791
2026-05-22T07:31:05.490146+00:00,scheduler,3,0,699.9,10240.0,47,111.605
2026-05-22T07:31:10.490804+00:00,scheduler,0,0,999.1,10240.0,37,33.42
2026-05-22T07:31:10.490804+00:00,scheduler,1,0,675.9,10240.0,49,97.924
2026-05-22T07:31:10.490804+00:00,scheduler,2,0,699.9,10240.0,41,25.844
2026-05-22T07:31:10.490804+00:00,scheduler,3,0,699.9,10240.0,47,111.362
2026-05-22T07:31:15.491525+00:00,scheduler,0,0,999.1,10240.0,37,33.28
2026-05-22T07:31:15.491525+00:00,scheduler,1,0,675.9,10240.0,46,27.493
2026-05-22T07:31:15.491525+00:00,scheduler,2,0,699.9,10240.0,41,25.659
2026-05-22T07:31:15.491525+00:00,scheduler,3,0,699.9,10240.0,42,33.316
2026-05-22T07:31:20.492269+00:00,scheduler,0,0,999.1,10240.0,37,33.134
2026-05-22T07:31:20.492269+00:00,scheduler,1,0,675.9,10240.0,45,27.718
2026-05-22T07:31:20.492269+00:00,scheduler,2,0,699.9,10240.0,40,25.595
2026-05-22T07:31:20.492269+00:00,scheduler,3,0,699.9,10240.0,41,32.94
2026-05-22T07:31:25.493346+00:00,scheduler,0,0,999.1,10240.0,36,33.39
2026-05-22T07:31:25.493346+00:00,scheduler,1,0,675.9,10240.0,44,27.683
2026-05-22T07:31:25.493346+00:00,scheduler,2,0,699.9,10240.0,39,25.72
2026-05-22T07:31:25.493346+00:00,scheduler,3,0,699.9,10240.0,40,32.886
2026-05-22T07:31:30.494218+00:00,scheduler,0,10,9001.1,10240.0,41,119.746
2026-05-22T07:31:30.494218+00:00,scheduler,1,0,675.9,10240.0,44,27.213
2026-05-22T07:31:30.494218+00:00,scheduler,2,0,699.9,10240.0,39,25.779
2026-05-22T07:31:30.494218+00:00,scheduler,3,0,699.9,10240.0,40,32.872
2026-05-22T07:31:35.495081+00:00,scheduler,0,41,4345.1,10240.0,41,110.294
2026-05-22T07:31:35.495081+00:00,scheduler,1,0,675.9,10240.0,43,27.399
2026-05-22T07:31:35.495081+00:00,scheduler,2,0,699.9,10240.0,39,25.625
2026-05-22T07:31:35.495081+00:00,scheduler,3,0,699.9,10240.0,39,32.701
2026-05-22T07:31:40.497396+00:00,scheduler,0,100,8749.1,10240.0,51,318.958
2026-05-22T07:31:40.497396+00:00,scheduler,1,0,675.9,10240.0,43,26.587
2026-05-22T07:31:40.497396+00:00,scheduler,2,0,699.9,10240.0,38,25.892
2026-05-22T07:31:40.497396+00:00,scheduler,3,0,699.9,10240.0,39,33.064
2026-05-22T07:31:45.498081+00:00,scheduler,0,100,8749.1,10240.0,52,318.798
2026-05-22T07:31:45.498081+00:00,scheduler,1,0,675.9,10240.0,43,26.515
2026-05-22T07:31:45.498081+00:00,scheduler,2,0,699.9,10240.0,38,25.98
2026-05-22T07:31:45.498081+00:00,scheduler,3,0,699.9,10240.0,39,33.324
2026-05-22T07:31:50.498806+00:00,scheduler,0,18,8749.1,10240.0,47,165.359
2026-05-22T07:31:50.498806+00:00,scheduler,1,0,675.9,10240.0,42,26.346
2026-05-22T07:31:50.498806+00:00,scheduler,2,0,699.9,10240.0,38,25.782
2026-05-22T07:31:50.498806+00:00,scheduler,3,0,699.9,10240.0,38,33.057
2026-05-22T07:31:55.499540+00:00,scheduler,0,38,1041.1,10240.0,47,123.497
2026-05-22T07:31:55.499540+00:00,scheduler,1,0,675.9,10240.0,42,27.243
2026-05-22T07:31:55.499540+00:00,scheduler,2,0,699.9,10240.0,37,25.545
2026-05-22T07:31:55.499540+00:00,scheduler,3,0,699.9,10240.0,38,32.557
2026-05-22T07:32:00.500424+00:00,scheduler,0,0,999.1,10240.0,44,105.17
2026-05-22T07:32:00.500424+00:00,scheduler,1,0,675.9,10240.0,42,27.23
2026-05-22T07:32:00.500424+00:00,scheduler,2,0,699.9,10240.0,37,25.457
2026-05-22T07:32:00.500424+00:00,scheduler,3,0,699.9,10240.0,38,32.442
2026-05-22T07:32:05.501090+00:00,scheduler,0,0,999.1,10240.0,44,105.244
2026-05-22T07:32:05.501090+00:00,scheduler,1,0,675.9,10240.0,42,27.067
2026-05-22T07:32:05.501090+00:00,scheduler,2,0,699.9,10240.0,37,25.509
2026-05-22T07:32:05.501090+00:00,scheduler,3,0,699.9,10240.0,37,32.591
2026-05-22T07:32:10.502131+00:00,scheduler,0,0,999.1,10240.0,44,105.17
2026-05-22T07:32:10.502131+00:00,scheduler,1,7,8677.9,10240.0,47,116.41
2026-05-22T07:32:10.502131+00:00,scheduler,2,12,8701.9,10240.0,45,113.703
2026-05-22T07:32:10.502131+00:00,scheduler,3,0,699.9,10240.0,37,32.937
2026-05-22T07:32:15.504216+00:00,scheduler,0,0,999.1,10240.0,41,34.849
2026-05-22T07:32:15.504216+00:00,scheduler,1,0,1771.9,10240.0,48,114.345
2026-05-22T07:32:15.504216+00:00,scheduler,2,0,8701.9,10240.0,43,97.79
2026-05-22T07:32:15.504216+00:00,scheduler,3,0,699.9,10240.0,37,32.551
2026-05-22T07:32:20.561468+00:00,scheduler,0,0,999.1,10240.0,40,33.744
2026-05-22T07:32:20.561468+00:00,scheduler,1,100,8425.9,10240.0,58,316.487
2026-05-22T07:32:20.561468+00:00,scheduler,2,100,8449.9,10240.0,59,317.765
2026-05-22T07:32:20.561468+00:00,scheduler,3,73,8701.9,10240.0,42,116.425
2026-05-22T07:32:25.562299+00:00,scheduler,0,0,999.1,10240.0,40,33.899
2026-05-22T07:32:25.562299+00:00,scheduler,1,100,8425.9,10240.0,60,318.23
2026-05-22T07:32:25.562299+00:00,scheduler,2,100,8449.9,10240.0,62,318.898
2026-05-22T07:32:25.562299+00:00,scheduler,3,11,8721.9,10240.0,43,109.956
2026-05-22T07:32:30.563024+00:00,scheduler,0,0,999.1,10240.0,39,33.658
2026-05-22T07:32:30.563024+00:00,scheduler,1,100,8425.9,10240.0,61,315.188
2026-05-22T07:32:30.563024+00:00,scheduler,2,100,8449.9,10240.0,63,318.437
2026-05-22T07:32:30.563024+00:00,scheduler,3,100,8449.9,10240.0,57,300.664
2026-05-22T07:32:35.563656+00:00,scheduler,0,0,999.1,10240.0,39,33.648
2026-05-22T07:32:35.563656+00:00,scheduler,1,7,8425.9,10240.0,51,98.846
2026-05-22T07:32:35.563656+00:00,scheduler,2,10,8449.9,10240.0,49,99.975
2026-05-22T07:32:35.563656+00:00,scheduler,3,100,8449.9,10240.0,60,319.072
2026-05-22T07:32:40.564353+00:00,scheduler,0,0,999.1,10240.0,38,33.627
2026-05-22T07:32:40.564353+00:00,scheduler,1,0,675.9,10240.0,52,120.858
2026-05-22T07:32:40.564353+00:00,scheduler,2,0,699.9,10240.0,48,107.883
2026-05-22T07:32:40.564353+00:00,scheduler,3,100,8449.9,10240.0,61,318.457
2026-05-22T07:32:45.566398+00:00,scheduler,0,0,999.1,10240.0,38,33.343
2026-05-22T07:32:45.566398+00:00,scheduler,1,0,675.9,10240.0,50,98.377
2026-05-22T07:32:45.566398+00:00,scheduler,2,0,699.9,10240.0,47,97.931
2026-05-22T07:32:45.566398+00:00,scheduler,3,8,8449.9,10240.0,49,113.735
2026-05-22T07:32:50.648617+00:00,scheduler,0,0,999.1,10240.0,37,33.493
2026-05-22T07:32:50.648617+00:00,scheduler,1,0,675.9,10240.0,50,98.284
2026-05-22T07:32:50.648617+00:00,scheduler,2,0,699.9,10240.0,47,99.295
2026-05-22T07:32:50.648617+00:00,scheduler,3,0,8449.9,10240.0,47,111.833
2026-05-22T07:32:57.404689+00:00,scheduler,0,0,999.1,10240.0,37,33.426
2026-05-22T07:32:57.404689+00:00,scheduler,1,0,675.9,10240.0,47,64.001
2026-05-22T07:32:57.404689+00:00,scheduler,2,0,699.9,10240.0,43,34.773
2026-05-22T07:32:57.404689+00:00,scheduler,3,0,8449.9,10240.0,47,111.481
2026-05-22T07:33:03.682905+00:00,scheduler,0,0,999.1,10240.0,37,33.2
2026-05-22T07:33:03.682905+00:00,scheduler,1,0,675.9,10240.0,46,27.414
2026-05-22T07:33:03.682905+00:00,scheduler,2,0,699.9,10240.0,41,25.921
2026-05-22T07:33:03.682905+00:00,scheduler,3,0,8449.9,10240.0,47,111.343
2026-05-22T07:33:10.055634+00:00,scheduler,0,0,999.1,10240.0,37,33.213
2026-05-22T07:33:10.055634+00:00,scheduler,1,0,675.9,10240.0,45,27.376
2026-05-22T07:33:10.055634+00:00,scheduler,2,0,699.9,10240.0,40,25.87
2026-05-22T07:33:10.055634+00:00,scheduler,3,0,8449.9,10240.0,47,112.717
2026-05-22T07:33:17.065283+00:00,scheduler,0,0,999.1,10240.0,37,37.56
2026-05-22T07:33:17.065283+00:00,scheduler,1,0,675.9,10240.0,45,30.993
2026-05-22T07:33:17.065283+00:00,scheduler,2,0,699.9,10240.0,40,28.766
2026-05-22T07:33:17.065283+00:00,scheduler,3,0,8449.9,10240.0,47,112.501
